50000
4376770 62 5671
7055066 44 7971
2981254 91 2822
28907260 20 9515
25760763 67 7671
5741745 79 8087
7463816 97 6981
3407135 44 7690
91052 18 1155
1 88 508
13713212 57 7875
3352129 35 9893
8173922 82 5677
6352765 97 4958
16650438 89 7165
980 3 554
855809 88 2205
3239235 74 7834
1805798 16 2600
7942568 42 7302
16091197 84 8495
1423567 77 5809
101802 70 8511
22173 72 3404
15249273 24 7301
6053078 22 3407
57086 7 2018
3107977 65 5442
1374144 26 2739
17366 53 2797
7752160 94 4848
1 91 213
20560728 77 8018
393959 20 1827
7600940 30 8083
1662888 4 3401
14069514 16 8813
3664031 31 7393
1619478 47 2960
6477873 45 7422
40137327 49 9510
100396 18 1378
11318379 61 6054
142950 34 544
592436 93 3594
592478 31 8104
6324574 24 3741
158316 59 1819
2079387 79 5835
17577533 20 9796
3883938 37 2730
6561139 46 4927
14006274 2 7875
8564371 91 8176
136168 78 3393
2284366 84 2737
77805 67 555
62115 22 3262
8788409 10 4141
226165 5 1593
315442 68 1380
1365701 67 3486
1 98 5843
2357815 58 3503
10962132 25 8214
9338791 52 7247
6521001 68 7031
348029 78 6068
15557320 44 8677
111012 94 667
1755236 56 2348
845313 44 6499
45260801 97 9592
4181879 28 5397
34620769 59 8934
22524 54 3079
1829358 6 1837
2148621 84 3120
6153602 41 6187
2670 29 1128
18455006 81 6031
1705124 51 9523
19313448 11 7567
1410335 91 8415
8097439 69 5698
1291592 45 2842
111520 47 6385
5722574 70 9031
50697 98 2715
12566775 20 8370
391516 84 8552
1270118 96 7503
701591 79 3090
81911 88 488
8653666 6 5647
19317488 21 7901
1162 78 731
7111 31 1831
770380 37 3575
20448 4 5203
299017 29 2901
3217729 28 8479
2262175 80 2183
395628 33 4214
559137 12 1222
3375 14 120
5541 86 1636
1025951 76 4922
16356178 99 7236
268948 91 5941
42105 91 1328
5797722 10 3533
1108572 21 4013
107730 25 572
14263873 91 6139
7219756 48 3783
71744 53 1466
26044168 35 8364
196795 59 3409
19386 71 2339
1050542 75 7712
14883034 41 8684
2486 11 256
140792 62 2701
4440404 24 4481
825787 34 9966
15957981 9 9704
14318 59 2390
10521535 78 9930
559011 3 7451
440590 82 7674
1781 32 5065
221054 61 1771
10357069 13 9394
140098 91 3184
1940817 17 9179
1536 82 157
869908 31 1983
270951 75 1032
2327188 78 5967
3133065 82 3398
11033820 81 4718
6088797 65 4926
20248831 27 9507
21928 87 3229
1057244 22 4545
4471088 23 5470
26319865 92 8112
1500752 31 8636
34529643 65 8584
18370159 36 8768
428541 51 2699
1 48 5905
9230171 52 8387
9749387 53 8454
7544664 77 8558
405130 23 7275
2264649 86 5582
441531 74 6819
21135 89 180
6724834 2 3902
10984288 67 5350
284608 53 939
3349602 47 2640
10080293 9 4512
2698832 91 4966
831113 87 9835
40663 4 5304
5772990 62 6668
19875106 75 9700
1056081 6 6979
672075 67 1807
2512 30 228
6501 50 56
630112 62 9646
49942 35 9891
3943812 31 7453
1153358 15 2013
1579646 65 8143
1 100 151
2482459 44 7288
13971206 52 6305
19262240 82 9948
1034710 51 4119
569937 45 3321
195265 28 1268
16617244 14 8939
10155373 15 8457
31427 92 2880
27658 75 399
1483945 41 4280
1482294 81 5422
7213447 75 4069
701936 34 6109
9826840 54 9568
463811 61 3869
14866144 70 5946
4838710 93 5112
39614 20 680
10066 54 7086
14058820 17 8225
282339 38 1572
1362963 64 4042
72049 87 7976
5837859 41 4362
935753 46 3609
743741 75 4252
27351 1 243
14802533 53 6351
7900254 93 8633
2212403 75 2507
892 2 4126
41972 5 395
82983 50 2930
4354879 53 7658
1023027 88 2680
528493 79 1213
78998 79 547
301850 82 8687
7142581 1 4545
9048927 40 4764
6439494 43 3493
1666403 82 7694
733717 47 1362
8607722 29 8222
4705812 33 3065
13619967 72 8603
3411557 62 3772
15575741 21 5908
11738520 75 5219
4879985 21 3724
352364 94 3730
6938 91 1097
3574065 93 5003
10934961 96 9704
12378891 79 5143
32542948 80 8217
15652106 66 9616
3362732 13 8621
1362610 80 7433
1549602 57 3374
14814929 20 8515
12017 86 1217
506719 85 7241
9540479 94 5107
52296 72 5838
14187996 41 5994
128902 40 1428
1441290 58 1851
11138203 65 5704
1833764 17 3758
10836036 28 8680
1669884 58 5733
1898121 96 3095
347517 80 1206
18876633 36 6492
30691873 65 8585
9239714 69 7024
29109511 75 8222
20014588 4 8611
199110 42 9585
12203 69 4579
91410 49 2719
714594 93 5580
961384 93 7346
3693210 58 4545
294542 66 1565
6879444 4 4936
1124738 71 1578
30442443 92 9464
738564 35 2347
2225923 17 3632
21374 43 4685
20526 12 340
24723972 83 8875
737 15 384
8043678 86 8815
7528168 13 4097
185470 67 1281
1 91 581
58498 87 4582
17893077 40 8621
15454068 36 8168
640643 40 8864
22202148 67 7400
7631275 19 5159
208501 95 882
8392922 94 8450
24781061 80 9950
12000447 39 9009
1035897 97 1611
1360 41 3286
13370 64 302
280169 89 4732
19619119 7 7012
194451 62 4203
23721007 67 8243
20392671 32 9761
16094993 33 7348
31109 7 8994
2711342 6 6406
11256407 12 5584
452336 67 2948
6245458 47 4465
3886574 18 6452
1099 57 218
1 97 501
12604178 18 8443
74346 93 4030
18497741 13 6610
15851347 13 7392
9055521 46 7889
8760460 83 6259
22571274 70 8370
24803329 92 7848
1542466 91 2564
337833 36 6526
1520333 58 3147
6882886 55 7893
32698 21 198
387476 43 7422
4771184 33 4814
2518 11 1086
237384 27 8992
29889 40 1171
1052142 84 3901
47110 29 1154
11090876 3 5528
16687058 31 6262
2755960 49 4134
45290470 10 9829
2551681 87 4406
1139540 2 4748
6896883 82 4790
15572688 15 8739
8132116 95 6241
8033654 84 5536
1516827 64 4374
5545950 32 3663
1333938 31 7030
10823838 85 5167
22384371 38 8986
698500 41 1105
2146317 4 9996
3266537 28 9879
44450 93 216
285019 63 4443
9284034 28 9067
25762854 40 7356
564624 94 1244
8471669 19 4499
4108932 28 7281
7073768 13 7819
17935 60 769
21269067 86 8390
5566361 34 8564
7032446 70 4605
683435 31 6920
1621346 16 3630
8264968 46 7144
29089150 84 9085
15587987 17 7068
856596 40 1852
4397034 7 8520
40087784 44 9191
221551 25 807
9749328 28 6954
7780 66 4744
1486782 56 9882
6792696 84 5781
215676 44 969
25258214 64 7749
324573 12 8408
5402328 26 8581
18821321 52 9720
3665068 48 5661
2454255 6 2272
48766236 15 9787
377530 32 3659
17493429 25 8329
41182896 97 9584
43213 44 1219
402289 8 2056
7798847 21 6016
214824 53 8108
6878139 23 3997
49439 40 685
8873616 89 6318
41587 99 845
20574256 91 7449
7670081 100 7791
14963971 70 9643
3453931 98 8114
9386823 31 9420
697238 35 3166
181 25 211
23849358 52 9707
1945884 19 8663
61215 47 4629
4442471 57 9102
4378053 68 4279
2058 57 3802
2138172 59 8603
9937850 25 7806
41767 59 356
14611764 66 5880
2519263 39 3782
434858 95 2352
11164 25 899
3143456 56 3709
2213764 61 6522
615765 88 1836
826396 23 2752
4926839 11 8969
17828 75 728
319466 14 2988
7467144 40 4917
24282819 75 7149
9055265 53 4520
3205994 29 8379
5822122 6 7993
30282196 3 9118
3781500 11 7374
2142002 3 2212
3045583 32 6562
79745 9 2251
10008 21 74
539592 15 4739
33886 92 799
283109 57 1364
65541 82 9288
320652 75 6934
22618 36 190
2150239 33 2402
403159 93 1599
10468442 100 7870
680747 9 3458
853242 68 4743
132029 74 7577
777255 57 7642
8869675 43 4941
36517258 2 9432
4503638 9 5468
24174 58 885
217288 91 3452
12270 12 1725
23737 52 479
9995567 64 8995
8527127 88 6901
116827 32 9468
10692238 26 4776
253786 88 1429
506712 60 7185
404198 95 1027
5944229 78 9198
3495304 37 5969
1140158 6 5359
304019 96 1731
2533126 94 9901
17749732 54 9172
1 42 2289
36632715 29 8836
4309995 89 7133
564984 80 3812
2289218 70 6583
14116191 95 6323
2849079 84 3821
3044277 100 4441
3751605 3 5892
3982808 43 3622
657523 7 3782
1489398 84 2315
5053437 96 4641
5467825 17 5535
2289173 27 7339
4571345 26 3204
23760942 63 9804
39959318 55 9932
2563952 7 3972
6363134 28 5455
6884607 9 6138
1360512 29 1668
2892547 53 2874
16605962 59 9394
1267571 67 5690
6533456 99 7340
19691600 34 9343
7685403 87 5301
98803 49 6444
30256 63 1101
1726250 87 2178
13246794 66 8600
297995 19 1698
3345375 61 7348
139279 41 9137
14680204 36 7518
39435982 33 9504
4808471 5 9769
433253 2 4320
29574486 45 7732
263703 88 1043
12354988 73 9279
5554452 91 3971
88313 69 7029
950668 69 1310
3361184 54 2641
17657 54 3829
28251458 49 9783
4517675 81 6715
165 31 4818
11562735 80 5719
1189253 52 5435
91056 100 1203
4185440 57 4595
1202169 60 5100
5889 49 779
38567425 44 9532
1008335 35 2279
2366698 82 5226
938615 63 4732
177673 46 4255
341939 18 3142
263241 87 3209
7704807 99 4224
463495 41 1955
12465394 88 8981
33057516 9 9314
2570285 73 3677
686387 18 2433
476584 15 989
353115 65 9946
4134739 78 5822
404764 38 6986
3376930 65 4316
10597169 74 4547
1 25 1994
54073 88 805
7714677 74 4599
66134 77 504
360370 90 4897
1223878 23 2355
15688446 100 7024
18871653 20 8912
3275271 14 6643
217 22 559
97838 47 3163
1443858 49 1772
3030297 94 3107
60579 37 1107
4129005 94 3473
6064935 1 3747
3567159 96 4074
2705335 1 7445
13020604 17 7563
110298 9 2835
1037101 62 6304
3308575 81 2920
7861800 12 9493
158173 77 585
39563191 67 9334
6335122 32 8718
6558058 57 3537
1358176 18 5777
311393 22 5489
26314179 99 8004
30767534 48 7938
248 45 856
23259376 27 7810
2275701 97 9293
4343616 69 5327
427347 40 2215
167236 22 9903
19962959 63 6790
834006 95 7135
4311004 29 3274
2200674 37 2035
12650777 94 5844
14936321 63 6428
30503361 43 8895
13224 62 260
26779201 43 9073
4754750 20 5764
14039875 60 6592
43342 76 8327
806931 85 4538
1449069 26 5091
40048758 94 9861
8674597 64 8058
18822286 65 8216
4369720 58 5542
1346185 89 4461
1 8 103
13944345 86 7273
7000467 92 8445
12735467 96 5104
2170264 48 3340
3300367 57 5987
23157694 4 9554
1545012 18 7916
12523422 71 9330
1108155 16 1455
11245363 35 7888
9220035 99 7737
4054417 5 2902
532469 18 4262
1943282 64 4600
36816339 45 9446
3067 13 202
379980 2 4529
18026488 43 7681
337407 56 1827
287767 97 2906
1017675 43 3341
6344849 1 5320
274858 20 1595
6166 78 1348
150607 6 1159
3125532 36 8867
9207044 90 9355
4268749 42 5720
210408 83 3297
17839081 15 7580
1140538 32 3073
1707118 15 4910
644826 89 2661
35251725 73 8330
1805994 50 6917
249072 29 2425
1947271 54 8536
171739 70 1659
2375338 89 2821
33269 32 1381
1 78 3230
251941 40 1107
292002 60 2551
13303793 81 6092
14250 50 186
18893475 35 7193
33598 36 698
1485585 100 1867
30328 83 2291
3067805 58 2687
2495844 35 8972
523168 52 2409
1383896 42 8963
5901981 41 3794
18019240 66 9587
2034751 34 3498
27114 74 6684
5985854 69 4100
149551 54 5207
50997 71 1083
77138 6 6986
18079255 84 9457
19222391 4 6135
710175 7 5727
1627472 23 3923
51738 10 8489
4533 75 616
9340226 40 5572
22017 54 1543
114882 83 776
8476920 51 8351
1668584 45 4736
1675027 70 5695
7998533 99 5943
1457309 35 4448
3034657 27 3466
154918 40 1025
19631941 56 7396
987048 33 2229
3378590 22 5487
7293375 91 4870
37719 36 643
6414961 58 6626
11686965 8 7413
15395901 66 6092
603426 29 2608
1 43 2021
583976 78 2598
2235980 28 4478
2692738 19 6325
92513 37 7207
4717340 27 9068
335298 59 2946
681273 53 6419
3924868 68 8609
3231408 65 3406
79475 58 9095
944624 99 2454
253 25 2936
16884658 92 6215
4244285 74 9793
1642873 91 3591
488 62 928
17687867 26 9659
1319364 8 8753
6888007 18 5957
2461162 71 7286
23927 22 1771
34970331 27 8278
5763 5 2176
18603019 70 8688
317888 85 1086
1730783 51 4324
1153266 79 9330
16677797 82 7427
5295996 64 5503
1675880 61 7115
1837946 73 6530
6401432 90 9617
1004237 81 2523
278917 23 811
3065775 68 7074
5327690 59 6035
955943 18 3325
23986 27 2588
2299348 14 6485
113865 75 1614
11537188 3 4790
7573256 70 6624
59418 6 2876
13567085 98 9896
1949896 92 2909
233877 73 9844
3410622 100 6387
4818683 6 7539
5215701 10 9519
73 100 9246
67132 99 3864
198378 86 637
27980100 67 7459
1619604 50 6183
1975529 2 7572
12853235 29 9112
7265504 77 5247
29182679 48 8522
5794673 56 9238
14669 58 392
31464441 38 8756
3422984 43 7756
2961803 15 2416
16844532 68 7999
161463 91 1265
1361672 40 3123
29254122 86 9087
24398 95 555
1386520 28 8301
6932856 43 4684
1976504 91 2029
1 57 2637
2820674 88 6114
669610 98 3321
402436 73 2235
4148883 82 8422
11899448 86 5036
12616 14 107
12126453 98 7568
4152123 77 6674
27227357 55 9437
231020 67 1084
1049584 91 1511
10184385 14 6670
4161828 36 8754
1 97 2541
683680 58 5889
317121 9 1964
118514 4 484
35906330 46 9387
25265 58 1643
1379401 37 1847
19292 22 651
545297 20 6269
272171 74 1773
12114231 2 6155
6333425 28 8771
38748632 54 9367
6706194 66 4366
3358439 23 6269
765561 76 4232
11538415 90 8955
832425 40 2491
21026520 72 9403
4828246 24 9648
20761839 60 6563
1623669 97 7732
26184136 25 7152
130222 34 8783
97660 85 843
16176398 22 8144
32439130 23 9419
119861 44 8738
940398 31 7902
11495 13 1640
8710163 50 6268
20026434 7 9866
15972284 34 9583
13392090 79 5561
898992 41 3733
8896853 92 4466
2593182 9 7587
17393999 6 7504
20044918 67 7368
2130654 85 3649
4655912 40 3584
340828 92 1016
277602 15 2653
1206596 4 1677
889873 80 4632
91821 74 1081
2180551 8 3455
649233 89 8740
1118869 8 5025
1675482 74 3816
39327 72 6502
6155425 5 9412
292150 67 3124
117227 43 9406
399450 90 1291
22945 74 158
14882312 86 8918
4129816 40 3964
120113 32 9822
1 87 2549
788710 94 3159
1320118 68 2938
4310918 73 3767
8494718 49 4130
13828631 70 7103
565911 36 4028
2764265 76 7089
10472839 95 9410
116866 60 1101
15771671 80 5715
21583827 74 6651
44943743 36 9476
58823 72 1959
25283352 62 8463
513676 72 5044
8806176 1 6147
322930 73 7106
3565131 87 9829
1454125 79 6061
217545 21 2627
24790 97 3935
347040 15 3610
19430606 28 9773
2228324 18 7791
23582818 83 8589
19010956 41 9984
197879 93 4319
10342572 11 5501
5883044 30 3724
7928923 21 8377
4215601 1 4146
68366 74 1029
79 51 871
46565 97 1489
498743 59 2475
33832591 53 9073
1 7 912
1 68 453
2218376 87 4040
35749 48 9682
205563 26 3769
1 5 8097
13836 2 9227
10798609 78 6483
10027946 55 7098
2584412 78 4566
7752355 79 3928
14198208 15 8585
10142675 9 9907
8137759 81 4885
44863805 23 9671
1580764 52 2885
1430832 65 7800
10919398 59 5803
3625439 54 3192
3221833 91 8671
4076893 22 3367
3638 16 3395
2860356 28 4945
2962424 73 4105
2524013 38 6948
56940 57 5513
2714408 13 7049
35879 54 927
1342756 15 4555
267576 45 8279
18481371 38 8260
53221 60 2675
115974 93 7579
11528460 34 7651
1172110 97 2723
135096 87 6870
3911 6 1060
2987554 57 5859
2842022 8 6948
10846525 46 9448
37049 58 5505
47395 16 5768
440864 2 5423
125 33 251
348029 68 3232
75657 19 387
29414 38 434
27378036 95 8798
299088 33 1044
5828855 1 7983
7999951 96 6613
1549328 57 2970
924149 83 2515
62760 52 6482
6754455 51 4439
162030 44 3634
1873574 39 4848
12424 43 4648
1227306 29 4756
3398182 40 9051
6552554 12 8815
1115189 32 5766
763564 38 4413
417308 22 871
1886645 31 3078
289937 35 4903
1 31 6198
17586 58 6059
5802810 16 7798
14243902 79 8598
966661 4 2284
544060 10 1832
15934430 86 5686
103185 4 3307
727042 41 1736
1885530 96 7742
33080337 58 8856
19774089 90 6903
881 14 977
572241 67 1763
1119810 49 3754
1881515 64 2156
9618031 2 5638
1605058 70 1730
6496944 96 5429
77640 60 1159
909289 17 5767
1103003 37 1851
2803852 69 8036
1204029 34 2746
636538 44 2857
56006 78 9427
10129483 50 6082
121 64 86
4178517 2 3290
26555 62 231
35099361 75 8781
3219036 71 2838
33083243 96 9221
42320470 90 9521
370223 28 1856
13238717 8 8775
8637985 75 8408
498866 16 5165
5706789 74 4026
34293826 8 8500
3570373 78 4490
1985509 97 2982
80220 67 749
464416 86 1156
22352704 98 9219
7385 8 4222
46348199 69 9982
365010 50 2878
2074255 85 2484
8261546 56 5494
7170680 39 8181
2450386 36 3230
28377 34 709
66560 52 501
13042313 41 9757
4661677 14 3293
1375714 85 2748
2610 89 791
1316981 71 3624
9680973 91 5080
27311659 69 8496
58777 39 1422
21001321 92 9411
10224154 34 5062
89581 16 4834
9153940 28 8363
27839315 40 7696
7621978 94 5257
9670229 13 4527
460369 43 3562
15029060 58 7883
13630 32 1891
440370 88 910
511137 97 995
48788 33 671
5803310 98 4324
26657 49 142
2533993 51 3519
1 84 3357
7319443 30 4637
424624 99 1855
9022492 71 7110
6610504 20 4913
1554 100 136
5229329 83 4481
23090634 63 7728
1327715 94 2083
11757203 38 7909
13734 6 79
18952 82 263
253295 39 4242
17927211 27 6846
2744960 95 3396
10618786 42 9202
400808 86 2689
853530 32 4895
2400813 56 6222
112710 28 2483
49846 26 7566
6379090 46 5275
4950 4 2967
217997 17 3083
10055138 82 7123
30081968 54 9287
331650 3 4345
1131041 30 9500
14111782 14 6622
69518 42 9291
75659 65 2416
26795384 65 8097
6236301 3 6398
12389801 48 8137
569353 89 1142
63781 10 2827
24376009 71 8324
1 88 2414
3449430 89 8980
92724 42 796
48046 32 1001
1906026 53 2877
12282002 99 5831
43010124 40 9661
22541340 2 8237
206124 86 1232
44326929 79 9536
425045 73 2746
14250918 81 5707
4744079 41 3345
236022 72 2162
1 52 52
2701453 78 3918
166536 62 7669
10739755 17 4823
781183 84 6099
21694268 67 8694
11911755 20 7716
68873 19 1704
34208645 31 8458
1843896 70 2904
7505318 83 4613
18119467 90 8153
7814586 53 8191
1491300 80 8217
425068 82 1179
24933701 71 7204
4608669 42 2989
196252 52 870
592346 66 2295
15309365 44 9412
749523 86 4015
11 2 2800
1 67 5933
56616 53 2298
2181206 52 4656
2080916 11 4277
1803211 28 3199
608507 40 6525
1313023 16 5591
223835 82 2720
11129178 10 6270
7062251 92 5871
11445591 30 7755
32087 72 274
5361861 78 7754
532962 89 1014
4448695 53 5278
6121325 15 7832
71749 20 563
2042675 15 5329
450439 38 1272
1587253 25 2546
59361 56 7885
203898 16 2007
17311783 58 7389
566158 45 3401
911238 37 4546
72195 56 475
405828 86 8197
5588335 62 4768
81838 64 769
25082892 96 8869
763420 60 3913
492397 73 935
33380379 23 9739
9947711 32 8063
5458 64 8905
541565 22 3041
793881 4 5890
2959054 4 4480
11197 7 846
7761391 70 5179
16332587 74 9574
53555 32 1469
32797773 68 9895
3736 60 512
353592 62 3944
15165722 2 5584
4825889 21 4538
71393 87 290
384624 89 5483
7107233 13 6326
18927950 31 8542
28 3 104
249941 56 794
4019932 22 6673
4813496 97 7245
1003057 55 6555
11609077 1 7301
764540 74 1224
81386 87 2570
187258 25 659
4444883 91 4923
7122265 6 6779
9257 52 3563
1402067 41 3384
1512 22 1256
6395949 11 5504
151053 93 632
2194798 3 2094
1 16 1904
52459 66 2360
1 90 8875
8574662 8 4483
3599245 36 4166
7341 71 1500
13388448 23 5481
13675855 95 8288
53 6 751
17133 48 328
5880259 63 7889
2224151 72 5859
1 34 5846
1872105 96 2396
17314399 82 8063
12603575 74 9402
4008651 40 3937
22042049 26 6573
17355688 54 8765
33497385 58 8203
2696820 64 5330
2098111 38 4143
2831203 31 8320
37394 86 2196
8936263 7 9531
13423827 11 7202
8766262 58 5117
121649 94 3266
186418 42 2721
1087911 78 3994
11658088 78 4855
3957759 94 3020
9279724 86 5807
10346741 3 4667
24221957 62 8474
3521322 53 3879
637873 83 4414
397381 82 3372
6706646 16 5440
8675 40 7672
320030 67 765
2169713 96 4590
10015790 78 7496
5791371 84 9879
2792591 45 3438
315890 9 1008
280863 51 1074
8702533 82 5166
491470 96 2375
12634495 10 7233
8575 72 9575
3505441 81 2815
1 65 1539
11529388 13 7007
1556104 74 8943
12599676 37 9621
438741 78 1765
117824 49 5839
27866643 1 7509
3252 1 2598
97477 72 1386
7842490 93 7462
124498 28 2593
454436 86 3589
6605392 51 5459
71355 83 955
10563016 9 4605
11122 42 2331
213890 64 9992
6107065 62 9143
371559 36 1162
168130 62 1195
13793 63 1656
5825002 31 4314
4539883 22 3027
2924082 85 3171
1149765 51 8455
7774613 86 6599
721083 14 1121
38729 86 4575
8913555 27 6532
2701347 21 5278
477141 33 1919
5806 61 63
1159166 75 3770
736953 98 3492
1 76 355
1501170 43 5885
3361210 32 2688
7746898 86 9554
87 15 5336
1100223 26 2834
364469 49 1008
2004466 72 2808
1725215 11 8266
2394646 23 3854
1160104 61 4083
156344 98 7293
18091 50 115
15079750 56 6629
7954306 1 5091
9970 97 2899
1963196 13 6794
1436594 93 7365
9690041 65 8332
204883 58 759
9674078 27 7029
1529613 71 4168
6348542 77 6329
2669784 36 3214
6652557 46 3693
26139558 36 7453
237839 79 789
631266 76 5616
131096 5 523
21000447 35 8209
1768986 44 7958
4513 93 3654
2892255 99 8060
12236797 30 5944
354944 29 1170
14813 74 437
41814 48 1917
3561698 54 8281
5029626 6 8725
1265313 91 2520
126828 5 7515
2923 28 69
1290854 6 5733
20164999 5 8659
160300 26 2403
3349236 60 3602
15450571 79 7266
256763 72 1493
775876 71 4691
56611 40 4182
1168240 24 9334
2779518 18 3500
222678 55 1143
1 96 3188
3182102 16 7113
23542 66 6660
15339212 45 9938
9808632 30 5178
899995 52 2152
10431954 62 8828
11352998 34 8369
7929757 81 6661
2654373 66 2970
16704265 17 6926
2365193 37 3325
34250861 98 9615
3152946 56 7457
867715 49 2600
2454 34 3958
741729 49 2779
14105105 58 6442
24444038 34 8413
4658484 48 9105
13054289 77 7059
3408304 1 8610
24356 42 459
42989 57 799
80873 73 712
21527275 66 7396
35982 69 260
33462708 10 9265
529 14 672
1235578 71 8997
3244046 14 5145
64787 14 549
7836 35 549
277112 34 1438
11089184 15 8322
10734005 72 5999
7988186 6 7224
1227487 98 8835
399903 26 5369
5692506 85 3699
298812 71 7825
44608 44 2748
26986934 96 9886
38140 70 347
17738868 82 7791
80935 42 3133
9300385 65 7052
1692 41 1759
5382223 87 7706
107357 78 9184
573919 60 1388
15402 15 272
16325782 97 7191
23043856 90 7358
280155 6 3414
92363 9 1383
438893 36 8368
1334479 56 3999
1542813 66 1953
537931 18 7096
5069 37 72
17750801 83 7112
3152914 87 4811
984 36 4981
1 72 1440
427062 65 8223
18969251 100 9174
1305148 43 3431
825992 99 5676
8803847 98 8799
287731 97 733
28189086 90 8243
6875374 48 5339
21387248 19 7454
3731600 54 8347
66141 40 590
1079839 3 7052
1507803 31 9036
602854 49 2614
47045 9 9996
2779029 73 3363
1110199 4 4542
5643090 59 8581
8241195 85 6882
768273 83 1627
43191 53 4386
4207 35 739
4560298 8 4159
15105 87 4876
3074355 30 7554
14573036 90 6468
2281958 1 8672
12007 22 963
1894378 30 3607
13104337 1 6749
320 26 76
13803631 17 8329
318993 55 3323
45722516 95 9544
488957 45 7695
2288694 74 7130
29234548 72 8974
33788206 49 8217
11921 71 2173
6837969 92 7942
27797548 54 9475
5430725 58 8017
1892494 7 8191
16633 97 481
11569 35 625
626986 92 3714
305506 94 1504
200 14 4462
74435 27 2195
31097988 97 8669
96967 20 1797
480389 55 1879
2200385 1 7167
19803129 29 7474
136037 31 6553
701800 15 2381
4063590 69 8889
5604093 13 5026
1044524 68 1931
2004713 63 2448
18593145 43 6056
6098709 46 3558
2236346 14 2687
11353431 33 7571
14052 85 479
22518046 4 6679
12471077 16 9141
150039 12 1827
13951917 78 6883
1894694 25 1902
1325302 53 4072
310254 44 1244
451088 87 1935
27695 59 2008
222218 12 2962
623791 92 1050
2296105 43 5570
44418 32 1921
4182966 9 2808
1786049 33 6022
930246 55 3432
2389 57 289
1886701 67 2850
1451437 58 4611
33160 42 550
15641636 75 9615
168801 79 6730
3088288 89 2912
5180718 100 8947
32961 95 4665
8478 46 267
1383108 82 4629
29225555 66 8216
15301 88 536
7399551 15 7172
1 51 234
1152321 66 6715
316746 29 1130
809862 35 2369
2374 16 2163
21594796 42 9640
861439 18 3513
614174 33 9223
6884118 49 8455
1069860 77 2945
5063 66 3225
1 61 1948
55925 88 1438
4916674 97 4981
13164207 67 7604
1225480 35 1641
300294 5 5956
20062730 78 8249
230592 50 5615
2164206 5 3667
4145695 32 4664
13794148 28 5382
218394 66 904
1132029 90 6282
2425 36 2783
1024153 41 4423
1368673 71 1742
2630 8 291
718823 73 9068
1654561 75 2196
11101877 62 7835
5832540 82 8309
11128730 93 6493
68135 22 8228
25098 12 308
8618381 27 8037
174277 58 4643
41806 61 3337
5795736 27 5104
56075 15 1481
5983619 17 9993
373671 66 2825
5383300 34 3499
614832 41 3516
5585037 3 3877
7920542 29 4893
910154 67 1838
9777 20 1268
13770689 41 8259
686208 92 7953
2269313 11 9884
1285 57 6960
1837873 44 2994
2897397 67 9635
801 9 623
358250 85 4423
299681 89 8716
2844413 20 9311
14538729 99 6691
886257 70 7385
9642 88 1080
1542372 92 4855
63285 61 6704
8117306 67 4749
29664245 60 7821
14927825 92 6444
11041 96 6788
637194 5 7636
14987414 88 9890
55810 72 7264
45223665 13 9953
23185718 80 8068
222759 74 4863
390745 4 3158
2185152 59 9933
1 84 2299
1474432 74 5728
5749778 25 8892
26508449 9 7782
18069422 37 6436
2375892 57 3198
891737 45 5757
292773 92 3272
122581 81 1592
6922823 87 6917
5284953 32 8888
18451384 100 7497
4274062 21 2904
2049213 14 3826
4060789 3 3596
988038 92 1431
288500 76 7635
198695 15 3643
28775 51 6855
12915482 64 5720
1026766 1 6813
3519645 98 7833
2139809 30 4268
6144 26 210
277633 50 1204
1841460 5 7950
1 35 72
22569 99 2233
7482404 74 7012
2345312 83 5173
546117 87 3712
667608 16 4382
859643 29 7662
4876541 45 3708
1017094 78 5005
1483932 47 8093
5455798 34 4108
1092029 85 3869
9888049 33 5651
2015496 17 1910
210836 2 1887
1695751 49 7230
15346165 63 8637
422534 88 1796
4794658 53 3402
9035847 52 9910
1 88 6111
22565024 20 7250
4396706 68 3653
8271 42 75
604465 98 1102
30448860 80 8795
19904872 75 7617
738630 87 1611
13133 11 509
430556 95 8461
1114297 64 9318
544819 48 6026
9675426 22 4664
35472401 15 9862
5288288 4 7684
1369122 36 9274
52930 97 715
663329 21 9816
7696119 63 5138
21861128 1 9381
4636542 74 8060
7319019 67 4388
795348 80 1579
26130003 31 8774
4619115 19 7131
709248 87 5581
7588120 57 9832
8386598 100 9230
15600365 31 6471
43527 67 2532
994697 85 7737
2802318 11 2751
190943 46 4997
291988 66 2150
375271 3 9177
471087 13 3720
237295 12 678
3625112 7 7587
167242 92 6682
435549 25 7782
7384876 81 9564
12419638 49 5573
40807605 91 9019
3005604 1 5758
40620005 5 9859
18242671 60 8885
347052 68 1257
324289 67 1147
9362938 38 8555
2988641 69 2761
6292749 97 4032
2145055 39 5477
572321 16 3098
17708785 31 7357
3076750 74 2850
345531 65 801
1942033 94 7137
11304077 93 5472
368438 65 6693
48265 50 760
12813149 36 9001
14900546 25 9083
7567898 39 8960
7312640 34 9790
1124963 75 7774
3820184 18 8848
1140100 13 9522
515892 73 1054
246807 36 2235
1690155 31 5698
2418610 5 3609
20055 51 1603
2387884 64 5364
22723 79 193
1481977 67 8276
2060399 77 2369
3784814 32 8961
1 82 104
3099281 56 5652
47 72 110
182151 22 8342
1041119 18 2303
4830673 33 6256
2263950 100 4875
699838 78 3639
4546 9 3249
5329336 11 9160
14046922 82 9014
2964813 62 8999
34204750 21 8285
5945271 75 4271
34280520 11 8419
43379624 68 9928
48475139 87 9879
643706 6 7400
1581791 60 4441
25915912 13 7289
15710833 58 6151
282131 60 1736
29835 74 5048
10881284 100 9055
2580967 71 3756
3854907 31 5174
22432831 52 6653
355645 20 2226
1298935 74 9114
69927 44 1807
999173 99 2349
2426 82 9347
1935554 32 4872
137665 69 4731
15458212 1 7908
19252200 79 9469
565958 33 2677
7211 75 400
15092925 3 9599
2068165 10 2157
11823 16 8652
75199 61 6423
3768057 43 6287
4528664 31 3546
106783 27 502
3503569 34 4801
4795306 27 9490
69627 61 336
242751 23 1707
8832 46 1893
1612591 68 7252
179367 89 1192
25489 100 271
2890029 29 5291
77522 22 8562
2024148 85 7252
17838340 71 6107
15361592 33 5632
6610104 53 5131
5710194 84 9949
833016 96 1693
3306956 90 8395
800754 72 9303
9413858 3 6586
21905644 94 9528
24670033 69 7577
5251747 73 3585
7551 92 2216
52614 1 265
6336584 99 3732
6738732 12 4589
1044769 4 2769
87563 2 696
1205 96 6897
3088930 22 8896
6806627 47 9751
8917912 38 5226
1265544 52 3193
9545366 94 5241
19296052 83 6452
392153 81 910
22169 50 2563
9137747 63 5257
15305661 52 6318
265458 4 849
2021756 27 2978
2558297 46 2788
488574 47 2098
276092 32 4311
1390400 71 9176
19297180 4 6180
2741468 64 3393
17798 79 888
31362051 49 8428
77947 32 2257
10583 26 3679
8786589 26 7748
2412140 63 2578
7188584 49 9222
419225 36 2180
10017124 63 5335
240591 60 6561
1329 52 657
5488387 65 3516
2068974 98 5165
193964 91 631
858 96 2411
29770 95 193
2284193 39 4483
4436263 12 5124
822119 61 9587
2381312 63 4381
417233 51 7796
27787 15 1043
5943035 73 9709
11012096 47 6859
11759407 95 7978
12775383 58 6754
1 55 137
283220 73 1721
9176025 91 8323
2141272 92 3374
554698 56 2485
364423 76 4187
11647008 97 6165
271571 34 3414
1006715 55 3312
2673876 80 7431
16862511 66 9141
2945594 42 7943
8939128 85 4394
247070 80 5584
4796 36 44
95074 31 3722
25391631 34 8154
3012084 41 4188
2286255 9 4735
1416992 28 2624
5979036 35 6790
4728002 77 5027
896161 10 4714
566967 97 2122
1703070 86 2874
654273 91 5197
34837110 30 9427
33090487 91 9666
9675563 87 6369
83952 33 9893
3409428 20 7681
8315511 21 5849
14170818 52 7716
18210 96 4470
15385429 82 6543
352844 65 762
152229 8 2562
7759429 16 8681
261578 75 1440
628177 38 1835
10847563 95 5521
14844073 62 8156
11430551 21 8207
16733981 31 6534
539676 9 2501
6607694 57 6607
8601336 35 4700
1 14 131
183604 43 3420
4332270 85 8944
37004890 68 8565
4658529 5 8963
19887000 39 9203
2958008 23 7967
6552428 83 3628
100408 84 411
5527980 70 6360
4805005 71 7447
5762034 83 4397
2358477 23 2670
1608238 6 2431
26701324 4 8831
1781021 97 4113
13001821 69 7014
60442 93 474
366436 91 2846
450582 23 9593
18838 54 399
2439077 45 5154
5537208 2 7241
2675552 65 9200
833560 54 4222
2182116 49 3338
7327967 49 5735
801448 26 2031
26693941 22 7876
50355 93 2613
398382 3 5096
2149770 1 4742
94033 92 2527
1256268 30 2829
14157491 58 8699
454609 91 2520
11676934 31 5258
1 95 128
5535799 91 8844
2131 37 8570
8586795 18 8331
5104019 80 3892
13684342 50 8314
29723 43 3437
218194 66 4108
22538735 12 7066
230578 33 2197
2603640 91 8228
10244997 41 8822
23240 76 2226
28797011 48 8310
1201610 77 5322
452674 81 4994
6332429 13 9920
2577842 59 7591
7391245 100 5968
2737909 69 8497
17373292 28 6454
5758716 41 6085
4347849 25 5856
535916 14 5995
11707449 54 6213
769677 17 4374
4423728 94 5418
4357164 26 4337
21902 61 810
23057511 58 9161
27849882 72 9924
1702040 17 2932
17047 47 6630
15805918 35 7767
1363953 80 8357
524293 64 2280
364550 54 3895
1611529 55 9650
280236 39 3404
149165 2 3103
62217 59 660
5535354 82 3927
1343900 40 3447
1126517 31 6434
13311954 80 5567
3967550 21 5192
1182674 56 7205
8928670 78 8331
21628252 73 7785
1 91 944
1 71 7787
26389912 17 9709
30038677 34 9758
1 66 1516
34728766 94 8691
5600922 100 3642
1661788 42 3662
2352128 21 2076
112 54 2973
29084357 58 8345
162161 80 3344
6284382 58 4195
11478834 34 7288
9570599 65 8688
85404 33 4800
912601 69 7373
1428624 86 2975
180207 87 1730
706392 34 4950
33429095 47 9955
3489677 17 5734
23203193 49 8452
1 96 205
36732695 35 9110
1342729 59 2075
315134 47 1546
35895012 37 9284
1 94 1637
9671508 27 8261
1 87 1277
17001074 36 8415
6054592 98 3477
904902 11 1473
109968 100 922
9882025 26 5216
1273452 77 1864
6870910 43 9809
4217672 67 2827
4633296 79 6695
12616366 36 8966
285792 38 1342
3299243 92 8749
14788439 98 7713
21599171 44 8316
9596281 62 6775
1911434 29 3024
365793 2 2319
3388561 36 5853
743612 88 1170
1378 15 743
16634921 75 8901
1717563 21 3341
12455101 73 9805
85392 15 401
1278417 89 7885
11578007 97 5443
1970655 6 3263
1002881 13 2451
1001587 48 3518
445276 100 3330
2967127 40 3020
984590 14 4287
59229 34 1371
489000 33 1111
248169 100 7404
630943 20 2038
2991943 50 5294
1566424 26 8759
25461191 25 9613
5931043 65 3411
50514 15 995
940906 47 1754
107674 8 3591
17144 94 9313
764958 80 8562
12203563 72 8586
8816774 24 6100
30578165 61 8100
1033827 76 3385
1388530 95 1605
4217717 90 3425
192781 93 5104
10094856 35 7034
29346249 34 7649
36115922 78 9815
1804840 97 5478
28959 77 639
24693192 54 7455
715 45 138
192188 70 1155
723245 11 6670
3017418 21 3001
12479229 20 5573
22989322 53 9522
1 72 3155
92469 85 2304
546572 6 994
89605 72 549
4780143 38 6232
13787604 74 5454
3962484 99 7016
2713440 93 6082
37077 89 3252
43253 67 784
33391518 34 9781
1227487 17 1691
4708 3 293
18674338 39 8925
29503 59 174
908438 23 1477
6243006 40 3671
687563 34 2515
21948826 43 7075
1 78 2914
25172299 40 7578
193733 83 2363
10665270 95 4883
677878 65 2257
9055347 58 5204
355855 84 1985
178614 92 2966
723211 38 6093
19163 85 5459
648337 13 8482
1 8 311
36 18 4169
15928134 26 8591
478203 12 3532
11753083 13 5614
539693 30 3387
5286361 24 6729
279789 4 1177
2708036 4 3852
10159390 34 5614
1 84 9061
318605 66 2265
53351 81 5508
16081249 28 6829
813100 34 2544
39340199 74 8774
5491804 43 8561
16523486 26 8759
10847680 65 8502
1261026 52 2713
967157 53 6010
8883147 81 8571
8548696 66 4220
9561222 44 7727
659260 65 2546
2649364 46 3762
2537456 97 3795
1818991 91 6654
23982271 96 9328
13735 85 1834
917892 49 9044
1832109 80 8056
6298357 100 5844
8353485 55 8369
13917 32 1494
528380 41 6329
4873658 77 3222
662322 77 5896
2257941 57 2292
2680416 94 7364
43489420 87 9438
4856587 9 5162
7611963 64 6484
1818829 64 3336
159009 70 2968
4996620 7 6089
1 41 364
20308 2 267
1431446 37 4145
10893840 14 8567
666085 14 5198
10225 3 2743
12603053 15 8629
2404278 39 2356
1318258 37 2432
84471 65 1578
996855 39 1848
5243266 71 6304
469896 64 8963
12745594 31 6529
5496105 28 3293
608047 81 1214
1752616 44 3972
1310479 8 4150
4717785 47 3714
5518668 52 6541
2844442 44 3534
1453792 41 1633
24643876 51 8241
11600082 27 6633
15346679 92 5450
3770258 5 5056
6984478 22 4751
148193 35 1153
139137 17 457
6602534 15 8799
2771243 18 3034
20398 23 379
95864 4 371
19996092 10 6480
1134613 45 2022
877747 11 8443
17449460 73 7321
1 88 516
172674 23 3353
18061034 59 7706
6914145 49 4924
7516171 28 6804
28751997 63 8944
50160 93 793
59570 90 2330
226966 53 4499
549831 19 1071
22639837 83 9792
2847395 98 2770
19912950 6 9100
413132 22 3686
733570 91 8841
667473 82 4038
3550623 32 4952
589011 49 5672
4961 73 2707
369 84 404
17004803 97 8948
605072 35 1672
11444385 93 7794
19981037 57 9576
86213 65 2191
625880 17 1379
18824 7 431
268294 12 2888
3360019 51 2742
877812 43 2027
3152098 16 5362
3772526 75 7856
7208 58 499
4377414 46 9306
6960048 76 4051
2160025 33 1982
159786 11 7784
4158253 100 4250
1 78 134
931750 37 1497
12952 63 125
6863421 15 9000
3424473 68 2577
11051927 47 8968
61043 71 385
554699 26 5098
11773165 37 6370
2578188 9 3447
5597844 73 3921
612145 69 9173
383451 76 998
26 2 1795
3780828 23 7789
2943 6 2323
225106 91 6290
4594905 65 4440
7620070 58 6047
25787966 11 7317
8036693 76 4259
1148195 9 4486
199206 76 3097
1994 41 538
61618 49 6463
542 33 2068
549974 33 6601
72602 36 2473
3578042 31 2860
552870 70 9613
3038917 67 2643
9881037 85 5398
5463486 40 7555
54358 68 663
1724227 9 2780
11690875 94 8050
922086 16 5123
481471 13 9308
186556 61 943
7000670 40 9437
361145 81 2228
527464 86 6725
362605 35 4799
608238 48 1823
7763216 3 8888
17785582 59 6359
10234139 17 9870
1154707 20 6824
1361541 1 2200
24397 55 369
2374690 58 6083
1253026 74 4956
6224321 14 3448
1152702 54 1799
810406 66 4177
3793558 40 9852
14520096 32 8830
6239519 56 7472
21292 78 1975
6328379 28 6616
7724707 66 8761
122564 72 1834
44461 61 901
65451 92 4100
11149708 24 4911
552609 39 6155
12646961 71 4936
1979 36 2361
1344557 5 1734
9383520 55 4355
60379 10 1382
1349431 62 6074
18423901 2 9415
3428828 58 4475
2155 5 5016
8088799 22 5135
4300975 18 4094
1364332 30 9367
3011373 53 3285
5272945 63 6104
29530 86 264
3899133 61 5803
3693896 75 8209
3372904 17 8013
3763 98 816
6353 9 2179
71199 39 5860
2270944 92 2135
444883 25 2352
8279071 40 4043
50426 3 9682
358999 79 9549
2189379 78 5976
4679551 36 6992
1 64 5915
386893 47 4324
423486 19 845
6725444 7 8514
480535 85 2343
2532424 20 2415
35783097 22 9595
13282178 45 5683
209500 66 2581
527239 15 5831
2364249 35 8076
7451210 36 3998
7871602 72 4431
100465 34 5852
38202 67 706
3157587 37 6341
5553 27 257
114650 94 2011
1 86 5610
18362393 32 9456
1190905 65 7796
14867841 13 8823
548367 22 6201
21124 21 201
317789 90 905
280467 5 1299
10914716 71 5111
42035 95 324
23335280 100 7598
21237763 85 7956
856302 16 6698
9266517 89 5949
2759708 54 2654
849283 16 9144
3938775 8 4263
403926 77 3332
12462 27 1682
998986 16 1790
1235202 68 2094
2638602 72 2698
386453 66 1942
380000 64 1105
13701 66 91
16280255 77 7950
3943467 46 5410
421216 10 849
121293 30 776
3785673 30 3435
8310830 27 6553
776902 80 4413
65295 45 947
25552 73 652
3068562 21 8206
23127578 43 7122
4484479 9 8138
1019628 90 2914
3258195 25 5408
619018 33 1093
1 69 9419
24779370 83 7590
27069594 79 7688
142047 54 3488
1111609 84 2324
4222334 22 2909
975091 44 4063
3085653 4 2570
402460 16 4781
486469 12 1060
12462102 18 7496
2051572 76 2337
17617288 61 7309
3509306 42 8664
5801839 62 4061
860849 17 2929
7598335 35 6926
1515 64 3456
4217917 38 8260
1 55 2063
44184644 49 9855
662615 65 1247
5276368 23 6677
4308960 42 8974
1 99 8390
985058 53 2119
4741536 33 5599
580247 38 5002
4571949 70 4293
34450356 57 9440
115227 32 5048
1763373 21 8806
9252520 52 5844
104646 85 3763
6014 65 170
469583 9 2191
1 62 9368
233464 87 7037
1868077 75 2659
179759 73 684
7563640 49 5195
11991447 30 8958
3488629 51 4806
3836849 44 4286
431602 82 1067
14079 94 587
4268 95 8975
30547588 48 9992
877421 4 5330
346142 23 2608
8006456 70 8110
4574394 24 5138
4138129 59 2789
19838792 31 6646
28428537 83 8397
5916755 48 3629
3767347 33 8588
23679436 65 7206
3726723 78 5559
24668677 93 9337
1408973 22 3439
32523056 28 8061
979654 97 2707
4477017 39 4643
5422908 74 8267
3110720 72 4247
14433784 85 5876
447175 82 4723
16009932 66 7376
228359 82 2020
181751 15 2105
6212892 56 7134
986808 51 5801
1362596 62 1940
18918542 7 9292
1820096 39 7163
15091 34 2584
1039505 14 2317
13827857 78 6465
12075202 21 9718
2245329 95 2791
611131 45 5668
11712058 6 8454
1757951 20 3363
1313869 5 8787
17759043 73 7880
1202285 50 8974
13493 39 6578
36924 85 1385
1 42 573
1833409 35 4825
3836483 99 7293
426047 86 2979
7283 88 3536
1536521 56 6871
7726 65 842
3878228 9 8950
695136 91 2380
36848 37 615
593434 93 1807
32217 57 1557
3808667 60 6183
6931379 13 8570
343720 33 1088
1 31 107
29870515 35 8340
36700 50 6131
1434181 76 2250
18191459 93 9713
5701166 16 8150
19226 85 7300
1 64 2271
20177679 95 9368
4158828 88 2938
1274080 31 4757
91839 72 1480
1412988 43 5792
10172909 41 8770
48314 40 5781
4864847 97 5094
12473758 95 6100
21653 59 1372
55144 47 2642
2563023 22 4424
104733 97 2980
24051191 71 9658
3950958 72 5788
9409 23 71
46638 44 6783
29632322 73 9850
2318056 94 4831
18684417 93 9239
12814167 64 9387
1994145 78 5797
1812522 76 5930
17598 48 1984
108756 50 846
4272503 46 8553
195141 61 2746
12303184 75 7491
29115052 35 8193
66030 91 7477
11840523 99 6230
5375972 41 4772
136600 24 4006
6252556 86 4658
277830 86 5215
5988391 52 7111
40376 29 2567
39711449 88 9207
582869 2 3785
157842 94 1594
131259 50 7752
672465 12 1908
4650119 24 3408
29288747 89 8298
661340 77 2615
8607567 95 9584
14150242 59 9973
2062 51 7548
2175256 2 3852
13713769 12 8092
12336603 53 9229
35047500 17 8838
7379724 82 4229
8597 57 8885
2935713 2 4771
697237 72 6870
112187 18 3718
6380090 25 4203
2032072 95 5423
3947914 55 7534
637215 39 3469
84535 17 3453
28842 96 5607
2552622 61 4730
18868601 37 9695
98 8 386
363807 43 784
22214 36 8171
12 1 3812
12304891 43 5348
20466455 79 9422
451903 23 984
219274 76 2020
1065263 6 6602
9508678 1 5632
51034 11 8466
31339478 51 9195
2471119 73 3919
5101255 59 3776
22090243 89 7227
1221425 97 8528
327142 36 3170
1502898 79 2921
2679881 40 4562
23490008 92 9825
2229949 60 2462
7903360 39 8102
20225835 21 8706
638218 26 6026
84065 52 3038
2949381 86 9533
4646571 65 4621
3461016 96 3042
19810 61 1239
1722696 59 4742
22414509 96 7669
25554731 10 8709
149954 76 8589
30015 74 878
7338907 35 9984
18769621 55 6415
718673 31 6628
98554 69 3182
10416606 54 9241
46959004 70 9738
220978 68 1376
5815575 89 6197
3809910 40 3353
37982 25 5456
7544667 3 7493
2290078 70 5529
3826504 26 3078
3564924 22 7484
2766347 52 2856
18122466 34 7079
20074588 12 7365
10241311 33 4470
8628734 54 8203
11203302 51 5165
15177020 67 7436
107505 16 1400
3092904 60 2669
195559 69 985
14575962 92 9808
895723 87 1758
4141871 66 8039
2404704 3 7469
15057079 8 7326
4356382 60 9255
1545 13 260
484744 93 7214
213294 6 736
12680911 38 9665
386419 95 7928
912106 72 3827
3144776 41 4570
2356 62 1246
2973509 55 4054
5016890 19 7458
2820341 74 9601
3773748 59 2932
17269953 92 7389
15841 11 924
910310 69 2225
34926939 73 9047
285818 56 5720
267846 95 6149
126543 66 3359
1 99 9275
27539148 61 7740
7883873 18 5761
903423 67 3796
99778 24 2860
511458 24 979
1083097 61 4627
9450147 18 8392
2816619 38 7180
4912515 81 5465
12503 59 2166
22793904 88 9610
465388 58 9759
27346 2 271
7066467 74 5407
1052353 2 2049
5435124 42 9295
3329475 22 6504
62021 15 392
32784 5 8284
287964 26 2895
6191733 80 4160
294547 55 8734
45165 18 7316
25755457 22 8936
11662 16 6852
40147637 60 9249
12379025 1 8532
14190037 73 7278
2305029 94 4563
800805 76 1427
1436131 80 9693
13501657 76 7810
252402 46 621
1120096 80 4427
12373352 35 8957
4445309 71 3438
15518 39 442
5583160 100 6904
744365 16 3326
1814851 51 6954
12585 66 178
641795 21 7830
9568 16 913
337270 1 1395
7773040 41 6241
58185 14 772
1255738 56 6729
881907 5 3357
3261824 29 3573
940447 80 1439
1042877 3 3800
64584 72 321
326163 30 7464
285498 97 7112
442423 89 5794
295604 5 770
19720449 74 8041
3064877 45 3444
8874614 49 4690
12390292 18 9900
10737307 88 9953
456113 8 893
17280554 94 6547
61352 99 699
1 64 566
4308888 85 7062
6895027 61 9098
21114 89 6621
1113247 37 1481
5759023 42 5566
5838248 14 7443
3526386 100 3221
10002243 74 8124
10585 83 166
4053797 79 3109
631805 74 1471
58745 29 2067
12269739 91 6295
17898821 45 6517
102739 29 2346
1 23 1800
8425303 15 5051
75234 97 9612
181751 80 1957
21930298 13 9865
11762532 15 5154
1940 15 2489
6234504 37 7253
25550 63 6538
3742659 99 2985
9254634 19 9404
28709583 40 8332
86314 41 1344
17267668 24 9235
2268502 55 8156
44861 74 3316
1044168 17 2691
23055171 58 9697
8556627 45 6983
289860 86 2034
126 16 187
6661566 70 3868
96978 14 2662
7162831 60 4679
569165 2 2601
122930 97 1663
6684640 21 5197
439848 85 8276
26836093 20 9239
24643624 92 6953
50398 30 4539
854 20 319
11690920 14 7154
530058 49 8960
1155583 15 3207
718 29 3069
865258 62 7369
13645605 4 6352
103975 37 9402
84553 3 2260
3509563 42 6463
551629 63 2132
1 90 4730
17397830 92 8119
34254339 15 9773
740351 58 7536
2703660 56 5261
32525 66 920
2156746 14 2412
2920870 87 4416
85825 2 1175
3831082 90 2849
15667046 88 8065
5237748 12 4813
15255633 17 7618
677727 31 2310
27688 8 1227
117487 9 1271
527700 37 6199
7318553 99 9134
8603088 56 5665
1024764 61 6482
1541566 1 3908
14362325 19 7123
39860663 23 9683
3695845 75 4933
3626419 75 3333
2036742 32 2508
5593286 33 3681
7570759 33 7390
11461643 30 6433
115040 2 2016
11740 80 236
18207777 58 8079
128815 76 3634
23474264 67 6933
9560722 20 6403
413951 12 4629
14832780 75 6217
21365578 6 7640
19056504 65 7646
1268337 100 2203
2764392 37 3359
114101 53 1856
34651831 84 9109
1921573 24 7640
11004890 99 9962
2166529 99 2020
6604552 42 6928
100502 45 4327
5807745 9 9643
13634169 89 9179
21174320 92 7553
24957861 6 7848
1394549 18 2302
232690 66 7539
20973654 20 7432
68029 64 650
4447143 44 7234
5708636 66 7566
658058 71 1303
64592 37 829
23651779 95 8157
6768301 19 4163
149923 60 508
8253227 72 5902
8012465 40 9857
3699569 77 3615
37975 37 1776
11491534 98 7438
10865251 58 9449
4793013 9 8231
4051572 32 7524
135174 91 1119
17466 85 778
26028609 20 8599
446399 97 2256
1003148 15 6296
39003 41 460
4999925 45 5995
13316782 44 5423
4159695 45 6052
87180 29 2355
12295302 70 5788
483099 100 1265
4078002 92 9954
3882096 25 3072
5619625 91 9205
41977597 96 9866
98238 33 3842
11187291 85 5262
1418287 84 1745
644805 90 2165
7299550 99 6981
6860187 67 5041
5104 9 6641
5921098 100 8053
16743 37 8025
1648554 52 9056
5110123 19 8890
7780867 9 6422
2366572 95 2537
6864150 33 4481
212417 90 8470
9745246 20 4452
2785118 52 5159
2942612 95 7595
1010679 95 3629
1856199 34 9939
11140370 88 8674
3698316 45 4755
10512357 18 8459
28937 62 8182
7018737 11 7221
22138652 58 9176
44753159 83 9933
68459 1 461
449735 71 2923
40571258 35 9628
519318 91 5044
290613 48 8932
786092 11 3467
7592400 75 8229
13413730 2 9685
3372340 69 5391
7530833 49 3966
6762102 97 5496
21682489 80 7475
45452 15 1339
1101601 46 1701
395862 58 798
456655 17 3165
7818261 36 8098
2772495 65 8076
364544 10 1733
6191966 45 8754
12911475 42 9357
3769512 72 2676
591452 61 4152
32505 67 983
2459773 57 2873
9375561 33 7658
19644 18 263
80677 44 3813
13313 30 7163
3021005 22 3494
458231 28 1159
33370 47 951
136095 98 724
17762630 27 6579
348290 70 1891
1179044 64 4674
13889242 10 5221
8445009 79 8577
244734 26 5173
5986731 92 3506
16664662 66 8141
107178 93 757
6283672 91 3890
1564045 31 6964
15988129 20 7888
2347319 26 5882
6404556 88 6295
14066482 33 9304
8086 63 436
1 68 7259
91383 31 639
25975015 40 7140
4157108 85 2926
2264847 53 6687
111395 64 2411
23671084 39 7911
2245474 2 9939
26016 48 2282
1160413 41 4229
4998961 85 3212
12635444 20 5441
1306195 42 2099
1199356 52 2629
12963909 34 9141
3799 25 63
22931163 72 7341
2394577 28 3101
6538230 62 7353
32077907 78 8091
221292 83 1250
29971703 70 9611
298466 94 4374
54687 90 3918
4686465 68 4810
1499453 76 2321
192008 9 3298
15847 3 1113
7498705 42 5114
2634188 76 9230
304419 28 1947
88132 15 4115
11326 14 64
12412454 17 8622
1550973 95 6083
4323465 16 3317
7056920 52 6425
17776817 39 8331
303168 39 7689
4643736 43 3174
3360800 33 3369
1670915 50 5482
5732 83 4537
7066888 95 6309
15654739 91 6789
13 51 4646
802590 84 3699
8079618 86 4742
28789736 88 8580
10432621 30 4695
3808031 67 6639
24109678 73 7802
1624428 78 1848
156737 47 677
2513645 75 4444
8414878 32 5667
72967 78 6673
2572071 81 8230
672 47 357
1 64 462
857310 51 1458
14223343 9 6623
10143195 55 6845
21254823 14 7634
1115419 16 8364
2188997 85 9841
964373 62 1470
358607 95 9712
4516031 52 7962
620333 82 1442
23152999 96 9342
8942380 84 5067
146049 62 664
2303248 22 3463
6922817 100 6985
130778 13 6834
1699196 72 6304
16778491 18 6148
13405 38 68
972869 71 2707
109833 99 1048
15295 41 1656
7914 79 1678
52141 70 825
2061200 93 4217
401105 57 2076
1079537 5 6533
10942706 45 4660
484511 24 7542
3399475 92 5689
277879 22 2820
5313266 43 3815
109937 21 7268
74896 7 516
212642 10 2486
2678815 11 4855
19885131 64 7640
3435244 6 3084
1 47 97
15012452 24 6093
4310134 19 7646
20293215 74 7502
187261 31 4771
8176606 30 4614
610590 85 1244
3508167 25 9836
7923457 8 3883
1559569 88 8011
6045553 39 4381
9555578 84 8748
84553 34 5368
1189169 100 6877
23947 2 4876
18370106 61 7046
581568 1 1310
70876 80 1997
11799995 68 5277
185426 56 1033
802902 72 4361
135921 27 1948
6669756 30 3603
1576274 38 7961
11861 80 1052
9979793 19 7444
2864820 62 5731
14427113 46 9843
2992971 25 9931
1693873 9 3280
159720 59 2105
14128679 67 5516
429756 9 1514
935805 98 3791
13736753 36 7269
8308278 86 6948
4041100 50 8310
15266 12 377
1461 87 286
16027325 56 9891
9935398 18 6444
158729 75 6305
635296 84 8738
7569697 76 5892
1844009 99 5962
8104693 94 9536
21036522 13 7599
3593353 56 4226
1533023 100 1878
1512398 72 9536
8850161 70 4989
2284896 75 5109
7032459 22 6045
4065949 76 3530
152945 72 5020
4881071 24 6900
13677232 22 8271
139740 91 1567
18914916 98 6840
704421 87 6112
6393135 9 3770
5785128 33 5768
14188376 13 9856
56315 35 2261
4108051 2 3158
685 99 7469
95470 73 730
1629730 59 3979
2618186 98 5310
67553 11 9910
1057193 18 9001
34560114 82 9292
3315039 74 9846
355210 70 4528
1208288 47 8920
2715192 77 8018
958993 43 1678
7471645 5 6759
773887 18 4261
696999 1 6574
2691 67 90
24071 40 192
2998951 74 9112
1690030 38 5624
2821245 22 6823
4519768 91 6196
14502 93 1421
113968 38 668
14029822 72 9671
5267124 5 4084
211046 39 2000
2360519 28 7060
631015 62 1651
739605 47 6276
7570304 48 4463
2665131 18 2295
84433 78 8708
28853441 94 9402
1621764 32 2171
614806 58 8129
4082614 41 7571
9811041 48 5895
24304615 24 7715
170094 8 604
135858 55 1179
44742088 91 9542
3447983 28 3082
13427002 12 7864
1 20 2434
10771761 84 6972
208335 90 8129
20346875 55 6816
25636328 6 8308
469221 78 911
699378 58 1852
1715337 67 3463
18488057 52 6338
118865 21 1408
35907216 24 9714
1876091 5 7608
4569088 72 3750
1210688 89 3824
1639798 12 8895
24914 68 7597
854382 2 9058
3089867 61 5223
13041490 8 5670
1141458 68 3103
7660821 48 4166
1485409 47 3050
11490484 19 4983
11389882 72 6827
3230771 10 7386
5187242 77 4988
13910087 85 6068
415067 37 4909
170097 49 1726
8845664 26 4312
601 39 4814
94530 69 3302
3771026 56 9751
865753 34 1440
6442686 39 9289
5814719 34 5021
1 77 3066
3049942 61 4756
4073881 100 4351
48953 20 1650
32020561 98 8138
969330 60 7386
49032 84 2851
41675 34 6844
1 58 1773
21515936 42 9700
2606871 50 6883
3968920 73 9924
1509870 30 2769
4076359 100 8383
10618360 38 9245
86394 51 5490
16423909 61 8910
141349 79 6308
1093601 49 6596
13717343 64 9394
315205 12 1386
1797782 23 1924
1839426 40 4821
33072656 42 8667
15748320 68 8731
3726900 36 8553
1452984 17 9292
6240 64 1021
35223058 6 8988
4745764 96 3323
30456832 89 8439
13606734 98 9559
24342810 93 9917
6901706 92 5295
470242 4 4317
3871247 17 6984
10542051 74 8277
137048 9 1718
117444 76 785
1 80 6317
712041 28 5764
2728201 9 4002
34674384 100 8861
8328102 10 5576
52793 83 289
152500 9 6640
6754 50 2080
1340786 33 2513
12065290 10 8197
15772819 73 5774
1257046 64 1769
3136998 100 6558
1715238 21 7746
247936 40 2935
523547 36 4041
4838607 38 3333
5051024 27 4232
28259354 10 7732
8506962 70 8818
780 32 5004
3388555 76 3053
2946213 100 7119
1914300 15 3269
3167891 49 3945
1321847 31 9843
1413528 38 8813
944931 50 1525
3597219 73 4018
2618011 55 3334
2040314 26 2919
23439092 12 7965
5457280 36 7546
3676233 22 7944
4080756 20 4097
611758 23 3328
930578 41 1491
4074 45 1475
4783610 72 3471
12042691 73 7455
20772210 82 8095
55194 75 1412
1676350 70 1839
494603 30 8479
20044 45 163
184038 2 6614
1521712 52 4463
7505 84 700
757424 61 6825
58304 6 357
74554 77 672
40774583 78 9015
1416900 9 2461
3854130 68 3144
401429 20 1152
19361 31 6800
1559685 29 4466
37633671 36 9403
1 62 915
3143690 88 6789
16048 91 6053
5798799 34 6180
132382 66 900
42028350 82 9593
896343 57 2923
537075 17 1608
338967 26 2458
29658051 32 7754
4917007 34 4249
205078 69 7449
3064160 45 6998
990568 6 5732
6617345 75 5344
3614120 91 5837
273241 39 794
215000 15 931
1414836 81 5121
22464613 6 7899
21552 48 912
1463203 8 7702
19651 4 287
105350 66 7029
275090 15 6039
292988 51 1831
3729614 29 4810
2400308 44 8969
1451943 1 9206
2240527 42 6536
19115056 63 6854
9795487 72 4555
165709 27 9905
9104305 2 5528
5516270 30 9769
7316870 34 7672
31697393 53 9423
12524092 70 6847
1524019 18 7537
73036 66 422
5757571 87 5455
1 84 434
1189209 98 2861
1122033 46 8437
1699736 20 3938
395059 23 1669
311023 29 6382
11785181 73 5389
9893444 41 8992
34137 40 486
27420899 8 9492
12068475 32 9541
29596108 44 9224
737809 36 1172
1 64 400
105 86 4559
7490634 89 7035
1834204 44 2128
808470 39 1210
36668333 76 9635
48200 54 608
26335576 54 8538
18671848 18 9842
177817 34 6003
14104137 41 6927
3853584 20 6927
536568 67 2051
6177611 12 3627
5301672 80 9690
2389205 61 9084
2191773 23 6759
3820557 11 5329
21156 84 124
3051689 53 3663
4847437 32 8420
953476 8 3351
13009697 87 7501
7255952 78 8139
20505 6 2014
7080836 23 8613
919082 41 2885
2278317 66 2081
9074197 97 5433
138078 54 501
2296342 40 2599
465854 64 3946
37615088 100 9927
3154504 49 6167
6620063 67 9135
1 91 264
219756 54 1654
24343955 66 8879
370 7 24
164025 2 1563
3051 28 424
706826 53 6611
3278260 90 9135
681520 36 6664
64289 33 7658
1197328 73 2412
104061 41 1999
18750 51 1744
348879 40 1982
1 94 736
35995250 1 8622
107503 17 514
453085 12 4966
27551933 23 8893
93689 91 8476
9735168 25 6432
267607 10 4743
10411724 35 9745
899065 30 8738
1917565 14 2124
6188609 43 6804
139229 60 3546
16337142 80 7823
8819063 83 4405
448521 25 1068
513340 39 3486
2029856 88 2944
17018261 41 5965
158824 39 606
1826808 35 6231
3735905 28 4074
2047263 9 2384
20187366 97 8746
2182596 23 1992
105738 83 2596
82089 80 1123
14690782 73 7703
593433 4 4058
543925 61 7035
26388237 74 8837
1696356 71 6342
2132558 72 3334
7877610 60 9968
10409211 90 9809
16265928 69 6820
16876367 17 5995
110015 17 376
10760736 79 9863
14254020 68 8054
7647518 12 6929
13527307 89 5573
215140 4 1740
6390556 66 6134
3891689 1 9572
674532 26 1692
23833664 64 7951
1064994 49 2004
820807 34 8104
5800368 33 5118
6490532 32 8343
2405164 89 4768
11482881 80 7595
5736680 94 8902
6249492 49 9929
94562 49 770
1 63 1273
615 30 360
1 86 3653
740950 58 1765
218667 51 783
2158964 97 4214
6170722 53 7331
1474664 39 4188
7599121 72 7402
12132566 81 8055
17311867 83 7991
131236 45 2590
4784692 4 7885
789123 16 4746
651500 8 9645
4300493 14 5113
1389735 2 2208
4038231 18 7002
178210 30 4962
9249305 2 8023
6449496 66 4314
24109764 39 7445
6125248 47 7397
22209 1 4427
69194 78 1140
479682 34 4466
26504154 77 9950
6219248 60 9366
5180423 96 8247
17162 36 9572
1273394 77 5458
1413544 77 6862
1 33 3859
380658 97 3764
31423 13 2186
746811 61 3205
792645 83 3291
1444590 43 7896
18194826 17 9682
92877 34 842
5735823 72 6130
5331869 3 3566
63483 68 5873
19857366 6 6921
2166716 69 3677
2265856 70 5734
28981 3 871
503642 35 6662
22545507 40 7157
6683380 4 8049
69610 13 5705
8485 93 2847
20136732 76 7485
241094 64 3860
277468 99 5469
150017 23 8365
15377559 36 8544
1457681 20 5246
18596 30 1033
1467003 22 5565
164523 30 495
2732994 75 6636
3097430 54 2478
634577 7 1967
365715 36 5160
1997167 95 2241
1 45 835
4350746 49 3019
1655234 24 4615
19377782 55 8468
6124729 82 3636
3650529 38 6375
15264421 89 7334
60346 78 3472
297985 78 2310
3468057 17 5632
25578834 16 9530
5035103 33 9188
4602127 37 3983
37243 29 2738
8841627 19 6621
34647547 13 8888
434897 40 8084
1094937 98 4257
4313263 45 7735
211959 6 1484
5494283 72 6281
4412708 20 3289
996 3 1163
12520132 61 6692
10963856 49 5162
115685 50 3551
4193198 49 4345
6467212 48 3907
79843 46 1176
4842458 42 5491
1 61 2261
3010879 19 5190
34688948 34 8857
68501 77 3762
58227 48 1107
122666 58 4142
418258 85 1987
52339 59 997
10537957 97 7609
13842603 66 8808
189226 82 1007
20966756 31 8852
13522996 43 7462
24196366 42 6888
12932230 8 5041
13590 28 1723
1182828 90 2258
10997856 82 5919
15383599 42 6761
2959960 77 2511
225078 78 1405
380760 83 2796
42743380 22 9737
1136060 12 2741
2410927 86 7648
20757200 21 9494
1320427 93 3311
2627120 16 4272
1634975 58 4187
653722 71 1752
752693 96 4990
204412 26 1047
12831084 84 5628
570570 65 8255
2644775 5 2920
4268122 49 5882
5996053 17 4806
29293750 2 9061
531791 80 1972
20087 93 1367
6674407 84 5684
123176 23 2279
16150860 51 9828
5089153 30 3428
134105 15 8376
17533004 21 9974
3027300 100 2571
41320290 99 9287
33454063 21 9570
156067 43 1312
25706226 27 7192
3660798 98 7013
12778306 10 8928
7224545 44 5317
448669 46 956
920 63 171
8176900 4 6498
33843 80 3375
17920931 59 8507
3479 35 9289
544358 43 1677
1306230 30 2927
4155648 2 4482
5529365 91 9795
56700 25 487
215511 75 2697
3537000 30 9044
2111189 59 3200
103082 61 1017
135473 18 2385
558103 73 5521
666040 48 1202
8543588 70 5179
316074 84 6614
11468387 68 6915
944848 4 5766
6899073 46 4146
3473804 39 7884
3082189 98 3389
555 9 7883
116621 67 2074
361010 46 2281
3227785 30 9653
7097925 52 6538
2714562 73 8899
3947271 6 4052
670528 35 8831
10399028 8 9374
2129663 91 6058
89751 62 1444
3117888 45 9336
54885 52 6961
1553987 35 7250
1 56 402
1913225 5 1988
145672 70 1018
30816479 24 8854
936281 22 4527
1 75 171
672704 65 1792
9219758 45 4689
1210329 99 7257
2161231 47 1989
23911778 18 8397
687735 14 1300
1567388 68 9615
172688 75 944
10991150 94 5911
1519 100 1100
5381474 67 3262
519222 96 2990
270998 86 9035
5187469 63 7750
12991501 94 6813
153916 98 3222
674313 84 5016
510355 67 3749
14311098 100 6620
15119639 57 9886
3854586 9 4590
222362 27 4175
5983694 40 5206
36428585 46 9162
350528 1 1222
723922 84 5417
865974 2 5496
127013 61 3713
296402 38 5073
132496 21 1349
43508 55 7056
27957971 77 8464
5178273 43 3840
29440912 49 8109
4099101 7 4517
3603250 95 2720
10822211 100 5248
25672128 48 8580
6576 33 5234
755067 99 8739
1028047 40 5855
126589 35 528
17253059 66 6462
39923291 3 9452
643 84 2782
7534894 7 9961
1058844 55 9662
5035138 84 5051
205125 49 6973
735550 38 3253
14271166 6 9122
1394851 81 1814
1809110 38 5539
2101723 83 5080
78085 29 414
1157183 77 6191
5521 40 951
214242 89 2076
2161378 86 2903
753304 10 1811
1192859 94 1920
2405439 69 2168
175878 28 4160
8092339 9 6502
1039514 18 1345
35956 40 761
102205 13 377
21192321 30 6568
1447122 36 7445
7032716 7 7016
9457112 35 5340
254647 48 786
15012563 34 8225
831236 84 2915
11344168 43 6979
2268063 87 4545
550199 13 4430
10859119 39 5261
3237197 97 9477
12245799 56 6137
18113 16 365
1 44 5585
28653723 30 7657
1 37 1518
836089 10 3752
4945498 70 6590
9102 10 102
39605 99 911
16365 35 731
39830 23 207
1081350 88 4372
340753 6 8725
176832 63 3569
1529568 93 3349
2587379 47 4039
6973859 58 9387
2324752 45 2283
350016 89 834
2802292 72 9757
3467759 40 3956
10476045 94 6748
1 76 3198
412105 85 848
5906099 50 3832
130501 18 1682
3095640 55 4266
26940836 34 8739
168760 24 9504
52698 85 7031
2136117 79 5193
30363350 65 8635
233263 29 630
6289 47 1002
3164398 27 3557
3704834 94 4404
12780 73 750
5156 56 1432
22439116 73 9797
437 74 2043
120552 37 417
32877697 61 8676
10961776 76 5548
3888641 38 6495
15976285 68 9635
19759 28 522
18376903 82 8033
30271087 69 8838
19280603 5 6509
1992492 74 6459
1729980 29 6738
1766858 85 4414
4388271 10 4591
3494627 91 8285
91472 44 7763
1965541 67 2854
308594 26 5982
32456137 55 8100
758682 47 2194
1244993 86 7225
32955906 34 9762
34960394 47 9321
5507550 42 5777
528101 98 4037
1835884 49 2481
14245205 45 8719
22780 75 512
2191816 11 6017
670143 11 8749
636999 47 1481
5888 62 2066
3611799 47 3184
2172788 43 7955
38692 96 9749
9864249 72 4677
192669 15 8756
1319986 23 2633
19558840 37 6260
2581 2 906
3641491 61 4078
5224280 53 3396
4772026 1 3240
2253851 68 4656
51544 22 1498
77469 90 4225
4679884 74 3559
6344925 35 7302
430326 78 8404
213545 7 2732
5724 11 1513
4153283 99 5690
5094817 14 8590
30908065 98 9889
88443 47 6733
43626 6 9927
2361 14 943
3736751 33 8940
13094999 99 9135
606392 78 1700
4541312 23 3153
7334823 34 7132
6133186 56 4354
1410849 46 6307
8205049 41 7735
332961 32 904
178118 57 1337
20242620 51 7615
52331 26 255
15925993 20 7755
19501572 74 8736
19181 16 669
8948823 29 4861
522316 25 5132
1333427 76 5113
7202 47 7809
166325 31 1236
5752772 93 8885
99 9 4825
19824339 97 8061
5501702 90 4291
1213776 58 3928
30141 81 1054
14403534 21 9103
6206596 56 3446
29498786 4 9624
20155346 30 9495
451426 83 2086
2842242 11 3561
1389461 54 8977
378162 81 3541
16609633 65 9321
12577 60 5657
1318899 16 2376
3616490 29 5189
7254 87 878
6413036 39 4103
28821799 56 9681
35482026 16 8494
2096 24 1630
3725334 62 8430
29554766 90 8577
10305185 44 8762
721263 9 2605
3480867 38 5488
32925518 68 9047
5202669 87 3195
204282 41 3804
3221794 41 4067
41824 13 1034
847803 69 4134
1856441 63 7457
596143 90 6981
701237 63 2069
12689230 20 7367
6555112 8 5895
492235 26 1979
24877 81 4322
15382068 33 8322
21393352 11 6642
1774027 94 5308
29926394 17 8013
36493543 44 9063
413520 26 6898
1944644 68 5685
2400503 85 8051
17886223 54 5896
99291 84 381
19755002 23 6712
1143801 95 9721
9671692 59 6260
268206 100 8940
468030 22 3231
3485259 20 8029
12974889 1 7439
12653588 7 6592
7633 22 2424
105644 33 3675
2027593 91 8893
5972460 50 5370
213985 98 4265
26348585 27 8931
12299918 99 9770
784114 33 7426
1071713 10 5258
6017300 33 6455
400081 89 863
185870 30 4403
93540 63 379
265970 25 2767
1967340 23 7929
1198769 63 3352
768943 36 8705
10087771 73 6810
4138959 28 4223
21131613 58 6691
1022 19 9767
964063 50 4589
562007 71 1261
1605578 72 3299
6786257 36 9664
8411943 71 8048
2258880 86 3454
6960370 96 7540
5280750 23 3439
3266553 57 3236
867767 79 3124
777498 10 9717
99410 43 1239
1828266 15 4035
78330 48 5594
1017545 93 7499
227249 50 7498
3122093 5 5265
14039 8 9833
10985353 64 7238
1448140 69 4465
21119483 86 7190
408369 20 908
6541939 100 5600
1568664 30 3522
6152500 24 6048
75869 82 406
811961 49 6577
22842 55 2529
162396 12 711
34031862 90 9062
4696230 13 6287
3242387 23 4722
1843934 61 6821
3375 69 7001
1783052 24 6243
35228 74 219
6397714 85 4687
1220657 42 1939
16012 11 5813
17034390 40 9172
120706 3 1530
5349755 60 5890
2212149 26 3901
30377173 67 9467
1736659 93 7652
1623567 6 8824
9594928 13 5408
1 76 3813
12852585 100 5066
2863599 15 7119
32497 36 5402
3437119 3 2976
6558430 64 4146
487 46 193
2708769 72 2267
763792 18 1218
29042095 92 9417
5651749 29 3289
2718221 70 2628
189608 51 2658
1536888 59 5228
473610 100 2178
27111 22 275
460369 90 1578
284425 67 7152
2210391 91 5379
2377299 51 6878
1313507 76 2035
261504 67 883
3346105 76 2943
739054 32 8803
116399 30 1838
1231574 28 1501
6094673 28 4384
17620663 74 7324
20508480 87 7736
29535 48 175
18755 69 233
4637998 74 6601
265053 26 4507
441948 38 2482
26547576 75 9463
3908064 14 4080
32283 16 495
123039 94 8618
1789655 48 5664
11119 94 1760
537968 60 5350
104197 55 6451
16336818 90 9867
3837022 100 4690
1 97 3457
292855 98 682
426884 6 2072
12835 2 2189
1542520 78 9159
43013041 67 9848
9202 85 345
2773252 86 5419
2638291 98 8547
3002065 96 5585
2313 83 1510
809420 65 1878
20634520 82 8372
8257700 33 4718
15501649 11 8602
7291111 72 5491
162682 72 5602
17992715 83 7314
2010013 73 3819
7443105 34 3860
21757323 2 7702
10780398 20 8859
6959543 34 3651
683946 37 5761
36250942 83 9569
6116920 77 6179
14322099 5 9476
4174457 16 6255
35201456 85 9017
203876 32 4524
555652 17 3802
6654039 37 4974
9947309 32 7946
164659 21 4091
1790528 24 2407
302066 17 697
4259588 89 3666
6915898 73 4836
23718509 92 7283
77894 83 6618
3035116 90 2607
8426925 53 5879
20054729 44 8355
865028 44 2272
2289632 34 8425
979016 53 1510
955939 58 6327
95425 53 1187
63699 50 5031
12730723 21 5147
176837 78 2991
5895161 98 3973
33846570 24 9220
10569250 6 8121
157445 4 2207
773698 37 2804
7574747 32 7324
11275841 100 6619
17842390 13 9424
7144 86 2863
38604758 18 9366
45782 15 433
893 33 480
16198310 93 7144
3607 76 8801
179400 24 8470
89882 45 709
29596 57 203
7270408 42 5442
65655 84 7018
627905 75 2802
8872407 98 8800
1261078 36 4371
2758006 33 5146
5578987 88 3479
4428021 24 4801
857166 13 8289
39636 37 469
18627049 7 7654
16302405 28 5642
21991192 15 8297
2134006 67 3577
4981289 57 3365
2875951 31 6590
112534 37 2026
360542 47 3982
17475403 9 6927
4149206 98 8915
2217126 20 7078
724698 9 1299
16606 99 4263
12400344 35 9398
381558 21 5645
521378 50 2596
2731656 47 4426
20758697 58 7019
132063 27 513
966820 12 2663
1 83 4345
160545 56 4823
43030515 26 9529
9115078 8 5993
860669 26 1568
563 9 5982
12447708 64 8235
26182 98 1311
8452 68 166
6842291 94 6119
3448880 71 9611
7061611 42 4014
23607 20 716
8627007 58 7400
4269862 3 6136
5909403 82 5936
44567182 20 9552
3208415 7 3578
596284 60 4655
1774665 56 2529
2209453 21 4143
6957101 69 7820
14039 54 228
4176045 75 3841
9252395 4 4718
1903403 67 5362
2719471 81 2278
2027899 88 6338
40060 71 283
545896 90 9441
791042 67 6826
199789 100 3273
17392563 46 6158
27340 97 5635
5147 53 730
8727874 62 4693
103214 26 834
3254359 89 2559
24919178 66 8531
834852 47 1259
299452 96 3000
2667269 63 4949
961051 83 3844
586507 90 1171
136581 93 874
1429803 63 9554
6851965 32 4417
5845566 74 3835
3992928 43 5627
1047829 30 6817
8157684 79 8262
1046005 1 5574
623529 68 3614
22457130 15 8295
5777015 90 5396
211 64 277
132044 9 8973
1032824 10 6438
977648 93 3371
203339 39 546
41550677 74 9767
525091 85 1569
7201398 18 8653
1988793 42 4496
18517074 56 8978
691546 44 1287
3476423 68 5946
743512 64 5367
1 30 4540
172622 54 5950
27574886 1 8035
27523 14 3282
941464 64 2646
7551417 49 5503
1503634 78 9694
99536 29 726
5470105 1 9769
1304783 55 3951
9942541 52 8767
259564 3 1760
6399 20 1485
1 72 238
43655734 57 9695
11771088 58 8427
26786127 16 9044
3791107 46 5762
217088 71 1314
183660 56 3614
6250502 94 5859
33442813 27 9509
1183485 10 7115
129015 18 726
959752 76 2206
26018 79 1598
52134 67 9201
6124678 7 4728
16268676 81 9115
25711794 62 8991
211785 30 1502
29966704 12 9585
19883312 3 7837
49146 27 2194
21081 76 7323
2865703 98 8310
6802990 62 6978
3448189 84 4450
5937057 38 5836
13429 26 973
1542885 9 7680
3996142 22 3325
4458322 75 6577
9231066 61 7089
1041892 21 4787
1506978 34 6862
490223 7 4656
16455915 78 8080
1574214 36 7858
13505859 30 7471
24334440 19 8586
5053495 21 4572
1 88 1364
914829 98 1503
2336189 67 2599
21829034 51 8902
11591095 22 8258
664332 77 4176
19689499 90 8580
77721 68 805
2120496 72 8509
93676 98 585
8203079 34 4141
1065 46 1851
9813 61 75
481968 38 5264
162576 56 1111
1586 67 3512
1 92 1639
7312541 62 4011
412973 39 3314
2022077 47 6602
9157 50 668
29089171 67 7761
1 66 455
13049 27 335
43512 48 3598
18244161 87 6440
1369040 87 6977
4475990 73 7401
164880 33 2642
116517 12 2412
852 74 554
426895 15 5849
17370687 18 7042
7429183 36 3765
13526858 46 7309
190579 87 2286
5936910 50 4140
101727 58 4664
2458214 23 5069
145331 5 3484
17230945 2 9612
557987 48 1395
14122 20 227
26746586 89 7290
346319 1 1977
2181054 30 3956
294656 32 6121
89443 64 1609
42657 96 6215
20579490 78 9907
773335 95 8807
11943636 48 7293
101152 98 4346
902 26 1790
7937171 66 4992
5783952 3 4521
10395988 18 7599
5443647 94 4691
3147872 19 9686
1714305 26 5928
198295 39 4157
30565760 36 8864
290945 54 6267
709821 48 1093
12155841 3 5791
1303708 46 6200
6812162 85 5810
1102770 98 2567
486045 84 5143
372163 33 1022
6339883 90 3479
13505575 85 7362
355071 61 1504
3699828 43 3834
3863458 66 4296
11034 2 3455
24301 56 699
6019619 87 4090
214581 51 592
2527076 90 4735
3165401 92 5659
11346832 70 5878
5805283 4 5904
15211329 10 6248
7921999 64 9060
57966 40 282
555212 98 4704
226845 49 1295
5222557 26 3356
1851 96 2720
15471460 92 9563
14136 70 4555
10154270 95 5481
271927 52 3518
11192 64 452
42547 21 5091
7167756 60 7054
20948 6 1832
1515853 66 2517
160860 88 1347
43532 73 415
8525709 70 4074
2837862 76 7959
141378 38 2299
5199792 50 9137
10513142 82 7936
149894 67 813
1394528 59 2926
264101 18 2903
17911155 34 7747
3251832 7 8497
212228 28 1544
19445159 77 7440
1073898 60 3134
456352 88 9880
1581096 9 3928
2497557 7 4113
4428 23 6448
24924880 96 9844
2636917 78 2602
3385437 31 4530
3392656 63 4112
367 55 3852
2104795 25 8250
19483699 54 8244
259545 33 2359
2640 60 6205
1019143 27 3756
443212 12 3339
2902904 86 2331
1080597 90 1660
48877 91 652
6403205 68 7746
186190 34 1512
1144462 65 4297
1562518 5 4888
17112 81 1049
38224317 75 8889
1352330 9 2690
23464 53 1171
9869 10 4208
107983 57 2716
1684531 19 3440
8399488 38 4527
44763100 76 9835
994490 68 2091
3106144 9 6063
23895970 98 8427
2319008 1 7498
94630 18 764
2154677 16 3327
494430 54 8093
121645 87 814
12239 18 8110
3945249 24 3324
5606556 70 8605
172480 100 2821
8638698 69 4675
3351 7 7417
2256574 84 2547
2684735 27 7056
23726 2 394
19695468 9 9713
527051 97 2437
42314921 90 9698
296889 31 2546
13061424 1 6056
96946 79 421
3696658 93 3297
546941 17 2612
537797 72 2092
1 51 627
90199 91 9730
6394087 36 5820
10139 54 4660
7191023 44 4254
6921795 12 5783
3961145 64 7930
15854 32 3219
126005 84 2538
6401434 77 4991
1552961 64 2208
17251 19 3631
11045281 65 5808
4191 72 93
8026220 68 4736
1678051 13 4147
1742233 11 4758
4524523 28 5486
5135389 93 6728
4514261 62 5424
2865 10 6339
15890498 89 7804
100502 15 3071
9895365 50 5979
228385 92 5968
3546827 49 4165
1207365 17 5344
55387 56 4192
273462 25 1782
1172998 30 4610
1 96 317
10370897 26 5901
706356 28 5933
17283289 3 6648
28123 76 3164
32381 5 2799
108750 9 613
643004 97 5312
65383 64 9114
20413902 37 8635
8966547 1 9227
314372 54 4048
2372078 76 2648
7628511 89 6494
16829511 32 7915
144204 99 1484
75027 97 8458
8677 75 2069
23420129 47 9326
4210 58 829
1 89 3572
1 40 6879
551496 78 1065
26343396 58 9787
13669202 61 6526
5451480 26 3973
151038 35 868
28429337 64 8826
5638077 97 4805
10923040 92 6193
6413199 67 9005
1440264 66 5675
6644693 27 4512
654 83 5309
1001494 30 5141
1741363 99 9502
9703063 13 8898
1 94 321
1860786 9 9848
4910243 49 7538
35239 8 381
19 40 174
25846942 40 9520
24720 96 1328
11795647 53 5309
21612203 4 6581
1061280 23 2454
5986931 70 7561
862918 83 3585
14443331 90 7274
623082 78 4013
5393817 100 9885
954413 86 6801
10388976 74 4511
2494028 41 2431
18577332 1 7613
11644334 19 9686
1507670 93 3543
15208903 94 8926
173111 32 2134
940496 59 1431
424258 66 1601
16301752 49 5871
381747 20 863
2366917 13 9285
2002891 62 4575
164847 59 1957
26968012 9 8356
5907994 7 7941
4259520 94 5468
1711 4 2260
2050032 54 5406
2617823 85 3926
624902 71 2758
48230 93 665
6912225 93 4280
3797065 84 3172
5136519 72 5258
19663 22 5043
18621806 29 8615
89973 84 7308
10026144 84 5694
85417 31 7915
8849115 16 4781
435351 91 5940
613817 38 4990
5822 22 2277
248687 99 2256
33711042 61 9421
1 99 153
1 95 1871
7096142 63 4069
826394 70 2480
1948018 25 4294
673097 92 9122
2828741 84 2636
19118944 99 9415
507134 82 4096
158862 88 512
27281366 7 8857
8870365 45 4204
15575 20 1972
35631 18 358
904837 72 3669
2265693 99 8468
367283 2 797
1481325 30 7604
1877250 64 4678
2007517 84 3179
3318506 57 3075
9825137 69 8253
23199088 99 8026
104876 43 6092
45208755 42 9460
940359 47 4277
84732 56 935
40121 100 7474
193579 41 2042
180703 32 3239
1151604 13 8449
2043 31 3630
1344325 85 2069
3138028 80 2769
13848198 69 7551
40149926 57 9458
1 33 595
4769791 74 4469
586391 43 8111
14749851 87 7175
18893345 45 7550
7798 97 4907
6371 100 153
1971255 87 2694
29184219 7 9470
17589449 86 6252
13076066 31 5423
278685 73 2821
25773055 2 9679
129775 21 8722
81375 5 353
5711063 76 5203
9635958 66 9946
25944814 82 7977
35051 38 663
496633 70 1609
5394794 34 8255
948935 6 4239
112841 38 1189
19263933 36 6797
757411 11 5840
197988 36 6188
10704394 40 8075
8948340 34 8304
9051855 82 6528
4457934 29 8037
3850732 74 4977
3804200 63 6415
12500694 32 8585
408221 58 2858
45402967 14 9829
8691719 28 7019
321553 37 8714
13331894 3 9649
3284810 77 4573
116420 51 4209
13441 40 979
1938981 30 6225
12264441 61 8919
91690 72 5873
1366414 60 1936
11041 78 6252
124906 90 8339
10906368 11 7573
40239 16 369
13975549 60 6454
259831 81 944
1087873 30 8159
405899 89 3121
5649 55 875
2627453 56 3437
311863 66 1088
1074611 16 1521
3833358 69 3949
11885692 49 6935
17525254 28 9170
11481520 6 5319
10272743 77 8968
13503758 3 6810
3421425 52 6456
1303164 85 8621
758496 38 4339
9944004 80 8566
3719747 7 3131
7566223 76 5326
1014097 5 2653
5488711 2 5380
2398282 97 9147
11427 1 4347
5011085 57 3646
4488538 52 4338
538529 2 1608
62155 62 314
160229 69 1436
61226 58 504
222933 72 8854
5753406 49 8671
72371 97 4140
72924 97 6152
26704 88 357
8146547 3 6249
5568431 75 3630
5559834 38 9290
103914 64 7645
9027 74 182
1879914 36 6207
1636768 54 3304
418043 70 8998
38582604 44 8844
978342 34 5400
34263 6 537
1093868 28 6564
396129 98 7948
3352332 58 5181
637985 80 5541
1548437 9 2599
18237416 70 6584
1825926 95 3510
423339 30 3882
422082 32 7153
42127499 7 9851
2751672 30 3007
8848752 66 4429
10871666 1 7470
1850219 19 4038
484915 67 2081
5111122 94 5973
5012247 56 5485
7944377 73 6328
12298407 100 7980
11406010 84 5139
34272 2 313
19756 24 795
16171 2 104
310158 2 3959
1142722 59 9071
7928975 39 5502
3630105 66 4283
28659592 5 7578
4467432 40 8133
216392 80 2026
965273 15 4447
148960 40 772
914276 42 7882
336085 37 2162
822419 76 9394
5096930 86 6919
2377685 60 3993
18075007 2 8995
1180862 79 4995
8473 62 959
940147 94 8555
2272171 40 6196
10646238 54 5091
3843018 23 3167
20635119 93 8082
17928633 100 8801
2737734 50 4444
8698754 4 9425
89466 4 1281
1781 1 6149
22945 13 677
23787331 40 8115
15916078 11 8403
18648564 26 9483
5580288 40 3925
9948075 51 6500
1164241 74 9228
6405904 53 7614
1994966 55 2778
534369 2 2642
8953130 19 9543
1806 55 3573
34052308 96 8819
10463985 11 9385
10425562 66 5131
9056470 99 7200
5680135 58 4302
4577458 82 9953
34648248 43 9227
17618626 65 7572
10430862 55 8036
8981641 43 4778
61836 6 1016
4204682 79 4393
1287968 46 4602
786370 89 3972
2398311 46 3868
166955 69 8651
31316 87 231
31131 4 178
22919174 52 9615
1670202 9 2725
2581 19 8059
3261830 38 5554
1585129 68 5398
1566418 7 3794
94119 3 1169
1 91 1216
1314559 71 6831
34493 97 700
4757674 77 4687
3092665 51 5776
881564 7 1370
1 68 2947
1270251 11 4234
16085 39 1758
15037483 35 5459
2411450 89 7289
13195319 92 7739
18974387 10 8310
137894 100 1051
721078 82 9069
3853562 98 2985
9029614 7 7013
4793143 17 3690
10880 30 1893
209049 100 858
192351 18 1023
3325630 82 7706
1345691 42 2552
421674 82 9210
11880433 72 9873
2162384 63 3839
1 46 179
2928099 11 6175
1774929 45 1841
11961807 4 9904
3370980 16 5922
6824111 95 3672
11513542 55 5038
10925448 63 5567
1134078 37 7148
1913555 53 4085
517034 73 6381
375287 48 1758
3262558 10 8552
27056 47 630
1779435 55 1945
199200 93 6569
28662171 58 9050
544390 94 3714
11368535 63 9320
2742730 89 8359
1730338 55 1812
554164 85 7220
2135864 62 6583
3935365 27 5640
7617071 94 4690
15666054 61 9908
2975005 68 4249
72654 68 502
4172914 59 5290
5250773 68 7236
22005095 13 7089
15054 60 649
2301988 14 7784
26014 26 9369
11183895 11 7872
195561 57 4774
622559 16 1276
4801803 56 4864
83566 78 1973
2732859 14 4055
468883 86 5078
182123 41 3203
4553720 4 5376
109387 40 476
25999 67 413
1820156 54 8888
844065 76 1432
276850 10 6764
6256047 15 8194
1763085 48 3987
7200842 98 6407
21621904 10 8868
1 78 5050
15548490 54 5533
5607331 94 4716
11986255 41 7587
198899 80 9533
5890091 81 6859
414197 54 9321
1570527 30 4759
58529 100 3239
780835 100 9029
1800312 89 3963
37291 41 3007
6197034 64 8806
718379 36 7861
121825 46 816
100120 32 688
1 78 589
16280021 84 7088
358143 26 5954
13915066 97 8959
464637 72 5489
110774 15 857
940838 6 2250
353035 67 1883
16060821 16 9145
1403539 37 7740
6254246 14 3765
1209787 49 1539
9456488 50 8728
3321860 15 7861
3932012 19 8593
500709 100 2287
7228902 26 5850
386881 5 4733
152443 17 1988
69621 94 3141
872 24 4224
5509893 76 4517
339937 59 7170
5449731 75 7280
40699 100 227
22368610 49 8674
2689356 82 9785
2918 99 1890
1635733 19 8171
7055189 93 5571
1959594 18 4398
645587 38 2120
5930104 57 5916
3722247 67 2710
6392759 52 5544
782666 72 6610
6635827 1 6290
16654422 40 6377
356038 76 1642
360817 77 1293
334327 51 3621
18647105 68 6942
2033585 39 2290
4408011 5 3750
1290962 57 3770
32807 65 423
3315342 17 6711
2450677 56 8104
1224657 69 8343
3593729 63 3694
1448698 27 9813
33876 1 365
10838396 32 6152
853910 44 1773
1047963 71 8009
54435 10 4623
14973094 41 6279
16895624 96 7769
112126 72 1281
26239727 37 8025
88739 64 2034
6168911 91 6165
4540000 82 6383
378820 10 5423
384675 83 1070
2316265 27 6879
21389334 58 8238
23404303 50 9221
24075 14 1714
6667234 92 8744
4335228 45 7565
19989198 85 7628
340616 23 4525
351288 97 9853
648086 32 8390
18033994 93 7666
5690275 74 5499
18439 20 224
621059 57 6621
3009975 79 8564
143937 81 4223
2245625 70 7555
2544665 7 6566
9487968 88 5657
428817 91 2422
1270166 76 3841
1142349 71 6617
2246255 59 2867
4566 97 298
3300530 35 3324
1 26 599
1 99 5589
3672128 47 3034
37135 86 4964
6987859 82 9473
1853418 26 2359
8085864 43 7347
296238 3 1134
2420628 82 9688
1 57 1116
157819 71 1974
4244699 4 5901
4183843 74 4051
605215 12 2970
383218 20 3808
20828136 24 6948
904192 56 5821
8220111 45 3980
14412381 61 6353
578424 69 2034
11646009 64 7317
3328574 77 8869
2592561 9 8221
4864 38 3401
936851 10 4755
5248873 45 8358
3107359 53 2908
2602804 68 7685
32949481 25 9085
73458 89 609
8672426 77 6068
58230 26 1953
4978409 67 8362
4091662 92 4505
18037 12 480
90603 69 910
19389 49 3299
1699395 63 6141
139996 16 3243
822765 46 5799
1 87 7890
16462907 24 6670
7749397 26 7484
1177469 33 5688
1273663 16 2241
803809 63 4498
126707 4 2118
9808682 72 7193
22362786 6 9239
1254428 33 4372
8536490 59 6738
37373 78 4031
728506 45 2165
44003022 59 9581
1098548 18 1831
24474 6 3331
782598 56 2323
493370 69 5215
168536 77 648
36786608 60 8697
1608210 86 9042
6279047 69 4656
386488 57 6824
10265651 90 5735
27549620 32 9386
11677412 2 9556
47081 84 9668
3251315 63 2915
523786 33 1060
3691958 64 7974
17336339 85 6198
18525219 52 8576
8116618 20 4922
9020893 43 8857
9707600 79 8000
5831764 87 9791
9711 17 1481
22104 17 380
4526578 35 6732
29357242 45 9566
34439 93 1210
892616 62 2467
854168 56 6885
1303336 33 3025
40270 4 349
161682 38 3133
38313202 51 9004
5395017 14 5195
134951 55 5641
1415 44 343
19098809 74 6875
8681081 49 4789
3232820 21 3932
5168552 43 4240
3979888 68 3572
11435441 68 4910
2670837 98 4801
19643588 91 7727
631621 60 7869
6660916 62 5393
437109 97 3919
2399025 52 7930
1776918 64 3100
104484 73 983
10044761 70 5615
86205 81 549
14138855 68 6333
304308 25 1355
9271226 2 8469
4472971 21 9402
4633196 91 4742
1329798 39 1919
232307 57 6595
19909333 26 9764
1 15 4437
298634 6 885
1826 35 111
238555 57 1807
25508025 85 7440
575813 95 6586
2395629 38 5948
21370675 51 8482
46553 13 9350
217403 87 1182
6579634 45 5877
9150301 100 9738
1304789 59 2876
2249447 32 2244
25982801 4 7545
1 79 134
31032425 9 9002
347491 95 1391
1245668 68 2432
418055 13 2425
203049 52 1160
13565200 23 6726
13989889 64 5438
1 40 3213
674088 68 9505
1818883 67 6088
9542862 39 7136
50540 40 6052
1 44 437
6401147 49 9261
3528391 54 2624
320237 49 4175
918056 8 9085
11757362 63 5191
3307360 84 4759
18371960 70 9388
3144639 57 3680
2438806 64 2790
335090 58 3647
310656 46 5477
28179 33 1003
8916870 82 5565
5635882 21 5956
13505518 89 6276
16098279 69 5642
6031 58 6906
2472140 73 8162
14847162 48 8285
2389555 95 4901
28337977 65 8292
3602884 6 3387
6122006 26 6547
1089052 71 3890
81957 10 3270
5594862 23 3538
4686355 31 9229
708979 32 9252
363095 32 928
33274296 78 8326
9618235 67 8827
1 60 729
6586957 96 3973
1573691 3 3162
2576 62 1305
1 90 8253
20050 42 279
7600180 71 9342
2093 60 5648
556437 86 2845
505194 32 4633
4035202 9 6002
543150 52 6586
7373465 21 6352
8170081 56 6426
1 94 5638
11749101 20 7015
12908901 39 7770
143009 53 2196
19140317 73 9609
2565950 20 2562
296711 4 4641
751284 75 1151
1066939 45 7351
10546 73 5462
150647 61 2114
13690756 32 7196
14468211 58 8260
24187793 55 8974
185345 75 5522
81434 55 2979
1504574 78 9698
2500801 9 2885
3458845 90 6829
4184 32 81
3372014 72 6501
459255 21 3826
88382 65 5418
36198 98 2281
2636543 65 3365
25739455 72 8047
60138 84 8682
11597852 17 5063
1846633 26 3159
52898 95 7858
41838065 25 9360
12262030 41 7959
40401516 83 9077
1304304 28 5111
14463759 23 9509
5274139 8 9242
6336519 72 6900
27564574 26 9900
2545916 80 2752
2280071 88 2632
1435256 3 1782
7608594 97 4805
13102022 87 9507
6809468 71 8854
920999 38 2736
963091 14 8856
500 88 932
80560 48 2528
2531 87 2697
10413533 15 8653
16330 68 5670
4253386 38 6348
344 15 322
1045239 82 9192
1005266 98 6984
10435919 34 5424
134475 80 4259
2185 76 1550
9318571 15 7417
5374885 8 9430
18266511 56 8974
30864900 8 8594
747242 93 2060
20103798 68 7803
41641 86 9636
950755 25 1862
799456 76 1422
166892 1 2305
2620838 6 6826
3476213 81 6896
2063094 18 6122
4676440 91 5531
4717920 55 8707
2915198 20 4720
149323 95 469
12357352 89 6812
840112 27 4330
30260 43 3732
2414775 92 5022
2010463 79 4448
5311914 26 6742
17941271 67 5971
17710696 88 7351
36177624 55 9205
2565607 12 5246
28775330 100 9771
528610 69 1209
7853188 48 9305
1719412 95 5686
3098622 64 6620
1938 30 415
501240 48 1951
2783523 47 3760
2888230 17 9364
488857 89 2688
2178231 36 6574
10631961 47 6428
1598853 33 9101
73705 38 797
5103847 32 8236
389 4 747
1651226 42 5855
1496250 28 2253
31731709 42 9467
267878 88 3102
173209 25 1142
268566 5 4806
11299684 12 5389
135035 98 3042
2147071 68 2450
36062 15 1076
6585101 90 4640
1076267 69 8223
923250 22 2847
18382 22 1811
4149566 7 5272
3303563 59 3093
28937494 74 8924
29161 4 6074
510964 60 1372
1478479 48 3471
17441990 100 7057
908468 16 3058
2104392 9 8844
2345727 57 2222
518645 83 1403
8046093 43 8180
83453 71 951
405146 19 5185
12170957 98 6984
10321059 42 4500
18868232 15 7710
59725 37 1977
13017404 77 6328
132367 44 1049
1912890 24 7858
1 98 3513
325544 59 2440
2069346 46 7833
19500 18 3511
10809633 92 8194
7490020 8 9626
1923896 45 1986
88408 66 350
921823 99 1383
614996 90 1555
4362967 87 5996
57292 99 413
1223745 71 8285
13075258 65 8259
3465522 74 9304
1474421 6 2181
426245 4 2021
25551605 6 8500
39998 68 1062
2320351 62 2453
6496239 77 6304
7891236 37 4169
5873397 69 6003
4331508 97 5803
9475 67 1045
1255186 52 2198
1475763 20 4257
127936 46 615
319018 68 8582
5569830 42 5901
27001 61 7506
1853610 100 9660
1955663 32 5184
12285319 49 8135
7666647 86 5360
1149201 86 3282
7562579 60 6290
1 92 118
36 81 796
9109212 96 8350
1145763 76 2687
5024226 28 3455
608265 95 3214
11609734 73 5688
580439 7 3434
11151074 81 9231
1418 95 1411
135199 83 1565
23382 98 4245
1267128 62 3128
1291632 81 9046
553290 86 2543
171 25 6403
2312385 68 3299
5858700 9 3783
1132437 44 4236
602294 89 7702
8335513 10 6481
18622791 81 8098
442 57 213
265028 46 1482
3743857 23 2858
28604039 90 9653
1 63 1336
5906 49 1509
3445576 100 2776
12104783 41 8440
6287679 65 3725
8917708 65 6421
961596 94 2247
1099403 21 2267
511569 14 7315
15812142 25 5615
3994 64 986
247399 23 763
1066461 6 3864
20203155 20 7664
266169 87 798
3267115 42 7075
5290165 66 8678
25717 1 9102
10232 92 5405
1 46 145
2448985 20 4948
1542601 42 1895
1 33 176
460170 40 5541
25071067 77 7667
2462858 55 3051
132593 5 6472
76052 94 9872
105416 5 4731
3217232 92 4392
1933102 56 2826
2521857 98 2810
212426 77 4734
1967791 64 1974
11219306 81 9194
181797 18 593
10556017 90 6867
6928665 89 5416
291 30 408
6117651 71 5862
1 84 241
1 29 679
2494166 35 8048
35960 25 544
19343384 11 7497
12092905 93 9266
1 86 92
9712730 26 7952
1197997 60 9844
2601074 79 4946
17287 86 5918
17556217 28 6415
102654 78 4782
165207 36 9362
7998723 55 5061
4250 23 1395
259048 64 9639
34407 69 3822
171537 84 3138
137724 22 632
6350918 44 4970
23620102 42 9513
1563499 66 3268
5694644 78 3315
1739403 22 5402
8056927 15 4427
634426 46 1639
2309 22 1743
11000085 42 4776
2447133 28 5388
3655804 30 4934
1676470 30 2923
42744 79 5253
1668 4 506
13053568 12 8746
24910 63 226
12150684 54 6191
14937383 69 6473
16519402 60 6781
613609 71 9796
2538434 55 3063
3710755 37 4462
22477513 21 7716
755347 81 1248
640518 73 2223
3492838 54 7960
468899 38 3192
5660429 82 7947
125505 14 967
746831 7 9659
1089820 95 9447
489619 41 2459
528072 41 5641
2067627 67 1952
2563490 50 5632
68639 93 680
19784408 99 8396
172855 9 737
1631 97 2733
11207997 89 6491
410289 48 2946
1988673 87 6441
52759 93 443
636521 81 3442
25894528 60 7370
161720 89 961
1315069 19 8472
11634210 26 7832
340428 17 4646
1913156 52 2946
6345609 98 5115
4573712 5 5974
1219620 72 3234
4110852 6 6631
79429 87 344
7267564 42 6437
15131192 2 5541
93920 8 1746
93 78 978
3611492 68 7378
14087145 35 5212
17319 16 2901
3346022 2 7599
8624579 42 4797
1661185 50 1900
17897049 56 5987
1046456 72 2888
47306 21 445
1923299 82 2178
1314592 7 4833
1299000 69 8169
28130184 67 9938
101132 8 359
8260753 29 5992
30855 31 375
3348407 45 3726
14459463 5 8076
34572560 68 8901
164534 27 9494
84400 59 316
9497931 41 4563
175690 85 2199
3350781 92 4903
4560799 80 4018
4548 10 34
7137244 6 7103
23959 57 347
17740421 14 8925
4750214 75 8303
1065990 8 4491
1182249 45 7155
112728 37 755
20103007 3 6613
35898 44 6408
10259242 40 8558
5367304 73 6138
1 91 1206
639478 73 2646
8040 87 1589
7087 53 384
1449332 95 2025
2219 70 5234
3764813 71 4701
227757 18 1897
46 29 3248
968793 73 2014
6383879 96 6029
5303182 50 6472
1 55 70
191186 7 5023
21799957 66 9282
7456093 35 4989
2102969 44 3893
599876 87 1691
1 59 767
58779 87 1463
15304701 71 7296
2049190 31 8374
7759 34 243
1229255 76 2749
22145717 9 7200
268970 42 4292
114991 94 4183
1142155 25 2132
32962 45 808
17390 14 2117
37923074 49 8626
2657195 58 3333
1807 57 119
36433 31 6444
83254 14 2212
824 48 246
10665777 4 6277
29576 45 1180
2401286 80 2375
711096 55 1159
4576521 3 4214
15817343 70 8163
2639143 18 9094
24046982 20 7503
1773524 74 6567
1221390 93 1564
19585419 80 6350
14256145 58 7204
2741896 27 6509
38971519 71 9238
2804451 23 3310
150957 96 595
18942529 12 7996
3828250 98 6204
9234910 83 5145
21913550 19 7219
8572927 67 5968
1309992 47 2123
4649694 8 3776
18831312 19 6179
42251 19 9013
1554637 91 6360
70780 73 3288
1345226 45 4329
1997187 51 9831
1392273 60 7885
24351 28 367
566649 65 1322
3642282 40 7367
1570865 10 8151
15850 17 236
33991 6 356
17742394 23 7002
6768094 56 7720
3703340 20 3411
4338 6 333
42680 95 1003
2035 42 7215
1037603 96 1768
3708449 77 6056
767018 44 8984
5690622 37 4422
7275097 80 7535
10587108 11 8591
547524 65 4640
673888 3 7726
361322 7 1836
1480384 33 3074
1253130 80 1726
32501962 4 8167
23732441 61 9799
7710876 27 5595
122998 68 1711
585706 39 2255
126177 88 5892
5724866 86 3736
2777760 62 7316
5529987 90 5843
9380 18 90
335964 49 2485
1305448 28 4024
22659287 90 6766
1850 78 3733
587038 56 4425
123878 33 6137
18292690 69 9005
3178620 13 3602
14661389 30 6856
2494371 49 5767
159664 98 1684
1433596 25 1776
48044 35 2675
4144893 61 4975
68790 65 2347
1984542 28 1928
3648737 97 4527
104437 9 1674
25618697 42 7714
380228 29 1458
16093351 96 5761
105445 11 469
16795827 1 6051
25430518 34 7497
1795376 84 3062
3212 92 541
14189928 72 7088
1195405 72 6755
757532 17 5746
8820068 34 7888
459703 92 1634
22547 82 1120
67750 65 1456
13059055 79 7229
6437 93 5818
96153 10 1704
163898 54 1028
23 6 289
354034 62 2474
3250783 57 5831
932703 75 8924
13954 44 2526
39085440 82 9496
933366 10 8758
14094582 38 6799
1359924 21 2193
5301290 78 8464
688590 71 2057
96270 14 1093
1755120 19 2565
20948999 10 8730
4288466 3 6921
440266 98 870
1 30 33
6484692 27 5415
9359157 92 6529
6772670 61 4528
6158091 92 4083
19977320 38 9353
572491 28 4644
128599 15 472
6003800 26 4769
19526820 48 8006
2540886 17 6178
11922314 23 5841
4327727 53 3415
2573996 4 4051
4337312 15 4122
1201781 7 1868
61619 48 2780
43098134 41 9684
38597562 39 9266
4006913 57 2775
10176145 53 9231
16384287 59 9878
61560 96 267
15450549 36 7088
2663278 42 4975
39022 84 3293
3014463 70 4972
85595 37 5917
533908 57 1154
798623 77 1288
27155026 37 9288
54435 16 540
2815286 8 4445
702900 42 2870
23180 65 8072
5464847 56 9790
10295057 55 5265
29485365 90 8191
1 89 7432
884608 95 2055
147750 39 800
4188209 74 2915
14542912 18 8280
1213553 34 7561
8617444 27 4820
8520597 53 5111
177514 77 3161
5253685 16 9539
3211844 53 5327
1920914 33 4463
21106787 97 7555
15419445 87 9598
17180322 3 6135
13561454 55 7210
10090117 53 4560
5100939 53 9360
26481083 56 8381
131251 55 8980
368025 46 1775
243120 97 1275
13723038 81 7467
3707848 11 4915
76193 43 4030
234482 6 2326
1026840 1 2471
4790368 91 3190
3316231 97 4554
481593 47 2452
6440043 23 7534
16156777 34 7945
12687841 73 5703
11177608 71 9903
1352092 60 4611
768853 80 8138
482909 39 5599
27196196 9 9128
1033562 23 1943
636197 52 1728
449299 9 1688
1120054 36 1595
2645483 75 3277
98301 56 1753
3009303 6 9953
9923776 28 4771
34590314 33 9658
3494043 12 9264
4511141 49 5205
1709495 81 3498
475913 43 9989
858654 47 3218
117978 35 1035
998715 77 1568
9805217 60 6650
1742051 50 3699
1116871 3 5687
10592207 73 8131
9965253 80 4488
10539258 10 5393
1613054 92 3348
2222736 48 3116
38068 89 8733
5815869 92 3384
1275255 99 8676
1906210 21 4227
32195229 4 8376
1922262 15 1918
24559631 39 7812
15565476 41 6855
231365 70 6058
13296874 50 8388
2904258 51 2907
1252190 67 7602
1152 10 1369
1300565 55 3795
39081778 15 9814
4156935 81 3407
2536 50 7445
282908 7 1086
1 91 1986
310989 48 6799
4655 17 99
55286 67 408
1437530 4 7709
238644 77 6486
1 60 4700
3385975 42 7567
23577746 51 7208
347 79 652
29991682 92 9693
132025 36 3313
3203544 63 2578
193030 72 4929
1956093 17 2002
36471 84 1482
1097947 9 8309
1 86 9665
6013356 29 4352
1523073 72 2163
33062161 6 8167
7133759 35 7949
4529 89 229
20571069 75 6994
1421815 34 9265
241581 64 6875
3326012 15 6617
2679451 18 6728
3879167 43 5236
15017925 89 6946
9307458 64 8553
1015620 88 2310
73003 74 571
238933 53 4164
17246 73 483
627887 91 2191
258655 34 7705
4180589 84 5696
2704370 72 4443
51462 49 5927
579714 80 8878
182991 65 1108
4484 7 3817
28997047 32 9033
18391068 52 8062
24563697 64 7761
7791016 1 7733
1597184 23 6522
280209 58 1376
38472001 43 9942
4401753 49 5719
18312127 64 7449
4770005 12 6236
19423226 28 9168
1 89 944
216248 66 6610
320329 55 8404
703978 47 3931
19767701 20 8506
187297 33 4713
24227632 30 8246
8548235 53 4874
2349338 77 6179
2923463 39 2944
971113 17 4139
764081 85 3800
6567 27 845
491707 58 3207
2209141 66 6053
652706 80 5910
126075 45 5117
3238769 45 3268
14446842 92 8668
1461114 40 7177
204490 97 5820
237455 41 5257
782104 26 3716
799289 27 6229
2776674 21 2987
4018783 22 7998
151670 19 575
4635411 5 3048
592552 60 1577
781014 94 8667
11213917 74 9331
1 51 1700
312300 5 1568
135584 96 2297
19305075 85 6996
1541855 6 8864
5776910 46 5167
4720605 9 7190
3142604 25 9769
1258221 58 4497
7413986 19 4289
18062187 60 9007
14987702 81 9654
5988363 4 7942
1045599 51 5797
1112555 60 1802
204299 2 1086
189393 57 7210
792157 6 5033
4121830 73 8446
19608298 97 8466
42594033 2 9881
19526875 66 7580
169258 83 2505
1605995 45 8779
4178645 34 4078
1468062 43 3950
3404274 21 9787
743475 62 3007
4338637 71 7980
400648 16 2164
8579606 60 8312
223776 74 1640
10362092 54 7403
5070767 11 3104
18254579 29 9985
9653115 41 9812
797660 91 4593
4922608 92 5802
1388937 88 4316
6096583 85 4620
14515 88 571
4756849 7 5598
4006885 82 4257
3843350 38 5886
2401067 32 5695
4750745 80 8157
2366275 27 5951
8134284 51 9561
6249536 28 9016
27101583 52 8837
192629 84 2276
2783 21 106
8799781 41 7195
456887 25 2389
1966831 35 2468
11526355 92 8238
965620 36 1828
5373 83 1501
24221583 85 7675
3080137 7 7536
1091369 42 4849
12810167 98 8904
1493440 66 3810
4410842 60 3118
610285 34 3134
441026 16 6046
4304189 73 6512
15117951 36 5912
7418 21 63
31521238 14 9591
2036438 71 5093
5872017 45 4598
6021966 9 5113
5140352 52 3396
12373 43 1685
3218810 14 4137
25211898 96 7799
938471 67 1272
1 12 923
32938 11 8441
532414 7 7718
14806125 8 8891
117820 43 6593
8799272 64 5028
5084602 91 4196
28947 45 4488
605631 35 3691
5257848 80 3678
572765 23 1144
8946187 52 9789
2219473 32 3413
6005877 92 9817
28117 59 261
10782992 58 5063
421938 25 866
1 99 8662
345059 66 9784
920633 13 4531
739255 88 1778
1612 78 2123
11832 37 5040
1 39 1980
1 68 266
3223280 17 2771
4267 61 126
1152389 35 3998
4008902 75 9334
2952315 96 8000
440352 78 1198
5735780 68 5067
869 75 1674
1488 78 4117
1711335 100 4471
2239984 29 8564
48580 72 795
323913 69 5974
18051772 27 7302
1919381 86 2249
4686 54 2191
480531 25 2320
166532 73 1111
92604 98 1696
556046 15 2059
29803166 74 8691
9255148 31 8531
9491618 89 9430
34173 15 2002
1 52 1828
214701 61 1723
3422614 63 4389
293058 5 1176
7909625 96 4447
2193740 31 2184
10957382 43 6351
3043683 99 4415
2240 82 2412
217081 46 8922
252976 30 2703
487874 29 1472
144657 55 7772
379900 86 2234
1291074 24 3800
125604 81 694
300036 10 9472
7219549 35 6023
16364 19 1032
15628301 11 9472
35174225 65 8627
3806155 30 4376
18605 35 9822
472099 67 9975
2255108 15 9808
696467 76 1555
3791247 25 3388
2285180 49 2596
19545392 20 7162
1680109 76 1950
7646142 69 9154
9546339 84 5248
1335 74 213
11674131 22 6988
2289528 53 3102
1295635 65 3159
37536 91 452
5257755 45 3737
1 95 4608
1984839 42 3893
53505 22 1665
43718931 51 9757
8523 20 603
575327 11 9370
7865979 60 8115
377802 50 2918
2834556 45 3172
2304184 3 4632
109096 94 2828
8100254 20 5266
418170 1 1835
14428185 65 8756
237740 94 9716
961765 3 4402
203388 16 2062
73518 35 2108
99621 98 8017
8232484 27 6904
27301638 39 7341
1412703 12 1966
741489 83 1200
1942840 98 9643
209993 55 2256
633315 90 8288
30185544 93 9055
567161 16 3209
16160560 46 7228
56333 95 740
4988899 66 5731
38654 8 983
1 73 4090
2630853 100 2245
7613637 98 7366
38932468 47 9309
57344 73 479
1993513 59 5375
43193562 73 9753
9362390 85 8435
91148 42 958
11672822 77 7055
287044 57 924
1626928 58 2478
1695184 8 1821
11740207 35 7844
352613 65 3398
427213 7 2874
4192892 4 7790
2275187 52 3918
1 50 3621
16554 26 849
1711759 31 4603
37498003 50 8965
4118491 77 7542
1866321 35 2872
42019 2 5834
19279231 12 6569
399771 98 8195
8768230 31 9950
2073838 70 3312
141021 23 1014
1586090 12 4445
30422839 63 9468
95654 28 6731
14800201 94 8590
32133329 42 8466
274954 73 680
860278 99 2981
3193785 5 4135
2596681 30 3352
16259565 53 7860
802938 43 8227
328646 8 4276
21170134 68 8745
377683 42 988
15235483 34 6586
31717423 16 9397
2997205 98 3216
6097647 23 3541
17133281 46 5758
20108090 36 6954
220565 40 1285
30901285 78 9574
5211092 84 8061
2090701 23 8206
822143 40 2916
3584328 73 5499
370253 61 1163
26348 43 280
3408711 43 9328
6848660 30 7819
30383 96 249
2410513 56 7799
19719133 31 8265
9471662 26 4876
230034 80 2139
191785 52 3162
1404078 85 5519
92092 30 3772
5768890 72 9961
1 95 5374
1293181 17 5769
3187607 82 3186
7733 63 4874
165235 23 5599
19837204 34 8074
10820 37 815
148894 79 6158
9616517 84 6927
87012 8 3330
139363 61 8646
44501113 75 9911
14035190 95 5250
25849 45 503
591012 78 1128
210114 79 613
20719382 95 7366
3915860 23 3297
87406 37 5201
231 33 356
74496 43 3353
15941393 55 8994
3365624 69 2504
27454978 60 7902
9192298 78 6464
18756634 93 6563
11762439 82 5889
1813 10 669
17745 17 663
32743452 92 8471
43565468 89 9870
327682 67 4235
50765 91 5969
2105149 97 7635
1096997 95 7028
13561922 20 5908
23286875 82 9734
23024475 28 9317
45836 26 9940
1263199 16 1822
7317 34 4735
1528861 53 5891
7558652 77 8448
2988405 71 2772
5284 20 186
47798161 46 9839
135727 40 1026
479103 30 7219
2102451 38 2519
34783 57 557
12477377 40 6364
5476249 31 9178
22304641 47 8720
22744596 80 7677
9007961 39 9643
4711326 28 4945
847101 70 5008
428668 66 1655
56802 5 1253
63590 20 796
603488 98 2187
13522862 82 8378
2665282 35 3704
2216463 47 2510
4316650 81 6378
331470 42 1656
5678891 80 3493
9101916 94 4711
29363 93 1418
5730747 73 8335
4505763 41 9698
4923 23 817
1691452 52 8091
576059 21 1228
280969 21 9902
2110315 48 5542
135594 24 530
47244 45 6364
4555319 23 7363
213156 26 4763
5158599 6 3639
7233304 100 6682
4458677 8 8255
327962 9 9786
130952 50 1255
315697 10 8104
2258392 8 3659
6266249 73 6590
2624 49 1500
7969799 87 5589
105335 19 2347
640079 77 1898
6422252 90 3912
1973288 14 4327
21643 23 1277
3195 30 52
1 81 282
21581362 23 8542
383630 78 4982
775475 20 3315
422829 7 2253
1642066 65 6801
10648752 79 8633
716419 30 6028
32231843 27 9009
5946217 66 4721
1063802 50 3131
778268 74 9685
41316181 18 10000
1 37 447
5180898 70 6036
1 100 3892
7699154 98 5334
4526438 77 7195
324284 1 1533
219116 74 8183
2175045 76 5925
6623299 24 8480
874889 59 3296
22691414 30 8098
4516316 64 8236
6983580 14 3643
35347 72 804
5165798 77 9320
2272071 1 3854
1918747 30 1964
126608 97 726
37515 55 8670
14163243 22 7783
229626 23 2242
2736886 37 5873
3124984 92 4966
19587646 16 6387
1528689 20 2039
618356 3 9150
2865435 94 2801
15904061 41 7175
164737 87 763
1199978 80 5866
32320700 20 8697
17896241 9 7873
1492894 23 2936
1536645 13 8494
176776 35 886
18565457 37 8874
481393 19 1996
2082112 37 4397
24388 95 8178
206533 86 5022
71485 79 317
3276077 47 3600
256190 65 696
1195823 76 3315
14156087 91 8120
3248666 12 8877
1887954 1 8674
2221865 28 4003
14871900 33 6606
1 91 696
87099 24 3509
52588 89 905
29576410 99 8735
11334271 97 7732
146 14 3883
3983256 3 9370
1518 41 1223
61207 57 4329
6765039 89 8612
7785074 74 9831
387157 75 9654
15521286 89 9195
3902926 77 7287
437349 1 2928
16942433 95 7709
6960170 28 7374
319765 76 3738
98753 23 7092
298467 12 4415
138396 47 6246
17528885 53 9383
3788162 15 3231
6993086 54 7602
296541 55 1291
431451 44 5572
145418 95 1160
136758 43 905
2395064 4 6013
8211 85 357
8396813 87 5044
1656312 2 3957
9498860 92 5006
3346956 99 5495
549855 50 2554
51268 31 3518
1090070 26 3773
2805402 39 5638
11689891 19 9465
1268472 77 6943
318079 23 6707
7584669 12 5339
2409894 44 5966
758994 63 1956
461287 18 1418
471523 17 1626
2948954 21 3643
158478 54 1261
261121 48 4829
4944235 81 3835
2783697 58 3063
191320 12 561
2598 36 7572
1434657 100 6407
1468673 25 2035
13225455 1 8278
22534880 4 7233
1019313 72 5823
4611474 56 5262
30698825 40 8999
1209287 24 8272
1188200 69 1596
7159145 96 5686
9957600 15 4364
5712591 26 5348
2937053 5 2815
71433 19 4819
39534 94 454
18517 98 1169
1 97 2990
2833 96 1394
13691629 47 6059
3006376 70 2995
17639252 20 7368
1207028 53 2938
19287796 22 7330
8379339 89 9864
246014 96 2193
16704949 4 7104
678097 75 1823
9321 28 384
15836949 32 7431
8775304 15 4895
3358204 59 4565
472761 4 2959
1171 60 89
6244259 12 4658
7380 36 593
6082880 5 3853
10438146 32 8144
171573 69 671
5401891 4 4251
1447119 66 5464
12629271 36 6611
2074332 95 3535
893343 95 1284
3645655 30 6269
2756739 89 2525
344435 89 797
15226673 60 9955
6648690 21 3869
279096 9 780
44456 33 856
205881 82 1048
869331 87 3707
764515 62 2789
5238785 22 7502
937163 53 2060
7166704 87 7721
31669 47 355
66871 98 6436
8349346 65 9255
18156492 33 6671
6503617 82 8480
426401 93 5476
81094 65 1045
26340 18 5411
12915350 77 6053
5273613 82 3944
7154921 100 8126
8256043 35 7605
86224 49 2300
721891 44 1122
3733268 66 3770
17014607 66 7291
1694384 32 1995
304331 47 4858
2890425 36 3133
320 38 5746
898231 40 4407
5946555 2 7805
9841017 3 6456
17376104 87 7677
3403533 82 7166
941556 38 1514
1596157 5 3116
184760 78 2231
227347 62 3357
34857063 33 8322
18481632 22 6294
934111 78 1811
334486 25 783
134259 18 3414
317456 20 863
687324 42 7624
7010940 72 7774
4646242 57 6196
17919544 61 7421
3055 66 2073
620433 79 5175
15979852 90 7644
175 42 192
4115225 15 4539
6845533 96 5119
1522564 91 2725
968 24 3934
717000 76 9828
101165 53 468
8585554 31 9286
11950348 96 5807
200820 6 1524
8944141 83 4592
2436730 71 3881
3550549 40 2666
466589 12 2845
6558324 3 3695
6675953 18 4273
6778290 31 5872
29143945 49 9659
8783952 61 8206
188106 5 7715
1007635 46 3544
15859384 4 7947
4546058 8 3858
10807863 20 5731
33191923 32 8720
288877 46 1155
4779061 44 5949
8059816 63 5248
14434409 33 5715
1443394 87 6048
42567304 25 9150
1884751 18 3299
37693 35 2180
4391445 73 4101
1097963 84 4950
990553 56 4598
282451 66 3055
758903 65 1751
8889147 48 7085
11239127 32 6346
2529006 16 2189
3974353 40 7605
12183143 22 6626
1484327 6 5011
78410 37 963
26517446 30 8862
388368 55 3589
1763584 47 2486
12585006 95 6511
22518713 63 8415
4358261 46 6356
1672049 15 1893
5363632 33 5721
1983245 31 2619
162011 41 8979
2743675 39 2472
2221332 89 5759
7675369 82 8097
101703 66 2614
2710738 79 3221
7391476 99 5469
2096460 43 2745
6482530 93 4470
3504075 47 9454
10294992 44 4658
1001601 58 6708
58928 64 4851
516719 31 5526
4041164 6 3208
209080 1 4575
180947 66 5634
11078225 5 8163
435167 27 1020
11496756 46 6998
1628591 26 3397
11229627 28 6640
567768 76 5267
6527182 47 4199
28164615 14 9328
2641003 87 4968
10302438 41 7378
661008 75 2249
33285 93 2421
2308477 2 2115
23228 37 540
1719501 1 3522
1005442 8 7404
1305094 89 9592
35186148 67 9529
10293 25 319
5912 58 4255
1342648 56 8633
2105004 52 3640
9317697 6 7458
981671 35 1954
4558881 31 6794
225404 15 1949
7176128 67 3841
1563766 75 2885
7021701 20 9896
464997 68 2489
1388790 32 2876
8310415 35 8606
692306 47 1144
4293701 69 7513
2487107 23 2433
12570424 50 7622
493276 24 3061
2670666 38 2321
143097 18 628
684023 89 8859
2900319 22 3615
11524 86 3655
32485993 95 9143
13838195 3 5474
952871 41 8640
1 74 6588
168944 66 5620
4447280 68 9649
3231064 100 6143
173156 24 3219
13658 83 1050
192594 38 1080
304625 85 700
108119 35 2039
21981 7 442
311958 65 9059
1086184 23 5602
6966909 65 4962
14942680 36 6405
754249 56 1905
72826 29 4514
22272 95 163
29349822 6 8511
14733 41 4612
15380574 51 7973
1524351 1 7066
5997682 2 8236
14379240 16 9680
125683 67 1096
1 52 740
321169 88 1664
1382610 86 1703
33410 61 9633
31819 8 961
13015403 23 8202
13553581 39 8848
1691634 93 8342
13029957 40 9710
5898655 73 7885
279685 45 1484
36732 12 552
5259052 70 6494
16036644 28 7183
616387 85 5179
1155997 19 6981
4949379 48 8349
798857 75 6570
16267933 30 8969
5979389 47 6430
10536 13 8977
398741 77 5157
26751491 20 9748
9207358 67 5582
863965 59 6798
5495212 44 5708
15133861 47 8112
97015 75 2719
672341 33 5091
2213049 28 4805
302507 66 1032
17789289 66 7307
1272536 30 4074
29671576 13 9365
17588953 89 6861
1229769 41 2350
298066 86 3515
1078441 57 1474
126736 58 2619
2659579 87 6909
6646526 24 4193
12635087 62 6719
337884 18 1720
967925 66 3180
122619 87 4108
45075 89 245
102677 47 1270
2122129 53 5002
23058483 44 7172
15682248 63 6664
10904 27 7674
47070232 71 9722
10649851 55 6618
8886470 62 9639
2004116 59 8741
8828035 29 4621
2784945 37 8608
1179676 9 2240
4225679 1 6456
10048653 13 4623
22671 65 216
19655971 46 7162
1057632 25 2073
3101976 86 4833
942299 68 9541
1174686 20 1723
4011665 70 5153
33213 51 9467
594895 30 1191
4261474 78 4139
4635690 61 4830
5160516 26 3428
2124918 56 3793
18942 59 158
16870240 99 9820
260811 36 3371
318804 16 3323
4088844 7 4983
543881 73 3311
84878 67 2202
13668101 7 8065
521023 38 4359
4699996 2 6175
381294 51 2277
10254934 100 4966
4523455 6 4892
1 36 4938
4514 48 280
73447 50 2416
78308 53 415
4699508 3 7004
229429 47 5796
13359967 24 7928
2653312 93 2568
372852 84 8334
12427537 68 7138
61683 39 685
1 76 5542
110419 58 4464
2223171 93 3325
9215151 90 5115
13578467 41 6591
38506 54 660
869684 76 7764
21224060 80 7073
10287246 30 6530
2620923 78 9777
31102 57 256
66951 92 2105
9818953 30 5801
9051 45 6540
5591381 23 3708
8613835 67 9806
16477609 34 8838
26400616 94 8460
2860079 64 3417
1840530 79 2194
29038052 87 9907
4837386 34 3760
29274 65 163
2544323 19 5086
7843693 24 7264
562969 99 1524
506659 67 1834
52173 84 481
4016074 45 6190
1022746 76 9983
14470881 35 7277
2865 35 2220
14063647 24 8081
3440758 64 6328
14785 57 322
258985 98 2868
1700049 61 4446
1432175 51 2463
323309 31 920
493056 48 962
1705503 22 4640
418439 64 3522
6369356 16 6261
37881102 4 9226
714 16 778
1200877 18 7508
1067842 33 1388
34738360 100 8839
582433 10 3241
383694 74 1342
534988 72 1139
15498794 65 7156
1778298 61 2074
496426 78 7335
2247277 37 5008
4196363 38 8025
21227082 74 7973
1433491 33 7975
33912 15 208
22435917 14 8870
1049088 92 8228
8735147 69 4611
22838362 98 8568
12134470 76 7757
3590 81 2544
3548336 70 3696
695051 5 6957
18690773 69 9270
6650595 27 4521
1719247 72 6369
6725653 53 4293
1149846 19 1800
296219 17 701
984134 91 3138
4184145 94 3419
127356 62 1460
3469288 49 4410
1 15 5920
11519092 85 8657
39 62 3764
19093489 48 8339
6567720 86 5326
14676183 53 5825
8031078 95 4751
43094759 2 9954
63132 61 5206
136786 69 4282
1644840 79 3222
6232 50 198
23760 48 576
17299939 98 8569
1620602 13 5284
397417 73 2148
2705245 98 3720
13368017 74 6109
1743687 54 4792
72737 34 686
69495 18 4768
1079470 28 7591
3480623 59 4479
5741895 29 8825
15373188 60 6297
2356020 86 4166
7336158 14 7447
99662 99 691
34510483 63 8913
1874616 21 4010
3602297 29 3899
5295546 61 7592
657932 38 2309
108751 3 444
1894216 98 3418
1381913 13 3153
6030236 63 5309
63362 2 7691
263154 50 2202
8113094 27 4035
355630 99 1142
1160533 13 1733
340822 12 818
2891349 83 6778
200479 69 1762
6237089 22 8913
6962240 86 5011
10605 34 199
1923870 77 2331
2495320 20 2171
13218607 66 7679
10377430 14 7013
17081228 12 5836
3484083 9 2677
505989 8 5774
1335517 53 7878
4776414 35 4044
316157 61 7532
123089 74 1532
20860 73 151
425694 96 1471
2311543 67 4385
20869832 31 8125
18303 94 2190
2753 55 1849
331051 92 1394
1222528 98 1922
503637 51 8003
7479128 66 7144
242837 10 1017
9559970 97 5040
2729 56 1747
18840 88 1938
106865 4 1020
17660081 94 6812
177034 29 1880
123237 91 2503
13592772 61 8230
224624 57 2362
2804740 62 2787
7047446 52 3665
222554 14 5647
1 63 1567
28787137 93 8722
30020 73 2427
17683129 3 9408
950526 7 2782
6258098 96 9070
417137 31 2012
566250 65 5846
3957541 10 3859
2132881 47 2854
2566986 30 9454
206409 74 3853
448146 69 2486
1516743 71 3895
2645116 51 4869
17895137 21 7170
11892162 92 5299
331965 46 6532
15006666 83 7990
122240 16 5226
1489050 19 1778
79624 59 2304
18090985 17 9972
725121 48 4873
18454435 25 8707
18360 9 1590
1874621 73 4966
4992862 15 3849
8203762 39 4319
215052 72 1133
1357843 25 8273
576696 98 2694
22174356 34 9503
227879 27 3739
173591 93 8261
17684548 66 9149
29464012 65 8111
244714 72 854
2483001 44 9755
204703 93 815
1778001 3 2203
19669211 31 7768
790926 70 5505
452496 30 7628
2556583 41 5128
11338531 21 9568
250413 40 4115
1622935 35 5149
6319 2 455
436487 78 3977
9722492 38 6332
36034208 21 9713
110065 46 1687
552863 3 5144
4997031 49 9875
3843284 16 7718
658886 22 1376
249102 23 5415
19872 5 738
25149214 20 8183
2642379 61 9737
30850 16 292
21948880 17 7140
48940 43 5396
1741470 9 2547
5877325 10 5732
385521 43 8885
14732994 40 5963
28262328 98 7736
1053961 66 3523
36679 28 1431
3883033 89 3628
4884963 23 9022
39379532 83 9317
1509332 4 6217
12585720 48 6914
94021 89 354
4013804 52 6751
17729356 97 6375
63922 88 1994
277331 29 1260
16043252 62 7812
17428854 40 8825
528319 72 4116
11792165 30 5939
10043 3 279
2536185 28 2203
12808047 48 6580
98173 76 9986
25745630 23 9039
4340603 37 3233
870620 24 6157
23269094 67 8128
2128340 7 6224
5544463 20 4324
5137787 25 4029
39219 21 6835
761277 96 1711
5711397 19 6751
2319932 40 4379
147376 67 6324
428852 81 2732
12663511 73 4959
2188378 52 4074
28832358 4 8987
46419 36 316
100536 59 720
6267900 51 9451
2097396 93 7888
4131080 98 3866
29402064 24 8725
4651012 37 3017
2880295 95 6665
3327193 82 2637
17477311 30 6961
243764 93 835
1711533 30 3905
4750937 28 6926
2675524 100 3175
1400864 80 1715
307563 76 2134
254542 34 900
291112 45 3839
277394 98 655
11711169 77 8994
349532 90 1135
247884 64 2087
297427 5 2277
345813 34 2233
20222050 50 9950
89661 75 9052
24301 49 232
36215197 71 8915
871097 25 3779
20117037 43 7659
10614340 72 6468
1431074 62 7421
920054 62 5131
2679655 64 4536
32506 47 2394
320208 95 1702
23691685 30 7444
3266701 59 8034
165301 88 661
6999064 26 6966
1424789 25 2158
690069 62 1644
22783756 57 6921
118357 33 629
32185948 24 9297
2147446 90 2343
12337874 37 6172
886091 79 4186
11159867 92 7874
3505296 47 3343
9053709 87 6704
3671642 17 3328
3938018 28 3249
35824132 32 9250
1054078 19 3573
2323261 46 3179
20614 36 1564
1499 69 1058
9930433 86 6143
4563774 23 9034
14761898 21 6012
16927250 91 6376
1398 93 3154
6577002 56 5802
11744576 92 9569
18043 28 2196
16255212 44 8360
316211 60 7723
2991234 17 5371
417166 41 3522
19289366 98 6687
3417321 36 3235
26959910 88 9557
10019657 25 5908
109387 43 537
711722 38 2554
5338583 48 3433
227133 46 2008
13319469 57 7332
40109612 57 9895
698103 89 9577
91091 39 1359
9633991 50 8811
730506 33 8943
10055373 77 4687
5823036 80 4329
3273669 25 6504
5271498 89 6639
14984348 15 5552
2680105 97 4767
1028577 70 6941
17433503 48 7188
1614385 13 5067
34492233 12 9532
257948 57 9396
5939478 6 4088
31707423 36 8517
993833 75 1739
1694333 75 5130
5428 1 482
138818 97 4873
1083978 87 1663
16845750 55 7803
1914944 38 5453
17366613 49 8718
4470854 79 3437
9720993 76 4802
768800 15 6797
2406751 45 2489
4728578 97 4643
1107343 21 8980
135857 95 8948
28833 28 335
3599969 35 3992
5872578 80 4708
34656 8 1124
5876627 68 5180
2610452 21 8101
771 12 1129
5019193 39 6138
1016859 32 3944
236943 76 3831
609163 7 9521
1328180 34 6633
3355254 92 9104
165117 47 1464
934469 25 2151
9229739 14 5433
25099712 89 9526
13244646 80 9093
9286436 24 8245
4272951 24 4305
702935 90 5743
13014227 37 5772
456808 25 1038
1989799 34 7795
432595 50 2922
257772 12 5788
19583550 7 7603
2853060 7 3287
221107 85 3812
4024485 89 4624
55907 20 1772
15995948 5 9516
15370820 77 5754
332483 27 905
17075976 70 8640
240560 100 1612
16328 85 1256
5242074 14 5499
226027 12 6445
2543191 96 3353
5260 68 2340
117925 88 2595
1617502 77 2790
2275623 94 4563
7590645 34 6419
126170 95 2287
217518 24 7002
10965427 29 7936
2264816 9 2089
554487 73 1443
882274 38 2270
2014855 53 5700
4137676 61 4741
10138097 31 6675
11920254 95 7751
306612 39 9415
183730 76 8557
14664734 52 6720
16520138 26 9013
1351994 44 4063
16493735 48 6046
14747327 70 5607
43418498 30 9785
32926689 50 9685
11963041 46 7559
23724632 76 7562
2274 19 425
161660 38 7327
17371 91 4408
13548666 77 9418
1022100 3 5972
1642516 34 3730
1359850 96 5212
44521 85 815
9636388 94 9262
3157708 94 4783
3996466 95 8172
1131259 23 4217
52172 13 3549
1955166 37 9704
8011384 96 4868
1903770 68 2143
8240011 57 7277
20912574 86 8820
2808999 81 4065
152678 65 1541
849437 37 1612
352474 46 6735
3278182 55 3625
16966872 76 5820
235076 46 3940
984696 42 1359
5690765 92 5274
728323 53 3190
7338497 26 6000
182865 52 1642
138912 80 1022
7815210 11 4703
2963934 77 5177
13198864 71 7036
1594069 95 3827
15078127 64 9802
159751 86 480
31990551 43 8439
1 40 122
3881905 27 6587
1682718 52 3128
4932987 48 5392
5245168 89 9404
3696927 16 9789
233426 25 7039
14137 81 1717
5129 5 5679
7815218 34 8217
6012259 70 4005
170501 51 1353
154367 38 558
3036169 82 2574
8763442 84 4701
1351 79 2445
10830200 45 5258
302926 49 1826
5392012 59 3369
3757998 19 3777
237950 98 4838
5133 48 586
21528524 32 7814
2563 27 657
87732 26 1711
11484239 97 4913
1656310 88 2581
265813 17 2018
567 2 3794
9832411 90 4520
1043793 66 3182
186496 38 692
25441668 55 8202
13767826 45 8069
20145 54 5002
20131165 2 9298
4430646 38 4746
1408946 44 1923
453002 98 9168
3691241 17 4436
158605 55 1112
69016 50 624
2914458 96 2373
4099634 40 4470
4756932 19 4039
1104796 2 1609
16965842 13 6451
2028862 12 1948
42155235 20 9317
1203151 72 1557
4933129 10 3641
379315 43 1128
13710918 71 5435
19647721 94 6325
29125303 92 9474
7346244 98 3939
41496 77 7899
768435 20 9284
2123445 44 2765
16360751 88 8369
1082238 28 5422
11014177 35 5761
251215 41 1886
9850943 13 4571
485451 78 2949
15668185 25 7051
6376437 5 3875
9197142 88 5038
9827707 36 4409
10044295 45 9000
121640 62 2906
5858349 58 7374
568356 92 2042
8569174 88 5839
5140 23 1864
5314736 22 3897
10532267 75 8938
7614449 67 9506
845764 58 2491
4133807 95 7489
1 72 3279
15230583 71 5490
27035236 58 7324
6420503 84 4482
167519 100 5121
9871752 24 4530
36908376 54 8620
70932 6 3318
33965812 83 9613
518533 14 1196
8080756 41 6087
1 61 6405
5695076 16 3685
2127265 2 8760
3265830 87 3330
899743 85 3914
2514276 39 7599
129684 5 643
59824 29 530
10255 4 2018
2156033 82 5517
204615 8 4702
9268292 81 8147
444275 86 4498
1120563 37 4604
6002803 79 7478
397929 49 7507
20659 2 8757
9805 97 486
1051073 50 9005
15406287 10 8163
275999 75 4236
1 43 631
13372144 19 5884
26627795 38 7328
706751 69 2322
92347 78 3828
12007822 62 9699
1044221 20 2442
7320814 89 5362
32498786 53 8129
2854625 29 3175
5053669 59 4341
6077462 93 5640
48091 98 1152
40614473 90 9465
1802007 70 2007
5025 19 7420
2749320 58 4096
27723125 61 9139
467258 9 1397
683005 44 1560
4605729 97 5237
50693 96 7704
3144497 61 3404
690933 90 4098
172696 18 922
161 76 8425
6084633 12 4519
50356 46 6390
5311764 85 9685
2685491 4 5156
4690193 68 8110
2409468 78 7787
2232 76 2242
18277967 6 6595
1422645 35 9229
10039846 65 8980
595423 77 6750
20582290 93 7222
14734970 89 8030
1 88 519
748 66 3469
8547385 62 8118
396144 34 8415
9130890 44 4390
68833 87 8358
51255 24 5503
201881 63 6050
103122 23 6207
1093 96 1709
5895781 56 9335
4774342 70 4513
172692 82 1037
106515 15 1492
5096913 95 4183
32008 74 213
2264456 83 2823
22925 13 574
453498 17 2594
188929 84 2091
1901336 28 8532
3416838 72 3215
1759978 86 7699
1633581 73 5848
20282895 89 7205
22651681 41 7173
191795 35 6517
859003 72 2721
3961088 84 5811
922444 19 7059
2327292 21 6041
4761934 29 5622
567155 86 8538
366351 62 1278
6301321 77 8601
58922 1 264
24769845 27 7175
2451415 75 6622
857567 98 4099
1042734 37 3539
4567706 78 4921
203373 27 5058
3396 28 576
6413 73 455
3593252 60 5077
1366856 49 3512
99319 80 400
22862741 32 8555
3277523 21 9263
1695868 76 2169
15129194 13 8567
28064 64 3288
839783 5 1932
29241 1 2555
2654053 33 5607
27047494 86 9412
66164 30 636
2211527 84 8735
22925663 75 7923
1550926 51 5323
3716631 87 4831
271 27 537
52973 65 8267
6276536 23 5846
8877226 40 8608
14846 85 2571
27558702 87 7698
211781 15 2635
8809684 1 8933
27427 51 1469
3145269 22 5215
6439413 45 4725
5909686 85 4517
28950464 1 9739
6134840 53 7185
19342965 46 6951
253740 61 1651
5484897 69 3498
10988 72 321
2008902 56 2096
635042 87 9667
23109138 75 7013
6433681 54 3844
16223898 68 5825
1228846 67 1555
18416063 8 9713
278039 10 2410
15437693 12 7370
7283799 64 6318
628011 76 9509
1062923 54 7264
1146673 35 5506
682240 46 4717
12356277 39 7288
5566715 98 8715
3677130 65 5891
90457 79 1669
1161762 13 4896
13759520 35 9409
29001692 58 7836
923695 37 7132
960875 9 2912
910960 37 9216
35310989 86 8762
78930 56 7504
2439690 94 4393
28633129 51 9837
876729 36 1253
347514 30 1230
31858 64 353
3169938 88 9821
192991 4 5091
11005 33 1198
14056424 67 5214
851 83 139
241492 51 2968
219049 41 9799
7949941 94 9521
11084863 63 8011
29042007 55 8143
11823082 91 5160
2076445 33 1993
3861 13 8528
272416 52 2295
9079 38 3797
496133 51 2326
16712027 56 5824
589585 18 4175
10916159 23 7339
1479491 55 2583
65741 92 324
437036 40 1431
2776847 91 8696
3170316 28 3167
10410480 62 9209
29139101 40 7952
1806831 99 5896
436016 51 3911
2771619 44 3262
5649795 50 7130
3408452 94 6376
1218555 83 3754
6171088 8 4855
27650394 16 9316
1590766 18 8989
18098802 73 6348
11004489 75 7836
114386 23 6394
3948 35 2095
181522 50 1084
13025 7 4237
30972317 92 9895
938761 65 9087
16577267 24 9308
1680419 82 5057
199859 74 1451
19264856 93 7432
19768753 94 7164
19328952 14 8890
10263379 62 7265
1141197 95 5644
27745 52 145
3742078 67 6708
546986 31 1118
252598 7 1855
119479 25 793
361401 52 4212
1763534 12 8775
18120 51 149
5834044 20 4281
7380185 84 5101
31560 79 9553
385418 82 7427
39352 38 6383
3947298 79 4896
3651394 81 4907
3254461 92 4324
149402 91 4108
10856293 26 6071
2440548 74 3234
182976 57 554
11143208 26 5258
8886640 59 5888
18110114 68 8587
7795494 30 5933
729987 15 6153
2115123 86 2416
12883923 87 8701
2101632 55 9373
135304 83 2057
115286 58 3930
1028672 39 1737
27367 88 169
23928883 86 9708
1645275 59 7940
106440 48 9296
1458099 82 2786
437375 95 9069
558993 41 3405
4719557 29 4927
41728136 83 9958
1 15 401
44199657 41 9696
164421 80 804
103958 41 5438
4128454 46 3154
6271963 79 6156
649651 88 2307
12037733 6 7398
7052951 90 9847
2230752 80 6223
339099 20 3511
152879 3 1813
6533515 20 3781
7785889 2 6746
331 45 4412
94373 30 854
10555 100 8681
130780 29 583
355006 72 2919
3141457 69 6655
42889 3 203
1 89 5808
36906 94 2674
46225 99 7182
21938602 58 7816
38568 13 1196
2549345 52 9605
16322963 70 9239
2405432 91 2676
21663246 64 7278
4560829 90 6219
178291 76 3100
3064887 18 4272
84311 54 1652
1958444 82 3706
1456904 69 8231
1210989 20 9226
17011750 86 6444
23508125 7 9846
3333989 43 2845
3027629 50 2600
1198739 57 5796
31755 90 1263
17241017 57 6422
21712486 29 9889
1049652 25 2004
29650 31 305
38858105 23 9325
1 59 313
9591328 4 9727
3150201 12 3742
757652 80 3801
46411930 48 9755
15889 25 3665
1742313 54 1927
3698497 80 6088
6260017 72 3688
1884468 36 2211
14674112 89 8413
6081196 4 4156
5336541 61 9393
8880919 94 6874
292 18 9650
2651108 96 7836
728893 67 6205
586262 85 7728
3500359 43 2592
59395 20 685
33366 89 2474
3192232 7 9277
646824 32 1239
36872 13 3161
824885 74 2801
480860 36 9202
68483 52 2585
2686387 97 2376
4678 13 1573
36721 59 1007
8915046 59 5555
640776 95 2391
9725349 75 5149
528765 47 1563
2954739 76 7993
2392877 5 7512
4944772 69 5422
29591447 47 9088
19375 70 1775
461155 88 4780
3753138 88 4526
1080750 48 4958
9405537 30 8604
9772381 85 6437
1892959 33 9735
24477 31 960
2235834 58 9660
7382 58 275
1191688 6 1909
14216227 74 6748
19195863 36 6864
10674297 2 8892
20349 57 376
704371 30 4377
45168 70 6740
2644979 93 5265
1984107 56 5853
1594106 39 3052
27350047 94 7792
1421569 30 6134
102350 73 3701
791389 70 1226
30060 35 2117
131368 70 823
6435366 77 5066
803323 88 2020
7959695 63 5431
10498224 92 5715
2401091 54 2203
52965 13 739
4403563 26 4953
4434188 85 8974
1420518 33 8065
9775598 39 9720
1431768 13 2912
6111598 42 4549
2490265 3 3496
14558293 87 9696
935190 7 3848
4752634 64 5449
7518702 88 5206
1374360 51 4390
460267 60 1116
3061957 40 9584
1813465 25 6594
564253 21 5459
435335 41 4050
6456487 41 9766
3905954 20 4013
1353 7 1663
4894786 40 7816
244287 60 7577
109799 29 1029
66826 80 5570
5405651 50 4501
2434671 82 3597
427399 18 3563
5485588 27 5231
7090 74 687
46097027 56 9570
2447140 94 8157
21915480 100 7406
13345 56 4047
826158 7 7728
247907 57 903
513633 23 3717
5896206 65 5785
3630386 22 9546
15907 50 3809
304186 9 2948
16531451 82 5898
85744 64 8034
14671 100 5328
180332 16 1216
535243 25 1231
44553193 10 9838
12333538 85 6859
1665034 9 3047
3560470 85 7366
25228787 19 8177
2833425 16 2765
21187907 27 7543
52710 46 444
2212148 36 3087
15143314 16 9165
123468 53 609
9470 74 1190
1 29 2053
1762413 6 4253
3157443 77 4638
7036588 93 8932
2561149 79 2234
4182598 54 3477
16207453 85 7720
68817 38 1450
23466 39 8310
398392 19 2384
25567 16 387
1 95 357
1584040 60 2278
141300 74 4389
19591181 2 7701
1819461 29 7633
3300698 23 8036
4077426 35 7189
4276352 29 5328
2027091 29 9005
27019 17 2030
25327810 85 7053
50313 45 349
2636057 50 7426
511554 35 1123
2934082 93 4507
4743532 73 8674
12894413 21 6682
19110750 99 8468
13217839 42 5444
475 5 58
8254646 46 5511
12316939 57 8416
11594305 91 5298
1 50 112
385638 99 8855
30607752 64 8038
463543 86 2631
368242 13 2381
27392899 99 8416
32176534 45 8983
13571289 28 9982
10335452 82 9967
16680726 27 7119
1237084 35 6168
1607091 10 2508
10179800 81 4588
38623 28 345
6700020 2 6291
6546133 64 7592
91262 66 5599
1974576 44 9430
28822149 18 8413
30470044 6 7997
905635 30 2085
1432608 5 2186
5469219 21 4081
4352261 93 8163
294418 45 970
7128619 58 5068
781393 91 3664
14254531 26 6531
175 78 1358
800163 10 2147
33237413 19 8897
322776 43 1149
34789844 1 9702
519474 67 1249
2407519 51 2166
3901272 42 3743
194518 96 4274
1708333 91 1889
642 49 897
19896492 74 9935
1237854 81 1735
9568622 30 5900
10958425 12 5429
27817747 17 8167
1378653 30 6576
112007 32 2194
5244045 50 5900
17429 79 2500
64654 17 2621
19513865 15 6504
2854570 73 3081
9039089 68 7327
74185 96 728
157492 12 2319
36364 46 5359
100917 59 4952
1108546 84 2246
2278422 70 6184
21744523 3 7267
17490835 82 7571
993324 96 4417
1 77 1430
4113598 98 3148
3890 19 2715
166012 85 3880
6113 26 398
1060671 57 2774
16445059 63 8159
525018 17 1314
31886899 87 9348
145628 79 1418
8376560 97 8122
41032692 49 9520
2682217 46 4739
193033 99 9283
448954 88 1069
4526750 62 7403
2178654 39 5399
119315 83 7222
208306 3 3428
9835133 78 8152
122942 99 7748
36475 67 406
5597351 2 9546
7356748 11 3914
13046180 71 6664
7292258 89 5318
696881 21 2133
4815 41 244
549395 86 1894
5927943 81 9586
4185825 18 4324
1493895 78 7391
12576286 65 9791
43188 76 6297
25356745 50 9859
4547839 69 4322
2988833 74 3521
323138 39 2968
7187362 51 5520
596817 84 9757
2658731 8 3693
1978969 46 6342
13425134 59 6303
306239 57 1266
2119122 84 3117
3227972 21 7306
2606261 95 9830
7775 95 4717
600534 37 2435
1193015 14 9004
200636 15 2366
757963 58 9946
2357195 98 4274
18935782 81 6130
243214 7 1246
760384 79 1483
7907 52 1209
5864546 18 6186
21137009 90 8439
19596099 39 9648
34294825 29 9904
6994791 94 9705
2529725 68 4848
29284 34 353
29281543 36 7771
5622765 38 5162
251587 2 1243
8695730 98 6077
41427 14 412
47942 72 4511
11244 61 3183
232835 14 1754
1367240 39 3803
187136 20 2276
413749 49 4906
40080435 96 9856
319565 10 2932
142212 92 682
1871045 40 2492
1570 34 415
2008937 58 8466
1637976 74 4379
24582680 94 8992
2671910 78 6954
7042765 51 5368
12149319 35 8338
3218093 38 2840
349010 66 937
2374012 73 6824
22312646 75 7608
10313 14 1557
25968 8 905
26862591 93 8542
111 16 556
1962716 25 3532
14318791 15 5851
817319 66 2822
618885 96 2525
17041284 7 8097
231639 54 1495
82372 66 4052
6013 34 4515
1052463 11 1779
351820 69 3464
1662421 50 5435
1377057 57 3334
26426629 59 8638
3332988 5 7307
14544729 30 6265
1452998 28 3423
1056 32 126
267307 71 3387
10316490 39 8412
4355430 20 4809
37339900 92 8693
576860 67 2449
813237 12 1486
1 46 1155
864670 69 5280
17174503 65 9659
149344 82 6966
8377050 57 8466
5388175 20 4911
235645 62 1516
1173972 26 7091
10501630 88 6347
150905 34 7441
596263 43 1639
33462410 26 8592
5422977 93 3599
110085 13 6615
6714987 52 4782
14668 90 275
21577571 97 7647
142506 65 7157
474 53 2416
312378 10 2803
7800798 62 8250
148850 67 776
100869 77 3840
4201477 21 3061
4386320 24 5201
621736 7 4552
3361306 63 6327
56474 65 3149
670783 24 2604
9856273 46 4448
60752 59 3871
950384 57 4010
3900980 40 4138
3407622 3 9446
1036195 65 2778
181561 7 5703
84310 88 5957
202169 28 2310
115686 11 1710
772141 1 4183
133118 39 1262
8906732 4 4514
585999 30 8812
12771889 85 9827
19294523 59 8170
11069524 13 6370
26838 53 2783
1117648 23 2720
38693 40 441
2482817 67 3999
16126 23 351
24322038 31 9771
5485775 5 4172
1 49 9972
1636212 48 7799
355653 60 9435
2670743 54 9558
9831732 32 4732
28140832 2 9877
1788083 18 7880
1725569 50 4467
2338215 9 8805
2498295 88 5791
149257 2 1896
32376583 35 8510
3107855 90 6856
2262546 78 3175
2229 19 6434
1605279 88 3713
17353268 81 7931
54078 40 4192
6036362 4 7226
7044 13 3476
854295 74 5929
1869390 94 3759
3457461 61 7250
124639 63 739
43584040 69 9628
672489 95 4127
20623074 66 7425
7673105 95 5907
3076713 85 4118
85408 16 2481
37050 73 2020
10927458 16 9323
15452 66 876
48676 9 625
12690759 52 9507
463576 48 1250
7376308 81 7545
823801 24 1332
7685639 5 8987
5150211 47 5529
5448044 87 4011
486468 70 4831
17111263 60 7446
317687 90 2332
17962745 65 9575
1126768 35 1766
1067159 16 2055
689604 1 1940
2887909 90 7527
22110466 43 7299
6316059 63 9834
14127 22 80
1 44 8406
1 95 2349
89777 6 4837
82137 17 878
3084695 10 3935
157575 8 2774
4849440 75 7615
13799574 74 7243
8145 16 5803
404802 37 3155
3031 10 253
10794927 70 9957
716486 27 7026
9806552 59 5397
14786300 22 7571
4225840 19 3049
1677057 68 2109
648542 28 4196
20065163 83 6565
252981 99 7501
1184121 62 5222
365941 86 2355
24246865 57 8768
10730641 73 6320
5832333 7 3377
17372051 34 5885
88040 7 967
7412904 85 7363
159504 11 9202
8984811 58 8345
14791656 46 7608
1380876 72 2516
19904719 85 9946
99191 3 4386
1694775 41 3093
3864630 75 2766
2523344 57 6513
1448480 28 2566
25062530 8 9255
7670591 99 9830
16254850 5 8038
6594117 30 7137
1047691 6 3406
9601407 96 9434
4251742 97 4036
193262 96 2258
1807905 33 7364
279808 34 2994
557473 17 5123
19465189 74 7756
18081331 57 5970
6650 86 145
806569 27 6693
144907 76 2769
119715 70 1769
2163343 29 6532
4821 41 1075
22718373 100 6761
13915135 19 6245
112464 11 488
908198 94 2070
51519 26 1720
330883 99 2844
10717942 75 6367
5361245 96 9042
16956 19 5440
1330535 39 6206
584095 84 4493
45940 45 287
190312 94 3272
22469197 88 9429
2693012 52 5901
4432223 27 4232
259779 16 929
9665408 22 6612
3411325 32 3842
7400078 38 5846
33421314 60 9961
2140572 57 3201
7463670 17 4481
2025743 94 2657
877053 63 4904
16449815 50 6975
209958 37 3143
922335 60 1919
17265 17 6576
584896 62 8026
613174 90 7130
726933 65 3136
13543242 49 6838
2784023 31 9013
140444 28 6459
257156 48 4739
878300 20 5856
8515656 60 8663
30307313 59 8780
1094845 70 2786
3176332 59 3772
7920880 57 7800
472124 32 1834
24561431 43 9697
5545162 55 6744
975825 46 6654
1008525 1 3943
19740 63 249
1335 72 234
1569756 5 6747
3753070 53 7584
7431 96 3256
6675074 85 3945
3034458 16 2550
17036256 20 7187
8461331 21 4583
97851 29 849
1128236 37 4634
1870955 80 5608
17057 77 350
47424 44 7743
167811 63 1531
497432 3 1151
77077 16 846
8780074 87 9521
520 1 9222
528622 100 2043
3365065 6 9761
25946 32 3920
14987 29 659
28888 2 9079
5802512 41 7647
486203 17 8143
4181 58 171
1909609 19 2651
5677990 50 4926
6046636 46 3479
57700 54 467
1849864 52 9074
2017290 16 9526
13492924 40 7820
10037852 77 8055
8192775 96 8025
61119 42 414
8116668 5 3939
406441 21 3174
69638 89 9407
26060301 12 8887
3192686 19 3031
989998 83 2721
13662 26 93
57693 70 2058
19487772 95 9877
17159 23 1589
24407 85 398
5239111 96 6573
2020737 1 4087
534164 92 9448
515319 80 9433
3719771 35 3078
1543 11 5374
5045393 61 9895
47591979 63 9944
7540 48 7330
11236217 35 6187
150374 72 2216
800429 69 6561
856662 50 2838
8964928 38 4943
3184619 57 6868
157068 15 655
2134490 79 7650
951435 71 8235
17224081 76 9255
3114923 21 5524
4256259 8 5550
442839 30 1019
1252 56 2695
3574694 84 8190
13525985 45 7789
773309 30 8531
1451538 22 4876
29695361 48 7805
15885 37 3891
10489137 56 8151
8170332 29 9593
5697159 19 4494
53231 44 1894
128591 19 408
2225185 32 2045
19185 46 4277
22525178 18 8598
901389 94 1351
267180 14 733
184321 76 3412
7491 18 638
706980 38 3373
2439667 88 6868
1633051 76 2182
13454289 24 9482
4975089 6 8176
2446140 75 8075
44159316 50 9414
10304071 3 4959
11279 26 6207
3930959 24 7877
5551257 27 6963
605284 37 6280
849838 87 1889
15250884 60 7242
3334488 31 2906
16779 52 3537
12140941 65 7692
2258131 21 3212
73972 75 3785
104762 97 1273
241261 73 1983
11731968 12 5518
450809 95 2870
1196730 6 7076
3616 7 22
40357664 82 9252
9215077 26 8031
6124220 97 8970
461169 44 7256
81674 85 2972
12613495 67 6697
1134966 81 1538
2326625 9 8829
1294533 79 4978
7939064 17 5622
8312018 75 4358
8114206 68 8140
152504 8 1232
221862 99 9141
23705 45 5854
1936389 20 1925
790272 45 1359
7829653 62 4645
9894626 50 6833
5213582 63 8238
5120932 38 7406
31207083 61 9409
27472097 69 7333
2429517 90 2555
37990 30 508
19101331 32 7910
310002 78 4039
150954 94 8262
56866 33 608
41518424 35 9420
21602818 1 7081
4586198 85 5538
42500314 64 9537
1353451 30 3671
378245 32 1563
1863818 52 8284
14677463 13 8121
4365140 54 7967
644514 26 1411
9288717 27 4422
6619194 66 3727
118166 66 1637
4395415 17 6810
1 27 180
1472701 70 3814
9677 7 480
492028 84 1697
12211411 46 6967
7589263 81 7045
12775919 25 5931
66672 45 993
246416 90 2131
14782258 94 8043
41218200 14 9945
416470 65 1501
184796 65 6313
508910 46 2021
6962112 24 6191
12592160 69 9114
10922972 15 9767
38097646 71 9699
2304359 97 6605
18188110 81 8929
1594742 10 5426
1922298 56 4183
9851897 8 6294
19715199 32 9623
112034 96 460
609914 23 6476
149547 13 2094
765702 39 1545
5413885 56 5975
2100292 60 3004
7606 22 169
7094898 16 5660
119026 43 1721
964397 60 7980
5546278 99 5234
94980 56 2235
4770906 26 9855
16209815 67 8522
7077598 39 8138
28271 34 3028
398200 92 1827
36478 73 201
135653 19 665
316476 83 1709
25706300 40 9346
21480 91 2344
99058 22 1061
16295991 25 5893
148984 74 9528
10933981 63 4586
1220981 98 1500
20477204 48 6591
309627 58 1960
6362750 51 5964
6773827 88 7072
42480183 77 9173
26495 7 882
25733638 37 7421
4694763 26 7466
22717 41 223
1872751 56 4788
5308 86 988
219310 17 2745
63910 71 5686
151 24 5694
52387 75 796
2500187 91 3679
12854916 57 9863
4044353 71 3024
1871749 17 3927
132174 24 4129
16758 77 2291
5533669 88 4049
1069668 59 3326
712367 97 7697
871321 35 3980
1351193 34 1643
6260182 82 5880
45142 32 4438
1672810 49 8207
14703052 2 5570
2588 39 3239
7776273 81 4795
4295531 13 8006
211946 62 581
9107406 11 4444
841539 68 1423
1124753 92 2451
34935 98 8797
1687586 95 3868
24834 26 139
7731656 63 6038
29011 13 1448
8921 26 4158
3927116 2 4570
312484 21 2537
4976197 5 8064
80615 3 3302
20838645 58 8645
32995 57 6048
278888 4 8758
573278 19 3743
1 99 694
2648568 20 8497
3545497 69 3292
275632 29 740
14138770 8 8494
3114369 73 3313
12230112 12 5743
7336632 80 6941
20092315 24 6417
23160590 70 6818
108553 80 764
2972342 69 4202
2524327 32 4089
2529127 72 4309
36528197 35 8504
6412 79 1338
3545312 48 3648
2896274 100 8224
450498 9 3953
1866817 63 2798
1174620 23 2741
4548750 81 3020
7578254 73 5744
8293251 40 5672
349881 9 1050
153139 65 1329
3312149 4 5522
6663122 88 4427
9274166 40 5690
129109 72 647
13827 56 268
11896668 67 7560
737080 57 3031
34388665 87 8632
8531121 25 5167
9528348 1 4398
20666041 56 8536
28275802 10 8802
130897 61 6303
4512509 70 5410
675655 60 8535
3183336 90 7878
650199 2 1178
1653693 100 9001
959028 35 5167
1494630 54 1715
26282120 38 9319
1647290 93 3391
460996 100 2106
1550799 28 7180
24244 84 6224
2843507 91 4352
623652 77 4582
915556 54 3942
168250 49 4064
124798 22 9255
11778827 26 6410
7988864 75 7679
940224 41 3782
9758963 32 4842
376271 32 1227
1 41 151
5567143 78 4745
9338 62 1055
4401589 64 3157
319880 69 8007
12859990 54 6468
7623790 90 7200
1581786 26 7970
9354854 68 8330
232059 31 5005
4229216 90 2859
883791 56 1632
917740 4 6875
1388005 26 5302
1174900 100 1503
4399889 77 5846
9355907 22 5383
762227 45 3107
336862 100 1099
115516 77 994
7074887 64 4700
737667 29 1774
175976 16 2388
1591888 42 2285
5341838 2 7382
1825526 87 9671
11401461 7 4707
1 46 4880
837774 68 5322
10328970 20 7338
320666 31 5576
14242575 74 6949
3578195 88 3309
14444409 80 9638
23527974 91 7480
2782908 5 9319
1116227 88 6323
7642935 47 5242
45873193 97 9660
213517 2 1168
330570 10 1759
35216430 69 8463
203245 2 2497
45184 77 237
5516691 100 9578
2298910 75 9665
2942564 68 4014
20886 54 413
35390128 40 9006
381269 40 2234
40241 92 2784
495560 65 5104
2953237 21 2500
2605329 28 3294
5967961 65 4135
6350339 63 7231
10158765 88 6056
68504 90 1240
7924489 30 8881
6186971 84 4037
1518933 38 2985
7985225 37 4537
1831973 28 8502
355 33 89
28763 57 554
301195 98 4590
320567 22 2510
28207137 2 9510
589980 79 3717
8773129 27 4416
1511753 93 3278
169902 27 573
303135 45 2457
156242 85 2127
1213954 39 2004
5382614 24 7862
1273254 29 2921
854886 57 1566
612057 38 8164
264507 100 1319
8123688 51 9105
1888343 38 9995
6431703 19 5442
8164031 91 4039
4112299 65 8714
74676 81 1255
4381593 65 9470
3624384 55 2958
66402 54 1847
1380401 16 3699
1325365 48 7758
1827868 19 3470
11094959 70 9301
1123548 9 4757
403252 71 5129
3125 90 635
4401197 92 7501
10592302 38 7278
29879189 56 7636
10083 11 2281
31509743 35 8081
2090474 48 8992
1 23 315
1696902 29 1961
455628 8 2145
21162208 49 9392
20893 37 782
7170863 96 8629
1071772 10 1985
595491 16 2201
1867151 23 7954
2614789 56 2364
3618411 98 4775
21866262 49 8564
618850 80 4169
260921 18 6440
13302377 62 8556
18418327 68 7461
80930 33 1655
7648164 78 7863
1542376 48 8667
12222052 94 4944
7491034 63 5777
17576367 80 6736
2911 12 1189
5834258 51 7521
619684 29 1778
1117640 30 2859
591681 26 4664
61611 38 2369
11406030 9 8264
2806465 45 5713
1229349 56 2583
9120484 78 4224
735628 31 1149
675 13 481
306059 86 1396
1300473 76 1570
11000880 7 7217
2716392 41 3522
33797 9 1716
267173 89 3084
6679762 72 6431
1 49 225
189264 93 1055
955935 65 4540
20426382 85 8587
148361 8 892
11518 34 1496
1 89 374
5585379 35 6351
7980742 4 4855
7338634 84 9825
4345321 82 4023
343054 96 7737
58488 39 3488
3862079 65 8715
929404 47 4631
5113778 59 3439
22363 43 408
2448938 12 8180
1016411 98 9869
635070 45 1610
5580644 89 3929
21561724 2 9567
2129778 99 7308
10760266 3 6382
5580685 65 4984
17441174 65 7930
349758 92 7397
5142664 16 5021
1102183 48 1496
4299656 5 9610
1754873 64 4011
8054696 76 8207
2639612 38 8696
1515178 40 6736
752526 13 7581
5090605 30 4922
31671 42 767
772381 18 6259
4423745 31 9783
4582645 72 6139
16649416 63 8294
44139 16 6808
674742 3 4142
47468 74 1921
7223053 44 4289
3284476 50 3633
10187826 96 8911
4010886 1 6155
13023753 31 6887
133696 11 1431
12054886 23 5216
2037 63 489
1038608 2 7083
1681331 19 2089
5393023 51 5305
2038052 29 7483
2154637 69 2359
1 97 7271
390895 90 5163
25417033 60 7631
13028095 20 5253
53301 66 6694
1773945 55 6684
1669371 30 9891
168168 45 8661
131949 44 3187
20107995 29 7942
9184552 73 5537
2156127 97 8943
6812447 37 9083
2709071 95 8526
2953973 72 3291
1 33 3477
681562 4 3476
13729414 1 7356
50542 64 435
47988 40 920
717 68 4425
2999587 36 4396
2361447 5 6963
2550897 19 3363
25020572 18 8359
3098340 88 2873
18993891 72 7947
97808 14 2670
15472526 17 8031
646 4 505
14810173 28 5489
145391 9 2270
33454 97 7688
8414145 69 8387
241332 66 600
912088 46 3745
480 83 3105
24618461 31 8732
111048 65 1518
2029 68 3196
409517 5 1584
410661 72 2983
2597671 100 5375
14914419 6 8299
113857 16 446
605740 81 2567
8775 85 7605
119514 79 1100
7263861 76 8839
11977539 98 6406
14191 80 9824
6750 43 1039
5298429 77 3364
402804 74 2040
8168002 98 7550
413 57 4062
99273 3 752
14459171 91 8618
4404 60 469
15765653 85 7860
6944411 80 5692
7621739 13 9941
6850557 17 9743
3178602 11 3627
8790851 84 9403
5833 7 996
22805779 46 8030
2411110 24 6322
8088382 66 5747
495538 65 9203
25173743 67 7018
5251826 72 4630
1381057 33 2496
16548866 12 7432
27217189 83 9465
2556 96 239
652045 70 7614
23612 56 214
10408590 91 8437
923254 2 6442
410700 71 1751
413307 6 3661
3707784 95 7167
920700 13 1285
2979720 50 2498
6775338 23 7571
13079459 91 5374
6014335 87 6304
272113 51 1112
7080349 50 9164
17620256 41 8398
2532563 99 6522
14064443 35 6480
7225388 73 9459
2090621 35 1995
97561 68 9178
3040309 63 3726
1 89 5913
10281562 48 6133
4033242 40 4111
1187750 78 4686
1217056 88 2130
17864 72 774
1 93 2738
9657952 96 4415
5766299 56 9998
19005292 51 8221
169200 98 492
31712414 39 8231
1982673 48 8091
8313056 41 7305
1889180 75 2108
67767 32 1890
6826294 12 7297
9421641 56 4830
1556736 51 6314
3528754 79 7803
1443995 75 6173
1471323 33 2059
399505 83 3694
1760767 91 2007
11059277 91 7947
98890 77 3832
918329 12 8869
2261842 71 3991
2373362 8 6194
28248 13 240
20831 89 3931
721778 11 1387
1263530 87 3928
13843037 53 5547
186931 15 3625
5001749 38 3198
1 96 4103
6090620 51 8412
19851038 32 7771
2866118 37 6328
1266745 27 9300
347534 52 969
1558136 69 3203
5691537 23 5818
3412738 12 3823
412751 66 1970
3104 4 337
2359638 98 2143
96430 6 1673
19164232 23 9657
4149177 16 5166
2104997 100 3648
4547878 19 7381
10727538 59 8800
879027 95 5066
26086725 7 7524
160476 23 1319
1308291 37 1757
8794909 62 4949
9339330 44 4770
15895815 34 5946
370060 21 873
21292435 26 6978
62297 6 3403
170900 85 2538
16853576 18 6928
779928 73 4160
5303810 33 5919
1049122 65 2225
176932 52 7291
20410034 15 7176
4752333 50 3249
611386 39 6511
46437 57 8366
27242991 77 8028
5022402 70 3826
5630818 91 6061
1241597 62 2091
17520980 37 8770
963159 58 2450
1133769 40 2203
3743193 90 3547
12757 100 1740
108547 54 4455
12062300 55 6441
9604 52 772
1164992 20 1629
15533895 46 9665
53836 99 9767
1010186 20 2189
3091853 19 3647
3535496 52 5050
8932169 99 6598
448356 42 4695
5874406 57 9980
3774384 69 6873
4130269 67 2886
4785521 32 3077
14010889 26 7030
13027 82 4823
6417 14 98
519603 23 5675
6102941 83 4008
150032 9 4950
5597888 50 7494
1 75 430
5456223 43 6622
9171498 38 9740
9079220 19 6754
819220 9 8102
6786501 80 4290
3190546 8 5272
2489265 45 5134
1 96 2958
24442654 86 6942
4779524 14 9446
7235815 91 6133
840479 44 4306
205351 70 1003
3454 26 595
24684251 75 8871
7764450 39 5901
91253 73 3194
2779147 35 6287
1887291 40 6375
178041 6 4256
15119695 51 8447
444294 47 2093
8256 60 3213
36676331 23 8779
37374 93 9592
3584070 17 3264
19670089 56 9551
259712 24 803
29428953 53 9791
176696 65 1490
1233751 2 6230
414982 48 4319
6026567 16 9093
4295437 7 5588
7614359 77 4363
26880826 98 8605
5831 82 3206
2752807 96 2285
29343283 84 9051
715071 37 2501
3572552 12 6800
9143144 29 5173
6907336 9 5572
553953 92 2476
57441 79 1433
5101940 9 5741
2428299 5 5782
5826641 98 3422
1065456 30 3186
1635594 15 6755
20114 66 3273
7020379 49 9841
23416810 27 7292
2796216 58 8224
6080008 48 7604
2329608 18 7482
26299424 72 8729
2778668 65 2775
116279 53 1224
58516 6 423
116858 70 615
3058189 69 4098
354246 56 5381
1512741 49 7173
69003 86 376
1796754 27 4603
11098139 24 6478
1256992 51 4296
16627416 57 6278
1400 60 235
13803503 72 8273
611904 90 1382
21799173 50 8053
8204661 49 7127
107737 42 2606
12055742 99 7767
7854602 74 6002
45370 16 4665
1610285 50 2457
42793 4 598
26705 86 1102
5392509 10 9175
11476582 45 7330
1 74 523
3335378 88 4829
10912788 44 8003
16172085 40 7846
11918838 70 6489
151473 77 1171
769489 66 8518
5062740 29 6387
209887 1 3305
302619 53 3915
11486510 42 5679
550520 97 5201
5796 65 128
3140560 58 3565
34461194 26 9339
918580 6 3059
3297495 55 9749
7481704 73 4906
1090 14 172
3869227 39 4011
7835551 53 9657
9770776 52 7447
866766 57 1529
1379654 44 4150
8273684 68 8200
3501562 40 8365
2547459 18 6886
3607586 45 4192
21007257 20 7147
1578087 1 5931
7052397 55 5867
19116138 77 7133
1207286 34 2842
2409157 70 6994
1394875 54 1750
169855 76 523
1 81 105
480941 43 6325
630680 20 1785
17633503 41 6977
165496 86 2153
357535 86 5226
11580321 96 7234
444031 5 3468
1 72 466
21431977 87 9218
18406334 39 8430
10725755 32 9947
15845737 38 8265
4313632 57 3838
30689887 38 9760
926719 35 3442
919265 28 4025
17928437 58 6753
7975304 66 6189
2586270 51 5430
22671437 50 7318
99197 73 718
9358963 94 4777
730663 62 5185
5227653 35 3725
6238 80 1132
42554889 94 9993
16567421 27 7126
11575904 54 6825
14286145 43 9472
1 47 6655
38409584 56 9116
83979 6 2225
28738 83 6297
20785601 96 9994
33801531 95 8936
67925 70 1291
21292010 100 9331
4772130 92 5285
7858421 52 9158
86202 2 600
5832303 38 6224
3622070 79 3205
7634892 18 5231
70380 56 1890
11488510 26 7079
719146 61 8660
4364264 23 7204
3317607 47 2848
5393307 62 4139
740834 90 7738
921926 36 6931
2855045 40 3214
324067 56 9873
10104928 36 9276
1837968 3 2503
1422713 75 2565
18006027 94 6143
28769109 34 9993
7084392 6 4595
352911 59 1961
3333064 54 5896
5026619 71 3751
92284 38 2228
37561550 41 8750
78137 30 8374
788966 54 7493
3958018 19 3581
670883 39 4087
2878956 54 2323
3797708 49 3755
42138 68 752
13902 88 7598
867999 78 9824
467526 20 1494
5520723 9 9634
209980 26 1116
92880 55 2303
8300914 18 7743
15919829 32 8607
2336982 28 3653
19560375 49 8664
7464852 37 5015
431293 31 2907
38494 89 524
12189662 28 6191
821476 36 1895
6416 85 220
688503 42 7958
16210617 91 9495
4562635 29 4453
3101733 4 7959
6540005 58 8836
384463 78 836
916363 56 3142
5598640 91 4326
616818 56 7591
1 76 211
561631 30 8167
6962944 47 4405
14438318 54 6259
6312707 27 8417
474192 56 1453
693615 99 3962
2165380 95 8744
615704 63 2134
349344 8 3839
154698 83 969
12167443 48 9298
28554 15 865
7714739 16 3921
70456 36 7537
1 79 1745
2392411 93 4618
35315002 10 9268
87695 39 4272
11433740 40 7040
5953432 96 5627
20974366 81 7829
931592 63 3463
8508850 23 8919
35540307 78 8500
20921853 16 6521
224034 1 639
136291 67 1748
601917 69 5746
3175910 35 6018
4426 38 66
50672 93 4354
1 76 4521
2268874 62 5566
6536086 37 6233
15469755 3 7651
3541180 15 5085
9088750 93 5978
54537 87 871
1750223 92 9241
92616 52 2689
164100 50 2876
1072159 90 1860
26981720 45 8305
2222397 45 6997
2273965 36 2547
602544 30 3066
12012251 52 7395
4901029 35 4932
326352 70 915
12182449 43 8455
18933002 18 9726
7207 78 93
17465874 30 6909
22668153 55 6896
259474 99 4069
583257 19 6577
30987864 73 8931
1999240 4 6990
1090752 57 1649
9905869 86 7056
12261764 93 6368
2505834 94 5019
706916 54 7494
1 61 908
580529 44 7550
575489 51 2276
7094363 98 6702
18470011 47 9706
259019 59 5520
42432376 97 9944
10742892 60 5511
268524 16 6925
10953794 88 9167
9207584 8 7270
9834664 85 4367
12729744 48 7751
64998 98 5521
7417328 14 3787
11043991 89 4603
1323861 15 2829
165101 25 2256
7431342 91 4926
9961172 87 5509
30946755 86 9393
4143992 70 4700
1 72 1547
518133 9 1868
70480 72 1681
668082 76 5775
6704936 84 9360
2174 67 1970
31857424 80 9391
262015 52 7516
1539913 67 2417
354177 99 2053
111438 27 3802
15920003 38 6723
27929851 79 8698
2328946 66 6698
3759882 61 4437
22822 26 1388
7108727 99 4112
31409 60 1841
21376800 22 8081
2448 10 245
11191817 38 4848
932338 81 4431
2371698 13 5059
50515747 73 9969
773310 38 8877
1297 36 1862
2032989 28 2614
555909 95 9483
911123 78 2327
16629546 90 6134
208419 30 7473
872499 63 4384
956380 28 5682
2454426 18 9543
598413 42 6252
36601 86 891
1313321 49 4805
10075935 77 4844
13143816 27 9518
173184 33 1929
27363 47 5476
724409 4 1838
16251393 46 7408
710572 69 3255
25768617 57 7524
2404397 42 7556
219995 75 3333
11908 35 9326
1421388 92 4112
2986798 54 8021
6946297 45 4429
603532 4 2521
44470 52 4359
1748572 73 7584
31407273 36 8393
4958454 33 7683
18441 27 2855
50837 97 767
13402 43 8458
8238837 3 6783
11497684 72 7517
2619927 70 4810
162292 11 4084
1463401 11 2475
7389727 95 4520
17532659 17 9789
25164824 62 9691
160846 27 2011
1162688 77 2914
54657 25 2805
18409 5 5570
370383 31 8094
18083811 67 8009
913621 79 7295
16819137 68 6716
29757 16 736
1077062 96 2089
17905501 6 6186
1 79 6385
7655651 73 7154
2224796 56 7645
32186 39 3408
12424702 88 9801
665907 91 3911
4502785 99 7070
1309951 48 6072
488819 39 3043
107847 8 3764
117 32 8069
209898 66 863
73535 58 8634
74881 80 9505
476775 10 5651
34620971 85 8408
101110 16 568
793098 61 1478
6401429 57 6822
1677826 57 3066
184158 96 5140
7656004 13 5633
306502 97 2571
1571176 4 2488
3370943 50 8711
8251730 58 5537
110217 75 667
371823 45 9509
647849 6 2033
2992519 22 2696
25111 66 8582
6859689 76 6457
5722800 64 5745
7293821 8 4647
8002421 35 6923
22870109 39 7289
12162283 72 6551
2532236 87 4985
179792 6 7565
39996453 14 9490
2120370 8 2479
2357851 45 5157
1007281 26 5393
23414522 1 7263
6047093 14 6834
7062476 4 5015
30090244 60 7918
2800418 7 2723
237591 74 8317
973609 100 2298
120382 24 1620
1651149 46 3028
5751871 98 7038
13635726 16 7686
24426909 20 8260
1120955 9 2632
5472521 39 6007
5457892 91 4972
3547942 46 2767
40382144 48 9202
7896 49 265
7397212 92 6031
1841321 71 6572
32955604 71 9142
24359 51 3168
4196095 99 8152
3920598 48 9177
3961 89 8526
233468 42 2822
809257 88 1230
16340 50 6964
14905515 96 7856
8567389 93 6285
294493 22 716
12717894 46 6482
396674 10 2568
11276481 41 4719
2509496 35 7264
196437 17 7220
734184 39 4782
60804 29 601
35323 17 5813
1393641 41 3724
873 12 350
2945192 85 6990
43512 44 8281
24730 26 331
3320486 80 2739
5826862 48 7297
2617663 84 3534
204282 16 801
11333670 44 7759
1549421 4 3844
295848 12 5839
4851693 5 5276
22770 45 1276
1241591 79 2003
1602685 19 9968
143321 9 1540
1188659 54 2645
3587312 85 3592
8330424 84 8664
8607946 49 6742
9770189 38 4922
287979 79 1036
6625280 72 4455
2380217 74 5563
566607 76 7523
26287511 61 9320
549946 81 988
31771 49 367
10063831 11 5382
944681 98 2355
85261 13 870
3005324 59 8964
481240 24 1481
11653960 12 5845
2814760 43 6277
2600949 16 4096
40901187 81 9894
4896052 45 9995
2436900 31 6260
1 66 124
668308 93 1670
15978183 21 5975
4140887 15 9946
7825 1 151
112455 87 1012
7757722 9 9653
500490 14 1857
915136 51 3541
8997 16 134
3776966 81 8252
42315 81 501
134125 14 1212
6911277 56 5081
3684635 63 7396
38554388 29 9456
1168344 88 7698
6412549 96 5331
13209298 77 7106
1260185 8 2331
3187169 7 5500
14630614 50 5467
23452785 38 6877
2749271 89 4386
2619664 2 3661
24517703 69 7111
282454 61 710
2270570 91 2092
156644 74 3404
592444 51 1012
478941 59 1206
2097472 1 4877
532123 39 3186
4374991 1 3588
15523665 91 6013
76329 17 8838
1 75 741
8402065 62 4226
747501 25 1445
18383736 77 8676
14686133 6 6634
40076239 85 9443
2451645 4 9194
16144816 85 9209
859954 79 6991
159397 72 982
16507757 71 7778
332 19 4603
118678 15 795
46122 17 507
13228926 13 7283
1732777 22 1970
550403 23 2628
221960 91 772
76423 68 941
1208772 16 9960
1855960 83 2510
1 71 3170
472039 25 4953
1 28 1019
5271554 53 5661
27094168 62 7900
2208416 56 2875
7522 93 1168
11736442 65 6303
676446 1 1471
768344 12 4093
10102748 79 6790
1647570 51 3358
570149 72 7882
68572 29 951
16491 24 3722
7266 11 1224
5591596 70 8604
320735 43 3072
14267095 16 8313
11419 10 9226
494829 41 8049
13087952 68 8398
4142310 40 7156
548888 78 2879
2239033 86 2133
11550597 95 7842
136529 74 1158
18482673 79 9161
3725608 97 6708
291574 89 9419
16142913 87 7153
4321713 41 3909
18671 4 439
21441595 39 7873
2122975 38 3669
318733 46 1387
13999872 92 8713
736767 20 2114
1783924 7 5025
19711 78 2902
660982 51 7659
1659064 59 7315
331990 49 1438
13089753 25 5054
1935341 8 9943
2225322 41 2150
11003134 71 4857
5879421 73 5525
1107889 28 4116
1330319 44 1831
7208953 21 6098
90324 30 6591
1841052 92 2667
3050678 61 2652
13201148 22 8041
1209420 44 4949
978850 13 3785
598015 24 1637
5902390 90 8065
7731116 15 7956
15907005 42 7124
31551 90 5330
7146 60 2584
1 42 1353
226664 44 2194
4366933 51 6410
5354320 55 3459
9000132 10 4996
955259 89 8467
19998096 25 8686
2706577 98 2271
566035 10 2315
1476699 57 2590
4260475 51 6398
1017788 37 4884
81701 31 4064
10318704 1 5098
3405571 83 6742
5640464 57 3621
591519 40 3242
83495 55 1498
253740 57 7766
18666159 21 7538
1093972 91 2937
11905322 2 6165
2695764 84 6352
14447383 38 9519
3344385 81 6318
2180986 95 2910
3509424 9 5999
1307249 32 7954
1042 53 3429
16898871 67 7100
491158 15 8517
5656 75 1037
8730094 94 4881
2327351 5 6247
529433 66 1939
137250 21 1421
187005 84 9627
128946 85 640
32506422 59 9191
465147 31 3745
1021349 96 6031
33149058 20 8168
21412041 58 8012
2907535 91 2914
25439560 7 8925
3597540 63 6837
6022371 32 9652
5690091 69 3806
13345251 35 5146
4805 18 3451
40804 32 1686
41266 82 2520
89505 21 1767
2297411 77 3754
65863 12 5986
5104151 42 4898
319112 72 4109
140543 73 3526
4888900 69 3742
4835242 51 7246
717844 3 4567
988176 91 9440
16940 91 437
6058167 94 9221
1390791 79 3186
11454223 76 5455
1812911 31 3528
1 89 681
6642869 50 3821
251621 37 5711
1165584 58 2458
22209395 67 8089
7290641 87 5936
7166226 16 6771
293271 60 3381
5605041 24 9209
14884420 2 6029
755015 13 6183
685811 32 2761
165 23 1191
5812439 78 7327
17688189 28 8137
18215528 14 7258
136043 2 4675
19671 27 2090
911161 70 7849
123218 17 2804
38625159 39 9443
1471353 13 3792
28250355 75 7565
1181603 54 1915
6106321 41 5535
29628468 86 8816
34509 36 9394
1113721 91 8683
1045283 18 3120
14149678 77 6331
6507803 84 5750
7998 84 4961
11622759 22 7388
17730572 30 9007
174335 99 1188
113325 2 448
18903689 18 8237
2114319 4 2287
6516865 33 3817
173423 59 1660
251689 100 1118
19195186 1 6292
12151324 38 7956
1021146 65 4170
391075 83 836
1879 35 1215
1 95 2888
2232601 87 5955
893748 2 5658
17159442 91 8461
2649590 28 9597
37811478 74 9928
157300 22 924
25348 39 605
3482723 12 2567
4129105 58 9929
1 98 422
9660015 19 6813
463344 1 2549
20602684 94 9240
3130646 14 2432
7690946 97 6024
33493093 14 8126
4755014 6 9923
328820 5 2274
185494 69 2285
6354 48 224
15760310 72 8446
971077 73 2303
1276539 61 8944
453486 1 2392
10829858 90 4843
36656937 62 9428
8054351 91 6781
17140540 76 5890
145673 60 4840
806365 86 1608
13749 53 769
59499 73 2167
580645 88 2849
1295598 59 1770
19407042 100 9679
278971 30 3876
10101832 34 8475
17872815 75 8159
1706948 97 5187
26973680 50 9282
1372514 52 1652
2068072 59 5065
23191044 71 9503
1553865 47 5686
3976110 9 8990
34424264 77 8388
1697114 50 3495
559742 7 3862
151866 23 7334
1830180 59 2914
239606 55 4098
3684989 77 8055
42301775 94 9457
7828202 71 7549
146383 27 678
262758 15 2062
949446 40 8902
16297144 34 9094
4957100 9 5295
32025 95 260
4450192 55 7532
9874465 71 7365
1535042 60 2889
275500 33 2254
22537 11 6059
1434546 19 7987
2922418 16 6396
28364553 4 9011
7597200 48 6465
5057539 63 9560
346160 43 1462
28671 36 2597
1656 77 414
10449873 84 9163
276142 79 1378
18977260 6 7196
15910 42 206
2541039 33 8302
1 95 164
39170 25 522
64309 26 3762
6163 30 170
3496024 29 5221
8585468 86 7214
1 84 1227
304297 74 6758
3269 22 1995
10836616 94 6881
234835 4 2424
19951994 16 7927
9245579 53 7172
954124 70 2029
1986841 25 5918
3068895 18 7775
5180434 77 3332
2383 18 432
4250194 71 4484
225777 79 7409
6814374 21 7423
11262855 60 6742
42900 19 3170
4799046 55 3059
855510 59 8528
3986 16 2839
1467502 28 9320
28411265 48 9196
18790170 13 7148
16428800 53 6064
209952 28 991
18344945 44 7152
999848 57 2997
969035 42 7002
9455948 74 6346
119880 48 2690
37418045 25 9204
1210823 91 6875
2836930 32 6595
13780713 39 5525
3689294 37 8017
5636299 17 4944
84614 84 2167
4494935 20 2928
89163 60 754
62423 60 2957
366 63 246
995200 66 5614
1576646 30 2149
1370823 46 3142
24376784 46 7345
42708 91 309
86544 28 7883
30467872 93 9843
3135719 34 5803
9712553 3 6087
3757848 14 2742
570659 24 8563
6775756 75 4992
19370 99 3041
896406 13 1481
909136 36 3890
44817 67 709
4013971 36 3104
1659224 27 2232
17677889 29 8667
20261103 6 7809
3808124 10 7664
641852 52 2366
12561998 47 8624
37224 23 191
35573850 34 9331
27929730 94 9259
50839 16 3922
2283993 66 3999
995994 20 2314
438832 32 4268
5152216 45 5192
6529421 6 8680
41040024 57 9061
2677648 18 2236
30206910 22 8858
82782 93 458
573182 81 3838
4280051 8 7958
20489 46 496
1549510 83 2267
31775586 11 9424
13278012 14 6468
4356285 24 8910
4461541 60 6644
18115620 18 6158
22418135 47 8212
5621640 71 5429
13422996 60 6928
1686961 29 2274
6975331 85 9343
3725715 50 7640
382010 30 3791
15848959 91 8452
1696887 10 8192
5660931 8 7344
2205290 96 5041
514456 86 2659
1346880 93 9653
291987 31 8298
3209968 30 3925
137649 56 2082
1527787 14 5973
2119260 51 6343
18321691 65 8727
8052445 45 9222
70627 17 3458
287523 88 1686
6373053 10 3764
2200962 18 5496
1021065 93 9583
3001893 86 2361
337106 89 3071
502814 44 5346
1538198 93 2303
11067719 27 7279
3894777 38 4480
169078 23 1188
16320339 38 6889
238087 68 2392
99152 57 7376
2044537 77 5449
1695482 25 2876
4399744 27 5979
4640 78 460
13242 34 290
47254 19 3675
4174694 10 9256
59132 79 3393
179779 46 4067
3836236 68 4951
45828285 55 9964
674603 85 4451
296654 10 696
625640 92 2677
21232 26 6660
1958958 57 3446
2320740 62 2938
6265028 17 8292
121695 48 1006
787663 5 7555
313698 100 1553
101886 13 2716
4179997 62 9750
18195157 98 9487
327097 64 1589
28866383 70 8310
36460154 61 8717
1099074 60 2519
7788982 58 8025
8313124 49 4559
689654 78 2678
20718540 40 7046
2619161 81 5217
278425 13 1123
10481875 21 7500
26347 62 3589
73653 94 558
105986 14 3185
3617158 85 2871
688296 31 5112
954998 81 3078
111303 43 2199
158677 78 2995
7793 34 56
27129184 81 9639
2227052 1 6751
13178194 95 6612
75618 14 789
5165724 50 7691
2846898 7 3217
13110968 27 7863
1 94 2021
107767 77 525
581285 17 9392
51384 80 8199
470120 39 3159
292854 72 816
78524 7 2945
8822951 100 7246
1967883 70 9277
23425108 69 7657
3642002 37 3392
4468568 30 5799
6786521 31 6419
17500 53 1615
200348 98 3919
1800303 10 2321
21834168 44 6717
10973734 71 8735
825637 67 1324
30942035 38 9784
236159 16 609
21217379 66 7735
67885 86 3781
6841285 35 6192
1296070 38 2894
544152 19 3836
11403775 15 6781
11553042 14 7132
14989693 35 8848
7487807 66 5687
13102473 49 9386
3382002 16 4436
117212 4 6908
39128 19 230
506194 57 5016
1 76 769
37848 23 902
11308739 24 7257
53102 100 509
1001054 9 6912
87531 13 7755
19485542 17 7995
12972331 91 9501
218734 87 726
220260 75 2266
1965747 55 8716
5854327 74 6179
348089 86 9664
28308962 90 8689
8277 17 5813
14884 12 1223
277122 66 2043
3166101 51 2929
4686010 23 4534
3174442 65 6592
2882715 29 2356
1979640 7 8688
5127897 86 5452
34650 5 1194
24898668 15 7072
7298814 19 7953
11096643 80 9219
4574734 6 6023
1 86 3141
2885398 100 5460
404990 60 2706
139584 99 5160
10425782 28 9494
17133757 18 5994
37152165 74 9508
4060752 14 8835
1 47 7701
4007394 83 5620
2083257 29 5781
891848 89 1291
2109376 87 5689
42089 86 607
38592 6 1815
180649 74 2213
23982916 17 7533
4256073 54 4689
223248 32 928
146605 32 554
284973 34 2689
124750 29 2077
54496 21 1360
6595514 68 8669
13720438 57 9702
10301340 3 9176
1038341 81 1847
721539 37 3503
34803 5 3417
228974 74 3374
25634057 59 7315
23375237 29 7240
40888798 76 9344
110300 4 612
728953 65 2191
597581 40 9943
5467282 55 4194
1166147 57 1988
572524 11 4570
157564 62 7206
13645085 99 8775
1635419 74 1803
408837 78 925
6261764 62 5360
20558625 77 8581
967405 22 1965
17071938 94 8180
2434682 77 8285
498779 7 1713
5970570 7 8930
247730 36 5151
3378608 94 8311
175435 55 1204
20570 68 166
11087427 76 8156
21777783 43 7168
108528 40 8045
12166477 92 8976
2228191 23 2829
5045 67 6018
1806054 33 4029
25267794 54 7399
5591811 57 8710
521070 89 2487
1 87 855
12313 69 1928
452272 95 1870
1 50 958
119866 28 4321
126992 14 8468
5990964 43 7634
3843105 32 4584
313214 17 817
260991 34 628
813010 37 2656
1274701 3 5011
908336 82 4357
5414897 9 9533
26583099 74 8000
18912642 98 7019
1013853 92 5131
9210969 71 6338
12156076 7 9088
7039201 98 4611
338459 19 1677
1 34 191
5222 3 431
25557 39 742
661565 89 1640
3027193 16 7014
7390877 58 8282
419 13 104
65949 98 1112
389275 79 9657
2019755 71 4023
2364403 71 7407
2539553 84 3113
746 3 2312
11727414 84 9846
8532728 6 7843
1428772 20 9210
777305 35 5923
14853839 85 8022
46668 27 853
17747 14 592
29511985 23 9018
1135706 41 1992
8428 55 862
75275 98 3186
3009400 32 3387
70554 2 5129
5685819 63 5993
9154872 69 4650
2773670 25 4220
21891693 97 9295
339785 75 947
338505 81 913
27006 14 1900
8461477 72 4676
1 73 853
8840443 57 5376
5561152 84 3908
112075 76 1063
3874901 46 3522
12415 98 505
716572 37 2474
9676292 38 9266
1544776 1 2611
28253568 77 8113
5614624 42 5740
24977 55 132
974166 21 5357
1850251 50 7490
4449766 61 7826
1572227 65 2031
7230220 53 4060
13871053 31 7877
1825738 65 9349
23197561 78 9896
139116 76 924
2577 73 2405
4371673 86 6721
10770974 41 4793
897391 37 8466
3053056 5 3268
22440398 94 6746
290253 3 1319
73814 6 9495
198850 72 1169
46890 9 2867
428475 40 6776
1 66 5336
1135400 83 4823
9522891 50 8013
1112732 62 9864
2041829 52 2137
1679020 49 4529
2185029 78 2412
32963 53 4383
88488 14 493
1222060 18 9530
385073 90 848
4890069 27 4933
11324655 55 5781
2709941 82 2375
8865353 64 6663
643037 15 4279
622586 71 1221
7584 83 2235
1676714 27 3308
690253 12 1369
74429 42 9023
4717345 96 4247
7929 27 868
4677930 90 9548
1544751 70 2603
4439942 53 9093
25893998 50 9141
8737828 40 4329
3491340 89 3576
865 80 207
17483126 31 8269
18353 38 5631
24351 4 4026
212766 12 812
2307850 48 8679
19521694 15 6702
27484775 61 9730
9866956 59 4593
6279258 56 7423
21199694 33 7884
18754112 97 9682
600710 34 1808
18908316 94 7531
659181 58 1509
1161332 18 8870
1007 33 6574
8204845 15 6310
71501 38 284
1789167 3 2137
6268984 26 4348
7842751 10 9895
543832 88 1332
2298108 2 9484
397870 79 7478
398497 35 2373
12182696 22 9587
305242 84 1048
29143 99 500
24598251 7 8309
120070 33 4111
535410 62 4041
5317551 38 7139
4917185 60 5687
210030 67 739
15395060 32 6607
1 87 92
106049 5 5280
36712319 58 9129
2361521 11 3335
1065677 57 8133
106034 38 9337
3735681 11 4397
2459091 72 2753
10143537 85 9096
1755262 83 2269
503205 53 1230
7956234 36 6320
428488 100 1229
3671194 90 6190
11543 5 3863
81847 51 2066
2336918 27 2404
355913 12 1661
4009763 61 6209
8947955 1 5995
2098355 25 7550
1035723 81 7296
408230 4 2780
18459334 52 9609
16066082 89 9184
4216519 33 2930
316006 80 932
22802936 9 8385
1846345 23 2644
2194449 85 3673
17571045 46 8892
34432265 83 8414
1742208 4 2672
11821932 95 7387
15470275 31 5642
23733 3 1098
523690 26 1670
7588903 92 5310
553895 48 8896
333794 45 2348
5424005 83 5913
10090761 76 9778
74390 7 1889
141793 73 1276
543820 26 1952
575044 16 1978
10050145 81 5951
1636831 79 1716
1136654 18 7637
9001885 80 6458
6008 54 8006
169857 7 3169
1532902 8 3801
14400216 65 5688
1462375 50 5719
1395034 4 6227
1181510 20 4770
3711787 55 5690
3123429 52 7949
988684 15 5325
10956825 61 8425
20197553 78 8758
3151634 44 2557
14325438 35 6101
1792829 41 4978
16 64 4667
2786071 98 8874
342477 8 921
152370 12 1791
16370048 91 9813
12047 10 782
470000 45 3570
1470750 48 3259
41276 100 1093
24903694 73 8104
4587454 35 4186
24441 60 1992
71278 54 769
4296215 30 9620
20225 50 3952
1673554 22 5862
2697259 77 7526
2929422 42 8263
22281070 65 8640
3181495 67 4867
206043 66 6424
612426 76 4835
95744 34 655
1778 67 1770
992603 99 9355
701463 75 1873
129267 93 614
3558579 94 9023
942625 43 1584
17327804 27 8145
106436 43 421
22022 64 2072
887950 95 4039
1018436 66 4541
1911056 43 3530
17490 16 7007
7310929 23 8022
366049 22 7954
230607 16 4920
55539 96 1377
199788 95 1833
6228799 70 4132
3525283 59 3890
21480075 32 6697
4475487 52 4316
2083219 6 4570
2197624 67 3730
266972 54 1810
101375 24 4562
17415627 85 7399
1961302 52 6982
1824659 100 8462
12230846 29 6556
3395804 39 3073
17687119 80 9188
3055007 69 4630
102483 1 372
4712122 85 6543
29727124 41 8091
18091012 70 9599
10871704 93 5413
9812710 96 5190
10484951 46 7636
9152556 27 5069
64474 82 456
23421748 42 6831
12389 100 686
277096 35 5918
33791666 58 8120
3211215 42 7606
6918259 61 5916
2598061 29 5504
19823899 94 7887
8522096 93 4034
2740176 82 2855
9831286 7 8596
5318764 44 7953
1378934 16 4143
3949902 71 3365
32809262 71 9688
288759 89 956
9328520 91 6043
41451 63 779
1508523 37 5066
915763 87 3799
682654 41 3178
4958050 36 5458
20913 36 1282
676285 88 1109
1239637 89 6801
9151 23 3095
1427370 22 1644
59935 17 285
7390202 71 9515
3652625 35 3337
1962843 68 6914
374649 76 2885
2972929 95 5616
19387 100 4457
7166378 37 4350
1960891 54 7726
27838 32 3100
235220 44 1278
5428066 2 3565
324363 94 1376
1075946 92 6717
28850601 84 8439
444965 65 6701
8265802 94 8780
6116013 85 3796
66125 42 2033
1142384 35 9465
9671331 91 7994
1119467 13 4418
19808 91 3929
38564854 58 9241
1 19 2389
720082 22 5304
2989329 83 4191
3242381 24 8636
462366 84 7933
975588 29 1807
6301971 11 4189
27356930 68 8688
8498888 99 7890
456063 8 3244
13502 44 2065
10082309 89 5750
1465185 14 2894
30566087 44 8706
1647086 20 2811
31253788 47 8947
1292957 54 5887
7775362 64 7791
10601866 12 5427
8618280 43 4557
589910 42 3071
3646928 63 9214
272409 63 5941
377573 57 5794
526062 88 5445
3347085 20 2588
109475 9 9348
34242916 19 9378
9976128 40 5901
14471696 12 6854
4131089 46 5168
460740 89 1718
32000730 79 9812
13314978 25 5091
28147 15 483
141967 94 8372
2889 45 48
305257 93 7925
213215 88 8588
2225900 80 9974
76940 41 720
6405678 7 8927
5201773 82 7209
15778521 23 6579
10910825 25 5687
330134 4 7465
139532 84 930
28379659 68 8708
27835 23 244
4120717 11 3527
90795 25 3413
43798 86 1143
4257306 90 2923
244427 11 1487
28879209 35 8171
513923 65 971
721943 46 7261
380307 56 2129
239340 87 1518
1838180 100 8386
5078575 63 6321
1513017 34 7186
1416700 92 1898
1811384 58 6288
9399173 93 6297
1382336 77 1811
159673 61 1806
31627528 36 8023
1 85 1598
1755931 23 2564
677816 95 2336
396665 29 1332
6320168 7 6207
3622764 16 3154
64326 94 3191
273331 3 1090
3817016 51 4345
3130119 33 6366
3664660 73 6309
195714 31 5993
2044120 1 6898
13637269 83 7070
1072515 36 4996
25205854 90 8008
2608835 56 3967
11416257 39 6680
4768 67 764
719089 72 4742
3845091 91 6404
301941 14 690
77972 19 4208
1150121 94 3132
4267688 14 4206
309840 2 8023
649643 10 5481
24871 71 732
663139 91 1249
1 95 269
621398 31 1602
173853 18 4620
37016309 56 9782
393407 49 851
13465087 87 5543
16503510 28 8186
9985148 79 6963
459216 24 6421
19173185 37 6333
17642149 72 9534
76715 45 5772
306458 68 2494
4477935 8 3373
11909 38 2632
12167100 18 5752
1764287 86 8913
354605 51 808
301382 65 7992
5654916 46 9433
2670 6 2709
3480020 79 9550
498518 7 6282
99500 38 1647
11389026 100 5906
80528 59 2459
3227704 67 2873
170850 21 8198
5018248 6 3079
34358031 91 8562
28168281 80 8919
100863 76 8818
12634948 63 5262
10271 38 584
466051 31 1911
240031 84 955
992485 88 2437
874587 81 4611
20029749 2 8236
166903 33 2432
77088 39 1516
8471919 73 6533
412667 28 9593
6075610 57 5524
3711576 95 5104
11322267 22 6542
830267 5 4711
923 48 104
136605 14 1692
1966686 35 9122
3406 85 8178
1143197 49 2709
1336269 16 3640
61621 21 9962
267390 85 8651
51005 72 484
870521 54 2839
337452 6 7737
2643940 85 5430
973123 29 6097
2796120 95 8801
857906 60 6509
45834 55 534
13633470 22 9663
464434 64 7732
27756823 72 8679
301862 79 705
5279929 2 8202
3312138 96 3690
7492706 29 9927
3752 10 1558
12989517 12 6549
1652015 100 1777
22217532 45 8663
405191 82 6470
20383825 32 6659
14454547 39 8072
3523315 34 3722
89332 63 9699
3448782 97 8860
38285165 68 8990
50802 36 585
17400725 35 6408
489646 97 1233
2517163 16 5604
263 68 8186
2737677 11 8038
2525420 94 3044
4953821 79 4726
9965 58 317
1045538 61 3933
15468025 28 9164
1568703 54 3926
1825149 76 4933
1 48 1352
1858881 77 3174
7386859 70 7014
633437 90 4777
3121142 81 3531
25136 74 392
38872507 77 8739
615312 95 4334
3146380 50 4898
316160 74 779
84881 75 447
556352 47 5301
348903 39 3684
13617855 9 7296
16740750 19 6316
4184870 13 3479
49683 19 697
224816 27 690
30903625 10 8699
424934 25 930
1650436 75 6466
2062497 90 7759
1 53 84
61131 5 2867
27615962 3 7960
1481019 53 8007
11258801 1 7028
725165 8 2520
14869915 61 8239
1468365 77 2022
1653199 81 3439
18615949 74 6075
1129089 18 6644
21380640 29 9178
9143 57 1732
2186248 28 6342
22506442 30 6806
3587585 88 5758
38898 47 9209
744038 43 2803
11138562 79 7115
1448843 77 2549
15022345 28 7923
3711 73 430
12218915 56 9919
21117892 65 7255
2991733 97 4787
426958 22 3493
613966 14 1693
1675888 75 5966
11998824 2 5029
3311550 56 6979
30835579 86 8542
2270036 94 2650
239731 14 2857
8077301 33 5985
553553 62 8795
3452598 76 6967
19348791 29 9500
1108594 14 6370
56681 77 7519
228925 13 1864
161857 65 6639
57886 79 266
1016057 62 3137
16641613 45 7088
7556097 48 5014
133128 26 1539
32921560 4 9624
1 99 205
5313302 39 4364
35148 41 4662
11443508 6 4972
2507810 68 8570
242720 29 3233
18843583 75 9551
411984 41 1172
2806943 14 5617
22965610 45 8900
22172151 5 6622
146657 71 574
26505288 91 8852
1 41 197
1588897 30 4670
29210 69 1350
5897955 33 4458
669941 94 9184
243402 3 806
2992025 6 7536
9755915 48 8368
1 54 90
11869425 85 9990
5073223 60 3983
5582629 77 5854
11514362 7 6127
32766949 21 9165
1044598 72 1659
6844112 54 4853
1663 36 7602
4609726 60 4933
3935629 54 4764
29158 55 3372
11495 64 3407
4469902 78 5628
544294 25 2688
11075842 92 7342
867383 97 6875
573139 73 7737
401810 63 2773
1327294 38 1851
1256544 94 1731
36206617 58 9123
1066477 6 3475
9985465 69 5273
625291 17 1870
108780 45 4230
12891 96 1782
7809315 78 6425
155487 13 510
1770238 49 1949
888562 60 3509
2790240 17 9021
69881 66 894
236021 15 4020
37574 90 4422
27865719 69 8619
1764527 10 3072
6565 67 79
17827163 65 9930
377081 24 7495
105219 3 1828
468 26 239
5732683 60 5681
10645405 98 5841
6733086 57 5812
11702058 48 6437
5034 92 452
389631 51 1489
66220 97 3155
6777326 77 8632
10545 83 637
882897 19 2546
1 84 6060
5654845 78 5416
3998187 45 3214
12358004 11 6354
1261271 46 4931
250586 76 3907
10888274 89 7642
13700 38 6379
1891536 56 5565
3873129 3 7711
22007 45 492
283734 47 2857
2170432 33 3341
6191703 70 4170
2690316 34 5896
13334213 54 9568
204453 60 3833
151476 66 1543
2151696 20 4987
1202262 25 9938
10738600 18 5861
724641 19 3234
26589 69 760
9182 20 215
681621 29 8717
11776333 25 5080
23685 40 8382
382962 47 8420
9561605 96 7054
202406 79 875
7263957 77 9760
9198084 61 7991
2286391 57 3126
939261 88 1967
10166093 55 5213
62627 82 424
12196242 4 8565
890780 53 1867
5076281 97 7131
37064697 51 8857
3341 64 1753
1216376 29 7478
16888 72 1658
1 14 5124
226174 9 2449
3812695 78 5910
3560186 85 4189
2158530 9 3718
51634 13 278
971363 50 9680
21164742 5 8857
6098012 41 4784
5761970 62 4808
101292 78 5039
5604090 89 7810
917260 89 3074
529900 44 1777
900347 34 9140
1330907 54 6787
86654 29 7731
10103 1 106
7231767 99 5769
40323431 8 8972
2717737 36 2257
1572846 56 6210
878949 23 6371
30877353 79 8946
207885 7 1790
2554500 6 3891
706157 92 3401
6276503 36 4714
1671320 14 7732
326138 18 3269
250745 82 1546
255308 73 8212
6343227 45 4096
12013858 97 5612
1214732 20 2961
224016 60 2562
10801547 8 5480
17218857 6 5938
26491434 51 8071
452619 58 5686
97191 61 1382
19074610 83 6690
486430 55 1841
29714 54 744
1665553 92 2903
76560 96 1626
145464 100 8260
6226326 64 9764
4678174 56 4459
1573114 11 2665
3941197 16 4955
23396 97 1774
5897470 23 4043
469230 99 1760
585984 62 1934
10215936 97 8798
185651 69 3622
13778080 44 7490
8313851 95 8092
2845932 63 6488
13221 47 8738
2235594 81 5917
537021 51 8831
9337597 49 8902
4683858 17 3526
318721 18 6624
1 52 2237
359506 96 1430
37614 7 3694
542245 29 3608
31996023 71 9703
15659 100 1968
476888 51 2658
201352 26 1196
2701265 2 2637
11165174 39 7766
2427057 74 8837
118652 35 422
4241323 28 3408
1359449 31 1710
681862 41 3577
32951002 100 8239
6402585 2 4268
15850 21 306
413754 83 4357
1241389 65 4848
10957845 100 8371
1486373 76 2566
13102052 99 6312
86411 85 1905
12591040 94 6580
16510763 73 6291
6277089 14 6526
17241958 16 6374
5998406 74 7437
401567 32 8380
1006313 44 5647
349334 28 8009
199753 79 1609
350841 29 2765
368973 72 7569
1894591 17 1916
34066275 22 8432
4106562 9 9272
18138155 75 6500
4794439 65 7282
821872 42 2397
64978 79 2280
7397316 82 5322
2469843 23 4754
1 83 6434
821688 10 1568
527259 70 1033
4202435 74 6183
7814 70 615
181799 33 7693
625416 49 3738
21728446 70 7576
8146339 90 6547
1005232 14 5375
35459316 38 9154
19210264 66 7938
22680844 91 8922
1918814 88 5815
24053518 91 7781
26390133 45 9895
656029 31 4865
1208557 71 2282
9881487 51 9772
190145 8 8037
10905723 4 9203
1433097 11 4654
20623758 51 9263
2893831 73 4262
79469 29 443
357584 4 3213
565068 42 1719
3054776 20 6198
3363986 64 4503
98117 37 1777
7754349 60 6987
2066640 40 3053
2980608 64 9439
30652495 75 10000
11483859 54 7440
280815 55 3303
480568 27 5796
5927064 2 7612
929249 45 1307
3786184 33 3658
30262 42 316
50831 36 1807
142777 100 6480
95337 41 1335
850589 26 3462
2868107 75 2320
7572778 90 3992
740566 2 9974
932742 63 9857
5733676 31 3817
12257065 92 8364
35664 94 399
35403740 28 8608
180005 24 686
70839 87 788
460822 78 3555
705714 29 6274
16156 79 594
3766005 98 7084
10626463 38 5401
62820 49 2091
9165977 58 9241
3732992 44 5279
1262774 70 7779
14144528 90 7097
16953312 61 9855
3643916 35 5243
15041749 83 7543
5527588 42 5488
1815 84 1869
164537 13 6306
743929 18 7356
407956 32 821
14154793 43 8708
964871 59 5394
30699 77 8320
43463 30 1845
876777 89 1352
1006127 51 5295
4686768 92 3469
6286 17 8926
28170 36 2724
6747622 79 4680
25980026 70 8931
12064392 43 5522
57843 63 457
1983343 94 6698
29065015 23 9881
2988928 24 4407
5589531 18 3572
65767 6 4549
1358920 7 2438
83691 76 1013
3873 24 532
3624939 18 7211
3595055 33 9816
425639 39 7766
876928 34 6779
26818881 37 8615
23749218 3 9216
18140854 88 7426
9919540 82 5820
9358846 33 9919
1649128 37 5931
228055 85 3406
1543982 22 9815
28871 37 3316
8223583 65 8222
130559 22 4858
1724279 20 1823
788535 88 5050
1242849 29 1733
280406 33 803
203894 53 849
5604780 36 5425
26020936 9 7914
4549725 78 3289
797332 68 3788
288334 55 955
39584830 94 8960
7031195 8 6378
430415 35 5254
32 8 98
1 52 9122
238951 74 1285
6787331 51 6619
2357686 20 3053
5206023 53 8173
925378 36 1344
906855 94 1364
1799082 52 8337
266212 5 4447
30994395 84 8094
660437 68 2590
47046 2 370
2212859 76 7824
8049464 20 4321
347367 68 4046
1400430 21 5412
253144 2 1342
126175 2 1730
734567 7 5271
4298017 57 2913
20680828 50 7004
644922 66 3170
13769136 21 8924
1769 11 573
8440059 95 9166
27256 44 3446
22813464 3 8569
180729 83 4778
759903 91 3707
5784759 4 5255
3670713 81 8106
23385 46 5940
6851093 68 9974
11884633 33 6210
3605591 12 3086
121349 45 8204
3030683 19 3908
250003 39 3443
69307 63 5684
3366774 88 3246
347098 49 4388
113105 23 966
19876373 86 7742
1788421 91 3428
145522 80 3977
384462 58 1563
30953828 81 9586
3005546 69 4013
2791461 24 2967
383371 68 7890
50041 11 5497
46188 33 1434
63129 43 1100
15339488 24 5826
1437606 72 6382
71786 28 4187
715461 6 8706
977548 68 7965
9154340 97 6153
15220756 44 7302
22471500 58 7253
18404 28 3922
228666 37 793
31848384 51 8538
4053820 94 6407
35172 9 5513
2272107 12 9260
71387 80 507
8503475 66 9081
951815 86 5456
640072 11 8358
2120009 99 4254
308106 46 7511
201321 90 6129
192682 42 795
6515912 78 8160
866772 49 4880
5741320 16 3972
1 93 5629
613825 67 3647
36837 14 1261
432548 25 2569
763599 59 6177
2849695 82 8378
111673 9 4726
834309 91 3557
16691258 21 5905
7687 68 297
82754 66 5449
246069 33 6983
216 3 83
46013 68 3432
794446 24 3932
13552976 36 9346
6340740 5 4676
9297907 82 8223
397616 39 5492
4098 35 1387
22033282 9 7396
2760278 48 5587
3767012 99 7690
11518 5 717
260755 88 1118
1036679 61 1348
690806 90 6597
3930279 47 4802
8574904 2 8715
29973687 97 8672
5360588 27 3921
5488614 98 5421
13210170 50 8182
313845 2 5855
622075 37 3634
128629 37 9008
38428 61 265
27895 54 867
3874155 18 6142
7754091 3 5818
46746 26 8792
225273 44 8768
4903944 30 4516
1753186 35 5094
1522206 80 5622
31545 45 802
18112099 72 8247
707509 24 1236
19800941 61 8752
7165860 49 9803
2074407 42 7296
6585889 100 6861
2389260 79 6675
3650 26 254
1914771 93 2814
91631 9 3161
1889726 49 5445
20311 95 6589
116267 14 1881
136774 7 848
185584 61 1276
366 19 119
26189647 40 8539
1704008 76 3858
24007558 92 9533
802382 37 1703
1943704 76 9006
1446378 22 2352
436410 24 1872
17506492 34 9543
2504713 52 2863
9745953 19 9066
237597 59 9913
37204 59 807
1155371 83 4014
114930 12 2818
856357 9 7208
31723979 60 9345
4930075 79 7438
1 98 9032
21728297 53 6917
14487049 83 6730
29741019 87 9641
1 27 4230
372572 6 6206
9021979 72 5578
5198984 52 6916
988054 44 2507
1304 31 1143
7593357 66 4699
1904677 76 2640
744552 10 1216
244317 38 9619
30364382 23 9738
4183276 23 3717
49053 74 2248
2272831 71 6873
13577063 53 6309
3823608 81 5827
19486408 47 9282
24272735 87 8208
9661568 31 7305
7944 17 93
7902231 92 6150
3285800 89 3309
54211 30 3840
497840 82 2412
3472034 90 5438
19961774 50 6430
6684923 100 4693
8377140 94 6518
9275459 39 6974
7679183 62 4625
9329 20 5333
45752 37 3480
10557730 44 5423
12976831 32 6066
484773 46 2469
13860765 53 6800
14101913 30 9307
2163757 41 9970
13764618 78 9283
1 76 998
2966554 75 4220
2202412 82 2731
10832606 9 6698
12451 71 6852
1923607 9 7397
2565723 57 3654
1825621 44 9714
1694295 48 4853
1551119 3 2166
5880168 50 9272
3771548 34 6798
8106049 28 5493
48528 50 1237
33556981 72 8940
9637044 55 5880
223963 46 5076
1 57 244
7878911 10 9840
9819285 14 6185
1519460 40 3175
17371254 64 7101
9061513 5 5824
8008924 87 6461
147620 25 5313
10362684 8 8415
9601979 52 4452
6520740 30 4033
25453853 9 8071
10852047 77 5471
38355 92 2291
305336 31 3534
34306205 33 8642
22349434 16 6811
30977286 88 8773
4489141 75 8591
237069 40 3577
5281959 43 5991
16364 90 4511
1949 4 15
273084 90 7003
4039012 20 4078
4467 33 339
18456696 3 7933
2869054 31 6554
221247 43 7553
6658842 4 9153
14460974 38 7217
3416774 34 6387
5166117 28 5674
7277569 76 7214
21821521 34 6615
7788240 77 8503
40024543 91 9442
2584196 9 3645
7014628 25 8440
8668619 22 4116
38361 68 424
1418167 46 7574
86005 59 932
17557028 80 6510
857719 43 5799
17543153 73 6432
37232535 55 8718
260373 13 826
11354287 39 6154
460867 35 3388
859 70 272
2890827 21 2577
1091 5 46
14639822 73 9897
7656984 97 4002
335834 10 1815
8869372 22 5705
2272 100 7716
4729074 66 4693
59057 54 1021
1 55 346
1930166 18 7304
5413644 95 4091
1 68 953
10967075 62 6277
34281 13 317
8717105 64 4106
1545729 76 7170
27018106 5 8987
1872925 45 2008
8871715 78 8591
12823143 36 8722
880285 26 1614
96350 43 1517
136071 9 1012
4407633 32 9683
388 81 211
19296452 23 9391
15768700 6 5693
197919 8 3480
28915851 91 9263
156441 43 3368
2962225 74 3677
388692 55 7153
3240 38 1771
364208 39 2970
4670440 67 8880
3511541 43 2691
10107356 79 9952
2260047 56 4410
328519 99 5027
1055038 88 9340
8910396 14 8970
22590 26 6700
81768 29 9172
5906648 19 3660
889146 38 1817
14840724 11 8142
1654675 8 4208
11412796 22 5282
4795 25 85
6059722 54 4153
1728045 11 3035
18131567 43 5992
3831499 60 8090
33248 7 3749
5244843 35 3439
761572 28 3511
3163229 72 4076
1122868 11 3821
15228963 51 6237
7928986 68 6680
14702 73 2274
295976 25 932
31549393 45 9882
19213650 35 6745
7815425 5 4197
637105 87 7308
15724 57 811
289 82 654
5384170 12 9038
334548 78 1826
14852836 67 6205
3420103 66 8882
7183367 59 6965
2775834 50 6553
3915457 60 2723
13077008 59 6754
599464 20 4530
276859 73 1134
67579 83 1730
2251271 61 8756
3191306 27 2837
1015301 69 1962
4245528 60 3570
33560058 49 8346
3382012 86 4371
12843953 94 6038
8890439 4 6698
6192649 58 6520
12111241 70 6988
110972 49 4027
94953 90 904
775 3 85
19587049 7 6212
10465322 51 6176
8855840 98 9785
220906 99 5275
214764 90 3964
666361 45 2940
9920178 59 8233
11755390 39 7862
94490 33 3260
393 13 1263
1333946 56 7635
376703 14 7574
740181 44 4336
63360 92 668
105144 63 1271
1619864 45 9949
18943948 2 7625
1999867 47 7944
18720911 34 8191
8799092 54 6828
39192 86 1772
153430 23 662
10213047 11 6383
829307 89 4791
398582 60 6627
681463 28 1294
24347063 87 8001
1867298 41 3238
17134697 14 9914
37922007 94 9708
11387071 66 8387
245397 67 1728
16161777 39 6909
16428291 97 8650
106230 20 412
7256898 13 7424
349180 74 1825
36940 82 246
448 22 7227
40325315 79 9286
11155353 11 6754
14943409 21 5416
4522 14 2452
3890657 50 9902
10063273 40 4527
2999350 88 2924
3992510 69 5574
116762 19 5840
2151620 27 5575
91727 63 3058
677767 95 1104
2441872 95 2646
22370251 54 7130
11320390 3 8322
189260 17 8600
1933295 42 2350
23200 93 7501
53856 2 1230
9051015 35 7494
6727944 49 4427
26446032 2 7777
481025 50 2543
672 53 7132
44515778 46 9791
17593765 64 6091
789353 33 3037
6479472 87 4461
5242301 21 4177
52952 87 6875
747306 40 5025
78259 10 5958
112807 10 742
1052359 89 4234
12045 25 1660
764385 27 2855
104572 47 5069
64882 50 372
250280 49 1342
122801 21 1457
3590768 41 4655
1161965 100 3610
340657 18 2907
4893640 63 7981
11739973 8 8446
12322897 9 7128
6678490 32 8464
2602 96 139
1480993 70 1674
617704 79 6355
3259469 63 3166
34446663 31 8510
4856924 51 4112
1490345 42 2245
582926 50 1284
16098094 89 8505
21331710 53 6915
7223508 29 3917
353599 11 6523
28555920 27 8027
3060648 7 5234
320464 79 7179
446736 60 1900
17919785 6 8688
3401184 45 7685
1895405 50 7717
1 98 5937
11045637 25 5274
6892664 45 4820
3072913 20 8490
183142 17 1446
2051190 5 3307
1200283 31 1925
7531908 36 5844
100800 23 479
6164093 29 4534
11661500 89 6957
5744792 45 7473
3289063 49 3468
664450 5 1228
97212 51 468
11461061 17 7264
645393 51 1899
11716154 27 7636
40403792 51 9657
7042434 95 8473
17705119 20 8000
1574846 22 8373
33602435 64 8441
15547349 57 6665
5678548 62 4639
15677863 34 6905
3862404 66 3005
13505217 96 9585
132545 37 1017
2797 70 218
16810059 29 9294
87998 94 492
15573 26 616
22833 93 5561
294651 16 1715
1698068 60 2007
12782970 76 7878
1791236 42 2340
10849310 9 6854
1075197 19 1681
954952 17 6546
82116 75 1114
626535 40 1630
2272061 78 4193
595121 25 8154
13466246 57 8419
10719795 28 7165
3409356 89 8209
11379136 11 4896
7811503 49 4535
23182385 9 7426
4864231 41 7490
2449802 24 9691
4583655 75 3426
1427124 14 3058
940254 32 4097
1326678 67 5161
8804476 13 7419
1332691 87 4241
14543670 6 7898
1090029 49 5730
218767 68 2545
87135 42 6866
10363324 63 4662
4370882 16 4433
1943964 3 6552
380121 84 1969
9283214 92 9628
1738095 25 6550
1 74 374
1384792 20 6493
1 82 1451
16205209 72 9843
156174 29 5751
21446369 36 8249
1141919 7 1646
1857296 52 3061
2038426 74 4520
5848883 90 4604
4287524 100 9106
2264041 83 6275
116525 46 640
8311956 98 4718
3218232 51 7413
7986825 57 5217
3738973 36 4879
37737 70 1147
66944 7 2896
8034104 92 5010
3001968 71 6955
2111737 42 4324
564373 51 1547
12923562 60 7016
20209131 50 7698
2444838 71 5056
215 53 282
9605 36 2891
1879170 72 2173
43440390 73 9570
554063 65 7928
4417771 56 3211
4688018 64 5466
457228 55 1241
215089 97 910
167502 24 1761
48498 34 1249
9898189 27 8349
269899 99 2681
2010991 89 9303
1953 3 131
7210757 33 3729
8838 74 327
14894688 39 9672
117264 55 2583
59987 45 6087
8875066 68 4482
465515 32 2161
13370997 96 7809
5455243 69 9274
1098263 82 6086
4234435 59 3409
4487935 44 9890
705717 57 3338
30636 4 3057
27347848 49 8775
2066429 15 4314
5477108 68 8317
8909215 17 8258
5234361 93 5914
15681 70 1456
1719615 27 3848
2685888 98 4097
10768 49 9318
34423372 81 9846
4735896 34 9086
2852303 32 9611
1496077 85 5766
5362102 21 5164
41956 27 441
79476 91 5308
266285 19 3017
754380 44 7140
1200856 30 9994
532017 16 2971
17150866 65 9992
4402623 43 6262
4241255 59 5780
6098284 66 9270
150176 38 1260
1482367 77 4575
6192548 37 4016
806863 67 1686
981544 45 1954
3794444 3 3172
37997775 37 9854
14357393 57 5318
1654316 47 2422
2397287 27 3418
3236266 74 9070
462377 24 7235
343477 50 1717
16619 49 121
8157092 73 7368
62527 40 1185
195186 82 6298
2688417 98 3195
16978 2 665
7477526 89 3901
73502 22 567
674237 70 1291
7703680 48 7408
18650174 88 7175
1368207 71 3618
1927848 20 2421
61204 48 1031
135881 25 8852
1847295 83 3141
10022025 35 6895
243266 89 5224
123541 23 7750
15843 77 9652
32204437 85 9685
1490442 77 6385
23577525 82 9279
2747067 18 6400
148 41 1406
6351156 98 4594
1001511 41 1791
19481965 80 7261
22837620 75 9460
6515964 49 3740
9991497 50 4914
901602 37 6674
2102026 60 2300
20295 13 135
882773 51 6799
1 83 5930
1787416 83 2936
8992097 8 4387
5523486 41 5685
7418122 57 5940
9521070 64 5432
16585471 10 8131
160746 54 4815
105038 75 713
2291328 23 3026
3721256 16 6409
10391252 89 4774
221525 56 997
10274844 57 5958
1540451 78 9192
1485740 94 3117
1967683 72 6149
6771721 37 5452
17295943 90 8754
2559728 92 8126
12533255 61 5634
20152822 19 7639
209625 39 8918
4561648 94 4977
753217 59 4558
301181 24 1604
6545937 26 4715
16856387 61 9516
7648420 70 4993
13387085 100 8530
14725182 40 6389
12312280 48 6683
581811 57 1322
6782181 39 5126
5007412 56 3571
102023 88 806
864059 55 1600
1466145 56 4777
3314955 54 3971
568528 72 1136
121115 32 740
4624235 67 6432
376161 73 3025
114032 75 574
73963 55 1025
10072 59 3128
1122075 22 1932
2393933 39 7892
1209833 64 1686
30135 46 2317
5743416 36 8700
2140102 83 2230
108026 59 2087
864963 56 8476
1 85 263
11940705 8 7467
3272973 27 6086
2855 31 3884
1100120 98 3516
19281675 36 6297
23560460 92 7596
4843 42 243
2709272 57 8077
38096612 26 9142
20962385 5 9192
10602809 87 8873
823667 40 1229
6313858 45 7967
1 84 1371
48182 22 3701
24598942 24 8684
11060376 11 5993
5989958 18 4913
6130 45 2872
19193548 95 8242
23407 62 860
4179179 12 4140
257480 71 3200
193764 66 3362
1983080 6 2492
15391251 24 5586
1587314 73 5289
27071096 67 7306
7729415 56 8669
38958 59 320
2099401 8 3435
67476 55 2665
25402509 66 9462
3261181 24 3704
2061 9 8186
4892205 57 3096
44708 55 204
7879086 36 5704
1446898 66 3365
10721975 91 5069
24998546 95 7354
55938 39 1637
23159 32 373
2550173 66 5525
16743615 25 5929
33049455 37 8325
676912 27 1194
14229 15 556
37801342 88 9402
8712425 24 5371
332615 92 8488
35266 6 1426
7399274 93 6896
10764702 78 9118
2558735 68 8082
26673276 47 7337
106375 61 1039
63760 43 327
8190689 76 7196
1629511 11 4781
3075623 90 4430
5848 40 198
34376787 47 9705
3181787 99 7122
4414383 86 4680
7000255 18 9960
7765668 80 7089
329 43 178
15995869 65 6980
6483850 12 4039
51326 24 1778
67799 27 704
586844 3 8247
15942613 54 9610
7844605 77 7389
14901 4 501
2777649 51 4725
104630 71 2164
1876804 90 7829
1390 8 7795
9953 40 157
9200956 100 5212
2044990 69 2709
1091295 87 2481
23397657 1 8415
5985479 70 9463
18379444 76 8867
6164863 16 3662
1712759 58 2070
17279740 80 7189
11147019 69 9423
3517833 1 5447
58196 76 347
1986729 11 2268
3242981 68 7581
1135122 60 2115
27338298 24 7993
3101659 19 6590
11170811 23 5579
3005793 26 6439
11788587 1 9073
8276608 94 6508
83301 30 1425
24777072 31 9542
1334105 29 6160
7984465 26 9855
61418 9 3229
8360515 62 4245
392154 59 3691
7472678 34 6471
33398 20 331
1 83 112
367947 22 8529
2547685 20 3046
270407 24 4484
2428555 45 7818
1319 74 7606
8319085 93 4742
10480710 77 7570
153453 29 2913
3330237 42 2820
4226744 61 3076
192668 92 598
138502 55 943
1037393 54 1881
5662767 72 9421
5117480 45 9337
10825 37 7535
6386633 19 4035
6615165 19 4193
8233614 16 8482
21455846 18 7041
16958674 60 7406
9042704 68 5625
1192699 69 3808
6047097 86 5923
8238567 63 5979
4655516 72 3545
1304533 13 4580
1518573 7 2293
27257 22 5363
14447 84 3757
2215169 54 2339
5211450 84 6258
2277151 38 4933
1 70 727
5570656 95 5655
2533816 29 7032
3116989 74 4589
78813 33 312
16833556 32 5899
1496979 63 5436
1419552 1 2501
436046 60 7972
12373058 5 5843
15703 74 1328
24022137 60 8828
7665511 96 7544
765455 94 7474
5797 25 4560
4420282 59 5573
10522633 23 6218
659675 75 3151
35910 99 1502
57298 39 1437
3925744 12 2842
11231282 91 4886
26041391 16 9408
9083197 61 8269
2292239 95 2184
12685582 44 6903
8850682 48 4154
1079646 52 4271
11947911 42 5601
7155560 75 6097
910318 75 9640
13667121 67 5523
2160890 29 3113
3472166 87 9610
21631422 30 8259
66723 99 3550
45547993 79 9554
1185405 40 8563
20350280 33 8916
10868 74 496
53401 100 3608
6402385 66 8051
3488509 61 8406
57842 68 4304
6577605 32 3813
262027 71 3221
1129718 57 3199
3509464 68 5000
393431 77 1638
230439 98 3542
5695 30 44
1935 84 323
36512289 66 9746
2053549 13 1984
119377 39 2270
12481610 2 7203
7115391 51 9830
1491 17 3210
19212 30 3673
4753537 47 7167
244683 97 1805
9650 47 2648
8483363 95 9424
186843 34 1373
530 52 1335
186521 62 1071
721644 86 1692
58171 67 1506
11740486 42 8659
664296 42 6860
3973707 97 8081
5333478 72 4096
899787 10 8634
7653419 29 5753
2705267 68 9629
1543740 9 7731
4168403 74 3040
4217740 47 9021
9242335 26 7218
1807325 1 2489
2091114 8 2954
1949161 99 5513
140339 13 2066
307731 32 1946
2300839 99 3056
360529 27 3028
986328 39 3116
36226 9 7899
3390571 19 3372
4587828 78 7825
3412680 62 2528
38577 40 6689
509472 50 3855
646525 11 1763
12121234 18 7980
125640 9 818
3868511 1 4485
59323 30 328
3385340 68 4250
272509 77 5474
3462388 62 3078
8236765 90 6665
3289168 55 2759
10587166 54 8425
11323675 70 5704
5110 7 848
530146 49 1396
559377 25 8658
8210231 73 6904
2571705 54 3148
18093694 91 8895
264750 50 1126
8583751 16 6305
10750669 72 4932
2125882 67 9271
3201663 84 6787
13598103 72 5398
46337 73 3545
31813543 31 8772
3199412 63 6447
8556881 90 7606
219757 47 6130
30430 69 6977
97729 11 937
3129648 3 6262
1438921 91 1617
9326846 8 8768
2577413 88 2559
3398716 8 4276
1281282 88 5659
21906963 42 8514
14385813 83 5268
725019 59 2441
502256 74 3022
24147687 78 7477
25256 98 2611
1920462 66 4327
1050129 47 4203
57928 66 2458
566405 89 4021
2335 87 175
64054 20 7571
8087591 78 6678
18471 80 131
306633 22 2722
17735593 6 6460
2418392 67 6687
4217655 11 3975
8962176 32 4578
303917 94 4819
5585906 39 6518
209299 94 7576
4198493 99 5290
21272935 1 6841
133118 37 2739
2976540 32 3663
16318523 89 9847
1152915 17 5838
817015 50 7177
12976122 58 9623
10915430 57 7269
1366919 74 3170
8354197 69 9794
7406 9 193
5539 84 277
5698438 63 6272
855921 3 4268
2507854 23 2371
1064701 36 4147
5268753 16 3980
41412107 29 9662
541994 36 2143
4788070 14 5715
1816401 34 2227
12244415 82 6123
7547148 60 8574
659 20 695
1387677 28 2204
64609 34 551
24605002 21 9449
34311697 47 9792
17892334 16 9490
22198045 84 7931
72350 90 8321
8822 82 660
5061978 48 7186
701626 67 8699
12297235 3 8618
1525635 20 2892
4485 49 731
1844699 35 4014
2337581 21 7236
12144547 88 8789
1699101 47 3673
696004 84 5947
4941196 18 5763
975184 80 8260
12168297 27 8565
20637 35 741
21349774 94 7379
457100 84 3776
1974748 83 6362
3488198 83 7427
8758584 35 8102
3959596 15 7858
1685165 4 5778
10655896 69 9039
682557 63 2045
8982673 62 9060
1439 6 1712
2474452 28 2437
1075704 60 2493
1065164 77 5421
161262 97 687
1511163 24 4199
2113487 18 4666
15106895 90 6937
1 88 444
492175 25 4089
325204 38 917
9111542 34 6358
45440829 81 9535
20882901 46 7621
3462730 61 4607
2398750 82 2300
14056797 37 9045
178129 62 7201
4142701 59 8333
2069962 24 7079
144539 88 2299
624276 25 4876
32413780 3 8587
70805 58 2068
11626072 47 7735
2435822 33 2977
2543 59 9057
1029066 91 1891
2612198 22 5179
924849 81 8712
1236726 16 7141
2849182 68 2603
882737 57 1581
16507 2 501
25442696 77 7941
6029342 58 8257
3942593 83 7512
2972783 65 3642
17132 28 4570
2802926 90 4842
2752644 81 4766
3536084 11 7146
5417 85 479
2257702 4 3286
11532863 26 8420
9754005 45 6361
972888 71 2573
218530 77 7511
48189 56 1488
475799 54 1889
555308 10 5274
314439 18 2491
31473530 95 7941
11025675 98 8639
12456995 96 9731
152577 38 671
11697412 94 5305
676929 37 5218
7948426 27 4848
16254961 22 9832
913581 71 3931
18888101 61 9051
674103 78 1251
5447548 22 4429
3230768 71 5883
24921196 8 7653
2115606 73 4535
310882 38 1658
5960181 41 9269
92096 90 795
1 68 4148
1701271 79 3554
1 78 642
2856566 1 2591
2081876 91 7499
479 63 699
1028510 29 4884
6241600 15 5103
24185345 90 9983
2456089 8 6055
8791909 57 6141
2222188 57 2095
29720997 21 9369
19857022 28 8190
1692004 63 4821
229851 14 9800
23549 36 218
13344288 31 7170
1003382 2 3648
12223767 31 7708
40811996 96 9114
9081250 97 9738
14465243 68 7387
3522831 46 5131
3430229 68 7660
8236 21 566
1818469 6 5862
14275 31 706
270899 74 2340
8398624 5 5866
6591 80 9498
223586 99 1984
4432222 93 6154
4279894 45 2886
731978 86 1684
2026969 57 7201
3859491 10 9176
950577 78 4257
1079940 45 4117
233420 76 6444
109152 93 1164
930467 90 2151
2805242 84 5951
1 100 862
14867710 90 6940
198793 27 1500
3787006 46 5468
657263 42 3557
761007 97 7296
3419985 69 4501
193554 87 1013
1237086 59 9263
1483622 71 6617
199293 10 954
3890108 81 3365
1295462 90 2890
7671923 15 5171
1904267 71 2196
15715310 6 5739
820475 69 3764
2342602 14 5440
188957 36 2903
1128666 67 6703
710812 44 5777
760743 40 1452
5169805 66 6436
12060964 54 8247
1687766 54 7797
21062259 25 8575
1052320 36 8522
258034 17 5078
89395 54 1467
16786 84 4337
1018959 63 4111
939632 37 7044
6280777 32 4893
325696 31 1928
1380951 52 4357
1 16 6221
24407247 83 9122
3977379 47 5812
297463 65 3969
1 89 4192
10167880 52 7203
30150129 79 9298
4028461 39 3137
770723 11 9643
122394 23 4179
2463118 45 4735
344524 78 1080
117775 100 905
758373 24 6938
33520 19 391
13062812 11 6025
7073353 82 7005
24663007 41 8746
2269722 38 7276
5260939 36 4662
255152 88 4420
1065967 37 3732
76868 4 927
109398 63 1215
1337793 41 3542
9365638 86 7598
72248 11 4639
2755126 22 9756
195449 48 2430
742567 95 2657
1533711 68 4306
125288 91 569
11813933 73 5960
4308575 82 5984
16386016 11 6279
2804633 60 4772
287456 37 2275
101469 27 1098
7427 69 2541
1 62 644
5000560 34 9417
12355037 70 5727
4787212 23 5087
1611884 7 2090
62483 32 9756
19229537 9 6333
21512355 43 8758
18084078 45 6816
474234 1 8975
16753511 43 8333
5666571 95 3730
875124 84 2099
115815 95 2311
944149 98 2263
1222192 26 2552
20675539 36 7348
311803 1 6584
10623098 61 4668
1 59 1570
9265642 79 7078
15005127 40 5481
18123341 4 7666
1519386 43 7628
1771140 76 6986
10917 40 3162
271818 64 3673
131830 50 2116
45323 10 2549
13800 86 1853
115 2 265
18269347 67 8825
997519 54 6383
1692007 84 1767
4367965 32 3508
3548549 56 5190
8707301 38 5963
235920 30 6292
21061 10 3117
3973673 23 4163
217984 60 7581
528664 54 9071
43338157 95 9781
23183918 19 7159
164601 9 2408
3477284 10 8968
1837781 96 9142
7669 79 418
24045 8 856
1305560 84 3912
6703916 69 3688
4614108 57 9788
165738 60 4558
857654 9 4895
1132442 6 3342
41499 92 1049
120518 61 4094
554514 85 2807
1348651 62 1701
1184276 23 1849
22495426 46 7505
37717 63 403
4800167 79 8023
3697 14 1346
22061200 80 6634
11846614 8 9352
15238076 26 6854
6725 10 1997
70795 51 593
1801515 82 1918
1287679 83 3561
1687869 36 4694
1385520 30 3093
37073 39 7089
28774944 21 7628
23157959 80 7889
450766 9 8430
298920 27 5220
9026115 45 4744
5616977 49 4003
42603 11 324
7174814 3 5280
4433103 66 9709
23941880 58 9348
948941 97 3479
757862 74 3571
4594046 35 6372
224015 87 3326
1444537 31 2185
3712476 54 5532
18960 70 3059
14692797 49 7400
34465 85 5161
5920179 90 3867
366711 92 2111
10980411 34 5167
13820054 1 5245
79438 70 1393
662138 40 8689
2218943 29 4441
14234 45 1542
568108 18 5105
37298 65 4984
284517 34 4632
10120625 6 6716
10159432 37 6111
1217227 93 3432
2457074 28 2557
30413492 80 9314
30774808 43 8799
4039269 70 5393
1210657 74 5142
179039 39 1013
396417 87 2297
7616729 73 4616
7339525 97 6246
1386 60 5877
3586832 80 3511
6672338 27 8329
507640 96 3916
6217949 80 4070
890521 31 1790
7409453 28 3767
21691964 89 7523
47712 65 1976
4487492 77 9820
20543348 95 6521
2006900 61 6274
2059399 77 2972
532208 81 3561
2738787 80 2269
1191225 60 9797
164510 77 4304
799265 92 5740
1072974 46 7846
2881396 6 6947
1553950 20 6136
93907 86 1128
6475769 22 5436
2126115 24 2486
207019 31 9338
131740 5 811
10123 5 681
17999017 25 5951
13036922 92 9936
31849235 62 9539
17476577 63 6479
6347383 52 3905
1044147 79 3778
25070 38 1468
550774 11 1422
6400048 59 7442
993323 31 2581
5276904 11 4140
830457 78 1424
2283944 83 8756
464318 6 3868
8696347 25 7568
22236292 40 9408
17620167 96 6012
92975 82 432
763858 80 3883
2741598 76 2628
2774755 23 4790
9259 99 982
295614 66 761
23718462 82 8620
2293 66 736
1108092 84 3357
29671304 76 9696
222840 47 1543
1614759 85 3121
732499 80 1830
5646 17 236
60099 58 4777
4570552 69 3077
1210443 47 3523
207909 86 2169
5643137 70 3765
786725 34 1802
59839 10 315
99306 45 2437
21193 28 1499
71664 32 6321
958358 31 7369
6147882 11 6105
1455948 66 8640
303761 54 3461
4618037 46 4603
5871909 32 9076
492260 69 1445
5762813 29 6672
27285003 10 9754
2983535 59 4852
1468947 69 2365
716746 34 1365
2953856 91 2570
102490 20 4340
5187082 97 7780
6331388 47 9666
359064 96 1166
222964 17 4672
9541897 48 9358
3355143 27 8647
3818 48 319
924612 86 1507
6604 27 2096
1515180 47 9154
122234 8 478
4646860 14 6964
867498 87 5433
6949174 12 6006
22260419 52 6758
587309 24 1134
18866248 12 7558
30576441 22 8646
1 76 9228
950579 42 1463
2588044 36 2341
16426145 85 8624
12160567 15 4836
37926149 69 9368
806629 99 7229
4661990 27 8857
6471 26 176
1 68 120
3330634 52 2979
247888 23 1260
21855454 69 6706
2399514 12 2883
1 24 127
1179687 39 7927
4268333 30 2961
315285 85 2043
1 89 179
992251 10 4062
59288 97 8843
3797615 93 3271
1412590 11 4279
5509319 31 5935
5024188 20 4598
490 18 42
518525 82 7043
14896876 22 6760
2449261 97 2571
3762814 34 3212
30745466 75 8944
1420736 60 2814
695923 27 9466
9415554 29 9560
341625 85 5473
5509 65 86
173491 54 3291
1350341 70 4372
10413502 66 4952
253832 79 5424
352873 2 5082
20671848 8 9692
2901526 94 6613
2599941 68 5415
3010388 23 5411
57248 1 7138
323726 77 8432
344137 21 944
262025 65 4977
2794922 77 2613
13217223 14 5937
14590 2 5905
9168275 12 9711
7045863 90 3791
17830359 18 8371
2502617 27 2999
3895892 14 8864
1970209 37 3396
20698801 54 6356
1522442 18 8538
454128 69 5190
25842 30 4953
5147571 61 8799
1 68 240
181179 15 7336
2864095 73 2782
2235440 86 7742
28270058 27 8678
7497507 47 4701
1360937 9 9938
2131158 8 8410
4889884 23 4230
3282958 53 5107
182177 52 1603
5232157 85 4890
2379478 7 4489
5684421 83 5422
3813591 17 4543
2275313 4 8104
1258889 26 3205
11777 40 655
15136343 76 7901
2211742 82 2861
620987 41 5543
28613352 51 8112
15259086 61 5612
1543476 17 2240
3728220 7 7719
3951242 30 7373
636084 93 1162
844500 40 6695
17792601 69 9628
648838 26 1286
1672301 22 8845
2256213 48 2842
24928582 8 9910
2057 81 125
29021 51 5716
7527 4 7459
11842215 87 7384
48067 48 2322
37081499 100 9120
205753 39 9099
14543 5 3585
6965398 80 7876
11800825 34 5820
9544875 81 8277
1242150 3 2968
14367 11 2916
20864850 83 8011
3583773 58 7043
6804 76 7506
2005141 68 3663
30700748 58 9965
6381 67 157
288185 87 715
1 64 5002
5542799 16 3673
31002563 43 8695
762157 73 2755
11064921 76 9689
43071 36 382
31778 94 3173
27892 100 776
2776960 97 3514
181441 23 4641
452763 15 6433
493607 19 4924
13215220 55 7671
12106884 44 6134
1461442 87 3444
9895906 66 6322
11875834 25 5353
3222707 52 2902
22161147 82 6942
15752184 78 7260
5695233 69 9276
29702086 92 7609
14365 28 279
9475850 44 8688
788050 64 9122
198884 50 5388
20392275 65 8447
5666813 33 3959
34308832 38 8704
2878649 68 4250
1373729 95 3446
407418 30 2516
4016379 82 8027
159139 54 2244
994706 25 8529
3555225 58 3828
18896473 7 8545
16400943 57 8162
12955759 48 9312
16045794 42 8984
6776601 22 8827
4339724 99 5852
10298 34 997
25095685 63 9331
4345020 83 5596
23727490 77 8968
175499 56 1436
200515 55 5011
9684900 20 8910
4252208 91 5315
302644 79 7695
443745 95 3887
2323874 20 7978
17428975 72 9115
340276 49 1820
1169632 83 8710
3762150 26 8330
1148087 55 7373
14535880 27 7648
694236 62 1992
1283244 84 1590
7036389 33 5019
5578 11 1929
140088 90 3904
7558014 46 4577
460602 9 2613
3327254 41 5932
164789 83 3367
2907739 90 9458
5641736 72 3338
411718 88 5380
847977 60 4466
958766 82 1363
16807 92 4895
1819707 100 5776
111850 67 5680
1469765 78 3246
3441597 54 4125
2252003 83 6425
28160 6 1284
347549 60 2838
3559096 72 4482
8161 35 837
9361587 16 6332
4176102 25 5949
4444709 39 7325
1 47 2147
82419 98 7845
5038886 60 7256
214448 13 7213
1767302 9 9794
4843514 78 3486
2614759 66 7877
2687746 20 3590
2829737 88 6622
38130619 98 9209
25344 55 217
2207915 53 7552
90851 22 3046
155710 88 6907
9426220 69 6273
15981974 8 8673
403 6 10
4035 8 17
31834 96 194
1 34 7331
1215054 29 9599
20821559 81 7866
5009852 61 4364
16549918 63 6869
5189314 30 8703
9808142 41 7530
11510 50 64
344576 20 1001
388889 11 5657
730689 12 4272
1018182 11 1439
1 18 1984
40688953 91 9687
6230757 65 5369
6779496 23 4878
5822034 61 7149
15022007 26 5518
14662547 64 7299
328846 28 990
298931 13 1646
14538542 30 5721
16270474 47 7886
100356 98 462
175190 90 1544
169069 98 2144
6088595 70 7401
545102 44 3731
1205678 77 2175
1338027 31 7585
1396252 43 2439
303354 89 1772
24584040 97 7350
26000 13 9077
1160309 58 8532
2642871 82 4534
62827 74 1303
56798 81 3615
540909 58 3868
8011000 35 5080
203351 70 3255
221523 46 2408
21175780 46 8161
33803569 94 9733
1252435 32 3622
13531536 55 5273
17962409 22 7688
269367 32 3430
1423779 16 4205
15655060 71 6717
6098887 34 3605
3550403 9 4733
168615 32 3385
31102 94 9948
7031072 47 4520
674805 11 2700
1536863 47 6283
15081601 91 9258
7617 16 2198
1811877 69 2241
176046 100 841
2579707 64 2597
404393 70 9312
23464181 85 7779
416 69 240
624501 17 1459
33851 16 383
27519 100 398
2290001 32 9504
4841527 69 8680
1289965 89 6487
1247530 21 3521
90660 73 1363
3488684 82 3752
390421 100 8349
4448647 81 9344
10438176 20 8210
22921 60 146
2210921 96 2307
160525 86 3212
20185 7 1228
667147 1 1249
127868 19 2196
24895 17 3398
6336952 59 7595
259779 88 1965
1 57 2515
870 42 387
5017 42 346
2229300 73 7186
902782 43 3009
830107 23 1241
5087804 92 9398
6717853 39 5875
32748581 9 9039
21409986 72 8687
107337 43 1798
39185150 30 9287
16730864 88 7896
11503 76 91
3722715 12 5693
4262090 28 3158
1415137 22 5594
19839240 55 8391
4212582 83 3850
8046619 63 6576
93354 34 1643
285 63 978
11898291 73 9004
3829783 60 3592
17289377 35 8604
407366 82 4078
149491 40 1636
8632668 54 5397
1466385 70 2643
38325 52 399
1255237 7 3013
174667 20 6168
636874 37 2016
4957254 36 8415
52066 92 6439
1 94 260
112822 49 4678
556816 93 6966
2495538 85 2496
3806276 85 3832
23312875 7 8973
1599736 62 2326
142085 66 720
10097519 29 6203
1620108 26 6443
23493736 95 8210
2438594 49 5615
9864268 55 9603
798350 48 9473
29506 53 167
32233088 80 9806
2314 84 226
816 60 1134
3022559 47 4875
271675 40 1189
38081279 24 9004
72073 16 610
8668722 4 4172
249413 58 9449
941415 97 2993
528673 89 5725
1559867 30 5410
34207178 58 8573
109996 79 4101
102852 98 5557
20623218 77 7627
950827 64 4019
3100214 9 4492
13595099 90 6149
3615490 8 2889
289959 38 4905
18615215 74 6645
7112090 34 8907
757993 35 3531
300020 48 1232
13208994 15 8564
1116634 95 4815
4103514 93 8997
6723774 70 4829
171660 37 1863
22914399 23 6915
724396 9 8629
462056 63 1125
96913 52 2956
9442837 89 6750
16115 30 168
10555056 40 4803
469353 5 1956
915320 93 4700
22787799 82 7506
19330279 10 8361
193291 74 9026
1568955 23 9250
1 67 118
2535298 12 3194
900563 64 8363
11195543 40 9436
6583 50 2413
1 97 3638
6714544 57 4701
914201 19 8513
28353 83 430
100219 37 469
40387 61 3251
275206 7 5848
1 87 4565
26969668 43 7453
17943 36 842
16906829 12 9540
2113533 27 3876
10279828 58 9403
282499 25 1297
34147906 6 8703
23458 50 4039
1 85 3113
56425 30 451
1 96 2049
5454949 92 8411
8954516 30 6247
115286 82 3048
3391302 48 3024
91352 7 3836
3794796 77 3502
185673 40 1279
15241127 64 7571
25243013 44 8283
2444992 87 3603
4900726 9 3173
4876132 54 4813
1845531 2 1847
517721 19 1483
621595 80 5216
34050320 94 9156
762650 61 4979
38383 69 519
3854509 44 3037
852892 8 2746
64903 27 380
21037305 91 7791
18306591 81 7885
457592 25 9078
14462779 41 7826
260893 25 8451
34430 90 226
2181731 77 2331
7535058 85 4194
1315747 92 2058
1701262 31 2177
5156339 83 8780
45816715 65 9920
3826 15 432
9064741 15 4190
224 11 1580
308525 95 1673
18030050 71 7721
54580 54 536
311124 14 2578
3494614 47 2923
4457816 98 3578
31079103 31 7889
205926 91 4642
21942866 91 9380
6166037 40 3686
3020391 68 3072
2318629 93 7657
18080834 19 9670
28840557 91 7545
1 100 395
5307392 40 5180
9766836 33 4385
31336304 97 7900
1963227 80 8603
11288125 91 4827
171298 57 863
10603792 26 6463
30980 73 1431
2803598 60 4774
8347 90 3124
2045548 90 3545
432656 45 1141
169296 10 6328
320004 51 2543
6975 42 4924
29027283 70 9353
19753311 54 8089
913702 58 3167
345127 53 7331
203706 30 7054
6369927 21 4127
429606 68 8483
402645 99 2457
4116476 4 9411
1242170 61 3993
66254 74 2935
1333441 40 3334
335136 25 1455
13346095 35 5880
7505916 23 5995
8807551 29 9569
23265 7 8963
592 36 258
116669 56 2905
497540 18 7286
62862 51 1930
2658975 90 5233
18834676 83 8941
4114 25 2934
529623 45 2158
33000 42 215
6609819 97 5604
21704230 70 7869
73482 9 2224
56137 24 5930
15252697 38 6578
1110608 3 4189
11703941 80 6885
2016567 20 3475
1879558 71 5734
4247352 12 3074
166529 87 5471
2760970 99 3329
73188 39 3983
1917886 79 2911
15460636 100 8291
369458 11 1524
15320212 14 7413
6455902 21 4942
1005818 33 5007
4796 38 7296
64847 55 6734
764 80 88
33112 46 467
4873762 19 8438
908705 38 5577
1215236 24 7150
4174111 41 6587
5718235 95 3513
1744647 99 2691
16958102 71 7106
9315610 97 5530
971340 7 1480
186025 13 5446
63099 86 5018
18389317 72 9590
1224780 89 7980
75125 68 3487
14235403 36 9176
6660193 76 6234
10148300 92 7484
18161192 53 7489
31702184 2 9821
2205300 72 6568
2915338 75 2726
3274885 17 4566
1806544 90 3666
282360 42 1614
657188 28 1849
2998405 20 3550
2191 15 1987
2698960 81 4732
7444154 42 6539
6470642 31 7468
46553 22 990
2975489 90 7116
19476093 98 9409
896234 78 1871
5594449 23 9511
338493 82 832
146073 87 5743
498587 98 1533
460487 25 4821
18119974 55 8885
2118740 9 9047
205594 1 1178
2858066 99 9801
21160 92 6617
3809010 31 5562
209261 78 6441
653030 75 1076
701421 56 7944
279761 23 3824
1667320 33 7753
1 55 3254
337327 46 9635
2893331 31 5847
21012411 54 7937
3592951 19 7063
1701870 4 7765
216712 32 1722
2677119 45 7789
13311075 67 9688
1714869 29 3567
18996807 69 8243
12788 43 66
386817 5 1243
2505212 61 5662
8949 47 5165
368666 21 9542
242509 49 2715
1593104 34 8170
3034858 35 8475
991303 45 7924
6161298 61 9920
5547938 22 4844
15173690 74 7248
1 79 1123
10285 38 2738
460067 49 6175
412252 18 1695
1965280 83 9810
433921 60 5733
491262 81 3513
42749 100 4572
779024 56 1642
2379741 45 2702
204847 36 1155
1717775 25 4205
1232436 6 3466
14867603 68 6701
22588260 76 6956
39689 47 6707
2563 36 7209
10422628 46 6104
993 22 345
7981 78 1606
114803 90 3834
1251624 72 5966
8664636 95 6389
815305 30 9217
328371 37 9669
27362742 38 7326
890572 16 4355
651807 40 5658
246802 60 2284
3282459 14 5258
599953 56 1359
1753983 84 4308
114414 96 634
42203 59 5391
905992 84 3470
29419234 64 8670
1724804 60 4589
3578649 49 2619
492885 68 2692
672157 7 2058
2335790 32 6935
294586 26 2569
2501061 27 7964
8877871 89 4236
60207 41 1627
3776586 35 4265
11705536 37 6711
2507092 18 3793
1387857 91 1704
65110 40 368
6686910 49 9637
126109 45 867
1470544 4 3715
2296724 2 9339
3606301 98 4027
1041762 98 1384
80017 42 692
5868884 20 4287
2362060 7 5607
7364837 81 8387
14594327 46 8482
263789 17 8539
72064 37 303
297141 31 3067
51224 25 8589
276567 77 3365
985653 58 2248
160097 53 3159
541655 68 6494
19713063 38 9750
593012 24 8939
49738 89 1164
129519 63 2452
23190 87 780
15350541 61 9070
8746 14 221
5335603 6 8566
20234 71 2698
3565 13 2615
1 40 7004
14419168 28 5839
23310780 44 8725
41095607 69 9185
1964818 9 2621
589064 13 4627
1186639 73 4119
5495910 82 9904
1362306 87 2643
336618 14 3707
1808016 53 4275
2738024 43 7221
824004 82 3535
1779029 66 9888
19399 39 334
29123113 13 8180
3191099 45 3481
48002242 9 9977
10181 21 5789
21394897 12 9591
1 54 2345
12875141 99 7604
22569726 2 9947
273729 18 3563
21779336 25 9293
2792880 84 2858
129810 44 1187
10489 10 5532
9722371 51 9083
2152909 51 8146
10706691 66 5830
40605 66 621
839263 30 9937
4132232 27 6656
14503304 10 5385
14603063 59 9106
1963394 74 9106
2392646 13 4174
36049 8 676
6248331 72 3827
2727845 16 6792
5032754 90 3473
21808365 52 9217
3339461 43 3458
834089 25 7285
100492 34 4837
4045736 35 2789
65859 74 635
22606370 17 6932
9198845 30 9177
1447450 82 3766
167015 84 1904
8316336 78 6916
16660348 14 6877
12923 38 825
1 19 35
19781421 1 6702
28209532 13 8445
38883 15 2120
577319 13 6304
15763415 34 8073
1324208 6 7627
6451085 97 6125
1034108 57 1438
686834 95 1797
199153 62 2288
42186 4 979
2072959 79 6560
5190912 50 7557
27229531 96 7394
614533 97 1326
1304262 92 7098
1719903 52 2251
717253 96 5997
1264 5 9067
2063410 77 8687
467083 75 1784
1234749 4 1577
1009069 59 5092
90493 22 7571
988821 54 3438
4898696 3 6680
695215 71 2857
31786 81 3312
1709 51 1515
409402 84 2172
1606662 54 2978
1353743 40 2765
3258260 48 2859
684755 67 3669
4201402 16 6204
1765941 92 5924
246775 70 812
147786 1 3067
1722433 54 6110
138179 34 1143
3587102 82 3541
355407 16 8833
12453587 60 5636
41379 94 334
19509173 80 7319
388 16 9209
5313997 76 9839
4777502 22 4291
71510 95 8822
1302217 71 3202
6236639 75 4069
2358015 60 4879
246541 9 7362
1 51 3087
29277 10 3908
2818206 78 5029
2222434 39 3895
3196 52 84
4021228 19 6532
1832403 67 4795
12157284 65 5437
639338 27 6557
411310 48 8865
101725 40 2469
18643408 22 7325
363497 43 802
1751595 6 4344
3697324 36 9484
27876 45 281
2161992 90 2196
1406892 27 8831
2992302 49 2539
816970 10 9226
279966 31 1230
1194883 40 5479
387079 35 3052
1 95 2534
2034629 49 5653
21652 93 367
1173917 75 5810
112184 42 2213
5275480 15 5415
810843 54 4508
3395623 85 9951
463277 33 1163
199512 84 4550
857974 41 2280
15367233 24 6549
8079576 65 8490
126505 99 7543
850959 71 2419
1881616 79 5776
5670637 57 7830
383349 84 6651
36619623 35 8661
2230535 82 4056
11364578 52 6893
3815595 46 5892
1 73 2288
1127926 23 2060
2949105 92 6984
1122799 56 1832
6346593 87 4529
12781610 76 5247
8488 44 169
14614 12 6040
12335539 89 7283
7022064 62 7005
367851 17 2187
5089100 86 6299
334680 75 4209
162876 20 2563
821854 26 6080
30030352 60 9908
899174 49 3973
597780 27 2831
2708189 33 2287
139829 60 2240
8238414 74 7810
7323870 62 5604
6633573 22 3884
5285911 91 5955
500745 93 7355
37723755 53 9989
12994201 58 7596
14107698 41 9995
6335335 57 5157
310032 53 3246
2624356 34 6716
9591944 25 7192
2082955 51 5292
11741272 57 6979
49097 91 4325
3039896 54 4109
9105216 93 7244
16855256 68 8111
1 71 280
699478 90 4319
15326023 60 6184
2342102 95 6472
279744 88 790
16526507 6 8895
8606933 80 7364
325192 45 2858
2998346 82 7851
27845483 36 7750
1 54 84
8821639 87 6261
59756 52 3897
2967647 15 9656
102792 78 8890
66197 2 1718
2003915 3 9838
13968 72 1430
24328449 33 8520
8721170 32 5607
3171042 14 3403
8622537 60 8235
849038 13 1412
764 80 1524
267513 16 9482
15080 8 1644
2807256 60 7083
2641177 34 9709
39964304 63 9972
978889 66 2113
5775616 92 8581
1538713 30 9382
465452 76 5646
1266924 64 3308
2681291 33 6968
13844936 58 5463
23039054 57 7357
6984848 46 5063
2356919 40 8745
8491485 58 7706
49571 63 383
227130 56 5731
1833940 12 1877
98413 8 7581
500716 83 9777
1120694 78 2691
1353353 38 9161
7833955 69 8444
9810904 94 5834
4247676 57 2867
42750 35 2167
9631 80 647
244917 23 1877
4627129 47 7845
13806609 54 6143
3851405 15 7258
394879 91 1779
8810797 66 5228
15489886 48 7344
8888 77 8493
89454 73 7066
2873919 83 7680
28398 45 3637
7837941 65 7133
13706133 36 6344
5293969 94 3304
5514550 69 3272
407454 66 1776
239514 33 1347
7408661 7 7152
2636062 25 3109
2273427 72 7375
23220 98 6864
4169738 19 3911
11570394 13 6473
3441628 96 8207
13 7 304
3244632 96 4663
11156450 40 7145
7582849 27 4911
75306 50 9310
25680556 86 8581
18280894 81 6278
637310 81 1103
264892 82 4229
423662 69 1257
14747177 14 9226
1683013 16 9488
19813 93 2801
41288 79 7054
21174252 84 8742
5690335 99 5686
35477 48 357
40859 80 1418
1006564 35 2056
3169 37 1276
252 8 320
2542 93 4722
8729954 10 5106
21035408 69 6487
75809 73 3066
1002503 81 8413
1561570 96 3447
5170359 13 8192
8202362 93 9050
954171 65 3005
4623531 6 4262
151172 64 2876
1 91 473
1982873 67 2046
142253 69 2717
9490166 45 6916
2787216 48 5735
473300 85 9216
4818576 8 4503
3048532 89 7272
5435 33 3834
279886 1 947
20422416 67 7772
2372886 38 7684
2379413 9 6161
1183260 77 7534
2778066 17 5057
2216079 39 3349
68018 37 1550
99886 64 1156
942791 79 7846
89351 79 738
48624 14 2459
1013295 45 2225
101551 90 6081
18612837 47 6235
15680215 100 5572
1306610 22 6047
2531387 9 4052
352127 62 4146
1908789 48 9720
4917137 81 3412
442346 74 5686
10349839 98 5836
460134 78 2109
2314806 79 3226
151024 82 532
36479 24 398
474202 47 1541
1974425 32 8262
95947 74 9633
6630045 35 9692
5435547 99 8628
2486663 15 9306
6707925 3 8358
521898 87 6426
18451375 33 9462
5280232 4 4437
3335090 4 5465
12593072 15 7532
8268888 37 8256
33432634 50 9703
610798 4 3573
287267 68 1879
1240879 88 3506
2494686 5 3332
23690 12 3351
8334 65 207
12275614 52 8510
12570150 80 5463
788555 27 4783
5298776 26 7588
1598470 63 9591
9499278 69 7035
75312 26 5494
9609636 95 7244
24579339 39 8960
693901 97 7479
9504002 96 5089
505577 69 1762
4522984 47 6336
10179924 66 7104
96498 48 944
47666 48 2390
18406447 73 6699
4432237 37 9662
3202713 8 4224
1234122 7 4937
6103695 8 4666
4487423 85 3216
10052685 8 4758
1242434 45 4352
17173962 48 8764
1729691 96 7227
126336 58 865
827626 62 7178
990743 8 6030
11425199 2 5380
52691 100 1437
16281024 20 8543
3542477 25 3791
7230 19 1396
1 81 1822
3683887 4 7715
102321 32 785
191602 79 974
1066618 80 6324
1219144 28 2451
2838 11 1380
4223604 21 3539
369238 49 5453
13690 97 1693
35473606 95 9655
88534 87 1159
1297732 72 2727
50187 71 2119
68018 19 2815
545497 53 8796
8736761 88 8209
274874 36 1128
3771352 36 7517
2768849 16 3213
3471072 71 6872
391661 9 6526
13339198 99 7965
45791 90 8422
148167 59 489
1672916 78 6452
10215853 2 9320
89838 75 1062
6870452 98 7679
10082131 82 6691
883770 27 1972
1143231 21 1613
5098641 15 5772
966860 65 9219
241447 30 6746
10160419 97 9789
2318 55 1035
845470 26 8430
15011456 93 8075
3122304 20 7943
10791699 98 6581
13207 16 7283
18822 4 1644
2130 64 3315
20525765 29 7666
173902 59 5666
1341100 49 2874
1551604 62 2536
1583448 66 9301
10402750 97 5883
27392 57 1383
8737990 26 9390
128852 85 1250
18112325 34 7523
132123 58 3029
6079929 1 8453
800714 20 5565
31308 79 1061
273044 26 1418
35402 66 2504
1 52 1706
2003333 97 6413
54835 48 6112
5068105 67 7604
3595326 19 4079
130347 15 2966
250095 50 1385
427201 74 1937
5381483 33 3537
7509127 52 4629
5126488 79 4305
1073634 11 9419
1765353 69 4526
4925717 13 3119
1723673 77 5693
9334 63 140
1 73 717
2510817 75 9021
588463 74 5466
109643 14 4742
18709646 72 6879
86242 42 345
21421760 86 9512
6992167 4 8993
23510 70 4178
671717 68 2233
3038605 79 5567
439463 77 2915
37969972 18 8815
40110 1 319
4168 28 3329
14674980 29 6264
708774 6 8225
42477 18 513
142431 62 718
30657 61 338
9560846 61 7286
1492207 41 5796
970690 61 9672
876035 33 4648
3298913 94 7381
108689 77 2268
7179561 66 6584
6408100 22 3734
12063073 75 5542
4571798 47 7854
170222 90 1271
20262377 38 9606
20961565 56 7433
1 96 2663
4936137 25 6314
39277945 29 9707
1610603 70 2653
5044702 17 4325
114128 57 891
9225063 33 9692
1500892 54 9209
6577623 82 8037
17970 1 1035
60648 9 5307
5350906 87 9913
152843 76 2201
4486096 70 3482
3474897 88 3677
16896309 94 5922
2973371 86 6217
27740779 69 8254
8308785 56 6421
3410 59 726
2319181 81 4097
20553801 73 7730
5166675 7 5568
3165226 37 2928
15249205 77 7963
24885 50 1081
5200334 22 3753
4123 35 3451
20197318 15 7913
9439729 45 4761
12690679 78 6740
2143 35 896
184879 88 712
25280758 73 9605
29754939 81 9168
1607494 64 4654
21724846 57 6550
9 12 22
6357102 32 4426
195610 24 4281
4882903 26 5791
347569 63 1864
2076564 95 4254
24475593 14 7365
959361 45 8764
5316383 36 8507
6947818 96 5793
2619572 11 8822
22220054 82 8571
984846 8 2457
910 11 128
71900 94 8732
1501031 27 4630
590619 14 6193
5937631 16 9803
1470929 77 1774
1555006 87 2396
557615 10 1423
16161376 98 6166
16627 73 2874
66407 53 3003
3577006 75 3681
775647 33 8921
229163 92 7213
2069762 52 4369
192354 73 3720
295364 37 6682
46614 6 2397
9832866 24 8378
2013256 51 2156
32668 23 8029
284200 12 5407
347974 60 961
13054348 42 7599
1 64 562
754057 18 5254
1993 88 8675
9563298 27 5445
313042 90 7758
6941821 69 3756
2095330 24 6254
3749200 64 3607
237601 29 669
2822310 25 2497
877298 46 3382
5642779 85 5114
12742416 33 5300
2377562 95 2313
2469293 99 4916
1 88 299
3537034 75 4162
867213 2 5711
962313 86 2219
464827 96 2376
1306258 5 5107
40656 62 5843
37305 46 5413
632989 3 3005
4666195 22 3053
7126 93 917
409071 99 8579
700233 97 5105
849839 82 2359
645111 83 1577
34215625 9 9596
1757982 58 1926
399163 65 1225
27999570 18 9798
148324 63 1468
3303425 97 2596
1358778 5 8685
1157345 16 9646
9769 42 427
13047966 39 7134
27730865 66 8767
13622354 52 8724
1290884 77 7245
11598216 12 6521
1409720 96 5577
19670545 72 7376
70 18 119
12660146 76 7754
13484097 90 5178
1260465 71 3271
578106 64 7593
12942713 10 5413
134932 97 6559
41737703 71 9632
1719474 32 7966
141158 37 2543
119732 75 6743
7240 37 6292
187 24 436
915444 64 4267
813016 14 7861
427365 75 3326
2516051 45 5371
1857296 30 6118
2357130 97 3912
14318241 65 5438
21209045 10 8768
47494 98 5037
3348213 71 8460
1336463 10 6412
1623993 99 2749
11370055 40 6952
14862073 22 7905
4057733 77 5169
20632390 97 6368
123232 86 4719
11506921 14 7848
5859521 52 4071
20668 5 1443
289698 85 1008
60264 93 1827
764918 23 6715
297724 35 6566
5404922 22 6635
21602130 16 8537
724553 5 8935
19871859 93 7814
5851391 93 9001
1695470 6 3315
2243092 47 6888
464839 59 5802
6819217 69 7820
2390465 40 5890
1098389 20 3626
28798644 94 8172
23763615 39 8228
2103043 15 4676
6440442 10 4601
3692985 7 2910
6974450 2 4754
21511 32 3104
29632011 33 9389
925076 86 4973
22729174 73 7033
4701236 64 5224
2134622 36 3842
6342524 39 6902
5918923 9 5721
7493493 16 9412
2067905 31 5029
30748556 23 8047
34784 59 277
31287023 27 8353
1081953 87 1807
12549604 13 8212
1501237 98 4255
13840383 89 6924
820326 98 2128
628596 16 1736
1311487 48 5013
12625436 23 6379
4215599 5 5583
24657458 100 9082
5022716 95 3647
2756 18 2877
57975 66 2213
899 14 1042
11031721 72 6502
417216 29 7647
329665 84 8794
102327 2 761
236773 56 3646
8266283 82 8709
5991716 95 4586
274016 76 2711
106916 84 4257
51675 77 1118
2129667 95 6654
6324805 64 5452
10166131 78 9735
10534236 54 4875
446486 1 9118
6869463 76 5879
7233191 34 5113
923480 68 5041
639173 10 6413
998430 78 5448
494857 16 4640
3046302 10 5533
900518 55 2607
272752 31 780
817758 25 2444
10199539 47 9182
16568521 14 7036
7529685 54 6445
11844540 82 5058
944773 3 2299
25351684 74 8602
512250 77 4277
1274 58 239
7966859 8 9140
1000612 97 2084
14484 33 7139
22980 87 7182
3567916 76 8007
158300 21 550
615645 96 7734
3171718 90 4483
15804949 15 6857
3554 68 4100
4662305 73 3227
16055459 16 6766
20084131 77 9458
8322017 60 9419
22013374 22 6697
909010 3 5451
3756845 89 3111
2301981 71 8440
40526 12 7115
161545 57 512
14148264 24 5396
19935104 42 6324
3476762 84 8826
8663214 93 5379
35095667 31 9504
12301055 78 9233
3254272 55 4612
62150 59 719
954113 7 4847
3379851 54 4261
2644100 34 8107
44440 82 373
7477881 54 9346
2521967 76 9045
3367191 26 4471
22805670 56 7114
16412032 86 6213
409566 20 2848
6255514 8 7094
1666615 1 5293
868039 4 1388
61983 25 9588
116540 79 658
3383031 64 3377
2675592 23 7389
11941890 27 5852
1368012 11 4784
6734 7 357
1278482 26 9714
9557611 30 7460
6867087 34 7422
19594387 8 6274
7070974 100 9181
19954565 68 9963
820460 26 1305
107168 44 8434
30539973 76 9273
13796694 74 9392
35000264 53 8449
550597 87 1621
106269 78 1086
7048521 79 6622
588139 39 2255
1118 51 234
7613 28 443
2544549 74 8803
4057824 27 3427
356070 62 776
3611770 11 6428
1705438 81 6559
7886765 61 6873
1654007 70 7393
161991 51 2467
290568 31 4828
11045468 80 8964
198408 98 1182
1011339 94 4582
368493 12 4544
6610763 95 8618
11414190 71 6035
6351878 10 7459
194845 45 2461
14514884 37 8579
142588 50 3309
8657957 78 5263
6354 82 917
3036761 68 3306
17492238 39 5949
6510850 37 5365
849341 1 2261
5904814 82 9564
1948555 13 7966
18026515 37 8818
6091698 68 6155
13791440 60 8520
214363 29 8180
33314353 68 9294
12229715 43 6774
200878 67 1589
9407 5 686
445598 57 2496
156 60 489
350566 16 4067
31021543 89 7952
6365248 10 4840
5105556 16 4817
96054 81 6899
8346405 64 8069
18336897 34 7080
5539468 44 3279
89129 29 3949
2612259 73 5667
20088143 28 7752
1648421 90 2663
18671 78 513
15716864 3 9680
336694 10 946
1237554 84 4110
217336 91 1475
35155974 74 9561
14589594 33 5393
526582 86 4679
3703568 48 6947
1357622 82 2214
9738865 13 5698
3296937 42 4998
639413 99 1583
2966844 92 7498
742 22 3305
2769419 66 6686
10712067 56 7054
3622 29 456
1478591 45 2187
21751521 61 8687
28442154 51 8060
522641 42 5261
1 23 4481
7544433 63 7432
17749988 79 7595
24646162 90 8744
933648 6 9014
940769 15 5409
11226695 20 6741
8598 31 248
883695 83 5964
1373233 5 2091
4938989 32 8668
136331 81 1606
989939 95 6575
916465 72 7636
428238 47 6408
2812331 73 3222
14107191 31 8389
59662 43 310
1765759 43 5415
548254 50 3273
14601969 9 6634
11394554 99 6524
1 17 2077
82172 67 3338
75512 41 9729
802568 52 2097
3082323 85 2661
1832094 36 2335
32354425 16 9565
6672758 13 4815
560262 93 1146
1218342 12 9329
1330708 8 3951
4206065 34 3131
1106366 93 4016
1908309 25 7658
9447670 16 5143
239521 14 1192
2111 24 609
1054944 26 6223
14821133 28 6558
2287882 48 4976
250218 35 9540
12228 13 526
178379 8 857
14392860 63 7119
2785411 96 8637
12133623 65 9920
1428486 85 4514
1427462 64 5043
104835 81 3814
517259 56 1211
889746 1 1377
11811039 49 6842
6557977 11 4725
71915 59 7686
8074 52 760
138652 30 1481
254992 40 3144
5648086 33 4434
410465 98 980
33541182 60 9937
3537892 44 2650
1483751 4 7757
4092239 79 7470
9634774 5 6091
27259889 57 7765
460460 34 7825
18180543 91 7943
732239 13 3771
1246373 38 8228
1726027 84 4196
3284 63 271
150785 73 8227
125 30 636
479165 70 6026
1122148 64 2525
16192409 46 6286
3613911 46 4675
5231567 76 3709
22192 10 1331
114529 26 6056
8295466 78 7830
15124994 69 6618
1231442 82 6989
266198 2 2766
41813844 94 9432
80876 15 2887
7087755 42 6641
639110 51 8090
435487 65 8318
10180211 82 7433
1456279 76 5945
1675971 16 6211
126378 90 1022
22576 57 300
486274 48 1715
3672991 36 9172
15905638 77 5813
35183792 57 9424
6216268 42 4745
8088764 56 6874
768 1 406
15117423 88 5515
4104089 57 3540
525734 87 1283
9477899 27 8464
10256684 74 9276
15587 37 940
5510694 94 8363
369319 84 6268
1213718 18 5451
7719531 32 4691
65852 40 1982
436768 72 4685
20807641 26 7620
33120959 94 9465
314181 15 2116
1 47 174
11400572 54 8414
1 94 6825
904267 21 9019
1 91 156
243559 76 1198
4944690 15 8067
53606 58 728
3376490 86 4932
57544 5 2020
4635268 51 3772
91384 12 408
28381148 23 7943
146107 22 6468
6448698 18 3817
7308515 59 5605
5926130 7 4024
660266 64 3093
3167917 88 6736
1289516 58 1745
114443 31 628
17114725 62 5869
675832 62 2713
5254769 62 4879
6371492 59 7385
1126488 39 2946
15040540 69 6176
2244247 96 9166
48112 52 3968
1156497 8 5188
1680362 51 1735
8997329 39 8324
1027371 36 7959
16448916 33 7020
431360 8 1757
13194 60 9447
9687763 40 7751
6259557 7 9857
3879275 69 7139
561315 8 1884
6925380 77 6805
199180 49 1023
15050066 88 9503
2143056 4 7221
20507398 53 9320
72661 36 1729
2513363 28 2172
1412618 50 2725
1539899 10 4826
652946 75 9041
12710094 16 7793
14316 99 1027
1393216 28 3118
44544004 91 9408
776011 87 4126
4611296 3 5424
6232241 96 9542
3528516 28 6290
2896 5 676
18381145 68 9987
43054 30 1139
4732654 14 4430
787847 31 1970
504393 10 1423
2863981 93 4109
162433 94 829
1604843 94 1983
180329 95 2892
985399 58 4830
73156 94 344
5335368 34 8296
540469 94 7797
243548 27 1655
517038 47 2238
29939755 28 8812
42346942 45 9865
36299667 78 9525
1415943 54 3436
2047858 26 3236
515294 73 5725
858767 11 1474
2499105 54 6091
671311 85 2708
12476542 57 6823
19534019 25 8586
16969471 49 9383
51120 26 1746
39909 65 241
16474 1 1262
20585176 60 6396
625893 51 2113
11106600 14 6941
26561179 94 8248
14455885 23 9108
241793 44 3473
174661 76 5281
2979384 70 3950
5938337 37 7407
1735493 23 8424
153094 21 6090
38786 41 267
1586648 94 2515
508316 84 8626
8705 90 92
12719 2 4153
349219 41 7871
411434 6 1844
1315038 57 4090
1422879 9 5960
14170215 81 6610
31910 11 6363
44870 44 1346
2824363 50 2689
7555124 99 6750
4478884 52 3124
28552673 73 9886
7778711 77 8991
94006 33 1371
14808 98 2760
342214 53 2056
972407 75 1751
8586577 73 5625
1295565 69 4606
8996 88 125
6662995 73 6001
3248632 60 6948
7598459 44 4455
3583 82 1800
9907899 31 8708
11781489 47 8479
1 95 1385
8209164 15 9137
105803 14 673
2296408 67 4647
4022906 24 3769
42513 40 1346
10803594 48 7420
12741865 95 6715
52591 46 2122
18781 84 145
941074 74 1976
266311 41 2961
5304692 81 7602
40513 3 574
135580 82 2546
6745272 11 3578
20512349 42 9832
27111707 80 7293
1 60 1549
12492311 71 8771
904944 49 5490
1665906 36 7467
1431485 94 1728
4857634 52 3927
16640047 20 6274
3393365 53 5733
164477 23 1344
709557 71 1454
10818892 79 7459
5891461 61 7425
11099581 29 8361
3699546 20 3132
3097002 84 4456
11417170 39 5369
768991 87 1640
3303 29 9166
18999800 26 6836
2314985 40 3498
1800699 47 4075
875263 62 9935
4376689 75 2981
6578337 70 8415
1001099 11 2415
9284520 2 6813
374227 92 2760
369572 40 1684
575242 54 1256
9985486 45 7393
733135 10 7978
5233601 58 6436
1901752 34 5847
792547 26 2717
11196524 81 7098
23014544 66 9866
15570 17 1329
2046662 9 4033
23513237 80 9300
1002688 28 1664
2286817 89 8666
34282 37 673
184702 47 532
5894036 20 7712
3294708 41 2496
1088883 34 5122
3771125 55 3792
17246353 41 8123
6648402 35 4499
720609 62 4044
7129841 84 6179
7637609 2 8238
44140251 27 9552
56299 4 1684
854843 41 2148
12932823 83 5709
74233 10 1215
13224017 58 8531
2010166 39 5399
2041360 91 9035
32321 55 4282
642227 51 3473
5220234 98 8729
453040 40 4804
438201 34 2849
387745 70 1812
1092163 84 2367
4977 3 3599
13806593 3 5941
387626 19 1801
7182031 100 7000
1009960 83 9229
9001835 33 4297
14319980 18 6181
2398367 54 3439
23132952 6 7681
1320427 95 1603
6177455 73 7041
11025 35 1158
3981658 83 4068
152601 55 5148
23102898 82 8920
14399 74 9599
24491 80 571
119219 20 1426
727469 17 4673
47171 20 8014
17114616 39 8924
26697091 66 9263
3536691 80 2613
2356302 63 5422
5641072 21 6538
18784 21 7017
4886431 93 8061
3842242 64 2988
606399 76 9052
6815376 38 4265
36098991 11 9475
10587769 41 5609
943595 34 2856
12618903 99 8329
3365 29 381
2273298 12 3270
13915395 47 6742
585929 2 999
2439120 5 4170
2014134 100 6829
49541215 13 9946
202462 26 1992
5213308 94 8215
2931769 5 4421
4619456 58 4517
2791363 63 6160
151803 100 1380
10351337 93 7922
1143427 97 2121
1 71 1432
334922 57 5096
1738419 76 3831
3350242 70 5168
1 84 552
1214765 60 2019
1765457 38 3806
13692 89 547
732573 81 2049
2854552 14 5491
1960562 80 9511
12657224 38 7578
10118 38 292
2107223 92 2385
3506412 4 8296
413738 56 1974
1 92 3471
162240 21 654
7349878 57 4844
2569 48 151
131937 28 2846
775932 99 3950
37196582 97 9167
282055 80 1030
21960 39 5282
4357668 82 8546
12260197 13 6911
612948 99 1257
2325278 43 3309
3472890 86 2596
812353 93 3004
2848 54 482
11044437 54 6178
534779 45 7549
91771 46 4628
7851118 40 6089
4022862 87 4169
1382996 1 9378
432194 12 7002
45892 28 1975
9126217 13 5504
172357 100 2553
5986733 97 4455
2769269 96 5009
34998 15 590
320259 45 9388
21903832 95 8520
1128452 92 7715
7767077 39 5797
270413 61 860
261413 27 1526
5035202 7 8594
1055680 96 8216
6154044 70 6599
1081707 73 1943
2667643 62 4441
1165885 93 4865
1994397 84 6537
17737 6 822
124745 58 7579
5503681 46 4145
54934 44 1631
1142374 45 7819
131226 63 621
483064 92 4118
13840249 30 7454
1373617 59 6696
100385 67 1406
120963 99 1096
16971605 51 7295
13825074 98 6086
26017989 76 9596
152401 100 5919
362036 47 3367
248955 64 2108
10177098 26 5188
797009 44 2588
1289458 46 9643
2707265 51 5990
29181444 20 9615
1293255 63 4834
4595521 59 4396
1275795 90 3267
128028 32 2835
5166735 50 4718
12240265 43 9234
8731748 71 6042
920983 59 8816
465120 40 4090
2225933 51 5694
1513032 54 1790
10565077 28 9149
7471 56 3998
28874028 5 8490
379689 17 4119
6160332 78 8604
13909145 73 5196
5496113 66 4072
1570 67 110
10073201 98 8126
2789116 46 3233
310625 75 5172
33161701 57 9790
63295 75 1990
2659741 1 3127
794874 70 1354
1077716 13 3810
2097938 4 8071
13472793 58 9226
640864 73 1234
2811302 91 8364
19797547 42 9129
2093 69 2092
151948 20 1770
9441211 56 6679
102143 61 1122
1771286 43 2409
46317 3 571
12713656 17 9638
87103 19 471
385052 39 8944
10535737 85 5087
827796 11 1620
249347 98 1351
24180147 81 8697
34638602 79 9088
4343687 31 3817
2186 60 193
1976796 46 5774
11321350 47 5271
12685899 47 7114
1374526 38 4609
2449847 92 3777
12164525 66 4896
15859788 28 7004
3792 43 3411
1079179 8 3078
1 45 7696
852533 85 2116
17520572 15 6415
3406807 37 3004
1927559 46 3603
469263 92 1606
20506468 45 6352
16811561 57 7102
62759 31 3410
3509014 37 6121
39214833 32 10000
24653139 96 9027
1308346 99 9445
1128964 31 3505
7057388 50 4060
1382062 39 2282
797199 53 3165
3647402 95 6508
2334474 29 5839
6570023 58 4567
43471 87 841
12451304 14 4973
3654 67 1122
114134 55 6742
2703487 3 9987
71542 25 771
153924 10 823
14163221 44 7735
7656156 54 4871
8231987 37 4323
46801 33 2313
7046 85 4644
3735302 22 4816
2173 63 2263
2852192 41 3704
679359 11 3331
3345048 30 4068
202502 59 1734
8234231 4 6827
1 86 1327
13690900 24 5142
14223548 25 8177
2123862 7 9966
465092 62 897
2160041 88 8029
218232 89 3639
3919057 76 3582
567046 95 2076
8210 99 589
1173 32 2641
2093684 11 5864
14259415 45 5885
6473435 71 3781
853393 3 9357
1077 21 169
5931430 45 4038
24703 58 4987
60525 65 5192
19628059 47 6301
6944304 80 7488
10738363 3 8494
3403466 66 4876
1305962 87 8509
18549076 40 7744
11064907 19 9165
27011180 29 8096
576471 74 1041
858410 67 6330
13327632 89 7300
8019186 59 6097
515838 15 8491
2900444 32 6264
602033 68 1487
2336459 50 4390
4970377 75 4073
1947282 97 7315
4926970 39 6772
413530 7 6857
217661 8 763
10631986 76 5310
273851 92 2248
94879 72 1986
46994879 23 9732
2360094 42 5869
815748 30 1254
3339279 70 9345
4416350 89 7292
19639374 57 7508
146215 32 782
7685492 61 8227
4878246 71 7021
5192332 60 4937
198472 8 751
244738 90 2866
5778749 50 3383
30186853 81 9432
18428966 2 7089
1 48 462
30112517 6 8941
14235 68 1433
1751254 16 5165
11493501 10 5970
641959 75 3883
1596438 44 4546
53242 59 252
658578 58 3446
2918742 95 7873
11212997 60 8533
3926394 95 5745
28211 43 5244
3227142 81 3626
435978 27 6345
1328069 81 2836
565945 1 9241
6270359 56 3746
44703485 31 9523
54702 10 2559
976996 56 2109
820182 39 2081
8219124 43 6940
1806089 58 4714
658891 32 1228
9311953 47 7726
17076091 91 7288
136852 38 2673
7504115 63 9241
3207356 13 3953
795078 93 2838
9275466 92 5683
7845755 88 7957
326118 18 1087
1858456 62 2851
10712 58 757
13060 7 3352
1448459 2 9201
14124157 88 6053
1147274 96 8567
59068 97 1832
138791 4 7445
1 10 1660
3003571 1 4548
1540458 66 2623
102000 76 1647
71093 73 3232
450470 50 1544
12319731 19 7297
839400 84 4883
108861 54 1311
6157039 54 8682
25465588 81 8213
2065 47 4405
5750938 41 8855
24114937 40 7308
175135 12 5229
1 70 1908
9390474 99 9583
24580 7 1945
15329 82 490
3932 20 809
1185070 31 2460
4854 71 1064
609338 89 3544
652660 7 1689
557844 57 1269
509 49 243
3584110 4 2937
441662 76 7521
979186 92 2336
7106773 63 5440
293916 75 5332
33410 58 1852
1223832 14 5322
466483 66 921
789070 39 2595
9600027 21 7995
448144 82 1400
23037591 57 7578
17210 36 8373
190200 90 3919
3407742 69 9018
9211895 49 8113
100954 100 8510
194545 45 780
3556303 96 6095
74 35 442
58841 60 9944
27568391 21 8123
24475 67 1663
54307 64 1008
33649 20 174
15108856 60 6149
16127478 94 7254
21186923 3 7366
16878118 20 9214
297549 63 6489
7441795 46 5012
587462 48 3442
2262226 65 2284
196704 100 7508
37410141 79 8609
1633596 92 5460
24303629 79 7551
186484 50 1472
82087 71 4991
857303 65 6950
12656871 65 5056
13571780 76 7563
34526 72 2532
1814010 2 4614
2797221 76 6287
15644721 56 8457
1855048 34 7472
23007418 18 8220
11271 13 780
8800566 4 6908
2601627 41 4238
3207750 100 3593
16837603 12 5935
4410507 70 6646
9037650 78 7552
2641253 100 3386
803506 83 7031
3011203 100 6931
11249617 76 9897
3132122 39 4920
9321940 69 5599
23881468 28 7863
15031310 39 7615
29702312 4 9729
95443 40 1950
19703997 25 7198
4817 52 554
8948902 26 9558
11154440 91 6492
24772402 75 7972
119003 97 398
468506 61 2117
24216690 12 6932
32675098 41 9012
399475 33 7714
186125 26 1075
689998 90 9920
25524 99 2695
183633 36 837
778355 34 7163
1539005 68 2136
21014 81 269
551 5 2716
11901490 93 6836
2626780 23 5771
7559804 7 7056
1 48 1228
9116509 20 6335
34247 4 7682
28844319 75 9873
2346829 67 7065
1011870 32 5872
2610550 29 2339
256069 47 1006
34783152 93 9830
4269514 7 2855
5879578 87 8256
2799124 43 3757
7707050 56 4028
3527848 69 4549
1049279 97 6335
1110654 46 3209
1811146 57 7420
2222487 68 7508
7686 87 725
226723 59 1261
18271515 18 9661
10814363 58 6641
1172205 66 3295
2399505 37 2869
1 99 614
2278072 43 7899
10171076 36 8861
10482382 4 9093
3137452 72 2631
12065283 50 9682
554062 86 1109
11669031 35 7639
426352 20 6536
8055230 73 5347
3205210 81 8267
168471 59 6122
2963565 4 2365
226520 90 938
158880 82 1299
24857 1 267
41202 42 735
761275 72 9065
296951 71 3221
9756996 78 5618
53746 7 1147
10622512 96 5304
15332278 4 7017
528782 96 2894
6923437 19 4033
539156 38 1480
15617279 20 5989
6330926 87 5698
1603747 23 6798
1826264 34 2334
7877487 72 7105
4206018 12 5208
5453242 87 3433
655799 28 1663
7678 32 524
7273887 8 8918
3593230 93 8418
203296 41 1399
2009907 67 5439
2218930 42 9027
2850435 61 3133
117178 28 2509
2449198 67 3074
4664627 79 8506
1314636 73 6423
18763467 83 9902
6905350 79 7484
3880033 99 7589
88287 80 2010
243388 38 7866
3252356 78 4826
5836395 94 9817
23054733 82 8232
29867 83 746
2127010 68 3168
7928150 22 4002
139496 20 4311
12484479 86 8047
3019999 33 3767
21390654 26 6615
1402808 73 2712
160404 14 2992
832080 43 2927
8151625 13 7110
5148426 97 8838
1365992 33 5830
1543730 3 8410
13939982 74 5757
7526050 78 6692
6478913 44 8627
781004 77 1237
1034060 42 2610
333419 57 5441
49742 55 2785
1 35 197
6636391 36 5232
1794454 58 2280
632028 92 9463
2803753 63 7318
238 32 32
510471 80 1744
4736125 67 3099
10458313 24 5334
10440989 25 5480
2961 30 2615
14883279 70 7571
1 71 2617
11241052 96 5603
887353 97 1541
6370 23 9944
620472 15 2482
35332689 85 8349
3254513 53 4649
19102866 80 6778
1509931 10 2271
935826 5 1810
12274504 92 9949
598581 29 1656
1 77 231
65215 48 1471
356204 74 4307
420638 71 1932
7465 62 63
2148367 43 5551
6102401 82 7671
447215 42 4078
195457 27 6624
317570 99 5128
56085 21 4250
167798 6 2063
4212715 17 7384
1700798 34 4118
1010922 57 8042
3490992 45 3351
1 92 1317
200265 25 1567
9326275 30 4833
19517180 9 9026
6211747 18 5153
17594461 57 5977
39389366 71 9019
1124326 58 6184
13977605 81 5221
7145448 97 3940
1792994 84 7323
1 37 653
2967846 82 4815
1791103 57 5773
5035999 74 7105
2732541 34 3350
408956 68 6801
458 96 606
17002785 54 6610
2541038 21 8825
3173169 34 3466
2079379 78 3038
7490996 61 8927
591870 48 8717
4141728 9 5361
1840282 47 7653
3795034 6 3237
27940651 25 8450
24807 11 168
686 4 319
805235 87 5899
29347633 30 8343
54604 64 693
7913263 7 5652
5594950 87 4476
1003491 21 2564
26999 21 3163
47873 64 3925
21224348 57 7946
1659598 50 5620
395390 72 792
3962761 51 4007
11311 10 295
15176543 51 8807
201076 20 700
1582543 56 1722
434619 88 7996
110117 9 5381
497168 45 3993
10827719 13 5496
542187 50 1116
6190424 88 8406
1447754 9 4066
9152703 19 4347
1102367 78 2827
29171 49 6522
39508605 88 9764
29249302 55 7962
4974305 4 3843
1798452 2 8447
32649033 7 9345
1479965 18 5935
15223296 29 5797
309766 92 883
6858912 66 3801
8917868 61 4675
1374311 79 3925
159145 7 845
13129137 12 6108
814884 85 2302
442588 86 8767
5724641 49 7570
1 81 1509
15847550 16 8735
27913 48 1664
2366613 27 8487
7542835 69 8632
3383150 98 4666
5375141 73 3710
944059 91 3705
106265 13 1740
4579271 33 3119
10009287 2 5060
1380283 76 2364
337898 33 3355
222316 71 8463
16516 29 435
20912873 39 8635
24019282 65 8292
140087 12 1050
3170246 61 3151
4895850 18 3090
1052279 94 3083
181872 96 2673
357507 51 3038
878237 90 7852
37530835 62 9693
425 74 554
21201393 100 9591
115999 29 626
385006 91 1657
1348766 80 9917
3108002 64 5271
28768413 99 9283
530879 71 5017
1288823 21 4294
240627 84 3083
13171243 11 5799
3933702 15 5681
9669491 100 5284
49552058 46 9968
2002027 89 2219
1280889 93 3085
8767833 82 8109
5596109 100 6750
209036 50 2019
727625 36 3127
122233 47 690
5157461 97 3183
7218189 90 5621
1911005 50 3890
5473106 76 5562
1052391 21 1707
62240 44 5925
30314655 12 9861
8741659 28 6969
3326998 96 3142
1042782 44 4360
2003818 29 9695
311958 89 6091
16125546 49 8337
6547040 79 8175
853170 16 2268
22531513 13 8257
296011 43 687
4423765 96 4530
5689314 69 4722
25069963 25 7629
147672 68 1480
13129 81 720
442806 33 1931
38690084 52 9715
5263658 96 3478
18402 32 1758
20156845 58 8667
24857405 39 8581
6490187 71 9777
8651300 15 6104
2672609 29 3853
2242 62 245
4880476 60 4987
174646 37 3703
3962499 75 7396
212001 99 5805
1837221 60 4702
21681 74 1866
1438716 96 8730
663071 2 3222
124464 86 558
32253 73 1123
2976484 99 7076
10856 20 547
916313 24 4076
653055 43 3061
2935812 22 8219
9756854 91 5996
2998395 41 4492
304972 79 2167
21488377 2 7325
168014 14 7372
15618378 47 8388
1335031 99 4345
1594566 83 1988
1 87 645
621285 10 6963
5953427 6 6760
570866 78 978
2479012 36 3214
15945689 69 5768
24108091 49 7573
421600 67 1354
13260981 63 5537
447589 26 2188
8712925 69 5073
2886700 11 6442
15786098 28 7424
1229804 48 5498
20027208 93 6236
14504729 1 9642
2496650 2 2439
2690774 96 5048
347069 5 3132
1341327 85 8088
2679842 44 7593
6693734 36 6108
5527732 98 9839
10417460 99 8749
7156772 48 7162
3309878 27 2533
6967409 63 4945
21878440 46 6748
4013122 65 8375
1 5 6788
159894 62 1110
4463211 70 3322
688419 88 2941
1718532 13 2964
5574666 40 6544
2339593 13 7924
12530123 98 6639
6914333 72 5476
113319 75 747
1039693 12 1661
881225 70 2636
3672 53 687
722172 93 6843
4997521 82 8964
11891927 2 6559
7951 90 1676
29570 54 462
367746 49 2163
34835 98 263
1 97 324
1204074 100 1846
667267 52 2209
5971220 23 7317
10621374 72 5855
260951 20 2045
177195 99 701
116202 68 758
42323751 54 9643
1243724 41 2648
29916008 97 9050
2258579 85 3761
16043281 16 8641
225770 30 4963
16966468 46 7587
1114651 70 3831
276127 15 8490
4968804 71 9498
13957 25 175
2264785 47 5215
36898 84 191
2768683 15 4834
215365 63 2374
1103734 75 4323
38380829 7 9676
1166898 23 4504
23753594 79 6857
17032 15 331
1157876 50 2550
1795180 29 5109
2111106 82 6401
166030 17 870
282136 17 2964
749286 74 3055
4415977 49 3292
42951 78 385
228219 91 836
29001496 61 9157
26390 92 4041
10375393 59 9091
1504926 62 7493
130511 86 4454
7773976 80 7154
3194687 61 9887
43805 97 6884
2061009 24 7600
11295758 48 6339
244418 53 5154
7370627 69 3880
1 81 765
27942 21 4539
3986897 22 2738
29286344 48 8118
665149 41 1402
3611137 99 7053
1670447 42 5699
1 93 1367
104999 97 1478
757486 91 7416
5022716 64 4931
49349 45 1380
6016189 28 4644
3997390 19 8205
1 87 9370
12616613 84 6690
31561375 31 8836
3526073 15 7043
2758865 25 6016
8019801 93 5568
5010 66 771
3252905 66 5582
56909 7 774
4187958 12 6184
26831500 75 9870
219211 83 4946
86257 61 1165
5515908 34 7631
8519362 54 8872
6998013 30 6699
564612 12 2031
10765 25 7159
25544561 72 8026
2758364 53 9066
24724482 47 7757
4094096 50 4713
115893 16 1138
8097392 3 8843
3644382 10 9721
3843970 50 4177
666641 63 5281
6160 9 191
5264113 10 7807
15463655 60 7295
64765 41 7134
412084 37 2419
14201558 93 8380
4457 12 1975
11320477 36 5635
329923 50 4676
4814 85 1169
2331962 28 3488
71459 39 6188
1201195 25 5614
11018565 91 6786
429384 83 6777
9745663 45 5907
6700571 32 7075
17472201 30 8890
6891094 45 6959
2138964 92 2174
11566516 94 8734
1236729 50 1731
2498508 28 5357
81958 64 4913
3379988 89 2874
1320717 13 4034
832 77 994
417864 26 1233
5222381 97 7705
95325 38 798
5750879 14 4417
3102710 97 7439
5607993 13 6043
44603 43 313
6489171 28 5913
767797 1 5533
1851036 78 6424
20120938 88 9909
10074495 83 7641
1994631 94 1922
243899 85 1449
767 6 1333
578965 34 8657
10220 37 2791
10069286 99 4962
549820 47 3068
238598 36 6659
506240 41 1260
1931736 59 3337
8029265 6 9462
13163712 21 8029
504670 18 987
135511 22 4301
5730172 89 5940
3214628 85 7641
5726800 75 7107
1065404 39 6471
1096102 43 1710
19139394 14 7754
782702 67 3181
2755904 57 6163
1761876 90 3248
30907479 53 8010
6545103 18 8615
645804 69 3127
4741 4 4249
5338018 16 5285
3265760 59 6819
714172 67 1698
225467 68 8015
10309410 86 9502
873248 11 2453
1460977 3 5848
856245 16 7276
9372847 86 5824
7102765 52 6685
437065 31 6772
326472 18 5233
1840810 97 2435
36322 6 746
186781 11 6297
3166573 48 4533
15198957 48 7735
157074 57 983
1213716 73 7511
7508893 30 4809
28294674 57 8194
1546257 28 3628
285461 41 2102
368171 20 6939
219275 92 2560
202007 80 1996
4201307 76 9615
4369734 75 3648
364216 64 4875
709574 8 6196
830720 95 4142
166048 75 1144
1 89 171
13815953 83 8849
3014603 57 3206
791424 22 2207
3200222 27 9317
11672 8 376
314937 15 1395
1773180 50 3882
4435356 54 7478
3706908 45 6212
9705003 75 8105
2902156 30 2415
129366 6 2894
1689395 52 3053
61985 33 2633
89554 13 1580
11475 54 924
260481 34 1960
1424871 31 2232
9615992 22 5153
1073233 87 5624
26574744 66 9887
17170655 7 6035
164972 89 1685
20721 60 1460
19091033 5 8647
963675 47 2692
3376118 99 9375
1529411 23 2959
10552073 97 7994
2626383 38 6000
510975 97 1823
860108 71 5582
29749 36 9038
13171039 82 6054
1 65 3173
4789226 71 7968
34423 70 6839
13617147 77 8302
4748006 77 8239
991774 34 8113
1469184 68 2679
13587586 79 8854
15110 47 4326
4907 72 309
5442443 87 3574
240369 62 1176
3462846 77 3030
1905073 2 2655
1388420 94 3246
918478 56 1579
62760 46 644
41947076 2 9193
1862133 96 2530
2661609 30 8454
6342558 42 7499
22564367 41 9302
4080 21 217
8447316 89 8942
357414 56 4507
763577 77 2275
768479 75 1874
21857453 20 7345
5575 53 3064
62832 82 620
2879097 41 4725
3478 64 2092
5652249 12 5640
941670 9 8467
1578898 51 2474
3105407 44 6212
4520969 47 4537
1063245 75 2198
819654 39 1209
338919 49 1770
134455 12 4869
13299158 42 7129
32343674 31 9571
29719290 80 9567
618981 85 9857
7247788 51 4136
588860 16 3008
6004309 61 3618
2491782 45 5730
5639151 59 4520
6604 18 1935
3839705 92 3320
196627 2 8313
24634 34 986
17596841 8 6259
13258902 25 7901
22532906 80 8823
2606960 60 6295
5885885 69 5531
2651885 70 6472
3554689 98 7209
3164196 42 9169
1 44 9286
99481 87 3601
11667505 76 6879
24329 81 4508
1434265 100 1748
38 94 1772
461 41 699
702423 99 2924
2394166 45 5006
20745312 55 6683
23975922 69 8898
47742326 67 9869
3459143 70 9573
1017355 63 6907
508135 31 5584
2015158 28 9137
1573937 52 6991
227266 47 579
237458 56 637
60139 49 942
22443444 41 7300
6036694 58 5418
16497790 55 9849
27496305 33 7466
106724 30 6571
18686138 15 8832
8339482 81 5044
829468 26 1214
23170162 21 7685
491715 86 4395
7145459 49 8006
5466580 24 9497
6536385 79 6353
1179546 97 2653
1374880 47 2179
893981 81 1358
3291089 66 7547
42916702 9 9212
1 85 558
37278362 39 8739
12982255 44 9822
2615827 34 3631
577338 60 3441
2251439 5 5387
33172829 100 8068
19528545 81 9895
5221362 40 3974
23862353 16 8774
390535 22 1401
44536 79 1343
628252 17 4062
10763 97 1879
195899 69 2426
4298462 63 4957
5809897 92 7287
5463 33 613
326173 70 4428
10027684 64 7758
1244539 9 2948
139103 78 487
4764487 23 9928
1436982 5 6973
10234958 96 7769
1141315 46 8321
8929 9 3843
1763970 6 5987
119001 28 1854
4171596 16 8669
5034552 59 6129
16512 76 2385
12833521 3 6933
11849776 12 8386
18768772 66 7361
750875 12 1180
1 97 9008
16561834 100 8807
920204 83 1314
46637108 29 9790
15920447 46 5809
60032 52 8549
48229 91 767
729758 85 9072
4060279 69 3670
7317498 21 4868
22136 89 222
45501310 94 9786
7852430 40 7759
11336 49 9214
154184 30 2442
5084312 79 3703
28137535 65 7902
6424460 41 5487
13209390 71 5396
1 24 1916
4471602 86 6919
7029457 49 4163
1 66 1603
6465739 62 5763
4192085 62 5030
254669 62 7428
151729 8 3860
19401852 35 9743
1982162 67 2436
4099852 3 5521
38465185 10 9859
51871 83 3421
2012082 62 7445
82398 53 5680
4802628 40 6496
1 94 2108
472162 49 1830
104667 68 2477
12196028 82 7324
1365715 27 4602
45675 70 2321
2058865 49 4766
2929534 76 8328
1843196 16 3976
15912552 90 5809
2034044 73 9500
1102822 16 2366
295291 60 8177
5352647 93 6261
4949845 63 3454
11834850 33 8024
10736 97 7339
2271123 23 5013
1392705 15 3413
5365911 88 3484
276615 40 739
1387632 100 6527
20697984 44 8620
1 38 294
19503497 96 6486
10494168 33 4837
309722 61 6538
4426226 70 6677
101319 56 2960
1244779 17 3198
10461 45 2969
4216689 95 5403
2861403 80 4845
1323127 47 5816
3994701 6 7230
495504 13 9069
3416 1 3113
29356394 67 9958
7820759 65 5354
40472016 84 9434
1007316 90 4806
15294274 34 6923
5579802 78 3714
7453 96 227
175614 11 1076
291296 77 9459
1921334 55 2161
6576818 25 7109
2484227 43 7044
158087 7 3084
1 36 464
2426255 94 3990
312946 19 7959
9 2 214
2663075 13 3309
79301 59 389
7456625 21 8108
41094 96 220
39530 86 195
8958472 22 4279
1312982 72 4422
21442591 76 7337
4821356 33 3353
1 78 241
10466336 13 7381
2559317 2 5139
497567 62 1996
20868 23 5271
2564193 74 3803
1183025 52 1825
865 64 2982
307890 29 994
1066810 43 8373
88989 6 9094
5928787 97 3407
142284 100 6079
1000519 6 5509
79032 4 2015
45581 33 4065
969047 60 7152
617354 47 3181
1060933 53 5443
730138 51 2913
42420706 3 9475
504307 10 3269
2045656 85 2690
147154 33 2414
4453526 88 8920
15504 69 2698
4007956 1 2756
943216 82 2335
295632 58 4039
5439695 12 8349
465807 47 2700
15723859 52 5934
307169 75 5475
1027206 48 5205
5907119 70 5269
13752085 43 7739
15481 39 4726
15546 11 470
234182 52 2633
88598 66 427
14388732 100 7421
1699857 56 7626
22898371 69 9876
19169340 34 6428
39382615 34 10000
3084 12 4091
7485056 78 8659
899172 10 2318
1055680 29 2651
261042 27 5118
22999076 38 8570
13540 16 7107
1365282 14 2014
8511099 4 6928
25319479 50 8073
5532303 42 8793
7101 8 5606
17425 73 8206
77133 4 2172
4369167 92 9687
3545304 82 4172
24982426 88 7705
41515563 2 9990
5364567 85 4572
301630 93 9651
30149161 39 8740
12946398 89 7721
655271 100 3298
84481 10 311
6261841 46 4047
14065019 41 6811
1100342 29 3934
4260312 96 3866
1064918 30 2285
1838353 67 2176
4897694 46 8953
3670705 23 6654
2796769 3 5612
834622 70 5414
2974331 35 6521
5145012 13 4574
9626209 6 9421
1524934 28 7232
499594 93 2624
1733068 18 2227
6140 16 1795
712252 96 3823
1241676 13 2774
507200 44 4649
12256666 58 8750
8068079 14 6750
33843 21 174
1 99 9331
739141 24 7194
145683 98 1201
10957 51 2803
39311 60 4757
444075 61 2810
2525860 53 7118
122362 53 2845
1705140 87 7744
6825443 57 4703
5956444 12 7775
656409 61 3044
944629 56 3649
332569 37 2088
1452921 10 4484
19910125 99 8055
1568792 41 2885
28375149 99 7905
9520935 62 4706
25349699 80 7203
883882 75 1551
1785759 80 1997
26271114 41 8598
84056 91 1112
3258294 37 3629
18693245 14 8131
130307 68 820
278497 81 1866
2227733 32 9212
2856601 49 2990
11754331 17 5542
29664888 83 9722
26402216 85 9425
20352115 30 7639
831 10 3267
5856964 59 5741
1099268 45 1410
2077608 92 8565
1646913 43 1931
1842534 31 8040
2706297 34 4171
756299 18 6786
181509 18 5690
14919842 6 7779
204956 96 1526
18667185 7 6230
4344808 98 6539
266900 89 2766
125714 16 516
2244306 64 5637
3182155 14 5619
8173095 31 5160
1 89 1443
15082482 52 9797
731531 38 4498
1380703 62 4396
813147 22 1756
1440354 99 8479
13550040 21 7399
461834 74 5530
6938 51 4838
301512 89 3424
4236866 67 8247
36786 22 2210
5252218 17 3434
17368034 18 8088
30793434 18 8544
102037 82 2125
7748 4 9727
1181 44 386
3166840 35 9847
8127897 43 9745
28345750 43 8271
4629302 76 7116
61482 3 263
22771891 82 6714
1147645 36 1660
1629947 71 3906
9207966 80 7742
1002039 3 1479
15589 86 8551
269170 85 5116
17813934 99 6081
664011 73 3109
148728 9 2466
15068748 35 8735
5220212 65 8009
37751369 28 8601
17517429 51 8013
6968124 52 4957
389909 42 6755
4316741 95 4319
56052 53 2780
2774116 35 3616
2986321 70 7495
4661118 14 8225
2412680 60 2861
63121 80 6940
1051985 26 2949
17985385 95 9285
281844 12 2536
1351896 8 6053
3430645 91 4499
6249400 67 6649
4902335 11 3108
16516950 34 6569
33405 95 605
6774292 64 4938
2435701 36 3300
19608708 11 9785
9893860 15 9442
508490 41 3861
14675646 94 8685
6571 70 897
21497495 11 9710
14330599 97 9391
1694375 39 5095
1032237 44 7866
28612970 91 7688
749634 57 8472
15298914 48 8757
227631 90 2381
8382961 19 5794
1095138 46 3069
9587440 20 7112
7919832 93 4519
1 89 301
16947862 6 7106
98992 32 717
1418051 100 2791
8244 100 156
4909631 44 5645
513962 59 1161
28027638 10 8623
15567785 20 5541
16729883 79 5971
29659100 79 9351
48638 43 688
405965 81 1418
703507 56 2436
16513 65 7595
5100 13 5402
5964943 54 3374
14745933 5 5802
559835 48 1113
4491611 1 8018
9349006 44 6588
781125 34 2346
537678 90 1741
16116407 4 7299
3661904 80 5607
3016171 34 6471
20710461 100 8784
3325670 70 3626
2177520 78 3942
36579779 96 8650
1511711 17 2072
15575774 71 9288
9660213 80 8494
5657679 10 6432
477632 19 3723
369874 2 2797
3406485 54 3694
56555 25 473
83760 30 5504
2983967 89 3343
77635 22 2474
21718757 92 7020
15345026 29 7750
8239335 2 7457
285969 28 8985
489944 36 1038
37733489 93 8736
11747781 39 6270
71213 52 461
396605 47 2282
7989567 3 8345
24084826 88 7139
47786141 76 9871
541769 38 4875
2159054 29 6432
12291 24 178
94258 56 7632
8545125 32 5056
2764839 72 2769
5570 75 4106
327163 3 1868
1 94 305
13097956 65 5172
309913 79 8444
8203695 6 5952
4891969 32 7649
6476983 77 9452
31068405 62 9469
3840888 57 5639
171628 84 1088
19784823 58 7690
414020 16 9984
2976974 96 2998
295074 99 3440
4546465 37 3756
6014293 69 7185
1339280 45 5408
9433880 61 7849
74519 13 2386
697987 44 8326
6012837 98 4217
952786 51 8443
1750161 94 2627
13747406 76 9118
35286 8 496
1938486 54 9659
191059 44 1738
1335221 50 2995
47165 23 418
37894856 92 9062
44097 47 573
29894520 22 9724
5290293 32 4423
27416199 40 7420
177431 7 1168
1394679 91 6179
456682 86 2817
8766659 97 5075
4634810 33 8309
198067 47 6447
1 42 346
576423 24 1144
1121157 47 8860
26508463 62 8212
739 16 347
116649 88 3788
234037 43 1080
160155 48 6219
13280164 51 7701
882610 56 2778
15680652 40 8808
3748411 91 5260
9904192 3 5216
3409551 65 6482
572132 22 4367
2878641 90 6956
14954155 57 8361
15845379 34 7410
49455 30 361
460196 86 1020
4330086 97 5747
21343247 42 7594
81563 33 1052
1968560 13 1969
236685 22 699
515888 22 1240
233946 35 1171
16599087 30 6685
11477459 74 4802
13748703 99 8933
709212 10 1137
30310 74 205
2065958 59 2371
4536974 80 4661
6985600 94 4265
8512175 40 6968
672781 64 6975
22544346 87 7564
1367331 77 2877
556522 84 1316
260413 61 6146
11926353 74 5636
3184304 94 5254
929347 41 2046
2818110 93 4428
70116 42 1799
233627 63 4352
13456254 77 5168
6744 28 603
1 80 569
33755657 1 8559
107439 45 827
2607666 13 3599
234320 32 2396
1 95 1236
74451 18 695
6525977 73 9988
680342 34 1143
16321813 25 7038
7775364 65 8065
17045471 26 5761
6053608 19 4517
12384769 74 9673
42162409 44 9262
6893371 71 5614
11257843 80 6854
9457618 53 6068
26915 24 2961
9315319 77 6163
792696 98 6140
9222754 72 7710
1972987 97 8313
1556 24 280
29134836 7 8653
5683736 74 5751
17372610 43 9061
693616 82 2035
912282 9 2293
31695 3 1276
9784993 20 4447
258613 56 6117
3218685 63 8953
6631 19 6992
16041292 77 7002
801697 29 1471
12912435 97 6231
32535960 71 8328
570386 64 6893
1616812 50 3052
32754 25 2385
1040780 65 2439
4418253 21 4709
16761 50 392
2314972 10 2548
8343159 11 4625
11559562 17 5365
893552 69 4159
2745838 38 8478
24381080 40 7525
20653 2 6289
1550041 80 8233
17077868 82 9480
244781 24 3321
1632618 65 7383
16999513 91 7570
2617 48 610
838782 92 1904
15659 80 9619
24713027 44 8902
6797019 24 5514
7459536 27 8801
2126582 89 8822
4091258 24 3114
4191395 16 3193
21935729 52 6783
238719 53 647
13601857 51 8028
4005284 77 9856
6998294 32 5691
6045330 99 8075
46818 1 1996
3651816 82 4319
8370258 91 7355
465959 75 2620
187866 36 1145
11449 34 3532
12420301 11 5663
8337609 100 4609
47960 89 2924
6423471 28 4559
2079227 89 8330
5317 73 295
220415 66 7043
39446 18 3497
13446 31 2501
1960 10 259
729272 86 1665
2169249 56 3000
51812 87 5305
4427910 52 2997
365 99 375
163032 45 1272
1436913 93 5599
76370 7 6497
8338729 76 4164
9886082 6 7232
16633373 30 8068
2061415 75 2540
14986535 42 9138
18279925 52 8751
927094 85 2624
931433 24 2743
657171 17 9323
5305137 100 3431
1032766 14 9015
1040687 96 6003
36326931 26 9668
3605439 59 2888
447516 46 1110
13561051 41 6512
681445 1 2061
1499665 87 6488
10466390 12 8036
175979 77 4929
692940 6 1524
20510286 98 7912
6717012 43 3879
31063 26 662
5452717 58 6493
279896 24 4964
9248129 11 7020
703141 50 3660
172 34 273
23216 59 5790
633020 9 8699
2565529 4 3436
12527 46 289
522135 53 7990
1478108 54 1670
3514159 80 8035
175297 23 3741
629423 48 3936
17499541 66 7252
4493735 91 5317
564550 92 1178
16561 17 1020
16237779 34 9938
1407 66 7745
26592 27 3089
10981673 19 7009
776670 59 2470
98141 99 477
3311583 4 4183
12845174 12 5557
649792 64 3387
13847388 25 9465
205668 54 1512
489983 83 1452
79197 43 1168
6548723 99 5252
10156753 39 9854
7502386 83 8984
704927 13 1281
2974711 70 3841
338172 84 1036
6420721 39 4187
46110 51 1264
335096 53 4271
1449678 19 2501
2588 68 287
2029762 66 2637
217457 41 3358
313925 37 1670
1 77 1285
3872206 59 2947
4958095 57 8530
5034734 64 9358
430416 52 2624
535926 34 6857
5181441 8 9590
2016562 93 3063
103965 15 2145
4056804 51 6339
6629960 58 4181
13412 18 309
421589 100 1077
68592 76 8657
4257433 94 8067
2536476 11 4663
19770843 63 7481
16450923 85 7392
7216292 62 6244
1675455 33 7408
1123609 75 4722
182 59 5957
505585 16 9170
8212371 2 7537
662448 66 2471
1111157 81 1875
1046033 88 4312
13540983 25 6020
771685 18 2947
2456446 53 3276
3634218 30 3153
7566005 100 6127
31205152 28 8294
14533359 90 9151
3272015 17 8189
8143589 60 9210
7422505 43 5084
1293542 29 1915
172409 97 1456
3802243 85 3907
1673280 64 4697
151084 53 2189
111422 77 1694
11792872 42 8921
1037563 37 2226
253311 95 2048
136393 46 769
6119177 63 4370
5303731 71 3733
2361105 84 3027
8895 29 1011
548286 98 1978
43861 39 3245
2562991 36 5144
1818177 82 6861
25853 90 225
2577509 82 4172
166905 23 1578
2864858 48 4977
357030 21 1675
5283067 26 4835
5497220 88 9333
3461163 40 6876
8022 36 5622
1 12 334
13957155 75 6221
8674058 64 4607
3019 51 2795
565978 46 1128
187818 62 1661
6713494 98 4447
2012797 52 2505
3064934 49 5794
1 87 1364
1466615 14 9979
42373 19 1348
4247122 13 9239
275560 9 840
1738653 21 4012
803006 44 5106
7774508 61 4708
495631 37 987
6021236 64 4299
1039429 43 6395
104273 9 936
3228206 47 7883
6328411 55 5915
2293392 68 5169
6678576 64 4061
4800182 100 4718
10047363 5 5116
649233 54 2524
2038048 87 4747
18624 45 1319
1986121 66 9386
6154961 14 5720
1628593 45 1887
2432415 100 6916
23389795 50 6743
119943 12 1757
1435482 92 2956
4907890 77 3858
659648 44 8988
4421280 63 4248
36380068 64 9389
13557629 64 6990
115922 57 8057
190721 33 8027
717331 33 3178
4243431 38 7412
946568 26 5338
8138224 69 9195
12075759 18 6966
86299 19 1343
5620846 17 6622
85240 91 5575
1454437 54 1997
2098 23 3247
44150 54 389
11759758 14 9987
2833211 85 7362
3356928 94 9287
1738075 26 2417
4465 6 151
10950109 30 7088
6012860 69 6356
2640036 28 9984
347806 77 8724
336632 94 7002
11207811 31 6376
22523 6 3098
4817988 80 3218
530476 94 5418
2397812 30 5341
7120619 7 9954
21477214 47 7360
609017 41 1320
768189 19 1142
16897 80 193
11447799 71 6352
1 67 998
8770023 19 6208
8936608 94 6475
308301 52 2633
5313495 76 7182
651757 86 1136
533772 97 6187
10565736 86 5940
532962 30 2569
13971063 82 5906
2779056 24 7641
823978 64 6757
9775346 62 4439
20007626 98 7437
3243745 36 9684
17023865 92 8177
14168 66 1075
35958826 46 9984
17437378 47 7203
2642860 53 3701
2685484 12 9487
24350568 34 8542
4623996 2 5016
9 9 2874
2812652 83 3949
2218 61 720
3521300 65 3882
868750 17 9498
4333 13 3091
666736 62 4221
127453 17 411
3787338 34 5755
27321146 86 9166
687283 81 1480
44524137 92 9857
77394 41 3914
8592802 64 5811
19918184 53 7960
1624792 8 3343
42699034 2 9337
4613796 70 4122
1868303 16 7210
295500 58 878
1096059 91 8758
23309710 3 8994
522168 2 7813
21161514 31 8422
129477 80 2579
2530548 47 2467
7115086 85 7810
220880 95 2208
7311757 60 8060
79705 2 861
378086 46 1064
6916182 76 8725
1536456 35 1770
9022073 40 6319
562974 8 1028
16981751 10 6451
240604 9 686
5762 36 810
2164102 43 2167
48613 39 614
17225 32 8657
8369368 8 5800
680975 73 2493
8027750 67 7032
1547498 48 3695
8021360 88 5666
385460 62 4215
5074566 93 6332
136643 15 656
4292080 85 3075
1301061 68 1888
8004 71 6763
8630289 39 4502
237882 24 1410
1221911 57 2622
6062476 26 4095
75446 19 951
402324 16 2874
26650475 49 7472
15498 46 266
1216571 70 5411
1 70 1197
34146 60 1460
8522878 37 5267
1616729 75 6676
19587306 56 7422
13661825 25 5958
36190 40 2237
371951 100 7617
11514719 86 5665
1861048 12 4428
2507 52 153
137421 8 987
1434287 77 1866
1373912 43 4259
838806 33 5713
389064 3 5334
6617225 75 4815
18071 97 2731
562936 31 3033
5440856 53 5222
840926 77 1339
8912606 4 9978
8486618 46 9243
26668893 82 9214
40507883 45 9177
3279587 81 6093
2688650 87 7648
6382536 72 6019
38783694 24 9249
2284447 56 9296
1587103 13 9867
399118 81 6792
16392 96 6506
7957979 49 7998
36027 44 1349
1892026 86 5886
768702 47 1602
1670563 91 2820
488948 90 1326
19224692 70 7745
2591451 61 3992
6766656 45 3829
1427178 100 5760
60054 68 2355
188122 2 1300
263600 81 736
8938406 94 8894
3765329 3 6847
3931 40 4906
236794 46 641
1916828 99 3065
145550 69 6442
2675 72 1103
23048 75 6499
327833 50 8837
1622329 54 3429
4545559 42 7029
99764 25 734
75627 79 5905
23004558 14 7856
8912319 29 6645
268343 99 9812
2504760 100 9304
26934881 23 9045
17388685 86 9274
135075 96 3151
12494075 63 6503
18092512 51 7336
474851 81 7940
1955126 64 5021
323148 97 4092
3468409 55 2736
5077121 90 5437
4914590 53 6241
178592 99 3408
2155 96 426
2414951 44 6294
2313065 48 8704
737624 70 4098
307119 6 4347
177442 42 9085
1624286 31 3215
941906 63 4474
18420255 93 8055
14319712 40 9908
1981560 75 8624
38813340 48 8858
14249876 26 5378
294776 9 4874
3572350 94 6435
1491027 3 9524
12041478 19 6923
36118 97 416
63312 20 6294
435611 84 8542
5308775 66 8005
1942485 14 6866
15161731 62 9145
1301761 85 2765
388775 1 7224
3284 14 2817
48751 75 1110
26475240 38 8950
1729508 39 6589
1 78 8835
158427 85 7456
1082 60 8899
121157 12 8279
526873 51 2050
5835565 27 4709
4486092 95 9559
311801 66 1013
8187750 43 6375
7736508 41 3854
12146894 14 9878
347615 17 8079
43084551 85 9207
31487 80 1489
2929946 59 7047
20257291 71 7178
1555780 39 2605
13066670 28 7403
9883260 19 8735
13864 29 1305
413207 53 1351
53527 67 1707
4837666 21 9808
4733839 31 3252
9105231 83 4604
5136301 43 8489
170866 76 3865
44080660 32 9824
13397789 24 5395
39208408 95 9219
62894 71 545
2803940 29 3560
8885 29 5677
14738738 98 8229
18450866 91 6553
7082556 48 4118
292082 92 698
10311701 81 8834
1515864 96 8134
1417325 50 4148
2236643 15 2672
25369 55 805
691135 42 1264
2207247 98 5373
2789213 88 7645
2220053 32 2336
12759734 66 5114
3101419 30 6136
1093184 20 5005
14776974 35 7373
8405128 60 9932
22456052 25 8757
848773 18 2008
10283581 47 8902
8824662 97 9990
428672 42 1444
207426 31 2356
43941809 42 9653
8899360 15 4357
6017836 8 4879
4369495 43 4138
1454660 42 2797
11956569 9 5913
45524908 28 9544
61372 92 9705
1222686 6 3676
138268 27 526
300140 44 1225
3000638 3 4918
2587019 57 8232
736018 64 2154
11192868 19 8858
2233726 35 4199
21008440 95 8588
2176379 74 3264
32887 35 2623
1054202 68 4154
2754262 32 9764
7063467 57 6355
6024349 72 7146
19205065 78 6457
881138 62 2859
1973195 98 7276
105485 60 510
1922596 21 2838
62239 65 1804
10693989 96 5092
81640 91 636
37254 87 4740
8713284 53 5883
3221165 13 6998
2890863 8 6647
14580714 10 8972
31460563 14 8511
11493335 47 7487
9219545 72 4856
190106 26 2514
27975321 65 8161
13908788 48 5805
247044 8 6725
28447402 56 7924
56088 55 1465
1001139 18 5632
1 69 596
1781059 54 2616
2982318 43 2868
23204391 60 9508
350554 51 862
17167 13 7506
16017770 22 7331
2138706 75 2463
4739152 16 4345
21807831 19 7314
4751819 33 3064
22717127 24 9625
21549335 54 7404
14224374 69 6311
278467 69 7453
6043578 61 5495
169937 55 7527
5078 33 3571
4006990 46 3333
16350173 13 8512
3301099 31 3628
6078672 84 4030
1288763 34 7913
703515 100 7210
1516361 83 2358
310931 45 2468
32111535 42 8478
19067519 85 8397
22163 69 190
10537 54 2188
13118309 25 9062
2587 62 2172
672741 25 2088
2535412 41 7487
12490138 38 5844
1546138 86 7577
492793 26 2165
127647 73 2572
8589308 31 4726
12082156 97 6753
14589718 3 5705
14449172 20 9182
8786997 38 8531
313969 77 7810
11577629 97 6746
232833 96 1273
9434869 23 5708
1167849 24 7806
13091408 26 9489
383441 56 977
5564070 84 4496
7544041 33 7296
405497 71 1373
1517938 58 1959
294635 8 3003
2086059 55 9269
813018 72 7312
1609246 79 4959
849238 48 6370
1154430 44 3039
15527736 32 5698
419608 33 881
4829899 5 4407
6838310 33 4722
296714 88 1105
59225 55 3952
3779 9 7807
7568680 19 5546
1882540 94 1871
32465516 78 9994
343762 82 1003
3269464 94 5795
4270751 61 5773
8487146 47 4177
8282741 30 6819
17948652 98 8153
3698776 92 6015
1113101 84 4631
62191 10 2411
136269 7 548
14203 18 127
496605 55 1915
19084449 72 6098
1163293 27 4333
25944628 94 8483
11881155 67 4975
14282 86 2549
13021221 37 8114
1232 33 2879
2078805 36 3956
58810 11 5602
7602241 93 5072
25050 76 257
12795419 25 8087
82532 3 2533
5633 23 58
6876690 43 9870
1542627 34 2289
11626314 67 9076
2092182 88 3128
10213671 36 4731
8438426 80 6110
2492 4 125
9636912 32 8225
4859459 94 3707
405820 69 1814
753189 52 9756
2060736 52 2595
18094895 8 6976
5423018 63 6070
3384840 95 4039
2774875 11 3681
21065674 99 7907
3520009 48 5707
6191195 78 5116
656972 16 2153
11810805 6 9902
89975 49 363
2549481 59 5634
3904926 56 8647
8745 48 2110
1496894 19 1845
11078306 68 7043
4187442 88 3575
1458106 94 4447
815491 100 2611
4659635 28 4221
7362039 74 4313
4099680 89 5647
7084550 6 9583
2287590 29 4229
5968008 84 6372
2402016 68 4117
4616636 3 3943
13316521 72 8612
127042 77 943
23703215 47 9543
3117709 60 6748
2309441 54 8880
16369503 30 6909
2506062 88 3230
295742 28 3922
8374 13 6958
491825 35 5244
13286 74 877
408760 59 3720
15829766 25 8052
20282915 70 6392
2674234 87 7118
9303182 67 8302
843669 31 3767
321 6 112
5215 25 582
5077505 25 3137
3105666 78 6370
1977 14 1175
6044133 48 4946
13254947 11 5082
26907 25 192
15806353 100 8383
368195 45 6256
135330 18 939
14116793 48 8512
29347679 54 9052
35200517 22 8627
7125520 6 9205
1427006 44 3747
40608124 1 9822
668 99 153
1191723 84 1462
23926683 94 8516
1444351 55 3549
759379 58 2148
6319684 50 3750
3116098 29 4009
75118 77 1143
193962 31 1044
81 4 66
6765874 5 3832
691636 71 2721
1184816 70 5716
156532 71 6945
11308151 66 8897
6968662 81 3637
365651 81 2904
15000495 42 8198
2375895 41 4180
13700 72 3824
4041762 66 4693
1170659 47 3128
20779872 86 8690
9768811 33 9559
8785673 30 4921
6605788 86 4645
18915226 97 6873
11763066 18 7915
132296 95 3437
20112 67 3391
2273362 65 8433
1857865 78 6275
2206622 51 4905
258298 47 7548
25299475 31 8942
100690 76 4343
185174 81 2765
3607848 10 3016
4091 72 89
10615108 15 7245
213042 73 855
580825 76 2323
405427 86 5867
12737173 17 8950
60729 100 755
483397 25 9777
413642 24 2737
2313570 16 3337
10702308 61 4984
29580914 79 9057
478001 69 2595
4702334 9 8966
37441981 81 9372
19365952 45 9897
5472917 52 3586
6064147 26 4901
3245396 92 2531
9026639 28 7190
375581 49 3069
577244 33 1262
199078 83 548
615 63 1347
14944268 47 9539
16421920 39 6138
194910 10 3278
5054173 62 3303
41321 84 8698
1 89 627
6335043 14 4362
2527755 32 3514
22179 87 3878
2225796 90 4856
4979262 71 3727
4684176 21 9249
10218485 94 7067
1784846 32 3659
110298 27 1600
144200 87 5788
9774243 75 4987
3467749 72 4613
5202940 67 9066
23656175 91 7598
825214 20 4956
8386534 64 4261
24263032 32 9604
354 3 7
34380828 51 9813
203076 27 6920
3770404 89 7511
1032789 8 2165
16991156 81 9034
8127 63 1994
12404459 1 5042
6209439 64 5830
76920 88 462
309309 47 3291
33717 20 848
51058 55 1263
21566540 88 8794
15163137 87 6006
2513006 53 3142
2326780 1 5444
21987847 28 8888
8378833 15 6599
3386387 26 4399
14796283 97 5562
631680 53 1437
2392310 89 8955
1558363 77 4245
18037285 86 7058
127871 17 985
5262 22 479
914872 58 3192
238145 40 1363
1885474 4 5966
1 20 4724
311321 81 8002
939230 95 2152
128266 23 494
13852497 13 8732
644263 27 6618
6393172 1 4779
508918 86 6274
10078894 45 6700
7155891 86 5182
691701 20 2232
1942112 56 8360
9947355 91 5451
614697 14 1403
184025 53 1624
7823679 86 7210
147282 79 4022
2040311 51 2615
28782 57 2992
215785 36 2499
507969 38 1664
4098557 16 2987
328272 7 1580
11445882 27 6992
4190082 94 3356
456235 37 1382
8297294 39 7477
198557 8 2464
44805 36 628
384607 20 1977
22807934 69 9970
4177359 73 2836
1150292 72 4145
2298438 29 6084
164110 3 2534
366709 29 3226
404793 56 9805
141050 93 1515
10463799 100 8664
23528621 75 9624
15851141 46 5811
11860321 36 9110
94 37 1668
6282390 33 3783
778504 81 9406
1 82 1086
9804164 13 7375
8540638 14 5696
327542 7 3392
5779953 17 3870
13335 7 385
774993 98 4230
9917032 1 8617
208423 26 1598
25629 31 4395
928110 6 4609
1095611 41 3123
107065 93 913
258898 44 5964
22189 59 989
151259 15 4299
11436 91 409
1 7 516
1214488 1 2218
5253841 70 4485
39886018 82 9251
10865933 29 7755
17647726 12 9536
890 13 163
14855475 98 7615
3532342 9 4226
7912826 92 4841
8485402 82 6381
9741220 36 5987
1738147 75 6773
786390 6 1593
431832 7 8402
96217 83 1951
26894213 70 7666
1458740 98 5184
1347500 1 2298
7439175 1 8498
268079 27 3184
405138 41 5686
100340 27 424
27410817 81 8002
1821970 61 1927
36024298 74 8697
40248 7 6754
1608317 53 2134
63645 82 684
1359914 71 6677
23978663 81 7740
1033613 62 4610
7274495 28 5110
15386159 6 9319
34617 24 2597
276981 88 1138
9473448 34 5506
413537 28 7966
2468228 55 5808
2021754 35 2886
38273140 1 9027
4825404 69 3369
1 82 114
69879 10 279
12479248 51 6740
36179993 54 9741
3846 57 6179
1040105 12 2907
8607478 11 9936
7108825 43 4062
3184597 41 5724
2412994 42 3241
27323786 72 9494
20769476 47 9480
16057112 96 6260
37535 19 512
4257140 81 7344
498397 48 4775
21339706 72 8145
5260802 12 4069
422797 39 3013
24724594 18 9961
60724 96 525
4748 5 128
2469408 16 4597
8422438 70 4404
4126316 28 3162
15492300 86 7271
134637 38 1349
1404986 100 6966
6086412 42 8559
765745 67 2590
10841763 86 8166
64953 4 645
974140 12 2266
521807 37 9698
18571677 28 7589
21487753 97 9886
6061 33 3813
10750869 8 8515
82769 72 3423
11214366 83 6525
11483 66 795
13137811 83 5725
1004014 71 1637
30196 100 1508
2756601 38 4967
7175175 51 3962
2044222 14 2377
9813729 98 7072
55160 93 681
11052930 100 7840
98540 100 8152
19552858 38 9663
26189272 32 8702
75223 41 7117
45122592 60 9616
25289600 65 9833
12854806 68 5027
149340 57 476
7480163 62 8166
9524069 88 9771
673596 20 3243
21145706 45 6694
1 12 349
27245112 23 9383
6514585 16 8187
45311788 83 9627
21872241 77 6762
29049408 16 9322
9222667 24 5219
13035953 92 7859
16506697 29 6153
33334 37 2829
3266270 57 8149
1666339 23 6994
503625 37 963
339872 100 2930
62956 73 6477
12608838 52 5018
1743262 3 2689
2759 31 7710
1 70 2166
445101 6 4533
2338390 44 8230
1973927 67 2076
1221783 4 7870
9043418 53 4838
37530 61 412
28329123 82 7940
2253922 93 5509
9683240 95 6366
10179 68 96
2364801 18 2258
2930 58 214
14836242 82 5646
3048835 41 5247
60317 66 6144
33532501 43 8995
67906 2 7596
7142016 3 9009
22517 80 1435
18944734 92 8691
1 96 2512
1935353 89 1903
590748 21 4300
1 94 5735
39268 32 1670
31847 34 3218
4653482 76 4412
542410 77 1470
2644486 79 7889
6578697 32 5708
6081 65 1623
8743907 83 4976
1692296 15 2264
215147 61 3582
1 76 203
15792 54 104
2096444 11 4180
279655 48 2955
1397650 97 2094
3566726 74 4321
60166 52 4101
2692695 70 6813
77214 36 332
248847 29 711
16980878 34 6388
613550 20 4656
294218 14 4368
8827604 100 8203
1812252 4 4507
584877 46 3773
1427556 67 9479
435934 95 5583
3731270 57 5534
6409462 28 6398
24542 72 6964
3687160 9 8715
405726 60 4913
197223 82 1143
1226 16 267
12390064 6 5946
674977 25 3434
7979640 26 4244
7825957 17 7596
14131997 12 6216
36569 9 1257
1159645 84 3821
156988 57 3269
3305882 35 4133
863060 6 9176
336025 67 4735
96329 36 1371
18419044 5 7580
13200784 34 7601
142245 59 564
9048152 50 7207
3768130 93 5970
175095 50 4171
4839564 26 3483
95635 63 6811
52208 58 1595
20607 26 6574
16622743 17 6739
7837356 19 4996
2144232 95 6174
21591307 70 9659
2516576 6 5936
2007468 60 2969
3942792 80 7111
14946923 64 7453
140280 77 3322
3353552 11 7161
705394 56 2418
5371253 82 5744
1 69 2815
13760566 94 9865
17817 27 3977
17252918 51 6004
3225439 51 3045
11279421 93 4855
80405 77 623
7542744 100 6983
4154149 46 5644
8568748 74 9289
32516332 19 8999
2444201 96 5628
9160281 91 7111
8828224 5 7428
3369317 61 9922
27408 36 560
15285 18 1260
174496 16 2326
1 68 226
11002869 96 7126
2240138 39 5034
6450428 13 6757
3136139 67 3021
1632080 17 6288
32609803 1 9251
11261006 30 6363
398750 88 6047
14671243 25 8418
878946 8 7659
132061 59 3703
8303703 95 4221
24902836 85 10000
203671 70 1189
2484746 52 7727
18329197 43 8727
3611946 61 8792
9404047 16 5188
32784130 49 9132
19086370 10 9036
20353 86 5995
11091124 72 9366
1633604 5 6365
132503 34 1632
4072887 16 7749
27629 19 214
77259 65 578
36924466 23 9444
7838 87 338
539918 89 3776
3082 78 205
14786847 65 8260
7075 6 9274
3001 29 3441
5681 78 9602
1340694 53 4919
6774199 9 6959
155676 13 3069
969248 46 3088
69095 13 2777
4208786 91 6432
1033518 99 1952
1 61 3117
8493673 64 5612
4103978 93 2929
1047023 8 6016
6134869 36 5917
17988186 88 7639
2208253 81 3409
2332974 81 9321
2237882 48 7199
19552277 27 8615
9388750 43 4513
45679 54 1032
623026 73 2373
25519986 29 9445
3815155 58 2812
233035 78 604
92675 9 3024
3002468 96 6395
5090525 16 3563
24519487 80 9139
2129539 70 2156
2701832 65 4091
48706 59 2109
1744507 83 3269
15337207 13 6844
2547518 31 4391
3822075 16 6237
289112 67 1839
4884236 40 3327
618649 28 2927
9724 13 638
414566 9 2606
10138419 11 7975
1141764 91 7073
1319003 51 2462
659839 79 2379
22108198 62 7295
5142338 74 6430
45458 86 4951
626944 51 1235
9982 46 722
12671804 21 8563
1261829 90 5589
9586799 80 9302
1931592 36 2240
1345985 53 3903
2009241 15 2921
3506945 57 9934
42188692 50 9983
1658 26 5688
3234872 29 2839
460093 23 3673
113769 9 536
4139 83 425
10829 42 9023
112766 74 3964
2446940 74 6483
1787640 89 9786
891515 96 5829
347648 88 7409
7204 46 1413
5065687 13 5299
2481845 19 6551
646600 85 5809
17706 55 744
162047 13 512
6741163 5 5929
5720865 50 5576
10441760 55 6368
1255204 19 3199
307390 79 5761
149870 29 6987
13364926 34 6103
108194 50 446
46944 58 1571
17811 45 490
4512380 34 4056
11014261 4 6255
2345880 14 3349
8312494 51 8404
2391178 10 5956
926505 65 1565
30390597 94 9706
19773633 51 7791
881644 24 2155
707878 57 6485
5935653 17 5578
42479128 79 9921
33865 16 344
67380 38 1744
111346 24 6141
24681 86 193
11142340 100 7037
756002 7 1195
35965615 23 9806
20254422 24 9845
6438408 85 4252
5754286 56 8927
24616102 89 9431
431527 41 6560
1503715 96 7033
2188361 51 4214
428364 39 3804
26632310 38 7897
7608896 17 6826
43150581 93 9426
4143340 92 3002
158608 45 1114
466055 58 930
349783 79 5360
7468418 97 3820
7897148 75 4014
32400 15 408
14155207 38 9198
3402483 2 6415
442313 39 7879
15197467 88 7147
2303180 56 8281
236396 96 7250
13356 8 252
216396 30 9629
20243 24 825
11266108 98 4804
24365755 21 6899
16315 43 1095
1 33 238
21287 5 2712
12601 34 1773
60246 68 2204
2421025 72 9032
25094138 23 8117
666559 36 1201
448327 22 3970
880076 26 2680
26479088 44 7900
2088561 4 9666
8698816 23 4556
38990730 72 9810
1401990 55 2692
837128 19 1366
139031 35 7001
826161 34 1994
44709 27 4357
10419561 76 9018
8711394 79 8247
605941 46 9217
30129294 22 9487
960463 93 9504
8083951 46 5210
11915801 25 7682
2900914 17 6790
2428497 89 2644
17920 51 142
84596 92 1508
21667 23 200
1986254 3 7168
12052579 61 8321
1238150 69 4010
3950892 88 3236
354864 26 2266
9494011 14 8626
1651234 10 5866
37600610 83 9045
4979465 49 7618
843 14 2512
11269 92 400
150215 21 1810
54544 63 381
14580036 31 7234
12723252 5 7300
1738660 11 5407
2362841 93 2563
123721 93 5055
14287429 2 6333
3536724 74 3820
5708892 43 3391
361936 62 6093
5266415 80 8891
250435 50 2486
2524682 6 9062
14580300 42 7807
8352055 37 6413
5176491 52 5997
8451838 70 7997
5471570 84 7141
1586984 100 2182
5481757 23 9025
4283510 91 7202
276217 85 1300
210481 40 644
4625595 94 4885
694447 9 1314
41 56 3334
631629 40 1920
43465 80 284
49450 62 254
352955 2 2534
7422259 74 3861
2270343 58 3041
10643769 30 5026
25631395 4 9760
2533549 21 3366
642795 57 5639
482869 2 7000
1298424 5 8442
1003821 67 2260
2715559 72 9893
1552304 65 2524
448208 2 3153
986784 48 3182
3913981 70 3788
11616980 49 8486
26700 5 5498
426387 82 7862
204497 37 1863
14222637 3 8206
5879216 6 7807
27176251 62 9417
405240 12 2236
1852912 96 6034
606372 45 2519
3706084 22 2734
10025 13 255
15552017 11 9094
2547826 46 3097
33539 68 3321
68 11 1098
313396 15 1747
33568 13 1339
1 65 726
16572399 31 5682
24238545 81 9611
1732245 5 9457
2621015 35 5537
34451 51 3139
206737 43 3493
19200978 44 7248
336401 62 2421
283 20 1524
134549 75 9807
93437 63 2545
22249371 71 9727
393254 13 801
18067376 62 6059
20693869 69 9848
7644 64 8324
25052698 11 7390
37610712 53 9698
33073398 18 8665
11445327 79 8489
9661522 33 6008
220555 42 1665
24167487 52 6936
3588 1 1559
1962603 84 9461
583167 43 3147
476355 68 5210
1217715 42 8291
1 67 4250
1798955 16 3976
6959334 36 8052
461873 77 3627
11501759 68 5415
1286723 54 9269
190966 47 5752
8599 32 523
1896885 73 5077
8357134 39 4106
1197570 44 1598
7851572 1 5232
2546548 78 5364
24601032 43 8226
35747333 63 9715
149308 70 8940
521710 35 5354
9799627 88 6751
863940 21 1411
4390630 22 5949
13385829 81 7645
2591131 33 5373
1 4 153
99128 27 7361
3225421 73 4452
2003559 80 5021
7310636 72 8516
12814652 80 5770
918931 53 5480
7035822 42 3967
841033 82 1760
6792379 19 5874
1263980 58 2639
2711627 58 3091
5390047 25 3722
352004 39 4631
6415959 36 3721
38850281 31 9443
2064289 97 4206
15891491 74 7495
6775141 49 5851
6253 74 362
4465246 96 5981
14323241 44 7722
31299813 48 9977
4880315 1 3189
1417204 33 5818
1787459 74 1991
16744385 44 8976
1186544 22 2289
8362 55 7282
2185914 65 4656
5070477 30 3545
2055814 70 3204
177934 78 767
644526 39 1622
18648278 6 6919
84008 55 1189
4051134 99 3155
5495786 13 3358
35778868 33 8731
2598481 23 3156
887169 39 3047
168229 98 718
23518215 39 7369
6011682 7 4240
7394222 97 7744
16730818 95 8386
1738458 42 3153
1328553 1 8903
17991951 8 7571
58353 24 561
7000252 95 8947
23726881 82 9703
1968715 71 3371
43032567 82 9933
53258 34 5555
11752308 50 7041
1300408 14 4729
64488 41 471
590785 75 7389
1463778 63 3718
32443 19 9933
298174 86 3799
853563 80 7377
8028994 83 5539
361446 15 4056
1850396 34 3281
8869 36 584
235113 84 593
5366852 23 3524
26605190 30 7568
1066096 3 1910
9450976 100 7814
1101360 18 6791
13837728 25 9866
2699620 1 2413
10318130 22 9884
841984 74 8288
16022 55 5657
835136 48 6675
6603 40 1058
1873062 26 5270
17583211 15 6665
796055 62 9753
13130 13 404
1067626 22 9517
31484880 20 9195
6894524 63 4412
10281346 11 9551
924 34 96
1815346 99 6208
3237032 62 3184
2711929 43 4604
12750939 98 7690
11492074 96 4945
2928545 62 8000
289577 55 2847
1683477 2 9272
22432668 32 7095
9367530 50 6522
54395 55 547
1009337 79 9606
375277 14 4071
1154855 86 1562
1 33 513
735006 60 2720
608933 38 1254
339610 93 5584
213484 69 1232
46843 21 3671
19093654 27 6573
14261542 86 9622
284034 12 3235
128301 2 762
8815402 24 4484
571598 12 3414
349530 65 9840
3543018 64 9349
1 86 4184
8122391 60 6252
136994 12 4346
1267186 12 8529
1274066 64 6146
2249823 69 3499
12289566 86 4965
23887901 45 7012
16292435 12 8187
6150407 34 7423
43996636 94 9534
5294 13 6281
63369 35 367
6934863 93 6042
321773 50 8851
14466885 81 7773
2974926 62 7065
1590610 52 3082
452878 38 3970
12596631 14 6335
2984638 59 4792
21252602 20 7325
99393 24 1278
22348849 43 7307
22590348 31 9854
8177756 52 4039
3371171 43 8352
443725 31 8166
6617885 50 9372
3123091 52 7286
18865516 49 8073
38584 12 1152
56526 1 2921
1891877 1 8726
538816 80 8981
6734790 21 4784
3292056 76 9950
116916 9 717
3264644 13 4901
1950519 10 7623
136356 47 729
181184 91 5492
24010832 16 9969
14780926 89 9848
16630118 6 6161
12582402 94 6057
2873197 56 3357
7275433 35 5471
130200 21 3446
4369758 34 2898
22457 38 153
700086 12 2257
2331870 64 2286
471947 55 1074
2077955 37 6523
9039121 39 5847
599894 66 3958
5184 93 457
19315 19 518
3950810 62 4915
668802 59 1261
6797587 36 9789
4756 55 229
5015116 57 4366
9242429 78 6114
414710 72 1095
1057392 34 5707
44466 76 5810
32094195 69 8975
4032 57 5445
222827 30 6871
23423305 31 7566
731715 54 2477
3826163 88 4142
5338547 3 4740
24915454 40 7719
1 45 1614
1284983 1 5207
2000949 25 2017
7258198 21 4664
6112909 10 4652
8287295 6 6816
5408259 26 5503
20905 71 5196
3070791 73 6571
20167460 67 7498
459716 45 2472
2533530 46 2592
1421632 35 2256
418946 45 1455
1034104 91 4261
42615281 8 9522
26386283 22 7865
1506044 8 7354
10671415 100 8345
1897574 26 2616
1 41 502
255266 36 1472
9119575 62 7188
548981 56 1841
32571542 90 8104
2695368 53 4944
3085870 41 7103
7406364 65 9767
1087586 93 1589
12518140 23 9782
1305815 34 1633
35617914 71 8750
163970 95 4852
5894121 40 9711
3815787 27 8477
244296 31 1615
11112093 71 9121
3681352 22 5120
1462170 13 3804
494709 50 6724
812520 27 6213
580669 59 3394
5078662 58 4227
3329 63 159
230051 66 2122
46871477 78 9869
599968 26 1255
12804860 37 6045
83928 79 3498
1 84 1100
27167 59 187
333469 1 1050
4164640 86 7441
12152060 89 6269
17863080 40 9209
81860 45 423
811281 18 1189
764285 24 7208
737728 81 3176
5598229 37 6389
1533420 29 9847
6655786 53 4819
4915585 91 6069
262618 95 8184
28157762 7 8415
561766 48 3096
9143712 13 4593
99 6 9230
5698880 46 3624
1 92 249
14156 28 848
904825 37 2105
6301980 33 9783
62628 65 3737
75651 20 1233
1 27 100
211336 50 1366
1959730 24 5969
11958650 37 6253
9576006 49 8654
23570 66 1764
10134698 75 4935
1197 19 2183
1 28 33
6294526 12 5024
1 91 506
588632 98 8956
21280731 3 8316
1615529 10 8163
2189705 30 9997
363346 43 1491
6358096 90 6476
219025 30 2544
3304434 6 9486
513375 58 5649
278357 20 7880
3530705 40 9527
246442 38 2123
23998535 91 9284
15071249 78 6091
2216996 17 3181
2071707 50 4037
1631429 35 5986
15318589 82 9359
386151 9 1254
9431426 97 4758
3198872 79 5779
6672610 57 4652
687537 49 7898
2245278 38 5835
972699 81 3519
875524 53 5336
180509 87 954
859861 14 2124
1360119 24 3021
5254262 17 7505
7688548 98 5662
135508 1 4105
16057301 77 8255
914368 50 1911
4397850 28 6514
740760 43 1766
22786594 31 9411
8177 27 36
6255127 90 5065
19142719 13 9817
949634 35 1706
657170 52 2539
953462 58 7416
482053 5 1443
36994 69 3430
1474668 81 4606
5942969 63 6085
17515306 58 6087
23408339 15 7722
10768741 92 8740
324477 77 8923
3567 71 7583
262489 65 3087
5252 94 116
2125421 84 5119
4633582 32 8782
588473 27 4902
825290 80 1938
11741047 44 4893
13150908 95 6635
67875 67 5247
959205 50 4637
1908561 9 8376
9274 7 7769
5788079 3 6324
5330067 79 3422
9463371 30 7391
723753 5 3796
6322674 12 7415
6025926 88 5324
1683594 34 3351
50682 83 6209
4964720 69 8558
319006 51 7991
1225322 87 1618
202101 69 2599
9270158 22 6971
25154484 84 8003
7980834 44 5544
6641757 35 6197
6149433 70 4720
1014986 48 1450
38661 49 240
904794 82 6514
7978152 48 6649
51253 91 1004
17926 23 2571
2439906 2 6820
844455 22 1754
67925 19 1107
4853776 69 3468
8321800 93 9966
277048 88 6652
2354097 86 4870
10974017 48 5322
2059451 32 7838
300 21 282
10484192 94 8219
11544878 34 5920
1397507 97 1716
7693276 73 9334
28328485 93 8099
1751636 81 2072
2035926 72 2749
4373 88 298
158311 25 1380
35250522 90 8500
943524 25 6292
27533710 8 9113
74441 92 1703
1401270 65 1973
10507009 79 4907
4530421 23 5517
12644819 37 8019
1 66 1314
268241 25 3280
400015 13 1277
456629 58 5453
81125 79 623
1196926 10 7333
28137203 76 7997
2547 78 625
11498905 74 9350
47296510 58 9965
68127 6 486
13726210 92 5346
22690453 29 9115
1243541 4 6357
16388 75 708
857589 78 2104
78947 99 5770
924 2 494
2344844 65 9826
1681030 27 1961
191064 76 4224
88018 46 873
1417986 55 3092
6861 7 5291
614998 68 2961
70165 67 537
14277184 63 8631
504813 4 3008
13444191 84 7286
5518593 78 3412
10165681 93 9284
28493 55 840
1 98 6991
5635 55 5604
2149823 63 4053
187517 51 6043
526696 37 1940
1230516 88 4922
537527 93 8873
6012923 76 8500
18859970 48 6314
203358 35 5054
2576554 48 8621
1394056 39 7131
1002365 70 5057
31246294 29 9765
341528 40 1323
256791 13 1293
1641925 25 9611
108167 26 1179
10588482 79 7829
6865536 41 6147
51639 29 1425
693882 99 7462
4700316 39 9669
1844432 71 2964
231258 67 4937
17805791 4 9625
22936 36 141
16893678 75 6402
81874 83 1428
123480 9 568
2582805 18 6448
943259 60 1763
25189 64 160
7649614 14 7962
20164234 91 7323
701428 76 4327
33816755 38 9436
739538 98 2582
476663 62 4310
1250582 59 4825
8748712 55 4401
15273369 28 7276
3425449 50 6611
992019 8 1559
3813976 86 7402
19038 70 432
7536670 89 6126
268386 45 968
21068 25 1232
994472 14 1549
25313660 44 7116
1928834 41 6085
1976880 72 7875
5604400 45 9815
1669741 95 3056
909388 100 1848
1 73 778
4877970 41 8113
927270 51 7084
90413 15 7746
19692200 90 9309
486785 92 2258
1148343 31 3338
12888963 2 6110
1835555 66 8666
848097 19 2315
15039 84 1028
29856482 73 9867
6189133 100 4382
4091301 39 8394
504903 76 5664
5453248 48 8055
750216 55 9221
12299059 90 8194
332 55 5338
997934 43 6962
17297659 70 8386
2965274 13 8909
3141528 12 9804
9254432 52 5519
4976343 62 9061
9417967 33 5265
10648497 27 5481
891365 1 2148
33248734 35 8248
41 41 436
43268100 48 9737
764880 72 4101
967917 24 2494
23217 2 2954
14649502 69 6846
3220416 37 2788
2529847 28 2410
27774062 19 9940
1 84 174
7092285 26 7112
792299 50 2163
1200509 91 5533
39479606 91 9109
4743205 88 7609
4816102 5 5469
341936 74 1188
28507596 57 8948
37114908 8 8978
2466971 82 7821
871913 37 1400
487831 16 8473
13216159 52 6997
417455 74 4463
1 64 379
443419 77 2231
9943762 12 6074
988366 30 3402
4599472 45 3870
380425 42 1482
12395536 95 5194
925216 76 3399
1068302 7 5470
39482103 59 9134
1397241 67 5611
18508665 71 7383
7859459 89 6170
57775 33 1083
43445 13 1537
4578936 69 3139
9111993 81 9150
42543541 61 9920
11035988 16 6470
10133 20 46
63511 7 1441
743829 62 1160
274992 15 7358
1392985 17 1867
9200 16 47
1472881 16 5081
1123157 96 3698
381912 24 5594
19244666 64 7429
476521 35 1487
281071 9 1810
10616036 39 4921
9630189 46 5862
755498 33 1713
19 90 359
3267765 24 8238
586655 79 8368
12777059 55 7829
813583 10 5963
1870034 18 3806
60566 20 401
54909 60 773
4456379 8 3407
413722 54 3166
303507 12 1621
5856 62 1814
466767 35 2497
18854918 6 8806
2667677 50 2752
14596210 22 8918
5683645 37 8566
148977 14 1893
122570 78 8243
1738140 80 2950
1 82 280
17532560 27 8646
150296 76 3177
12783039 1 7605
309 87 557
150969 95 8963
76652 99 657
275918 97 1036
12221621 57 9589
940464 2 4620
1009354 84 2450
22862 54 5937
350709 8 1230
1 75 1449
1041022 25 2144
1998267 10 5575
18095059 60 6486
310035 2 2292
15722867 100 9288
849766 67 1954
4899287 71 4850
55735 34 1993
3308 73 2336
1691463 69 3339
1190028 49 7879
2391026 24 2450
91908 37 4929
16217952 50 8641
6336440 84 4986
6674743 73 4007
218806 25 4044
4203986 39 8761
5757 48 1461
10366 65 128
261436 39 1010
1243292 98 2176
1504615 6 1786
3168577 57 8576
120179 20 1284
8588431 61 5202
6015588 12 8969
29837731 89 8443
3108762 80 7930
4991716 39 5922
192439 60 786
2824760 76 8295
13795145 36 5261
1463719 23 1956
10189 27 7065
24917049 90 8691
968279 45 3353
1289762 68 3597
162767 34 6603
8446 77 681
135888 27 4388
11235 77 678
1265605 81 2470
470656 19 4894
59429 73 432
185159 36 1999
12687 10 504
831870 51 8988
6665920 40 4181
3767143 83 3626
21536 70 257
312067 94 9239
23 39 1352
7218031 34 6263
1 86 315
85364 7 2546
1504825 48 6211
10264127 19 8808
50619 33 1292
8311743 83 5623
1 82 2402
27636 78 3872
298902 13 6592
21873859 49 9526
5104985 8 9055
6904065 64 4283
11753052 71 7165
28802368 24 9921
209994 48 4780
11525356 82 6269
24283089 52 7436
29397429 39 8646
692988 82 1474
768242 54 3319
6426550 53 7388
30236441 99 8305
1233026 69 1519
2387 35 2055
1580935 20 4273
20008811 23 6826
97119 22 2099
4575637 48 9569
25604 30 5289
24266997 71 9689
29580 60 903
447629 12 1735
14619669 21 8584
127189 44 7112
3292130 1 8882
2942500 1 9251
296505 6 3536
3280404 95 4048
35098 99 8505
271655 83 727
25161 67 771
2896334 90 5576
11047811 55 7196
27759755 63 9128
876321 19 2818
7478041 3 5168
207805 71 2731
18805 34 6225
14494 10 1062
45874 57 3416
2089 31 9445
1017290 52 3616
1594282 92 2443
1974364 40 4166
4090262 76 3482
69820 63 3060
1583397 13 7576
1 94 8459
2097967 59 9937
221617 98 1954
4511540 29 5211
43919367 29 9678
8312 1 149
13902275 10 8641
1 80 418
330978 75 2052
597998 55 7316
1379051 30 8991
685426 45 5851
147937 76 4494
1264744 27 3475
2082221 50 1984
475619 55 1293
11451227 92 6826
2341120 5 5647
216954 41 1244
2101246 95 8455
570377 25 4624
25856907 81 7178
10026065 17 7377
1 76 3482
3520 63 3221
4770750 81 9764
717279 81 6008
7277554 18 6224
17986977 43 9024
19681676 55 8595
800170 79 6084
30370569 4 9204
203082 28 1019
117285 27 9927
1522021 98 1774
69663 75 972
537178 58 9947
31644764 43 9799
9371129 54 5527
15697701 51 7719
227734 25 2229
1083084 30 8532
4733015 41 7151
2733044 82 2541
8976172 3 6591
486126 92 1536
464227 90 1951
7276516 35 5666
3429512 67 5813
10279801 74 5769
2398345 17 9737
42689 56 3124
283165 58 6576
1 61 3405
16774370 43 7392
5343757 93 7289
674584 26 4394
520855 21 2086
28938446 24 8043
11859855 72 5245
6937263 65 8227
4112617 63 5352
4332098 9 5269
458520 21 6048
14312 87 367
9825870 51 4893
1206036 37 2479
5461635 4 4188
20276669 20 6398
16526385 67 9672
9619674 30 4762
2937092 90 5410
359353 20 1239
42139 59 3493
1006663 17 2738
2612373 69 3613
9 10 242
2923939 10 7994
12502952 25 6346
18970158 21 6738
1268603 7 7846
864267 6 8836
1676094 57 4711
82142 30 9703
1105360 50 3067
291623 57 963
2613771 45 2500
14493821 79 9351
697570 4 1707
12133260 61 8155
6432412 45 5584
1062329 83 6785
20916 28 531
24133 87 414
7283318 38 4282
8844513 8 8888
5306220 13 5027
1871893 14 2833
207416 38 4134
6022578 97 8615
19376163 25 9369
2378 56 4106
68649 100 1672
9379468 12 6564
12899276 95 6299
10348004 43 8157
1101010 41 9194
16089644 97 7378
239219 32 6290
10030799 28 4563
3963006 35 4420
2701052 55 3967
7286485 66 4555
17448 74 1891
7123823 36 5594
3577532 84 7923
479470 80 1047
10134223 74 8916
1480921 17 4237
1851907 34 4455
567932 55 5072
409570 36 1960
34767494 9 8677
5845398 13 3486
161353 45 497
1964553 69 8539
3956919 35 5668
3869547 77 3782
327521 23 4115
1085130 80 1387
168938 71 2499
9702176 68 8698
4120761 16 4237
9896700 98 4522
1303951 60 9871
641156 38 1771
3174447 87 8083
2343069 74 7270
10795457 29 8377
12666933 10 6364
13285871 51 6929
374998 46 785
1141018 33 7463
13638667 67 6847
19160162 44 6187
1029136 99 2066
3836960 59 4247
25275771 42 7277
1361427 58 6137
1362026 26 8861
7158542 44 8611
1646082 44 9771
7772907 35 8350
11032228 95 8584
4394444 83 8847
575914 59 8868
238382 77 1029
10751580 36 6226
1494306 46 3561
789451 46 6123
1075900 95 4995
8287917 2 5654
823835 66 5411
19197 62 5089
7757304 17 8507
4637 68 4219
19230148 77 6943
5101145 37 9036
4094993 71 9557
9305639 22 4801
4078323 67 3171
35487616 54 9760
1 78 4154
4945174 44 9266
500462 45 8466
54 1 64
3791739 10 9523
7582702 49 6968
1898505 49 8148
911575 71 1724
565251 60 3207
1403143 52 2548
289465 96 4037
13369290 34 5605
536216 62 2246
1608 23 1724
4703419 5 6036
62947 38 777
5837538 77 4916
3466778 47 4740
3859747 45 9871
112481 6 1000
330844 56 1575
692973 96 1384
2494176 78 2322
62287 13 6115
884807 32 6963
162023 64 8073
1776358 58 9178
4751 71 7672
1831096 7 8212
105724 40 1505
780909 45 7656
11077974 96 5975
5066571 45 6473
882747 15 4433
18547 34 2908
6741387 50 5405
19736089 72 7581
22294 1 263
6144926 39 3983
16974 8 390
8216043 41 6437
933588 46 2046
768604 11 1542
72136 20 366
18112438 5 8392
8355 74 6014
7062400 3 9718
13866163 29 8163
520945 56 5036
502187 78 9253
3205423 98 4834
7195854 70 6671
1454589 6 2675
19077334 53 6843
2204230 67 5223
3909891 35 3481
29460642 54 8231
25077 8 895
5765766 85 5242
2792976 56 6316
6737026 97 9827
414986 77 1367
15985 93 583
807009 83 4070
4058989 65 3944
16058551 18 9326
1401747 29 2352
784110 40 9917
1266884 25 7818
91 16 144
8452168 94 6527
1316125 55 1965
5859 87 199
170324 42 1267
3944091 12 8857
12512 64 622
27612855 38 9366
42992 26 258
27941776 42 8252
13054763 22 8928
1539506 33 9887
5569549 39 5013
51524 71 3227
1861223 98 9292
239684 39 1975
21432870 9 7647
156612 9 1117
1421748 72 3001
3590 23 9520
23810257 37 6930
6655053 94 3638
568667 84 6073
72602 48 490
2225542 23 3216
218815 43 2773
760796 30 2524
32196731 75 8474
3706651 28 8983
6087869 31 4883
10633396 41 4812
6143560 9 6104
1880564 52 4478
1677056 71 2034
12386526 56 9517
910610 55 2604
18794524 21 9704
17940 22 290
5072388 75 3938
104543 80 1473
26717062 100 7818
654649 7 3156
68595 65 2023
4942826 40 7336
2189030 65 6425
90468 51 6802
1763919 67 6852
7840300 18 9937
11525696 65 5461
876117 19 8976
366740 35 4966
2225994 94 5385
9479163 91 4254
5279332 26 5202
3469505 90 4731
477972 35 2393
63835 42 7773
1 70 205
14603 28 1028
3404873 53 5057
3184639 97 6207
4992723 57 9093
15920743 95 7456
12824560 90 5630
659468 91 1771
770025 45 9116
9967821 23 5390
1257317 59 2414
4329 43 6056
8946957 49 7207
199572 85 4140
5777803 40 6643
106116 48 7552
3487240 11 3244
5222075 45 7601
74505 9 1451
2729834 98 5237
6909410 93 9850
3836711 58 6527
24169851 57 9459
1 68 5561
15598115 64 9075
525223 99 9053
16401 57 265
11348719 34 8308
5362026 18 6600
188860 40 763
15748526 4 9981
235704 74 834
22517174 66 6879
11393359 57 5474
23882101 59 7197
139348 26 6216
422944 68 6943
155349 4 531
23636226 86 8766
662343 88 1128
2133775 43 2706
37116618 52 8909
389058 93 9617
420790 8 8034
21997939 69 9096
2897038 49 2798
46493732 93 9893
1 65 4431
1308962 19 5465
11291016 93 9498
17814044 93 7334
13550 37 1697
1719381 68 2445
3089740 13 6710
208802 6 576
656 28 55
395368 60 7093
498642 56 2907
18411736 5 8521
268699 57 4908
4374581 84 3556
285785 34 9763
154985 33 6894
102293 77 995
2807543 9 2583
872415 67 5675
2611390 88 2368
6484486 60 4357
5521000 78 3744
6157425 37 9286
2340791 76 7090
182477 14 2964
1010505 53 5150
21516 90 1591
2881131 33 5869
6719070 98 4487
5705 25 33
387336 35 9393
622520 87 1554
28839972 2 8275
11429939 7 4796
725273 10 5393
1528664 92 4427
5371555 87 4608
7796845 98 5268
9588669 14 5893
13663 76 7362
29504176 41 9320
92197 51 7780
29365 97 1053
63838 62 2063
24490364 44 8963
15718914 61 5581
18994293 75 7537
144160 27 1742
15544726 53 9286
6277283 13 4038
1787094 46 5432
2945392 47 3054
3558581 69 5233
1018619 55 2623
8896865 2 7830
12879851 32 7051
3517565 33 8379
2271909 10 4754
15293516 53 5829
5165419 88 6810
607949 4 1248
11403676 98 9739
154758 48 2167
15925690 25 6659
6130227 37 8916
363076 79 4024
1115244 53 4957
3057417 56 4038
309237 93 2902
7164438 62 6477
806675 19 4259
93119 50 958
5770777 43 4283
22091 1 515
39789 26 6579
20604 62 5099
16953306 47 7949
23277 25 2470
5460612 45 4174
15959720 58 6112
4921 92 432
180547 2 5246
2816662 82 5771
26525 37 5248
83031 39 925
4450686 78 7701
14871867 28 8352
25980812 100 9905
492433 96 3937
1382214 86 2113
11522897 44 5200
236032 59 4294
579532 77 5605
21443 39 1066
5049869 29 8222
8097 6 968
3526 12 1023
5187570 41 6911
1310196 63 3474
1838937 57 3097
11556005 39 6312
4870668 65 3655
2071765 45 6478
257450 1 3790
251991 32 4049
4874659 29 7792
1397447 78 1683
645035 78 2653
69105 5 2703
8761 30 215
21511201 49 8143
8177370 72 8907
13848501 88 6641
3218172 96 7118
1491870 84 8736
4171 56 121
4618925 77 7497
390798 6 3218
35465 31 2318
5118170 37 8827
258684 59 648
61971 69 2010
2809979 46 2747
6382461 25 9170
9932763 24 5003
25150221 9 9349
61420 3 1451
496952 30 3182
112129 59 726
475533 40 1661
112366 8 7444
6458717 49 3698
203322 59 2401
5108057 10 6283
3045092 84 2808
797924 82 3266
973275 28 2150
5128814 8 6544
11566824 89 9762
244034 75 1424
2006812 86 6229
21355786 22 6577
1764425 100 5788
8668900 71 4456
3867155 19 4793
850113 57 5162
3911683 92 5571
993045 33 6094
25256 74 4609
8573353 87 7716
88669 34 617
25723 72 516
529904 66 1013
490541 26 2622
11106323 72 6177
50593 48 2530
6438416 6 6196
253238 67 1244
952789 95 3681
8785740 84 4298
5374676 62 3595
1769929 94 9280
2285238 80 8203
5333788 78 8873
1854730 95 2846
1614083 92 1915
3964122 8 8935
8999417 74 9489
2732004 82 9592
528144 51 3415
1898465 74 4117
55453 18 9590
40537579 18 9883
1626619 77 2552
3891519 97 5832
5759677 31 7130
10858418 51 4992
194893 30 2131
25645485 75 9131
10069883 34 7520
6661091 1 3570
598151 85 2585
1 71 2526
9468648 82 7289
198016 92 3769
501925 47 1552
62578 62 8858
1524668 1 3562
10167636 18 5802
7205629 13 7838
9722416 18 5136
23095343 27 6950
1462486 70 1841
13810 28 175
650329 35 1650
74230 51 3762
16403245 20 8980
1574308 9 3909
9206617 22 8657
2502539 77 7614
5241 34 6348
1770269 85 3019
21278 28 419
175903 73 9441
308 21 557
21799665 71 9427
87026 94 5717
233028 78 5713
41115 54 714
1027139 55 9796
973634 22 7882
469112 89 893
6754120 85 5709
1486838 3 1803
80660 98 4817
2784485 100 7269
13068187 95 5177
20790890 94 6927
7056320 67 5566
914 8 4225
5414 50 379
1471007 80 6521
6951127 19 6244
1285155 66 3634
35433385 45 9125
4131418 60 2949
6368553 43 4655
433294 43 8277
5830825 55 4110
6617 100 4046
4317600 88 8241
698309 11 1250
1208597 44 1526
1527 41 176
2310935 84 2470
2171442 2 2033
11551 73 2342
17300 97 2560
5557890 73 3699
19760967 51 7396
515079 51 3090
537043 50 5968
8392988 1 7395
23307494 55 9975
286481 47 1085
601895 16 6563
145759 45 1698
1189560 77 5390
5607034 85 6173
2325069 29 9069
3652547 49 3546
30736039 23 8088
6626 76 6465
6305580 50 9084
24643859 13 8603
5662734 31 5951
3953354 27 4303
33112 28 248
3240688 76 7936
56 52 2183
18815099 33 7749
9740095 67 5470
124867 84 7180
483161 30 969
22689 3 288
228903 47 7689
13726200 10 7636
3164672 69 6868
211129 78 2105
303613 87 6033
35889906 66 9264
114388 64 1027
5444980 29 7466
7174221 2 3753
258192 93 906
1508088 16 2227
1124656 94 2488
106567 62 2654
63154 31 6813
5168235 58 9813
2064358 42 4524
20435281 96 8929
18430740 89 8445
11727159 100 5568
42936701 55 9643
11967639 91 6052
137958 63 9787
15191738 79 7111
10348 26 3847
716521 45 3155
20603897 32 9380
5352754 47 3393
22333245 29 7953
15083174 7 6981
12050 80 157
8261821 56 7986
138587 6 699
6842527 14 5598
9735143 33 7526
6326083 39 8624
23493129 35 9911
3422709 67 4671
2127498 44 7909
2489580 41 4682
37916 39 282
1466954 84 5002
6592647 67 4947
1278010 84 1984
2285571 97 4082
83674 30 841
617205 41 2063
485588 32 5879
13239636 84 8109
3601712 3 5956
64086 81 1247
569468 51 2211
67504 56 2615
808744 19 2628
5182 72 547
7518075 94 7298
3056362 5 2747
67478 76 1022
350750 34 4659
763700 2 6360
118995 56 3564
1 93 901
8536860 77 7221
260369 69 8886
1 23 402
315537 98 2686
1339693 10 2989
4371934 89 4442
191246 50 7103
1 48 959
147518 35 1567
1 63 81
5723522 21 3753
97370 39 2570
6699109 24 3676
1 62 7202
10617384 36 6317
704027 24 2812
6060179 33 6334
2664272 96 8504
1401120 83 3213
3909487 44 8058
2903134 5 3983
77345 55 3832
167374 72 1553
2366864 89 2618
6178774 33 9649
23686 70 318
50544 74 537
2663719 95 4089
9128594 63 6240
16048290 29 9658
8446366 28 9866
6603179 72 4999
1330918 38 7072
3362500 58 3938
3141627 69 3904
13454125 10 7100
1526 18 141
430234 87 835
1485684 45 6672
7374839 23 5944
576668 79 3924
3838880 62 7400
10229899 49 6801
32575560 65 9568
7633229 66 6461
3026930 59 9658
9980261 92 9229
18165286 71 8497
19360028 69 6583
621809 90 8572
2150345 55 5903
6504032 28 8234
3366716 54 5232
119048 45 777
5292 47 579
13213044 26 9147
436077 37 1461
1653944 64 5199
446 55 359
8672263 15 8266
41365319 73 9071
465451 44 1489
2262263 21 3736
193944 49 4028
142529 59 1025
1068165 6 2961
6357950 71 8036
4641167 99 7515
104468 28 3496
3577867 91 4241
1963004 77 3438
608034 69 3407
293791 9 781
1448074 78 1984
747876 69 4648
34925954 1 9101
1 95 165
929672 52 2199
536938 67 5823
4443230 26 2894
6659688 89 4964
2410655 56 3330
43510 5 2094
4617556 98 6462
1 69 7705
567500 90 2658
413386 4 6728
124804 33 6869
2347040 59 2606
1290285 97 1788
165913 94 4296
1 99 5365
17731312 79 9262
422243 51 3532
781321 81 1946
553972 15 1296
713486 72 3097
1087519 42 2775
351861 1 5154
43210552 19 9518
42634 74 433
22159139 70 7006
40324 31 5770
23453606 59 8507
57564 36 1215
2572703 6 9891
85776 17 1318
96162 43 861
18941079 19 7627
16969987 35 7096
15352693 4 7554
8468625 79 5138
4753625 69 3318
7887805 99 5097
80097 15 5850
2568805 71 9478
880072 75 7327
10273396 78 6047
519612 16 2756
1613428 61 4990
35535 79 3796
710760 30 4360
2206828 26 5679
20637 9 8273
613917 68 1738
560756 69 1233
16169206 76 5894
19932 83 4233
5778610 86 9393
932722 1 1318
6515757 81 4499
226294 56 6943
679750 72 1415
10631935 43 7721
7443997 45 5527
4474164 7 7016
1908 47 130
14416750 29 7381
1514707 56 4789
870448 67 2863
343 1 2778
2610900 19 3370
3507067 54 5168
2792 83 161
1 17 34
8916853 52 8356
16290932 73 8320
4734512 32 6388
500349 44 2538
8018 78 766
101411 1 1661
3269957 78 5531
4204473 66 7548
85590 6 4270
974959 76 6737
7183974 50 7936
1804541 76 4728
1259805 94 7266
3918232 74 3646
9565573 15 7385
8789026 78 9028
578 37 6044
756440 63 1571
11006034 61 7920
236589 15 4662
253810 91 999
2382543 32 3793
80748 49 7928
6034089 55 6604
1336584 33 2977
251033 93 9939
8954213 9 8599
6516878 85 8578
5958222 31 8812
4237199 12 4170
1065214 46 2670
6242011 58 4834
534175 29 4503
1252083 91 1933
6418857 23 5428
190423 95 3706
6719248 5 6023
166702 55 5118
2218132 75 5805
6870745 81 8038
4994470 13 4358
978172 88 1746
1792 99 5234
6869319 97 6447
152519 22 2694
221534 14 1687
1044025 41 4029
40283069 17 9437
9724954 76 9750
1254630 94 2476
336873 9 3622
24898652 67 9519
629803 22 2170
15558493 69 5815
1082870 91 6297
144794 39 542
484215 82 1967
1848394 73 2578
10795 48 516
1 38 885
22036 98 6028
5694088 80 5210
899211 40 7520
28598669 57 7489
3299848 17 7038
6410926 29 8685
1571138 67 8042
295085 57 1076
1455374 76 7956
8943484 49 9865
4016615 13 9171
17805687 27 6371
2417241 84 6002
121193 43 545
19312890 60 7394
24864553 37 7420
5743816 22 7790
42368081 42 9478
3208147 6 7043
2830523 16 6673
267657 93 8521
15887 92 5108
10579725 48 4540
27189 9 304
266703 16 3175
619814 28 1646
2453163 35 7177
45880 71 957
22532573 77 6992
281166 7 1011
1627802 5 5814
19602 40 1968
3711658 35 6909
2789001 63 4533
13423695 85 6563
5624 91 2932
7634823 18 9055
383492 38 1844
425331 87 1046
8351095 48 5654
5859104 46 5059
7298712 53 8277
690 1 1158
7283841 9 6871
8799 49 1707
25838092 8 7884
566175 75 7814
4031021 88 8031
343093 36 8187
1502595 27 4642
401464 77 5281
7453912 39 5204
13211875 69 8361
14601 44 2516
24183 69 2228
88010 33 1635
7419 88 98
9924775 58 9590
8300518 55 9353
171 10 210
34018 69 704
17571846 85 6336
3156828 92 8378
42284 3 3558
6367964 96 6629
603587 58 1100
6082231 50 4906
39279 42 2485
1662655 93 3498
16311756 3 6437
1587295 41 2725
32027938 36 7955
369330 5 1115
1344086 68 3463
201358 96 852
5858942 66 9153
830755 22 1643
3133 47 157
1853332 95 5703
36634 76 1652
228793 90 6809
1514 9 1144
3646189 31 5460
4591304 92 5379
1050764 39 5774
41883934 48 9581
1138556 36 3302
927121 99 2478
7188668 62 4961
361366 52 9182
492867 59 1736
12103450 25 9883
2684343 6 3313
23462 27 4089
730352 66 4740
507522 71 9202
32727598 4 8778
3414275 67 6642
37879 19 202
13069883 96 5025
561032 34 7388
5084129 58 3395
1481458 56 2607
3655335 76 4397
142488 90 1042
562361 73 2900
1774587 74 1909
9306834 25 8500
345307 100 9225
32162271 29 9379
9234818 58 5363
746320 99 2416
1958264 67 8188
3506576 16 9457
2416215 33 2347
79144 81 1115
17794980 46 9394
10339256 98 6585
22316455 6 8129
1216312 5 3001
285993 87 1150
1995153 24 7976
88611 82 4693
18130736 42 8476
823179 39 2479
460961 43 3360
3835154 43 4085
3201127 9 7176
1554181 94 9207
322881 85 1846
347406 63 826
11645632 46 6350
9881466 42 5675
12582086 73 7648
460083 75 2603
257285 25 2102
507872 51 5951
36731021 86 9138
28509063 17 7724
2168721 65 3453
40832831 34 9633
20123914 1 8920
6677043 97 9105
27532589 13 8307
2715084 50 3512
3567826 88 2832
2240 35 1266
218438 17 916
1 80 346
172947 53 8174
1648083 87 9456
4481255 41 4868
24164 42 1069
220402 16 889
1 75 442
1970087 1 1909
117717 73 3077
7230 89 94
516956 12 8698
1 47 4198
1835548 85 3512
334836 56 3108
12562 51 9626
21434484 25 8672
11574266 71 7932
50114015 25 9937
7076054 47 7364
16680064 5 7806
19207084 4 6531
1192280 60 7448
4662066 92 5188
392454 16 2507
266085 51 7162
21378125 67 8112
454232 95 1812
8061915 59 6578
1152660 86 9549
1042530 65 3062
4580144 66 8845
7952941 87 4463
31562900 20 8459
685751 55 7733
1449239 7 1754
236275 68 681
800500 50 1820
4915836 90 5041
845919 2 4472
325659 87 4657
7861782 86 6439
10711431 71 8727
1914386 70 9368
7227870 72 4292
115390 84 706
82974 39 353
13945731 9 9121
2775220 7 7134
3398 54 8752
5866810 82 6997
2396334 15 2471
260935 11 4094
6944340 43 8055
264861 67 1002
541056 94 1381
1914757 21 5829
78367 6 884
41 4 547
188051 65 2284
96206 27 1677
799208 79 7088
265550 50 4567
1211158 92 6554
2889353 92 6105
1530568 87 7439
2004704 53 7433
6385112 77 3793
24916 12 1558
741645 27 4610
27109429 4 7794
1174831 17 5300
16764688 25 8929
15424 90 2547
32169993 70 8023
2964820 47 9624
361836 92 805
10159095 68 9885
16598575 62 6391
14968969 93 8181
1058237 48 1601
10975304 81 7029
17807425 10 7387
10323820 21 8289
5893 96 1691
123876 63 1858
2167980 69 9896
216726 78 3534
2292908 31 3329
43905724 66 9559
2007 29 1266
827200 33 1915
925272 17 3795
421539 59 9123
7824640 93 6923
1976811 76 7648
36133 39 3528
20955886 1 8583
1338375 42 2724
3322353 86 4220
1386097 67 8746
7751629 24 7842
1957376 92 7671
4169002 26 3483
400804 32 1331
3959476 51 4994
19290820 89 7942
2851137 94 4435
10952416 42 9992
13475842 7 7232
3299883 12 4820
65744 17 3683
1881076 23 2225
22254346 55 8016
491937 51 1250
71769 8 3459
1910126 2 4223
17200377 58 9575
2781651 50 2818
1125 33 189
821245 30 6090
3351150 15 2910
7715299 34 8509
16193064 4 7072
4052141 90 3309
1918963 81 2430
6555031 68 6927
1263 50 1669
959473 57 3495
14776 18 1847
18198922 54 6674
15971365 8 7285
16116400 38 8827
30394671 51 8399
2698066 14 7505
5881280 72 3506
911035 48 2721
1907063 97 2174
48966 26 412
12315 55 1884
13167332 50 5269
8629 5 52
3355828 90 3758
1169015 86 1554
42311999 40 9403
12938613 1 6782
1 60 7449
281469 79 7280
3341252 82 2569
59753 68 1140
13653152 20 8043
803277 84 6235
1467354 79 2145
45283 21 5537
1041 3 60
54016 6 4545
85586 7 5377
154546 60 1613
6445241 93 4024
1245830 16 7995
8303893 5 5897
327399 30 1314
6295024 34 5964
13576707 12 8086
1075297 53 6206
1642806 68 6351
339493 80 3505
1683421 31 2073
856345 86 2795
18784497 62 6812
1719489 86 2412
404775 35 2947
659684 86 3577
1335147 65 4879
102453 11 3681
6741159 86 6611
92911 17 344
17703 68 258
11144 28 4247
170048 96 859
43638 46 3243
716383 79 1269
1172676 43 2263
3349603 78 5742
341930 96 2884
278632 84 2276
2878288 12 4674
1744720 99 6748
1449042 77 6140
2384234 77 3058
31414 70 1967
6396774 22 9155
2069074 17 7686
3270401 30 5263
36345875 65 9048
1014483 96 6103
22326083 70 8550
4217832 40 5910
8188991 98 5299
4441304 16 6778
11823591 49 9548
3459781 27 7692
24202 97 950
36088791 55 9214
9048552 5 9225
805116 29 1182
584026 100 5288
126185 73 3940
11203932 8 5456
311467 76 910
29733108 85 8770
1907703 17 4348
678356 87 5457
6045 16 3678
5007259 95 8407
2676329 13 8056
127038 89 1193
78963 43 987
4617661 81 3105
1626609 33 3487
6631162 22 8549
11965560 37 7396
5547399 38 6412
5850529 47 7119
1 57 1372
195749 81 1589
640226 18 3059
19602762 18 6257
839810 1 9441
2386228 54 4002
602553 53 6097
22877 19 3662
35128457 31 9701
362965 79 3910
24679 17 2868
7442 92 1907
5720 3 244
4088 36 750
18066 5 228
437533 33 2489
1822279 27 9779
134266 1 1298
6230236 33 4021
13118 33 704
452926 88 1716
1496310 98 5473
8744199 99 7028
8159967 82 8469
23908201 37 9177
112271 98 1234
698138 3 2179
18609598 79 6011
580537 84 4176
24697021 94 7319
352449 22 2652
11360617 42 4717
64668 94 4428
1082001 64 4421
29116319 49 8016
42299936 67 9301
62072 59 1253
197237 8 2512
233621 41 923
1547 36 1032
3074421 40 4049
724608 18 7167
2061237 45 2668
6065497 12 8314
4592821 46 6519
270842 64 3045
13330 94 5607
510806 87 1617
2791886 16 4034
1755351 19 5351
176819 7 942
1686638 41 3008
1 43 143
30701795 3 9705
7973935 29 4787
518625 24 3227
113193 28 4205
31521 99 1566
327000 99 1382
33974880 54 8552
92825 38 3423
7098 64 201
8405948 5 6964
18312 78 217
867439 41 3614
76741 13 579
4244738 15 3886
3338158 52 3911
22248759 27 7641
281063 77 2759
1 53 106
2024229 41 8527
192090 53 7130
4706858 34 3643
1476188 54 8338
85472 43 2288
2607140 86 2208
12213 41 6849
4713139 41 3822
8648575 80 6116
9810238 57 8235
2130498 48 6040
1129804 35 4383
2156402 34 3738
5119243 44 5250
11843879 85 4831
25970106 46 9811
1460915 5 2116
2395 46 2762
333265 62 900
13471669 19 9566
1915395 56 1981
506224 22 2465
7664 77 614
445040 85 1070
590573 34 4823
23644305 38 7185
7782548 57 4716
4300647 42 4133
431871 66 985
16426581 5 6856
25848735 50 7232
98443 24 795
1940968 87 6924
18700 30 9998
61785 30 1048
1958686 71 2887
552183 14 8216
1742914 97 3153
657339 23 1218
1082448 44 1654
250833 70 6241
4117568 66 8031
25585 26 4415
7969370 71 4418
1252023 71 2895
5976253 19 4291
8439043 8 5529
15272557 60 7831
2942 3 1786
8449619 5 4139
3761975 90 2685
295096 29 4144
18719380 75 6425
817630 92 2970
1137649 13 7666
582487 89 1055
28384 30 3881
268568 94 1928
3516280 72 7362
21933175 15 7591
27000966 70 9387
1425408 1 3227
4173079 62 7034
12406132 30 6202
398288 92 5488
41132380 35 9448
3967712 87 2787
35566308 73 8560
3149 53 200
13031689 72 6125
13733791 24 9438
1287144 98 4909
29531076 74 8239
4216362 44 2983
2766350 28 7492
409591 39 3461
246289 47 7741
10112 88 1096
7088600 59 9329
5956415 34 5032
3200747 75 2705
14785 61 170
52811 18 4300
21469597 90 7002
861047 29 5411
34291 10 736
1331871 37 4349
945673 35 1291
8753143 61 8372
981485 64 2816
869331 49 6671
293987 84 8291
1150492 15 2119
3086286 90 2580
2540954 90 3451
2420429 74 2135
164256 98 9497
6568 85 290
4783604 36 6289
7913164 47 9762
25054667 78 8942
17809320 96 6445
10075 59 2196
21422968 23 7114
101169 89 9933
6487653 64 8099
13189 62 7858
103375 52 641
24267289 69 9545
21946509 58 7336
471143 91 2909
2896383 34 3062
1870 21 1388
12282257 39 6735
82660 48 2427
215915 100 8393
3085 66 3087
1 73 696
1653755 23 3032
372723 14 1896
3376445 73 7414
23749714 32 6850
3061967 66 3023
1504888 99 1641
655115 41 3141
4380633 71 5439
89622 56 5775
130620 87 595
10868480 26 8271
111495 60 3850
68353 87 1814
61039 94 1387
3970063 7 7316
34245 93 599
103613 5 3265
67457 92 2215
1297749 36 3582
4841676 99 3578
1 100 231
44839 31 3674
4672037 89 3761
1 51 3760
18049233 62 8285
1110564 54 2565
22859572 30 6663
166948 95 4151
6134178 82 4809
7320135 40 5363
6739230 6 9417
912681 57 3050
20239142 33 8881
53678 95 7670
910 27 3739
358938 80 1673
5249361 25 9135
5978994 46 4785
7115876 46 8383
420845 38 9695
694186 50 3965
4731774 76 8152
959858 39 6953
13401 68 6390
3148936 17 2614
1974660 100 4071
2150524 79 5993
558498 79 2531
450581 64 1163
779738 65 5746
16616560 26 8475
2787281 75 4538
344364 76 870
51090 6 6766
7614133 24 5005
4682358 53 8983
3482577 36 4863
19472 93 128
10851667 20 9020
22402716 2 8644
10079242 88 7073
47831 47 5391
1523063 89 1746
18925387 20 7220
2269733 49 3755
29929 24 2560
4260595 3 3918
6161671 21 6502
962468 65 3442
418990 50 6740
136788 42 4928
328539 68 2100
492441 71 9007
2386649 13 7079
20059830 19 6535
29230231 5 8167
60719 2 1998
5490325 83 4824
30653 27 198
527123 26 4041
10029 14 118
1282 74 520
28670548 14 8834
3904864 9 4429
41242 3 1296
106914 70 2608
949870 66 1858
20909021 24 7810
2034033 81 8834
1 24 5803
20343006 96 8020
68103 32 2419
13431328 22 9656
528413 45 1425
2888255 29 7937
381038 13 783
764172 92 2060
310542 45 9784
8344534 97 5462
167773 53 6182
38651391 63 9122
20436428 37 7060
488957 12 1134
5318827 27 9845
1368397 37 2279
1 82 1546
1563831 30 7863
1382506 61 1654
8518052 50 4317
2976389 14 2619
420437 63 2125
351545 44 5440
497638 62 3989
5038095 94 7361
8283876 74 4606
7151426 44 6875
2490142 2 7706
4071033 8 3459
5402 42 940
662397 18 1928
7501895 62 7070
3011 78 476
10343819 46 9769
1342606 38 2519
12462450 26 6355
3071565 25 3448
34523693 49 9940
5183358 53 4142
2783433 86 8072
487159 34 1675
2349941 87 2962
2845869 20 2819
14066288 81 7797
2118600 15 2190
10329187 70 6046
2317859 50 3117
23983871 58 7836
58529 21 6727
621310 49 6529
4772136 88 5410
1241 39 1106
995417 49 2256
4144238 52 2926
1271094 19 8393
142534 94 478
296308 59 3777
3895405 42 4000
27359884 69 7902
217837 40 1523
4656417 15 6709
4099698 38 8869
82193 55 2708
1783986 19 2492
309345 96 2322
516207 89 1049
22159 49 7795
62983 57 2940
17527813 59 6794
215021 70 4763
3016391 80 3037
10023 6 72
154231 3 9305
14860678 18 7501
1432407 22 3104
2871586 4 5088
8616108 13 6510
2421202 20 3750
202787 38 7410
23519 5 1855
1895910 97 4586
34305574 57 8923
115955 98 7037
9052282 13 7905
11091880 60 4898
14237422 26 9025
36773892 27 8847
39338 35 1982
9401887 38 6690
9511629 56 5178
2555631 72 2628
1716939 58 1856
483996 87 9354
802059 42 1548
3335456 34 5097
347541 16 1981
3753365 57 5011
3342632 24 2652
1 59 3957
12975551 42 6453
4286807 13 7359
3510113 19 7252
447374 84 2876
3066087 42 7499
11485 4 570
1772737 23 5884
19617 46 456
975329 2 6190
785124 78 1378
12559598 12 5843
14156754 20 8962
6256758 32 9467
11637 85 233
750235 52 3175
8973429 44 9676
1696243 38 2851
2372586 28 6016
2281924 98 5863
21904679 39 9835
1556772 16 4844
9289234 54 6678
29242551 14 8343
12569673 28 8186
1424955 89 7824
35445217 95 8421
6687874 97 6693
461016 43 1401
8917 33 586
1303723 1 4875
23140633 87 9102
6480 50 4089
1 48 7711
11738731 98 4919
588259 91 2280
1 79 340
6372942 100 9306
4133950 49 8399
24569056 48 7213
72493 82 1480
357077 65 986
15398223 63 8178
20839 27 9709
2441208 87 4855
1283027 27 2722
304557 82 1186
167713 76 9893
1668770 34 2033
23850825 82 9499
2282772 20 2126
8064735 70 4743
11544894 67 9828
1 79 8681
627909 52 9720
937204 23 2131
30918729 31 7839
178 14 68
6444171 96 3913
115203 53 5385
1362363 59 5797
1305854 79 7080
274102 48 4529
56725 91 4793
144059 9 2344
1686794 95 3240
1240815 94 1720
10565060 82 5984
301130 63 5344
2865858 30 3177
19626161 77 8191
748690 76 4073
12775288 95 8929
911246 17 1295
27728634 100 8698
259998 28 2893
10065750 53 4624
956249 59 2238
61065 74 1182
15210028 22 6299
1976 7 4849
978305 76 6755
93403 10 507
422328 41 1720
9408975 2 6596
4956436 62 3177
1352577 54 9163
8422259 61 8607
13337519 63 9162
1 65 444
30825 70 174
22844735 58 7630
400361 62 1345
4011456 18 9841
4776 32 99
19340708 46 9381
1610078 91 6241
317363 46 742
10455628 100 9236
97274 11 698
1 73 578
2406765 100 6110
16747283 30 6384
7269939 32 5652
2017060 43 7208
725337 19 2219
2654209 70 4917
23218895 21 7056
5539419 65 7350
649460 44 1883
3971284 13 6117
1011140 1 1881
143245 23 778
2799376 12 3053
8952414 97 8140
14969962 54 8305
11663 70 516
1056079 20 4376
5783058 41 6521
2197897 76 3473
13438108 48 7501
9324236 2 5912
46304 7 257
1472508 97 2092
6254157 58 4636
163 21 812
5805582 95 3589
195599 30 4145
22738871 91 8267
20793 60 3232
6653190 23 7881
8539224 63 8019
5684107 1 5438
8630286 89 6792
4923753 27 9964
164395 53 844
10697109 86 4861
24693 91 6731
8070882 46 6298
295650 45 2346
1660266 93 2526
10346978 36 7598
11813775 11 8547
15027769 84 5398
9379659 70 7237
6201366 71 4606
2317011 34 4800
16756123 45 7289
42227 41 2377
198551 27 5422
15534736 52 6767
263958 23 6621
3556562 7 5419
9195218 14 7587
982923 65 5396
7438511 71 6663
105860 89 589
9089074 49 5588
1025526 54 4370
2134678 23 5120
213254 79 898
3340771 75 2640
13662238 15 9151
3994245 68 7167
905210 62 1613
45563 86 1877
347960 39 6069
343796 28 9835
7527222 79 8530
34621816 46 9045
77530 48 6011
47739 53 232
1263890 95 1953
20016 5 3105
48245 95 8504
963330 35 6766
13507571 47 5395
53105 11 724
17141969 39 8637
31099839 25 8062
3863862 90 2746
27853142 97 8521
37493857 80 9053
5865 82 953
25047 35 7630
6245651 37 4265
271558 55 3003
1 94 408
1111845 95 3723
6201600 97 8016
12509991 65 5096
401365 57 1292
1113394 90 2361
1 37 336
6991489 81 7314
952896 29 1384
17088935 3 6008
212822 72 1261
144837 9 1047
9271303 79 6250
4351876 51 3153
13809228 19 8289
132055 42 3793
1765254 32 7453
766131 99 4475
2670310 36 5275
4833103 73 8012
8295849 37 5411
53511 55 9755
2475533 37 9708
535580 45 4043
14612 58 1166
871740 30 2942
770485 78 1235
23322029 43 6748
16076728 51 6518
8243881 1 7413
196901 14 834
7423811 30 9178
1404563 20 4614
1 72 1450
20557125 41 7640
223795 64 2564
25356490 38 9163
1812447 94 2579
8195302 62 5468
550276 56 3202
2132367 23 5949
904491 39 4674
2955 28 53
7676586 85 4962
150072 68 3734
659676 16 2548
6416498 34 4386
455727 37 1292
79739 5 3426
49826 81 2901
6187608 98 6219
25034 28 583
25027726 52 7952
583348 94 9277
1821773 50 2424
1164 15 1905
432704 99 1918
1083 37 118
2008307 98 3264
208323 16 1495
8848 45 954
548168 85 1030
44448 37 1240
156963 34 689
16404561 38 8808
814442 69 3088
358769 25 5689
574667 8 6710
872801 43 1959
12620014 52 5267
458077 32 922
161609 41 4710
66656 33 371
523 40 289
1874 10 645
8974848 79 8974
5382208 32 8593
15791002 64 8005
266011 24 3331
4441 45 1984
5492201 32 9318
211949 78 701
2657791 39 7876
26860617 77 8726
4138143 53 3537
111147 83 666
2376796 65 8919
14257148 3 7800
202 19 7039
1870929 7 3977
3640297 47 8606
4372100 19 7704
802089 56 5098
2364200 41 5580
6956418 38 6587
24236074 45 8244
135634 69 1592
3112872 91 4445
554500 40 2336
97874 25 1020
485808 95 8184
45587 5 1361
285932 91 1298
19288385 18 6850
36141350 62 8876
7123209 59 8842
24536 42 8125
1749020 40 7417
953272 21 5773
126106 42 3962
5060911 40 3970
4557358 41 9375
6628853 56 6323
243114 10 2611
7204680 10 9189
2680547 88 9522
20674177 87 8919
1438209 20 9231
7408743 26 6245
143351 13 727
6472005 93 7710
289502 83 852
537387 16 5824
113542 73 486
8853774 19 6545
213649 4 828
3052871 75 3580
401432 14 1733
1006419 99 2275
2750 78 1245
1842078 64 9844
476320 15 9855
519178 72 3285
1761096 62 6768
269822 99 899
251664 42 993
1415370 62 3782
6241652 11 5360
821113 3 7994
34300338 19 8620
50796 55 2023
1587708 31 4637
7167417 32 9627
327676 100 1456
490163 53 1583
7522437 21 8364
17958326 8 9558
3298337 98 8380
1 93 6334
7327555 61 5280
28550 55 6692
1982436 20 3173
1363769 100 1789
923 83 917
4702329 5 3505
176048 29 696
8043838 76 8313
85213 65 4923
9590856 30 5379
13294685 39 7278
6561987 6 4938
37421364 57 9159
3534606 98 6335
6967057 84 9340
41412 72 281
3059889 66 6871
8066282 2 4021
606732 80 1694
2435175 23 8486
16400 26 4483
7784621 50 4492
4789404 86 8209
582038 40 3902
23510 55 1140
293357 95 7392
3422342 62 9751
2513758 15 6984
611361 17 1462
1196551 9 5768
3641462 8 5743
1322388 95 8110
15116559 78 7581
145919 98 1941
5900358 98 4999
137826 75 9776
865500 24 7112
69877 35 8708
11194724 75 5896
416774 3 1398
204987 61 1423
10142214 40 8384
158591 99 592
23560441 50 8238
5024712 85 9336
377370 68 4391
14800284 21 8537
1961 71 178
21252810 34 7589
8443422 100 9258
20917853 97 9395
590658 31 2822
63526 17 1559
73188 78 910
2831878 21 2865
2881683 91 2659
1426 9 6554
1830069 33 9625
172375 100 1540
13145763 48 6989
14318565 56 8917
4429667 99 5881
1686497 53 5556
2632250 89 4703
139969 90 1245
883402 50 1634
3086175 85 6458
1731067 66 2626
2193 6 39
6823855 23 8417
65311 35 1160
6123303 39 3946
10620991 56 9646
1 87 7792
6209377 62 6926
185941 93 2700
33013454 23 9993
2976 3 418
8792082 26 9480
700672 98 4902
273622 42 4192
760784 58 6121
3122502 23 5463
19364943 52 9008
10998398 91 4712
14710 20 174
604621 28 1967
1091038 70 6205
1318355 62 4055
770604 2 1737
23276674 52 6961
162650 39 1031
1699361 95 2130
13509636 24 7434
52363 38 3283
17595840 71 7346
8000181 49 5438
27376064 42 7903
2171368 29 4010
4047864 25 9938
3221556 3 3098
42539 4 882
865864 43 3958
1357173 82 1852
2420598 74 6879
30 54 3709
4229630 48 4785
15290531 99 9928
684920 27 1382
48397 21 540
749434 38 7117
69496 60 1229
19643530 44 7603
61749 87 5732
2029807 37 9611
2453414 98 4248
606 40 1136
2114684 2 6219
18503158 29 6780
317093 28 2667
40072684 72 9260
2792651 81 8240
6442449 82 6305
4595406 59 6536
434313 42 2601
773131 65 5808
1061192 68 7474
44317 97 7367
1544218 33 2964
8774406 16 5221
137407 15 636
10479476 35 6496
1508616 89 3259
3120051 88 3143
132757 79 476
4401151 84 3548
8647635 48 4425
2713785 95 3202
25305561 90 9767
208606 69 1265
4924690 93 4560
6855510 97 4689
9558587 64 7888
4535160 15 4372
10302126 59 7373
5610337 17 4261
163895 70 3323
31538 32 957
20445128 40 9371
13706652 94 5279
35783 89 293
466987 2 1282
26675 48 401
5354537 23 5914
3986112 5 9939
82246 95 7685
22419155 25 6793
1783782 68 2269
2168865 71 2894
11064525 46 5575
481526 60 4654
2476954 63 7532
552842 36 2520
8304169 96 4397
19077762 78 7242
109832 55 1598
396768 68 2693
2097144 90 5552
5150 2 522
7961219 46 9028
23890022 93 6916
1 73 2462
13038853 71 6710
291769 66 691
6647114 44 7475
15855756 35 7288
455644 35 3115
3397715 79 9522
504153 78 3822
5810618 20 7536
420256 93 3360
2097416 39 4265
9457957 40 4347
307588 60 1426
4894166 8 6685
3324028 99 7489
102741 95 1826
6254421 21 9862
584278 23 2987
8339434 91 7522
5936746 67 4695
2092711 52 4652
13212204 47 7833
15602 96 334
11251240 13 5737
130872 97 2307
73566 79 2453
636212 30 5540
432683 12 3027
736516 87 2493
15200076 87 6968
1363680 13 7614
21564541 78 9875
1621672 4 3550
207150 17 2699
19228482 84 6635
364933 62 797
11716634 39 5203
1307477 98 5931
4224844 77 4171
30769457 74 8503
137301 75 1361
642597 10 5985
328371 66 5806
817670 41 4040
28055050 26 7428
2452917 34 7982
347987 10 5080
41115 9 6830
13965875 37 5941
11054659 100 9711
2392034 12 3367
639344 16 2568
25045 5 757
41200245 72 8984
2168029 97 2298
401979 16 1750
4629472 77 8091
11477415 64 5152
8547163 50 6270
18007318 28 8137
3357467 33 7318
681481 98 2090
35471744 61 8392
21406714 26 6893
626416 50 3566
613919 40 4340
214456 98 5796
5967491 96 5880
4355017 1 4298
2617 28 161
2145026 51 2872
2815249 89 3252
3498245 98 3174
62669 65 5260
6772982 74 4350
6314006 100 4080
23048 7 1027
8306622 11 6054
2917911 11 4450
9643852 80 6590
174271 41 2550
9733500 55 8731
1547 26 1442
9585295 62 8879
15074880 52 6231
1097485 87 3974
7517808 50 7494
19477101 51 6453
4596508 56 4807
14078736 51 7511
1204 93 286
8486090 67 8638
2173499 33 4932
5975886 48 6435
53055 13 1441
8434586 6 9588
352692 45 1116
73312 15 2851
8991403 63 4215
4722040 92 3668
181859 55 8116
2201944 94 9534
249098 70 1524
20182 14 3042
1278809 95 2044
4842568 23 8419
42243 38 1006
168861 11 1730
2062387 71 3062
4467285 45 6681
17290108 83 8703
821640 5 9512
3473705 32 6470
571842 32 1122
1930709 76 6447
6155055 26 3933
3088638 89 3478
2346048 88 8969
8795283 82 8876
2562550 50 4972
30765 31 474
11281662 90 5280
62836 92 3260
4863017 8 5030
33469 5 875
6685706 73 6472
1672775 23 8052
7828562 100 6209
885334 38 2232
82888 13 3483
12433134 19 9728
300206 60 766
109393 54 1357
10340723 30 8589
1759159 26 9446
7953892 73 4246
2544061 28 6683
4327481 93 7034
1224843 68 1753
4742847 71 3058
13987479 53 6073
26063009 62 7604
743938 22 3846
65881 92 4116
409110 4 3138
269256 41 3359
1 52 1288
17627 78 875
7076678 10 5070
299641 84 5846
2910696 42 3549
1700693 22 5501
13287496 78 5956
3505 68 4963
3035814 68 3028
39912 78 3383
370418 61 6037
35204469 92 9316
11130119 71 5049
3131356 88 2405
644766 58 1257
252146 93 3923
24311 55 465
389810 80 3959
7416836 75 7477
240524 13 5029
39651 75 310
7372882 31 5660
131487 48 1216
42970 30 283
1 79 84
2649902 18 4235
10443231 81 6439
125422 3 4332
1733536 33 4975
1250 15 2363
20420922 98 6926
594598 28 3559
130212 45 3784
890906 37 7738
52477 88 2954
32869 53 2482
1098429 45 2340
14980143 17 8513
363117 80 7737
1401899 12 2570
788557 96 1548
805069 60 2743
18832370 48 8582
5867354 73 6471
28144 17 306
3686463 33 3683
7148078 99 5015
1458 88 1682
36301908 12 9680
8984345 59 7348
29828 79 315
341013 3 746
7532600 66 4097
23039183 94 9800
539056 38 7338
4410498 77 3148
2080163 30 7443
163886 97 1051
16220431 76 7091
1767071 19 6848
25574827 80 8448
4290741 27 7685
1326248 92 9606
54423 76 8519
6986430 14 4838
1019297 47 6946
1 94 1342
47412516 8 9671
140975 51 604
10619 22 155
639716 10 5179
3852312 71 8157
519325 17 7299
12063128 93 5965
3097737 81 2847
15415156 88 7272
904898 29 2268
828066 85 1681
10839174 2 9046
215090 50 578
27481924 5 7751
1092811 46 3748
719807 32 9535
2306085 3 6817
5130472 19 9463
1475199 36 8444
642355 100 1639
10763232 40 5505
13150356 55 7272
6414885 82 4343
19571623 51 7065
361119 47 874
5520700 32 8179
13414140 41 5586
17998810 31 6288
4950619 39 7690
326404 38 4752
8917997 98 9234
216305 72 8246
5619 19 5871
433077 54 7123
10100212 41 6605
1458998 63 1619
6240218 9 3625
58739 12 3508
30186105 5 7934
3622 7 790
402117 60 1515
688571 58 1444
746356 68 1336
14842981 36 9944
3897569 47 5759
170589 83 2126
123242 52 6705
184760 50 533
4274737 98 3425
16781 27 308
7930422 16 5063
2999568 87 9710
838343 19 7886
188192 34 3643
4750 48 5959
276315 24 671
10008 64 3303
2610626 66 3056
24056608 79 8771
20000366 86 9326
169663 4 3298
401264 48 9241
249806 100 2932
6259805 35 5657
23634228 53 6795
21017 1 912
7598286 72 4530
1037742 29 5766
17594843 4 8278
12549715 74 5063
26589271 12 9394
40148075 30 9879
38237425 89 8842
61447 5 332
5368896 12 3458
151425 99 8647
10331257 91 5076
360943 57 7255
24097 10 1455
966743 3 2126
28314266 7 8840
1142494 44 2527
69892 36 5675
27315987 80 8502
554105 55 2539
1607840 67 5096
1948749 18 3224
9138996 35 4224
37814 27 4905
33532 98 326
10835641 45 4928
237174 93 668
3485675 65 9139
123 4 4218
945621 98 3692
13659 99 1018
7287467 67 4038
2164494 83 2835
10979596 69 5341
141314 60 4352
2519506 30 6813
607310 43 3064
4371796 65 3432
450201 35 5457
6291 41 3623
37485816 54 8976
265976 85 6878
6023728 50 9673
1189534 24 9031
4199580 31 6453
11248 99 7566
10127574 94 5690
74761 13 7954
64244 78 5374
3643936 3 6257
8533901 49 5609
380250 72 3398
22475244 99 8514
3697 21 818
5770645 1 7805
2828434 28 4568
28374 5 2693
224608 92 1108
34688303 24 8778
6041120 47 9240
55734 57 2967
1 69 1643
99585 75 444
6129914 46 5443
3170024 14 4277
3990203 47 4451
11120 30 6856
106925 13 4876
684137 24 2654
29343652 68 9202
1597118 40 7418
3765557 20 3209
20972432 42 7244
4147 56 950
69522 78 2574
10758 75 875
2020746 66 5605
1532768 39 4897
9037403 91 7635
1148830 46 1986
2002296 60 8173
2942741 6 8042
2284742 43 6618
5555095 29 4972
769041 48 1204
2376881 14 5146
1020693 82 1576
8771927 93 5743
6739 63 387
1 85 225
38405875 13 9569
27281539 89 8515
5868712 70 5421
11436800 69 7622
7131 91 346
4688162 85 8880
1313892 80 4963
3217222 77 2602
4708293 1 6286
35709 36 2092
1015416 32 4569
5284676 46 3367
19758734 88 9761
137905 13 6809
998840 13 8410
61191 94 273
1733794 27 5726
28858144 83 8122
6738792 62 4518
21720936 40 9941
40259 71 5652
2556405 7 8644
4042939 76 3449
5344458 22 6700
63609 6 5616
32647 22 186
7076757 55 4427
1583 98 106
5689042 2 7324
5007 68 5312
2333076 35 3946
483393 19 8271
86861 100 394
393253 33 1604
89292 3 3766
2318376 7 2196
645000 21 7004
6213864 1 6219
4563352 94 4045
54915 70 6220
693127 79 3647
3133274 1 3498
1009073 72 1886
3828808 58 3249
1727539 12 2339
1525075 23 2880
10668 40 62
2951641 100 3225
31209 25 1712
134474 5 7928
4292964 74 9510
7803771 10 6914
2121851 5 2532
2497785 69 3504
289656 14 3054
232828 89 3745
4667273 95 3458
10536 85 175
20384224 64 6880
8643 63 308
11464092 48 8144
50207990 6 9973
2155553 47 8230
7228604 37 5299
3334381 13 4029
1467 17 4319
5128574 81 7149
9947695 27 7642
9416641 61 7431
1605967 36 6438
13561 83 624
143900 57 3847
1482188 93 1758
1298187 51 4715
11629004 60 7653
2441590 83 4637
28135911 37 8019
7049284 72 8918
5777949 66 5963
818765 91 1360
2677580 5 8913
70117 51 599
4085251 39 5115
34436436 51 9387
47590 85 1774
137117 73 991
12714 34 2394
16411696 55 5735
519507 75 962
2022721 61 6321
449597 56 1442
13466598 84 6665
3433206 88 5907
5089975 28 5030
479933 72 6478
1330022 81 4741
443262 36 9506
884537 71 8217
5419377 6 5693
13161286 33 9305
1733466 11 5589
17658026 55 8070
21410850 15 6960
332778 87 9211
2719646 19 6882
26351262 38 8264
941770 18 3483
9229691 71 7620
1800 1 1705
8298549 53 9387
1221717 51 4060
31139183 88 9851
18777338 30 6556
19035492 57 9446
4429583 1 3003
30612333 41 7857
959806 43 6766
271313 74 1700
13024423 11 5335
83315 57 1640
3955235 29 8673
509118 47 2632
6883715 70 5757
10834942 11 5381
1017543 90 2416
13558920 5 5339
538204 4 4665
1548890 14 1698
111875 93 1197
18812573 34 6581
611436 59 8713
958398 95 3373
17825856 85 8708
2344582 37 3729
891029 83 4677
18148329 91 6063
365653 91 1018
374579 5 3395
1553969 6 3056
12523 20 798
1592223 56 3965
17788848 75 8660
338515 12 3343
37364474 44 9562
6712280 91 7578
83632 3 9782
9869930 62 6180
1388241 77 4566
8565836 85 5196
61110 62 7966
65746 22 4842
8185805 4 7416
25635401 50 8986
952140 26 6579
1064416 96 9391
3601596 88 7819
33982 89 854
7627284 17 8063
21492 7 129
108340 65 2352
27350 72 6396
14132843 71 6283
716888 76 6966
17751516 36 8293
2098237 98 3656
7206337 81 4140
1010603 93 9418
20640531 43 8288
17939 51 517
17032889 73 6670
346231 19 1681
2466279 59 7399
75890 22 3084
116 52 306
4493 52 1549
1113624 32 6709
3348005 91 8985
208519 94 2403
2807616 53 5349
2546001 48 3037
1644179 100 3927
17309226 53 8875
6501 17 4576
556454 43 2690
2984244 89 9225
3469875 29 4033
18777828 73 7812
19789579 3 6600
22184264 68 8539
8761914 24 5758
1530751 11 4395
6318441 27 3939
109050 95 3487
7413310 58 7759
29287620 13 7957
7525353 37 6973
11465945 29 7355
13351652 61 7581
38657 36 1522
457903 98 3869
1 80 3302
999 64 4533
5280553 58 5698
43625195 48 9498
12869165 4 8253
357916 62 2011
17830823 67 7636
204665 71 5585
278819 68 2336
305421 45 1161
63238 54 371
7802639 10 6991
1748689 13 4671
5140364 71 9053
5143 62 550
19297970 36 7046
527563 13 1107
7233597 22 5263
8977290 42 8147
7520400 1 6297
97371 5 365
160 19 377
1173762 18 2813
4206331 76 9391
92951 47 374
929064 35 2471
8353061 71 8574
18353019 62 9144
19719616 77 6919
3676049 28 9970
223803 82 1128
2509282 15 2478
53033 36 8081
3103189 69 2483
2327830 60 8020
1720553 67 6862
2893809 66 7937
3512823 80 3855
1041823 47 5211
190263 89 1711
2567 53 2943
701294 90 7791
44576 86 476
73619 31 3697
6959672 34 7316
246195 88 5852
11052159 16 5070
28957955 20 8458
8411289 94 5503
781075 39 5580
954423 36 3335
26546615 54 7767
194616 41 8107
11185718 52 4935
3616564 8 5494
642168 94 7687
23794313 58 8739
657926 89 1628
1736119 40 4679
53732 87 1374
6175 7 3941
1781919 89 3975
4587480 5 5252
14373632 15 6153
13377608 13 7723
148168 85 2417
20369 30 590
27666 19 485
173513 7 1152
1554846 11 5528
60555 65 253
2261064 98 2733
33793354 12 9586
115178 95 6110
269193 97 1718
1457459 77 3793
9288588 33 6114
1491831 80 8139
6687956 96 7124
2492159 42 3834
38008321 59 8853
1770763 57 2119
2950394 22 3398
36480531 75 8797
4737120 29 9747
592737 32 8070
1358708 91 1619
181280 69 7845
47983 37 1507
876759 24 5835
3228892 37 3818
32636860 73 9153
80018 68 994
30724467 60 8298
412278 81 7090
13041544 10 9088
94115 9 2475
795711 1 5784
6757560 49 7779
111102 60 1496
5012869 97 3157
29561 36 9546
6046796 96 6812
3024703 51 3553
9884 61 480
7755 37 7223
802832 65 2576
11525234 98 6369
815262 75 1260
2213583 57 2974
2166169 70 3347
18071465 58 7796
222539 1 3413
2615231 29 3578
7877926 34 9514
10428772 42 6844
41399427 23 9059
5099286 41 8219
1199541 3 2147
3159304 87 5775
160645 79 9807
9129759 35 4887
30214 98 8149
8230476 28 4594
2556786 79 7206
3924915 81 8856
345919 36 2936
1312435 97 2824
44070 35 325
675621 94 1169
1653648 46 2054
1649163 58 7964
4078129 83 4081
306186 69 2627
155855 5 1112
8570118 82 4816
290 44 67
1188464 27 5519
3061611 62 3117
1761591 69 4532
522559 54 1353
64936 10 8844
160247 38 4719
49805 40 691
30855 3 197
17690395 81 8037
225230 42 2301
23940890 16 8358
4232235 28 8356
47882906 25 9964
34379134 78 9445
2407592 15 8081
18576175 35 9913
270449 48 5247
5121087 79 5231
4223246 91 5928
14712154 86 6030
7726204 10 5446
4517762 43 6862
1385768 26 1603
1066353 87 3828
542596 74 1238
36089 46 3543
858861 69 5245
59136 30 1623
1 99 7311
1 71 1926
132917 46 5090
3111251 64 5444
3766118 79 6156
135104 25 2234
110269 35 6657
1 88 2534
23882 25 6519
53868 79 954
4269942 12 7059
14688794 89 7824
827696 98 3983
25673919 80 7622
9267261 9 8440
7042333 90 7417
1 88 4452
497923 69 7741
2025 20 212
13566185 15 8257
158238 31 3018
16976923 60 7596
127803 81 5193
13578533 14 8700
1297069 39 2410
323658 27 3710
26699 87 441
7510268 97 3782
2994776 43 8851
375974 9 1784
33730 83 5855
3380208 23 5147
16662652 2 5826
2552176 67 7518
153271 66 7469
11070 42 2217
760905 69 2011
8469778 87 9352
13326066 21 8375
280086 79 1080
18604413 20 9079
1282682 24 3611
19839087 58 7571
350536 82 4999
1425442 67 8665
8209797 58 9400
1654263 63 7211
665313 34 4081
5176118 79 3149
876079 28 1901
118213 32 1567
2686860 42 4539
7795886 11 6499
30882262 32 7843
326933 93 1735
302626 95 1829
20729832 54 7584
8391158 100 9472
1217525 75 5592
2023617 99 9964
1101229 2 4113
2736567 43 2575
9964209 15 4969
392211 46 1957
108381 13 2210
4760759 20 4237
22991204 41 8930
1870481 43 2683
4857699 75 4523
15750103 42 5547
15265290 62 5895
3240353 9 5803
896549 53 1507
6014359 65 5561
14416 47 3185
6965575 87 5188
4427454 77 3229
775256 75 1305
2073906 49 3544
1028303 6 1729
23749 45 1495
5166733 73 7057
6486464 59 4908
813571 24 2582
615 4 132
1435120 61 3413
4410607 15 8429
7883964 45 5039
484043 83 1032
90659 28 9770
380820 73 1495
2903500 99 6084
4350486 17 5624
75760 23 3964
59513 84 3283
7219 51 102
183822 42 3441
9422752 25 7339
648774 88 5471
510927 62 6619
32198703 21 9901
3291133 88 2680
10385226 6 5895
8482240 4 8514
51038 42 1355
8735861 92 6945
167768 31 480
9428163 65 8110
6349608 84 8581
293649 72 3522
10664709 82 5564
2066490 67 6347
10706 63 560
3044728 25 2883
1882093 17 4708
14845 28 259
34759074 61 9426
12203 23 1067
1665720 81 1878
31226647 54 9645
111930 71 888
5971915 47 5061
8125847 87 7120
571518 61 2270
11544572 42 8372
17879711 42 6388
7635847 91 8473
22134 83 3304
45037 62 1805
26085453 31 9037
2631038 22 6192
3487300 34 2617
274563 13 8100
20174379 44 8137
8824686 14 9713
9700305 76 6953
23495668 29 9004
859455 88 1860
1762653 54 2849
2522310 51 9686
3175844 84 8693
24488184 52 7749
6943287 27 4845
3562582 88 4913
4034117 70 9026
31202342 72 9505
667372 84 2517
210968 93 2829
3348967 17 6527
37764679 36 9596
2269866 30 3963
3781222 78 4386
3680742 35 8327
1048285 29 6280
3663168 33 4030
3780861 9 5328
846977 66 5076
580238 34 7466
11048 36 9923
15797 37 329
9860549 97 7377
4270960 76 3862
112132 81 4799
432816 14 2454
2386419 32 4878
3448065 20 5095
12088764 42 7511
4571548 96 5308
11101624 20 5724
87505 84 421
1082030 46 5683
339959 97 6492
184028 15 510
772727 11 7511
97394 61 705
5076787 52 9533
666986 96 1259
198063 80 3252
14898293 8 6863
548311 92 2557
14468527 47 7961
113449 81 8560
190146 13 4123
7313227 6 5716
8206920 31 8151
14149672 13 6388
152540 52 4497
5539313 30 5611
11755 71 434
20458 71 301
141165 82 694
1629303 15 2908
8996222 50 7395
349439 48 3049
578217 36 1663
1535250 1 4922
262094 84 2746
2739581 81 8490
13524377 47 7500
2664217 51 2499
425369 67 1686
4716824 68 6201
9826 28 771
2451117 74 3591
1326285 20 2134
5431058 73 4901
37546559 74 9563
642559 91 5094
5401886 15 3799
9084137 27 4490
15651181 93 8984
11436638 95 6989
6794245 98 9750
1 81 8989
48119 71 1731
507849 44 1140
2056422 6 2239
741513 42 6372
13806429 1 9509
34097 82 5349
333088 17 995
105873 3 1467
2018 25 117
16853654 28 6005
18079 29 6330
21062022 46 7748
2362 46 1812
2617131 90 3217
28965284 86 9381
125813 57 1616
201719 37 1184
293475 10 781
28837598 97 8479
46144697 82 9932
2535047 69 4464
265353 10 1277
46195193 62 9984
11446746 72 5098
173274 75 1589
1386616 42 9464
9313415 17 7359
47678 40 886
176212 32 6107
208052 85 9551
76209 50 1000
4007278 37 2825
7324712 6 6324
16137429 28 7607
22212660 83 9258
1746136 84 2258
1725023 41 2890
73385 46 612
11133154 65 8594
6398255 35 9655
4504111 53 7197
23976706 69 8727
78072 62 503
4231347 62 7791
13383859 43 6022
24168973 98 7358
14346178 46 7504
10756622 39 4816
9581742 21 7858
14564209 72 5613
14828113 79 8070
10592008 50 5002
5461441 1 5159
1856973 8 3645
572012 97 1137
612755 54 7675
26783424 74 8564
8826045 87 8989
1862148 1 8725
19899444 58 9334
22078646 20 7173
892326 19 2047
3382724 45 9235
1573053 16 2574
23713581 24 7437
5978202 92 6522
253291 11 2365
613502 61 6512
14044814 2 8898
7573910 88 5676
132860 46 1130
9273542 41 5789
705706 27 4373
1270390 46 9129
1600479 5 3613
1229261 82 3294
1356391 42 2046
16674243 18 8212
302819 10 7795
13995 89 133
19200996 6 7998
1780344 91 3949
651216 51 9878
3270750 22 7734
136216 60 4585
304679 11 1512
979471 40 8176
34688074 9 8560
1960591 84 2667
431228 60 3075
17060935 14 7352
381604 42 7118
55855 85 1475
13556289 79 9538
9564715 14 7244
766903 75 1380
7533364 63 6318
1311252 30 3693
2009835 20 7396
2104646 59 3234
5246900 18 3748
3858514 100 8464
85514 56 9044
136964 30 2172
7609643 12 5832
576195 37 6152
13404797 75 9062
7444494 3 5689
15081094 13 8175
9323742 83 7484
761785 31 1567
11679654 11 7221
239846 26 2888
97919 20 1120
2633103 5 9185
2493 45 4295
463838 26 1157
1685116 74 4576
9344 47 8109
3395267 80 4148
359929 88 7352
1 61 4077
3369745 90 3637
794703 46 7066
30233 9 6496
349415 30 799
1822755 38 2058
7903567 68 4208
4097348 39 4370
37231212 86 9655
3923946 26 5189
5997125 3 4027
13722066 72 8043
7983282 36 4407
2492324 78 4941
100348 67 2990
36237 48 534
1451425 96 2411
5697576 84 9869
117875 51 910
17847499 89 9198
11855 10 165
40744721 66 9952
9448810 31 5111
857603 24 2321
61246 17 669
507798 10 5266
30673518 96 8270
3431636 3 4933
28278075 32 9420
20691 73 805
240694 71 617
25907730 69 8566
9471852 43 6019
1436466 96 9568
430875 36 3199
22317779 43 7587
2014302 62 3886
416085 89 862
3777068 46 9199
15549244 27 5604
20037076 80 7145
3700377 77 8531
98657 18 445
178354 80 900
2466954 81 6767
241867 92 4750
17489 22 546
3846492 68 3599
437815 46 2727
286806 95 5213
37119364 40 9480
304460 93 955
3771 85 4393
1549038 87 1874
2665777 80 4112
505417 65 2467
5334123 86 4069
21185753 84 8672
5430968 90 3237
12083167 25 5521
27673209 50 7941
272213 79 1420
349585 100 8043
643378 73 6205
697613 94 6879
418272 21 4333
11633305 25 6800
583914 18 1301
62378 14 5889
275177 51 4477
2008743 57 4272
148322 93 1209
2611973 8 7184
122370 76 5921
435331 4 1369
15353209 72 6987
8892420 18 6761
1641917 84 5338
33930468 55 8202
2325304 11 9668
547335 5 1490
251084 35 6660
580751 71 5226
19716257 5 8944
19255663 99 9601
44653474 66 9459
363779 80 3621
936480 37 7740
9792824 9 7438
2244507 63 4676
8816583 55 5676
237226 60 600
3625531 3 8954
4240634 86 5572
1771282 20 8671
182567 76 3238
3717852 37 2813
4681222 29 4951
49757 3 698
34625775 23 8859
463204 38 1729
15118102 68 9778
98196 35 9940
376317 53 2266
763381 94 2046
20612417 63 8310
2099957 58 2373
593713 16 1218
2858129 35 8993
685262 43 7898
21558 13 567
10626795 44 9674
105596 50 1624
22857414 66 7452
265461 32 4189
1461018 15 3593
15716792 14 6383
29704 24 267
21060 87 5093
3922647 21 4975
6700544 24 6023
19757868 25 6422
8323288 1 9248
4575297 76 9963
22182 57 5718
6928 40 5432
220196 16 1821
63580 7 283
43284149 44 9696
4232956 4 4293
5648640 72 4322
2751557 57 6097
2385589 57 3089
1958815 77 2598
412748 94 4685
34705248 49 8767
10264026 65 9223
9571264 70 6325
1416704 39 8043
4550 84 1061
15810541 17 8551
3124630 69 4251
11387926 13 9290
36068126 46 9155
31817422 35 9121
1 100 189
532875 11 1593
14177359 61 8549
833651 11 5692
4938 45 150
16203 10 204
56636 90 642
5085832 7 7509
10429420 9 8780
1086492 6 4247
895944 83 2134
16045498 34 7945
4131968 38 3573
721946 26 4180
11397820 91 5350
10484819 31 5359
5619951 84 3861
821164 38 9960
16066879 97 7624
47918 70 621
4373050 2 6224
159465 59 4649
22731003 47 8959
73040 72 1455
5291590 61 7856
3790058 4 9348
9341307 37 9172
2052178 87 2969
1217075 61 7346
12720672 48 5239
1881 85 4771
2147691 70 2177
1324615 59 6844
512863 69 1060
4915726 79 5349
23643692 58 9121
1201561 20 8371
1050070 30 7882
185577 90 517
8151005 48 5037
2014425 83 1971
263855 8 2060
904221 4 3424
1758926 3 3184
147422 64 6178
24048914 73 8456
114353 46 1320
1693 30 498
4818640 53 7365
28451713 13 8161
292615 99 2437
1440222 64 5185
1221612 79 3003
5997375 47 3678
858574 84 3708
484006 11 2170
40948488 100 9463
2413207 98 8765
609480 86 1224
850085 86 6602
90016 21 3327
4469 43 81
1035 33 50
3214425 84 5128
36187 30 910
264293 87 6208
2383521 9 2347
36533 24 3124
367012 66 2404
11517095 27 7990
3564037 90 5329
2697224 78 3992
2667996 16 5944
20044819 95 6736
161817 60 5970
13964278 98 7150
5467767 36 8113
1893527 65 2026
24513 28 1771
4411411 39 5040
869905 51 8955
14844834 21 8283
13546437 11 8707
20579142 90 9569
1 63 223
7523437 14 4438
307393 43 4105
37611520 6 9420
1 94 1137
599055 57 1726
21398832 66 7869
15233905 43 9942
2411211 37 3060
7839567 72 5866
3729916 44 4988
1373627 43 3763
8636080 56 8642
55125 1 9015
11954 34 559
6234471 58 3891
1142256 8 4131
901 62 144
133669 21 1099
1295615 66 5021
18036498 17 6706
2543023 17 3066
2805 92 606
13538 43 482
14230516 57 5543
42506781 30 9855
5230105 7 7885
1 13 1413
485725 14 3452
12334624 79 9143
2252512 70 2091
2425940 13 3364
4042767 70 5526
2067876 18 6861
48393485 74 9892
10304388 3 8902
5960505 100 3997
1861590 76 8074
240 13 5689
8088828 12 9376
7464342 48 6803
103 7 1776
3582630 36 3608
341503 75 2002
4660298 15 3378
7121 39 251
3811963 17 8699
264293 50 1984
21866702 58 9991
1889240 72 2544
4481033 78 2900
2847135 98 6280
575867 44 6255
4862460 93 9588
28435905 1 8711
21356597 50 7127
1592224 10 5592
116010 16 6475
6958 16 7727
28995999 19 9267
23723444 74 7510
5330930 66 5615
104993 32 1928
27002737 62 8697
12587121 43 4933
1 43 380
69515 51 2696
470422 74 6004
8566805 19 8870
39809870 100 9604
4755 68 9277
1899145 65 3951
3961025 8 6487
6939853 70 4435
3465717 33 3350
537361 64 8989
15326 97 177
3761744 71 4627
200964 19 627
6193072 49 3954
6485874 26 6925
10939119 100 5471
16002108 95 6401
518506 6 2612
4439169 96 6629
375989 12 1877
2019156 65 3869
630754 83 8540
2713407 1 2519
101634 64 3828
31911 49 6937
26593422 87 8260
578644 98 5878
1552655 2 2950
17705 13 767
19121619 94 6161
335241 85 843
405368 56 1726
3708812 84 4005
413027 27 988
489051 58 7663
10633683 41 8755
10261238 3 4811
666039 80 1267
38542 78 4632
516399 42 9337
4801928 67 3059
6624212 93 4410
569580 88 6636
61482 81 4726
21870369 83 6537
1 65 3840
509368 78 3524
25424 81 2307
3974288 95 3400
11198444 98 9174
68577 83 4239
127103 83 1186
541268 37 6704
11517215 75 7850
31140853 88 9499
33469225 58 9587
1742011 49 1833
16589212 49 8553
1998678 12 7514
14950938 31 8473
1039622 31 2178
2657139 33 5573
12347761 97 5882
2237522 14 2484
242171 80 2004
30240 85 167
9602153 67 4731
184170 77 2308
3126471 88 5598
39896468 77 9729
2494953 52 4185
1246585 54 2076
13890458 69 6885
349508 75 2462
302726 52 3457
28816019 41 9868
5379106 76 9894
1096466 1 3674
1319642 94 8526
32595032 50 9697
12199550 84 6442
11398371 14 9114
17840 8 9998
765351 7 3912
634336 94 1419
36386 41 1742
3027045 79 6875
11837008 66 5187
5386429 16 4350
9674429 65 5083
5958570 93 7514
579903 55 7341
2173358 13 2206
1138420 36 2601
1033245 62 2916
4398737 48 7650
232701 8 785
2826690 49 2405
4147 14 109
7356463 66 4491
879497 32 2664
1 77 4838
131869 42 2907
7838168 9 4634
344644 99 8653
1022584 64 2906
2301201 25 2671
6904560 47 7133
7166507 35 6279
2562762 20 3442
276292 97 2202
1442389 79 3653
1109953 80 3476
628018 29 5943
2687846 53 9304
3129798 9 4922
1633912 61 3244
5722689 93 9582
9716448 81 4580
3356398 22 5097
1101738 89 1705
492340 87 1177
7636662 12 6747
6857275 92 4136
9211955 1 7672
40870375 98 9414
5607467 2 7376
15285188 57 8513
7189680 4 9674
541247 97 4619
2373323 90 8630
106744 30 735
2981120 37 4617
2960622 5 3287
7018402 90 7848
6543454 54 5091
10042583 53 5450
343112 81 2104
226904 25 5771
80770 10 2637
10133905 81 6572
1104615 82 4636
79354 85 542
1866083 83 5870
110948 66 6182
5947792 21 9771
10298860 88 6837
25111080 39 8743
264265 40 6582
22277723 34 8782
300368 58 1369
601843 89 3704
7769486 88 7303
11095 63 4715
56337 19 384
25664543 27 8251
33137 76 1290
3739032 73 6143
5497823 79 4280
3110686 40 5977
32545275 39 8520
590669 46 2030
19056118 10 7616
7336324 35 8971
5174456 52 3135
19027039 48 8890
6137 11 7526
2967110 67 4220
2122645 87 7438
625784 81 5309
2645074 3 4769
22433349 3 7558
301822 32 5970
41086 25 3245
792991 88 5524
2272503 61 7348
8428718 92 4717
166957 70 2746
13186806 91 9202
687359 11 1645
13803 70 153
2450516 36 2152
5124674 65 3329
21683457 62 6688
6661 47 4594
311617 42 7931
371255 98 4824
2494647 54 2400
40489 81 1744
36715 7 2278
15974013 43 8235
10442 71 718
5416317 55 9977
9452738 25 4856
3172816 86 9608
21783341 52 9561
2661114 32 3888
9471119 99 4641
476838 53 3203
76089 97 712
3685796 86 3426
16097675 55 6945
2659148 84 8576
11050380 15 9599
3388375 61 4301
7129751 5 4990
2080 37 125
74815 74 1039
1409885 20 2082
9561616 42 6240
2459200 34 3288
12736179 60 6724
2859370 95 2517
178223 77 9525
1684 63 412
122083 5 777
13173300 17 8005
8636 65 151
656437 22 6498
2044969 12 2564
62765 11 3863
2327052 42 9077
7682755 13 5769
862712 58 3218
26378142 97 8223
1 76 740
424631 21 3464
1893213 100 2060
419154 92 4530
102068 30 3219
21183 19 126
16561342 77 6677
4765450 13 3977
10577369 27 8572
7415297 69 7025
3889038 30 4708
9159248 34 4643
1859494 47 4787
12773028 13 5562
294674 3 8572
3345756 11 3412
254318 58 1300
9384 6 4380
2389064 73 2591
487664 54 3453
726546 47 2167
2930578 90 8551
5629737 76 3369
11576106 20 5394
7532672 9 4032
5508367 18 3605
1279255 69 1814
10112429 81 4825
156863 61 6955
6607571 28 6390
3704213 100 7601
4484272 56 4147
3015996 97 8782
9358792 77 6123
33309062 55 8779
19399386 8 8625
11758546 27 9053
62230 5 271
70200 2 325
1283301 46 1781
5311477 2 9230
715006 17 3337
1944865 64 2638
17139020 93 7679
829823 65 5386
20601555 57 6916
28681594 73 9546
2546698 21 4127
2369504 56 2395
32878944 5 9805
5851 95 616
479201 5 1084
4924453 3 9029
12422 17 5193
8276805 55 9330
5884722 87 5860
819 13 343
1824653 64 5183
1486 90 8841
2911532 10 8828
3128941 67 2895
8918694 53 5673
154759 6 929
2882443 50 2911
21960647 7 8904
29096 29 310
51009 62 2862
5225077 61 4346
2800734 74 6537
1326094 71 5614
1968317 31 3901
649900 39 2577
28686842 65 9089
410090 71 2736
2935700 26 7000
12794 100 7296
5508650 52 6008
10618166 84 9372
3229010 51 5590
8127 35 206
670970 75 5502
1525785 39 2719
6324399 27 5855
15244584 74 8578
13999476 40 6745
1 95 173
19937984 46 9029
171309 72 5365
18845580 40 7666
9230626 2 9372
15776921 27 7092
1841030 35 3418
2250414 12 2045
193821 32 1994
717721 97 2309
2788542 63 4610
994533 82 8426
45447 4 1713
1 87 535
5385672 12 5916
601081 41 3652
14547 63 517
176811 92 2320
1 100 3117
3278943 21 6623
4512 37 4644
64325 89 2150
19523981 85 7627
75323 69 398
4210124 1 4342
42428 59 972
213993 79 8572
1102 78 1791
38511 42 389
15783808 92 8482
20710360 60 6495
4901119 93 3922
2028584 19 3740
10948461 14 5631
275700 58 1548
2347016 31 3618
5770162 59 8226
10259657 61 6628
1726024 75 3186
152342 18 2390
2050816 8 7987
36892 48 494
4137920 69 3445
36401826 48 8949
1619930 95 8803
330206 43 2240
490240 95 5824
212607 86 5183
19962 60 2151
14472643 78 9701
51123 52 3088
4056956 34 5967
30519834 9 9498
29422570 99 9587
27393009 81 8595
4665275 21 5524
3441236 39 3157
119757 17 6077
212259 76 1542
2299462 65 2870
3008570 12 8602
20901219 36 7275
2383494 16 3600
13817 28 947
20111483 3 7954
25506957 46 8789
12648269 65 7182
52596 6 4124
16625401 21 7150
7026404 49 4963
13291431 63 5312
46309 18 1062
4236842 94 6226
1398842 6 6109
65255 78 367
15647040 42 5536
20659719 12 8712
4588450 6 3463
682475 33 9352
1735846 4 2084
1837972 86 2109
594155 51 2089
20746714 20 8282
484183 41 1402
9312909 99 9977
313556 79 1513
21604 26 1654
226409 1 4555
120662 16 2712
274015 31 3695
6459542 51 8796
365100 60 1603
9263442 68 4655
112304 60 560
24465765 50 7057
742043 12 4555
5727111 66 6588
7523163 25 6912
17916031 89 7863
3655424 93 8125
71111 12 831
4433755 19 7469
9338793 60 6606
110245 90 9122
6639885 44 4463
12907047 15 7081
2298745 98 3395
2497463 32 6134
35003616 58 8813
1973018 49 5081
10026987 9 8613
1 86 1979
10615267 65 7415
2022973 65 4595
21857903 29 6890
35458277 75 8978
6267335 9 3837
345706 48 5985
2148395 78 6218
1184322 20 3362
200446 38 7849
1029688 68 2799
6803153 7 5910
4379 87 119
17755254 55 9989
582059 27 1867
21234142 54 7783
2030849 39 2036
25818724 95 8960
14956510 45 6668
17726064 13 9192
12164822 40 5370
3803850 20 8060
104883 94 1647
13694700 89 5780
1630245 72 4574
24471078 58 8713
371739 89 6118
51244 81 1068
7548957 2 7527
18946072 14 6334
6091764 75 3414
2760336 38 7953
53769 6 3620
1809149 72 4871
15258634 56 6131
360781 9 6358
10200 46 1011
2393101 83 4491
18937261 19 6813
288065 57 736
6174278 60 4531
974755 38 1553
2124596 33 8160
11679025 97 4743
23325575 78 7667
8693969 18 4534
13826639 71 6006
5765382 19 3664
1257103 43 4024
32688 30 3571
2018389 30 3786
338771 85 4315
17689974 70 8784
23408159 96 8090
4133239 46 5232
6986235 84 6784
27263392 18 9261
144161 69 873
395082 31 8353
4322097 44 3315
3343262 40 6139
3075446 76 4630
1189611 50 4437
15689 25 165
12218976 38 6984
22319790 86 7233
16115894 82 9060
229600 89 2049
15240021 15 6749
908496 72 4790
19597568 71 7262
995 89 115
666481 86 1954
6872903 71 9447
3663528 4 7292
10298153 52 4880
40711 61 5456
19161623 94 7280
30624823 81 9229
45280 45 6398
95266 71 2855
4640202 53 4628
12425613 49 6318
1911995 100 4243
495475 89 2108
26178380 94 9424
20056466 32 9638
892197 96 2746
641349 54 8573
440 32 867
30783663 85 9802
139828 33 3010
15314235 76 7787
945570 90 3501
2385390 85 7428
3135921 11 2631
386712 29 7219
37310153 63 9477
8084166 67 7393
1194175 73 2332
19590 73 453
5467521 71 8960
12311041 97 5650
17843436 53 9153
29355737 37 8725
735921 81 2608
3040 41 80
12482232 3 9227
3581448 18 5373
451386 1 5649
4984747 77 7015
23527327 75 9678
26372520 99 9393
10296378 19 9678
15497 5 406
252931 4 1248
1992855 85 5777
715394 23 5153
38571246 67 8894
1 98 3699
51330 77 290
143831 68 4921
5360194 15 6415
54169 40 501
10937678 85 7884
338666 53 5124
51542 52 265
5212007 69 6499
4767963 61 9755
2816173 53 2965
3170531 22 6123
42989 56 1044
847863 100 3011
21361599 35 7957
33709356 24 8983
1586874 80 7503
23419604 56 7611
53463 41 9693
14684189 36 6397
169722 37 612
18974577 88 8349
1268923 54 3940
376442 23 1627
1219812 60 5539
11871144 99 5327
27823541 42 8388
542043 50 1005
13492138 35 7247
1929674 84 6916
570578 95 1983
6459120 65 4880
11220699 30 9819
9976598 9 9439
98268 20 5066
4439 38 1383
7682472 87 9560
398277 49 6395
8337848 53 7167
1062570 3 4133
12803114 17 7695
42917 30 1868
25695357 68 9244
377398 81 6565
3230061 48 2643
300981 51 1502
2474063 14 6181
860657 33 3590
676050 71 2592
21826236 11 8209
114291 21 6744
450168 49 1877
31025 8 3072
9467581 6 9185
1817967 90 1860
540248 47 3302
1 94 372
32950733 36 9358
24183286 75 9601
45402 1 2226
2479 52 1013
4152989 61 3440
5117965 24 7803
3272000 100 3678
17708840 56 6534
1 20 3029
12398599 22 9262
83642 61 8104
11694708 1 5444
1 55 4709
27011 44 158
61437 87 3067
4689598 26 3682
479176 12 1475
30624002 87 7911
101438 3 2615
1578125 73 8412
7836071 74 4752
47314 15 2143
8022782 17 5689
5806616 30 6508
4769 14 1567
8078826 30 5826
1544842 49 2133
1584298 59 4557
5169 25 1471
18938373 4 6911
267347 85 641
15824354 55 7313
1278219 98 5774
6084 34 1327
5221124 27 3325
7761757 84 6520
6114864 12 5461
2049934 55 2441
6652439 74 8010
402078 84 9474
13530532 44 6070
760078 98 2898
5658126 62 9346
34627814 62 9548
38697 43 1370
2136171 77 3891
11227894 10 9879
13028535 19 8042
656606 40 6054
3303324 26 5177
942356 99 3562
10998 80 3949
1366378 99 4097
1262573 58 6514
433509 52 2417
8829880 54 8396
736177 50 5525
8499837 8 6860
35720378 99 8490
19794 82 748
17992725 12 7886
5293 28 209
10046267 22 9331
1560777 19 3085
13023 43 2050
19677360 91 8732
1454931 39 3946
42136 44 2522
20113796 83 8651
3901763 84 3426
5257543 23 6014
492498 72 1944
247943 43 1181
549316 24 1022
1258577 6 7969
8230711 97 4561
9002979 60 5878
54638 49 1007
3132318 30 2586
19386 67 399
1521733 81 7822
120451 74 3672
20982 42 893
1 39 1224
1 51 3084
900154 12 2151
47 12 201
32514679 85 8901
246352 68 1207
24520921 7 9219
28976065 62 8065
2331616 21 8642
8473731 67 5552
8178520 87 8892
256431 15 1008
2247412 83 2578
5901683 43 8839
3226940 47 4435
7908770 66 6107
20009793 82 6283
12810392 28 5859
10480221 14 9746
15481931 88 6937
537199 55 3434
405183 93 9758
14446170 94 5795
14938649 89 8317
19547731 9 7890
5005 51 1936
10666659 83 4580
36525 13 478
5399319 37 9684
104349 47 2478
552752 59 2703
70219 35 346
648802 56 3073
18161003 39 8318
363 23 506
5480 62 6619
1343746 47 1826
219854 33 4402
56013 48 434
10330695 2 5250
424986 13 4947
236891 50 2967
2044800 77 2169
464393 60 6237
108661 41 2602
4007454 4 6021
11534990 41 7731
12277455 9 4980
32092 35 7666
158397 80 563
307453 73 1055
3847172 57 6094
375738 60 2333
2130042 89 5265
1282524 86 1519
10542341 7 7929
19909350 23 6388
938951 15 8997
14165044 83 7692
36779011 48 8833
2889123 34 8808
13729439 3 7901
8232983 12 7423
14245408 43 6515
5989874 9 4953
6106348 64 3796
2728432 95 2732
9887017 41 8066
3217076 13 3446
14093113 7 9053
2867451 74 2455
1853529 85 2082
3885024 84 7951
1253715 10 3368
2580814 12 6555
469194 77 1451
798908 77 1221
26249 28 913
1152033 20 2926
8739054 50 8310
14672256 37 9195
83654 83 1578
17028340 32 9531
8757084 3 7770
330084 78 9955
2501619 95 7985
25464772 9 7813
577521 6 1267
204224 51 3521
9379787 50 8553
105811 40 850
22042 34 5081
56151 74 290
20484481 19 6982
3515509 3 5641
2643869 19 8594
395258 53 8195
22158932 44 8406
1213808 100 6056
22691992 76 9855
81777 61 365
209928 53 4923
1811837 44 4401
1403153 8 2887
424380 14 2953
1244990 20 2645
3310821 41 2800
1160659 10 1964
8955008 67 4711
1 60 2597
1460210 9 4051
10467070 91 8833
20824527 66 7795
18572650 13 7279
3520088 2 7475
1174376 38 2836
526538 81 1476
1 99 5241
6415226 26 6117
26548295 88 9038
146728 81 4818
1792307 74 9831
7485786 34 9529
674557 17 4868
1485215 33 2273
826185 75 4956
17496829 90 6325
3574037 30 4349
477507 66 2417
1 67 110
692982 49 9526
4473477 74 4131
5122034 77 5010
2290718 44 6074
1210946 17 3197
7291530 13 5111
4899557 14 6706
5340340 7 3538
32507 96 3909
1602155 44 7871
1 86 248
23652783 49 8830
7221355 37 7726
34679901 100 8628
439544 44 4811
200412 21 4983
3327804 26 5172
222647 70 5374
6640304 19 5946
1240763 100 1614
1775418 24 3647
2257 31 1873
2979805 55 5663
82762 46 684
4106761 31 8075
1843 44 9480
31540 15 3013
13846625 49 5783
4195 93 736
1283799 43 4534
849 29 8654
8011572 61 5767
11355892 63 5777
6493 55 1251
86878 14 4630
2767150 49 3916
224889 67 4611
471937 80 2452
3293809 14 7939
10602301 97 7945
1948188 48 3319
10333266 14 8170
470038 83 1045
59308 72 9641
2247382 10 3286
7501030 80 4890
104369 15 2358
8600466 97 9811
7280559 32 7266
6554605 66 8775
18011785 23 7489
7265511 53 6453
75317 92 2197
7453689 52 6422
835020 91 1861
6491881 44 4904
4750045 20 4103
3146418 4 3572
84930 75 1771
246573 89 1069
3663954 37 6527
3496298 39 9298
27111801 58 8929
3128114 91 8047
96750 84 543
462197 95 2973
261013 96 979
38136243 70 9485
2974397 26 6339
122605 99 2254
1504339 78 2979
32163569 44 9869
12576911 34 7924
138678 84 3726
1669597 42 3995
90027 74 1406
6980473 37 4055
2800658 14 3439
4343157 68 9540
4763 2 634
82445 73 1420
2021058 76 2422
10610031 37 6896
893964 21 4829
18486113 84 9009
373906 85 1075
6472450 54 5331
708766 61 2078
5825191 97 3830
13353629 73 9434
3273272 74 3676
21766529 28 8897
570935 88 2278
19626170 23 6545
422892 92 7321
11442142 96 6245
457093 22 1532
26846023 29 7751
1696524 43 2275
307546 15 1932
441858 50 3211
26290 23 3668
1014772 68 8161
58551 12 2281
37719354 21 9520
167555 61 5140
3873925 92 4988
27596 34 1339
6622508 99 6689
1932901 11 9453
569715 58 1713
1 82 2158
17878783 68 8585
23541261 76 9596
3508 29 2600
478394 30 1042
128732 16 4205
1 60 2799
1585350 52 2013
2347 99 132
1 36 405
13604704 90 7406
2415398 10 3311
1527946 28 4508
14305 48 114
19334 56 171
3044744 44 5410
1612528 65 7163
2514373 72 6462
1252422 23 1523
14532332 21 9619
134774 57 9422
5738994 85 6855
39337 34 4432
492187 18 1686
1730584 2 4616
591296 99 1639
307226 62 690
28225 4 1115
237683 43 1373
12427150 47 5393
306803 82 8792
112430 55 3828
269973 99 4639
3644382 14 4796
757478 32 5219
18690572 83 8536
876693 35 8683
584009 39 1188
148742 15 2633
681636 82 1550
114785 15 422
37708 23 9661
1 43 3364
2014763 1 6126
202959 85 1101
111803 57 2913
571037 40 2015
14447468 71 8083
2126926 64 2498
860019 61 2456
1 88 100
3296996 51 2878
2519689 22 2604
6682523 51 4107
7778222 82 5609
31962795 31 9622
2395357 98 8255
35194802 52 9633
305298 98 1786
12221452 13 5091
3971328 16 3425
921015 66 5657
20938423 32 8379
148321 48 705
16227337 26 5968
12752392 64 9865
119799 49 5576
8312654 91 8668
342930 59 1971
3813700 55 7098
5067367 71 3127
1300145 5 6655
16805672 15 8716
251766 69 4543
6840 31 2535
1595682 88 4736
2034580 19 3437
2040632 86 6112
8556517 23 4940
3879 13 7350
13124 74 2374
1486253 53 1777
6311028 55 4776
2761026 43 8941
4944323 38 3176
2776 79 4039
204253 32 2494
326823 42 9519
1071841 62 1993
6751756 62 5474
15933812 29 5916
3079553 6 3188
2443067 22 8902
16006729 24 6904
10857899 63 9703
41120031 85 9318
9452927 80 4544
27084 97 6334
20263198 100 9104
17260169 4 6226
340331 59 3049
76766 76 8058
1341728 37 5475
2047045 96 2049
1 13 3459
4809343 58 6127
1196472 62 2432
81856 98 9210
2028 21 9473
402199 50 3683
51438 38 454
1 57 251
7921785 47 4717
5901030 27 7640
925499 57 3632
7009182 91 7332
309357 21 4828
16543994 47 7009
1 70 112
26210 62 4829
19315572 68 8351
111479 11 7357
1 92 595
8481393 69 4411
782525 7 1543
11873419 22 9277
258564 54 856
18906517 35 6882
64262 12 1237
2607726 34 2196
589800 61 2323
103027 59 1008
19223 54 517
972871 86 5981
3888954 13 5795
266760 39 775
195394 75 3840
7155 84 2272
176 44 112
1198408 4 5284
2538770 100 2596
7428255 63 5748
9024026 7 5743
707898 3 9295
5742 2 410
375737 89 902
5085307 74 8263
56091 83 7861
1225665 54 4127
1168127 41 4304
23133403 45 8484
181675 89 910
2252055 30 3549
1788740 99 3805
2246509 23 4796
11814031 30 9071
27865 77 414
1101197 79 1445
1 95 5293
6637518 42 5754
23857379 56 7147
166091 52 8575
886309 68 3438
46562 24 2814
7628332 22 8542
1783473 92 6668
11072170 65 7911
4227894 64 3426
35625 44 6148
39517 64 1284
306172 79 3407
13866061 20 7187
14268870 1 7756
8524033 26 8532
1947400 67 9145
75544 49 1255
14150878 69 8115
9523530 100 5358
249286 41 1394
9758951 65 6981
568624 79 4763
48859 62 6665
36422435 42 9796
38979226 56 9085
9333710 34 5472
29971676 54 8348
283030 18 1402
1416813 34 3741
182462 34 584
15238837 5 6271
16170058 69 8397
6138654 64 3545
1223995 84 4571
2411899 38 5492
3106530 94 2518
13156837 91 6054
5610828 40 9163
520287 91 1306
28650 1 2470
11594 39 270
13542179 80 6242
32190224 42 8407
892665 39 7800
25641 98 1118
35669453 66 8810
17951882 38 8350
367582 90 3275
204854 43 6123
1401008 59 3451
2010957 53 4985
6631008 95 4242
3536335 18 9829
554974 52 5937
29957335 81 8235
3282850 78 5774
95 39 172
10555666 13 6250
820715 54 6764
224643 64 1956
91947 51 531
5794701 94 8250
3252636 47 3885
36596964 3 9932
237875 41 605
2382954 87 2347
14844113 56 8221
4805692 17 3401
8361877 82 5261
6450 39 1308
103912 24 3905
27460 47 436
2346822 12 3646
1026801 33 7533
5055602 94 7081
213770 84 4778
417736 96 9806
18032400 71 7508
179872 47 1112
8759774 76 4942
125592 52 5160
3883926 81 5198
544533 33 8203
3478 92 665
12712174 82 6913
1062163 60 4444
4518180 29 7672
23263455 56 9785
732156 49 1316
135709 4 542
68156 30 1765
341404 23 3505
15191931 89 7144
3817173 68 2714
187855 52 2707
432041 10 953
4571404 76 3341
4948 12 6084
6774 13 21
4383325 65 4384
8907124 91 4827
15646 3 5840
423677 93 1013
59603 36 437
506461 86 1177
9180727 11 4712
27275 33 753
8352648 11 4793
1553474 72 3092
510371 61 2754
8937525 38 6131
10589002 75 4582
6612357 100 7486
29851682 65 9682
36197703 78 8606
892441 65 3011
2464533 21 2500
1844 19 188
1852095 95 4657
12521578 28 8200
1214071 31 2327
1006762 62 2406
19158517 31 8785
29398120 25 8741
2469793 26 5292
24695915 46 9502
17890 98 315
205735 91 4687
305016 4 5005
7570471 91 5776
194265 100 2628
2200545 83 4913
18639453 6 8362
910235 39 6221
15406420 32 8727
1030794 18 7149
2561 38 1720
880448 8 5870
4102515 17 3892
7461772 68 6712
1786243 80 3389
5691015 9 9920
13504 64 8582
877021 78 1673
6984714 9 4794
14747799 77 7694
9144245 5 8428
8582902 71 8362
782997 13 2835
104740 73 2794
2180432 93 2437
133092 42 2712
32426161 54 9759
1152597 47 3337
15568293 38 7615
1657 58 3303
4324678 93 9128
1000242 95 4715
105227 94 3196
13433443 99 9111
12926338 31 5604
13517524 29 6984
34383546 73 9895
418593 76 8715
25888320 17 8821
290593 98 7977
1099834 69 5074
533185 66 3776
8671073 77 7859
603 6 771
1 60 341
701 20 170
98584 96 1012
9130 15 747
632499 58 1931
1609483 45 4619
323193 10 918
2178294 9 2927
204194 2 6096
3077378 99 8859
202050 54 4346
760146 17 8817
676217 7 1839
95259 4 3758
413152 59 1092
1006749 98 1485
1228098 93 5173
10870336 86 5975
332306 93 846
77476 22 3851
101938 15 5794
3676825 1 2675
1145089 49 2882
7812190 66 7842
2967 84 5855
2517102 56 6146
1244580 54 1648
704793 62 6010
467550 57 1326
2688264 7 2439
2371354 52 3800
6312598 54 4740
1350648 76 3103
7034 13 1149
3892803 86 3329
16989124 90 6543
9464224 58 7223
2078021 84 2238
18626307 68 8541
7366207 16 5183
751397 85 1807
537904 89 1161
21861300 48 9178
1575898 90 7754
2927495 35 3744
1856 42 79
2948389 44 3623
15891392 62 6621
2308712 1 2217
1493119 19 4984
807014 51 1384
62686 33 9787
217108 3 6442
74905 19 470
14774063 46 8733
36151365 33 9921
6896323 56 8194
61802 31 358
5826760 34 6125
3543124 81 3236
1 55 1078
1672163 10 2670
6302922 74 5681
402290 18 852
9286382 34 6816
5011012 87 9815
10010716 64 9393
6317208 59 4816
3157324 13 3991
13857254 56 5482
26041440 10 8549
4476940 22 6955
1918481 95 5248
3567721 57 4856
1801 21 29
2443338 99 2366
18894547 23 9098
5133256 12 9728
800449 76 1279
549457 68 8350
370005 83 2434
495309 32 7972
1821189 36 5343
10460438 61 5262
7538796 89 6525
2096229 18 6413
71270 16 779
859925 2 4863
1313374 27 1530
2621357 68 7691
171355 54 515
6746882 85 4835
5092043 88 9430
596661 74 2470
1845190 11 5065
9165035 7 5945
6390480 84 5849
116333 70 3235
5318502 9 4164
38251 38 4011
985999 14 5509
587914 57 7710
177741 70 3590
8704006 72 4265
30690012 97 9436
21720314 66 8159
4148985 98 3724
38427804 82 9749
15482242 87 7955
11150 59 2179
1 16 2881
2070956 76 3149
10340 77 3149
7503259 80 7405
6104814 75 3560
610 97 298
353713 21 3981
6794660 97 7441
7072861 85 3887
11779820 94 4844
6434857 93 7987
351233 62 4185
412772 17 2974
46258 79 480
798890 20 5072
7697406 57 6582
10227 75 353
9370799 34 8144
2661415 27 7665
183903 98 5448
1217420 89 4942
471684 98 4959
13078539 75 6242
5336 26 1773
10585450 43 6007
251142 62 1263
8910143 83 9417
4542181 6 5879
7106 58 1138
5067 15 4052
230444 79 2408
8987798 33 4429
9725007 31 5817
7364111 35 4902
1637799 79 3187
5585913 93 3629
10747313 66 4846
659790 78 6713
951124 26 2981
14513421 88 7234
488552 56 1328
20090701 1 9485
7507341 1 8288
12207483 94 8201
3195 57 8474
11269995 30 6584
5802766 91 5074
8421534 90 4972
5730914 52 4189
1 93 374
31111812 58 8485
40789282 8 9109
1684227 9 4520
762473 67 5628
6580862 58 8612
104612 48 4076
1740545 89 1803
892123 88 5079
33488 34 814
1383422 17 2148
323846 7 3329
3726855 64 5503
75501 4 672
38090524 29 9379
25704 69 1404
2229195 15 5609
717785 65 5781
425017 23 8899
812511 31 3936
290245 63 3151
272 16 248
1 79 124
26947654 78 9345
4791199 49 3190
15577006 45 7071
24231333 46 8822
1718912 37 5742
373965 27 793
92253 85 7472
537592 39 1097
20285027 37 9757
6274865 39 7458
1481318 66 2000
1479991 80 2383
2006512 36 6253
14080530 59 7481
36753081 30 8978
21147937 85 6486
3085871 40 5046
8988758 47 4648
537783 100 4144
601816 77 1593
65799 85 4522
400197 95 2766
3983436 91 7196
227101 31 8227
928871 56 8855
28735771 26 8148
3218648 59 2867
12818327 96 7663
5535417 15 9077
3834352 39 4478
361065 53 1298
19062075 92 6390
2169255 1 2853
50368 38 801
2777935 70 3616
8506706 32 8604
1451 64 1672
643138 2 1125
480455 47 3427
11217008 37 5531
28482547 14 7636
8702 11 8667
91427 80 2455
330526 59 3094
16796795 49 7120
20301475 63 9903
7471264 73 6909
19828 22 7104
4915037 2 5129
14375881 54 6787
452321 8 5836
2460988 5 5494
644561 74 1475
1367577 47 3934
4713516 35 3885
3699924 10 3532
9337414 49 7072
15543 49 4042
154771 3 3607
2751 57 2635
242233 99 7635
63093 66 2213
318897 57 1242
295326 46 4086
60614 16 1999
464563 35 3290
3055965 18 3454
5744435 98 3435
20351964 95 6792
28615088 50 9036
41794 25 3208
82698 20 1826
124168 92 676
382736 45 9956
1084273 21 9520
20738535 39 9051
368121 43 4923
13663752 68 5969
125117 11 5468
3182268 41 2800
1645491 14 7257
1 92 1139
14633101 49 8757
55672 71 355
284874 20 4950
26783323 78 8101
15070685 57 7683
28353 5 7554
72702 90 8193
1791079 8 4244
115162 27 1214
602777 78 7900
899289 40 2596
1 21 683
32239807 1 8700
22963 27 177
8855860 9 7713
1501595 92 4980
29205829 99 9807
637253 40 2239
832101 29 2502
677058 12 1215
6593918 78 3898
138846 97 3914
6714032 16 6041
110296 7 3956
12702716 16 4996
10841858 42 6289
1390204 48 4143
1044299 99 2349
592499 23 2658
10428149 67 8641
1321424 81 2637
1773963 50 4753
3182 96 1737
766790 30 4667
54717 46 4900
929577 6 9851
65556 8 2410
3914485 42 4376
6845787 17 5317
100490 24 1128
6302103 40 9394
2272285 42 9590
865 98 4949
7505571 65 6526
58919 17 719
867013 39 2779
2618984 77 3073
12903928 23 9474
7520560 1 9817
7891124 68 9516
86409 4 2929
4646375 23 5203
1543044 34 4520
2969856 83 6901
263736 8 708
10398885 22 9431
6520583 41 8047
26685183 65 8172
1 71 2126
145642 85 460
25712948 22 9176
1455945 34 9429
14522039 81 5397
965160 25 2210
33213 31 3162
12727729 79 7112
31778133 11 9493
11155530 62 4762
1688886 96 5586
254432 37 3219
5394518 49 4639
16554460 70 6609
153126 57 5725
3743463 20 3364
15842235 7 6231
152487 60 887
1033616 9 9296
736527 33 3078
366312 88 2391
235181 3 3984
691079 45 1202
1473774 26 2826
1 44 3125
906122 81 1326
11121420 96 4910
54607 23 7840
4379247 13 5111
9284405 40 5379
5024780 30 9160
3423827 38 3852
19357397 82 6706
824509 92 2540
784794 1 4934
17324572 64 7079
15349203 76 5839
13500744 63 6325
750274 77 1820
888276 3 3885
96794 84 8201
66848 58 6051
215017 23 2273
22041042 82 9420
509308 4 1465
78353 89 6970
1494270 80 3155
12054096 95 6167
923140 63 5314
8185535 80 6545
5702606 57 4341
13469345 94 8074
1124493 63 6647
9562573 47 7631
10623803 20 4880
1000087 23 9137
501784 18 2790
8538 64 97
3121456 55 7277
386584 61 4497
3470967 37 8402
13913194 73 7540
3337553 56 6577
775802 22 2572
1913676 43 8419
91335 63 1262
20820210 98 8705
6603 64 124
553077 34 1120
8796 48 284
18256749 82 9506
1913608 32 4827
16894244 91 6183
1987208 60 2519
12495988 42 5267
2305845 8 2649
23008 75 367
20502 6 159
255361 48 2378
5652305 7 5325
12284316 22 5292
380574 9 3993
45326 50 7295
41705 93 352
8741840 25 4581
1248840 42 1673
218999 1 1589
660620 69 5536
21402 5 2756
1000615 59 7370
1129167 85 5056
1304235 97 4083
13160444 86 9676
7326991 51 5256
107654 28 648
9392 67 3462
3341668 5 4497
9215089 25 4245
137869 96 615
14555 18 286
43083 16 1682
15842543 41 7202
798070 93 2749
26584 98 9271
57385 36 3765
6857711 46 5692
9534218 38 6478
1864130 11 2187
7730448 61 5584
1518117 23 5019
3519956 67 2752
31455 3 527
12071658 22 7941
20380339 90 6892
4391879 14 3477
1527035 78 6006
428442 2 2132
14828340 2 9680
92522 57 1801
767224 36 9501
874366 89 3405
170439 88 1875
98191 77 1389
7288464 42 6708
91194 69 3400
27140179 42 8793
561993 59 1731
3684021 60 7653
641583 33 4373
10287281 73 8360
1191894 84 1550
9067853 23 5060
595992 74 1344
20995372 39 6613
3842808 46 3434
78729 25 361
59037 63 324
1521080 96 3366
1 40 264
2906787 49 4248
4451646 38 8812
18043617 69 9600
496983 93 2621
1159479 29 4346
10874325 12 9502
3944640 76 6256
1501116 31 3820
162546 26 3330
33677486 49 9753
69557 7 1151
602098 34 7060
1772524 76 2635
220088 91 659
138408 6 2453
41445900 30 9949
1133473 42 3088
103063 13 1187
100000 62 8091
1630053 57 5985
9397084 56 5400
259868 30 6647
1189986 5 3790
6673800 98 9405
7789729 30 7354
9123298 39 7165
63608 16 6837
5385332 52 4927
6046482 56 6505
17918016 82 7305
36981 65 6841
2537257 66 8658
24272649 9 7285
4569926 93 6851
433687 57 2421
7374495 90 5747
15040517 30 9045
2928676 64 2426
13149449 30 6601
3143512 93 8096
1499 13 20
7571587 90 9572
338879 59 3988
8241442 45 7474
409676 38 820
2657331 36 4106
1223045 19 2223
25539150 73 8975
45208 18 509
52934 70 2006
18919400 21 7859
3614648 48 4469
3720762 5 4678
51038 84 4328
26982237 61 7889
45366798 90 9735
709779 22 9982
25584489 88 7801
482171 84 5825
6514089 25 3930
209304 1 4480
3791072 59 7350
11689466 4 7429
4371520 9 8648
1238803 9 9731
154113 32 3008
12077475 93 6052
120728 79 1805
437015 66 4198
4848309 58 4044
357074 44 2111
240440 75 926
1741 31 5182
20647051 35 6859
19972929 87 6350
10195869 45 5016
4939419 49 8082
1 74 5617
100621 4 4099
4691404 5 4056
5494995 3 3631
2498 27 1882
5856 37 1409
1333194 50 4837
8512 11 514
2801546 55 5971
11297 71 456
2093298 72 6842
6900134 30 8539
13683385 58 8521
318558 87 6212
507306 45 4813
120926 15 469
48240 88 365
82862 15 2425
113067 4 7776
978496 79 5273
16236486 60 6328
548588 28 2593
4115214 66 9925
962797 83 2439
41575677 98 9050
18430883 28 7031
4895567 22 5978
5167454 58 5869
2731211 64 2345
21881532 86 8414
849576 51 2978
557348 82 1163
12370539 20 6042
1420100 44 2513
17503873 6 7383
13252 19 1565
13620490 45 5298
267814 82 5740
86077 30 3180
2817376 18 2435
28419 53 976
88373 69 5979
619159 89 5345
6781922 86 9610
2291662 3 3253
7743187 42 9285
18049587 32 8558
93100 93 357
714272 46 4467
11747738 60 9754
83947 43 3495
25717552 60 7178
8333345 49 6219
1490436 7 4045
20291 32 1554
107743 1 1156
8864 84 1727
2315781 58 5570
10583159 35 5327
22063119 96 9232
874250 52 6699
1743 48 1861
11092301 31 8356
5561289 15 4937
3178420 83 2991
213289 91 2986
7926205 67 6424
7467886 82 6140
26332 21 6845
7291899 30 6482
2820383 5 2517
2800269 2 6433
23731767 24 9913
345741 78 6916
16554836 54 8585
3361190 32 4825
950194 42 2068
129256 21 781
9430 34 2265
13666 24 4438
25874958 40 7892
1 93 554
1938033 45 3285
4957412 28 9207
175698 90 862
18881129 34 7500
99 12 573
3637 49 57
844224 15 3012
12601828 25 5273
25567263 94 9495
124467 78 4599
6868131 32 6929
2237408 30 9159
3962592 61 7008
2683747 11 9591
6303571 47 6342
373714 14 1913
1313076 90 5956
3179631 29 8463
5673722 16 5675
3720031 55 8195
28391 73 235
4684090 36 5248
11722237 100 7436
205893 10 1921
7365133 85 3827
118078 54 1110
34547417 64 9675
499361 37 935
712707 64 1854
151050 1 4906
1 60 695
29028451 21 8666
2670404 30 6715
107941 14 6158
13072017 31 6944
5658442 80 3435
38912582 43 9863
2764471 52 9512
27363464 53 7634
377024 38 4935
10957655 17 7369
3266999 32 7544
1184593 96 3081
6946925 85 4653
6150290 71 9020
763305 49 2199
3602697 85 6685
160390 48 1542
1730388 60 1799
42771082 51 9916
206058 96 742
2355514 42 2684
10641325 42 6322
1303148 16 1990
20013014 36 6967
45249 11 234
80073 61 682
4049562 57 3298
2366520 81 2671
33340549 6 8280
5030291 12 4580
293192 10 8561
2374713 91 5254
2621111 38 9168
5505968 4 4293
73599 3 1336
691261 38 7132
356530 12 939
2952184 60 5484
1545611 86 1934
1038047 50 9808
14494123 93 8097
32720851 52 8587
14870490 88 7475
3626627 10 5391
6889875 48 9731
2250324 37 3756
516790 7 4945
1101016 69 5687
9893784 41 7716
7562339 47 6475
35430692 41 9507
738604 62 7856
1664149 56 1839
122052 79 5942
4138888 58 9448
832101 31 7956
8909556 99 5373
57999 74 1658
158282 41 883
405827 91 6749
6820495 74 3753
17699351 6 6331
41671031 71 9131
92829 65 6358
86432 84 895
94703 99 5234
2126 23 1575
2731688 66 2843
4898405 91 4612
114044 19 958
10275878 80 9726
23131879 85 8589
1624977 53 5514
649668 64 5007
28461500 93 9426
267092 6 1857
1478081 67 6724
70951 42 3823
536570 11 1188
1273171 30 7971
4748504 1 6328
26330 43 4383
6086239 94 3509
1504085 57 9803
1939708 89 7095
36704 87 1153
25000628 41 9207
30764946 25 9679
16760454 80 9145
1 68 1443
7015016 7 4094
12478069 38 7080
17781266 69 8053
36088 15 971
2916 18 4742
590035 23 1800
1828358 39 8489
219877 48 5444
478356 46 4549
24487182 83 8658
4373 85 352
145466 89 1518
2361159 53 7838
232157 38 1014
280652 32 3996
1195872 63 7576
1037841 15 7753
7859122 53 7416
9592512 11 6625
44552 68 412
354099 35 953
1137992 38 2168
733897 66 6597
203115 48 1710
160676 69 865
6612271 38 5270
1769668 44 9699
6755725 43 7199
38898 85 4501
1301962 52 8438
365092 65 933
1752894 82 6927
491433 75 2940
3557713 76 2914
10147537 53 5050
7089 84 754
1 82 272
10883597 54 7746
495134 93 1260
4056028 54 2801
9203694 22 7474
48554 32 421
106609 8 2304
6094195 43 7092
9514030 93 5436
2537 38 2996
1580944 13 3536
87751 50 491
8155 88 151
3388701 6 2600
394896 7 920
9616208 56 5145
12770 21 7934
6251883 5 9906
60475 45 1452
692278 100 1578
3139249 39 3651
616836 66 8763
1139500 40 4173
1012302 15 2515
4199133 88 6811
185453 29 546
175116 37 6058
5930589 9 8830
32053 66 447
11071 81 5737
295989 78 929
912429 69 2605
94635 64 801
5251939 16 5102
38228 94 1052
1825714 46 3542
1938 52 343
6940906 97 7445
7983909 13 5779
448376 37 1422
3087542 86 9354
18254068 73 7122
6267938 59 4932
1012914 93 1967
155 98 595
13842 25 141
21697744 31 6610
260004 97 2533
32080966 92 8734
722409 89 2385
114051 56 2666
1210795 35 3356
376344 28 4150
6611711 44 8319
1343126 61 2111
44910864 51 9459
6771 67 831
6556093 79 7960
24826327 89 7796
3759 82 3806
3720959 36 2910
533608 3 7269
8720258 97 5205
1 82 1322
1496929 94 3177
279095 19 699
2813 58 4985
52636 27 4045
1207575 37 2018
2719996 63 9972
453498 55 5969
6597006 11 4458
54348 24 303
9391378 16 8462
8820945 62 5256
4767230 69 5006
446277 51 1733
1 74 557
20415982 43 7444
1 81 203
1117258 26 4485
926552 20 2786
21195750 47 8930
177253 38 911
16775 21 441
2740343 20 4244
322069 27 1823
19443130 68 7260
234102 26 650
10255846 84 5120
5658687 77 3561
6222 24 5699
811585 69 6986
994878 68 2928
8999473 23 4843
4346849 68 3810
13520583 83 9520
2671124 78 4378
1 69 9538
17544 17 6574
15074392 7 8972
15761231 97 5690
1231165 16 8076
2258555 74 5446
136195 30 786
235779 11 972
18658217 26 6028
14350882 70 6799
5684869 4 7247
3655282 14 3620
11072222 84 8801
2793911 96 8196
5531501 98 4429
62890 83 5337
2344713 92 2212
8204955 64 3979
2754593 32 8987
26455 31 2278
1790993 97 9897
1978083 11 8899
1832270 7 4303
14156 83 765
603991 21 4099
2164481 93 5527
13743 6 1624
20542075 6 8627
4805810 54 9648
150194 78 815
5655423 71 6439
883293 36 1460
76527 95 6471
3709310 13 6141
1576270 89 5680
1526014 12 1976
1283011 95 3373
15262586 31 5474
23150 70 361
1516057 3 5786
1716145 46 5508
40061 28 2490
3695276 90 2988
1856139 13 7579
16640260 24 5943
12284257 70 6171
1165279 72 1951
38628 61 2527
15198931 31 7305
1362414 98 4890
172348 62 1666
732 90 5131
7297394 38 7458
18079694 55 6223
55567 100 7747
6686455 29 4614
5541204 76 3285
12828529 36 6195
12985928 28 6777
116822 93 3155
18158778 33 6005
7464944 26 6281
9782985 94 9880
4026362 54 3676
257184 13 2223
222229 19 1015
858843 18 8071
16924 24 4540
3604673 57 7582
165307 51 664
242705 95 3732
322517 32 3791
134760 90 733
10098083 88 6813
1207132 64 4525
1268163 51 9836
2660699 42 3011
3096960 50 2800
7283115 34 7865
3823791 78 3320
36570997 16 8608
276793 9 673
16528 15 442
1013977 23 2930
12610605 52 8309
1504939 24 3277
523962 78 5765
13329333 15 5703
7394 76 5937
1290121 24 6431
19910060 55 7233
26658 9 488
2947915 10 2707
6002571 80 7410
1674123 79 4539
24217917 98 7481
574693 18 1122
1536332 27 2758
33 93 4873
13953405 73 9409
1927791 34 5248
26524889 53 7520
1 30 44
24050057 96 7323
3936 65 243
2888850 38 6794
20156 9 5820
397739 70 963
157898 89 713
3312909 48 4273
3106210 22 7364
15398898 11 6658
1941718 100 4910
699752 71 3048
122627 78 1743
1354258 39 5480
342996 55 1024
17300187 78 9590
11993166 8 6542
518184 16 5371
15831372 96 8422
33254942 35 9865
336121 60 1642
8306958 60 9161
23909708 31 7568
2830090 65 2684
398634 32 7559
89328 80 476
133490 24 5711
248848 82 2293
12801312 68 5345
204266 21 1434
1569375 83 4982
314777 25 955
27722276 28 9522
20161546 5 9904
1 85 4079
163508 78 1021
798804 11 9657
46819464 11 9601
1720391 58 2005
1604473 11 1840
28009871 50 8968
44129 1 579
12356398 9 7490
31935912 48 7980
1354317 13 8966
4812919 54 3747
33522 55 4354
25460507 71 9933
474788 59 3501
393 40 2169
3458527 82 3787
21346685 12 9092
43223 87 4805
129105 73 9511
2596317 20 3739
15847508 90 5843
36724570 68 9291
3698163 95 3953
8071997 62 5779
35246179 31 9487
1645961 3 3551
3902260 6 8475
60318 79 939
36508 17 532
19884612 8 6451
943526 53 2851
111781 44 3418
537199 94 1197
30382 99 1467
216970 84 3886
3923847 21 2701
1 71 469
154480 25 7920
6543794 80 5709
2596041 96 7663
44464 70 594
1719117 89 2782
3346 94 972
622965 60 2405
2903503 94 5152
4641 37 437
9080062 78 9793
660897 73 6731
12593730 97 7253
1676757 97 8039
2477348 35 4018
7713627 74 9282
12522953 9 9662
660 28 364
3936640 8 9967
11043281 20 6407
8148 22 675
27347686 38 8750
990451 31 2188
1721447 76 7377
641372 47 1998
9402549 45 6424
4236069 56 4482
1418180 20 8194
726779 58 4850
539280 19 8418
21159749 24 9994
8799305 59 4381
76344 97 4658
3343238 86 6956
1 36 433
84233 55 4315
2262188 7 3975
588194 46 1080
3292881 73 6232
39622 7 639
381359 12 4798
19443 83 117
6946748 57 7888
100220 90 6443
51573 27 4633
8744282 12 4715
15003 20 452
10352669 50 7718
97333 72 1559
3726608 43 2694
2566601 5 2616
4501764 55 3317
114045 4 3837
4114216 34 9469
244169 11 8073
38957579 21 9895
727967 49 2434
888607 9 8644
1804828 99 4524
33131 24 862
6745492 50 5711
5701580 78 5180
14208 8 69
15537634 90 8964
16393617 79 7657
576170 81 2283
531758 88 2200
549790 90 1056
1900262 32 5036
652698 80 1208
4413 51 66
3335550 42 7807
3600986 82 9791
1056 14 42
60702 30 2850
1379687 83 3856
480337 69 1983
223857 67 1516
2744603 28 8547
2645007 33 7744
2217788 11 2584
1560660 67 2600
2348440 53 4798
1075315 4 3218
36199 12 2259
2212101 95 5136
5171343 17 6785
41223349 81 9184
1590244 56 2979
26694075 89 7266
14468809 13 5957
346713 31 5980
362392 33 5014
1686836 57 5707
6011949 16 6657
3174630 34 8320
217317 89 1670
16750130 57 5875
55184 68 9669
2762375 91 6178
2720018 87 2424
962927 17 1774
1189980 68 4912
25474805 84 7828
5093292 35 4915
24120 74 387
8900391 23 8326
85235 30 1749
10989109 79 8077
27168991 30 7887
28827 37 675
236777 63 1134
344370 37 1333
7417439 34 3862
1693399 4 5949
173677 38 929
3419088 32 3541
3910124 52 3243
4969798 29 4158
4190976 56 4621
13633513 56 9213
1982653 52 5633
122007 49 1260
2747431 79 8378
3251660 44 4264
44049 99 1969
6705 15 4120
801311 95 1722
8941724 85 5093
705135 55 9431
565872 35 2090
8861878 43 8598
6502117 56 6950
3197184 91 7999
73936 57 1251
79872 60 416
89975 26 8365
7824 36 2361
2270476 17 6417
2151307 41 3852
24206020 89 8451
2003896 22 2932
6492016 18 5490
1 83 541
266963 5 4370
29390 49 6077
5235843 55 5028
36958397 32 8932
13200022 28 5044
33817312 43 8288
48896 19 4599
3319013 52 6688
757134 91 9828
3201172 21 6189
358681 20 2049
1139133 96 3881
1755144 40 7261
4435 55 2909
14086934 65 6800
127381 94 6985
5435873 100 9891
1570142 69 4472
11373589 50 6712
1934392 70 4660
924964 60 2331
361189 99 4415
5788468 94 6618
929153 93 3355
6319023 91 3776
29293 49 3865
812839 46 1669
2461030 69 2281
60142 26 1141
2211542 19 2850
7514375 93 7598
527707 80 2976
19754552 72 7994
4699176 62 3388
835388 12 1295
3050295 18 9436
163651 76 780
110 45 682
430210 80 8009
19421 91 134
892519 65 1820
3050539 47 6035
163899 40 6148
5075248 99 4620
22616938 5 9395
18628775 22 8448
1052 96 2334
776270 49 6286
62582 77 3811
886551 39 3243
19972 40 119
10712920 23 5600
1365301 81 5188
13202819 10 6800
1355804 57 1891
23175379 54 7810
12783 84 269
11415424 60 9127
1443355 60 1734
3752603 86 6355
41427330 44 9446
5252634 38 3352
304067 48 3880
5142422 94 8257
4391458 77 9260
1542990 50 1786
9103 82 1143
182653 19 2754
1704836 69 6336
8678887 82 8001
15448906 37 7530
22357116 4 7338
28950 1 578
316 3 3789
743105 92 7340
1028588 27 5337
856889 27 1265
258103 58 818
3564062 56 9738
2894481 90 2862
2395529 94 3424
706369 29 1630
1 78 5520
23646010 15 9087
978133 32 1946
1070331 81 1590
962922 83 2701
2128687 16 5549
110684 81 1228
24360620 30 8982
24451253 45 7544
26214005 63 8110
116787 88 6610
10438726 95 4744
59817 55 1144
14683536 8 7023
1 27 296
1338610 70 7921
2038774 87 4031
5109444 50 3174
13038 43 6829
172765 75 822
3060065 65 3340
182294 95 1269
514745 8 1601
280128 36 4624
6006366 72 7339
5901403 45 3711
1839925 33 9606
19147646 19 7684
41512 7 1001
3709193 22 9063
6356919 6 3934
4550968 68 3500
5994956 39 4654
243379 70 8120
870722 33 3524
25272807 6 8315
9254663 69 4889
2657120 24 3610
56532 68 353
1 87 1437
575468 18 4432
3967190 45 9683
10151533 80 5782
2370052 92 3314
36614248 59 8474
900198 1 9592
1129978 77 3132
21624 48 3512
26866513 74 7791
3102 41 5903
774612 21 7168
7990848 63 7186
32148113 77 8760
53934 77 544
31912123 78 8066
3295636 99 3268
1 69 1538
3178371 95 6757
45656594 50 9939
2253423 84 3128
37158637 74 9370
352 14 8734
387171 10 3731
92648 48 3788
391676 96 6311
528592 52 3495
103460 41 3858
1377441 26 5037
235047 98 1421
9652046 79 4831
24828719 62 8473
344498 93 1523
225775 37 1123
7715263 44 5519
235729 100 2163
1107422 28 8274
4650558 87 5597
2799211 2 3048
237990 48 7010
1338107 82 3652
10454444 71 8333
99223 77 5131
1864072 11 5816
3992688 70 7893
5455058 67 6481
8451029 30 5007
27787 85 4934
5540502 25 4481
22891 68 4295
2762 76 8742
4403092 99 9979
80010 4 4183
3838109 49 3825
5746543 51 3626
1 64 2580
4901542 36 8536
7282 68 4810
252690 43 694
706458 73 2329
146577 43 2782
555579 49 7115
4952818 11 3991
4439053 88 2880
5707529 26 4244
2967738 86 3599
6834966 30 7125
7202 95 6367
1184303 92 7832
1182178 11 6853
918372 54 2236
3308718 72 9941
20444 44 185
597350 9 3850
1462190 92 1700
2798237 99 9484
5434096 35 8253
4206554 45 8397
256370 6 8316
30393152 56 7979
3307103 94 5963
22943797 6 7319
68800 7 3615
99449 79 2201
136 41 849
1063773 87 6318
4688126 45 4333
13916710 38 9242
2430506 14 6627
4955276 97 9129
4454896 96 8660
10893517 69 9186
3188426 49 5251
639236 64 1918
5454479 29 6758
16359446 95 7628
4652576 98 7617
7703839 90 6094
1000152 80 4965
8935338 10 5918
687463 13 4742
1 95 418
579614 96 7984
7909892 99 5268
4738330 94 4042
11845350 98 8752
9015156 9 8232
932324 31 1384
840811 55 3352
657208 72 8632
17805083 95 5874
5092972 54 5519
12032470 93 7469
1377636 40 2229
9000516 33 4582
24092404 89 9221
62151 50 665
2791166 72 5299
2773379 70 2449
35393 16 615
767625 62 2165
5424432 80 5820
12430767 100 5613
347855 77 843
5300073 82 7534
2903584 71 7353
167927 66 7010
559059 89 7090
214440 73 4494
3401040 77 2794
252610 28 2316
3375926 41 4834
27332136 42 9083
740200 96 8919
1527949 2 9310
115447 75 427
9656818 85 8384
8898 15 2504
7546 50 1903
22818 76 230
3276917 9 6381
557095 74 3334
29471 75 779
423438 45 6549
34214842 8 9119
1328503 40 2608
895639 3 1745
2804780 86 7918
5207452 93 4526
30655311 31 9254
87830 58 2397
1294990 90 8551
2273933 8 6562
22819 38 470
6604 43 5628
411046 39 1910
689073 86 5623
1808 53 1212
467751 51 2743
626453 57 2320
30131224 83 9263
52156 89 1899
6043536 91 4871
17258022 95 8168
452610 3 3999
7117191 15 6729
16248902 68 7348
4153540 47 2946
13468815 77 8181
27393430 42 7706
15182251 5 7781
12921 53 1756
13647 3 78
5214762 4 6704
121631 82 7632
12454674 70 6057
647422 1 1302
2780295 45 9715
83718 87 802
18850758 70 6792
2588785 52 2583
81889 2 1169
2910083 86 3330
264134 78 1405
3112763 3 4989
1101499 42 1960
5662951 8 8352
14147407 83 5358
12846153 23 6484
1252213 62 5526
2659259 47 4739
114683 21 3490
6865234 26 5200
15841656 62 8958
16518755 92 6510
2108608 29 2546
820436 85 2185
2402 93 233
397654 79 1014
1539814 90 3999
3303 46 83
36600 53 353
1 63 1208
11706006 81 7438
77720 68 861
19387 80 511
4602652 89 8826
1083964 14 1523
7770981 20 8723
13433562 97 5933
589103 73 3693
71076 9 702
551 35 362
194677 65 629
1174200 83 3221
6634701 72 3642
30393517 36 9858
2397 100 448
336026 41 798
158672 90 9106
415109 96 1672
78250 26 1116
798338 80 6541
2576943 78 6331
828204 77 1432
41084484 92 9468
2123425 34 6130
1144093 50 4376
5869703 32 3737
1 89 1007
72805 51 832
7006643 44 6465
1 82 330
90267 67 1598
547008 25 4720
161560 1 1869
18155292 2 8972
844134 77 2386
481435 30 1440
156375 71 699
3113 76 992
1623725 51 5271
9377986 39 7548
156118 17 6625
3901024 67 6408
3242625 98 8484
28246950 16 8192
301093 30 1634
5109778 49 8523
1 55 4383
922014 33 5309
829485 73 1952
2850575 5 9776
894086 64 3707
768690 28 5249
2154 41 2079
35600628 29 8540
1331379 75 2244
29396027 8 7905
7201 11 191
3692073 77 5428
596 9 456
438876 11 1272
524445 34 7604
482043 24 1903
7254595 7 6182
7714761 13 7574
1225 87 2073
162297 97 1017
6763680 44 4289
395645 5 1181
5782706 54 9823
27707 45 1613
2515857 14 4141
5440659 68 7109
5902307 49 7695
3932061 60 8224
1004412 14 4468
12822092 94 9796
5958976 78 4265
24997102 84 8481
3885078 27 2766
2744490 71 3550
17012001 16 6477
10105971 7 9974
36014 82 9962
14846546 66 5642
156631 12 1156
927768 21 2848
7271324 24 6123
4327956 2 4291
31097254 38 7866
11509624 17 4955
30566 30 3935
33009546 76 9274
96073 64 5493
2869433 85 5251
627 59 3599
6177861 26 4436
9115 17 241
11677374 11 9642
12522828 16 5248
575277 58 2957
384413 18 2875
3999 70 3930
219981 44 5850
1 91 8911
18936046 12 7442
320339 37 863
12352457 73 8220
17927807 12 7933
490584 30 9850
22835022 10 7910
25553824 51 7418
1 83 236
3265721 99 5050
568649 48 3245
11126118 47 5349
55331 62 8011
2029201 56 9310
30672123 38 8733
23084793 63 7711
6714519 40 5864
1884659 83 2385
1732045 89 5171
2903011 72 3789
1119970 64 5987
9441567 20 4710
2313464 17 5614
5615688 31 9261
65405 86 4735
47163 93 7518
24060802 31 7325
6768256 51 7567
18937214 13 9736
31262793 39 8233
39087276 63 9614
1199863 23 2045
15205 15 99
15830864 23 7430
3768 50 702
647264 25 1305
7856110 55 5306
23523 82 2146
285157 98 4438
3203951 60 5219
17735420 29 7342
4993752 25 4495
23599582 84 8580
92480 22 1073
43450 2 7907
1665049 77 3147
3292804 6 3150
1112451 59 2343
53195 98 1784
363748 70 801
973083 11 8858
584311 26 2925
10023402 27 9745
17325555 70 7243
1897287 34 2254
18151648 45 7453
199682 16 2400
32797229 15 8601
1383117 96 3723
228427 25 3290
399348 82 933
3814482 46 6747
18 27 4437
11893784 29 9295
2107514 41 9764
1017938 13 1669
528972 19 4039
7161809 97 9918
6382798 44 4227
20986 80 655
1 98 1379
2380018 45 2288
31705 46 155
2654 82 2051
5612275 74 7306
2998246 26 3401
2236700 70 7030
11458803 65 9297
4621726 86 3087
34661939 76 8897
2011422 17 4452
664293 55 9223
15601384 11 7812
2668929 43 9604
113481 55 4305
545712 3 2126
106891 59 1681
4127097 92 6062
2721210 33 4454
253743 70 922
5310734 31 3849
198515 19 2681
9746 6 81
9814382 19 9828
30848934 90 7906
899306 87 2707
5942112 70 7887
78734 95 2866
8652775 12 7253
12761866 74 6243
22350 24 8230
367389 43 2446
213228 80 6543
228809 39 7111
4365235 28 4391
12734501 14 6189
13297 51 4512
115375 94 9228
1254500 60 6173
2605 46 91
3169474 87 2447
341144 28 3203
3632707 33 8095
1125296 6 3065
1239520 11 3554
4422681 49 5708
27134644 56 7904
22660402 64 7696
8164179 63 8137
110348 96 3366
11868522 76 6178
1510328 53 7090
76804 61 1275
65960 26 1468
16204328 51 7971
463956 98 3985
308611 68 1426
46635 63 422
5940849 45 5479
536040 100 7735
658001 34 5435
9105400 47 7347
520685 38 2188
2618762 26 8719
190178 14 818
315687 60 705
10197143 29 4501
173638 83 6064
6927975 58 9510
4225623 57 8191
13081494 7 6170
10506579 11 6767
2773107 66 8326
23283 17 136
9433739 75 4886
1436181 10 2421
29422484 33 8735
32306105 60 8391
895369 28 1526
7815 49 3800
7601038 24 6520
12325 3 4931
11498797 88 7245
21537819 2 6543
2128 57 2339
1823298 21 5501
606886 69 1227
3987110 18 6405
16719 98 2925
2866654 23 5447
632083 5 1601
427521 61 5190
7879855 41 7502
316 32 1236
27416 89 2464
22915544 18 9340
11021566 46 5919
11892921 91 5649
22138193 66 7456
377540 53 3190
15328740 27 6314
1998080 4 2872
28752603 38 8385
225812 48 4624
2585330 14 3731
864509 24 2248
551123 57 2076
1671329 51 4644
635251 45 1035
20220627 82 9282
2603513 81 2620
22945373 57 8768
240278 11 1202
3473389 26 5115
600542 61 7373
7251239 46 5869
1342538 35 5679
14224947 17 6926
23819467 56 7218
42 13 3581
1448050 5 3325
181864 4 2445
13349686 16 7414
23777553 85 7175
803902 94 3259
6229582 80 8580
24433 15 359
3500563 85 8200
13537 94 526
3392264 14 2657
1108622 17 2019
185088 99 522
1068678 8 3857
317921 87 6629
38062135 15 9210
6736325 94 5146
416811 13 7826
2257024 13 9912
1505092 41 4241
22543210 72 7454
1436665 87 6565
8987629 69 7001
520470 19 2527
1016683 2 8560
6792315 97 6460
373244 11 902
6716231 64 4094
1933465 43 2044
92828 1 4581
576099 22 1281
1608580 17 1716
445482 5 2191
46163 56 7127
1 61 1342
8475064 1 4193
5789435 9 8689
539432 33 1358
6970825 80 4940
4398403 61 7417
2380464 69 3717
2758542 31 5968
16508160 45 6350
18352809 52 9163
3523316 80 6186
9984 5 590
180289 72 2355
1120887 98 3818
528961 53 1730
128938 66 6001
3856 16 45
164502 56 885
2135294 12 7708
45083 1 5502
57427 68 1253
13536198 86 5652
4276 55 4211
22854237 2 7101
1479473 6 1901
3197663 61 8346
1166958 64 4102
169478 30 4200
3272 4 192
204936 84 8785
2224731 89 8896
431063 51 6365
1967000 45 3200
163285 12 2837
375852 76 1272
6480519 51 9348
9495900 42 4653
466 37 780
8949219 26 4933
6297071 28 4333
1289216 74 7329
6830395 95 6954
2040764 72 2556
404670 1 2542
4140529 31 8555
23919487 5 7024
2060216 58 5135
6893736 14 6050
21273585 25 6435
207728 74 1834
255982 33 692
1004892 48 5815
1187868 46 2623
12575452 88 6420
2649420 92 5965
486479 35 1720
161091 16 7684
10865970 46 5815
7638734 88 9444
3704351 49 8978
17053 77 2169
150337 92 1681
445005 52 6853
7043956 100 6562
20612220 19 9190
25763148 40 8627
7076843 36 4960
4612486 19 5051
914369 37 2047
13829570 48 8262
4004411 44 6835
1473 80 372
1369547 63 3041
26191219 25 7808
22859105 13 7415
46102 28 3367
2800206 94 5963
68542 35 949
1018724 79 7831
5647810 46 7220
85318 55 1136
4745749 58 5766
29936118 79 9096
4500449 6 2988
40936109 40 9119
472816 81 6539
12665133 88 5210
34033136 89 9413
1677275 68 1744
4551606 78 9054
405189 96 6956
24445 47 208
7953176 34 7192
7076611 67 7572
37552185 31 9156
4927917 54 5503
17470 10 1000
260546 43 1547
13318714 12 7260
24222029 77 6936
6677250 51 4390
695907 44 2044
396408 95 847
162467 57 692
4296452 2 2881
3231798 64 5438
329476 92 1142
43590 19 1595
116832 42 7110
21389224 20 9591
12197738 42 9932
9233924 96 5015
7043529 79 4608
5327031 1 3739
3666294 29 4554
8843581 62 9943
4368810 82 9847
13069788 13 5598
473338 60 1286
9047300 74 8484
589642 21 1551
58553 98 2477
149556 85 3779
210156 44 625
15047 78 1135
760797 82 6321
758674 73 3109
10804218 15 6980
38766184 83 9374
1 35 125
2164235 73 3039
358650 42 834
9506220 45 7535
4165376 72 4872
887607 84 6168
8647064 73 8302
4009659 88 9190
1752137 21 9697
4606596 13 3168
2667225 47 2212
1650364 13 1719
4202727 99 9660
5402 91 539
10694 82 2215
6820 27 366
343392 50 1613
16579172 40 5689
1770376 59 3636
1856270 75 6639
352611 87 1172
11889611 89 7909
118688 4 456
42075054 53 9121
3733377 65 7403
14327 72 137
14281592 3 8377
12429655 27 5796
490909 11 3588
3406876 16 2901
2684575 90 8811
145917 19 6401
130822 14 3574
87307 61 1810
33852560 68 8381
140300 52 2143
44396 89 302
84492 48 315
868622 3 6419
4243675 30 8941
1184171 19 9783
1 23 131
11953724 45 9958
7126264 54 4701
1506791 16 1957
422053 90 1453
1900759 72 6657
3145728 54 3731
3210469 53 3535
338370 25 1317
2777205 91 7689
13495378 44 5999
9759294 73 8334
25403588 67 9071
752420 43 8045
991859 74 6824
79434 4 360
5748730 91 4219
1320404 29 5051
8770933 74 5252
23087267 21 8582
40595038 1 9714
1206315 76 8670
36201 68 1746
848855 40 9637
261222 62 2440
16642956 11 7846
10042893 18 5120
14276245 78 8536
13507663 59 8661
19055609 31 8558
9550430 79 6575
2241631 14 2570
139953 29 1803
1 66 256
2673367 43 5105
5504809 51 5671
12644374 12 8904
2987154 26 2588
333663 90 8435
163583 11 850
351330 50 5944
1 98 432
6709566 95 5172
2361431 86 7294
22757928 34 9784
1792300 91 2365
1168582 55 1805
2493943 89 5152
20293978 91 7870
111633 26 2259
2461507 69 7298
1453490 25 8542
661652 68 4021
15901587 44 6568
21608475 14 8206
13781546 56 5917
16562889 91 7140
798477 21 6494
1046030 82 7205
5333037 13 6716
24304966 32 8847
13247183 4 5852
5034758 92 6859
11223594 2 7321
6155341 88 9999
13992006 65 7816
1097057 62 6061
3570769 78 3108
26835 24 2364
4302 6 858
257209 77 826
3879964 24 5247
8499671 64 7569
382385 70 3811
244489 73 9877
1564876 54 1731
4285148 65 9290
233424 24 903
483016 6 4773
5578490 21 8851
23904842 43 9077
7943712 34 6490
1078123 60 1675
2070571 25 3048
23829 79 793
17992256 83 6494
9489453 7 8510
2692482 51 4895
239599 5 4608
3812026 16 4123
15751659 94 9702
568205 30 3221
9855280 51 4865
8422613 41 5380
8444229 2 5523
22327634 39 9202
190173 83 6067
841513 94 1723
130931 57 521
283512 67 1191
20425707 15 9021
25153498 64 8982
18685443 41 9185
15102 59 2598
7775677 2 7320
9504732 89 7738
348781 100 5651
2029 81 3609
20444672 20 9950
59760 30 8394
3348555 9 2620
245296 24 2729
39031889 16 8775
5837 75 3881
457935 34 6543
4746659 26 5562
998115 67 6272
155277 17 665
571192 66 5695
33263033 93 9732
35863757 78 8818
13973965 64 5255
2542055 27 8956
16415634 50 8971
23091661 42 7367
616302 68 4640
16253436 69 6937
3474 52 1267
1 91 1533
430697 12 4393
2414684 47 4061
462106 47 5895
2102 55 2383
96094 48 1730
4873817 70 5973
657076 45 6233
299780 29 5389
894435 4 2900
892932 93 2440
4651248 70 4500
841027 46 5526
656241 2 8251
4179050 74 3594
6908189 48 4021
293594 48 1468
17360668 34 7171
722726 27 1365
33957641 91 8186
37631 50 2680
18056351 41 9368
29811072 93 7632
1178895 51 5124
614524 72 3005
5890800 36 4496
3457464 87 8270
16346971 15 7307
1671431 63 1982
740912 49 2896
36424 87 2452
510860 11 2696
2207856 24 3322
4067 6 2515
3091731 69 5727
185079 69 2563
2968259 74 3336
16074536 28 8538
65447 17 1311
709244 75 1161
2234115 75 2623
41797962 49 9618
2415950 97 7590
42259 2 5111
23384474 8 8001
244593 95 856
2430235 89 4313
9485231 27 6292
204620 97 553
10662449 29 9072
317053 82 6694
1 52 1152
20542384 46 7654
258203 75 3640
8145041 16 6567
9054 92 1077
2216008 53 8103
31066024 80 8645
5599806 36 5030
1865 51 2368
14997769 32 5955
449971 69 5780
1129610 72 9927
6371 87 591
4680724 90 4067
2578167 85 4283
2283623 3 3219
2141 7 2896
6128395 92 5101
14981510 63 5876
48487 44 752
866168 40 3960
3698151 17 9460
48354 77 1553
1111830 49 2832
2682800 47 2691
2877538 54 2326
1 30 268
157 15 2358
3909844 13 5800
11169418 84 6138
3184 90 1318
7859617 74 8896
24772271 44 9311
343530 25 1795
1498986 15 2228
32382 8 9752
1397293 65 9746
12902882 30 5440
11866262 21 5149
44791641 61 9768
4260689 54 9766
6303320 79 4216
898224 12 8377
195177 17 1354
12054655 73 5191
5273428 24 5259
1720725 40 3562
82204 17 3239
6659026 16 7159
434629 33 9940
10228803 43 5417
2335381 99 6715
1 64 2305
2784519 13 9417
7596893 34 7139
1630746 37 5063
12454155 58 5010
2856534 71 3912
1097884 63 5960
126531 19 5261
2428911 22 5439
1 21 6372
1 62 134
386519 40 2341
5767128 2 6018
1155636 28 6470
21562941 66 9444
2779997 76 9068
17414047 68 7086
1 99 1805
1876777 8 7573
705839 78 3263
2601066 13 2363
203817 49 6848
2214199 61 2119
816210 55 3150
459388 20 3890
2670563 21 4739
108609 67 2593
591585 58 7679
1672180 93 1961
3235563 48 9667
1738841 61 4608
3284845 6 8686
5947162 90 4020
12741460 100 7123
22504589 32 8722
3235860 6 9024
17975744 46 8351
99275 19 7234
1081342 70 9301
16268173 20 8476
1236439 22 6041
1195221 27 1917
5022910 41 4147
23811662 31 7852
13355378 72 6481
7881702 90 3878
4269758 61 3077
1568634 51 3172
11649393 15 7784
2712662 42 6054
684997 40 2301
102983 84 5583
5461230 40 8700
8350850 13 9915
64455 98 360
664169 60 1758
5974116 86 9209
25398635 25 9732
1402843 80 3440
6378982 90 5450
2916330 12 6418
148007 14 1631
7223217 31 6224
947811 74 1469
6971500 70 6982
9305 52 484
2425911 50 2309
6748855 52 6832
910941 89 4767
319574 30 2036
1025520 89 3038
517994 96 3481
34966671 22 9241
4695746 91 4022
884977 66 5471
3226547 5 6692
6399737 83 7501
8172712 30 5330
39754634 1 9023
28931 70 337
8755717 54 9613
1419119 84 6391
1813087 21 3552
12505719 16 8254
10948572 98 4938
12732890 83 7233
749012 4 3447
18045999 86 9300
2221823 72 3417
176886 75 657
10947142 85 5851
203220 39 2762
1 50 542
1382854 35 1774
18530064 22 7701
958935 49 7696
1030441 33 2237
320185 8 1132
16907 50 5351
13764 27 1187
689518 42 1399
73262 60 995
7303502 92 3905
273292 59 1358
766138 16 1682
3185060 94 6031
15741787 67 8459
184693 29 3776
13811189 53 5434
38661435 55 8926
12695395 69 5502
313353 13 2385
1087394 56 3799
2216464 12 2135
992279 6 4719
11466943 18 6537
610128 32 2878
8378964 47 4086
4626801 76 6980
8703 41 5962
2041711 85 4731
5058789 59 9736
819842 71 2136
23300538 90 8549
113135 56 7501
1650119 1 4828
246212 87 1405
9762 42 216
2751307 95 5329
29446 47 7858
2561306 69 9768
11069716 23 5712
18537008 65 6570
1972085 51 3661
7115639 23 5445
39693890 40 8834
1587430 78 3503
7875033 58 6753
1 38 1043
10535077 60 7917
2997245 5 4417
1845806 89 6551
2848940 57 5057
9911351 30 5455
8000457 74 8068
184326 93 2268
54057 67 2011
1787012 31 3167
23911293 2 7566
1818 20 1500
597227 53 7172
3814 36 349
6720683 85 5115
121069 84 3130
42381 83 8495
6099780 55 3807
591009 81 8328
42158 55 3384
27156073 6 8350
26089578 50 7220
643496 8 4715
2666107 25 9536
7869817 4 6344
6404 28 8679
14506746 48 8290
35403 69 517
184263 21 5523
19554176 27 9929
74035 12 1134
21659 27 815
97916 40 366
16762740 55 7420
20148177 28 7106
10033255 93 4480
305386 6 4655
972624 54 5239
6020763 89 8409
22975239 73 8505
4322315 23 7126
332 21 5326
1670546 76 8382
970068 23 6156
190112 87 2510
461411 9 2177
36357099 79 9533
7128000 74 6014
865 13 5349
11949899 82 5517
2175932 68 8411
5332796 48 3474
742656 90 4825
1500818 40 2875
4430368 77 4622
19319875 85 8801
10607 62 307
583331 44 1461
5505 28 448
2265692 49 4817
197011 74 8705
1 72 2163
22992722 80 7330
8595568 12 4106
19891992 71 9404
86453 98 1566
28880681 99 9541
4827613 72 4320
679756 12 1643
3275084 55 7187
1561008 25 2617
1937517 31 4494
21107978 86 7281
6575901 86 6912
5664152 45 8875
616755 79 4063
451628 57 5970
104392 42 612
5041538 76 4700
2568357 7 6062
3322772 16 6242
2497 53 1090
19819688 53 7198
191387 1 5749
261461 87 2979
9623050 72 7191
1650 29 2975
1371842 84 3703
13338251 17 5785
6427846 38 4899
9323516 16 5916
1785685 95 4402
9285733 34 8339
2401945 15 7197
10202375 43 5261
4657977 2 8535
288230 20 3098
1771695 100 7970
697469 58 9155
36213507 71 9425
34473651 33 8411
1413112 90 7788
36701 42 1260
1757184 55 2445
4104124 92 5728
15635803 86 5854
12246696 66 5853
6021297 35 3449
6608038 3 8901
45725 95 3122
7869714 88 5586
95326 50 3143
1006759 86 1793
600342 63 3927
3104741 20 6335
4725751 51 3394
28766915 70 9128
33791 73 1164
4110771 92 3226
5093455 10 5381
1612810 49 6568
185332 31 522
468881 64 1335
153229 93 1853
365533 95 1473
2333702 34 3810
575829 33 4815
447965 45 987
3272624 57 2535
572540 31 2081
4509337 54 6018
19489582 81 6291
1663635 88 2555
12585660 25 5215
973165 3 6638
19088014 41 7737
431734 69 7904
4302624 27 2932
874703 16 1959
2994576 14 3865
25739 18 1709
2777640 28 7657
45571316 9 9899
39761909 89 9706
23266047 31 9334
3119874 8 2612
17519292 33 6321
135578 86 527
12030619 31 7541
39810 70 2974
6362679 11 3518
13685436 72 5624
15716618 18 7171
10045451 30 8760
2703183 41 3208
18937 39 276
7848301 43 5416
8660935 35 9442
975233 58 3288
4935170 79 5513
1292337 44 3577
928423 15 3532
463725 9 1734
5843357 3 3732
434282 39 1399
10170603 25 8590
8671823 51 4218
17961696 12 6378
1568674 85 7443
707317 50 6924
139040 25 475
69872 15 1639
399461 42 5258
525228 15 4938
7251112 76 6011
1 65 6145
2366117 98 8263
4116253 41 5462
323 25 4471
334644 89 5660
11676572 81 8990
1189554 44 8542
33473895 83 9660
9493587 96 4740
153383 83 3195
25152868 84 7172
1135315 88 1676
2896835 44 5316
23809 64 476
1298138 53 7335
137776 58 2749
92552 66 3616
5687032 50 5332
42547 64 228
176563 20 535
8241886 43 4356
14569785 5 5371
16084990 50 9123
711622 92 1787
1617752 74 3021
5570568 35 6489
95759 95 2818
1 76 2284
5782450 57 5285
97006 42 2685
387307 43 1301
7365812 42 4271
582078 47 5959
30320378 47 8301
325 47 402
34727450 5 8535
441399 19 1288
1874923 50 8304
254612 46 5032
1583962 85 3122
1 79 1436
20398 88 5671
886643 75 2084
12732 85 432
2854733 58 6231
552640 46 1455
2951064 9 3856
3213888 14 4566
4570342 59 8221
73002 57 6447
1813512 84 3659
82522 31 1802
1132312 68 2271
3050085 31 6921
6442095 23 4570
1186565 46 7701
5332913 17 7822
412727 16 1484
1 82 1914
11862100 3 5655
755463 20 5826
3733267 90 3254
909868 44 4172
2512611 78 5824
59743 63 1486
88058 71 1086
85084 47 658
113636 4 765
120227 8 500
21178 12 344
721316 91 4899
3060379 100 7075
39402241 6 8830
4047886 64 3432
93287 40 7399
30890784 64 9925
18117712 1 8253
6186884 13 7012
8460655 100 6551
228933 11 6978
1304669 26 9983
11987077 83 9160
2657292 82 6311
25968173 31 7514
10602098 86 6978
17453214 62 5852
14022433 2 5813
24520 3 3429
65507 38 770
18668355 32 8853
164282 80 796
23644 91 5145
1050972 67 6573
5744012 25 6738
943086 12 2515
4543114 27 5348
2079368 2 3933
869 23 3266
1351305 69 9058
7508 75 3004
234827 61 1117
2945368 98 8146
1127708 33 2930
12307494 95 9954
51052 88 8721
9475551 8 7229
5001548 24 4479
7778862 78 5465
1 95 2358
674514 88 1820
1096766 100 7033
14707980 78 7408
85302 82 1012
1565256 23 7026
317 21 2405
1766304 46 4429
965973 54 5766
86691 11 9507
5455054 91 3775
1206379 29 2914
1 92 9067
16320 85 6653
6813116 65 7683
3693344 65 4267
46907 57 1388
478118 9 1071
8959610 11 9337
6833376 34 5306
270226 49 7144
1 98 678
85015 14 8614
703295 50 8243
152165 34 1150
28596839 36 8339
23262956 35 9575
29722696 89 9472
5714489 4 6366
46912 8 2967
2143302 32 3936
3370624 54 2707
9369985 57 6684
16148616 92 5823
2721806 50 4025
649996 47 8155
808241 10 6730
3276798 24 3225
26283851 2 8479
8226414 84 5463
2349385 93 2320
846047 83 4398
3215 32 2897
7871 30 1110
5219226 66 4678
26558949 77 7977
2492618 66 2873
3340898 64 6233
21437 55 413
25466181 67 9897
963 73 6836
5523553 80 8152
321247 82 8234
17869740 32 9383
41558281 24 9116
11918067 84 8796
4425079 4 2899
410833 67 1508
18973188 40 7965
34539348 57 8317
150617 72 4180
5966158 3 3438
32572740 100 8200
705737 49 5914
17926050 21 8277
12760917 19 9287
543172 79 5659
30010687 20 8420
1 70 145
1930696 100 5407
39066633 68 9223
780274 72 3130
2194129 85 5259
117402 21 5482
4278904 97 5871
1540652 9 7028
251554 23 1061
1767562 94 4893
3341138 10 3302
397744 49 3287
1 94 104
7869 8 2875
38259346 9 9331
1876551 56 2825
27660620 88 7783
17361972 24 8471
14712787 16 5390
42332169 78 9514
6814465 9 3697
9956936 26 6880
2292825 79 2954
39808 40 5604
4417534 82 7912
16630 37 4324
171029 71 3584
6884112 38 6367
536241 68 8023
556813 1 1696
3878051 7 6312
3531618 25 4947
21214614 54 7392
41649 15 2949
20872249 38 9470
6546633 24 8374
10431042 96 4473
16943335 35 7451
512619 44 1055
1 51 71
81040 9 4772
999642 13 3673
403884 13 1806
355676 81 5514
79763 88 4951
813508 56 3354
6142031 14 5935
22662308 40 8870
10042944 5 5503
11482 91 438
11078814 85 6010
140680 16 509
12544635 49 7272
1438614 71 7827
512720 82 2293
493591 38 972
12520272 85 6938
32881050 15 9260
2433085 15 3577
12816 11 501
1183483 65 2227
44519 52 365
8211435 40 8479
155857 5 1392
4501137 43 6159
42121 88 2449
739283 88 1592
2095733 46 4390
44932496 14 9906
6771049 37 4496
11276 85 768
19755 36 4229
3713308 11 6413
7392076 80 4239
14268 23 802
14845902 33 5697
807378 89 1442
143562 65 1360
2034906 15 4242
13325 75 1379
24238526 93 8914
54921 58 464
1483618 90 2017
4621536 66 7321
3684769 44 5910
2370928 13 4536
305750 16 9940
16869765 71 9026
1585615 74 3964
8146645 49 6166
8820644 11 8783
1 9 292
1223041 97 5747
16580568 62 5899
1938922 55 2244
203514 46 595
10550179 28 4514
23245072 70 9786
9592247 59 9755
9121580 63 8755
6655 15 5294
7942244 81 7690
79677 10 1891
2433101 89 3524
14572563 87 6099
40042 7 2427
3500189 31 3865
1287953 11 4488
29869740 87 8124
18867 88 6947
1147349 44 2758
711742 86 1780
519843 61 1391
6522498 54 9323
1033290 77 3136
51004 47 301
4169622 85 3932
7966 62 2823
2224431 8 3648
10293649 19 9415
3471968 56 5158
1281520 41 2976
50427 9 3141
220506 16 3223
31805486 10 8637
907423 95 7528
95794 8 1903
3356041 68 8731
406517 17 1177
19955673 98 8792
2049637 65 4310
3156242 99 3761
11881029 57 4886
524339 52 1681
5035857 54 4247
4897080 15 3291
68923 79 9678
27652 28 2752
136596 87 1676
270667 13 1035
6005701 15 4872
3768779 19 5435
345821 22 4458
67625 48 1603
1467782 82 7790
22866 32 488
6113725 9 3539
7977014 83 9557
25840562 23 9583
169644 8 1292
1098687 17 1501
20358462 14 6910
10333126 52 5924
650372 46 5562
5348723 47 4595
7288220 37 7529
6929311 47 9543
6900096 78 7383
4271481 97 3045
47617 40 1924
256470 4 1059
15628 10 307
6595 1 186
1251823 78 2890
7700 70 541
2834326 88 4470
1642679 41 7077
40259072 87 9950
57403 60 1926
3020572 36 6233
4125778 83 8392
11012 21 190
12418483 28 6302
6333095 73 6922
16308645 84 5902
527971 60 1948
2582493 49 4311
12791896 38 7707
2164954 76 7693
29753229 59 8937
1349739 63 3334
56363 3 9106
349829 71 3044
6740204 3 4775
531834 19 5112
22201605 43 6897
69733 37 5225
2741498 98 3148
5797456 89 6824
4352527 4 5006
2882198 15 2930
16654277 82 7837
445932 72 1502
4019333 64 9809
4067203 18 7871
161 1 44
179071 30 6391
632245 21 2261
15108590 38 9849
617399 21 6229
13827862 97 6143
17044994 100 9488
352246 4 6938
943059 77 1827
5239815 14 7626
2868 49 5324
13515359 7 6028
2422262 10 6946
28376778 43 8938
4629014 59 3597
6331039 11 4397
3256070 94 6634
694028 50 3673
25591377 99 8032
125890 93 1228
5460920 84 9725
35483871 50 9169
2533831 17 7103
165830 14 2434
3116997 85 6201
309147 76 846
415250 73 1877
2197297 62 2111
549087 50 2869
1 75 458
34715944 60 9787
698433 70 2191
389051 70 1215
1495063 62 3874
2030067 88 8461
11740461 56 6886
14023385 55 5414
859940 92 1902
90877 1 2790
500486 78 6153
8725566 79 4177
13758868 28 6570
3830228 68 6878
370468 79 1741
2464217 37 5302
47039 63 7718
431117 95 1979
3822796 53 4180
6390677 72 6400
213877 38 4878
258593 65 1236
80943 97 9934
6841113 38 3959
4267378 74 7410
2128437 89 3139
1025515 63 4175
11605814 65 6547
19586899 91 6417
26308 23 1309
19847806 88 8667
2272076 86 2233
2352823 23 3885
4349 18 1289
768700 1 1647
32843732 39 8268
4202474 7 3844
152378 80 6594
229076 77 4553
601267 42 6728
313886 96 4933
6817446 47 5685
4486233 35 3917
2332458 51 6698
114014 17 2324
1010175 7 3393
22220400 18 6785
4988519 77 5776
2525019 99 5370
2609925 79 4149
131778 30 1984
336848 20 4434
64038 61 1196
2663 27 1088
3854 3 415
7509680 85 4074
4015 96 7906
2242541 42 7493
8516807 44 5991
387420 10 894
270618 24 2777
1 64 993
1 84 2297
228 8 488
1872051 9 6572
14298617 59 7879
435889 29 5298
2902832 3 5149
806104 74 3003
18619498 9 9272
6678976 21 5110
16913 43 189
1563904 51 6280
1273652 22 2612
13828232 47 6379
12602856 69 6609
6920226 52 5257
4467316 90 3974
14164282 56 8046
33280 75 9078
6015253 94 8882
17399001 4 6940
6729207 82 4175
2773184 42 2885
4229534 68 3217
3027114 62 5569
19356 87 2604
7423467 12 6532
1423180 28 8963
16007125 36 6447
36022946 94 8403
1 76 120
1197454 74 2104
21469795 89 8091
31793792 28 9667
3026010 51 3216
67505 74 3757
1188353 84 6622
11906913 76 5962
2589 31 567
8451133 23 6591
1581291 81 3686
32589104 13 8724
431734 8 1737
228450 1 652
4025985 9 5381
2817 80 201
3166106 88 6163
2295393 91 4601
726248 27 4762
841184 83 1900
12685580 24 9893
334165 50 1375
212425 52 1113
5974354 1 8762
11888545 17 5245
42789531 64 9639
9036500 100 4346
708728 58 1324
461485 75 2350
125421 98 462
424173 89 1439
9739350 12 6930
105945 6 1130
106 31 6420
79164 55 1833
3020252 68 6689
790566 99 2225
527 64 567
44549031 45 9485
160767 99 4239
13599906 39 6655
511577 14 2328
15529851 34 7397
56260 49 833
3428100 11 4177
2863484 46 2588
4233189 39 4674
979508 73 3900
1203667 68 7209
36825925 46 9491
4489644 88 5296
5947600 47 9731
384915 27 8007
10608619 18 7312
204902 25 611
8804703 49 8169
561238 52 984
3759439 9 4626
10670391 43 5195
1 88 104
7857317 56 9897
1119191 79 5714
3580467 73 6011
773965 69 4003
8365077 48 5762
151322 62 6824
102266 39 7287
18371960 27 6127
25921730 41 7806
5351778 46 9166
18046 68 9179
1497217 11 8710
471435 95 3942
92715 78 591
1210376 95 8853
15883 21 838
2808207 28 2879
67182 89 639
8528116 88 8968
5234600 72 6900
29193855 73 9731
414738 37 1281
1895893 68 4645
3067808 31 3979
30644819 100 7739
4997419 35 9317
182863 3 2350
36147257 66 8513
19508817 17 7953
21905405 57 9446
172242 100 2337
36059 59 283
5373619 77 4598
6815341 31 3995
16284523 82 9198
291142 25 8313
46486 81 6229
42152 54 1831
2990567 28 6318
9262230 38 5901
225121 32 1097
527111 76 1768
30362 30 3885
15962933 24 8674
17571 90 4127
261413 77 3611
21628587 55 9812
1192886 71 7823
10564 24 2849
28910822 100 8688
3334355 45 2880
24132051 4 9603
13827653 16 5867
7720934 41 6504
27830883 27 8131
12024165 52 8775
246707 86 1431
3009719 35 5497
66712 92 488
2222882 52 2642
799944 75 5656
42989486 1 9373
694545 1 1995
70761 77 1538
145052 6 928
26263833 55 9990
4855220 43 7100
224531 59 3761
6706347 9 5240
9748908 43 6901
96331 58 4167
16163181 94 8479
6394240 86 5568
22894590 52 7513
12510489 9 8465
2766577 18 2529
1862317 34 7495
21614309 54 6584
4898368 1 5312
7899710 40 4003
3001002 36 9224
4525161 61 4354
20352451 16 8539
12948711 98 9110
4802136 69 5618
1 80 2706
215207 80 1455
8038388 88 9163
233326 38 759
18242399 85 6117
9282638 84 6492
1385482 44 9801
43750 34 268
11761599 54 4839
212818 17 3657
1213796 66 4080
2312455 63 9909
5666130 8 8219
247376 83 3828
26140006 14 9415
30449059 36 9819
56172 54 1414
13206762 88 5861
15646 17 123
3972502 30 3896
749261 30 2456
8099 2 277
21592236 99 9333
2470520 18 8619
9839045 27 9889
6517477 20 3954
1 94 988
10444 89 584
18255 16 1517
22183684 100 6909
963761 60 2862
7047318 49 6271
206996 59 6324
1625109 44 4007
29493 20 435
15917 94 1790
8688354 38 5215
904382 59 4499
25813566 72 8513
4094694 54 3401
3368945 90 9449
24400261 12 9443
7375 21 2380
745791 64 3368
16104915 62 7667
1654490 57 3431
2474025 92 9612
225691 22 899
2107982 85 4492
13450053 22 5554
408407 61 8856
79910 73 3876
4458342 63 4490
689610 49 9463
1898460 47 6333
8238669 1 9815
18063918 25 6321
1987213 85 3748
4077080 59 7446
1250 85 491
3265994 2 6363
14639187 43 7839
15715096 41 9100
30541281 32 8703
13948 81 1365
21855598 52 9597
9620772 70 6555
3822843 19 4552
3640558 2 8264
1440134 22 7883
2934003 97 4756
1842102 61 4827
3478084 81 9388
554533 98 5084
350682 67 2270
1518639 75 3416
1944547 53 3401
1208134 59 3699
2482579 25 3904
9151096 88 4728
206090 13 989
1372124 15 3697
679727 68 2744
61 16 1066
5356044 14 3511
3476533 2 6487
13714514 45 6966
491 25 464
1 98 8818
2953935 41 3643
19505356 90 8833
12030537 9 5735
5910171 97 4407
14067773 24 7793
27620501 64 9142
10851620 72 6132
204 4 7858
59383 52 5106
2156579 67 9287
460044 28 4702
37739477 64 8839
424845 18 8036
1246223 73 7123
46429 65 1131
1 90 3692
743229 9 5108
2680414 100 6106
28049007 16 9770
6375602 9 5929
1048302 12 6196
493865 91 1013
23952781 74 9452
20285212 2 6732
19975935 29 7612
677290 25 9520
272455 66 6210
7201785 96 7273
48291255 11 9982
70161 29 9970
2443500 94 5102
10836243 30 6675
18724976 78 8515
16683020 61 7054
1 85 2043
7964369 8 5593
36101086 44 8568
758822 92 7837
22483425 48 8818
8190091 39 6793
781410 93 4121
3301751 10 4628
6565049 17 8968
10907887 26 7445
142778 34 1254
3632928 8 5412
1738601 57 3458
22638100 89 9645
228314 9 901
23836918 27 8880
947530 18 1365
444939 75 6632
2469970 50 8798
510955 33 6652
1211355 7 3173
3790255 65 9185
1639243 48 3483
169264 56 5182
1926977 45 2936
4364223 14 3855
2887646 26 3844
40551 88 1286
10109499 86 5513
6309201 97 5033
1521886 50 2721
2039284 73 2579
10842455 98 4713
14112326 32 7140
1137212 28 2078
3247198 20 8777
6175504 16 3940
5492321 40 4171
19854341 71 9659
517984 50 1611
203802 11 5316
10604259 95 5991
45875847 44 9562
1 49 2137
12045309 44 7763
138713 73 3146
2973056 99 5196
5234 72 1961
6499889 83 6256
32573 13 2159
677066 1 1395
437359 14 1251
15927813 92 9873
11193787 36 7937
6326766 86 7155
13592369 8 9090
16735978 34 6995
22793329 94 6775
2424409 1 2555
496920 34 8553
12503475 68 6519
588586 6 3897
7988028 98 8024
11431388 5 8874
516582 17 1922
1 85 4314
2665859 38 4565
1007677 68 2178
30230041 3 8172
447618 39 5854
9851461 84 8327
5688338 44 6891
12931330 13 9684
21033666 77 9894
222076 69 2368
1790599 83 9048
949124 11 3612
253359 73 1236
14861035 28 8190
6334121 3 3465
123385 53 491
13750875 75 8604
5157442 30 5616
5684007 42 7800
5655511 98 8760
1790437 100 5048
407655 57 9515
68401 12 2701
20690 53 1078
10743431 89 8393
3722934 70 4885
585232 20 1010
787463 14 2363
583928 96 3288
148132 68 1298
7307 41 1024
364316 1 2752
18826 41 1479
163121 100 1328
96170 75 4295
14179 38 905
15204158 32 6755
3681751 19 5174
97771 37 965
8085249 83 4133
2124668 96 3786
2111004 39 4320
11050141 84 8698
5928868 33 4968
5078443 72 5930
7865042 60 9658
3021722 70 4323
10860506 79 6806
9822221 81 9102
571361 54 5023
671978 26 2717
37691488 23 9710
1 74 9011
8932876 78 7306
2629402 69 3373
10730426 43 4849
5753256 27 3914
3020329 33 4341
575 11 2898
6770854 86 4897
261772 9 1221
88598 55 1732
12231412 90 8713
1 63 2000
3443953 56 7782
5948820 67 6826
1013354 94 3011
1767950 58 4552
23500 67 8367
1 77 114
64915 8 2706
30313845 38 8489
19720380 63 8433
4861948 27 6406
9827249 23 9256
380435 82 1057
18995470 39 8977
1731214 38 8926
3803 14 1293
2015171 7 2115
4679448 41 8075
12540973 96 6517
6534694 47 7374
9437831 16 5145
10061 62 5977
3063576 43 4493
138419 38 2285
11392987 99 7862
12469087 24 9625
9917832 76 8321
15563188 11 5889
397301 40 1334
316802 95 1088
1472 2 1366
1413594 73 4080
6607937 87 7861
57894 13 4937
10960164 12 6051
10670524 95 9313
4486998 46 3711
14040955 63 7960
95424 12 356
363340 12 2528
50359 8 731
831262 26 4723
62142 67 6703
651938 82 1376
1933904 19 2875
18643715 70 8959
9640628 20 7297
26468223 25 7276
39586 54 724
1753144 69 7594
569112 22 2570
15438071 32 8973
1676646 37 5539
8134241 48 5962
100705 91 508
8284672 82 5812
458154 70 1846
653 1 209
2632436 35 4598
124872 20 6099
1191387 11 2564
5888269 5 5705
21407 24 311
10557634 55 8349
7377464 4 7075
694874 46 1356
181651 81 3227
9557 23 4016
616938 27 2515
20141 5 108
3703842 70 3559
398730 43 2150
7340 11 5201
5543679 50 3678
6554773 2 3605
19394 37 1152
5094260 95 4597
9875764 89 5185
35208539 80 8428
6956163 88 4323
6563892 52 8491
8522889 84 7081
613480 22 9644
4216071 8 6870
2437198 100 5607
465943 44 3775
205700 24 3380
8931 33 4581
1336354 35 2154
1 72 1988
424539 66 5083
9101370 67 6266
4167 91 436
4124869 52 4382
5020986 23 5120
126435 86 6752
1254502 62 3313
51096 41 4425
20549167 9 9972
273931 75 9871
3040128 93 5311
6699811 94 9236
32534 88 503
6183065 54 8110
241359 53 1496
436267 21 1035
1789582 20 5433
1 61 5251
5040161 83 6972
83734 10 2346
11073712 20 9073
13183755 73 9601
845730 63 1543
1865002 70 2825
63797 69 296
6248815 49 5343
584483 99 4674
297447 50 6611
76230 50 380
318098 38 2344
896656 31 7798
3528231 50 6562
514487 1 1616
252597 45 1397
218069 62 3018
1196219 99 1951
1075049 93 9148
6298604 4 3663
1125911 63 1907
3810162 99 6308
1111228 75 5819
13034136 100 5635
11556414 79 5205
20856601 21 7609
1422013 72 7576
3134698 54 7508
3627 99 183
11081 82 255
374840 12 6624
32128838 53 8287
1420816 52 6151
7544819 20 4488
24546829 75 9299
181558 42 5008
816016 78 6272
430818 45 1031
3738760 63 3185
398130 70 2828
2679721 7 2848
9718182 15 5152
817879 67 2549
8621254 95 7315
6433436 36 6888
6706502 98 5899
29622418 65 9333
881243 12 3197
1 76 394
4087224 61 3395
6267652 31 9388
17632335 92 5998
2217079 90 3573
7452547 89 3829
13676544 11 5856
178051 17 2592
94203 62 823
2173702 70 4561
14545908 97 8410
302574 80 4821
3220524 25 7120
2566380 85 3607
1656297 55 2791
3417201 24 5044
13891977 34 9740
3674815 5 6988
25824374 93 7969
14930757 55 9278
5934976 84 3974
1553672 35 3281
3542521 59 3884
5107800 65 7500
1143448 92 6408
884296 89 4507
3911758 35 2836
5479113 47 6782
23234394 28 8665
15634535 35 7005
26899591 8 9111
117707 21 7266
4207 65 834
2050872 73 3447
457047 81 2612
689474 81 6154
14715407 44 6080
446855 36 7803
1245134 59 2539
2703 6 172
1017416 22 5393
15658325 28 5801
11381156 96 8643
730219 15 1636
112006 47 922
1 33 769
2265004 40 8149
929579 5 5335
5107190 70 3961
23456 21 144
25487 6 1818
13873726 92 5816
13624502 82 8166
100038 76 1537
61590 62 546
4293449 81 5485
12901 65 8177
4883288 77 5134
35945 28 209
144769 14 5710
2578004 71 5013
1408597 89 7563
31569 30 816
3924785 94 9159
2422304 39 2814
31878662 43 9997
1 59 92
11566717 31 6650
64044 43 1391
1512831 3 1885
498262 35 4370
666426 17 2204
891982 55 9182
1060320 18 3505
16535 50 3273
704146 44 5047
39508572 73 8872
45039 44 638
7538 21 3642
21167900 13 6790
497248 20 1163
89236 7 1716
4979457 40 3878
794591 72 5252
11505423 67 8986
22791291 6 7280
1 59 871
3964779 14 3473
3786250 57 4863
10446569 5 8578
16609278 89 7411
18231657 98 6060
3134738 97 2879
29390338 72 8920
4534753 46 4847
12973179 24 9159
289711 1 2226
5693 32 7493
1409120 94 6997
508374 23 1680
2731504 82 3531
12361794 68 8014
6084 48 1708
191909 84 1640
445026 81 4148
18062022 21 9582
18013870 45 6603
252078 36 1754
5072631 54 3672
1004410 85 6590
4415397 74 8685
8079106 29 4000
2368209 99 2377
347319 86 6231
5248391 79 5363
13348393 59 5305
243256 33 6515
420045 89 1287
703062 56 6591
723741 46 3528
15413010 26 5965
3529712 100 4393
5108594 82 4315
2273851 35 8024
4167361 32 3713
32294109 47 8243
7439074 61 4140
142930 5 845
3627523 72 6888
9070304 55 4883
142394 98 914
151417 38 1042
1 83 202
7425345 29 4356
1353903 35 7417
276207 42 992
21693267 75 8921
99525 55 1169
1390278 54 8001
6374112 47 5824
11808009 99 8423
4770899 62 3930
9399 46 623
2274253 61 3960
4933619 30 8303
803741 90 6358
490552 28 1801
16896679 4 9640
1023379 48 1841
1159131 48 1780
3150235 74 4036
973965 18 5233
3827576 28 7340
2514889 48 2349
12934132 55 6847
476073 92 5118
5181622 14 4892
4163485 58 3129
40775 79 2449
69886 42 436
366203 31 3836
4821550 32 4276
14485135 28 7307
7323777 95 7087
6542584 88 4914
6295444 73 4729
31152 89 1243
2707574 36 7015
5011368 61 3420
27187756 11 9082
89073 57 7029
9644848 42 4485
414796 7 1048
15071173 98 9545
689357 1 1877
25053242 35 9721
1787604 20 2386
6891340 49 4073
56608 93 6418
4617 44 6972
264920 77 2370
35746508 17 8931
1630 18 1234
20070988 24 9852
1111692 28 9465
367041 68 4596
687057 18 1315
28058263 18 9585
5620575 2 5601
9835534 59 6817
1176555 28 8118
388235 72 5816
6977782 44 7678
3784755 99 3902
3610941 36 9437
777320 100 7633
1188086 97 4126
7462430 65 7937
43933918 82 9637
455469 25 6342
24957 75 941
914902 23 2579
97212 76 698
5533846 87 8231
186788 98 1570
14045878 3 9249
4448938 87 3383
2044 91 2989
4436655 57 3923
579949 96 6129
4390160 48 6203
247596 17 736
16751912 50 5902
12186702 86 6054
1 75 5456
1844248 50 1938
1709232 2 3451
6531824 35 4037
1 67 1463
9526546 63 9486
24851987 33 9193
816787 99 4116
4755509 60 9918
3104746 19 3012
7978984 93 5412
361294 70 1209
31236370 46 9853
2443218 71 2443
4347871 85 7235
724885 93 4497
1387017 51 3066
8115715 87 9713
23327282 57 9852
3795137 62 8269
3544184 38 2725
6519285 63 6959
12652045 33 6451
5154973 52 5943
11797 60 1560
80774 79 1198
1045465 92 5351
2661298 61 4813
422180 36 9628
949787 76 2148
22810 98 1807
8600821 28 5826
6076192 86 4198
2478801 62 3320
1670753 77 5682
3767852 70 4826
5004529 10 8692
367330 3 4363
3436878 9 6263
30246 92 5904
3829568 66 3181
46264 24 276
9392723 56 6737
1 59 229
170212 84 8350
30930 97 1637
25653262 73 7999
20932567 31 9510
2909679 58 8966
6252258 1 6830
3827837 7 5945
158325 84 4801
2060512 71 5866
10887845 65 5117
1667099 70 4287
4879042 8 3424
2137596 3 2309
159605 36 7416
8785058 23 5455
596980 98 3260
9706930 23 6257
21470038 21 8764
4646265 96 3191
26609525 75 8685
1258129 33 8726
6134720 69 8038
687767 53 8772
364 71 1610
946552 95 4903
8023761 57 4890
787348 58 7835
68925 32 4153
1588733 71 7679
1 97 910
4468144 13 5692
2235706 64 3728
2065922 90 4825
32718 2 391
5001473 23 5425
2982902 13 2350
1 45 140
352428 51 1153
13555781 45 5427
36266518 56 8608
7486600 77 4440
36704480 62 9714
83633 30 7773
2330783 5 7954
11477175 58 6315
33428 20 235
14286591 50 8247
2885304 78 5474
94531 11 3252
161611 14 8181
2274529 27 5477
8482395 87 4949
679617 24 4149
1 98 2572
39032002 88 9183
4133402 47 8058
1742994 10 3218
5158877 59 6565
123747 25 888
260271 87 1263
60016 29 884
914808 4 9231
646080 61 1961
172933 47 607
31736846 39 8556
27509848 84 9515
704632 49 1938
13694025 54 5231
990386 88 8775
15610 60 2548
6510356 26 6078
9428286 12 4342
5905093 43 7224
27672 53 781
128211 54 5145
3410434 29 8800
404750 94 985
54794 76 2418
146181 59 7285
31096814 16 8499
415473 15 3735
4185051 27 4924
1131209 41 3888
31941206 35 8751
1329958 30 8635
135637 81 834
13119704 13 8633
10655131 39 9965
257184 83 812
3802942 15 9884
1476015 18 3265
11402107 93 6941
2803236 55 5330
3024346 2 4244
5840992 3 8458
996143 97 2018
164820 3 510
1926025 55 7935
14398403 45 9786
2756825 87 3697
25322100 47 8208
6309 67 186
2101991 42 6142
18740365 20 8227
19294 69 389
12433575 71 5298
171469 62 4847
51675 18 561
37414 63 658
2218040 26 4940
15785 51 128
10212497 7 5433
165297 43 3079
25687865 76 8444
9448138 23 5081
16151284 95 9310
132115 10 8612
40257 23 349
5624445 91 5041
25242689 19 8958
113703 39 828
13476023 72 6541
29664 68 590
4908331 22 4883
6900594 93 3621
13200 36 5523
1 32 1085
8994515 60 6535
141320 31 933
16341552 70 6342
1747118 77 4908
4235104 30 2854
61 97 687
14064 69 399
11688069 92 6970
1158666 40 2171
17319810 26 8665
26189 10 1860
8907204 15 8937
2262530 98 7266
1376872 91 4189
6521108 53 4432
211424 27 7528
576785 34 9984
3904 17 355
1562 86 290
4070438 85 7851
1176719 92 1541
20270707 76 6944
216177 86 2446
202890 66 1466
35258 97 735
2780247 47 2569
243438 43 854
29873191 18 7945
808321 52 6935
7677421 12 4903
27368 100 266
33035793 2 8085
155450 61 4110
353931 7 1493
19628148 86 8728
3365623 78 8390
13200 2 3803
8511386 78 8323
1078 14 202
263508 35 1785
28335764 7 7871
260467 74 1157
360556 47 2583
495652 81 7839
44081 1 1390
1626953 26 3345
3887473 50 5529
1 28 2211
32804 97 2340
1339322 7 4576
5470876 76 3308
120982 68 8253
681 22 4154
223227 73 908
3835547 35 3921
11483818 96 5480
558319 90 1173
1113146 15 8140
10474984 7 7656
173032 93 5705
23302 68 210
381211 54 2205
24501839 53 9943
16775 55 2811
28672523 12 9952
15236856 91 5512
43834 11 4738
26303104 77 7446
2729388 90 7740
51467 18 1335
618894 79 8638
34065 87 1867
3027072 53 3312
3762977 40 4981
161300 47 1053
43828 97 6024
197187 13 8114
7335267 15 6756
21535332 77 8700
98250 26 2840
18665771 57 8016
11529626 61 7073
2084817 73 7826
21418911 71 7036
1833696 66 4126
17053082 18 5987
28081783 69 9742
3053353 4 7181
5325723 39 4702
3918347 41 4747
3016076 93 7023
16840621 18 6636
346547 95 3896
30753733 17 8354
1 11 1066
1236462 49 2891
3594929 20 2934
156596 87 737
642779 19 4894
2233738 51 7201
603367 36 1585
584028 59 999
883441 47 2695
16579560 55 9886
1118394 20 2411
245 6 152
1247553 83 6833
2930376 83 5035
1165747 50 4364
26073754 1 8395
9758171 25 5779
3531301 69 4227
105068 44 1916
3374455 17 7376
1409243 4 2326
29566163 5 9950
5660769 31 3777
5233256 13 6627
11404697 17 7599
1630153 83 4289
6429139 33 4272
7602433 41 4274
6597028 61 3608
5990104 64 5686
1709070 84 7659
1796496 3 2262
94607 63 3161
35341 18 9390
103831 46 464
68155 91 6244
336604 93 1661
96677 31 467
21932114 97 8150
3278 69 3435
1561747 88 2253
12555200 83 6570
63476 28 4953
6022352 62 5150
2486661 89 7276
116011 36 1615
4037621 2 4488
193915 62 1635
124816 82 5506
21907359 56 7833
5700727 49 4136
2626007 44 2864
1797656 48 2938
1360172 41 1806
14646116 78 7252
71842 34 338
248153 67 5509
23965763 39 7445
55311 48 3813
1441404 7 6306
1541005 69 4128
33223016 94 9179
197417 72 3341
165312 56 2267
569288 33 1244
2110841 21 7014
8055558 57 8966
83248 71 1682
1 75 395
162296 57 4966
5019924 66 3785
865535 89 7394
3001329 27 2794
6891630 51 7798
363396 90 3500
124566 27 1017
1499120 9 9474
525541 66 978
6535 48 4917
5729949 55 7357
21072670 44 7081
229365 91 1286
151863 41 4318
956564 87 9621
387750 18 3785
10693227 68 8995
488435 37 7073
399810 51 1879
111747 18 3802
10499545 43 6173
652096 76 2938
13423805 74 6540
14997876 44 6473
1387191 45 1951
3941377 46 3565
85713 19 1071
4769877 38 5427
9712144 30 4592
1 5 999
8067490 71 7714
41592 90 698
27046662 62 9497
8755018 92 9794
6584159 47 9559
10932854 57 7306
17633070 45 9282
2119404 41 2197
1203748 32 5766
6952990 95 5692
28731403 86 9605
3451788 39 4116
13736550 25 8204
685115 49 4570
3844180 34 3160
6657744 29 7028
15158784 38 6060
7915431 88 6083
8439706 22 6595
2582295 92 7421
2537922 86 2421
59423 18 9921
154317 28 3205
98684 1 6875
110242 2 4210
1555399 8 9498
22295 27 277
1790199 47 4621
14612 74 1337
106163 58 878
1772200 32 3568
6659189 100 4297
5137001 14 4646
11281593 17 8379
29441 47 5476
631813 76 7006
4700086 50 8790
5122122 38 8708
287019 59 2265
14972224 13 8489
1038959 73 4004
1934674 87 4348
20780575 71 6845
39416831 45 9467
1079 40 453
207408 26 1191
25465851 55 9685
29779 89 4673
4404347 89 6731
6566713 55 9081
107027 36 1909
19002081 37 9137
190568 46 4045
23721810 87 9496
34080246 88 9941
18432007 44 9260
102889 31 5506
26754 62 212
1797627 59 6145
153120 35 2461
1032922 68 8346
2904158 77 2898
14516611 21 6671
27678656 23 8763
1310245 91 8810
15524623 92 7932
20797 57 230
26452495 41 8810
2692918 54 4266
713842 76 1190
17469651 53 7845
68246 97 9023
30081 84 1283
2596365 87 4145
249040 81 853
206263 34 4015
1538024 80 6286
20475089 19 9842
343032 36 6321
194765 56 2579
8733568 55 4367
12611 52 443
1381695 1 5859
122701 55 457
5136 1 5650
8944564 19 4707
19110441 87 8231
7053319 2 6551
7673541 55 5242
56476 87 9188
6273583 72 4544
5224 16 23
752258 53 6299
19827526 20 7326
210868 10 3112
2233217 39 4047
3387892 37 7077
2600523 70 6800
1598214 97 5099
5100434 83 7246
8418180 44 9582
3222 70 4929
21707963 14 7777
254876 18 1231
1131987 77 2671
2715808 73 4374
1 76 1892
16604968 48 7729
8757 49 187
3864233 87 6410
5644272 100 3666
5222781 31 5326
197308 27 4130
1047825 59 2230
22477111 34 9092
15733 81 387
608312 40 3553
86020 37 4411
21548952 4 6901
5568052 2 3726
4055191 13 3254
15530508 67 7565
10206655 22 7713
28970749 78 8855
145789 59 2113
21273867 14 9638
136951 55 2964
3507079 73 6304
520268 94 973
4190955 54 2937
266532 100 10000
892199 32 3674
860851 10 2621
173786 29 5118
10180074 95 6615
973754 94 2832
1 81 4258
52247 69 1552
4949493 8 6410
455916 99 4910
2816013 59 8097
911539 59 2589
2566800 38 2475
63433 76 7908
40430 25 231
5040593 34 3829
8798015 85 8411
10998938 29 9527
77076 83 604
1059204 88 5047
12971195 50 9289
3171889 44 6915
1171585 42 4533
9529966 95 7056
23627785 13 6976
2319909 40 3843
47504670 93 9757
87057 79 333
116847 71 1942
44287 96 4425
21219 50 805
820827 90 5971
3494856 4 3164
287492 42 811
6841853 35 6834
12266 85 303
41698508 45 9662
7560253 46 5696
941944 47 5930
2956122 72 6396
240987 56 1712
698944 15 1343
2833055 66 6291
2344747 78 3030
95125 39 1373
356350 37 914
3192772 8 4367
1 88 2592
277436 27 2031
2213069 2 6905
113891 64 2308
18998 40 312
16209 100 7731
1011644 18 5261
432106 45 3187
38410 1 443
8599859 71 4528
25710431 76 7308
11899989 91 5573
87967 94 1603
4189803 37 8381
19895187 51 9230
1214276 27 2660
1539491 71 7481
30142438 64 9745
6700 50 399
8947506 36 4931
30128945 62 8187
1 52 74
7602 34 792
5030569 14 4798
39310401 37 8856
1405309 85 5789
21298167 43 9339
2078759 91 2267
1316752 83 9736
12118476 79 6236
679245 82 5839
1487722 11 5534
5824555 40 9315
58039 88 1180
338691 37 7643
5619838 18 4232
1141742 94 8215
9365442 12 4957
1994526 67 5143
99008 67 4013
1216677 59 3238
4807802 26 5332
28939 28 1093
1053026 6 5368
1 87 371
186764 45 1854
177925 47 717
462103 30 967
3282607 56 8062
3812488 35 4409
29047 88 2018
1 92 722
32763 59 5583
466656 43 5870
5703790 92 9706
2627667 97 7948
7376854 69 4372
11285635 36 8961
1920925 8 4426
1641758 80 5887
7537243 25 7569
1512331 15 5839
1703903 64 2426
703871 60 3064
572169 79 4035
19885643 40 6555
11711429 13 6743
273425 23 1058
24926 80 531
14686044 92 5668
5835722 64 3660
161802 44 9047
6811310 75 8603
63841 17 7199
17063032 76 6345
6397005 68 5226
4832319 55 5069
3743694 50 6867
22132 7 964
7246339 39 4509
22463 16 137
3477586 7 7349
986433 20 4057
6618 61 297
4511655 46 3003
14504529 28 8429
563167 76 1016
20033267 67 6758
7703092 85 6581
7878304 53 4330
644571 8 7455
3801263 80 5834
23203 19 6708
18486789 4 7845
1521035 62 8346
8659878 61 6872
12203438 85 6120
1108949 11 7384
138530 5 2206
61105 18 9733
13835645 12 6508
4362633 23 8464
1002866 16 3049
7693149 2 7502
7107271 3 3820
7621729 53 9516
4865508 44 9965
5150309 74 5595
248380 35 7055
15435816 93 6924
185797 35 6885
407 89 127
2659333 86 2597
23747059 87 7294
1290417 31 2401
26397254 79 7879
25805027 70 7968
3585755 66 3995
11665645 87 8307
1231646 7 8300
25121 82 1660
8968 31 3003
922374 70 3540
8864 52 1845
1184945 28 1733
1231398 85 8074
1075454 26 2948
599447 51 2590
8570407 61 6377
7432126 21 4196
32358263 90 8805
12015014 36 7067
17516895 8 7858
51153 39 5137
2072956 73 2860
9190034 20 9179
294611 73 960
438126 53 1407
6681070 85 5716
13832442 40 7393
1486701 44 2685
1459320 1 7814
16161884 60 7271
10393839 92 5185
23483 18 8029
7896603 21 4073
105199 82 754
2688427 58 2578
482842 82 2471
2325062 65 2100
4020102 64 4835
742 27 2885
4313623 59 6838
17612790 70 6296
10676572 3 7874
164798 33 4077
1267631 12 3140
20464835 67 7276
751 30 3612
15373966 47 5854
130388 25 5191
21760962 84 9329
4105608 63 7142
1740 11 642
397425 22 9192
116301 98 5576
19167687 54 7607
2452293 73 5674
1280570 29 7264
5769600 12 7751
238652 48 2308
17479071 58 8122
2174493 90 3599
4067 77 3569
871234 33 8327
4226247 29 6803
6852528 67 4954
46674479 29 9955
27808 15 347
40538 38 2214
4108882 93 5218
4927438 98 4059
2164181 9 5306
6147091 83 5909
3499729 1 3691
775824 52 1677
722537 30 8362
1762578 16 9062
428354 1 1312
860568 11 2910
19556431 61 7118
232581 45 2031
811056 17 1976
10588467 90 4883
228783 50 1932
873066 17 3944
1061078 43 5289
2350234 22 4534
28760092 23 8404
244730 55 9076
1804042 62 3018
248535 91 1649
7809832 16 5459
85615 76 1362
740166 40 5352
8397494 84 5242
15268304 79 7250
1 65 158
2799908 21 3114
16321331 29 9867
26654852 48 9957
848968 9 8372
1240390 79 3439
53289 56 248
18440011 14 8284
11336116 22 8000
18297974 9 7741
432503 55 1002
2010192 29 8264
279449 1 729
9508643 26 5724
1902 64 487
1 58 4170
14153199 33 9420
10491923 30 7480
5665520 85 7637
1069539 15 2442
6917476 88 5090
771729 2 1180
7884025 8 6156
578000 87 1427
883970 83 2871
1933 88 218
17607 23 2185
5050998 6 4750
220663 69 695
262389 35 4980
13037162 42 8013
23252255 66 9305
685974 75 5577
6480798 46 9593
141821 67 578
449263 24 4234
296587 94 999
230002 43 888
9392549 21 5325
231410 62 3149
11424463 34 8145
151999 70 3101
10827451 13 4987
2948564 1 5554
363692 63 3458
1119505 13 5695
15554917 56 6035
4576399 66 3238
10091691 56 4994
416392 68 2724
3162162 83 5403
443309 34 3082
338 15 99
2404934 11 8396
10232094 89 4703
7773102 62 6112
8481499 37 5766
5374581 50 6301
15787968 13 8861
520239 92 980
3637907 58 4035
22517044 30 9544
69908 44 649
11537 93 236
4851553 33 6922
11708316 55 6386
1034774 4 2571
1733690 79 4729
60040 53 4862
666789 45 1649
305992 67 1361
1087600 1 2705
25272155 16 8569
1431068 39 8129
13381 76 761
7690996 68 4319
681661 86 6910
22643877 79 7925
378075 69 1191
117273 58 2706
16974512 85 9008
1478002 26 2119
10177107 86 7457
16670575 35 5771
27708 64 1619
6370842 19 4214
1187418 68 3077
60431 2 2994
1524664 41 3304
1097680 95 3777
25226938 74 7348
438289 22 1248
2606880 43 3264
12897901 98 5005
8392951 87 6647
843258 10 2035
8684076 1 4098
2338965 74 6321
534274 51 2115
267797 41 1461
1200601 35 2074
62548 52 623
32006640 82 8010
7302128 23 6376
2952404 82 2829
26109428 45 9328
1376795 48 3764
14599047 70 8684
20558 61 461
162590 87 9848
3919321 84 4285
9 6 823
11526605 12 7179
3994185 31 4535
4148261 48 3148
9852278 24 6353
9276681 14 9921
418726 9 7540
18489889 64 7706
1166503 56 5799
9785989 40 4786
2657841 45 7608
2542304 53 4161
2276613 61 8850
152596 22 9420
114885 25 2759
78113 69 871
3696808 49 3691
501090 10 4595
2052089 40 4752
789797 72 9364
6697534 63 3650
11131311 55 9269
5132903 78 9628
4075 27 7756
70407 89 6010
1248879 5 2240
224919 56 5601
3263708 87 4225
2848216 48 2494
25519890 22 8427
2069740 18 2865
16442232 81 7368
364791 5 2158
457955 22 1234
126016 99 954
42283 77 3804
7066749 23 8368
556427 77 2531
612436 88 3280
6279066 40 6716
159457 94 8065
5653526 62 4966
3759716 9 9421
2019456 47 6911
2260313 28 5612
5633149 11 6988
4445092 64 3143
183404 94 548
1 60 266
5324468 74 5480
2389195 77 9661
2832855 50 8447
124416 48 3913
9708039 34 9401
38521 90 1892
171059 93 549
12480871 78 6679
5299566 100 6509
1900 90 4625
1040935 73 3500
492786 29 9871
674282 12 3256
11173106 72 4754
25042 30 2665
273204 13 1812
1594797 72 5741
30561813 17 8891
369548 22 7858
2184750 71 4854
4453262 48 7427
10193078 15 9666
99373 96 5050
18670499 21 9508
1260052 97 3716
2223838 6 3431
1611103 51 3508
36239414 89 8467
3758263 72 2824
1 33 683
13759908 84 9439
754835 61 1159
30369032 69 8861
13057 25 253
1440 99 329
1028 51 73
18653329 43 9162
196781 73 6160
597075 13 1279
7443635 50 4408
4360701 58 9537
627746 15 3888
8466192 5 6052
35899 28 940
3547776 74 6329
410239 78 9620
570080 48 3625
629518 35 2135
22872895 17 8279
7856880 56 5386
621593 94 2354
2941763 30 6060
753024 80 3850
46086 62 2529
158175 65 1418
46215624 86 9574
2777867 49 2393
205916 60 2835
1 81 200
6007495 59 5161
1202259 66 5006
27885885 20 8403
9823815 89 4443
15445982 21 7518
912347 27 1581
353 10 245
4319923 76 5682
6705580 63 4452
18130 40 378
10473705 89 4976
10150101 55 5796
15843 31 365
16664140 50 9855
619825 87 1810
405505 13 2146
75819 86 4197
33891 68 172
3237452 75 3337
401601 49 1035
4389130 25 6743
122945 35 2707
2015 1 650
7555838 95 7837
738304 71 1179
19032 66 977
4912687 91 8583
2036436 34 4968
9007673 9 7866
2979176 93 5482
2572468 91 9021
75388 43 622
301321 13 5044
17551668 72 7503
12310766 3 6455
69880 63 2340
887326 61 1651
2829921 32 5470
13324423 11 7664
7279764 67 7154
3668059 47 6413
6247410 5 9289
1748890 50 3014
18432 39 2503
4767961 1 9698
165044 71 1446
9428535 61 5755
67120 90 1279
1381 5 181
34878856 49 8401
9192 3 37
16073969 99 6889
905850 90 5058
205249 19 2749
6050837 93 9629
2452828 14 4765
98954 10 357
1929115 90 2266
1 86 5409
5499273 84 4887
48083527 91 9998
59526 48 294
1936913 77 2676
42397 69 9247
1700459 78 3894
187945 73 1507
4252716 83 8176
47716722 37 9996
6886365 33 6094
1975853 71 9271
142868 1 5211
1383794 24 6484
12128228 64 4941
35312798 79 8699
3188339 15 6833
506364 20 3028
460632 34 8992
192126 77 1930
482478 98 4815
541377 24 2096
11641830 97 5634
12432 77 2617
929042 7 6001
41706062 24 9935
1180464 50 2171
436335 83 3252
11984420 28 9378
618518 1 5535
24055 45 1115
38093529 40 8900
228470 21 5380
5038480 20 6492
45632805 38 9652
78239 50 3651
191872 49 2816
8345170 65 7595
15738 72 262
7561425 66 4011
3436430 39 6119
243444 70 2891
5610529 40 9506
2013516 72 2694
3854582 61 4138
1 98 4812
2173741 13 4509
30240016 9 8729
12454848 30 5377
19076949 96 6188
468872 85 1352
2044227 46 2385
272262 3 6749
1442687 10 4258
2208746 82 3278
1308680 97 4478
1947752 41 2107
1169275 81 9328
2580416 32 5689
19241444 99 8821
26290036 29 9862
7757762 68 7521
2011656 80 4205
1074585 98 1399
187 64 102
7810 7 8507
47979745 2 9870
664069 49 4986
12703323 51 9889
467924 34 4086
8922386 3 8049
133894 44 582
490678 99 1883
442935 44 1078
13566 17 1878
7818237 41 4024
361501 91 5151
171665 90 654
329425 97 752
566199 89 2807
414627 88 5368
5305853 52 4052
6339463 51 5105
17080056 15 6027
10707139 46 4885
1464782 31 4533
2291264 57 2882
943925 71 8945
243749 66 8736
1314014 89 5312
31737179 33 8570
209544 66 4011
28147 44 225
2690834 35 3630
20349393 95 7026
1374148 19 2135
13171380 54 8459
9251451 99 5386
201816 22 578
149585 11 9186
306556 48 2864
19881204 17 6301
1312297 91 9385
64845 38 834
1216134 41 3715
620847 65 9850
9066907 43 5295
22212 30 473
3088660 35 2878
79799 27 6857
1837 16 8053
19782198 68 7672
3854439 37 8107
12733530 91 8584
5837993 6 6792
289071 67 7384
46697 19 2350
9217457 43 9174
283800 13 3699
17494 58 194
5399498 38 8429
1689338 86 4037
1401926 49 2969
31759731 63 8447
19018363 59 9798
13082626 35 6297
7771166 75 5945
1273887 68 5442
667656 58 7777
7482143 89 9066
2820552 48 7249
17928346 24 7327
2420087 74 4311
5897028 13 8507
16325558 24 6480
9320030 31 7987
1660821 44 2752
8537769 36 5325
137528 11 1127
121155 91 5591
15287724 33 6403
3021 3 176
20987042 49 6655
659188 26 1969
503757 65 2774
2392155 66 4599
266355 74 3661
21372974 55 8304
18997407 97 8600
26252 67 1707
3194495 92 8005
12837541 3 7423
1062667 85 2698
67884 98 3453
7449390 89 3811
2270239 48 3528
1062987 74 3030
14912922 88 7897
150139 68 2606
26 10 520
207080 41 1082
578817 19 1174
12258778 90 7183
21068454 32 9334
7930 47 7753
1259178 78 5436
9193471 48 9457
3879 22 9523
6286443 14 9065
413137 87 6655
3474132 78 5468
92594 13 2992
693033 85 3513
20631731 60 7435
583778 46 1340
600404 50 2084
868812 14 6555
16519798 67 6911
1 90 287
1833618 99 4572
89866 94 8752
29193662 20 9600
58855 21 294
6566398 68 6582
1431911 91 7648
8838296 90 4228
1331180 21 5713
25710686 81 9858
2324153 70 8113
227797 1 1887
2234326 57 8742
92186 7 657
41031094 95 9791
4376588 51 3701
2203370 78 6311
20981579 36 7616
17159317 5 7820
1552921 4 1739
8153 81 5811
7272262 67 5961
1576241 71 4070
202637 41 2838
3928139 100 2799
21623210 77 7976
373396 16 2421
8375677 62 4383
365713 43 9766
1273339 33 5294
14433930 20 5556
31966 89 634
4751156 26 5127
1228193 77 9378
6481089 15 8163
23373816 59 9511
22338934 51 7065
5808293 27 6543
5225269 86 4937
705801 68 6737
214795 35 8262
10993629 26 6590
2218685 92 7153
112235 65 4372
1352299 24 4007
4061758 39 9572
13951326 52 6709
3139400 82 5006
533606 78 1322
17320 7 89
750023 43 2221
1353305 46 2331
48081 97 2054
398647 29 1356
203718 98 1676
9194168 35 8485
189324 17 525
211512 99 4131
846011 12 5317
209801 82 937
3793824 86 3159
291938 70 5062
538033 66 4246
7035427 14 9576
7610445 94 4867
213069 35 780
4598570 78 3575
164101 62 943
4460507 96 5610
2393718 98 6161
1750 5 7441
1710957 12 2714
570677 37 2882
11775054 68 8028
3447073 6 4853
8049811 60 5896
4445765 83 3315
616553 4 2108
5662594 45 5377
3428121 39 5128
1751632 81 1796
208734 45 1445
1110379 55 5471
737062 61 1876
370571 29 1386
57532 44 6088
17085 13 2331
31832 39 779
23146187 79 8733
797200 28 4974
3228129 63 6435
624164 81 4667
3341188 99 3263
2067983 41 2438
11379059 63 8265
2849471 13 7764
180164 12 3570
3467208 7 7945
18805551 81 7098
1091689 92 3134
262623 50 8802
105913 5 3080
229782 22 845
25538234 33 7732
29067584 37 8451
1711326 30 9523
94504 75 1686
567242 5 6470
1108378 79 1897
6472181 38 6401
4159009 71 6004
1 54 283
4343886 5 3758
500293 66 2441
3785916 16 3554
15988743 57 7808
8819516 26 4191
2888275 65 3162
10967954 41 9259
19421817 88 9613
1 67 755
4508312 89 3922
5969480 44 6121
1622677 20 4014
15220692 57 6763
4710472 43 3185
940334 56 1273
4692064 24 6909
5603588 74 7931
261056 91 1470
5016143 18 7308
10487077 41 9216
190765 23 5989
40972575 82 9408
8330126 98 6608
10984694 98 5326
15983018 77 5612
312913 32 700
563804 25 6628
7142518 91 7264
4051769 51 4463
482991 67 2845
9262092 61 5537
165329 25 3588
109890 58 910
4876368 16 9158
17929301 78 8649
30685 94 1918
80678 25 4461
15007 15 125
3323484 90 3311
22891 6 1043
15726461 34 8310
4684 98 340
27635394 90 8281
2859273 80 4036
323242 4 779
373393 28 1530
130236 13 2476
13472066 83 7301
2577763 31 2935
116059 28 8099
266645 26 2948
964976 52 1479
10464 48 2668
306779 38 943
31023656 38 8393
30244 76 401
20364230 68 8883
1442751 40 3109
18395 7 2019
10129533 51 5789
6169736 97 6543
3761194 84 3588
57611 99 9300
3209540 69 4108
170810 7 2942
191102 11 2338
131257 33 1642
921780 47 4671
68413 98 8714
16346777 18 6698
267 51 1784
1293 6 179
5268315 92 9967
14058172 28 9714
583079 37 5104
220556 82 736
221142 95 6228
2866924 73 3820
47432 75 225
847036 36 2340
166567 14 854
1 17 2675
2131766 71 2297
9565555 17 6528
53472 44 1901
525458 42 6086
2219928 100 7951
6844666 62 6807
1296356 34 1664
958113 52 2071
1523199 95 5905
4829124 95 8607
397772 78 8592
84108 63 924
1 31 1094
4771850 62 4803
347641 10 5944
298324 26 2349
8723780 37 9637
15652 73 1567
15057 35 265
2914244 58 6246
18424 64 859
1887116 70 3758
3473723 83 5515
25035940 100 9002
703460 74 2066
77121 63 354
794734 86 1559
6669163 83 6025
29118 56 5484
14443 60 105
64510 77 2502
4166720 12 6781
271570 20 5129
1445 17 33
17447 92 6867
1202403 10 1534
77973 75 6766
109626 15 541
30108723 25 8514
4982958 93 9676
3684097 27 7405
6826530 89 5514
11107127 85 8944
113035 73 1703
66207 3 8060
429912 91 994
11072 3 8453
1116123 40 1909
1662936 40 7124
10673 48 96
1 95 582
258495 67 5211
5986420 53 6823
24837138 71 6982
4104113 17 9236
12488 13 4852
12691169 52 7898
252633 8 4849
12203289 73 9722
20365617 11 9486
998087 78 5888
13286134 66 5369
7267 96 4878
29482715 48 9149
21781842 95 7409
15339598 70 8858
498454 21 921
422399 38 826
186967 22 7842
2047200 2 2325
13821 34 1356
45393 55 694
306057 67 3553
63173 34 310
34969 45 5067
12148794 93 6182
7503806 11 4314
42965824 54 9734
1032241 39 8303
74365 79 6493
95920 43 1640
2544809 13 3497
489353 63 8849
3329933 39 4575
406046 42 3765
234635 39 2114
5661033 42 5806
2577644 9 3908
11555171 96 5077
6021610 83 3654
14179139 30 7657
3323086 98 5502
295066 55 782
6644913 91 6122
551100 89 8361
189137 2 1926
1397713 8 4166
3727702 73 8068
25224868 44 8036
2890019 41 5593
420751 82 5024
29547892 87 9609
47654619 61 9958
19597 77 1915
16049603 43 5921
31124041 32 8260
3791265 94 7250
502774 28 2715
92088 70 6108
6334843 36 9203
980742 14 6886
4701827 61 9203
25003621 46 8094
250267 30 1136
222776 64 789
2014489 34 5581
119561 52 1395
2176098 82 6026
2038044 79 6017
35041 28 5370
7657481 91 7447
1784232 33 3768
9649 66 1929
8482649 73 4981
685837 21 1751
25223820 87 8206
8456996 45 8172
3792106 45 2663
22703 50 2366
3143089 51 9227
3044125 85 3473
33897791 44 9536
32985583 72 8626
1 80 3074
16572280 32 8568
13083956 71 7990
6778043 58 5122
13991606 7 5390
82546 13 988
1762691 40 2987
10649 54 4194
12102234 93 5317
5049121 10 4864
1234526 37 6785
66430 88 665
512029 21 5013
235832 52 2413
355807 68 3623
7382466 91 8314
9970006 98 7564
1 62 153
4509503 38 3997
1370191 92 2006
206908 79 1993
654870 91 1486
5415950 39 7564
273915 63 935
105 95 1491
5711768 27 9063
9030903 11 5446
2174630 31 3921
2885103 33 7890
10010202 91 5499
255847 78 1005
9430588 46 7858
2914637 4 4701
1 51 2936
13169577 74 9088
8860415 60 6525
1565728 46 1698
28352801 19 9829
2809220 90 3764
2577413 26 2750
13575582 9 6775
1001860 9 2463
206164 83 1123
6916066 88 4736
5853584 7 3751
442084 10 3378
5314717 74 9495
170869 18 548
3030422 51 5445
1069211 57 2780
10993207 35 9716
1190142 43 1536
32823530 67 8045
1526970 93 2064
12413481 44 5033
1 82 590
29743185 46 9946
18603337 83 6993
3933264 62 3324
12271373 4 7908
61726 73 2699
164876 29 5605
1 96 492
449291 21 1442
673236 24 4284
6031098 82 5194
388486 60 2400
758362 27 8998
9973753 34 5501
29887273 8 8175
2625311 94 3303
14217295 53 8996
838830 94 2698
6207526 35 8802
159666 3 1208
6678533 65 8867
477 3 333
1513296 52 2685
852430 65 2387
18259628 45 6825
877982 35 2500
714005 77 5313
52537 49 1340
19859678 20 7221
210905 37 1401
980816 19 4610
4766101 87 5569
1 79 1944
22717503 74 9230
51981 21 3292
5434998 13 3971
158075 22 1331
4700610 16 5179
2 71 5403
25460380 64 7038
11909 66 2211
15800 97 1043
3715076 26 9436
10417 14 1889
36110995 12 9369
1254774 54 6062
11021991 58 6976
40693 12 6547
17923114 19 6433
25317041 43 7081
2316274 39 2215
3804875 36 2760
3996950 86 5704
9074256 49 8162
1240 71 7175
236880 2 9354
1323313 76 7144
166170 53 1234
34551487 70 9779
6650940 29 5410
12169568 85 9805
11213508 3 7678
10983072 95 4823
11310846 65 6888
9097 15 2566
6408060 62 3696
43202821 9 9602
15374857 45 7415
2093996 43 5024
2122650 79 3424
15777 93 1494
8290384 94 6585
7357924 72 7150
1163909 66 3576
27499 8 3645
44641 97 649
12899046 90 9828
434115 88 2244
770012 17 1410
10258422 15 7257
11800593 34 5191
3365971 53 3641
40756 5 329
3713294 25 4018
7878293 27 8128
6224851 92 6021
1956102 66 8893
2959427 37 9242
20727756 25 8922
19413798 81 7974
1253841 93 6784
34236191 69 8590
1854543 1 3759
1075431 99 5132
4153220 3 3577
5598459 19 3302
83380 74 7015
13443711 47 6652
588740 8 5500
6036 73 8995
243787 84 3355
12034216 34 6033
2326667 71 3167
4087153 23 3688
85 14 4264
1 24 6542
367952 37 1143
15510267 70 9474
2480070 93 2959
9293297 12 4653
16588943 59 5955
23219 52 932
1020645 90 5948
6386701 80 5277
35580358 97 9649
17006 27 1893
945224 47 5046
12663047 19 5939
4601459 42 7870
568668 73 3338
11605 100 1205
31742134 81 9945
4509985 48 9422
15210550 11 6190
13584828 25 8293
8778299 89 4696
288504 95 9262
2164556 53 9755
9163689 55 6612
70930 80 3602
12147529 58 5497
12065950 29 8825
33476265 32 9130
732365 72 2802
8501 47 4943
902805 32 1256
632302 39 2096
28565829 13 8188
2590045 63 2766
2297 23 124
14614703 57 7668
1248993 4 4880
4817164 21 3061
18381087 39 8858
1 93 397
345496 42 1177
14431920 56 6350
448758 20 924
982767 44 1516
438071 83 4473
27490 81 166
11955385 62 6773
11243411 28 4827
993770 71 2088
201258 44 9419
10061995 53 7853
5979339 47 4857
1218476 90 2564
7798 65 638
8395 1 386
2725920 19 6094
2248669 43 2789
3505081 92 8349
2900077 25 3592
22535224 73 8157
2220995 53 3155
24947261 69 7090
514042 61 8146
2902180 14 2824
13788584 94 7940
2180635 82 2349
154025 13 2887
37489019 91 8844
13422797 86 9435
309658 55 2172
2300194 7 3998
5133 90 621
901809 42 1386
3795286 91 5453
1287293 21 5926
9351914 62 5000
24443 8 4444
45575 10 7028
513920 17 4008
17687 87 710
3530 83 190
91650 76 3507
5782 88 171
41251296 99 9069
23185423 72 7141
3936150 65 2921
4803427 75 4051
1048094 18 8201
62339 63 4426
552148 90 993
214367 37 3664
1495206 13 2257
1457 21 65
14777948 12 7225
36835 20 1214
8028296 15 4474
50472 31 7970
5754 94 462
705582 80 2646
9124941 60 5533
10425998 4 8153
3060667 57 9374
140106 78 541
246861 80 9321
21347 93 133
2218809 23 4147
19641609 27 8764
77973 31 6728
3699547 78 9578
140692 81 798
1566387 17 9153
280623 25 2643
42908 19 333
3208358 16 4701
261 38 378
1696089 7 2390
774256 8 2599
40489291 87 9677
871127 48 9651
116600 85 766
14569356 77 6541
6247721 77 5944
874305 93 2240
11341209 84 8974
7392 16 264
36746218 88 8719
2470892 64 5667
3397771 70 5134
3166841 64 8730
54576 73 2000
348985 52 3847
14107 39 2742
2911564 24 2980
1399359 55 7995
4161157 77 8212
69376 73 1684
11568698 78 5437
8062799 13 6684
1790440 51 2935
132952 100 9803
1246556 94 7083
863654 96 3247
14599922 57 6299
43057346 53 9856
2308762 94 6850
10812578 100 9521
6814925 82 9232
56697 20 5256
78654 28 357
346474 4 1118
194860 12 720
201142 36 1544
1220 47 385
4380530 16 9463
67479 80 1346
84080 17 749
10781518 41 7028
14489325 73 7137
463854 89 1501
6188831 59 6441
4911 42 134
6428448 79 5721
17015387 12 5838
3000883 41 4042
1001 6 693
6522304 20 9716
1 21 99
4413 33 667
568995 98 5190
3004235 36 6500
4201742 95 9877
23876853 49 7832
3790361 27 3976
6634289 24 7417
764741 67 2337
5438529 83 4270
3002 39 756
6062648 99 5709
10511406 70 6420
441371 40 4764
125105 39 507
426142 38 2129
1430889 36 6435
25032238 19 9126
213210 10 2033
206340 7 8406
21674381 79 9839
1736263 21 5077
518905 51 3313
280993 30 945
6102277 30 6178
3449278 53 9765
106855 86 3843
3083170 87 4299
114701 5 415
618668 87 3319
5679304 99 4308
4006626 57 7382
7907631 47 5816
11758 21 4447
2614784 4 3684
9064371 18 7971
304650 8 4463
9446778 61 5048
2582659 34 4104
7493711 26 4534
1109147 51 1771
11853720 9 8712
25287 37 3179
30494 87 1056
29214842 82 9763
3703057 60 4824
62741 79 1231
4486221 33 8494
3952326 85 5207
3528245 86 4475
2220067 11 8843
554734 53 6148
261563 28 1224
386156 47 8121
1087485 55 2913
1639658 34 3017
16915151 54 6055
7643359 57 6772
39153653 21 9374
415143 58 8195
17712696 90 8029
1764771 29 2463
4769353 23 7355
4792324 26 6378
946168 53 5524
972651 65 1495
21267701 2 8381
4767566 68 7831
3185 65 442
2866181 80 9266
891907 30 5927
7850798 95 7249
197499 17 4097
30831612 14 9977
2252065 79 2997
6717315 89 6275
1159063 88 1490
1087 30 2063
114296 60 4533
2556105 17 5738
27217294 88 9897
14918453 8 8671
554 1 1052
183349 55 3374
1149201 87 4333
4551308 11 4323
2242556 30 7327
11275183 13 5606
419384 12 2428
8890 48 447
1547454 82 6797
13037858 32 5604
72338 24 8728
25291553 100 7130
226332 11 4519
572419 10 3150
13856321 1 5286
24957 95 1410
360374 63 3906
666713 34 3739
3630815 39 3628
6397299 60 7126
6011813 59 3721
1847259 89 3471
9099091 38 4653
3342825 45 7853
2273686 17 7631
10787 13 335
1492707 91 3924
16968344 33 6685
3463850 77 3671
1563800 76 8315
9826820 62 4512
5119037 27 4296
10645950 25 7487
590 8 70
288204 30 4654
8592387 7 8441
8264771 95 4148
617466 28 2386
2418207 60 2541
488233 5 6972
6549548 90 7216
840559 15 3561
21474434 86 7474
16530777 31 5905
1570527 93 5057
9580844 61 4326
4748340 88 5489
5624 100 1617
1010087 61 2633
5169216 82 6799
668634 13 1471
830166 55 1804
4441449 1 9450
1 68 3008
34724 47 2571
41613082 13 9162
26345287 70 9245
77882 45 6311
1328448 19 4361
78127 75 2561
1 54 3866
196379 61 5656
14594277 40 6150
1 95 271
6179866 52 3865
11410210 59 5698
463555 38 1806
9282 43 648
3813673 25 5865
6331458 51 4091
6066725 32 7185
8096121 25 3942
154186 80 1301
7090137 43 4805
4167659 7 6199
71054 43 860
723 3 1047
18887197 64 9271
4677 76 5804
362563 84 2840
11736509 1 8552
1826524 26 2889
950260 3 5384
2160465 75 2274
14767589 57 6576
10980787 13 5045
23292594 77 8412
5001718 69 4194
4811990 71 6982
3049698 83 3296
440300 2 6102
12615 91 220
18494411 22 7423
7498136 3 5097
23668 6 3943
1969314 80 2943
18882677 68 8523
2106038 10 2847
25930 42 4252
10571185 2 6230
5093 51 75
4627159 73 3599
3243965 6 6761
7567131 43 7973
1340114 16 2085
294 68 1631
379747 45 2015
198148 27 3497
348892 74 1427
12940602 42 8805
6925227 61 7711
28762849 30 9006
213020 48 1674
3984201 74 4726
2159924 100 2643
3132836 79 4186
2427160 91 5994
2454470 82 4525
3307290 98 5309
4846530 4 7186
84317 96 325
5774133 43 4912
785671 57 1842
394877 14 1070
164073 87 838
98995 69 989
7284920 94 9798
3077176 87 5107
410397 1 1258
418908 33 7945
3767772 69 4517
759133 1 6720
2409245 67 5183
25208311 64 8197
529581 4 5886
11357208 80 6635
3205676 6 8297
207097 61 3933
976372 14 2263
8359240 56 4069
1769615 58 3789
10130 35 183
1 64 109
129558 18 3834
1247879 42 8616
2986483 65 7043
13886366 51 5383
4130365 8 5008
10637 62 436
5152860 9 3865
671061 81 1149
303731 49 786
178256 93 843
7226020 3 5392
131743 81 447
22486 4 1107
29756 80 2007
929016 55 3963
22810327 44 9830
5534499 31 4565
21725107 66 8680
5369 91 703
3947162 9 3807
14833953 15 8851
1538 77 133
1593698 43 9545
872137 74 7793
12053 20 80
5010771 37 4534
530752 84 5111
246108 40 982
440202 47 9393
14423995 53 6267
2339 65 1388
19915929 69 8188
23938441 6 9926
79691 31 960
20578231 48 6727
3348498 19 5629
253465 14 7308
78418 62 677
7831267 51 5345
3702824 74 3600
22946084 41 7114
1 40 951
13489396 42 6820
43416328 49 9655
81132 90 1761
122095 71 3952
88718 100 378
44912797 25 9855
1 46 5016
1 79 101
5288172 17 3771
6921969 45 8545
14638 100 2090
10905463 54 7777
4668119 55 5883
17157511 67 8954
780399 78 3847
9151725 85 5229
12007667 3 6483
1196736 54 1668
1492345 13 2134
798357 3 6611
2637 21 5990
9225273 81 6776
1944778 89 2298
1 52 1514
1 80 1334
9509611 35 6321
11150914 7 7686
4460935 59 5056
2507308 10 4056
377309 89 909
39430 95 2345
4122094 23 3776
6447402 34 5982
1343816 40 2571
262296 75 1124
2514793 92 7526
1510215 19 4847
1346854 58 3858
454771 70 8043
638231 4 5387
4160152 58 3538
168832 9 2815
3307031 49 7500
79575 73 5552
14133386 22 9785
2084854 80 3052
1419296 61 4626
32144967 32 8651
7738858 97 6007
930801 68 2129
15114524 96 7148
8396736 71 7214
749828 97 5471
48798 61 769
473591 87 1361
12775200 38 5597
10230841 31 6214
28873728 36 8005
1146589 20 2611
20471084 88 9386
186712 76 807
242237 40 9377
1474135 35 7179
4598656 19 4967
8864 84 1096
268383 21 1704
10953334 96 6251
11137791 69 5386
317488 97 776
1156698 82 1735
2308 69 3072
2204133 95 7854
1622719 54 2816
19397419 4 6458
25497 30 4493
6676 41 602
22530225 55 7806
5360851 26 5781
341335 82 5083
16389 27 4752
52100 12 268
14544 35 3828
1242626 76 2461
1938656 47 2953
414831 17 9057
7600429 61 5975
6411844 88 5073
4634804 20 4191
10194893 8 7633
1246908 12 5192
63090 7 3192
2765165 54 7885
2040955 93 2461
322854 92 786
828770 2 1735
17879043 55 6523
315816 94 4819
15609141 49 8211
1 99 4693
1576642 92 1968
114394 73 791
18419 88 644
569721 23 1759
9821 41 497
3262713 73 4942
48984 11 618
176786 50 1879
4934709 16 9253
36976400 20 9926
169698 93 9563
1609215 2 3015
17690386 20 6145
10936424 71 4924
434320 84 5410
14510064 98 9172
527388 87 1986
837817 66 1301
4738245 96 8725
591646 31 1268
41001731 45 9507
167305 70 5397
20295069 79 8686
64130 100 5254
5912099 15 3854
4689533 89 3148
360248 75 2355
25125640 83 8029
1123397 79 1943
1894 34 62
10874005 1 6350
32300035 24 8373
130819 4 1689
4448914 28 5705
4856707 36 7965
3324559 55 3979
4527458 30 9677
608002 78 2227
17710414 53 8001
1584101 5 3283
367824 27 3898
10314476 49 7997
203290 20 8480
227950 59 1815
12622542 19 9852
9347 68 159
1637510 39 6992
11210104 93 5399
2304440 8 8685
5357443 25 6491
15334752 5 7367
24944174 23 8744
5886116 97 5616
7781938 39 6286
18673 95 249
592236 62 3072
3332343 10 8421
54820 51 4534
1129161 23 9066
2674455 66 8617
565506 35 1446
7629136 72 7600
10080774 71 8299
13123222 24 9222
281175 58 956
100766 22 1594
9797937 95 6910
204577 47 3972
21296257 75 8853
10870412 4 4654
39751 7 1372
2879276 55 9787
1588762 82 2713
16588654 15 7067
120928 74 1389
34773436 56 8711
16088920 71 7426
1971503 95 2788
2072586 57 3276
18184079 13 9118
636812 22 7035
8397859 6 9806
24295722 81 9461
11355879 4 6754
1595854 29 8825
10263359 98 6336
354139 89 2471
42985112 70 9527
360308 79 3530
6433874 10 4288
3699858 34 4901
929865 21 1300
2477661 9 8579
2004646 64 4788
1 69 403
145030 83 1521
4541 16 132
189975 46 571
810361 22 1711
108149 27 783
749807 82 7932
98914 87 1059
181159 38 3310
10082096 13 7043
29736980 13 9990
1 97 3106
1 69 1110
137030 21 1526
406440 98 1289
2229724 5 6429
16062321 44 6360
17332844 30 6087
15364387 94 8534
6057604 37 3643
216930 32 5242
341895 38 1487
126505 80 422
19748214 21 7296
374409 99 4825
11425187 27 5758
732883 91 3224
4399079 25 6648
225695 21 3606
258358 69 1681
96737 39 588
50679 59 866
16226631 68 8564
7269030 70 5242
2209488 32 2102
2551135 92 7930
2118059 87 4342
2808872 6 5046
15194039 90 5462
11053663 29 4866
18237736 72 9782
203738 87 3850
4683985 66 3174
6406955 26 7774
1 76 615
7896 98 2585
46577 80 5427
1876794 88 2839
14187 94 3191
11584330 77 7147
113540 93 1546
24155747 61 7007
727122 87 6115
58779 53 1727
21409599 88 9484
11640075 28 8432
1593852 32 3524
1 97 218
39703557 19 9297
2727030 57 3242
998763 14 5751
261700 40 9420
4025351 88 3004
10389762 42 6633
589483 77 8650
58738 11 8986
14955 41 2962
9188992 74 4452
9987013 61 4669
8475401 57 4761
315036 64 8842
15216222 9 9345
8346 34 51
349403 74 3120
9180 69 2049
6066 27 4163
6285478 87 5613
21859992 24 8206
1375417 94 6554
19589 40 6571
6113976 33 5525
12347594 27 5796
45864 1 7351
6945807 22 4017
19108479 41 8037
144665 6 1810
2431453 86 4133
7144165 17 6012
30015036 23 8528
757538 2 2956
245097 25 4797
339727 81 1502
14581929 59 7944
6681911 25 9538
20476489 1 7776
3607 55 2038
482774 17 9053
8484 1 1210
164341 32 2558
734416 72 6586
1 53 3204
4868856 31 9869
53255 77 1833
1530274 14 2763
193669 57 542
4554940 52 3773
796808 51 3567
3537453 52 6697
387843 85 1223
250788 93 787
5979146 8 6075
2068960 84 6896
511684 21 1383
15634614 32 5699
5237659 32 9979
185829 40 1035
3040464 72 9525
484188 60 1052
78212 60 408
39500 36 2092
7734354 57 4313
3592617 89 5356
863953 82 1481
3178409 63 3766
1764843 71 4020
1405146 91 1598
804236 33 1922
1 82 7020
117064 9 597
15322451 48 9195
45551 52 801
3718728 100 4557
3545064 17 9424
280291 77 1444
11230931 10 9012
9240015 71 4530
691075 40 2843
1 48 489
4224 1 245
433331 81 1976
2875047 84 8575
17958429 24 8037
12 45 3818
2928493 4 2375
60030 67 292
6605115 47 5726
5224680 40 7508
3482611 34 4270
3680560 67 5467
2421469 6 9874
12852763 43 8492
1379939 78 2659
54879 55 1408
157054 76 708
6791109 55 8399
19450294 59 7465
3119153 60 4105
6740917 28 4341
61386 76 327
31294348 41 9089
1271303 69 3700
585463 65 1522
2270 92 9986
7759977 41 9069
649119 20 2302
12118153 26 8196
1 88 134
559173 4 3043
667110 11 2131
240445 64 8938
4656578 26 3244
7644858 85 4227
2198713 32 4156
6558812 98 3623
5040818 86 7517
3238860 57 2498
1249632 74 8025
2521096 45 3613
25845448 96 7566
1134305 8 3874
4030357 6 6595
588837 65 6767
1 71 6616
2654044 47 4525
4800477 29 3248
7600224 21 9135
2189619 40 4158
8254855 78 5258
272651 45 1038
108496 67 7715
1956014 37 6977
9897772 9 6531
4517 22 826
74399 90 8007
4500628 70 4772
14060246 50 8404
259287 70 4381
191917 13 2083
21806697 27 8303
1241350 36 5011
388483 88 1340
6947189 20 6205
4042223 67 9138
106557 79 3576
22856141 87 7379
3195897 51 4105
4951156 52 6068
17084355 52 8487
378686 31 771
370710 78 1683
248000 12 2027
13002 68 104
3173 23 345
35331 45 662
1 54 2900
1247523 91 8455
1 67 328
9749063 11 6626
718003 82 3261
2323951 6 3692
9026400 89 6010
23351197 73 9409
163673 44 9248
1359704 18 5588
31121 39 2159
15719804 99 6701
5017867 93 6242
12529 84 6299
2108841 73 8843
9990080 44 7003
21025075 21 7951
161853 61 9026
20076447 84 7338
26920690 16 8875
10525923 45 9331
116506 81 5955
2335161 18 3032
24378 51 2113
40881 27 2201
12036178 32 5077
4833982 67 7353
1 40 135
7007828 100 5727
11710910 9 5619
3628043 49 7052
3327905 13 2654
11783557 83 4986
3835276 95 3908
34396745 59 8390
1188528 8 3362
14119528 6 9513
7667656 86 6584
634162 62 8027
173016 19 652
1128901 68 9406
1010 7 147
140415 54 3105
4632877 53 7331
1 95 1741
63739 83 1545
1306030 32 1618
360317 75 6026
136962 34 1026
34391785 85 9151
1091829 78 3494
464472 55 1001
11764539 11 8230
120599 96 5151
5291 51 67
875712 17 4099
502511 97 5295
25657706 37 8825
81382 10 854
24664354 59 9845
37372473 18 9651
780533 47 1507
18572319 24 7276
433639 7 7855
4417452 97 6800
11806 2 4071
264713 79 2782
61159 32 4667
1 17 2116
13725334 91 5333
61748 94 3043
900814 35 1614
1372184 35 5506
2478499 21 2213
120039 40 1516
1971435 99 7261
133864 46 5207
75331 41 398
96708 85 2176
421854 64 1482
3120898 8 3066
1394850 45 8344
19028785 47 9705
2842840 46 8715
7790716 58 7030
554770 33 2929
4492080 50 3772
14084630 30 6954
13611 70 359
241922 97 6390
21605 51 243
223592 27 2721
22620951 63 7695
6780650 41 6076
1274990 59 2027
65891 20 1389
2752599 83 6744
1452106 64 3119
7208111 43 4394
4920555 61 7378
19186892 24 7390
4046323 84 3321
626956 97 5205
236871 20 1415
7883660 88 4440
329269 15 2772
1086004 84 7402
566640 100 3250
3083608 21 2755
472302 45 2932
63870 49 7853
36622498 72 9670
753 1 4502
3093708 13 7640
66797 76 4757
3259819 36 3325
2493509 22 7787
11608999 6 7274
28960017 53 9640
8627540 91 6033
7777443 68 9058
482422 98 2192
59667 28 1062
982012 43 1425
4711116 31 5517
43529 82 440
23328 9 271
12473020 38 5862
104097 5 6265
3779348 44 5182
21334857 86 9077
74779 48 1994
5858161 87 8285
2398 47 111
6164533 30 5899
4510267 49 5713
15511244 13 9816
10015980 48 6394
35303802 5 9108
429632 39 2237
12815 7 3126
94948 65 733
15259481 96 8882
24400647 67 7842
26598558 60 9016
2750727 46 3217
2090624 78 3099
263033 47 1436
74968 76 674
1686157 72 2518
23495 81 328
2215630 12 2094
689405 33 3724
477999 23 9299
1543085 92 4443
3704697 61 7904
1049846 13 1564
792658 52 3008
1333367 45 2112
13080 52 4589
203113 77 8185
264930 16 868
8045885 82 4449
8129423 35 7902
1095390 48 7825
2909262 24 4965
36466 63 518
35373563 85 9889
13214405 88 5075
307322 10 7510
12075 19 337
345810 4 1939
877410 45 6212
5757408 88 5858
1619445 65 2820
10976855 99 6982
6231002 88 3645
30935 53 331
6396771 89 7427
1646 20 8747
13489 64 695
63893 72 6937
856280 82 3546
5258917 54 7234
192279 83 2013
15911469 52 6234
87504 53 688
6385795 41 8626
145566 94 2526
9240641 9 5807
370276 10 1637
21291 42 4369
525127 66 9401
795027 79 3266
7825131 56 5622
7145196 21 4160
1 31 862
4223567 20 5646
4716134 6 5398
7909271 50 8435
110126 98 3163
240260 14 2753
13929 85 6930
16952767 21 6406
204956 87 612
1243551 72 2414
1066546 6 3078
14526 98 1636
9145587 17 6368
98139 83 3450
523257 69 5943
14288827 91 5694
12084989 41 7500
10153954 96 4808
411513 88 1540
26085 97 207
537740 93 5930
5358355 74 4213
1005954 48 1720
2739975 68 8239
8360371 2 5518
193557 87 2034
7252126 95 6635
364848 90 6399
3045854 43 7251
594493 67 4245
1638296 14 2816
8215615 75 4340
7903 21 432
4793586 60 5805
809201 45 8240
7902882 47 8716
12492563 73 7514
13837202 96 7715
9562 77 801
8610690 25 9969
34977553 95 8609
94453 1 1754
333546 77 9002
242237 97 9245
951015 39 1419
1138590 37 3452
9689280 56 4380
3575468 36 4543
6022667 46 5497
43744 52 924
12582528 13 4928
4843971 33 7343
434209 59 3200
7024 53 645
512197 46 5986
150316 9 3426
63009 70 1070
33538641 6 8861
20995 73 350
12815317 46 9578
12090898 35 8562
19392931 24 7292
9684155 35 4639
26483 62 763
10476695 24 8734
13733232 75 9550
1427471 15 3042
22754169 90 8006
14914473 93 6098
13778 36 7541
2283631 22 3960
232472 83 8792
394740 65 3764
4780607 98 4201
9970080 6 6803
191100 19 817
5574157 15 5018
2892631 41 3348
57272 41 498
440208 74 1797
2556625 39 2441
11551324 16 5226
4927751 28 7708
16131035 17 8667
1847212 38 9809
6089 43 5828
12335463 70 7692
213380 89 1207
43673839 52 9327
17349514 87 9347
32576843 25 9363
550476 73 8196
1 59 1092
6802133 61 5985
9720689 42 9238
3212853 88 4331
65581 85 1762
19258389 57 6249
24273606 56 8690
637249 60 3869
1795731 54 7080
3345583 96 4713
16390284 12 8346
98865 3 1694
19955332 42 8193
9971598 99 6706
3973023 13 3264
774743 6 1764
3201299 27 4300
6904 82 399
2593139 55 5012
931856 48 1473
23750834 65 8051
2212 68 695
10055541 38 6059
654718 72 4862
112976 100 1076
187946 76 7198
35039 43 335
21344291 11 9681
327502 2 3730
315148 30 8032
17882799 91 8364
19740 82 1235
2745287 22 5424
11167 37 128
2409849 48 2926
5573808 23 4682
8013414 13 4088
718952 53 9408
16972701 87 7999
19595088 19 6651
1070133 33 4112
5714326 39 4724
3492987 14 4046
2330 1 165
2278787 93 3681
124715 42 3182
1 66 4986
32846 53 819
27807549 32 8753
18389354 6 9950
6671796 90 4166
6042550 67 6892
24008089 59 7501
3531132 42 2588
1376711 97 8109
771913 98 1764
693324 3 3183
68908 13 848
2160223 62 8326
6407476 87 4259
272656 44 1001
16117052 17 7846
13298780 68 5163
117426 13 1205
108157 8 2392
1545305 84 5437
13603678 15 8706
228034 66 2149
32848 67 1492
877243 36 1615
23719 59 161
28762 96 331
1 21 2636
35565 49 734
1185824 39 4386
10559 89 759
1343242 11 5591
9449710 81 7696
14506111 45 5906
32917 99 8648
6423453 99 4183
2368269 28 3789
1334 53 152
743914 1 2594
1549268 6 4075
29545787 5 7732
3179627 96 7398
43581406 70 9581
16447483 1 9865
1 91 623
24795 75 977
6258104 86 5660
1 64 191
1038839 3 8109
2792813 48 3659
30426 27 624
57365 5 5245
9612 64 361
17617 64 187
2057263 72 1983
2444366 37 6329
22160388 70 7268
16362348 63 9929
618815 100 1942
9338545 90 7431
2995763 66 6034
18159 82 3631
4095187 55 4157
614281 15 8781
22918 48 5894
351132 67 3521
8348555 66 6191
7253314 54 9625
4402566 51 5874
378465 24 8018
3220675 87 4152
4497923 92 8717
35768 18 1805
17487490 37 8916
1679669 51 8452
63592 22 8321
36849318 94 9062
20410648 11 6493
4325605 24 3090
10966 8 4731
7561076 37 7677
428972 60 1068
38162463 3 8754
2881665 67 9034
457494 17 913
2576405 23 3852
21837867 78 9919
141119 66 6426
13925389 67 9338
4054871 76 5083
1084234 42 2833
5581755 86 3497
199056 38 4240
720519 19 1838
7576981 32 7259
25718566 29 8851
958362 32 3537
134566 65 8987
264884 12 1129
5212749 73 8856
1620396 99 2154
159033 56 862
9376 2 222
3310810 48 2995
12156869 72 8618
2375512 15 7336
30514252 24 9973
4913863 26 4040
6451840 67 5305
10069 51 390
2263942 95 3234
87963 71 965
559956 78 1184
15049956 20 9541
6242491 21 4433
90536 69 377
383904 27 2439
8731 30 174
3289069 97 5128
16756 75 118
7547682 46 5184
522731 54 1796
16122238 72 7128
14073460 20 6056
10796061 91 7532
10627 90 1078
2960765 1 3310
2320601 35 4173
6689352 47 6049
22825564 51 8266
533412 8 1019
266305 82 6168
4707535 97 3016
481356 86 7541
43806 32 932
2671987 13 9024
118530 70 1745
73610 22 5993
4867041 38 6667
1655806 42 2706
1358719 57 9936
5136126 56 5503
23195627 37 7949
1248117 62 2306
3147404 28 8624
1117906 66 2645
13448 39 402
11058355 68 8219
10353153 69 5126
6517447 44 9586
57597 64 263
19166158 69 8248
24532767 40 7084
59926 66 399
18430 50 5843
7235721 82 6315
1134 24 1375
3087899 51 3102
244125 52 5341
1330173 90 3426
435311 51 8290
212673 24 671
961328 15 4367
896098 36 2491
14542846 57 5805
10006628 79 6161
11475750 26 9825
3687755 89 9030
5378293 77 4297
19513 6 2257
155595 86 592
8785256 77 7441
1764114 17 5638
273244 46 4709
9677093 7 5709
4848267 39 3986
3575421 68 8073
5186828 18 4926
846977 96 3043
173505 29 2155
2519805 22 4917
235091 17 4277
925700 50 2843
341868 79 7393
84209 45 5398
81201 23 5675
210186 90 1298
47388 30 5045
9635096 31 4838
2430619 97 9340
1115970 85 2318
6407650 41 7628
4823378 47 4070
11605292 5 8278
228217 84 6452
1675469 10 3127
490218 69 2095
87175 14 3039
6551080 82 8604
85762 41 8268
36523 25 2497
131412 61 1286
11528735 10 9628
7465089 2 6428
111677 10 1315
263064 18 2088
77294 16 303
2247554 96 7815
532702 20 7390
743057 15 7407
8130756 34 4385
7122 43 1115
1202623 6 3816
1654 79 7169
1218566 69 2706
4454407 24 9731
2491270 15 3090
965121 5 6765
2161492 67 4227
13376 6 453
25671534 33 9578
19112326 79 7562
12879383 13 8196
6687441 60 4936
20061 99 3394
166675 40 4404
30638 12 190
142211 32 1272
1095 36 4383
952479 55 3588
1756095 55 2654
787808 34 2541
3181335 3 2818
93438 23 3308
67291 46 7174
860710 72 8575
1903 1 1359
3417092 98 2660
609818 59 5459
277844 24 1808
1 94 5408
93042 42 923
16921118 95 8589
488830 23 8418
4610757 70 7587
1048486 21 5535
11359330 1 4910
8775 41 210
319893 62 9872
120257 12 2264
546347 17 1505
5835733 99 6506
851068 98 6076
143307 74 5221
2206056 36 2050
7808476 49 4753
8195175 36 8592
4084651 5 6448
14465998 34 6510
248861 62 1663
16656391 36 7021
258945 44 4332
90909 37 3316
1 55 116
1717390 68 2175
5277377 14 5032
1904567 19 9934
907959 11 1473
9089004 19 4788
95371 59 355
456046 92 9565
38782 77 690
85845 56 447
15360 36 116
4026991 44 3099
254091 17 7700
1282424 13 2600
116040 83 2645
33297306 99 8965
19114271 96 8764
11231217 97 8668
26922 51 435
1932104 69 8187
7100862 8 4013
776769 69 3159
7825523 47 6333
1150006 76 9803
113620 85 2881
6981135 26 5437
24074387 23 8847
24312650 67 9551
342823 85 1489
2707399 87 3536
10867873 34 5904
67262 32 6489
5040892 58 8381
3819882 86 4147
1925600 73 2733
592883 6 2408
458287 91 1537
11952937 77 7404
2451288 18 7628
32479 96 1117
4169 58 1673
1183485 58 2957
18402448 51 6418
3442144 70 2697
87118 80 1421
18287756 62 9540
19003 75 115
1 41 2345
13402039 11 7710
1245285 86 6447
6990732 21 6061
357286 79 8166
28010 70 1590
2100107 93 2846
4095739 15 9266
57151 8 8994
33361765 51 8672
24007558 35 7985
41804928 67 9606
16837 72 451
1381774 9 5811
402896 69 4126
19141100 28 7914
681544 45 5880
76344 6 658
63079 31 8491
2657471 52 3916
36516117 47 8926
2034955 85 6296
27039083 70 8454
1495699 2 4635
5785007 83 5236
359245 47 3371
363147 82 6671
9777960 48 6949
2315591 91 4534
577840 5 2238
19931130 38 6259
110897 42 936
20444040 97 9336
9655976 64 5672
5907676 86 4568
45449677 49 9438
1600720 46 3116
148999 92 840
6753833 76 7493
2516646 25 3044
5747313 5 6068
9648715 63 8104
69308 93 824
9656161 37 9419
3938522 27 5489
315475 92 4306
11134158 80 6166
7437466 15 4993
4785 15 3403
279926 95 1143
29178 80 3540
1321621 55 5021
19946 24 262
2053487 14 2126
191198 100 878
34133655 34 9771
6491852 29 4837
7443523 6 5689
4252026 32 3152
173767 15 5076
14304 78 392
16119479 92 6018
880159 64 8952
3837477 70 5411
26488 70 327
2039695 25 1986
16860398 45 7736
224016 40 4582
937073 51 5833
15261278 19 5745
28233 76 1524
4113070 14 3366
123417 99 2456
5680384 63 3524
29259261 80 8932
11727474 69 4968
17356446 27 8324
4100266 24 2801
8413153 78 9737
24341997 26 9388
70866 91 499
638040 61 1697
38462 62 1412
6971884 20 4142
4370137 96 4432
2129734 15 3192
2519922 89 4016
7871295 17 5305
304274 71 2127
667859 48 3891
20378929 35 6877
2360335 13 9162
728934 16 8434
1 53 381
1758994 66 2399
3903307 32 5704
327011 61 817
2655974 14 4129
3325652 56 4016
160263 5 3589
3285792 94 7026
18362540 65 6761
160793 83 2451
435866 33 5496
68793 95 1861
389019 76 6863
59314 64 8341
1536992 98 2096
20911446 77 9406
12354023 29 6329
1251840 26 5397
11390 22 169
134302 65 5416
5415059 18 4653
396132 77 3818
365901 4 2198
248805 88 6976
88076 71 3904
1 97 1127
13537445 77 5736
557360 60 7691
3985 92 7043
26358239 7 9580
861792 100 8351
14066964 52 7792
2403512 36 5749
13447032 73 9407
10572668 82 7589
469144 52 1795
349073 46 4699
19352854 63 9086
22550452 38 6800
16500472 18 7787
1524003 94 3185
4799848 81 4505
363512 82 3676
11404826 63 5524
28804970 48 9364
132406 82 1103
1975857 12 5046
8585684 26 4125
466 18 3546
13772987 94 5183
23333524 95 6885
72538 86 6183
13894007 81 8725
3401077 79 7244
1618286 24 5626
9347745 21 6001
12038 37 4565
107962 70 771
1850452 50 3050
1435178 61 5488
69891 91 3007
66500 42 5555
20349662 62 8802
3970941 87 3127
9860665 57 8119
648671 5 1176
980812 51 2701
18500553 81 6717
36756719 9 9800
11695227 28 7362
13288499 98 7104
32793185 86 9780
15042 14 7678
6048264 81 6859
4861572 91 3175
28696677 64 7988
5281 52 225
32196391 46 8878
762486 91 1415
14139505 50 9833
8173702 73 6954
3258312 42 4395
561368 70 7114
1858773 95 3730
14093144 66 8280
624793 79 1274
3349597 6 8352
7176597 58 5017
49779 59 3791
2215162 47 5039
17576549 65 8777
14136153 19 6080
11877117 34 5565
930998 25 2469
2461373 18 2430
2994061 71 4733
205777 6 3299
102577 19 669
4443079 100 4875
7338614 78 8874
1037893 76 2945
761015 98 5204
18143869 60 6052
11351090 65 5877
1341660 61 1810
12502662 8 9365
3514 96 2595
32222638 83 8700
6139037 82 3519
441494 2 5455
8515046 29 9538
248433 9 7891
4494 20 1415
42938080 98 9723
9130585 23 4232
1400469 19 2435
162442 49 1282
287967 35 1322
4860233 27 3227
34396836 8 9146
3261865 84 7251
30324376 97 7761
10579683 40 8889
2092826 89 3972
4277755 27 6699
21165185 80 6974
17890296 42 8930
13879940 74 6278
1824844 9 5184
20117904 66 8826
1403074 47 1709
1438563 55 2746
28414674 63 8654
929586 88 2403
9068581 92 8240
2098861 94 7810
9671583 31 7390
452393 7 4532
1267821 81 3057
14519375 96 7972
14573913 14 5400
330266 28 3054
58012 24 4673
733 89 1510
59747 87 532
7432944 27 6717
2797167 36 5419
464998 81 2225
2033896 33 2229
1 26 5892
22785867 39 6936
2891005 45 6817
180608 94 1005
1483887 88 5185
5268023 6 4642
12105423 37 9548
11548312 100 9467
208777 35 7711
6828759 38 4274
2878807 51 5241
587993 92 5993
6922774 19 4979
3917 54 321
4074094 6 2805
338 95 2779
5547813 74 3290
1033096 35 3094
1226997 95 3759
71 41 90
16052459 27 8288
465457 36 6525
11026 2 4591
85469 90 3626
9232423 53 4915
73877 23 3378
7048687 69 6496
1544768 2 6431
4691 93 2689
28460903 94 8529
138554 24 6883
3929 13 145
1565 25 415
3651276 35 6671
17605492 22 6734
2698071 32 2422
679019 52 1481
20539071 7 9552
3876 71 393
201541 20 1093
10689 84 7568
15127003 24 5423
2271380 48 3614
1 6 213
35805 98 198
3390167 7 3427
23144598 10 8983
8942278 39 4320
10244 32 1929
36201 10 2765
29047510 32 9471
344632 72 8129
125598 85 7216
21254031 88 7383
33426903 9 9828
5283723 49 3188
900168 21 2885
17261399 40 7246
29044719 74 8107
10338140 29 9948
3294127 98 3429
10568525 23 5472
911176 30 4262
86129 67 2835
11557692 75 9222
24740064 97 7061
3397238 100 7807
17011935 60 8253
31860758 97 7980
233349 38 1384
2401940 90 2935
5292694 30 7065
12153312 83 6601
15985835 85 9799
5993966 96 3915
9197939 99 4535
16498285 52 9263
25198020 71 9929
27774898 72 8047
11644951 41 7181
4472175 70 7315
11242502 41 6807
712194 41 5087
2479610 46 9894
162788 42 482
4288857 52 4526
24664 43 1778
15129 49 1780
30180 9 4017
8746089 65 5035
2443144 72 3019
35782516 75 8634
19044804 56 7217
15022429 96 9724
11753343 80 5282
203633 47 7883
559898 48 963
1100181 51 7379
22552 1 199
2466993 23 2931
281713 85 2585
8164497 33 6487
8406587 2 5639
216402 80 604
2947507 69 9633
21664622 88 6892
1063203 68 5813
411585 43 6982
1375976 73 5157
26403713 46 8446
1659833 45 2349
5259605 89 3963
101869 67 1650
98170 22 485
2072030 20 7592
3100657 74 3410
1798707 52 2952
8853969 79 6517
27106389 78 7998
579938 84 1863
8720701 23 6922
899180 70 2514
1762 35 3877
1 60 772
4845931 85 3154
12229462 64 8144
151472 16 3684
2198843 84 2470
653397 77 7812
1424569 56 1733
1998154 42 2258
803515 96 9709
6631501 10 4107
4307334 72 3872
15200808 63 8643
1697154 66 3673
997127 13 1969
41612039 29 9202
8959487 26 6255
1853304 9 5324
9206443 42 5181
1394488 84 3438
763514 100 3120
254317 41 2362
31608852 96 8844
96626 19 4782
1061853 80 6704
9365602 51 5215
6223425 99 7411
39687168 34 9332
646773 43 2218
23264442 53 9620
4026992 60 4792
1753884 35 4256
4928 14 582
56724 91 8654
5224835 47 8979
37028605 11 8915
2793174 64 2883
16268023 40 5907
69417 53 3568
4482222 93 7503
1986740 1 3034
2002935 33 2467
157746 50 3650
13687412 39 6146
4163541 73 4002
6753852 39 5915
2237613 80 8650
17438 75 2413
148238 6 1120
6226421 79 7520
2200313 32 3466
15267382 33 5647
4220072 30 5875
1405786 18 2266
6919162 95 9809
11201461 19 5558
1336270 64 3037
3990488 55 2999
13564 29 771
33850 24 3726
815646 99 5128
1230789 58 2476
9368615 50 5984
15817734 90 7213
294642 81 1211
1 52 2105
5055816 93 7258
52 43 171
17056977 83 9366
4441225 14 4338
5164155 53 3389
2399620 19 6609
25947715 74 8949
707619 22 5678
4237429 70 3407
48396698 84 9823
4919346 82 3386
410 34 66
53688 15 449
313733 94 1159
8324696 53 5678
6204312 46 9367
1355957 79 6948
3666438 2 4286
227314 97 980
425899 68 3469
77077 85 2434
25588 60 1154
1 73 252
5844026 49 5708
285395 89 5721
2595750 80 6903
6920574 53 5105
889185 64 1625
2979 7 7736
22939 42 4999
496130 86 2027
76793 17 8828
16017047 47 8432
10306718 86 5212
108577 81 1217
27672121 58 8548
4731296 27 3025
76086 99 4030
13313464 75 6455
1682840 83 8255
19314929 13 6455
23480206 6 6929
62818 7 3513
12426768 58 8276
16011731 19 7041
22807027 42 6659
371898 77 1672
350330 88 1460
10809576 46 8202
414780 91 1105
56098 46 1439
59895 53 409
28253 31 501
2953340 6 4885
3662547 50 3257
3144670 54 4235
610588 75 2485
893008 67 3458
250420 59 1318
88965 52 672
2442592 89 2431
11029981 18 9015
1100106 68 1831
70927 91 675
764091 20 5014
12343629 27 6660
2377 45 3726
385086 90 1241
3469487 33 9132
504197 63 2633
104192 9 4624
2885724 51 5002
2306329 58 4910
25159442 26 9548
305817 6 4331
649895 25 1151
1064607 79 1466
128642 13 1023
15167672 2 8044
1760139 30 6813
383873 81 1380
217714 87 1917
3298602 59 2768
688756 16 2104
6056819 50 3384
42931 48 516
50216 53 7671
29327 36 599
3046786 26 2750
13484133 56 8730
3928114 56 9377
540602 24 3393
9586063 9 4807
12667248 82 8478
151110 79 5604
4982355 76 8331
12682128 79 7288
434442 27 5709
6681831 54 4796
157778 8 1003
43963404 5 9559
5554429 30 5404
749737 29 1466
597041 47 1719
1964230 22 8642
3562891 81 4246
9543724 28 5229
13530696 55 9619
9590593 64 6106
889516 75 7818
19759 71 763
1878347 9 4243
5081151 17 7780
127628 18 2734
4481 98 196
2103613 42 3984
982937 7 6305
11876 20 6473
6558100 46 4803
187572 33 4469
32639983 70 8565
10730621 5 8917
8939327 24 5305
245751 60 4188
1050632 15 4554
1 33 100
1676895 52 7242
4880052 9 7659
21592898 93 8611
3202481 44 2598
745526 35 3602
1009762 1 1339
8987634 33 5482
3248753 76 8361
5045259 57 5594
2504339 75 2575
240795 79 1901
157099 45 1195
6315754 64 4327
693797 62 3342
11323748 72 7220
1251304 45 9887
401392 92 2449
197913 17 6323
5812126 61 4602
1009710 45 2361
3073857 27 2903
379000 33 2487
7420259 79 5728
10484510 86 7302
448552 65 8275
324883 24 2417
1240987 78 4372
565935 87 8047
197730 89 9296
58397 20 5707
505309 17 1369
1834562 14 2465
694984 32 7738
5787896 98 5502
1366628 99 5280
1017 56 9858
1037735 20 9738
1048283 58 6091
2918387 29 9086
1188442 30 5595
5435206 87 6291
299086 100 1346
15191 38 2637
2593983 43 2669
10952514 11 7085
1986897 52 7201
3044147 45 5404
3046073 47 5144
1148281 29 7888
3862676 84 9388
33346050 34 9005
6459691 89 4161
14390650 3 5763
773437 86 3261
2031156 42 6271
29987 19 661
3487187 64 4658
200352 49 4769
11779730 67 9476
402483 68 3251
8436500 71 6481
1018217 86 8992
37024753 65 8878
5944362 45 4087
285120 32 5205
16575795 73 7143
1818 21 218
79007 3 1500
18781 23 1057
4083 29 2832
19042401 56 6115
1326173 73 3644
5542 58 9784
6736484 57 8378
295397 50 6046
1939 63 2113
812522 29 3030
494341 14 2108
2238594 39 2956
3550271 19 9196
2661594 79 2322
688817 86 2228
1492961 94 3217
11130004 23 6282
376231 93 4850
473160 80 5353
22120975 44 7823
718626 20 5652
3590 60 304
3550459 66 8119
1462051 15 1632
389388 35 7663
18367478 10 6009
34588360 22 9426
627097 64 2454
2299 59 2732
69101 59 8078
71840 91 862
5345413 62 7699
507839 45 2260
1 88 148
18126 57 1319
90860 59 4051
481149 15 2391
26513254 6 9534
1046300 33 1740
12772134 95 7182
14834 17 77
2473147 76 9976
431798 96 1012
1396956 57 8393
7063 24 2345
3937494 2 3365
10458321 40 6532
4394294 83 3812
11218 93 973
1 83 9549
3884845 89 5171
385141 74 4601
2262921 29 7958
3179159 28 5921
10697617 62 9732
2046480 55 2384
279247 51 4395
13707 77 1645
1757270 83 2856
8859492 97 4375
12332134 56 8243
5781869 4 3870
77220 79 319
9370253 23 6987
3314177 42 2524
75274 84 372
60239 1 567
3091272 75 3540
5892649 7 4191
3007224 86 4732
11909859 90 6676
7691996 51 7260
15777093 41 8648
6292555 96 3636
17900856 21 8590
3771245 29 2681
32930841 17 8315
287419 68 875
2067 43 3327
16814030 2 8522
2401458 8 3656
1724761 9 3825
3188533 74 4393
650 54 4044
3173091 68 4515
91809 80 1837
8430996 25 9376
350771 22 2589
8164911 67 9434
20108909 63 7053
418748 100 2098
2893359 64 2351
320737 49 2025
2337561 18 2776
506376 98 1679
36670186 76 8857
2382435 23 4343
4986 47 1558
61603 99 451
1001715 2 6755
847545 48 1701
2571226 67 6917
2063905 38 8396
2457834 49 3071
13190546 18 9574
12220938 85 5450
9739573 48 4941
346720 25 1614
3486 49 8293
5752849 53 4813
3579741 42 4421
21401543 56 9956
417566 33 9866
9148131 75 6169
1502692 25 7103
6393630 89 3836
9177033 5 4227
525715 4 1243
126223 68 6551
11498949 69 9628
12996586 96 7534
1528921 86 6308
136954 52 1234
4662976 56 3262
10421 79 163
1952678 39 3679
17185481 62 7575
853875 99 7044
6583839 73 5854
6195649 5 6227
660840 17 4217
43438 38 7191
4711878 50 3436
1080745 40 4310
508028 36 5564
12355332 10 5591
38791 94 590
40996350 42 9620
4594036 59 6169
67514 40 1260
36579 48 2222
28255263 36 9988
2343955 23 4243
1851449 28 5096
121317 97 3341
47719 27 525
986025 3 2036
15775556 94 6089
3338890 67 2558
9037478 72 8757
6436616 71 7595
56399 15 724
380135 48 3827
281714 8 1193
268896 34 1131
882461 85 2224
59823 51 1440
116488 39 936
723241 86 7125
2261704 22 6964
6360881 12 7956
38523669 99 9052
437053 64 6024
467476 63 5701
5994809 12 7888
23935 33 347
182817 46 6203
14603529 38 9414
1362806 72 1772
1634341 1 6527
2434760 13 5632
46571659 63 9756
160384 74 8013
30946384 81 8516
85773 42 6739
20152537 98 9989
1772017 98 4069
1616575 91 2118
2874549 5 7091
6966408 4 8300
36732271 65 9513
296663 87 1034
2266925 83 4425
3490658 5 8472
335712 44 2215
6555154 81 4658
18719885 60 7616
5366 42 683
12851726 69 7139
1 38 740
15336121 88 5718
341746 50 2151
495958 57 3477
572175 95 5528
3532878 18 3492
73873 73 2168
710126 53 9141
7530942 82 3933
29634111 43 7648
2069691 13 7274
5640393 34 5297
117791 95 5156
5564935 19 4197
1059638 60 3263
24663399 16 7067
13170998 48 5131
6099452 90 8233
8444454 76 4982
9976213 83 6803
138264 52 951
28399 88 7468
67909 64 6343
1 89 3583
283669 16 5200
675305 46 1156
11870 82 825
14754439 50 5589
7466751 53 8934
2297853 90 8269
3180267 95 3701
2217165 38 4483
2147215 61 3487
32485 67 564
7238611 11 5762
56469 95 8848
7182504 9 4637
139850 29 6872
904438 91 1477
15401556 43 6189
3455828 70 4985
9256356 33 5161
31076 29 4135
281576 24 2493
1440304 96 3414
128558 58 455
259223 100 855
943325 97 2636
1075687 7 7645
1654625 20 4971
6066754 84 5270
34386499 99 9842
1731653 64 2710
3848151 11 2772
2090701 11 9393
17345916 89 7123
34450232 92 8996
261456 8 1070
28808 33 597
4377333 83 6894
1219062 94 2088
2961962 92 2451
1 75 81
11473183 69 7002
5481 39 274
28519427 20 7491
4264006 15 8980
1117338 22 1456
2459054 62 7061
42330715 51 9981
79446 61 3080
5125 39 348
5296102 48 5806
7292270 4 7636
1080240 94 2335
8023550 28 6424
22162361 71 7028
15820916 54 8411
7579442 92 5973
14560087 74 9614
337562 13 2272
5315031 15 4358
50333 79 474
163472 98 5462
4971468 15 3618
5662155 74 6900
73926 45 2901
1501041 51 3450
1335438 31 2891
388001 94 9097
4158515 72 2957
1 70 1981
99565 76 611
27232 59 3946
5000101 55 3177
3027486 75 3404
1907410 37 6600
550356 6 6623
1 34 1638
3590391 44 9196
708288 22 3059
9716017 83 4365
235327 30 1577
393882 16 3065
75647 34 1548
36851373 74 9938
18162785 35 9067
5422 80 1195
15084363 13 9309
4730975 46 6373
1831387 62 4734
9776554 5 4850
4479010 55 6282
3899 23 6452
129534 44 9760
1727436 36 7574
3998054 21 4079
40595 67 4148
121457 90 1288
46586839 71 9788
5874 79 825
32032087 4 9237
108680 1 2129
1265313 63 2053
30196 100 205
7463121 86 6677
33992949 25 9111
17221392 8 7535
12911937 28 8737
37848884 73 9419
340599 13 4561
948842 36 4478
304923 71 5266
8146987 21 7352
7788233 14 8919
125010 93 2551
15218 97 117
12918872 18 8201
1945407 9 2426
861560 10 1334
2379919 57 5453
15576699 49 5608
4117011 14 7375
8037 88 2850
11289882 75 8982
9702184 14 8547
20803 7 5699
4728076 61 3150
205923 55 8813
15373073 41 9016
104463 15 1215
4313412 16 4275
724782 93 3925
31492243 13 8313
19470618 44 6492
63589 5 6901
7014024 64 4148
2123760 87 8551
611727 71 3060
72205 29 3395
26293 25 9592
16406148 3 8246
1760282 38 2894
539547 81 6272
6486309 57 6518
2048595 84 9563
9926 15 46
721596 81 1159
13988453 87 5610
20659077 48 9149
133612 21 6208
9625819 51 5049
16592039 74 8435
509800 19 928
175087 90 2308
7405171 67 6989
1384 57 4152
2886088 54 2472
407965 20 2224
1685235 33 4895
2119705 42 9240
12043 57 2343
119850 1 5775
40491641 67 8910
286158 46 8007
613028 12 7207
66865 8 289
550810 75 1427
4034794 3 4037
2889371 26 5712
18472 73 689
1646911 21 5435
23729533 86 8659
1960187 36 2782
332366 70 1602
629945 26 2740
9146 94 171
35168845 47 8849
6912193 41 3690
3547038 84 8990
224259 2 2536
13444420 50 5118
98022 45 5630
1520743 92 2111
1840 6 3666
890409 57 1288
4380052 97 3883
1198413 24 2196
25267352 58 8527
7196645 85 3960
11614496 25 5817
30161377 92 7770
2402355 7 9549
583165 65 3482
1985192 77 2317
2374247 9 3407
124687 30 4804
4611223 14 4180
1901801 42 2847
6992 11 83
3596492 46 2753
7293578 84 7085
2483469 20 5290
109489 52 3262
70118 29 9754
13391956 7 9639
1905228 5 9366
2032558 86 2008
3410421 7 7425
2087822 7 3315
449769 26 7571
613008 5 7593
13906855 54 5787
4707850 87 4166
31932018 56 8205
162 77 9273
1264225 29 1877
23111 15 1981
1692998 67 9860
13291517 90 5982
2477 12 2474
3090661 51 3809
3999572 89 3468
27062301 18 9361
12234472 43 8781
13452605 36 8608
10891921 91 8208
31764 3 1692
9455542 98 4924
177526 81 2361
1956788 2 2597
26737323 36 9318
2999833 29 8782
26832278 79 9646
371946 56 4762
553488 42 2409
2121756 62 4234
1 16 272
757921 74 6566
8288619 6 5873
511783 77 1134
1240325 48 1599
1259738 11 3689
6271894 41 4116
517 25 2256
66503 44 803
3672549 91 6511
4902846 48 5106
963585 39 2938
176966 46 2175
335640 51 4465
106221 64 838
260631 68 9654
28660893 27 8513
967361 74 2350
4413229 35 9617
2710233 5 5919
9141047 68 5375
5283 64 3250
890145 14 3955
6135 59 262
12879937 30 9684
388631 65 7074
5448923 64 3519
3308 35 434
2389551 53 2167
5824176 21 3347
1 46 1666
12071270 73 7304
29462188 59 9378
2703285 78 5652
16879 61 2865
11131992 80 9577
36918 56 362
1807687 84 3626
6077 88 449
129914 45 434
185351 87 3699
4049358 88 4935
14323530 22 9010
417592 51 5389
1430924 74 2539
1631112 58 2596
1636069 5 1924
2494832 92 2386
1080307 100 5975
779294 99 7588
10954433 29 9720
12439835 31 9068
8672274 55 8342
23178 57 1883
369546 3 1442
10304764 20 9705
15199 41 848
5248014 5 4443
3987933 64 4614
3949132 2 9619
3383167 12 7121
10857142 56 6152
13947958 35 8626
42705 80 437
54519 79 381
4585 56 63
2807771 53 8016
1125363 89 6306
77513 89 2811
3521414 23 3673
44432 56 2703
8074593 14 9490
27254 42 321
1670280 76 6799
1437288 49 2701
1384142 52 2036
123469 25 8048
26403496 68 8808
14920664 43 5913
6247323 8 5649
783000 82 6897
984357 59 7475
2513827 34 2434
8247216 52 9603
1900673 15 5156
1104340 5 1853
12064 17 871
4162564 44 4897
10362360 12 9283
175860 79 1275
17370853 15 9444
828753 76 3331
15545353 83 7051
798795 47 2624
1641206 27 1892
9503 13 443
14248079 13 8698
12274659 21 9305
9370930 54 8131
30363517 51 8971
20201287 22 7195
6014007 33 3710
7277503 24 6756
3721543 31 6487
2278057 62 2035
2509032 86 2670
20410 46 1464
480588 83 4513
136528 37 9109
285111 32 2774
2483 18 359
13784937 15 6480
2005617 31 2211
7406007 12 8523
549520 89 963
572734 4 9647
1964983 37 2022
4410137 49 4130
21432184 7 9152
28297699 59 7870
13177 64 387
294242 4 7017
14398265 1 7514
50689 93 1698
25028818 51 7070
16160378 50 6555
535351 96 6728
158983 75 7775
78328 70 6723
12393013 85 7723
926889 5 1793
511178 29 3791
94086 9 1011
1102748 93 4640
23144227 57 8694
1565601 55 7169
770108 60 2274
2744863 23 2495
15221649 50 6476
63771 32 2381
21743 30 147
16870500 14 8596
320713 33 5531
3486221 56 8048
25563881 22 7864
22675632 80 9176
6120942 14 5619
4562353 77 3630
6410824 86 4060
19684883 40 7166
2791347 96 8813
8292890 1 7166
1924664 72 7476
26232135 35 9619
42879 53 230
9042633 89 4822
16196023 28 6700
5196967 71 5712
3723350 34 8149
6938271 62 7125
3685 6 3873
212145 8 1613
1291 32 216
123061 20 2953
1317919 92 1572
1444187 3 1726
1338216 39 3575
20255736 100 6658
880240 79 2028
337515 90 1004
20323923 85 9199
1 94 348
96404 11 425
996167 25 1964
1317993 16 5695
145085 4 617
1279800 90 4846
37250 17 257
690885 17 7297
16426118 52 5641
8111921 11 5198
410336 40 6306
2046479 43 2447
15209575 34 8821
253007 6 1930
251694 92 664
108886 20 2689
2760193 19 6742
9671712 25 7693
374797 43 3148
1068413 14 6646
18467360 41 9542
756387 17 1580
1328351 69 4159
25652708 95 8308
2757277 88 6326
1713143 92 8342
982025 65 8768
503975 94 1168
3469326 10 5583
558326 31 4955
2700341 5 2401
17170689 48 8278
1604156 46 7138
3620 64 719
187325 48 2406
9071225 39 4759
187001 71 9202
111185 79 591
7885741 72 4526
42865 7 5485
2377962 43 7956
8684378 4 5799
113 9 1813
4406864 24 8336
102838 80 5864
40443650 50 9926
880085 68 4630
2797402 8 7155
3928663 26 5262
24233538 7 8010
1281131 73 2532
6718389 92 4302
31311 10 289
9235119 68 5906
137142 4 2449
3315110 18 4733
4790509 13 7629
3850643 47 8047
577755 39 3450
2561495 40 4180
164786 93 7528
24406294 61 9420
439295 6 2117
889455 30 2907
13298646 12 9392
1494379 44 5043
4785818 80 3966
10665995 4 6477
1319788 1 7609
3037657 10 9568
863339 9 7030
2727 61 643
221189 43 4841
2195676 59 2759
3740575 28 6817
35378724 47 8521
345890 56 4368
965223 17 4434
3570786 43 3577
12458 67 1217
3282242 12 4376
3145805 15 5595
14197237 3 9056
6592387 88 4905
9176140 75 6519
310763 61 9309
123310 95 930
671035 12 2820
937724 47 4367
1 71 340
17038234 40 6690
420981 66 9474
6751068 66 4089
5861 92 228
2848392 78 2848
5614324 77 6070
33801384 65 8506
30143222 10 8264
8911675 4 7913
4860573 91 3073
8114317 41 9325
16941 41 1909
71397 54 3156
173743 29 4853
3192892 71 2436
281279 16 3726
532282 10 1218
17366222 8 8264
16559 99 1307
8412778 11 5720
4947145 62 3322
2644529 67 5749
10028199 23 7369
1654698 83 7944
2497427 42 8416
137177 45 845
3303713 58 7688
1669428 33 5680
14665093 56 7268
1213689 55 7072
599364 33 1084
18527075 35 7125
5099780 76 9646
28309542 57 7974
665930 73 6013
6279490 97 3902
5243520 6 5126
3962054 85 9076
125524 77 8498
206256 93 695
11321335 45 6116
681352 85 1242
861092 29 4614
3147740 14 3382
14308723 47 9280
1813247 91 2075
3025869 76 3651
6352567 81 4953
12000163 62 8816
7072778 85 5721
164827 61 2892
6434653 97 3576
19870589 69 8129
392195 23 8202
7536204 92 8618
17509 39 3297
668565 72 7654
12212465 92 8479
21167 47 186
1587687 7 1715
1319042 19 1644
14786087 50 7669
6313236 47 3744
1901044 51 1961
11152945 40 6710
20683532 88 6378
279917 36 1860
163456 32 1018
35127948 62 8676
19737675 81 6956
539 10 1468
2499162 7 6587
17980350 10 8766
102852 13 5155
1185603 33 3985
966644 5 1841
211556 84 4522
19871799 24 9836
2227380 57 5106
1249891 5 6541
35387325 93 9410
10209935 49 8481
71738 9 407
464016 99 1684
51487 38 8467
8833967 50 6547
1213855 22 2284
20938608 4 8326
184085 23 1623
425196 95 5258
4298602 85 8044
268652 85 2696
1 97 2009
7232241 16 4065
6191266 98 9597
376826 36 4522
255114 84 6644
24528336 48 8500
450953 31 2152
627134 18 4213
3514624 41 5925
10837064 4 6861
13816864 72 6908
1694 95 2116
9065982 65 6047
25071258 80 7374
13405193 21 5527
701378 68 7656
24212198 69 7329
12551 46 79
2820284 67 3639
33234699 72 8939
22364571 44 7038
3958970 73 3059
424234 90 3111
51844 74 1218
80541 58 2819
8963738 82 7123
28830 32 7858
18648606 58 9568
26608514 75 7979
863419 30 4070
30468 24 1148
460968 21 7351
8185562 50 9625
8294747 63 6308
385916 13 3492
109935 24 8385
7446887 8 8226
74502 1 1935
278056 12 1551
157496 40 3409
10172784 96 6643
313147 45 1844
15166536 81 9668
12442158 27 8683
6309286 37 5085
3685 32 6247
5517838 72 6843
4938704 53 4905
84393 57 1403
3907702 79 3156
2976732 56 5711
10165891 38 7494
87689 55 1083
314901 31 1899
2086656 6 5078
409641 23 3716
22227800 83 8719
13756194 36 8086
154252 55 3300
6029857 12 4240
3212080 79 2613
1641734 59 5270
520655 55 8806
11240 75 2159
584387 6 3157
4531837 18 5545
1093389 91 3436
51850 53 1617
4539 43 6071
2496277 1 2509
66678 70 424
1466980 85 2031
1575613 25 8179
7065301 84 4234
4972792 45 3995
5412508 35 5078
19921601 18 8352
4005411 74 8900
22 2 4260
1236485 29 7518
5052623 81 4728
11055045 42 9147
6829130 57 5323
26876758 67 7922
1990379 100 4360
735815 41 2545
2020 55 89
1322400 32 1554
140058 67 3025
208127 50 5566
23099702 68 7435
241173 46 730
416459 5 5084
5282135 3 4613
1849 17 2477
1578432 44 7775
23912751 72 9365
1771337 32 4678
13033116 57 5082
986071 61 6767
44884 89 1897
1867665 65 9420
16610232 46 9755
1551223 67 4875
669282 95 2269
3463068 47 6468
11631277 92 9020
42590753 9 9931
8165820 78 9730
220594 79 3268
2014692 13 2112
13382066 16 9834
131 11 953
544308 19 6955
216382 18 2147
99602 12 5923
5844219 72 4642
88596 35 863
134016 45 6709
227009 81 678
374862 79 1382
2856719 71 2553
1318661 8 2836
1409470 49 4629
762757 25 1643
239128 88 662
28390503 64 8809
11389279 66 6273
24456810 8 9551
254079 60 5293
16857725 99 8764
15234899 47 6362
10199841 66 4507
13727279 72 8106
13826918 20 7269
747773 84 1881
2569971 19 6872
3136248 10 5087
4081665 2 7857
3695243 7 7348
35933 6 404
2896940 45 6699
3537398 73 5576
311 33 639
1613439 83 3168
96403 73 404
31241 42 302
10490625 95 9297
7447862 25 4492
5863258 36 4298
314018 50 4247
1543325 66 6820
9791 27 1942
23546 22 520
14818702 14 5775
1006521 22 1655
1070551 60 1622
2446 21 1610
416766 2 1466
127734 59 5138
25704437 50 7204
158635 30 829
4019140 85 7504
3804318 5 8213
2262728 22 9728
5164 11 314
8635731 98 5091
368546 92 3288
11504213 96 9934
58496 55 543
14768324 74 7754
137778 77 573
7755681 79 4447
2523658 72 9384
775366 16 2156
1502806 64 2974
33968085 66 9877
6209 75 1243
10439027 19 8806
2140814 5 3660
3110479 88 5388
1837557 45 4847
219078 55 690
6573680 6 3947
86459 30 1574
1 15 2598
24985 43 2859
94920 26 1386
13262231 92 5951
3673652 3 2660
903526 42 7037
154794 20 1556
1793791 6 4478
730293 51 2100
186906 61 1488
1 73 132
3213610 6 9447
4395017 91 3264
3300409 8 6843
8121 89 7998
10477044 31 6583
6853010 10 7141
11139541 64 9606
200398 76 3052
3200736 45 6493
6724217 49 5497
2835243 90 6568
510547 75 2913
10349733 97 6003
245316 52 1337
4842972 1 7870
303925 53 2116
148189 12 796
1107 6 2924
31575485 63 8621
647486 59 3145
4507181 84 9976
2105821 54 6194
1 78 341
38705973 100 9865
944685 31 2250
27205168 36 8251
504211 19 1360
3239783 38 4474
986704 10 2512
14963218 91 6728
2264185 15 6883
18786081 99 9774
24530 15 182
28 4 895
1 80 360
3616382 56 9427
11532221 70 7305
88654 99 4054
114011 85 444
3020342 48 5399
12522244 39 5940
1 13 2647
18677288 78 6857
197162 77 7945
3860 4 1231
1834382 91 2100
80136 94 4566
1756679 37 4399
160527 85 9427
4651952 69 3499
1266364 43 5596
42095 53 204
33810 27 447
137288 57 3646
3238615 64 8610
9906916 97 9000
4706262 50 3379
1913 89 140
663693 81 1296
7517899 18 6401
9199348 33 5001
6257028 57 7376
19669086 38 7516
1302838 66 8434
532649 7 1122
7407904 5 6765
1850159 60 2121
5625895 87 5886
620979 15 2011
10817335 30 5948
607962 39 1138
1 56 415
3318874 5 8240
17488501 91 6911
8307136 14 4137
338216 82 2826
863602 43 6633
1998872 77 2832
538204 19 2303
6554929 21 6398
16349079 91 8158
16893859 40 6295
38494 96 2435
2187060 7 4877
168110 11 6549
953397 67 7558
1963110 66 3090
41028 75 881
290892 12 972
24613885 80 9968
1488859 100 3813
3283099 45 7975
9928851 35 9042
246782 3 3470
1798808 10 3477
3560345 45 2924
19306 13 1523
3329071 34 4560
1442710 76 6527
3926722 8 3145
152160 12 785
671532 9 7354
4303844 15 6028
20696390 84 9068
1272958 27 6547
5819200 68 7805
593014 77 1098
1035955 98 1384
17190601 15 8234
1888248 27 5816
3451365 9 6880
15507192 7 7073
14050121 5 7018
8192699 88 5159
5311221 11 9086
8408376 76 5665
123965 78 991
12842381 85 7578
1956043 93 3250
96827 63 3645
1324894 80 2131
4829929 74 5394
1 79 1957
139949 32 8080
17626051 83 6435
997896 4 3665
3525484 15 4283
376039 81 1506
7951720 32 4882
2636989 59 5863
1361791 14 5396
158693 62 2707
265881 17 1678
46885 17 388
4465780 88 6067
5896342 37 5129
5685 12 7338
6621563 95 8577
5351435 4 3731
27550 7 3191
1843587 22 6453
1534345 48 7181
9194960 50 7131
21998 24 6295
456849 98 1112
8410058 28 8919
539360 22 1249
1398 27 2801
11605325 17 4941
5521 33 2124
1255466 77 1771
8095719 17 7875
4528571 78 7272
254954 45 5358
21653 48 210
47833 74 632
20363291 87 8694
85441 45 4735
24319 65 5757
3142583 42 9698
620929 53 1190
7115084 23 7604
7635127 95 5687
1038370 99 8747
10126167 39 7376
22088 80 5743
72310 7 1188
477659 57 8905
8771877 73 5734
1307122 48 5021
237600 44 921
1 34 5542
18023438 38 6497
1182976 29 1608
2218 20 729
10824835 61 5475
429356 59 5518
395366 9 2292
4649353 74 5263
1527442 99 2536
1650441 76 2352
39560414 90 9951
2460159 91 2135
17362936 94 8918
8991308 19 8782
384510 46 1876
28881924 14 7651
18934 85 5019
195179 1 1923
22591670 96 8176
2703735 82 4800
506005 99 3553
3577577 21 4379
1459464 22 2257
1838056 19 1961
76107 51 365
2534089 1 2981
3195643 1 7899
257270 90 7320
3587214 8 5454
1412457 13 8904
3299 13 2107
6703306 61 4075
12011 56 6697
8925341 73 5971
8456640 56 5499
15233956 81 9724
57471 94 1167
1 61 9795
12775414 62 7387
7728418 63 5429
8948606 46 9608
4331948 56 8511
1762492 21 3497
21479467 49 7233
182522 82 688
5265757 85 9274
55199 1 7759
7477329 50 4770
40342 56 847
6610136 45 8685
1192313 91 3859
69904 88 2656
23085337 18 7307
4593941 12 4463
864854 95 8570
6757555 70 8033
33193630 54 8437
12884548 49 7398
240 24 1481
59295 80 1160
2941402 1 5962
715238 79 1130
108176 38 4667
1134417 8 2496
406091 84 2027
1176043 90 9043
4478587 29 7656
11609062 26 7385
779521 69 7269
26477 1 179
572889 29 1535
2009527 1 2232
10079438 78 6222
1766528 71 2015
7349551 18 7968
2964 27 4745
205571 29 3130
12256567 4 8179
400903 76 8634
54801 58 9663
3323145 11 5472
5846267 60 3918
387894 8 903
3407734 41 5777
6284738 91 5401
19694148 81 7320
5871813 90 8754
988685 26 2778
92166 87 5431
886447 39 1762
830234 70 3232
542236 67 9266
7894526 93 4683
3236935 21 4195
877424 37 1456
4803806 82 4226
1517 5 49
8760161 17 7375
1 68 509
1 94 7424
215623 82 6128
2158676 41 7060
5289 39 1791
116895 56 1250
61742 22 7091
8004133 55 9589
29506492 46 7824
51797 81 820
6463 11 373
3047993 10 3938
3439955 97 5720
489077 97 4322
26039350 73 8577
5027862 28 8152
85884 59 5355
204980 39 2301
18309882 47 6554
16224101 88 6150
6812788 10 8173
1971834 55 4214
19867893 53 8111
5697834 38 6642
3999441 50 8726
3866 31 2174
21401968 17 9563
4792726 83 3584
2860196 60 4509
1328691 100 3696
14018503 1 6106
4831376 48 3029
22292264 26 7194
511627 33 1155
162673 31 1988
65143 52 753
9338132 70 4237
5681198 82 3871
1 82 689
1 94 7372
9479556 65 6489
27718022 83 9437
2327 14 9770
798 93 190
175766 73 3390
1 35 853
45324 16 9264
20000 84 675
38458 55 1356
4569089 51 3852
465793 96 3307
36378299 67 9343
13082037 3 9820
33724771 92 9096
6432 71 3626
3619508 90 8034
57911 87 5511
241648 10 1267
3150748 60 5062
1802289 49 1919
390401 91 2045
10514308 86 9639
17209015 29 6829
3068 50 2959
738998 62 1941
2581729 51 3025
26046 14 5665
151597 98 545
2295677 55 5103
221782 87 9154
7155214 81 8584
55874 46 3738
3971502 22 8020
2391884 62 2718
1686035 61 6607
2861784 34 3109
3510981 45 4440
628384 84 6551
25285776 3 8940
1489084 50 4048
36166199 60 9578
2879264 14 2388
28529 98 952
21385874 28 9553
8983789 94 6704
3722842 30 8560
622882 63 4883
304654 99 1178
24326 97 4530
13489 89 353
14531190 1 6317
132816 60 3592
5532141 31 6111
8512892 43 5173
12881 83 2212
1232790 12 1591
896064 67 2295
670933 52 9475
650864 1 2301
11175035 56 6283
494 13 2148
3290 8 1053
953552 66 6601
1307137 36 2477
135619 17 2877
6194238 26 8083
4372233 93 5652
19382539 95 7213
311107 91 5890
105581 56 1270
609145 88 1704
12880060 68 8344
554431 76 4296
257195 83 1261
29536739 58 7655
16201 95 7714
46755390 2 9850
295712 15 921
138872 57 1203
15447 45 93
22169968 57 7269
13160850 11 6277
2222294 77 3493
21603526 11 9634
23637962 5 7235
1390423 71 1701
61210 29 2967
17120951 91 9354
1242814 97 1591
7224077 29 6825
58488 67 6858
2814993 84 3002
366444 10 2327
391694 55 5748
4564521 77 5564
119037 12 1405
17997169 30 6037
5418 31 152
7809070 60 4359
3819892 65 2957
41943761 23 9611
35466792 77 9636
25571799 74 8299
124868 52 423
201073 43 560
1226916 93 6907
15843106 90 9763
2816494 83 3689
297513 29 825
686115 91 4044
3654938 33 4806
5508161 63 6986
11372335 67 4949
1933621 49 4585
7379274 82 8420
426 82 511
12213129 15 9622
868448 54 2704
56820 13 823
92350 29 611
9028828 24 8253
627387 60 1661
1044520 42 2386
1450216 19 3188
31283183 8 9313
4920323 25 4004
5543 27 6949
385843 24 1441
1100336 43 5707
794632 68 4706
8044424 47 4263
2935469 3 4779
3964142 81 5173
300340 30 9252
5708238 82 9083
35466997 16 8960
87401 44 8512
988476 66 4075
3035435 52 6988
7014485 97 3857
3383480 11 7276
4138389 100 3284
368687 35 1002
1889725 74 4887
14371 22 422
30943666 25 9555
6499873 61 6155
30257166 42 8011
2814561 7 8643
439727 57 8818
1109729 83 2104
4196971 25 4680
8702881 32 7546
289444 25 1198
3487905 29 8538
230843 32 6197
313974 92 6380
2032655 12 4496
9272630 39 8121
22176889 7 7896
9037078 83 4263
10473384 69 6989
7650699 78 6871
785066 48 5797
351317 75 9784
11065 72 2560
408957 24 863
5638571 64 3683
5283965 55 5348
58840 22 4455
3854131 63 9438
3196492 21 3674
3476364 16 5510
1158148 72 1790
1698141 36 4379
4757931 78 3777
17403257 99 6681
948249 31 2443
16390809 70 9145
51162 1 5250
86852 6 946
30853 77 4979
5445967 17 6777
64204 84 5160
18372162 51 8266
34239198 42 9168
958846 69 6593
1325892 94 3176
8570045 78 6051
5957532 32 7456
344526 29 2094
3074626 80 7214
7867893 59 4387
514029 62 2849
72325 44 348
14332385 32 8514
1 73 844
2900102 29 9034
26800071 41 7962
20262576 41 8160
230189 40 2788
3048301 29 8430
2875816 6 3012
3037701 69 7508
43507598 96 9528
423536 12 4450
2024968 86 5217
1839275 1 4646
37447 81 2362
2354387 23 3115
4460779 70 7496
558560 70 4041
15267 59 3728
23101523 67 7259
2956529 75 4148
3556968 74 4391
1193851 63 3523
4455643 76 5366
22987274 75 9357
241267 67 2232
1763067 91 4917
10025271 64 6980
501437 11 1096
496394 62 1041
26403937 75 9645
23559 28 520
5476849 70 4904
1695407 21 9167
801767 14 9794
11595820 1 7860
117916 58 2054
137927 3 770
4899514 74 8763
1950748 59 7308
42974506 63 9930
2097760 2 7979
1003768 80 1543
270166 64 3625
102055 10 548
1339317 21 2574
5315616 16 7418
23541119 70 9878
21931780 5 7608
25122 16 2578
12146024 97 5495
3203216 85 4404
320785 58 834
501281 16 2478
9545304 94 4325
4109 100 213
1369346 30 1704
972557 38 7391
16491234 68 8210
10441596 73 7268
10862 28 379
15589070 58 6457
180941 16 7611
4007328 42 4796
3128083 10 3978
1 79 1444
13275588 74 7964
9278211 55 5472
155078 37 4788
2709 17 97
4463143 53 4421
11794343 4 9709
58340 91 432
573521 76 1692
62341 12 1044
2070566 44 2820
53448 13 248
11002174 69 8173
5322 81 227
4865 34 6241
772618 36 8929
15569 5 377
7606770 4 4952
32192 93 443
335962 84 2028
2226076 76 8428
13743393 95 8111
384950 57 2161
10676015 96 4873
9312483 40 4937
24135 27 527
1957149 10 9277
3642569 98 7216
36403703 92 8687
1 87 2462
3634106 91 3683
2028972 86 2801
28689 16 185
128821 41 6037
14415571 80 7058
20758354 62 7328
990549 82 2724
6646648 79 5763
6780340 20 6516
88020 14 9181
266249 34 1106
7074729 46 8122
240615 84 712
5531117 11 7481
276765 63 3028
376118 11 1238
997959 80 1359
11541071 90 8220
389988 93 3401
27898 75 1491
1492863 82 1817
22188110 51 7927
1463957 25 2162
4868 31 7257
19788346 79 6325
5272825 72 9575
1142165 89 1917
6142588 5 4417
7609389 53 6519
3987067 11 3970
9465740 66 5605
8133883 35 9043
8985587 88 9197
4547847 8 3096
187 21 2824
21367468 65 9474
25683246 49 7720
10392604 64 6359
3803 76 3933
1 42 2486
219665 85 1144
4183704 53 3222
107328 27 3963
13677202 80 5746
1040527 67 6057
811117 98 3025
563297 70 2051
1633932 90 6380
554711 81 6654
13275320 78 9734
10271937 57 4938
13687327 67 9569
6508219 99 7811
15919 93 4286
458181 72 2017
3684850 29 9438
4076078 89 4777
2354486 71 2838
9463828 2 9386
8785114 17 8041
7385314 22 8471
5721449 53 9167
5452248 78 8905
7377236 32 6754
16333 16 450
6008693 95 6250
11678082 34 4859
5564837 32 4796
64335 77 2005
1639982 22 4147
43956 95 310
9359196 37 9125
11298252 93 6030
11864636 57 4842
3097251 63 4619
9392 39 364
40637573 96 9920
1126586 71 9507
1435755 24 4873
1083485 22 4852
302042 22 777
21808 54 279
12914648 3 7145
485673 6 1241
9952742 93 9384
2355269 64 2191
19761163 75 9706
471799 62 5804
15739 73 210
17239799 83 8842
158782 60 8942
2059747 40 5582
436432 76 925
7932886 71 7131
3539775 67 8943
5050797 70 7342
3614868 74 3857
606938 47 1579
481438 32 4534
1734 80 512
8891240 69 7373
9755512 88 5166
1422072 88 1923
1051135 49 3506
1109973 92 9820
1096743 53 7171
11252671 58 8988
22657642 34 8380
27022348 53 7260
362795 98 1221
478240 10 1658
17803251 44 8534
946589 23 2049
1060493 10 4422
1668442 54 2056
193643 83 894
508878 89 4470
179779 40 1002
1 72 3298
2889076 71 9741
6653392 20 4106
25295185 76 9143
6204975 83 5005
51578 17 8127
3770567 11 5903
853166 31 3862
378072 37 5937
5393423 19 4083
24845209 12 7855
873984 86 5402
26470575 14 7908
106504 34 719
566881 86 1560
19971843 38 7677
3555378 61 8038
46574384 41 9751
609329 45 3485
20627203 19 7522
42738 91 5532
6757053 37 5789
7665657 6 7316
1785551 26 5551
79276 91 574
198448 26 5442
1809466 14 4316
852 1 6030
9412208 31 5351
29057427 49 7543
1747116 57 4450
34339 30 9657
176755 71 856
2791128 45 9713
406800 12 5314
3961668 76 3672
41026278 43 9047
175468 50 1982
214640 55 2093
676579 36 6849
1226258 4 4091
1708411 3 5979
667560 17 3432
6619699 61 7372
9704995 36 5439
767336 26 2148
16322186 24 6735
2992327 86 10000
718291 56 1702
13413397 57 8400
23741 85 1000
3640334 85 3659
3505983 73 4835
7066216 27 8175
151326 28 964
32887408 7 9357
440031 96 8912
667316 39 7144
3693136 14 9346
151860 14 1374
48977 72 8762
15623576 61 8958
48225 78 1804
21582 31 4072
54130 47 731
7588393 18 4737
346438 59 1977
334521 70 8386
19648492 15 6931
94412 12 9668
12374699 33 9254
18690938 25 6155
31433193 62 8025
77235 49 301
541400 71 1466
13614030 100 8748
1863403 54 4775
15826947 30 6867
64140 62 5244
3146156 95 6007
600682 100 1954
32528314 99 9670
18475974 42 9535
13612 17 109
3228858 93 5629
21140159 75 9639
3002203 91 5980
7618884 63 7268
3638007 85 6836
14300404 68 8663
107471 51 2651
4480262 55 6140
129701 81 2921
4169977 11 3745
855627 20 2873
5852871 31 7839
4007969 29 3864
3184876 93 5356
1919652 44 5204
708880 13 9143
102752 100 6599
1410750 10 6934
677758 72 2893
31245 91 1582
679717 60 1276
42979 46 603
28827595 51 9422
663933 18 4625
29339901 12 8950
4445241 31 5668
624895 2 5007
6592794 60 5497
11724234 17 8262
1040184 65 7263
426748 98 6474
422851 64 4263
757 54 2218
1072330 87 5067
43726393 50 9622
10346153 73 6886
8013452 43 4043
24254085 79 7947
10598223 85 4779
2827464 54 3342
16931421 36 6256
15839546 25 6948
5568012 82 8857
1137990 90 3673
11058202 89 8676
9402869 53 6524
3095561 95 3327
7279956 90 8130
9134278 22 9892
4733296 81 9753
1360682 24 2975
61768 43 3330
2184627 16 7139
18583442 82 7229
747559 85 1278
1300699 75 9344
230901 4 960
8987 30 4600
12748324 86 5001
385948 89 2832
7229930 44 7262
35611 61 3020
546273 43 2500
900509 37 9516
20113 92 9874
63084 72 5072
4954273 66 8885
23246562 16 6969
34280987 59 9478
23454871 27 7917
887780 73 2348
13422 94 387
24388 87 6881
280688 34 4863
7148136 10 4452
812224 8 6113
3262097 48 8365
17770943 20 7279
1196037 90 1598
5473290 88 4720
97912 26 1381
79773 74 913
32489336 17 9160
2548154 91 3080
140048 42 5631
3865 85 7447
2564684 71 4463
106437 95 510
559024 6 8309
430318 48 5849
378064 82 4496
4729 87 1079
118385 93 6354
10664550 30 5376
643424 62 5540
2260334 30 4148
3194617 55 6733
28442825 46 8456
15470281 64 6828
118569 15 4248
2038 12 729
18357753 30 6044
4027533 67 7583
53251 3 1047
103659 97 6849
1494589 21 8120
1689785 6 4061
1 15 18
1518216 50 1709
381696 2 6858
7355994 24 8475
4919624 51 3316
1 91 7515
1426717 48 5136
25751 90 2050
27605 1 3162
1129768 48 2654
100180 4 1766
13833417 6 5436
431864 76 3476
2557069 20 4300
117278 98 433
12710495 5 5134
4594850 25 4538
110073 84 1903
29425423 20 9410
4955622 93 4979
21086161 94 8848
34302 99 492
21700 72 5588
6178235 44 6692
10666514 48 5115
30397275 7 9839
9994120 67 5993
273990 99 717
149229 71 827
272526 54 1232
900518 32 5303
1603834 57 9539
4450061 89 3135
1 16 507
938770 88 5769
13747410 67 5481
582064 78 4275
22153054 29 9632
1 67 184
8132335 39 8997
13225167 45 5144
121725 2 1975
2148948 47 2819
11221095 29 9343
2484641 16 5607
48316 46 497
21179996 39 8343
31046392 31 9408
6159847 46 3464
517573 42 4090
15734394 3 5709
13317232 65 8300
701 19 269
134797 16 739
42262998 70 9660
1166725 75 2192
581694 34 8262
3899 24 1915
4086146 31 3319
12471 60 2206
853977 85 1916
1131509 96 1911
6905762 72 4729
4363805 30 6602
355674 4 971
24740989 34 7028
267275 85 873
12886810 12 7173
936252 44 3436
37859875 36 9378
3413491 34 8754
368233 44 8070
768448 47 7925
38012 9 2189
1913732 67 7361
538199 45 2479
5557260 47 4277
5876704 2 3663
252053 63 877
5332950 32 7156
1255554 72 5662
55888 57 2934
5339320 88 8451
4208786 77 4762
8953076 28 5172
364549 53 8618
13374371 6 5493
1327390 70 8306
748517 3 1561
3242745 5 2972
17442863 24 8200
24669 57 1865
11624092 56 7043
765643 94 2199
1432381 54 2775
101344 61 1717
13630921 23 5317
5643311 39 8392
2415559 11 7391
2243430 87 5969
20603917 91 7297
19219488 8 8414
530800 33 1969
1 81 161
7097768 30 6855
6304709 79 4265
296565 6 1151
1720490 50 5316
7927697 46 8823
3178945 84 4880
37438897 11 9099
884358 10 2716
2198292 31 9294
2062366 23 2269
193 33 2212
2793040 6 6635
1650177 91 6089
26007 44 452
4115245 7 9431
5453223 76 8727
14476040 35 6271
4994785 5 7257
567569 99 1910
18516806 75 8290
2465839 16 7619
436 59 5161
655599 75 2148
4008872 21 6561
268471 50 3780
2275639 65 9940
15056616 9 8230
1 46 4393
1313707 16 5030
1564533 58 7916
7965469 70 4468
8194788 59 6896
13763597 96 8607
77991 25 1654
1358084 52 2690
807062 94 5781
17834802 55 9706
9686574 44 5714
155933 40 3599
157053 19 1949
473869 27 5785
1410614 23 4885
16324808 42 7844
939550 6 1918
104799 22 939
48331 43 425
2864451 9 4841
103230 71 486
51118 41 5648
23358 30 7446
25888864 23 7593
14399970 88 7125
354075 33 3015
4023 15 1146
23726453 59 7719
21753970 19 9470
169037 66 625
316617 27 7621
1679843 59 2026
11999547 91 8274
5103851 51 9934
1552076 21 3223
9354221 51 4449
53392 10 2060
14209896 99 6367
9005053 51 7867
597182 26 1001
17516 10 4805
1288525 17 9705
43119276 83 9963
2826623 100 8174
288826 8 2128
34864881 1 9681
204258 14 607
1694262 42 3579
935389 26 2100
1597877 34 4700
21407516 89 9468
23763721 77 9391
22766243 32 7496
6849694 9 3972
6330 37 3088
14826921 66 9226
223322 49 3976
5479297 66 4545
1263923 56 3097
175670 30 1478
1298665 92 5378
8040928 41 6781
15036223 56 6564
2196836 49 2066
777321 26 3222
2015128 28 8782
4952765 9 8427
81845 83 2365
9399737 84 6611
936581 59 5958
702886 10 6200
9246583 71 5860
499329 87 5352
5964043 4 6494
3611200 17 3386
1636373 54 5629
24195 15 2296
3616951 25 3703
8473092 69 4878
1 89 802
3535597 64 5821
87382 1 8143
12920928 79 5205
186648 86 2619
194434 11 1579
10989526 62 5499
2412035 48 2929
250 14 6277
41764106 42 9057
1022581 36 6944
2653723 48 3913
8445507 9 4873
1100877 28 3959
89676 69 2297
24083 12 3360
9929991 82 6995
8163 64 1574
2817685 78 2486
1047025 17 3011
15556245 78 9719
279789 51 3169
103610 87 492
27773196 90 8812
11528333 18 4879
82682 5 2551
12680965 15 6205
431570 55 5286
4125290 82 6147
21497571 68 9480
631067 46 2119
320283 6 3559
28901832 81 9710
3601410 64 2915
17417641 86 5880
22504344 42 7661
40602 66 5378
2955082 30 2531
4142633 42 9208
1057832 58 1595
4382706 5 3222
7351306 64 7076
7667185 32 5990
17442000 60 8032
678327 39 3177
150262 38 7560
1 96 2556
769113 62 5896
47358 50 2206
6567791 20 4989
21621875 6 6747
18251203 94 8201
14305436 28 7740
1339371 13 9745
3040509 54 6759
3396347 98 2850
3471229 39 3739
2175961 26 3439
80129 32 7610
1349267 41 6119
14449371 23 8726
1174046 38 4367
7617334 59 4962
131691 70 2227
1108707 6 9457
18524 49 156
1 85 208
36890213 10 8708
865083 78 1638
4548317 80 6131
5217460 88 6097
13305406 20 6402
1467362 91 3635
5681890 90 5770
28604 13 6444
299088 82 4523
1 79 3612
6309063 52 3747
3782100 46 5774
35547691 55 9253
3062210 9 2564
28541927 96 7813
912234 97 1696
3595184 80 6889
64679 26 2787
1328276 31 4417
5624400 53 9326
526094 7 5283
34442709 33 9484
27397901 77 9071
18776264 87 6080
215217 90 1277
179772 88 1337
1294361 20 6341
19720436 85 8510
3331394 99 2982
17085543 41 7542
2025794 93 3332
3874871 63 4964
5759754 36 3670
35340 98 2388
3495329 31 7283
52380 21 1154
467184 60 6674
1134782 7 2364
219532 85 5025
2142499 67 2018
2561244 83 6081
1 79 9601
1221922 4 1689
8749901 25 9874
20255313 60 9290
10166260 7 9525
951252 8 1505
9186699 45 5206
1440169 13 1920
4800888 66 6305
3354770 63 5274
6144 8 453
3076028 33 8139
788710 60 5116
19572853 55 7331
149277 52 7928
285218 40 2802
878402 56 1415
2936023 82 8576
109813 94 4767
82372 61 1329
3196165 76 3507
1817578 83 2335
770083 76 1188
3681951 21 8725
673975 75 1920
899654 96 3209
41225 58 2530
46364 94 3138
59287 79 882
7640753 43 4036
10476676 88 4748
41209 7 210
1565368 10 2623
2988722 84 3129
103345 54 5846
10058189 72 8310
381652 18 3133
18884 29 1670
49056815 40 9854
4110765 52 6298
3250044 11 3131
942528 73 1478
3408512 35 4370
9142306 18 9748
4796287 58 7414
4798443 28 4427
1327482 34 6068
1515859 72 3353
6021979 71 7690
23316 93 771
34916162 13 8766
190422 33 1561
154654 20 725
15563 21 3911
2167685 2 2931
17514298 84 7570
16320624 22 7600
6460682 68 7027
37664336 28 9439
34152565 59 9994
16925807 88 6085
8058856 31 4093
1116286 95 3342
511538 88 6934
9858351 82 9573
126938 87 2660
134537 92 4095
47244 89 556
9674556 34 8528
8016603 30 4883
126639 62 4942
12760151 86 8599
4400512 16 4118
236585 13 715
21717789 35 8120
150149 50 930
7972426 60 4210
1667164 76 7224
60938 45 880
24363391 9 9229
45989 65 1652
22861221 85 8605
2612204 99 8130
9156485 59 6315
48700 29 228
3578540 77 7977
29694559 27 8456
366781 7 2531
4190814 1 6310
3962332 21 3349
11056620 59 5818
35320 38 1676
5585619 65 5142
10027880 72 6625
21011580 22 7907
4993578 89 3573
606981 26 3699
14123942 58 5982
2912973 60 3021
1475177 91 6964
13921854 88 6583
506436 3 7147
12665 12 390
30785734 66 7904
4312717 57 3021
495961 19 4746
164954 20 801
3213257 31 5189
42277414 10 9316
29512468 31 9089
575465 74 5395
1 52 80
20685561 71 6455
2182383 47 3841
4110825 87 7123
22280552 87 7346
13603404 83 5555
4783034 52 3099
19424816 99 8888
1359310 29 6464
1 40 248
1403594 3 6066
1559427 41 6434
101351 61 2642
87974 75 1062
4042737 25 8463
7276933 43 7228
934197 85 8614
1135948 8 7277
26499432 53 8915
333479 13 7609
2215037 89 8386
898782 23 1964
1615121 10 3154
2186881 60 5366
573773 21 5392
1436221 31 6672
325467 89 9519
5412089 85 5288
16189478 30 6032
184498 11 960
380163 45 6542
23693464 49 7951
8327551 97 9254
1779458 94 8385
25795980 61 7742
1 100 1695
14668207 54 8101
34833 89 404
11751324 51 5799
6885298 46 8145
1100143 4 9427
341385 97 826
60674 15 1675
3031829 64 2697
877208 49 2446
55891 15 881
37788896 42 9645
3729716 82 8993
5785510 89 3338
5999012 80 3512
24419189 28 8977
2654529 76 8461
1062099 59 2866
7085379 50 3884
19755104 64 9170
3598646 52 6612
73574 96 318
823600 25 2918
3453556 1 3635
915016 63 3942
3030007 14 3273
2751031 18 7846
8839512 76 6380
16991 35 1025
231953 20 647
52183 26 8540
1844596 66 3725
39290377 69 9360
1509369 71 3687
3733548 49 8332
12164016 84 6830
2420466 95 3735
215916 4 4897
43397 69 3123
222043 74 647
2111671 57 4405
844892 74 2640
110647 92 3502
42704 12 3238
149888 64 5491
19122175 73 7965
2719421 39 8350
21516 39 3743
658297 53 6442
1341904 50 7531
23223947 30 8642
16119269 46 6317
3801547 74 3593
131 2 61
77239 91 1014
2467307 64 6295
857054 46 2830
408112 96 2091
38971 40 4836
151597 9 9071
12006530 94 9742
11907988 23 8323
18904509 90 7384
5184117 8 5485
38646 26 1479
8262592 4 4822
138751 68 6250
161639 79 5119
15610389 38 7012
325499 44 2733
23299465 8 7622
2234016 30 5416
2552536 75 3810
2723897 81 9428
130953 35 8361
4318778 26 8544
17694167 10 6882
4182317 14 7957
1 23 3857
1141121 43 4329
1542044 24 5908
202749 83 3157
17133 5 628
1060408 41 4306
69113 13 2403
3272178 55 6130
27977102 86 8053
5123257 56 3921
26872 12 5521
1 82 561
900922 5 5658
537450 58 4000
5902412 9 5532
948074 96 1662
27895196 44 8230
604896 38 1177
14786856 10 9669
1 67 389
1203569 56 2241
3149703 50 3302
2566143 36 3462
4571522 36 4126
797079 33 3425
19035669 21 7492
389079 45 2081
1819250 31 3520
1170233 51 1631
7343901 63 6706
2508054 51 2274
2393012 77 2859
13830651 89 9019
3890706 17 4928
1387532 69 3272
7650561 67 4127
2583276 98 2899
264025 99 2259
10824496 32 4629
26794 30 8046
5835154 25 3377
140497 73 8527
11724080 55 6788
42882711 9 9931
247812 95 2285
1006 19 895
225743 11 4782
29109847 92 9035
16885383 58 6718
722515 12 7386
48566 17 5716
22506254 16 8472
17036 26 5200
5240243 27 7333
821594 15 4548
7880041 49 4514
129712 65 2811
3604678 18 4139
467999 46 1953
2640910 88 5421
50063 97 306
7466 30 353
12534345 24 8306
95828 8 391
10063097 97 4942
99377 1 1064
16663462 57 8233
135483 86 3555
2073542 19 4246
3427227 51 2694
14428 70 7180
1051030 25 3877
655672 34 3164
494793 65 1130
111328 63 2229
2336602 36 2175
8900565 90 7873
39595472 92 9908
43895216 80 9310
1821749 49 3343
1433997 35 5605
31632 96 223
1086537 27 8420
5085189 93 4815
1518385 34 2847
3226939 65 6891
23532555 51 8656
330234 43 5481
5425073 25 4309
1566537 89 2397
21995 63 8431
12798 73 191
29498584 48 8240
180769 48 4042
115249 10 426
242848 9 3606
3889930 77 4204
2951163 39 3386
28992 70 1843
1214157 94 2349
14608634 85 6212
46632924 59 9990
160752 98 2111
4238912 88 2963
147905 38 1564
8208467 86 7554
21316149 58 7239
15141983 92 7579
3793399 96 3279
322087 1 7589
28818242 86 9670
3708628 4 4349
5769463 31 6040
360702 65 3580
770199 77 2845
2883086 31 2642
5261173 67 4060
1226 23 1033
9111041 65 5277
11304160 24 6654
374242 77 1634
253554 2 3525
1 44 479
1 42 306
4059519 35 6717
2518788 12 4128
33192114 13 9136
1576327 82 3443
16771794 91 9458
859577 1 3918
15060487 69 6322
157559 5 3494
862430 62 5705
74854 36 3133
460059 95 7791
40914 92 289
240796 60 5439
984718 60 2128
871 52 371
968847 40 3435
153251 75 2670
9780230 100 5054
51286 54 323
1131950 98 2024
6426913 58 3656
2727280 5 2951
24078986 26 7457
2614390 50 5303
1138 9 2418
3398019 99 7832
6141101 24 5468
697605 2 6847
3806110 94 5840
8500860 78 9025
16613 55 824
10180 97 6985
15780681 94 8296
4593 7 356
21275336 96 8776
586666 4 2952
340440 27 901
541029 86 1049
877682 8 3336
3043746 51 3443
2913854 56 8602
763659 26 4147
1439055 60 1745
80718 46 9395
515562 11 1755
344563 60 9989
260059 27 4812
4900940 80 4384
1856718 54 5551
75433 91 1783
17705205 9 6063
1704658 30 4411
613742 10 7796
25070180 72 7029
48496 77 1693
33399 67 451
12284936 53 9590
690228 2 7299
790983 25 8432
9252840 85 9552
3406231 62 4116
12048 40 498
334657 15 6365
1333 79 4633
89018 72 1439
1790483 15 5235
1864035 52 7184
311437 39 5080
10890445 33 7418
17939484 45 9041
524912 97 3671
12980 15 87
570117 93 3865
179482 91 1167
1211323 48 2251
6413592 9 5886
2758609 74 2413
68663 14 2071
23169284 60 8145
67805 24 7036
107673 8 894
4156 27 279
2225593 19 7276
404284 92 8449
299208 77 5735
8133753 7 5370
344275 16 3629
687518 85 1363
17447814 11 9886
3632213 74 3903
6407006 92 9454
67252 27 1093
3670789 54 2722
2395231 45 9668
17819664 47 7828
1080406 44 2289
693328 53 1207
5969275 30 6660
209402 89 8972
4505760 30 3061
386299 6 4922
687647 7 1146
149109 32 9840
14781338 75 8278
36240 81 1500
7926088 93 7020
697507 2 1507
123553 26 2429
4367039 13 7132
34270329 53 8502
2924321 91 2452
24148858 53 9209
11056052 6 9628
11847267 34 8251
47315 86 1469
19367022 97 8627
390284 20 1603
5398321 24 3415
6071118 80 6509
3361098 40 9796
2678597 1 4732
12820641 78 8446
4436498 67 6832
29524400 61 9881
3501140 22 2751
4187600 41 6861
1335233 35 2902
12656332 26 8881
409435 36 2716
20050183 6 9249
667060 48 5663
3020694 29 6483
1 96 7968
2056938 24 3160
8069529 97 6891
2296977 44 2268
36547579 91 9093
75804 67 1744
180653 92 4961
9776014 38 7797
18577370 29 9177
1 86 2393
24949 9 1207
1082536 85 3596
3433792 42 7942
19164001 64 7633
13942857 63 6457
78297 17 7801
3948252 32 3453
2776610 22 2353
15864584 4 5616
189687 90 772
23721109 63 8448
9735797 15 8866
344253 21 7758
2227 20 7354
10520958 69 6657
39397 78 2371
162114 52 2404
2151553 81 3768
46269987 28 9695
174025 78 3825
104995 23 622
498 20 1605
1110805 50 1406
265256 30 4303
7355721 29 4468
1 96 389
2475 63 4796
661105 55 3992
1372929 29 7234
111382 61 2350
1578457 44 4099
1235 16 153
34328581 95 9754
21938738 33 8816
573 11 2137
6924915 2 6457
1953956 96 2541
3902157 3 3476
7337702 26 8708
260868 71 818
1554162 82 2548
40537446 79 9321
2754306 41 9998
541841 24 2258
869291 40 2165
8255195 42 4612
582669 32 5196
7436618 12 6005
7759169 44 9391
270841 22 3747
1108631 91 2557
351567 30 1235
10498738 79 6044
1771610 76 5740
31103 59 312
28182142 99 9889
9849589 23 6145
4752003 83 9031
31456717 6 8832
27157181 74 8398
3182810 41 5431
578391 87 2794
2599873 58 8703
5436158 17 5350
3795899 92 3693
1541224 3 6677
4043717 34 3585
23589 72 168
4521061 26 5046
16 60 359
11848951 52 5740
6343697 6 5810
231783 26 6381
12737 26 154
257951 74 2690
20024731 77 9825
1384050 53 2346
1313825 56 4380
39249 22 1664
11129744 42 6929
4668 35 1034
2771053 90 2454
5706510 20 3562
2971420 78 4907
5803439 17 6130
323532 76 6774
85907 20 331
12902955 77 6420
6332775 45 5758
23442858 94 8146
2233155 86 6461
35614928 33 8631
7517101 36 5691
669177 8 3991
14576219 2 6600
1043522 24 1351
1574368 32 2065
7774980 69 5698
1375678 28 3508
19800386 5 6524
1277636 100 3017
432996 29 2042
1947498 19 3232
1 99 934
408566 38 1772
19399 72 1907
7070154 71 9792
17920972 41 7400
1816252 79 3492
1580189 38 2548
8385535 79 9034
22113439 47 7666
11305887 51 4741
200219 55 2994
16448830 67 7581
22238585 27 9014
3445090 30 7008
1888874 26 6985
41758 3 920
5836204 10 5147
1937618 18 8274
17965418 50 9904
707105 6 2769
10187622 7 6027
2818382 60 9782
1348988 7 2422
2285 92 8223
501702 14 4318
1641113 94 1859
2014496 87 4287
2898 58 5401
11785010 58 4876
21819 58 1249
5075 40 44
12524750 86 5406
252334 68 4731
3573044 24 4963
1201211 46 9872
14486 79 1152
1476883 61 1700
306988 43 1326
19970309 73 7452
4324 46 2353
792442 83 8884
166987 35 2762
1371813 100 3988
13874096 58 9413
605131 48 1085
267848 17 9899
138626 78 8760
541972 6 8017
17253 28 2013
2521609 52 5472
198094 82 2218
16881249 53 8996
1287170 5 7881
11724686 86 7025
4098655 49 4316
446760 2 1141
8161314 42 7935
1574798 14 3294
2008366 44 3547
905056 53 5078
11147 77 726
3105713 24 4074
3719875 67 5592
455092 27 7747
12647654 30 5421
800907 47 4868
9319345 53 8236
1064827 66 2548
593182 2 1590
273511 37 953
1701 51 2748
588772 37 3341
1355893 3 3802
8858120 35 5119
3233418 65 3156
2292409 76 6191
16351230 54 7120
22866423 8 7101
6645722 6 4942
6711549 3 8598
19606362 6 6315
6335320 13 6133
10166983 24 7222
36097407 48 9345
4150760 49 2984
1771158 66 5188
271311 49 6128
916017 68 1607
974871 45 2193
58043 35 261
4760805 19 7182
14911207 9 7629
4705914 70 4889
3685502 82 7039
7585890 68 6562
49383 16 4140
35320692 9 9171
19581 8 888
25918 38 6131
192876 87 7345
811611 93 8132
12189780 8 6187
4339 38 415
40639088 60 9048
10093584 29 5954
4264644 75 5308
75235 52 8038
10211502 17 8028
2131832 79 1997
3418854 100 3415
8845797 64 4982
2494691 58 6933
1487 8 2211
17566670 53 9486
1698760 71 4164
256962 45 5205
7862893 72 7175
475091 80 889
263 25 56
25170 30 8370
2461 4 721
301889 52 6827
1922694 48 6793
227874 90 1508
7396652 57 9345
31369 19 2559
4201906 34 2845
766 65 2466
6928806 37 7125
2658405 81 7138
5807332 20 5246
5973335 54 4182
15698375 14 7664
8352 77 481
7270202 27 4060
11267389 4 9678
905197 83 8683
115665 30 2507
4183755 70 7870
497 3 2657
12093788 16 7463
49075 16 4069
3093464 97 3973
22721 100 1806
961538 71 8375
38714539 78 8944
38784500 6 8981
1720 13 68
2095650 90 2441
606130 82 1663
5741379 46 9916
32456736 85 8401
10466154 49 8331
9828437 80 5878
16281619 3 7970
1789 85 127
12517912 62 8212
4148543 74 5379
15230301 8 7373
49059 60 7072
17577035 43 7425
836084 34 2811
767924 34 4159
5329647 69 5819
5385444 100 4023
150511 25 2305
19552444 91 6525
6099322 85 4417
8785445 90 7820
26345013 78 8178
662309 32 8175
27982882 73 8314
1 98 9142
30695297 77 8400
7441050 99 5145
25119125 16 7101
274037 12 764
39721012 59 9019
32360697 92 8331
1207 82 179
8810017 16 5992
5335302 2 7542
625431 95 4197
2575144 76 3853
16834454 11 9300
63 28 3305
2308806 89 4502
1041687 55 1771
547817 69 1597
7476205 89 4824
6891103 81 3937
19191103 100 7520
758105 39 6195
806250 47 4394
688390 19 7554
20212981 56 7785
381071 59 1119
16092461 35 8124
752634 39 2452
1600415 68 9114
62986 63 361
35884973 30 9201
344731 45 1649
130996 1 639
1980160 58 2022
337844 66 2367
1563843 4 5588
104764 86 872
151039 18 1847
1459343 23 1650
89101 75 988
12907609 4 7286
2401694 28 7493
533262 72 3628
364739 66 1130
1667881 13 7153
74964 75 317
2180453 69 2720
1904581 69 5932
1378954 57 3860
2929521 59 2474
5154168 47 9631
1315034 43 5301
37873 87 641
2837081 52 7019
249950 5 701
508 18 5586
2028213 61 4093
586759 93 2074
26070871 96 7963
431263 48 1339
377 71 3544
808207 93 7941
28665358 59 9156
764896 98 1150
2564856 29 3492
23333282 72 8888
40266 8 3920
1394452 60 2679
4688620 54 6735
6074461 65 8241
141841 86 5208
1991950 22 3952
1866497 15 2009
24080384 47 8248
1249792 32 6108
3402023 98 5910
97560 57 1625
55016 60 5383
237008 28 718
227671 41 2528
33914 48 1005
16869483 24 7323
1118696 6 2054
1074825 81 4735
199699 61 5498
42300950 12 9258
1 82 3778
5930435 30 8906
12125 69 3509
1316742 93 7570
2758 77 6036
37106 38 550
11699607 45 8381
21421679 68 7484
59534 74 9878
165357 59 4811
42996641 18 9767
8496226 86 5354
78895 79 6938
19396058 81 6162
56531 67 498
8905012 84 5329
8675479 97 8388
12239619 49 9758
7644 78 8296
4173173 45 3654
32026 80 1258
3049879 48 3094
25644191 40 7094
3438731 50 6044
217862 70 1680
12702912 15 9156
229517 77 7952
927484 36 3029
1 98 1491
7982093 37 5421
3142916 20 3285
290610 51 1203
32885 9 5047
8379354 48 6865
13191570 71 5766
5115202 23 3975
1941104 3 4202
306761 96 712
14760642 7 7090
1 39 8527
247988 99 1475
151903 90 7407
3624594 79 4847
454107 20 5235
13983 47 702
321771 47 2501
30572359 84 8455
3800598 81 4020
273253 92 6854
10435 83 158
2253249 78 9437
23949 19 387
462031 74 1555
10787362 34 9461
542446 22 1430
7009170 97 7759
27327178 1 7834
10880576 40 7612
1 76 3404
1063364 35 5673
28643 67 150
34450267 85 8789
12476325 87 5481
1326868 46 3721
1115525 15 5483
406015 86 1143
5052857 96 7029
3767542 36 3639
21209471 42 6418
28072299 68 7513
2670455 24 2943
11128540 47 8920
14931 97 1410
853468 26 3704
3819909 22 5367
6451 93 113
2196005 96 9458
17501 17 2891
2632381 55 6500
7710530 6 7017
1723607 26 4357
11959339 90 9083
8961541 9 9001
3073554 69 3190
13729611 39 5680
634566 82 3193
752797 41 6740
195684 82 1365
29402011 56 8021
818070 3 8713
4377 3 1223
17090075 8 9152
441962 75 3052
3689953 20 5753
5306644 89 3458
36390 57 1107
1271742 15 6463
23235521 75 6954
194396 57 874
35344 89 848
314492 51 9250
2539393 51 6895
2304764 89 3280
79355 10 7334
3608373 87 4994
169755 71 983
17674096 84 7831
39111 30 287
26681927 52 8094
4533453 44 7833
842925 5 8756
4163338 71 7205
5527350 53 6057
13552539 37 9820
430829 42 832
152485 73 8504
32233359 80 9138
152856 31 6157
1979491 95 7403
4875465 40 3422
23281855 79 8618
34711657 44 9624
1014107 41 2518
4781 62 725
5936738 54 7609
30218 47 4421
2568057 58 9905
15278 25 4774
4929744 5 5129
102433 96 8324
1868731 56 7599
6027743 55 7234
957401 99 4168
3594028 84 6776
6285097 88 6859
18661179 57 6411
131575 35 5367
23039 67 273
907 5 126
19633772 48 8695
438304 58 1223
8633230 58 8766
142618 43 5623
179 13 1179
10685368 64 5542
12206284 52 5550
1273672 56 6298
2387927 20 7044
10672495 48 8033
9322828 5 4860
643090 24 2851
28517006 69 9595
4107541 22 7910
114705 78 1681
2513799 90 2282
495008 63 5831
212686 22 2918
115038 7 1343
22670205 53 8172
2573543 81 6211
50088 57 986
9329994 81 6350
1500710 25 4626
428367 13 3069
32043545 27 7914
39357 1 1277
5076333 96 5153
1019975 59 6955
1595802 22 2966
7870207 36 8805
13801022 42 5989
813353 36 9029
2412466 86 5375
1036493 89 5499
13621276 44 6697
28751795 25 9368
4174456 73 7509
3187306 57 3067
15052911 90 6605
1349301 2 5702
3437431 54 6036
178506 27 8873
85151 33 2798
7372031 58 3893
3520419 18 6630
88822 56 3671
421283 51 7073
4339203 49 4365
5444186 64 3995
8657641 72 8511
3757143 69 2701
1508368 24 2113
13420034 74 5502
1202588 18 2958
49807 87 5465
6845300 69 8835
3171 12 4942
206821 10 2569
18794616 51 6116
4324919 29 6669
4772798 39 9225
15363394 64 8104
8317855 71 7121
122273 47 7046
12835592 81 5029
22618668 47 8596
346614 18 3743
42711 32 5784
644490 70 5479
11367043 86 7662
264160 91 9779
214907 64 2530
31863523 49 8090
5922378 5 8293
1829965 47 2059
41581 57 7637
134397 73 2059
25790 37 256
300260 69 2294
5679248 37 8546
3846020 72 6828
20544531 10 7395
24476967 80 9432
1642313 75 4414
1799988 25 2551
440744 34 3099
10463925 63 4976
3080701 76 2703
4994913 32 3506
3940 54 123
16061226 55 7816
1842 95 2632
440935 59 1969
13510 32 1431
2264203 100 3797
3237778 94 6817
34243810 44 8440
5286 25 4525
66215 61 630
860876 100 2060
420420 36 1751
15492646 11 6511
1031944 93 1446
124591 82 2256
1000572 35 4660
7986618 70 7504
19659413 10 6598
6251965 44 3801
549071 83 3585
18445629 85 6617
7639829 36 5875
27608 22 1383
202637 81 2917
364314 4 4396
39290105 47 9456
644847 33 2785
274633 31 5993
539 91 3721
1667904 24 9849
2321772 71 3039
141491 69 828
9530845 94 7890
7413567 79 6601
9485966 76 6445
10796777 90 4630
17690660 41 8553
4631273 80 4417
13393732 43 8158
23549928 83 9197
296101 2 901
11544 60 235
2350979 50 6030
838296 57 4598
4229 65 147
14084956 8 5324
581354 9 1611
20802062 48 7943
1287934 85 4255
7751128 38 8688
775190 48 1246
1 93 105
341990 54 1300
678679 61 4602
394234 49 3389
8546 33 277
66999 53 1733
25265899 35 7406
280964 58 2299
1 35 520
22567757 42 9078
851595 84 1875
3049717 75 6008
7795204 65 6338
11312 63 673
54387 19 760
1656796 54 2494
404455 83 1527
1761066 74 8377
6146 40 883
4606688 50 8689
2142090 24 3869
550756 95 3967
3621140 14 6538
358707 70 5880
1304486 63 8677
3457027 83 3080
4684652 81 3408
132077 22 1565
612052 65 2025
4262626 60 8156
2613192 82 9533
2702386 22 9072
760449 73 3246
23774937 80 9572
1826212 19 4074
19606 60 1137
202247 69 1408
113733 25 543
39130 88 364
1543663 7 4586
12260 43 839
1709701 82 5196
102348 26 1684
924 29 5141
566261 46 6603
24306381 22 7784
102225 28 3925
239153 70 946
726301 3 1285
248140 44 2094
1065763 4 1718
719309 39 8815
14977670 78 7488
2380138 79 8641
7452938 92 4132
506951 48 993
312699 68 2646
8239501 72 7738
229582 78 752
10961585 36 6282
8508297 69 7668
2503479 26 8400
1727116 100 2332
479624 93 976
40105634 62 9572
5101918 93 4825
170709 82 665
17646318 97 6621
28108871 38 9885
11344388 13 6462
5387299 2 4145
1291778 52 2826
560136 5 3179
1570234 20 2609
29605741 99 8579
5223882 39 3483
37821821 94 9622
2186260 47 3145
244195 4 4836
3111957 70 7861
18643320 37 8684
271562 72 9223
13109404 48 5899
14337206 61 7081
5502 46 139
15452250 28 7509
2151453 53 8680
2653126 10 9540
7794216 90 6062
26376898 48 8763
11797802 2 5707
614627 76 6655
16366834 98 7105
125359 15 1366
15666383 13 6954
4032926 18 2841
3601030 86 3220
2673316 30 8879
48981 89 7554
71517 18 1800
23052558 87 9735
795241 6 3066
1456968 46 1908
19137066 60 7000
96096 79 4434
4463607 73 4724
1167019 46 4769
188004 87 7971
750896 81 3783
58937 18 2120
9511452 20 9173
645570 51 2129
6855041 87 6068
651806 19 1357
2128487 10 2924
1 91 1560
16364330 5 9984
1948975 13 6741
18754272 28 6611
673107 55 4232
13105366 71 9698
2176 18 9038
1205 85 333
2981924 74 7357
1432834 56 6774
2319186 70 7706
572537 40 6051
35821 75 520
162346 41 3362
958776 11 7619
4990862 59 4221
182734 46 4207
33075 86 238
20151468 69 7496
160363 88 7614
263 26 133
5764667 33 9914
8336307 31 8049
7419290 87 9754
8302198 48 6834
80996 81 1839
2485329 6 4401
247473 79 9916
266485 75 3005
13652027 82 5555
11590425 89 8828
9518212 33 5773
55849 91 1069
95063 45 5341
25997074 10 7409
160293 9 1737
2887354 43 2372
4556278 97 9348
1945298 44 3659
3487354 38 4889
3877164 58 6913
3647878 21 9572
655948 71 3664
10707134 7 9816
34505391 57 8955
1268950 78 8551
379994 16 1333
207864 50 654
6127523 59 3616
1393883 94 3327
7542177 40 7597
1 86 890
13903692 15 6438
675898 99 5330
385943 25 3760
3720799 97 4839
1867952 77 2515
1 67 1674
3979356 41 5525
222826 6 7793
1130459 92 6921
137197 52 7330
2533355 26 3888
12165811 28 9430
417243 35 1919
3270722 37 7525
8516938 78 5703
14492211 50 5988
318028 77 4297
2468144 63 8115
854449 16 4179
31854231 41 8075
1939905 12 7827
2624802 25 3105
23641928 56 9571
19493075 62 9517
11130283 88 9419
2911980 21 7541
494214 15 4792
11853580 77 9872
2643813 38 2380
729055 6 8227
33195623 92 8442
626409 88 2874
4144431 65 6913
932193 50 5972
34176612 39 9319
4081250 61 4824
567101 48 986
1292091 27 2282
111694 70 1834
7173974 61 4915
132029 13 4975
15606602 68 5922
35378 47 313
2653949 64 3627
1524946 99 1654
790420 63 1448
2629831 38 3527
20880056 39 8363
14340 4 91
20087408 97 8760
2427657 58 4932
28801584 81 8855
10461564 96 8335
2223633 46 8200
103825 22 2347
6780945 17 6205
22434864 31 8146
5052842 74 5326
22030970 86 6585
46663 32 2679
1285836 4 7517
2731713 67 6621
12040121 36 5484
9434462 92 8408
3610334 99 5533
2214748 98 2854
17711837 37 7296
6103792 86 4695
9081243 41 5995
212293 99 786
93985 53 488
2578836 82 5316
513026 63 2159
15082951 29 9467
100724 27 898
183930 84 8210
164882 47 790
136148 100 810
44745319 99 9689
4187045 23 3848
4600978 89 7203
611732 42 1265
7371998 68 4554
489041 17 1566
2572235 50 2915
314550 7 2045
10242817 88 8254
2839 29 1700
7000136 33 4421
636911 62 9712
1747312 60 8916
3983 57 87
16395453 77 8699
941677 29 7907
265547 18 1191
358169 17 9496
6165302 50 4130
139094 24 1161
4798960 53 9897
1447749 10 2341
499940 46 6700
68743 68 2955
2740424 66 2820
2313233 68 6313
4474 32 1382
283174 19 9724
4374498 90 3446
500790 12 2965
83672 88 3522
69198 47 503
5068246 78 7607
14727661 56 7550
79814 87 1963
8510825 93 5298
313674 17 1194
15679 57 6000
9119307 54 4318
1504336 82 3985
1540794 59 3288
7493219 8 4504
1093 47 8488
4307515 40 7314
3661958 95 5790
5373700 95 4862
1983 1 3244
1991922 96 6555
5589512 96 3274
36693 83 400
195478 64 912
19561612 48 7694
23041243 95 7818
6073467 49 3860
10890388 64 9139
271416 37 1285
21526 57 6488
3203983 89 5505
140398 86 832
1733164 26 7500
26426673 28 7836
252631 39 4824
351577 49 1356
224194 76 1199
1 57 7273
11228091 78 6830
13650786 25 6272
3232955 34 2839
13316117 50 5302
13647986 90 7329
4052238 6 4241
692 48 513
8260234 30 4001
14407473 56 6317
3517976 19 4024
97974 46 7175
18278478 26 8353
32100 33 412
5282501 55 3198
34469909 25 9572
25457955 6 9339
6209062 26 8270
36392 76 8215
4839358 20 9877
49040 59 497
35434887 52 9806
164784 94 7207
3941436 35 8202
32821042 39 9523
396680 10 6576
52521 36 7196
239927 87 627
2976399 84 7582
1758148 14 5676
3415540 31 3385
1728832 36 2754
884720 88 1835
27168368 80 7494
3748 46 1019
11650355 76 7788
39176 42 7569
15355097 62 6614
7434 62 3230
21899033 99 7778
518882 63 4992
10318 6 7407
347 35 171
9601418 65 5415
4232251 16 5858
1663780 20 1935
6889 49 327
160107 52 7679
4877216 7 3836
14730397 19 8065
1885501 88 8161
1870875 42 7087
122621 33 1971
650209 56 4667
793646 31 8608
1 94 5654
2311291 16 3929
9300230 2 7675
9119188 8 5414
1291415 18 9534
10175286 41 8578
435323 54 2192
6843734 41 8641
7486229 11 7166
1756027 36 1865
4533959 11 5358
82236 85 4536
1 81 359
45438 10 592
12042386 17 5051
11756506 88 8463
21066967 6 7548
2792667 90 3663
18202035 87 6197
1840308 64 3574
209696 26 648
223277 55 9902
29828 72 477
2586 9 3595
4748546 57 6232
15601712 57 6417
19532 30 4954
608092 70 2095
6353375 43 3684
128665 39 5972
309936 42 2729
526973 37 2542
10605782 96 5098
2844358 10 5289
26483359 98 8590
2597316 6 3080
2270795 13 5739
13245630 87 7381
4582517 75 8788
7313593 68 9117
122144 27 1847
621117 32 2476
9924339 91 7022
26658008 73 9272
3161193 76 4685
2680877 79 5913
5909088 65 6024
63397 65 3219
664436 100 9950
546827 19 5166
6890144 77 4317
3429583 45 3425
13178706 29 5707
31743745 10 8293
3263957 38 3876
7127384 94 5443
1812216 18 7661
27064135 96 9211
3838346 83 7255
39216 21 315
21773 38 130
555826 19 3518
4752226 46 6013
103857 72 747
30266660 78 9640
12263409 34 4887
23725460 12 7167
2419944 17 2215
11860982 27 4919
1306785 1 7027
20299585 28 8513
146400 91 804
1838876 71 3424
235158 66 1401
191776 41 8100
5490294 78 3688
14881532 15 6924
2049826 94 3304
11994160 74 5493
31003288 63 8610
44170 19 329
62072 98 673
363264 89 2373
6720974 13 6928
13590 53 4936
1823142 31 8527
4864604 76 5349
2755826 50 5898
13901384 24 6649
2156578 70 5786
47037 91 5814
12334636 17 7193
1399529 25 2558
11840849 14 6902
508966 77 1404
69590 1 1483
4779441 44 4085
344813 74 5438
20478144 42 8661
1171618 10 6327
4974 84 882
13013424 91 9150
438457 83 5697
2315588 6 4218
13567473 32 6116
11427 58 992
7901804 37 9276
3654028 13 5711
7838516 54 4599
160335 1 885
1199695 59 5408
23277 77 998
24876 27 413
174980 34 669
599050 4 1576
56410 77 4868
3948 90 5296
4013609 67 3514
1409752 11 1676
736435 78 2632
1888451 27 5482
497215 19 8479
5336058 55 3522
473331 38 6760
26753 69 3745
17981375 31 8916
875367 52 3761
53413 88 949
1694658 20 8997
16624309 50 8592
8567462 79 4664
6851427 21 6067
818396 42 2266
11422 81 8040
28776452 19 9230
378426 24 4983
10910338 90 6111
3509562 34 3461
3186710 41 6930
16342559 9 7770
110710 62 3219
1005635 31 1601
1739337 81 6515
11093923 71 9108
1090485 38 1552
7033675 40 6410
2217550 95 2238
729197 31 6196
19295383 30 7376
5142117 37 4659
692950 82 7973
4333127 79 6101
6989186 83 7381
3780108 33 4305
124236 32 3020
1662635 21 1853
29813 86 5618
11113343 32 5649
1324285 32 4475
2745364 62 2724
2537140 94 3922
4289076 96 7302
6327110 41 7939
25529 51 7444
3609629 72 6154
19972667 80 7542
3268562 47 6176
11230052 93 8498
97156 35 649
4862 99 447
2062091 25 2559
580359 15 8471
4601 29 1939
10181358 43 9000
2833698 79 3915
357088 21 1127
9832461 21 6642
3481281 32 4248
35209 57 7549
1859081 44 7408
2898707 80 7525
7431679 12 6800
1 51 2330
619609 16 8182
10180907 5 7351
9522623 45 9184
572070 54 3757
541784 90 1997
897307 29 3167
43546 100 2029
1266010 28 2686
3375077 42 3346
113777 6 663
10586917 4 8780
28805850 19 9765
5534583 83 6413
10162858 36 9604
9848190 83 7321
2087686 3 2013
5025462 58 5004
648996 37 7780
15832525 95 7756
22825535 23 9650
2526431 96 2947
642850 90 1855
1781907 33 2156
9700 8 207
1215734 21 7536
1862544 38 4913
922967 37 4602
14628353 90 7529
1139853 66 3420
1736965 50 9106
65435 92 1552
1433946 60 5230
213165 34 904
40348410 67 9512
1118799 67 4352
10790 42 909
55009 22 577
2872988 40 4695
9606 87 496
1065386 39 5577
15234152 77 8159
15903116 85 7445
6678590 5 3776
4668779 91 6255
34174850 15 9401
578533 17 4547
5931367 1 6589
15987 65 1237
8813002 16 6698
768985 14 3931
6317786 72 4468
937878 61 2729
5725378 33 8966
825656 20 3154
1089383 39 3289
4111413 8 2789
19246155 37 8961
11858775 59 5837
4984665 79 3664
2577271 40 4516
110586 70 624
3864377 27 4408
16737110 3 5721
16918371 28 9546
1442290 76 1662
31765322 46 9339
28770792 49 9109
2171589 12 8789
128678 63 565
446082 6 4317
34620046 88 9185
11386282 3 9193
35044 25 8498
1429497 1 2082
196011 61 6176
1288 43 3345
9369898 3 7927
3458838 15 5631
561628 18 4457
1102506 39 4682
12731341 88 7485
1559481 21 2376
342810 85 3808
8646198 33 7455
2005312 45 2579
8082063 91 8332
1459339 21 4683
1883793 21 4768
28111733 1 8787
27752477 4 9994
26030657 44 7878
885002 86 3361
2774897 100 5653
10463597 39 7426
2132 93 342
6453918 20 7686
18333283 10 8782
3887276 26 3373
5497047 98 5424
21074765 42 7367
1887619 15 3629
42226 55 306
816469 98 6394
3161637 85 5309
344892 64 2642
12102163 91 8266
518491 24 4966
1615903 29 8250
1513878 14 4768
15062 35 848
68645 74 5329
9134891 8 5468
18013892 71 6667
11518883 7 6399
27334 83 778
3611754 86 2676
87512 67 1900
276229 67 9609
1830199 57 7300
16539111 38 8204
12252431 96 6694
6433939 54 5956
8224781 91 7624
15922394 2 5642
220452 100 2831
1695 18 9453
191157 76 983
39271092 49 8840
1623039 2 8133
1 66 186
4459930 23 7971
618961 44 3955
8458 47 5681
2388760 51 9784
108988 56 1373
16753785 91 8815
3125759 88 4317
2178089 100 3935
5722522 73 5576
9089404 86 8230
71317 59 1656
607909 98 2909
34235258 85 9479
11401340 32 6300
3589319 86 4620
45665 2 2414
25588948 79 9921
80070 68 1042
12894867 43 8336
10424115 16 6994
10229863 24 7248
1834200 35 5893
2452068 27 3983
3414984 32 5128
23697 51 1344
128947 93 2298
17030988 62 9630
6027712 28 3506
157525 26 4792
1541366 49 1815
64041 42 1101
17388976 85 9350
6447729 57 3784
428862 34 1501
10005087 66 5687
1784766 62 3363
206639 8 2431
714086 36 1936
5429522 77 3965
3188890 52 2556
706395 69 2456
698134 67 1153
193406 66 3252
4466410 47 4054
4558298 94 8694
12814192 21 6866
1041353 88 7080
84605 33 528
133988 28 485
707565 74 1755
12493759 37 6322
2215118 77 5793
7314222 95 7037
4841392 80 7210
11115556 92 8043
176487 75 2125
18358154 13 7115
8319271 42 9405
104654 62 2104
476523 89 3713
3305984 13 4499
4802 54 981
797278 25 7806
7524834 80 6585
546749 10 8132
5082152 73 3452
174614 71 8010
3364870 95 9186
6027197 39 4771
6980792 23 5705
2409777 35 8469
115675 86 9240
6999545 2 5498
91667 32 1111
51374 90 329
6496205 33 7531
1222919 4 2502
6940815 22 8827
454510 19 1771
6047312 92 3765
721363 59 1115
22171 86 4644
654972 85 1842
1332666 99 6130
9111049 95 5023
16792 28 564
4812 16 1579
17896171 49 7006
1932385 68 2508
1288757 39 1587
7088448 29 5935
1317145 46 6459
2742386 2 9747
19319336 94 9340
498042 96 2044
7111943 2 9218
24394 67 764
2282747 92 2080
12201569 79 7174
12175 55 1612
4314682 61 2996
15602606 87 6356
631543 76 3390
7492023 99 4406
356825 7 1568
1406580 62 7199
1186478 67 4176
1453334 28 1958
32015 78 1586
91260 78 914
3303192 37 4082
2829092 33 2417
2279025 99 6238
2424943 38 9496
18224 52 2630
399161 15 915
2284247 87 5156
14471 18 397
1 60 9118
4158114 80 5275
255553 38 6378
784840 64 4297
24886285 59 9733
1934236 54 6807
2665562 6 2297
164520 97 2876
10083514 61 8222
9042571 76 8413
122776 24 2627
154506 64 2415
29996 52 1194
510 11 2781
1728789 64 2694
8277481 51 5927
249175 64 5783
1438427 76 7283
764 91 4445
238738 8 7730
371693 8 7004
38570 45 440
122340 3 947
656472 97 5427
111625 58 4734
5900655 74 5552
60605 21 868
1029339 79 3583
8017549 39 4768
4092814 83 9219
8386160 92 5655
10284587 33 7965
22168617 54 8391
21155868 45 6759
5136450 60 5590
9211 29 133
8710065 3 5116
1742501 2 2931
22499071 73 7055
1906773 56 7927
1870175 32 3653
119564 26 1836
53329 23 1142
35624903 38 8344
14344774 90 7478
146779 11 2519
161982 97 4265
8912447 28 4199
355583 7 2463
44949 91 3946
24194499 18 6951
536709 25 6148
555523 70 964
29933928 99 8818
991007 26 1927
234505 72 628
1 46 283
1238500 65 2135
2771187 14 4992
5310096 71 3836
896734 24 1712
186214 47 7918
321705 28 782
5866456 55 3606
75982 54 4652
273745 44 4593
23194 60 3887
836077 73 3179
1555110 73 1769
1091668 93 2105
33812 64 8660
11362609 57 6156
2474406 47 5370
16655 28 188
325194 7 3275
30277733 8 9725
8119432 24 4975
535810 96 1241
2228872 96 8009
25987767 71 8359
13424548 98 6392
21484613 53 9971
28233238 24 8379
4712879 66 3217
30930 58 642
490774 27 4126
1 80 266
7640247 70 4217
7372791 45 4100
19605511 26 8787
152668 47 1394
706227 76 4614
25009 7 1278
38070788 89 9437
7153 96 2259
3642254 69 3522
144665 28 481
102868 87 1466
2374988 33 5833
1247906 93 3396
19627073 99 9097
127393 7 455
21798907 69 8412
20842989 52 6896
894670 82 2430
1551436 46 2071
467662 54 1264
747018 63 2034
13890 7 257
1780283 57 3864
25923906 60 9412
632833 80 5823
11736738 39 7395
44220 38 211
5835 37 521
26408 15 4067
679377 15 4463
34964 96 3349
6790477 69 6031
1603608 14 4079
1202475 49 6946
28620838 24 9082
28063371 31 9582
617414 29 9225
852642 37 2085
63756 87 788
1699769 99 6928
3449201 13 6881
8121102 11 4083
10594654 96 9298
1717984 16 2130
15119 88 805
16053262 64 6185
134716 25 7740
9806395 98 6783
21442885 81 8179
2174766 77 6936
12983927 48 5269
23345831 94 9299
254497 10 734
487965 70 3642
19588 99 412
3874069 23 5078
2104001 37 6544
3269672 6 4228
6972965 46 5463
1269637 8 5247
842958 20 2116
3231339 92 9828
3086719 62 8611
440243 51 2296
31359208 37 7826
1 21 175
4089653 46 5311
34499 9 517
274235 80 746
5678525 63 3871
2962758 70 9249
160356 7 3342
4860644 72 3280
6643901 53 6386
5281 76 1516
398840 87 5377
1741 85 6998
28958 14 575
95137 42 4404
21809 56 185
2506283 7 9439
1491378 9 2626
6531742 55 5601
11919 45 975
33596892 98 8356
846451 41 3292
98131 60 2117
8560079 18 4078
2092704 75 8886
22889225 16 7489
6240165 68 6202
3133766 65 8388
28692 18 855
2401479 83 6425
5218602 4 6223
504888 17 2968
4078538 40 5828
1836605 40 2207
2676182 56 8455
1100211 92 4549
4861682 19 5229
761728 84 4422
271372 88 1611
14820219 42 5575
2589941 72 2826
241553 3 1867
1009810 46 1778
2138478 15 3253
30432 90 332
180674 46 5581
927599 96 7298
13665503 47 5569
17550715 77 7895
4363461 33 8779
5426577 97 5269
8107478 15 7034
19514829 72 9273
5206 40 331
20339565 18 6920
30856267 70 9022
2349229 61 9158
4484503 9 7877
91831 97 396
3141304 97 9995
16016200 8 9350
3253317 77 2976
12696890 49 7807
6542518 100 4604
3905346 44 3328
4140200 14 4313
4160370 87 4790
159785 75 788
58594 83 886
630857 20 3364
20286703 43 8120
23502504 25 6955
82565 48 5399
19724492 49 7794
651707 75 1633
6412838 4 3654
760921 76 1283
15682431 19 8738
18666183 21 6546
8919718 30 9082
644981 79 1314
298085 61 9621
119735 9 963
18884911 73 9345
3357434 6 7639
8332 76 981
2094857 75 4693
332907 70 997
1632703 24 5067
4556689 40 8210
29544536 61 8339
2339472 32 2774
68190 28 327
5196538 88 9184
10596888 1 7780
1 83 573
139442 28 1034
1 60 8863
555340 96 1367
1292687 40 4536
1045204 86 4083
3872606 17 3960
4557467 62 3826
2696663 68 6507
13342910 4 5065
1785476 43 6358
1599254 6 3987
135099 74 6675
8309 80 5285
3552195 97 8968
4993168 15 3884
977884 41 4906
2032427 2 3549
4723965 74 3484
2694269 61 2544
5582408 45 4194
1684788 65 5896
9750521 69 7375
61931 95 2636
405857 77 5443
46272 47 3608
372973 14 1205
3181678 48 2980
6176907 4 8204
16537841 93 6433
390250 8 1960
33462401 96 8748
3561805 3 3535
150792 100 910
12218041 45 6124
5831345 94 3604
1 59 9679
116326 53 402
307804 69 2207
1346420 35 4488
1933792 62 4195
4377 7 9102
1 91 1467
2267387 21 8142
2850385 26 4535
100772 22 548
188048 98 1039
20850421 12 8830
1032836 64 3884
1433605 14 3480
6290878 73 7311
1939318 15 2742
2080565 34 4513
890644 95 3408
359163 65 2717
124488 45 842
6439525 79 5209
2839587 12 4383
5018 90 2999
344165 54 2044
507013 35 2783
2959601 93 7504
6697865 58 5609
761156 65 1429
49855 47 5911
29355234 53 9691
2288078 2 5310
262937 65 825
153937 81 946
519386 65 1004
2687528 32 3586
22753645 54 7547
7076 44 7809
31470603 97 9236
3842653 38 8557
207944 3 4505
102794 85 7484
4972128 70 9804
2493 69 6801
1126655 71 7398
849064 60 1658
747664 22 2278
4665716 35 3349
24019108 78 9351
46453 85 267
1197878 20 2390
739572 70 4010
514063 88 7578
9871649 22 5859
13603077 81 6243
21297 43 1026
727851 34 3128
2033785 30 5985
4269633 33 4773
11123316 28 5432
819140 100 9431
8530 17 713
7406 15 3397
7242814 1 4845
4168481 71 5269
10822085 70 5229
1672112 84 2600
1612345 46 9365
630184 55 8235
68012 54 8122
721772 27 3397
68547 66 375
8884299 93 5241
4028 64 2620
6629409 74 7897
3070074 21 6639
2255508 61 2902
2269587 18 7698
2911 28 406
94515 57 4215
13634131 93 7917
8464506 79 8820
3044366 57 8329
6758 17 352
6686096 31 9396
15301490 30 7881
1665333 3 9820
3606068 14 5732
12410935 32 6468
736984 41 4501
22748944 77 7452
9162367 29 6688
126051 67 2184
12312858 53 8783
10349 42 2942
12948 34 1041
454053 26 1034
19978 52 7854
335252 38 1000
227 5 7392
132673 94 4705
371283 20 893
26780363 81 8841
955490 25 8960
10126591 96 9868
43021 15 3940
2612000 8 2936
2618453 30 4160
115176 28 4308
462938 3 3809
1429886 13 3355
653171 9 8181
3404074 88 4716
881460 58 4409
1173129 40 2797
1 74 91
180079 49 681
17016838 9 8701
771191 66 3514
20932762 8 9520
2865 8 4287
7370912 93 5752
786049 48 8777
18700303 30 9863
5842558 80 7978
2811305 37 4006
1225263 60 1790
149006 47 1926
415671 85 7270
2204837 89 8576
5169997 49 7450
640315 49 8285
96321 97 550
820745 87 9017
892898 26 4809
1352270 23 2013
19320002 38 7461
669070 82 2057
287608 65 7041
12524685 64 5899
24194264 5 7786
53793 99 855
26188171 30 8266
1734872 39 3747
972358 31 4124
460337 89 4632
331503 71 8396
1 37 4862
14225544 59 6238
3497456 75 3738
218342 1 9492
337106 29 1454
1616521 94 2245
15898275 23 9427
43761517 21 9731
18563908 10 8172
27445876 88 7899
1498854 6 4901
1342732 68 2438
1 67 84
1212334 99 9801
2725511 53 7050
33482 10 2199
44827 52 259
7351368 95 5408
4066397 44 3368
12884145 34 6830
86875 71 3572
5165710 99 6311
62020 51 1278
1460195 17 4462
893395 27 5832
61829 81 2424
1303503 67 9943
703797 98 1173
7875 68 100
5128313 67 4550
581169 36 3957
15221291 3 6856
18233039 99 8743
314899 75 3133
463545 51 929
1390498 92 2526
37177141 44 9855
11214597 11 5032
3006382 25 2569
30516747 48 7787
36572641 67 9784
1924519 89 3377
125649 99 775
1676213 17 2681
1179614 19 2347
149758 22 678
311742 8 5004
1718230 69 4587
1973823 67 2165
5301688 9 3578
146928 52 9187
6047854 68 3605
8544707 30 9781
5010301 34 5773
68056 14 6299
10437 60 3289
3043851 34 9776
5931968 67 8104
13313142 42 9084
1091314 80 3652
232446 27 976
24159 50 1605
31841506 72 8169
22615142 100 9200
516608 82 4244
3292893 12 3042
115313 95 1177
334530 64 3374
13488418 81 8567
1421811 69 1973
374510 74 1880
338347 58 770
2253887 90 7840
1230819 52 1914
445549 96 8531
1551410 7 5926
4489 84 501
9375003 25 6874
213770 39 4520
293836 91 8641
2111351 77 3604
36347732 43 8631
3086395 46 4773
4776950 27 7589
9699172 64 4755
11938746 13 6757
4477809 94 3837
11137156 91 5267
1 57 2681
4530697 31 3659
8217186 7 5382
23322848 98 7306
4909580 28 7646
1955358 3 2728
12599 71 1380
10468259 64 9695
1582609 34 3512
174493 64 7430
16401371 11 9544
29252084 80 8658
1630870 2 5167
4039160 80 6424
2970549 74 3143
21057914 60 6814
899841 27 4225
6796004 42 4210
17928 51 6505
1 44 4170
915506 57 3920
1805095 14 9759
1713597 83 3666
4947812 59 7899
692459 14 3077
711008 34 2611
993720 87 3526
84216 14 3847
6797298 32 3970
149432 18 4288
9477030 21 6632
22051066 48 6573
502834 94 3930
106868 60 6024
1906410 33 4442
498037 49 1595
2933678 89 4803
6899385 57 8645
1090610 2 1688
767061 94 2389
713019 26 4084
7494 67 1324
133620 92 510
8881873 46 6507
186526 88 8905
20266999 2 8104
12289318 77 6577
2281 52 768
1 83 513
654461 58 2459
6573446 6 6352
1028764 1 4202
11450869 64 6618
7723761 12 4035
3246 19 1173
26479366 98 8729
155293 48 4729
10495664 87 4649
927516 15 9017
9739873 58 5346
44923 57 4097
1626883 60 5788
1227144 78 4649
1800759 92 3238
2866485 42 5332
57282 60 8386
3983636 14 9978
557992 39 3410
4539316 55 4556
2055 7 3293
216222 1 863
126409 34 4651
708396 15 1304
2523958 53 3714
131582 83 551
90154 29 2879
6673042 47 4236
3467208 40 5486
46178 98 302
752452 77 2616
79672 100 8042
194764 50 6130
3922154 7 3337
1 31 1182
628931 66 1426
1277144 94 1733
4452403 3 3316
17897618 65 6003
9980970 65 8318
4368117 64 7026
4544788 2 3205
4638186 7 4149
43879 57 1015
12144835 28 7439
772478 24 7826
783612 59 8090
13706289 64 8117
1420839 28 2717
1211540 51 3037
10305551 69 4638
20461 49 2409
2393264 16 3011
12250469 29 6759
19254660 47 6216
7817260 59 4469
26862146 86 8653
19995317 11 6525
9401106 66 6095
17978222 63 9479
59268 96 4184
2983804 36 4310
1056279 26 3423
1511591 56 2649
490050 68 6170
1460678 11 3247
219764 54 722
372658 30 2239
2815128 70 3511
1131322 42 3754
18158961 90 9798
1882874 89 2360
1613857 93 2242
25005364 57 8480
3018350 81 8625
12184 76 3637
61252 76 996
50505 18 503
4571813 74 5734
13020275 54 9601
1338803 50 1616
13384479 63 5954
1894 70 2603
2612108 50 7210
36426 18 4344
13768708 36 5534
23024987 87 9193
2212404 83 3139
2782439 34 7156
476901 53 8595
1886937 14 3179
6433736 30 9406
1083649 16 3733
19336344 94 6572
13666839 45 5990
1198201 78 6405
6610 50 4501
123741 78 8253
1 77 563
2028934 19 4402
1447800 45 7559
41478 61 9182
415232 18 853
269836 11 4735
92335 53 4122
10873685 66 8966
1320071 63 4849
1341906 70 3551
16032 36 117
9263310 38 7856
403 11 85
6087205 77 7873
12851591 64 5007
12567256 62 5384
7522598 24 5630
25126012 67 9076
2315787 91 5180
1 71 3599
31668867 43 8211
4348620 30 3094
1205810 47 8446
14332660 80 9413
1232 96 339
5551436 53 3615
1 48 263
3565014 49 2879
11612361 16 6400
2404064 58 3332
11726094 33 9445
3301458 61 6197
13888726 90 6026
191702 61 5096
636234 17 1979
753465 72 7506
346878 61 4624
890725 57 1820
2482528 65 2734
3841632 7 9483
15750809 33 8488
11795 65 8522
9881749 50 5489
73852 37 6875
14979513 36 7514
18073195 96 6618
1682958 16 6895
34241 13 277
2310640 57 3032
6582287 57 9411
10288235 63 8076
1171190 23 7598
1334984 68 4527
5686368 45 5760
639259 67 4509
44456 42 8818
495575 95 1878
1864 55 441
625921 90 1787
9644706 9 4404
591295 93 2149
1849641 89 2578
13700856 41 9934
580880 23 6969
12110849 65 4938
1742787 59 6551
165211 68 513
2259760 72 4103
204892 79 812
5498655 76 9905
8968919 84 5833
398273 44 829
1437316 36 6137
163413 71 1344
3071046 81 9433
2149387 15 4728
42875 82 6076
5213962 19 5447
1047832 8 1824
4191550 83 5531
52454 83 2759
9729 52 268
3454393 33 3259
7381413 62 5370
32641525 47 8068
162849 85 635
36707861 83 9629
4098206 80 5897
626589 1 1978
26282551 14 7751
5010 60 2086
454066 90 8340
1309570 18 4604
433814 22 6334
1669244 27 2130
329818 40 5160
31014 58 396
33213 22 409
17706351 42 7662
23083 23 9991
12447685 2 6928
2503168 69 5667
1 68 1694
1539674 65 2289
1177209 51 8555
2050422 47 3696
196895 8 724
1 94 939
790143 33 8182
17078330 83 9889
12553 93 2762
10672300 80 7262
6039964 3 4249
15148910 75 6730
2104228 61 3259
24645936 20 7153
42312 68 735
126600 34 914
237788 43 1543
4162642 71 4681
15286787 27 7394
15254485 65 8709
497174 56 2998
10189137 7 6520
11492171 69 8202
879541 18 6649
342290 42 3568
2108120 73 2095
48155 7 227
1001706 57 1675
3884 93 629
147093 44 4841
2484529 39 3254
17085250 58 8147
112921 60 1483
2556094 82 4765
23144 21 1951
4032605 21 4044
531982 4 3765
4247496 36 5397
1578233 7 3686
19845081 45 9686
452691 53 1192
117461 66 441
782489 28 6338
836565 76 1446
19999528 5 7294
163355 88 6096
702037 44 2201
13062768 34 8085
1326950 11 2807
3610359 15 2774
119235 33 2512
7212 39 2708
14286932 6 9813
6571200 57 5225
199204 13 1539
9374937 82 9057
68059 68 470
15963812 53 9895
140108 24 528
886494 31 2435
1 43 170
13077375 66 8532
4391257 11 7714
84689 28 1390
24906 18 373
67405 93 1512
27298179 73 7761
652328 95 3321
9494316 75 7300
15147777 84 6534
4477390 61 5333
5870955 94 8460
5069095 30 3269
17168864 60 6403
428166 7 3972
27784801 58 7973
15651 31 284
8610020 22 6911
575 72 1017
7611908 77 6950
12072091 74 5613
33119696 76 9359
752016 5 1235
2158477 31 4160
918551 26 2878
4007693 14 2974
620412 20 6086
3116448 16 4302
22996286 49 7486
3324167 14 3482
3570899 66 8700
33065763 65 8640
4026056 70 4574
2630570 1 7680
11069862 64 5294
2366662 89 3112
758093 68 5226
201243 90 9496
370724 15 822
17508407 47 6856
15261595 64 8695
212647 1 703
269739 95 6382
595041 21 1504
68135 16 284
12003694 43 6875
23109850 98 7811
496638 79 2551
12320727 59 6121
41353 32 3447
72890 36 1162
682939 73 1128
143575 58 3607
6636 47 418
10361383 56 7269
1 94 307
27590054 46 7716
6268149 72 5867
4650308 2 9877
1861520 26 6123
152461 51 939
1283060 66 1550
29463101 65 8935
110542 78 4132
30236 40 372
163012 58 808
484201 72 1088
2277882 49 2200
112738 61 467
1095208 42 6423
31831552 20 9743
2256119 49 3059
15581573 73 7297
38811370 67 9121
3661881 43 5160
1566848 68 3621
951864 99 1316
1672859 6 5452
4889309 46 3364
18446487 71 7934
4294447 36 9641
5776586 33 6013
717873 98 1120
26069628 78 7826
9127 8 570
41583 91 3024
100721 17 1452
7079660 21 6805
2239451 2 5729
8930445 79 5026
326205 65 912
8841392 88 4912
1611429 68 2029
135845 31 4880
725651 94 4452
13956471 36 5669
4171072 51 9143
2750907 74 9142
2302564 70 2498
18491318 44 7078
2527403 74 3871
26090393 47 7993
4338298 99 3118
986361 46 3952
1281834 46 7772
14953334 55 9702
2229378 35 3037
6681 43 112
610670 71 1404
4629240 30 4392
9436586 82 5328
1794465 11 2099
1 80 3929
211099 59 1492
66748 52 4230
227090 3 1011
16192829 78 6352
7426021 34 9157
19106713 87 7415
772614 28 2371
12334556 9 9068
18133374 64 6874
579208 8 5518
1398597 2 5374
2735423 15 4297
42742 73 2014
95863 83 756
509718 49 1026
6734253 16 9289
36316018 58 9501
3826778 3 8190
8817364 67 4121
2540401 48 3856
8514273 67 7294
6363967 7 7482
126297 69 8569
29045998 63 9938
9844896 87 8034
13512350 89 9869
4461 12 2064
9524882 21 5689
7328 36 1185
17832682 52 6560
5523029 43 3828
233192 95 7547
257618 10 3739
7791391 42 8447
2305466 2 6785
127010 24 4476
5869263 42 9929
12983344 83 7275
318570 2 2128
9391512 53 5967
625958 53 2970
1299731 85 3307
24287082 9 9748
251709 72 3417
8024 91 9995
166664 27 850
23941752 3 9191
7301807 54 6727
12933786 59 8453
3993785 52 8878
15403177 60 5776
429146 6 2996
809435 87 1250
94820 21 511
2265639 91 3939
524480 83 3512
16744467 70 8932
13463172 32 7948
25095 3 1068
269859 28 3497
3284222 32 5238
742710 14 4158
2510575 50 8363
751935 3 8312
11875224 50 6256
37739342 95 9097
1243705 17 8656
4117739 89 5495
1440520 84 6940
2076057 37 8022
175196 92 1804
10715242 65 9245
16948883 60 7868
1743571 33 3885
210842 64 4456
36698 80 5440
541196 44 4405
1691268 65 2974
2760 51 186
27239189 47 7429
1587682 27 6644
6157177 94 4442
1692888 38 7896
31581 91 4236
4494421 52 3509
123175 26 2419
5143931 79 7184
125524 97 2012
31766320 93 9658
114095 55 546
12568723 40 5758
16317 27 2347
602762 10 4850
21322983 28 6922
17178304 10 9213
2101641 72 6495
1072920 99 2388
320023 79 5488
1738322 80 6493
927628 17 6971
334654 13 1464
22058264 1 9085
15447 35 445
7671214 33 6137
4036652 24 3464
11077555 81 5313
6078586 17 3545
9967456 1 6138
3794926 40 6491
240491 25 6046
11536781 28 5823
932677 16 8170
30605746 63 9373
21148 29 7510
864283 13 5080
12907883 35 6769
159215 50 8384
3526 54 4972
1460605 69 3113
7107 86 212
411000 40 1540
6321819 21 4171
811930 30 2560
645166 88 1996
8554218 64 9880
2231167 90 4965
14334670 45 8618
2831097 32 9068
391074 86 2887
7692826 79 4032
790714 10 2357
7865908 33 7400
14509151 68 5673
3465174 98 7569
10628483 65 8048
46564 54 4970
38671285 95 9993
5971746 10 9087
48511 28 3322
167645 22 880
559060 39 7958
1483072 95 8094
90433 16 2579
2182 7 295
1735286 93 2519
234613 17 890
14690 40 6438
8646974 36 4992
49499 96 263
339926 64 1597
5155636 83 4049
1430890 73 6908
16606874 49 6208
40206 64 7816
918380 20 5127
699235 47 1196
1008983 84 9011
2687357 94 3399
9356573 88 7764
595404 17 3049
26872 3 1106
4333170 31 7498
406027 57 4670
6645962 79 3919
26135634 73 8031
217185 81 1648
2207672 8 8016
1758828 16 4708
2050904 12 4995
31363105 67 9344
815038 64 4277
194845 67 4278
15664500 14 5720
851017 90 2597
2468122 35 5264
5497425 58 5901
1217533 96 6040
535892 23 7008
7274300 48 6331
1878450 56 4131
46625 99 6096
18021084 64 6670
6246822 56 7244
1431037 46 8748
513 35 4920
3785474 25 3233
1700406 65 3541
3151835 57 7808
4441470 74 3615
2001956 50 4550
334333 90 2106
99223 30 4524
2914186 66 3351
1046899 61 3846
362491 69 9982
186257 89 6883
136 55 1932
1929799 23 5757
2288641 77 9180
126610 12 2019
8785216 41 6991
28855435 16 9243
34515417 16 9264
184207 86 733
19560704 58 8039
3549307 17 2681
925157 13 1963
1940095 63 8566
3832439 81 5596
6118310 44 9673
8606 43 539
86218 32 455
564672 32 2241
160834 38 586
6350923 64 6727
1433157 94 5624
2364560 4 5799
6379011 99 5281
8872485 75 8217
10942 52 8526
9359202 22 4710
388693 33 1075
13222716 11 9867
344163 56 1676
5579520 30 5988
8059994 53 4493
445859 48 4159
534016 91 4703
1 32 501
19333 29 424
7962312 86 6110
1885266 94 3074
18416335 4 6080
2071364 55 4256
3517057 98 3358
29142841 2 9828
18243 39 932
4681 67 729
21793921 57 8687
6500 55 2977
425557 86 968
137195 58 451
22035661 70 8359
124922 10 1254
12743465 71 7486
358121 40 1969
2239844 76 9030
218074 89 914
1079883 47 2320
28267929 23 8042
2824401 36 4292
335261 41 1238
742574 100 1248
2250670 57 2990
4145959 84 7621
649871 29 2129
7679752 17 4181
898150 89 2475
10767834 74 5377
10322365 25 7116
2962316 59 4930
5932365 71 5104
90335 87 3497
3608 76 2451
112670 80 407
170297 70 881
7737707 37 6227
1986610 10 2782
60402 64 905
1806892 69 3070
5664604 27 4933
19449 13 2537
4570 9 2772
15619991 11 8565
1541974 94 6513
14183812 82 5335
129613 97 6028
26300595 66 7869
4326683 62 6465
15902062 85 6822
2097360 88 4993
456517 83 9736
128120 75 9026
1 32 687
1619469 87 9179
1 38 905
8524319 25 4463
2110377 41 3905
4721564 83 9910
18204286 92 6111
21999451 88 8498
621303 9 1581
5928207 13 4480
4207608 50 3440
7253156 71 9457
20906398 51 6600
8150274 25 4832
14223788 84 6743
106992 73 8258
914386 30 2146
1132561 45 6901
28857780 68 9802
1052212 7 1821
400102 83 1838
1824472 85 1889
318764 13 8902
1 93 171
4339739 94 4201
2151283 35 6604
29923680 88 8612
3729020 98 6011
1244726 92 4281
654058 78 7036
748 59 434
534993 12 6809
10524474 49 8473
3083509 67 7082
1381574 80 3547
2168268 15 2769
5758993 89 8699
181057 59 4099
1175 75 104
12697634 10 7107
4599937 28 6786
4145806 62 4769
3003706 25 3968
9159744 83 6994
59453 54 2454
334083 79 1015
1454323 53 3571
1 80 8064
143917 56 447
1 50 126
28877795 96 8074
3985110 18 6914
5635088 31 9806
1 83 3585
1047932 26 8734
155536 93 5789
338814 13 1996
12312746 50 8601
1676610 88 2200
1320 41 3774
96578 41 1067
22840 66 143
412016 70 9572
969818 4 8528
17231185 37 9644
39749105 91 9756
522294 81 6000
12894288 95 8718
51358 18 1459
8857247 57 6974
108966 28 1091
12708831 17 7511
974318 67 9924
1651200 13 1931
1525107 46 8817
8794013 47 8523
229902 89 1812
5341588 37 7559
22663292 78 6649
1552394 77 2921
227198 36 5411
462708 34 9067
235378 13 5737
21007698 81 8141
1842603 34 6674
9841444 72 5288
416742 23 1106
6670267 30 6203
14978080 44 6963
520566 64 2360
121722 50 461
31304239 58 9059
969449 65 5636
5843 86 3294
14117297 20 5504
9086064 40 9557
191604 80 2344
13271148 51 8656
8168 1 243
19715481 4 9595
45557 92 4516
3554979 43 6514
588689 65 7496
23080 12 2206
19354 30 5367
15191458 70 6863
30533781 34 9670
144 81 773
6244188 86 5979
4861393 56 6783
11195985 31 5603
28584159 22 7663
5797170 29 5795
11202211 39 5954
8198929 46 9579
45237 16 695
8702550 85 8026
7462386 4 6537
507660 22 3813
5102462 53 7695
4887517 88 7254
28119 12 179
12911977 37 5426
1725121 18 4796
711014 88 1180
5882569 18 3776
14566579 6 6193
41844603 79 9263
3322 46 3519
3272632 45 4164
13637159 62 6283
216591 7 609
1389300 23 2286
5074785 95 3460
708432 27 6556
4486379 98 7939
2382004 77 9458
22190 33 1303
24297465 63 7489
16807 20 137
2411586 73 2200
556878 67 1811
5044260 9 3550
11368442 80 7180
681497 89 6747
5230624 50 3658
15032616 85 5439
8169677 69 4690
4554080 74 3159
135071 76 9274
270931 37 2429
10283591 39 5933
3770 99 787
24138280 51 7334
26040377 25 7507
1123600 71 4912
347505 36 796
2639817 8 6814
30328096 89 9920
1 87 7522
15811755 90 6320
1252178 27 5452
156576 84 1158
43577 13 2770
7248041 13 4713
5130646 78 5652
13055022 17 9190
7261084 68 4852
437880 91 4295
9272070 56 8755
3316481 17 7851
30710919 84 9111
715478 48 5745
4141820 95 7086
418684 21 2450
10833759 42 9956
30514318 43 9743
4966434 19 5581
312992 26 1147
1058223 68 4281
11745706 72 5361
1088222 45 5967
10236036 100 6019
7684815 86 5739
18740 19 4681
15441 43 187
96255 66 1369
388427 85 1522
61827 34 1206
9054405 52 5410
22856087 51 8091
1200651 10 2059
14733004 79 8792
180694 51 6766
32127220 45 8072
2010879 90 2450
4867363 20 9672
25047864 56 7757
9193600 50 5684
770279 24 2787
3987398 63 3142
424224 31 2164
259463 69 4298
252 30 3160
67996 81 970
2823 84 343
12526426 60 5005
84988 78 3373
3151948 81 3476
30148512 59 9753
1 69 9533
11263 49 1568
294633 84 2718
1702844 15 9675
26430 30 562
721768 54 4060
2382040 55 2908
1 89 956
2074497 41 4392
33941 54 1992
16418004 25 8122
521929 90 8796
1999598 33 1962
608184 66 4232
12185291 98 9926
2134542 9 4346
14932123 35 9605
261882 96 916
24143646 47 8900
10077676 8 6553
3417402 81 4847
99248 84 1593
186554 36 1587
6483 17 4261
276927 73 9012
803980 1 1255
3827903 61 3403
4016352 7 2873
16346685 10 7617
1182530 78 9727
1806189 87 5695
401030 93 1778
1282182 45 3603
14309034 82 5300
3286816 66 2868
6129703 2 6493
9639 65 3130
15112 15 345
2376477 85 3469
88547 61 6189
240975 97 6378
13693744 88 6761
385008 71 3404
34449079 72 9911
273065 94 1119
9987947 35 7360
7818953 100 5314
86810 8 9827
1366278 83 2080
881843 19 4213
364823 51 1557
1336781 79 9609
3527876 57 8797
163404 78 1615
15958 39 2785
476880 29 7982
12672 1 759
13494173 54 7403
20643512 33 7070
176546 88 544
3808340 68 6768
1 48 1080
36726 61 3253
59003 42 882
3010326 23 2814
1235748 11 2529
19379 62 336
94668 92 1213
4726246 92 6265
2795958 75 4220
4325 96 211
3193880 62 4892
26762424 98 7482
11655882 65 5835
10074718 7 6960
639112 67 1059
684703 37 1761
77702 80 8737
757702 96 1553
25525478 81 7731
2531255 91 5897
4581 7 225
10992 93 5056
1833732 8 6525
594223 51 1407
274047 52 5078
10360173 11 5949
7536127 7 6532
21 1 82
170054 25 6452
1477433 98 2876
4384211 47 9544
313248 33 2824
207443 68 595
3604652 67 2970
26040 6 1140
25523793 66 8353
1433305 7 6093
4776645 57 3509
3652923 40 6239
13177 40 7512
149542 23 3380
15270535 4 5797
11183 12 1526
4983808 96 8907
438498 78 913
7905142 83 5795
4573374 93 5526
4440779 42 6169
22238431 38 7537
820867 46 5693
41460 4 7459
842417 88 5711
21654952 75 8911
91794 31 9290
28941223 56 9758
12839594 21 6090
9597845 81 4373
35211282 84 9663
113382 4 4197
70019 28 465
13751 3 5146
3838489 30 5379
23162343 79 7947
8866626 24 4690
19876 33 8219
711943 16 2207
256280 73 1034
36231 66 177
360041 72 4106
9253445 94 8135
6456682 56 5523
376767 21 4751
489418 62 1845
2678556 20 5071
2234820 19 8921
105208 75 7064
88359 32 7381
2361846 49 3644
13586578 59 7806
4839382 33 6381
526591 29 6556
175459 34 1386
1954618 92 6943
17492213 92 8284
1 61 5822
1307034 69 1832
10881596 3 8355
504938 15 3036
12061839 8 7421
2367938 49 2168
31696 22 1277
108780 6 491
391520 70 846
2188728 46 3748
158900 84 7682
1172206 7 2293
1804939 14 4420
13019311 18 6945
99759 1 7271
10116463 1 7401
5595035 100 4388
18735439 28 6536
1010314 78 2957
10035 39 7320
10435233 8 7220
20402727 81 8485
1013179 43 5482
566807 50 4059
5495738 82 5356
1341439 29 2580
23404862 38 9161
64530 61 433
2461390 57 6797
215064 23 3449
967 40 726
184434 75 1079
311185 4 3674
48914 27 854
267358 28 740
2063039 64 8200
11230521 29 6938
197206 47 2237
8942991 72 8101
6301391 80 4928
251499 36 1198
6135675 15 9293
856018 67 3660
172947 63 2838
1145069 24 1832
1468441 86 2475
2438738 61 7962
3454642 50 8348
16518 40 1705
15734253 20 8148
909496 29 4897
1482441 91 2312
184203 35 4477
16934 32 548
44155 43 7712
22419616 33 8977
338760 67 2271
70868 39 1606
29519 64 8541
1538897 39 3805
815392 46 2501
10586 43 69
1502849 100 3534
4133625 8 7418
1 93 119
5516 89 533
7685293 45 5910
1699898 41 3241
2576364 6 4445
238416 17 7276
526013 61 9408
5246590 76 4539
3397 76 2634
4628660 74 3226
24693 23 4177
4820717 8 7246
7607466 89 8370
3645576 44 6112
19285993 31 7947
220149 91 3696
18797266 66 7915
28262323 57 7976
10898989 60 6280
560767 93 2352
3343819 34 9245
83485 95 8803
32271 47 3749
425271 44 9441
2189027 94 3485
1845580 72 4571
1021870 50 7406
688443 17 1689
223582 89 4767
28910 80 5143
23146819 62 7527
3449843 43 7617
3028280 48 4180
1373548 68 1779
164689 74 503
4826915 99 3979
4110200 20 4536
27437002 34 7337
60851 80 2762
14305315 2 7069
2062 67 1157
1019756 41 4244
7641150 29 3809
18807 84 1564
562070 87 1323
4390720 20 3000
14332370 95 5785
5625450 99 3568
2345248 13 7386
2156 50 4866
13635 73 2798
48567193 45 9917
28678960 68 8964
6247033 5 4019
1205676 68 2021
3631454 9 4530
1605183 22 5049
2082 19 8291
260496 78 2703
33506920 73 9777
1575878 61 8487
23865390 94 8207
1869694 70 6832
6988893 41 5154
4148834 52 8589
21412 14 126
7365466 10 7797
2208279 77 2810
24512178 79 6939
221293 9 3346
1797910 32 2098
130885 60 9387
4561921 26 5316
8259515 97 4883
4832764 98 5431
3470830 92 2752
1235637 49 1673
23197088 7 9435
1171365 89 7500
18609532 95 9254
851273 74 3856
1434487 26 2197
7120534 96 5170
1472771 24 4730
10536315 94 6558
3124326 72 5632
283312 29 4200
1 55 7590
1 61 1323
1594338 11 2027
3089699 72 7059
350877 1 9655
46713187 2 9677
14208682 92 5959
11432725 68 5094
29998 48 4101
199999 95 7264
7181996 35 5106
11777124 6 6614
32032056 45 9767
602 20 2223
196414 73 917
125705 60 2541
2999225 30 8132
404790 24 1167
199382 88 3480
143618 8 443
70037 65 790
14902422 20 6667
115748 6 1405
148672 86 1054
28040403 36 7431
1423387 1 4270
31913195 95 8069
5787533 17 4074
15896 8 178
10485063 42 6937
62685 82 357
44882 55 5817
597197 59 1425
225181 23 6381
3334846 63 9794
28308215 94 8801
873751 99 9575
430523 12 8996
29652722 3 8310
592284 62 4179
91363 80 5109
37981 94 356
126156 95 3113
3488004 62 4200
6661392 81 3608
15921 61 3536
31512 7 1900
18753391 8 6279
3390374 25 9610
4851358 79 7509
9611181 58 8227
28543485 77 7842
1597291 39 7057
247464 52 2222
1865504 44 9504
16233844 27 9758
14576310 100 5453
532171 64 4267
62227 92 1234
4056935 50 6662
4274082 93 7788
7422166 79 9445
11347981 6 8613
992880 34 6532
9575722 17 9006
41336328 51 9857
1770373 9 5131
7142905 51 9783
5976482 76 7886
575592 51 4587
19977123 17 6959
6890661 75 5516
27875028 23 9184
866717 6 3458
6427351 98 4994
21562553 83 8144
1954698 34 6508
6397240 15 3576
9026766 29 4966
6202 35 1523
6248175 59 8209
17578807 2 9425
417669 16 1253
786764 86 3383
1 92 1157
2203473 27 8176
662314 82 8444
8395665 21 6379
3069527 59 5152
549201 97 1142
424 28 2619
10222091 25 9359
1941 8 584
7275791 62 5963
4812261 30 8358
16710 13 635
33595 51 197
428623 53 3532
18676213 33 7017
60185 35 6530
1105385 84 1785
1909 32 3455
1250028 96 8737
38775 2 228
1098911 56 2272
291941 98 9500
2206 5 33
322092 55 1061
4174104 61 7282
5168809 91 6399
9706868 75 9666
11936486 90 6266
4824549 24 5062
3076665 63 2735
81890 51 1977
275152 29 5630
68495 9 402
7705891 62 5989
827037 35 8328
916524 85 3246
72222 80 614
9128968 79 6317
678129 11 4194
2406229 60 2284
6041738 97 5221
1329441 94 1613
9393097 54 5864
41811971 63 9759
1579963 66 8061
2338638 3 4758
8640761 45 4992
12499671 61 5717
23229033 28 8234
370118 77 4663
4988723 50 4609
4327490 31 3751
220512 56 1301
84303 75 2362
1086950 60 1406
447816 81 2568
8254921 22 8427
30064656 4 7735
2473108 1 3905
3754480 74 4398
1621405 48 8675
5938887 67 8978
11847343 40 7272
223479 13 9698
5417204 65 4039
20335791 13 9625
396343 29 4787
681508 29 8442
13239812 70 5170
814260 99 3699
904958 82 9765
161496 51 1268
90167 50 1655
11205871 62 8187
2167839 76 7292
1 96 804
2765754 83 7005
5642194 60 5356
6251531 25 6087
18422614 51 8347
1142230 77 3403
2776173 93 8553
12993793 27 9117
483177 87 1961
1295562 59 4579
43857344 75 9753
1736 34 5453
7892929 55 6020
616857 77 1409
1 31 273
5406958 26 7207
1738334 93 5867
803985 34 1273
434759 25 1048
1205231 90 7659
101954 76 2989
309270 96 1814
5471 49 187
6795 15 115
25516639 60 9069
22132731 24 8218
12009269 57 6496
6213237 12 8700
9066007 81 9038
4731674 55 6678
719221 68 1152
1689186 93 2385
2227525 27 3392
57423 61 489
8579864 74 9021
658734 87 7324
19633 10 326
12012020 86 5005
2172110 44 2505
461318 54 9406
290565 91 7026
748089 41 8332
41474209 79 9699
2917816 70 7347
12600843 60 8407
1275718 29 3806
14551868 8 9571
2780047 15 6284
7683098 100 5419
15396554 48 5819
2862 89 392
227524 9 1830
495597 64 1917
8233427 74 9159
480519 100 885
965823 9 5013
427462 94 910
4006 98 254
2589223 40 3258
1681946 7 3049
68151 36 5490
2481487 33 3118
4228918 60 4810
8370229 32 6568
1050733 49 9662
506317 57 2767
192249 39 664
12760370 64 5322
4686613 94 3879
1477674 69 2961
9688432 17 9567
1260970 66 2088
769223 88 6640
3911652 53 8281
62063 21 1118
12176158 93 5276
5393510 4 6840
16444274 80 6096
15352 52 213
1930303 92 2967
1474 9 75
3671588 59 3527
1 50 141
8533934 29 7085
5652844 90 5259
1684728 68 5460
1061305 33 9724
16903146 23 7101
16558570 66 6195
2753013 69 8811
3976028 86 4908
496306 46 7470
15404 46 414
7148815 98 5031
2731494 28 8180
1 76 1769
1991839 60 4575
1 20 2994
146583 95 452
180426 4 966
247928 2 2257
20387348 43 9250
26054 36 206
151210 74 509
3499436 26 2657
2435174 27 4886
1 78 468
1842465 26 2348
12163820 67 6632
4568560 82 4666
504142 27 5791
619 20 201
390800 10 2865
20403800 92 6787
1 23 9571
1464871 52 7638
63461 94 1884
113871 93 975
2242533 44 2244
11054717 93 7506
73435 65 4761
50432 20 9736
3199676 23 4582
4338641 96 4035
167453 87 600
12112618 28 7411
184589 43 5338
449159 91 7747
14317727 88 6211
1828701 36 7078
25009715 22 8855
288965 32 8643
4833205 86 5256
581977 60 1077
3112778 12 4342
1017021 22 1811
35948663 97 9462
398081 22 9740
11916474 48 6796
6391349 16 3976
17085130 7 6786
39529352 49 8931
1749029 88 2789
5309431 94 8951
7494 94 702
30453 11 334
2356206 4 5816
903577 48 7717
32884289 32 8402
20175 9 471
12128745 71 6370
9367040 49 5818
21965343 58 7984
127511 19 4437
42772774 76 9824
267501 56 1059
7512306 86 7727
5375967 31 6678
2808734 53 8419
532057 81 4755
11493707 100 5039
335190 27 6926
9009955 16 6645
3310063 28 5196
877123 18 1233
11682 83 2406
570351 12 9213
20063981 52 8544
1576450 23 2113
3306615 42 5412
603518 34 4089
28142 8 4889
249710 31 1299
10462 69 9276
339507 94 1815
13093758 15 5961
166984 22 799
33837282 68 9644
2362542 25 8046
11293133 37 7043
14845 18 2733
431248 79 2589
149604 46 1833
4076101 62 3636
1 18 955
30290960 6 7805
35942914 35 9319
3 56 6763
13687 93 3443
10593395 33 8823
1272341 73 1927
551558 70 1717
125030 96 1830
65400 3 3482
16269726 17 9088
173221 49 7636
203722 22 753
6634690 98 4877
1636186 30 3149
63923 49 2776
1967 29 1189
448031 72 8558
3502643 58 4723
3758510 18 2911
91873 2 3834
466959 76 900
54949 52 2902
1827835 32 2373
30349533 55 7717
3094847 65 4866
1299622 1 2075
1222414 1 8019
853670 97 1851
10766 60 3669
7621480 6 7859
1159624 77 2659
2747455 51 5421
1464353 67 5029
17110 69 7193
620187 32 7671
5073 42 1280
5789576 23 7727
911342 99 2881
1 18 21
19352 22 1188
1277820 10 2859
270423 49 720
34323796 28 8539
30314 49 236
68021 52 9763
4599886 22 5900
3213 18 725
9427 29 911
1348578 79 4495
2394802 5 8889
443605 47 1076
1045143 61 7294
15422872 27 6695
4293625 76 4285
6149863 36 8909
3064782 50 4469
3417662 48 9816
3222424 46 8988
1334831 86 3661
14791 67 1395
15440796 70 9981
28733 44 144
175247 67 1695
31288314 45 8010
88402 44 631
1436658 85 7329
94055 37 4307
3172667 47 4660
32170676 19 9499
471118 85 7864
9096217 73 5700
82419 46 5125
6046 52 7807
5000790 6 3144
2019709 34 2241
22104853 53 9392
591570 55 2506
1569992 12 1945
4329904 79 3334
4975811 22 3990
22763819 33 7157
1341873 99 3138
7140840 29 6603
4214 63 289
145428 83 600
6810385 49 4047
807403 60 1573
6357220 79 7479
2421054 9 3712
1632493 72 4732
16376690 22 6549
1734170 78 4551
20590352 2 8883
1822170 1 5855
791 80 1870
2699155 10 7575
656821 50 3655
261833 43 3113
3960419 3 9953
1963425 55 5715
2020055 47 4566
7501415 72 6601
460054 50 7496
1553124 65 2207
633544 90 1288
1125535 8 1935
4177796 11 5029
66911 3 899
8393 36 5548
13788531 66 9378
11313478 58 5363
3582360 88 8631
5343740 87 4668
24210 49 3385
1026257 64 6714
284234 16 1091
252323 23 1147
806466 72 4340
12702681 12 8725
7018 11 90
1036376 1 2538
1423873 20 2181
107076 59 6606
6866784 95 8284
565259 97 3007
2354198 56 2355
3658 80 230
54811 3 8971
4706382 33 5372
625388 6 9183
1194050 30 7418
19456418 63 7047
1 74 347
42345429 91 9794
1299093 29 5114
1353415 29 8169
13390509 34 8326
23212326 17 6821
344837 43 3713
57550 77 789
20295523 31 9580
66679 86 6712
188372 70 2374
9625656 57 5382
447462 66 7065
1200635 21 9224
941500 90 7019
65632 65 5140
130380 17 1149
7088845 30 4145
10547 47 321
4024685 88 4415
1337177 63 1618
308736 29 1917
3042763 10 5422
386276 77 792
97133 64 1611
15634323 84 7573
12731488 77 6415
1 25 643
448995 36 2324
701756 22 9204
1400361 11 1645
96817 75 3589
33802 9 207
7164613 53 4645
1988 32 107
371525 100 1387
1807362 72 8572
16500287 82 6262
20060385 23 7395
153541 26 597
720294 84 1599
720 8 1957
121 37 134
28654970 47 7521
714945 98 7784
15015920 52 8022
3098 70 96
9574770 16 5999
759964 95 7459
16117132 63 5693
2702009 1 2995
26705566 53 7328
10191157 72 6758
23019161 56 6883
3667459 89 6160
7705527 77 8154
221731 59 1197
27352882 98 9754
27886 28 7437
186117 90 5944
101126 68 9455
2997778 72 5453
577707 62 2828
42810 10 254
1744283 94 2516
46526 77 2379
327545 8 8004
95468 96 8651
11994313 46 5728
539576 53 2014
10079194 98 5210
11563392 88 7355
3932409 14 7211
115196 22 7669
1080348 44 5788
23769661 10 9088
11359602 82 7058
26763835 62 7701
5253268 57 7463
34959 63 490
1 95 2117
3357770 61 7228
9008814 96 6724
1657059 12 4586
7002372 22 6842
158202 39 5851
27465287 84 8679
33929423 81 8992
89973 97 5330
5395 23 311
6413893 93 8772
45314945 14 9522
40312 54 232
4981983 81 9715
4660693 91 4495
97795 48 412
4515639 30 6475
5084144 2 3421
1109741 80 3810
83357 66 395
527657 89 8335
9087455 53 9656
17961141 50 5920
135604 11 932
8508822 90 6200
7186 38 2009
27496886 38 8689
29864550 38 8866
1245339 61 2215
3084577 9 6775
10901736 94 5410
12154671 42 5399
90974 26 582
6165 52 116
5045650 80 7356
502811 40 3404
175620 65 1145
9120936 14 4803
136438 12 6529
14914056 13 9570
1854996 72 4065
10044 2 2394
315613 83 4851
1375402 77 3180
1150955 86 4799
827323 89 4183
3732591 6 3938
1 39 3859
137664 93 1139
12502671 82 6765
837705 84 3450
1166452 16 3982
11237 63 894
2237101 68 4842
69239 90 3544
1266273 34 2888
43784396 75 9898
2865432 49 5542
9377813 83 4455
96630 31 4492
17116 93 397
1003618 83 3480
13899957 82 7637
28026141 61 9554
648337 43 9867
59529 33 1644
1817592 56 4094
800819 3 2941
1388406 62 1812
1627421 99 3114
13044987 73 7583
11882733 71 5762
13164922 5 9925
14233749 19 9802
2252767 61 7537
2992 1 3579
840222 52 2115
9149843 43 8784
1964796 58 2508
29262 65 9944
577123 1 3598
4607227 82 7839
61020 32 929
3825228 67 6951
13860846 49 6962
29612924 81 9636
397397 50 7992
123952 59 1006
545 50 6860
15568 75 9811
708983 1 2796
538655 36 1756
1817 31 154
8803753 66 7393
642249 5 7947
15146118 77 7055
1535341 73 7643
4415269 78 8450
191317 41 6539
10473118 6 6516
24185280 39 8753
10499695 89 5749
2725506 53 6918
1862341 31 1910
358489 34 4934
657491 99 4688
1646080 55 2065
7565249 4 6787
15339841 77 6198
4358694 30 3036
9091928 98 8157
460400 84 2976
181038 12 1655
2443503 24 2757
3917 61 538
2373015 40 8582
729898 57 7627
37894 82 363
1 79 7603
1729247 17 4043
2693046 66 6959
2722212 36 9367
1258524 83 1925
5872764 80 5534
348887 3 3507
8799676 100 6833
12756917 75 5833
1726278 99 2827
645011 57 1363
1633341 75 2878
10277911 85 6644
28481339 32 9630
7065 26 206
4419181 81 3722
752384 84 1365
795095 27 8296
6982531 32 6363
706608 53 7464
263530 9 6594
41351 62 1456
857763 6 4094
7038168 28 5660
1142914 52 6647
3115445 41 2576
24452153 83 9144
161677 56 471
1 33 384
33394702 53 9501
1370927 51 6619
134688 45 3956
6062953 85 6183
21225359 63 7070
43526817 9 9995
7059741 92 4746
430018 76 3683
431194 96 1874
17373219 57 7536
5482628 73 4833
4620047 33 5252
19496977 52 6531
357823 47 1187
10083 81 4337
3503889 80 4527
30967 24 4926
15015840 18 8303
266107 19 3417
181944 73 7791
4469579 48 3919
752563 39 3192
3059643 96 6694
24543 97 1678
9733647 58 9563
632548 84 1237
18018711 85 7396
1229890 63 6264
22843 33 1305
1501150 40 2342
1176974 32 9300
220892 69 3732
1527340 29 9349
63568 88 7318
5129800 44 5719
11436862 17 8937
77389 36 628
10333953 76 8530
76905 51 1552
570577 54 970
34358035 34 8606
6704654 50 4548
2980640 28 6969
10676407 91 6199
83005 34 1526
462964 99 2197
66084 66 551
4387644 52 7239
57880 96 4979
7579 89 594
1071299 12 1659
24725 80 4298
56576 49 1388
3231406 44 6714
1966 16 2014
1 50 4140
21533951 50 6673
127920 42 1018
16118194 21 7398
42891 94 264
947482 98 1490
1417666 66 1787
405612 57 978
1 13 174
1404806 50 4976
1489637 18 2402
1 53 1440
71218 59 892
1586720 51 2834
15026134 43 5738
1405690 70 5326
7466666 42 5076
40363038 55 9721
126999 48 4195
1 91 1740
1485591 51 4413
8981006 51 4214
25001169 53 7409
584942 86 4735
23658202 86 8857
6435801 9 7275
460152 24 2466
7145401 31 7360
2974053 7 4541
384287 5 2457
183389 30 8120
14173598 97 7623
1189143 12 3722
1245394 42 9481
282839 98 2754
10617559 65 5998
37821 57 878
533032 76 3034
4037029 45 3597
1697559 24 5205
5061425 67 3743
1021133 46 3077
285189 99 2036
5763590 79 4867
22172728 53 6871
838094 68 1305
1132217 39 6498
736802 67 6202
999578 83 2571
1316148 18 1883
1819214 89 2775
3007546 45 8463
1 65 572
8110 28 1200
3847 33 533
2635454 87 6873
2217393 81 2533
3859255 95 5385
18045 31 168
301330 27 776
19941891 84 8129
5144553 80 4100
1 40 2510
8002517 74 8336
7744175 25 7719
5949756 5 9104
1406489 73 2192
1752744 7 2208
28401 41 922
13376387 11 6354
414611 74 2005
139099 19 1267
5088875 35 6351
152183 62 1708
10817218 10 4733
2791715 50 7362
7064191 34 4861
611180 96 5961
2981262 62 5814
1 63 6262
200376 33 877
188309 92 7308
1899707 21 5389
166354 70 1774
51123 64 1139
2954411 51 5319
12497 85 400
8388336 38 4556
992236 83 1570
778032 50 4938
5790168 74 5308
32474621 84 8056
138160 38 3002
55477 41 425
639560 63 3738
4290068 99 3591
118029 17 5610
850046 35 1906
3403478 26 7239
18409257 45 7462
8153773 2 9123
152724 42 8299
1094674 5 7725
87676 46 1327
8095747 67 3958
23242102 3 7773
6619444 62 4351
2191421 22 7641
3019 48 4037
77740 83 755
4090786 70 8362
2459170 62 7642
32888 9 381
2773733 44 3947
341843 1 2716
10604974 50 8594
302 27 1600
3197077 100 5671
17254745 95 7111
4448636 100 3655
95337 21 1226
400705 14 1210
97411 13 510
6256285 83 4067
551627 54 1892
2103757 5 7518
19309676 34 8171
7143276 86 4794
7535182 21 4660
360862 47 2586
773881 49 7686
176885 17 7643
29782926 5 8568
1592847 69 2158
1252177 87 6684
6067804 98 6725
1365083 14 3158
108350 64 3777
11739 91 840
319470 29 3240
6916269 42 3636
6274441 83 8220
339236 4 4607
25032442 20 8801
11948461 60 9711
23527095 31 8092
74428 49 867
131435 34 5509
10249676 74 4442
2540804 53 5981
8622243 6 6974
131946 99 3763
2331023 40 6607
5796342 81 3373
21471544 5 9172
24504882 27 8854
125539 25 937
9595419 35 7714
1314987 5 1660
33346 19 9052
305003 60 3434
2360039 62 8862
28378 2 1088
10711425 9 4698
30296 41 7616
7948415 60 4522
42098017 59 9578
10981712 27 6701
2267027 10 4698
11899442 80 8469
19793 80 1028
1442 49 309
1630370 59 6857
20422156 6 7396
4106581 50 4355
1659330 89 3448
34130 50 530
4699836 31 7361
2685351 73 6543
4811790 43 9170
214626 12 1743
9952 16 4218
28938967 76 8536
10449498 39 7917
291799 32 2260
131427 62 2713
298730 5 711
148981 94 5901
5456372 51 5222
1 10 129
12155478 67 5740
49132 5 628
13951443 38 7864
1131670 66 1442
1267953 96 6409
5577 3 1523
316726 53 3814
5846320 23 6322
104956 82 8183
16499238 3 6142
7699051 77 6771
10636016 66 7241
19897 25 794
23698 74 3077
6120 30 4156
10907881 6 5024
573752 46 7933
30381148 6 8204
333702 80 874
187433 23 1926
894687 27 2297
15418788 52 6612
783149 10 3023
4377578 51 7161
90407 80 8222
40748 85 3188
10413231 6 9289
3617015 71 4645
40026 50 3636
11174331 47 6115
893430 75 2099
7855665 38 9104
210793 100 1467
2105855 22 1956
12307225 99 7833
5122601 60 5303
1164986 45 5867
2167432 7 8138
850684 23 9143
45077051 95 9677
26507418 100 7323
5745191 74 9625
157882 33 722
5357537 70 8737
512965 77 7757
1 64 1924
450953 73 2761
1352046 9 3630
1104538 48 6415
85002 35 3825
47855 71 537
2240763 95 9184
6790411 44 4290
10480646 91 9686
9140399 26 7669
1321266 98 2082
2892358 14 2394
13377591 61 6298
1 88 159
2277648 90 2681
16295981 35 8198
1259470 81 4485
1912081 72 3040
14946358 25 8453
461329 49 4242
971674 26 1849
1223 79 373
33850239 14 9884
11840026 36 4895
18320 37 280
372688 2 3460
92275 46 1203
97873 97 6186
22286760 14 8837
4691739 86 5235
999708 81 2824
3234511 33 4295
490469 47 8257
3258 98 9634
24366654 9 8923
19309356 80 7252
8130 80 764
1396010 61 2033
25048507 69 8939
129875 1 8304
1818325 93 3175
43489 87 7334
12773 59 1103
4823 60 363
51620 55 837
23428699 71 8827
998459 93 7100
11780810 28 7565
3534182 10 3099
39771208 84 8832
199208 31 3403
3070 57 756
4941 62 1797
108600 97 1582
1391820 100 2879
2091557 18 1946
268942 80 3000
76127 46 5744
2735717 7 3161
1675674 10 8062
34359 92 252
659482 87 3004
4861641 77 9041
28507710 20 9652
391018 24 2513
661241 6 7655
64213 95 855
39817901 95 9876
1986225 88 1931
339818 91 1528
108997 53 504
103933 22 509
71120 29 2795
6286161 68 4951
2583682 37 3135
1987757 38 2486
149961 15 1364
442518 99 2063
900257 16 5557
27711904 28 8605
264978 99 8419
4474469 1 4325
215869 32 2397
9056067 76 6126
9022644 68 8393
1813257 3 3115
129751 9 556
259823 11 759
1523155 52 2923
704703 74 2734
42900284 76 9883
11324114 97 5402
3950762 19 3096
50958 90 2229
4435146 29 3421
6558689 29 5425
3335375 53 6403
71105 76 855
4416860 41 2973
11072397 43 4959
5262 46 330
163309 63 4566
21473266 11 9678
2408890 52 3637
3357726 86 9515
643062 11 1714
7115 21 8364
102268 36 7383
428617 29 9322
203610 46 2950
1 48 821
219291 28 9681
2544161 30 4622
15845 13 9987
18751023 39 8731
1616423 63 5991
6121180 25 5479
7025436 9 5254
18506511 80 5987
146147 35 1986
1549241 74 7855
10129835 6 8177
202358 87 4506
377477 28 7709
10924678 25 7101
3069124 81 5464
5991627 48 6045
38667308 65 9697
7382914 7 8491
20367 24 3078
1617670 70 1824
14734674 48 6449
2773276 43 5412
3758 9 2941
5611322 59 3313
6392726 59 8368
154873 84 1068
1074 97 1337
277358 97 3336
14917 28 683
1003236 75 2301
10146284 31 6518
10637958 78 4830
21221530 70 7859
423514 64 1975
33437889 76 8488
28008 53 1651
362733 26 1374
26965 87 715
2120898 43 3701
1909730 42 8496
32438929 87 8314
1346394 49 6572
3603214 37 6589
5183445 48 6693
9567446 47 7238
109822 54 587
204054 79 2212
12357797 54 7897
4558283 39 3175
1998316 70 6503
5616627 69 7501
4780913 96 9554
3035967 23 5830
7449621 8 8308
7076966 41 7504
1955910 66 3481
4988119 83 7199
20059481 64 9403
1309181 51 1898
2412542 89 9590
692532 18 1856
4272606 64 6711
2777364 39 6252
3457493 29 6775
1 94 300
51530 16 7848
10676814 73 8081
1567560 6 8194
15029848 67 5538
26096558 89 8998
994914 1 2080
460284 8 1668
11332424 99 8284
15375161 48 7209
3645567 7 3180
38022 91 361
10801230 45 9599
7108432 47 5295
4815789 40 7121
356685 92 849
61938 45 9193
119771 4 2051
4944219 100 3839
1232760 45 1559
434739 35 1251
72139 42 697
106618 31 5801
278620 86 6376
6260675 4 4807
56577 43 3359
4679444 24 6610
4592747 82 8633
6104935 2 3699
967215 80 7676
155202 70 4159
34184232 58 8237
15928842 83 6737
1347398 60 6766
321423 29 2329
845 69 571
24800371 55 9689
15826229 71 8550
20357997 26 6432
1656355 38 1993
368452 14 7147
2094243 30 8425
753637 76 2951
44005 75 4656
72608 20 664
2186 97 1876
1651044 1 2599
290668 11 6032
30969 94 172
1271077 71 8662
7357144 27 8014
5736314 70 6002
540139 17 3494
1309070 1 1778
4690169 17 5301
33250 75 401
1247835 69 4687
4066830 1 4116
3113452 14 9906
497 21 577
198886 94 2464
30982759 8 9786
4700 71 73
33341951 51 8067
2711483 46 4939
556 53 9859
105567 76 9003
3435408 37 3546
454324 29 1456
10620988 53 9546
19351563 94 6390
16105 28 100
9535907 48 9304
415306 50 2183
10346426 51 7076
1702019 2 6884
6786016 35 7262
25348 73 1582
88010 5 3870
20713034 37 7953
5715859 81 7050
3286098 70 4174
184588 28 9054
1540427 86 6654
3657723 36 3074
12655267 55 9470
5054996 50 7877
12371476 39 6173
345305 47 4791
2774953 71 4380
7036 15 5662
257011 82 3332
8335305 81 4633
845223 62 1547
824486 42 9161
85088 10 1050
446207 17 1787
39101 25 3178
3371897 24 6232
4723164 3 3945
12540864 53 5976
251128 3 7316
15417342 53 8018
4985264 44 5857
262559 4 2164
4975803 64 7480
226038 84 9308
7842314 41 5197
3411167 62 8907
22487425 30 7479
4972050 70 3181
17761119 1 8192
3333329 48 6034
5265697 47 6422
17574317 91 8718
3832892 58 7823
14369322 17 9211
10890074 57 5143
2485342 85 2619
2849624 42 5132
11351837 97 6828
41254719 14 9203
231264 1 1013
1805 69 705
1927333 100 7317
2118472 23 7175
6524526 48 3894
2510880 4 6624
53621 1 877
69510 38 2566
25613181 64 7284
124742 79 1079
297471 51 3378
1 81 2334
216301 57 2216
29036943 60 7558
2525658 44 3623
319269 82 3072
9333378 21 9000
1 86 239
7590805 69 7586
1704883 83 6879
18910674 44 7624
163991 51 9266
541941 90 1307
31410 83 1433
19149457 84 9880
123121 87 7462
2480076 13 7133
19614134 52 8035
131941 36 1072
1 69 3892
7921201 9 4700
7548644 91 3999
26708 69 195
4976129 98 9813
228834 40 740
12276212 80 9791
6940553 100 6457
371487 59 7901
9465544 58 7487
982798 96 4281
3074014 12 2899
1518682 56 7361
4457083 69 3333
36484 64 214
4096407 93 7080
36551 78 682
21134506 78 9641
391526 21 4487
12128297 30 9018
22305798 88 9221
19837552 82 6599
460986 78 7831
1 37 6373
206178 80 1072
4836021 99 3070
8324148 3 6342
21489636 63 9924
12082596 64 8141
530145 63 6213
849127 77 2783
41553 13 7712
276785 3 5044
28932208 80 9192
48841250 95 9889
1 94 646
18914603 28 6298
587277 37 3136
210358 20 1327
74797 7 2021
935002 73 2089
26189403 80 7342
6526907 80 5683
3996534 98 5307
2833892 11 2672
106259 20 623
5068326 6 5431
257732 10 808
16953 86 1636
435532 46 2014
603523 88 2503
5434464 9 7586
1 76 1524
5400870 37 5285
796476 31 5257
123315 92 3362
39487956 6 9724
4429459 60 6082
434602 80 8370
249 32 1657
56519 88 6890
12647772 22 7201
45489 30 408
636717 52 2222
3366550 17 4555
4312004 62 3810
1636625 51 9672
251137 10 3816
4780819 49 4961
12156673 42 6648
1195218 27 3509
46498 47 1180
544215 63 2039
481484 27 7053
4463512 87 8002
10829320 39 5790
26499 59 471
1880061 77 3794
202773 70 742
13220 52 1327
6991083 25 5600
1431398 86 3685
2372242 41 7899
33079684 5 8657
280898 93 3102
1 50 3095
23830058 52 8311
12760718 2 5908
236865 80 2752
923216 75 1476
84306 47 888
1988714 89 8094
642590 7 2026
1435017 87 1762
70 66 1770
33289600 39 9500
497905 99 2534
1 55 818
1995475 72 4043
335727 38 1680
149453 50 1721
11758855 8 8247
4378 81 5222
9138 85 1251
2368026 67 2537
355908 52 2595
1464189 76 5662
133879 7 5015
113106 79 5018
1998702 53 8182
1378680 99 3106
3237718 53 5180
5699273 25 9504
108881 33 7960
486595 41 2680
1233681 98 2888
3192539 12 5109
1 87 2404
12031650 14 6238
10053867 38 6269
132426 78 761
21838608 85 9613
29329103 58 9640
7732329 50 9210
2296323 33 3093
32295 76 1421
1010363 66 7847
1324208 17 3774
28625894 49 9471
18767189 64 7625
39237 37 663
574073 51 5454
7912433 37 6821
1368669 77 6628
1 21 603
6481564 1 4943
375606 63 4720
8755180 35 4766
814091 63 2481
27157078 82 7979
19945336 26 7446
4898771 15 4660
555724 52 2801
994753 78 8251
172572 72 6898
15188735 99 7766
14246 15 1169
3905 26 205
7642415 33 4826
13999149 65 6565
235151 100 969
7764119 48 8402
14613394 14 7658
221398 12 2463
5137570 88 6974
19263166 25 6533
186723 2 7221
4672612 26 4384
5116725 2 9159
26750157 69 8224
6224182 52 7266
1394131 74 7554
513386 83 7634
1 93 835
165252 80 1442
1 82 2181
14473954 61 5429
5862530 7 5523
14527525 69 6806
1723002 73 2453
184421 97 4870
15161 20 514
29283953 64 7611
23549899 36 9870
4173925 26 7808
8970734 32 8015
2615609 82 5898
473083 24 2484
20543506 53 9119
2276365 33 7691
3177599 44 5947
6538725 9 4896
19502267 18 6357
1219413 61 2966
1077981 20 4556
628951 72 7145
17850233 68 8218
16878331 71 6805
21646321 76 9728
989865 85 7364
167484 93 725
2055848 47 3547
4406980 66 4107
650605 93 5441
6081050 69 3631
14684646 99 7080
8050879 89 8236
1646362 63 5581
709202 6 5869
636881 95 3589
1565721 59 2808
10475566 17 8617
222274 31 1354
24630 16 8617
2531172 26 3075
9966727 80 4728
591355 4 5148
14300496 92 6286
18230 86 4072
15132891 89 6179
953200 42 5467
18818377 28 9129
15045177 69 5845
21800815 30 9508
681033 25 6392
233727 100 7614
127035 30 478
15978553 94 5591
3079783 17 5170
6455948 9 4762
9663565 98 6088
6764038 71 7010
16117161 81 5684
502538 13 3528
1303029 99 7232
1754529 13 7999
1919955 41 2925
458500 43 2129
2337653 33 5630
1 52 488
1001172 91 2227
821548 34 9995
4140975 7 3679
2383878 39 8001
32178 3 3705
1961127 76 2487
78182 69 927
243321 70 2915
7102854 6 7160
7853 30 3097
938997 73 1518
17660769 32 6282
4832854 64 8633
1662856 36 2279
229578 30 743
35023157 84 9905
25754173 42 8760
453436 3 2504
1712521 41 9048
773307 98 7037
7657446 47 4819
14141727 71 7940
4967563 16 3645
285053 7 7111
1839 47 2957
5800016 62 5929
13082647 77 6652
20710 27 7216
834504 98 2579
3098163 34 5489
8136798 51 6065
12799549 94 7803
1300345 15 3099
2586371 32 8779
3277211 9 3501
1055073 64 1944
3094 12 372
1476445 71 1760
3806207 54 3813
5218899 41 4676
193240 75 910
456781 82 4422
136096 21 584
3106901 2 7688
13360 91 4009
19068411 35 6748
1652626 81 8722
4620241 15 5075
793146 42 4634
22252643 64 6864
11960347 96 7123
727867 31 5514
60652 19 7277
155782 50 2837
2478716 82 8534
32038045 34 9635
20834226 55 9190
2447331 82 2227
11653591 94 5665
12943378 23 5328
330516 85 1070
1 81 5156
302831 80 3367
550653 38 8592
34283 91 739
3488921 17 3163
1246 22 36
5089091 93 3353
181609 50 1421
10926120 19 6126
48484751 30 9945
6359459 41 4309
36379754 86 9572
19260865 63 9954
6970195 99 9187
1387036 45 7038
39444568 56 9822
9490 23 471
16712 89 1696
5762831 64 4774
454045 16 1347
256675 86 2129
2246113 9 9113
2055474 6 3436
581374 5 5677
2783849 78 2728
151277 68 4120
35066 96 2177
41742866 70 9876
34504 59 1195
22435812 29 8481
3120240 48 6781
210477 37 639
1734590 59 4563
971090 76 8177
1381726 37 2763
34295594 69 8312
4722212 4 5487
32898349 6 8845
6757982 64 9577
8214 22 257
1903929 63 8343
33710923 18 9825
2435656 68 5817
29577735 76 8601
351944 4 1758
19835285 62 7566
5234183 58 5503
250927 72 1108
4550035 91 4503
799 69 214
342627 83 7732
1592899 35 6120
777091 78 2815
60285 42 541
1732186 70 4613
1554598 24 9442
1449690 22 3212
5423868 88 8726
6104472 26 3939
1925675 87 2541
389224 76 3360
31050410 9 8367
1 25 309
10338122 26 4569
19992742 82 9792
32820 85 1429
3230044 10 8336
4108352 2 2869
6790339 14 5666
814773 49 2082
414821 82 8210
96059 66 2770
4444197 78 4835
10525822 21 6295
2551064 63 8568
3278 87 731
1731347 19 6627
2853177 41 5233
1 90 137
2822660 35 5454
7311109 91 5135
91604 15 385
4123892 46 7728
33161277 82 9614
8019252 99 5345
4554026 86 9606
3269 13 1191
14251113 72 8959
5686462 68 6309
3214519 9 6676
2009129 58 9243
42984781 37 9691
409954 56 940
23561904 96 7529
10287079 12 5738
1069330 30 2124
18629035 70 8591
1275483 11 5763
581109 24 2003
700620 15 3921
115466 74 3225
91516 74 2549
76679 28 4677
70039 46 789
6937655 11 9693
1891036 70 2195
22530511 35 8277
664794 36 1181
13756 44 768
8149017 79 8781
4647144 30 9664
508556 44 4710
15953934 38 5975
2247001 38 4758
350327 26 865
1 35 213
25246111 60 8346
362980 21 1791
6646965 94 6367
32222 32 595
9261955 92 6366
15618 33 2412
26510516 92 7405
11207 89 2373
950203 79 3326
666533 44 3690
2219446 51 4682
47119 65 3066
645773 5 1266
1209793 55 3334
14174022 16 6561
2129337 56 3037
21914 72 788
2667331 69 7307
38800487 87 9796
10791411 74 6660
2753565 11 2300
19195 11 111
75280 54 754
1265612 100 6074
2841487 29 3472
9970208 93 5682
69464 12 291
1236891 80 3347
7505880 82 4341
2867146 41 7083
22112 99 2639
23586297 47 9131
908485 17 6095
8009939 64 4184
56270 100 1565
104374 97 1043
7115915 5 4718
1479340 13 5366
15971617 34 7067
8889815 52 5238
5056256 18 4683
14246310 8 8556
24536827 81 6997
19188145 62 6557
6576002 58 5234
554980 97 5566
2474262 69 2422
29847 71 230
6439864 90 8223
126608 4 1876
4643090 61 5947
6044711 73 3786
11404154 96 5514
1778532 11 2214
2921505 50 7150
27778 17 1361
7061039 87 4728
5169446 30 7213
3428939 44 4220
4066258 25 6672
13333694 30 7326
4846390 7 9779
287640 28 5523
2350495 2 7101
1893 52 171
27915 68 648
21829753 15 8700
136305 31 3843
15507207 40 9703
69780 24 1145
21844094 24 6834
757251 12 2178
10589898 89 7043
38170368 43 9201
487600 44 938
104711 73 744
5310015 8 5589
5888091 66 3689
1699077 53 1777
12554 77 6554
26160 80 146
35177 77 5147
4249427 58 3863
377488 29 816
18167 12 1676
3930731 91 5504
156164 32 2276
366550 79 9817
11088160 17 4811
40316 71 577
182449 12 1775
1846739 60 5537
12305456 65 5213
20199680 23 8075
4443440 3 6251
17857538 64 8399
333538 7 3147
385393 37 912
1119410 81 8195
5569990 76 6722
27853684 65 8747
9306094 41 4794
508232 45 1112
151705 77 545
118623 67 1279
592540 26 7068
1088065 82 1782
2313498 26 8209
883611 85 1910
20708595 21 6701
3951831 12 3678
522640 68 8209
22014 52 7252
5132438 70 9278
3070475 89 3449
230383 22 8294
6361278 2 7871
799290 45 1295
5544109 6 4023
474036 44 6403
12945826 92 9798
1781020 14 8041
4799576 99 3622
14690616 68 5621
5488564 41 8556
1377933 22 5373
1330552 98 2750
3625073 69 4588
41785263 38 9965
4360564 44 9157
6878339 92 5026
17187679 19 8246
1678887 80 5894
43433574 70 9314
10037948 68 6511
352252 38 2384
528812 43 2272
5634662 52 3694
763882 51 4026
4312870 72 5583
11606310 44 5051
23174469 91 9751
195587 13 4608
1073363 64 4212
65720 97 545
258507 51 6116
17394326 5 6048
10053 70 895
1084471 88 1731
3533838 21 4374
3731069 41 7586
471799 91 7956
5203466 33 4880
598904 63 4024
70053 13 1844
715858 4 3319
12741794 17 7589
3055570 66 2968
13221 96 755
1965685 20 3662
24213119 22 8140
1993756 93 2080
11547545 19 6746
123363 4 2007
1001876 71 1648
1848232 45 2599
12930841 100 5104
1059169 32 8095
22090922 35 6689
1 79 769
1163010 6 2310
3062771 57 3258
461806 76 4073
932148 18 4474
9236851 24 5361
12413997 5 5928
546058 68 7542
5798293 16 4208
23515970 37 6813
1 27 145
40664 60 504
7718 65 395
13277025 41 9299
16623 67 119
125146 32 827
2924027 38 2529
6363501 10 4235
217937 39 4658
1534652 46 3532
173415 55 1534
132771 71 2298
8967669 7 8606
158584 82 3976
230146 32 2110
12451706 59 9758
7904738 22 4832
79545 14 1602
49726 88 6321
395433 18 6368
1 80 81
36736121 67 9381
2972781 1 9758
113739 82 463
2544450 89 8675
41812648 72 9128
369062 33 2709
1 25 3193
2973538 19 2463
1064136 8 2277
374140 61 864
3135005 14 9009
2485480 64 3617
346664 61 7036
17012821 91 7202
10456337 71 5406
883629 96 2445
659791 54 8965
13884 57 86
9842703 23 8521
1319936 74 5912
117823 30 5037
27028540 69 8936
24921953 68 7140
2272074 62 8992
181687 51 3109
2820666 3 4634
6945870 65 5235
9459235 71 9272
247425 47 2147
9641513 20 4846
7382687 89 9861
21340489 61 7352
15635855 11 6175
164557 84 829
1 18 5574
27790899 16 7758
20747882 57 7795
94744 28 791
15363 7 332
2067185 86 4784
18124656 64 7028
889783 100 1501
64160 73 2777
9514761 2 7350
890380 58 8695
1404262 48 6959
4863776 74 4002
478272 52 1196
46321264 26 9847
17017 56 1666
5161808 38 6744
4579994 17 6400
163149 15 4132
14416629 25 7566
6431891 23 4611
3205451 22 5566
131918 28 1312
526829 20 1085
324070 62 892
10323747 39 6996
5381643 73 3587
7759071 66 6649
1275267 70 1716
368255 23 2824
1015446 89 3069
47043 9 1853
14523363 67 9493
1518341 96 5497
335674 5 2165
1974482 44 3339
124849 22 3636
62330 58 3540
1073609 56 5633
647613 83 1093
1320818 53 9620
4437246 74 2980
9315369 86 7134
10042058 94 8399
23917 53 1858
268362 33 1320
4295685 29 9958
7348407 68 7075
95008 67 8870
2823345 10 3935
31465663 68 8601
328329 73 2577
4980627 25 9018
18132545 42 5997
4746176 54 3964
33978368 57 9045
393203 48 9085
1 49 1240
1952400 89 3493
9498896 88 5292
10900992 42 5530
20216424 27 9713
2713 68 410
7453737 30 4024
3219467 34 3785
6935610 69 8195
8802479 99 9034
4217223 6 4527
1251307 59 8397
26245313 21 8018
16194 99 793
5699670 38 4245
2578585 94 3144
4410262 88 3090
2005544 55 3005
323849 8 8706
1942659 18 6054
34492890 26 9866
1758369 44 7903
771374 91 2323
339841 90 1938
5112442 78 3216
90377 92 3416
3343224 26 3353
386470 7 2004
216328 87 1143
16936148 27 5998
123153 24 488
6899100 64 3780
27531 82 8977
8230003 77 6868
1128852 55 6332
15026 33 179
7444698 15 4867
1232741 34 9618
3664458 38 9071
501840 57 924
20074102 35 6934
3705743 25 7084
847397 31 7472
1492918 11 5106
149124 87 2779
1881015 30 3232
67733 68 3139
407618 79 4040
4611 40 496
2463092 32 8801
17870267 92 6379
9764095 91 8055
7360459 25 9689
2017364 7 4835
5698273 57 5637
2150 22 3476
2989544 63 2721
2780089 95 2331
524925 45 9557
1 65 8706
5736208 66 7871
34623642 19 9480
5665402 38 4811
1949616 46 6257
20718373 58 6907
1 79 1814
198 10 665
566488 7 4070
147 31 5802
534175 11 4857
22660733 84 9874
4317953 12 3290
835888 84 7136
2461544 3 9762
2329435 25 2568
5358715 32 8309
1126614 9 2744
2242757 39 9909
16548750 38 6494
12715022 76 5956
28188137 25 8053
3088893 47 8292
12038777 87 9336
7971155 98 7241
3137 38 3211
1649494 70 1908
1095431 81 4984
8212037 16 9160
2253278 97 5620
1114067 30 3316
3949784 68 2792
34506181 13 8946
17399362 22 9039
27568129 95 8614
1862329 17 6649
551627 82 2449
9076273 80 5313
29921 75 1076
1227253 62 2443
17248096 15 8811
2069898 33 4301
2147380 96 3484
1064147 94 2987
5059 77 422
18627277 28 8678
511531 65 9727
5484272 74 5875
5567723 55 4528
310252 53 5009
13723014 27 5268
6494363 6 5780
2044291 66 3523
77537 50 1615
1821603 26 4014
25586 24 5712
5617897 100 6840
25095618 76 9383
80543 25 549
61370 3 732
527875 34 5279
92941 78 616
5341203 42 7295
249282 67 2443
1 55 3131
14304919 9 5264
123583 35 8884
18676403 89 9115
10999871 86 7952
4711082 48 3839
5841477 54 6558
13189 84 6993
2227276 3 2765
1332239 94 4171
345712 6 6847
5240239 41 3379
1064919 21 4744
3820578 45 6077
902364 26 9709
11187692 18 5903
452919 19 5628
37772880 2 9574
3624130 54 9843
877488 99 2000
39143 81 7658
43447 78 1169
120676 58 1785
3706644 52 2695
8903639 5 9305
162503 47 5700
103934 69 7055
2652593 72 4689
45300 59 2882
2270 87 157
1 73 218
35619 81 8029
8443 22 5923
696256 12 2271
13953 74 818
13716074 79 5724
18317580 37 8415
16865579 1 7756
7187445 2 4930
1523779 82 8695
2434925 33 6898
8434957 31 6453
3820050 78 5129
892804 29 2100
5122336 96 5580
217937 94 9705
3064793 93 7851
1 73 196
27166922 73 9233
36801 62 5940
5294921 56 4806
1839891 99 2277
1549937 40 2758
238134 39 3945
38825 95 8670
1487670 20 8237
26951221 74 8036
18388924 76 8118
70424 43 959
51247 100 1198
17857409 19 8097
590675 20 1039
15895692 13 8418
28757794 57 7896
373011 88 1244
57253 81 9487
3174417 57 2499
14752 10 220
106337 5 3322
2186587 84 6926
35897 55 3346
25658585 73 8356
538672 20 2956
1546308 37 4341
16866738 21 8641
1551429 53 3245
6065741 92 3940
3673579 62 6051
1781656 92 5649
765171 31 5962
2082781 17 6505
253800 66 4803
14518145 8 5367
5520598 27 3749
22207279 50 9400
962121 69 9246
251601 85 1132
2156652 24 5853
12190004 72 7988
4484768 74 8749
3665038 4 5680
5262328 89 3639
32905 81 7681
927851 89 2794
41997 97 1618
393520 63 1643
403001 49 5806
117515 81 6112
4785065 37 9768
1254396 54 4620
10988036 91 7342
1454796 46 1817
3502 64 8174
24064 97 728
1453349 75 2004
5602978 68 4036
1088953 46 7530
58561 7 900
7813194 82 4148
4420245 36 3518
2198961 2 2349
3960585 76 3292
1698753 73 4390
155311 5 1092
1856092 19 8792
22264022 5 8026
5312757 85 5659
1564809 47 6260
33725 26 216
692701 7 7571
43094191 9 9346
6074272 66 9584
2174808 91 2472
2189062 78 2244
2014318 74 9327
6216381 23 8111
339414 26 2108
1345182 92 7835
28303704 44 8780
3142226 69 8230
2356783 84 2612
876301 99 8455
33685 70 5428
6832200 98 4015
6606896 53 4272
14854527 35 7394
256384 20 7235
3432894 40 6662
105071 92 1317
14830453 39 5563
23068 46 1695
5488673 6 4033
7868009 27 6316
13774 20 1662
10814780 39 6394
1184549 28 3880
15350902 40 9089
8493258 15 6573
29082621 51 8032
930332 17 3023
746294 70 1534
32737975 57 8749
755936 61 6885
1840259 60 8070
245349 90 4859
9029509 54 8748
7557329 59 5492
13981330 8 5631
1351172 43 3199
1506913 23 6771
1364132 24 9950
27663170 37 7685
5624751 2 4656
1703594 27 3538
24695232 23 8229
2217666 97 9634
29134337 56 7547
6763730 23 4236
459496 57 1205
743 73 6629
2508253 56 3772
1519922 61 5007
1475 48 502
14469590 85 7612
2518089 95 3146
1374 34 135
2665544 76 6043
556453 13 5257
19375318 79 7272
493950 65 7309
26705 17 136
24492 36 4513
2295360 43 2986
27994583 50 9894
618120 93 7125
81633 38 863
4398 42 112
14026420 59 7040
12999424 59 6080
21240881 15 9189
138 79 847
5039257 92 8179
390604 43 1692
3710484 94 3647
7889707 78 7483
399930 32 4704
5142475 34 7930
21519961 63 7603
1410345 10 2479
7315544 23 4564
4344054 66 7567
3984567 56 4623
958 66 1962
680821 4 2058
405041 71 7222
39225167 73 9467
2924788 83 8483
36975261 40 9196
1163363 50 1428
666651 13 2603
2086961 99 2535
121015 27 864
27886 22 875
3720453 35 4577
5184938 83 3864
3824266 43 2680
814349 46 6158
3949622 36 8909
4350118 12 5037
1503949 85 8613
3821634 67 3535
3294215 59 4203
224715 53 9237
29307835 82 9883
20342498 16 9022
5773001 83 8576
576533 2 4143
25258947 99 8630
126179 9 1781
18564 86 1399
428731 83 2178
19656542 50 8868
3753101 79 3390
161366 16 5109
11155360 59 7228
406950 23 809
1 73 480
21629151 78 8881
356192 63 1230
23702347 7 9598
6732873 64 4066
150002 41 6324
19328820 75 7360
5483136 53 3649
29828445 47 9283
19213771 49 8927
33417058 79 8254
334 22 1157
32803484 3 9413
2994195 7 2999
25268279 60 8632
606399 93 3765
486528 44 2241
155079 53 4977
10196539 43 7186
1014116 44 3227
597224 11 4771
306989 75 3980
37907935 74 9785
3394924 70 5893
39138412 60 9993
1300 68 4824
1 48 978
27785 64 3168
31722104 79 9891
7817046 50 9446
530915 41 3271
11047240 7 6929
6280290 28 7890
12888174 63 6669
5333 38 991
33739132 86 9437
408854 37 4696
236684 52 5458
1140174 33 1851
31577021 51 9251
1 80 3892
913912 36 8349
1375520 77 8739
15217813 47 8413
114224 32 1723
1019832 74 1465
4761086 95 6788
468089 6 1732
4935528 34 8353
12804963 42 7894
14987344 20 8127
4149712 98 3326
96496 83 1245
23742345 33 9576
5844897 59 7755
7846513 22 3869
16858431 18 6319
27022 14 824
15391402 10 7213
8633052 32 8788
1 80 477
2626004 24 4021
11214208 82 5938
7561609 8 9315
30603410 8 9078
219789 48 596
615123 70 1981
5402286 66 7410
6941406 48 4418
999777 3 3827
13867632 64 8382
90703 26 7513
40045786 81 9224
5293184 13 4950
17878792 44 9138
2073283 99 7409
1163088 78 1521
3782817 19 7746
24077404 56 8436
108760 20 2680
10683 60 206
12672396 65 5959
217723 9 1147
1336039 58 5525
40061 41 191
1722679 56 9563
2253801 94 9678
3325045 46 2847
9164509 74 4606
94759 55 343
663129 23 1462
93959 47 964
5328050 17 6793
20284974 46 7339
23005800 67 8616
16118 53 752
1883320 69 4831
1260199 6 4738
68392 76 6953
8127060 95 9849
1991083 68 5729
1 66 738
501289 78 5615
613889 55 1894
2359522 95 9059
113870 26 501
25602848 21 8103
5690973 61 5007
5320371 30 7387
842045 66 4360
1064937 89 8302
8359227 91 7868
8641 4 39
7988468 65 4699
269352 15 2099
3848390 33 5912
83845 87 901
508049 71 1607
18052409 57 6082
554831 45 5700
8604661 34 4215
5620017 36 5580
183465 18 2441
264590 99 3280
1524897 68 1709
2366219 17 5982
33414 13 6923
13187242 49 6066
5252908 16 4541
512687 8 4104
573619 79 7091
1915677 25 2435
14350779 26 8024
23949 15 264
5512918 11 3727
584971 97 8588
4074775 82 7851
1977030 50 7729
3563438 26 8281
12003425 11 6960
4256982 96 6645
54645 1 2055
1758625 74 6782
68922 66 6912
4053985 77 3056
2994299 80 7254
1 18 59
22746236 98 8501
3524376 86 4878
2906084 42 9857
2456150 51 2160
1132 46 4774
30889658 1 8479
280542 67 1034
95899 58 446
1544671 48 4124
8696482 63 9035
521929 58 965
1122255 91 9937
5529 32 1769
1966 68 2005
23238124 20 7156
5882064 29 8571
363479 23 2938
1768771 36 2783
535459 38 9252
10379933 92 7288
323997 57 6187
7985343 49 4602
105213 21 2230
1710145 2 2594
749585 68 4674
2966886 25 6590
434774 18 1964
12552 25 5291
15224 38 3050
59223 18 3078
36988272 75 9556
15838 88 404
115059 84 786
15554080 57 9453
1533991 22 3768
7525133 34 7253
772685 13 4196
385701 86 2008
1017071 88 8611
47335 11 428
6564724 56 4281
11177467 47 5449
2705827 34 4707
18192040 30 8613
272690 83 1047
1 48 4799
1625704 92 3743
521516 10 1768
824865 100 3890
6218340 16 9577
42942 39 1200
3288308 92 5734
2937968 93 6706
39910 17 370
3804 13 1058
1421065 15 4549
2938353 23 3428
41459994 50 9893
34974 83 3242
6939152 66 7940
2785827 92 8533
3946523 60 5123
4208293 3 6284
9686753 18 5065
14275664 22 7162
4509229 55 4119
50627 50 1677
7299835 87 3825
58239 7 3845
2549618 82 4672
13573107 88 5564
554936 42 4281
38406 51 5153
1 17 137
2014390 31 5166
25057 64 1173
753214 57 2774
15257900 13 7482
6010039 74 4371
2305054 13 2941
1 38 78
3577521 26 2999
7155455 37 4252
774461 77 1503
19650335 53 6245
6745583 47 4212
56409 48 440
31115879 75 9093
8324321 25 6566
24186 39 331
7808301 66 7742
6079844 85 9178
14842575 2 6558
1163446 36 7297
15415657 51 7351
24692456 79 9233
1041255 89 2669
15434 44 2134
128128 23 2011
34281792 98 9357
31058 13 3461
17599977 61 6752
720117 66 4188
36486077 49 9489
10517652 61 7570
490928 54 1371
1 69 885
74733 74 1838
1 89 1150
4787813 90 7221
2337485 62 4503
19592572 99 6262
1 75 3528
18844502 16 7018
4826695 42 4239
26736951 46 7988
31309437 24 8353
4738670 71 3851
225510 71 1335
162456 15 627
505164 34 7434
46705 50 3504
38739739 24 9682
9624245 22 9757
39548 31 7777
12271715 19 6195
21790616 35 7513
6347 45 9634
5790825 38 7021
7641632 19 4071
1614215 14 8746
1299108 56 3611
4273257 87 8776
380806 42 1871
433738 78 2936
561828 68 3455
10065570 92 4903
978921 69 5889
334262 70 2669
4564452 1 5882
44990025 31 9689
19860936 79 9964
17223231 64 9684
23746878 49 8546
340624 40 1254
24137890 84 8504
302221 8 8092
14658955 72 9987
15820038 73 7742
207311 88 972
212175 65 2311
26611745 5 7196
130369 18 615
5034945 41 4430
6592254 68 7473
1760915 23 1817
12492766 9 5583
4579935 49 3657
24427578 89 7482
8725916 11 6678
83742 76 384
214446 19 1630
65312 38 725
3346509 46 7351
273873 39 8861
23030258 85 7525
4561 41 844
7647381 85 5013
250191 67 1251
171755 98 6547
21521455 21 7925
27553761 22 9143
643198 76 4369
604516 61 4704
333575 73 2237
2296810 84 4477
2474874 27 6222
6146061 48 8730
1737806 47 5931
68567 18 6152
2722 34 242
1839766 96 2801
81138 86 5479
478211 47 981
1531288 69 6992
13462152 59 5527
22409 14 4349
50433 50 238
83239 22 1462
628854 91 6693
288495 42 4206
817640 42 6228
2220718 22 2881
2275743 81 6147
11650 91 4764
132425 29 7537
87247 41 1093
13597742 96 7437
91780 58 3811
400890 6 6067
4537919 60 6768
527848 48 5684
583814 52 2410
1562933 28 5897
251378 98 4234
5944079 85 5991
1587135 49 1730
1379922 96 5091
3746357 15 7802
7842735 15 9669
7358643 40 7785
8364148 37 8030
2252284 25 4359
722615 20 6296
1106583 70 6430
1090345 18 9568
6389 27 1408
14026 60 3779
1085813 37 2380
10743234 22 4571
15302487 80 6536
45221742 72 9911
21875 4 896
10433990 20 5274
1223494 58 4232
1213405 10 1896
718119 77 4118
150844 63 7607
1389880 44 1647
16608192 73 7730
2376001 12 5638
637281 90 4747
8600568 41 7341
6157930 99 9628
4812720 24 6028
2526947 6 8986
190938 46 597
15237732 2 6295
3298099 55 4041
1079733 29 4548
799490 94 1183
1304269 96 2544
35699773 24 9789
4110 62 4461
12420133 6 7322
30651766 71 7841
884824 78 4361
2008439 66 3696
5782326 95 9126
787 18 55
12493895 85 8953
260868 5 3950
186403 35 6166
1107918 91 4420
8526223 82 4911
409829 92 6248
247163 85 7335
3475787 51 5502
430391 81 7008
634 34 9777
336318 83 6504
4523050 73 4705
1 50 1017
32547210 31 9333
12713015 65 6845
988625 53 2060
637579 75 2535
1 98 1107
327520 27 2890
24515893 10 9610
2538366 75 2191
122923 58 470
4059295 10 6537
2544288 39 4447
879509 28 5360
835171 36 7173
1985415 99 5384
1 95 2381
264563 32 1165
3688156 34 3981
5004336 7 5373
494077 63 3010
5435647 49 6208
215343 34 4658
474723 91 7205
1571296 83 2698
553 16 139
4392313 55 4194
20721 54 6833
26658743 22 9502
264557 22 3613
19376310 1 8417
9698395 26 8893
88591 23 653
1877331 60 3697
3648487 92 4561
5345977 23 9234
11477867 12 4847
29107 33 240
8519380 80 6399
3683209 89 8953
4960010 92 6826
7518355 65 9167
21342397 95 8583
13777860 62 9875
16438842 66 5910
566372 86 2800
1441 75 2019
24249014 70 8462
4312397 28 8899
1234224 45 4106
5455349 6 5288
1668525 94 4444
4163768 9 5239
717 54 425
1285258 6 7403
9972145 40 5995
382492 10 2293
231468 26 6632
33547629 35 8325
6140 76 1348
2243943 11 4223
63648 84 8806
2023981 35 7497
4279402 60 9580
5204346 100 8846
987323 15 1433
366075 42 1277
6729089 33 4012
24591342 7 7391
35979194 83 8441
647682 43 3054
12910995 28 6150
1627474 95 3060
1742775 90 3441
474116 100 6735
2062405 16 3543
8546078 43 7889
20577208 91 6395
834 2 6741
147707 34 6483
1574928 40 4085
28904460 100 8007
2571343 68 4058
10797798 28 9163
360838 91 1354
1097194 16 5856
10457535 10 9028
1202919 38 6755
10540234 79 5872
10441 70 2349
7376934 82 9854
30244926 56 8494
199613 95 1615
682979 92 1409
4118556 14 3108
40162162 31 9335
5000085 38 9525
4825692 74 5756
19196858 68 9644
22340992 56 9305
6971274 70 5413
86703 27 9654
10588235 33 6110
557852 46 3511
7312815 45 5756
1171951 50 2315
23764848 95 7000
20963882 95 8185
17627627 58 5876
670807 81 8798
252055 5 2900
416500 94 6729
12802 98 6604
2142251 3 5915
190462 60 1310
385046 9 2456
72177 7 373
1348591 52 5641
47780 50 6682
1190295 62 1643
489938 9 5583
793568 41 1279
6457029 44 7457
5746453 63 5195
250724 100 5852
1399672 59 1986
9648461 52 9142
7812357 46 5640
1743888 93 7171
7860050 61 7697
1549455 95 5036
1065511 51 1769
149637 10 9382
7552036 88 4455
606607 79 1773
109312 69 1064
316048 58 1547
8962 55 144
3747740 24 5131
20427453 38 9345
2968144 5 6403
5195238 27 4501
981661 72 1993
297311 29 2274
308052 56 6833
7541825 96 6397
12926772 40 5336
607605 33 2318
3123 9 18
3484342 48 6199
4020563 15 7911
5784 44 640
1190591 29 4362
6017256 7 6915
673152 25 7739
182586 83 2737
511830 80 3785
3052365 100 4085
5188737 54 6293
1842998 80 3475
4295888 58 8730
147038 16 3455
7690694 99 7213
173268 18 1225
17912232 37 9379
368191 94 1704
8696795 14 4509
57197 19 1009
1788927 44 1858
23465287 35 7067
1678063 22 1896
1 66 6230
14965335 22 6768
23979459 45 8470
14836661 10 9111
5157027 30 4635
1 41 910
2918801 2 5708
301806 87 4047
16687351 46 6935
103248 92 1496
110565 20 5078
134732 59 3016
4608977 94 2947
942323 33 9218
12907040 14 7404
210215 39 668
320012 40 7942
6399 10 586
1464891 12 7365
3218 17 2294
1942903 53 4673
57191 20 3027
43856 50 1761
495042 46 2172
20746811 20 6599
182352 32 990
40478 10 532
183137 44 3424
15727648 65 5779
25511626 20 7479
1721514 33 5290
6616802 35 7177
208068 45 4970
39366326 50 9299
151240 46 9115
148942 53 9859
6895 47 301
2096840 5 3146
441158 60 1269
2507030 57 3208
3181409 28 3144
11868204 42 4844
2196253 94 2678
25759854 63 7467
494882 60 1045
14212 17 8990
2184258 86 3551
105642 27 6926
3390394 41 8835
1 94 1486
63993 21 6552
2308577 45 5922
1707469 39 9012
560257 12 4834
322467 53 1465
18924629 25 6548
12353772 68 8447
4535411 21 8949
34456 90 434
6816484 4 4707
906793 57 5309
910204 23 7850
860790 72 1515
14724373 77 7894
5923470 24 4458
36251766 8 8881
1753258 22 4043
3597712 48 2902
5623841 69 6388
3074728 63 2548
190177 45 3322
3025028 94 7141
934428 12 7097
13545405 25 7905
1015875 20 1455
5722811 70 5433
29995227 57 8215
1743964 57 3598
2533170 19 2365
1 77 9586
12284137 12 7940
1 85 244
81363 37 422
12420005 54 8292
1582537 78 9689
5283338 10 6257
1062473 89 3176
33021996 21 8392
5428242 31 3416
3355207 41 5731
78324 29 444
979499 9 6220
750474 76 1380
25585601 63 7672
138917 83 853
1416817 51 9530
7291106 26 8435
2988160 77 2366
32965862 95 8656
20673506 29 9727
5651394 29 3893
1983250 75 1905
22535 84 381
11566562 1 7821
771905 19 1759
8651 59 2475
12783492 26 7616
28729179 80 7633
94505 45 673
3489144 41 6124
85398 11 313
340794 41 974
1351166 18 3109
890742 85 1685
4746566 45 4809
10193097 68 4991
12805397 27 6059
22754443 63 8835
356278 60 4125
27733569 42 9231
1136878 61 2788
4224382 77 4160
360909 14 1455
7841 9 1073
2323419 96 2206
113 8 360
4835567 19 9148
34657 56 209
57389 86 485
1342336 76 8018
740741 93 3971
6835197 80 8913
416215 26 1812
1836333 80 2090
60707 52 841
2450062 13 2950
700043 73 6294
4170413 15 8337
22741796 89 9407
30609 49 702
172366 2 3626
22283747 74 9958
108399 73 7468
7863 63 220
10073738 27 5171
32568 50 8171
9211575 28 6985
35174006 91 8725
6585376 31 7572
21018130 12 6631
3603 41 639
571818 29 2984
3527 36 3427
8141927 2 6532
144370 100 2731
1 59 7369
2082885 59 6438
11380982 6 6266
9242994 9 4729
3025738 17 6168
77115 15 4107
425260 82 1243
3322 48 2122
32425559 78 8800
895432 45 4390
6669 19 7982
3372570 29 9576
10188159 62 8111
15460608 3 5994
26724 73 1026
4817385 40 3421
790862 45 1171
13280549 18 5806
528642 81 4295
23704082 21 9583
1604711 77 5914
1 81 8551
2878772 95 2435
6567533 52 4476
19267560 3 9493
3504731 54 5295
28585 2 2984
2796364 36 7654
5722706 49 3389
5013144 88 3756
39815 52 248
23765516 59 7407
342247 92 1826
355129 72 7081
119346 33 484
2689178 37 4507
2403259 29 5562
337951 5 1172
3295226 63 6024
652298 12 1416
2824 29 36
39241068 50 8925
57607 99 407
818144 15 7255
200356 41 4045
250147 84 4747
853667 24 1406
240407 48 3063
9731 39 7493
7727688 2 4173
30871 90 8074
15897074 66 7212
97630 47 1700
1743730 3 2385
12668690 71 6180
973946 11 4887
6938 45 1256
11768402 7 9607
9567431 68 6220
2636911 100 6771
23524551 86 7162
337334 81 6115
8027697 7 6239
5105046 43 4033
3592241 20 9294
2200549 37 3124
3329484 1 2525
3144983 78 2482
1360854 85 4993
11687615 22 8054
24326186 13 7314
39219 5 436
2185518 12 6259
386393 2 1073
2399811 76 9085
13021863 42 5342
26863506 16 9417
7161 11 416
11592783 13 7587
860656 88 8543
3627263 33 4447
6415370 81 6601
533643 50 2327
154999 52 1516
726064 58 2050
1135446 72 9931
272842 80 1078
307734 91 2627
25993 49 4470
529100 39 8909
237518 34 5022
29133 72 3582
7844122 67 5792
109504 31 2346
149300 43 1834
154766 50 1535
2151926 65 6768
841609 41 1277
2934960 25 6522
27450388 32 9214
11359 43 4228
739959 73 4917
50726 85 2846
5614 3 9
21513897 19 8467
148413 70 1752
1774702 21 5622
6323 10 2623
200725 35 2042
2274021 85 8019
97595 94 9254
2096365 36 5549
7063991 65 5374
5295101 94 7962
512510 39 2377
3072894 4 3774
4739400 31 8647
10478975 73 5591
6613166 59 4091
6816008 72 5186
2130131 85 2017
7022895 92 4780
962481 1 5383
203513 2 8200
726186 31 2309
30835515 18 8240
3316 44 272
44334185 57 9403
38522210 92 9258
7811364 92 6141
938745 83 3096
2581632 7 3634
7722 50 124
13592586 45 6003
938100 68 2469
33841 90 286
44833374 14 9815
14742212 87 5871
916485 27 2376
141409 32 2016
103079 36 9711
22835 56 484
1 48 120
7101301 41 4612
44654 87 363
610074 20 4534
6033243 43 8621
1 39 183
9718 3 9353
529964 99 5752
43415381 7 9597
1462763 52 5329
3209117 81 2726
11092689 30 9824
3740395 73 3039
426545 28 6654
4342376 83 3097
75504 7 5356
1786516 56 2495
2693302 64 2391
3952133 61 7868
35319364 72 9828
3469080 39 2711
597274 80 7763
328200 41 1395
4575345 16 8548
6297485 43 5309
13820755 76 9568
386097 39 3098
98755 34 705
6164398 25 4852
288763 24 8700
6447909 88 5423
191008 77 2222
5620069 45 6795
6257645 49 4631
3358461 27 5926
498675 79 6882
3606013 48 6126
2974942 46 7925
395316 17 2244
8789349 45 7089
280080 75 9319
19069 57 2983
12825076 65 5925
815862 35 1996
1209562 24 8087
931209 53 7044
40279 89 1747
3065669 55 7546
5125324 38 5391
86104 1 8080
1296594 4 3505
3324667 21 4495
183285 87 6646
11375809 41 6428
632107 45 1587
10900751 3 4947
51634 26 560
3542734 98 3129
21583509 13 7304
15211767 29 6073
1818 93 1310
429001 11 6890
4297780 83 6236
1081267 65 4772
25948103 71 8113
19879492 58 6596
23399316 91 6891
5808615 19 6126
20297027 24 8866
13200 42 114
130508 50 2826
15396054 35 6692
4883509 71 8021
1365714 89 2779
2717607 12 3942
17817874 57 9511
163030 58 1841
8101 21 115
54824 15 3850
293073 30 1705
33986885 60 8856
11815975 98 6475
162846 8 7018
5686203 96 3805
5272157 39 5795
76697 9 9717
2898897 75 7038
18930113 76 6839
768089 61 3704
35230067 86 8389
369752 87 801
572995 35 2409
2208298 25 3210
1379831 45 3914
3095118 38 8244
1141855 84 8233
5270954 34 4606
2452561 85 2282
4903498 92 5391
9804549 54 7981
60276 45 1162
20036363 12 8114
2705022 93 2574
631051 21 3318
1352135 93 7011
2366055 13 4564
3633352 27 7491
194823 76 2060
284561 43 4543
575116 21 4763
290347 78 5396
13209073 13 7179
3987666 13 4525
86480 58 1061
3211132 76 6607
7463350 25 4467
33920935 52 8945
5405 56 2937
60227 62 4694
9161790 29 5343
21121501 60 7077
1 83 509
5457211 37 7147
2525111 100 6226
240576 76 2883
5387455 92 7610
156176 76 8587
14397573 63 9050
39132315 79 9352
1286330 73 2598
8908260 30 5555
7108004 18 6183
1064920 13 3709
1403475 51 3027
12041986 59 9470
10301902 4 5505
3635681 2 9754
3342889 91 2545
42076 49 290
34481157 4 9523
12506557 16 6514
1300619 46 8902
36226901 39 8511
945551 37 1746
400150 74 2804
16437012 19 6484
569865 58 1650
233794 7 907
1484438 61 9615
21057 66 5516
135033 90 3441
70617 52 3769
6193 37 1155
3202924 39 2612
128226 60 5907
160241 31 2115
454 62 169
17590653 3 5901
2401200 25 2482
178083 24 5040
6074235 84 5736
1439794 59 7503
10432605 90 6330
2900012 58 6216
16461163 76 8838
16680362 94 7742
667441 67 7892
16414145 100 5965
26459717 14 9106
7394 18 631
150743 28 3869
195558 42 3646
1671 20 5503
1395360 75 4100
3233431 2 8316
471 81 4760
4624 35 1682
3658890 37 2873
1001913 79 2205
1 90 2147
2570 15 202
15228379 34 5552
1371124 22 4215
238393 87 7602
22872347 11 9795
7820 7 743
2255 72 78
4993 95 3529
482929 21 4957
2289 3 1935
1435259 11 3274
611079 96 3807
2092195 68 9627
12306217 51 8198
16064504 43 6666
146887 62 1988
30309806 79 7855
1147909 95 7315
2798078 69 4940
18948219 95 7086
627 51 6127
71244 83 1090
1653263 95 4281
1 12 2732
28554 86 2724
15086651 41 8594
1175821 54 2461
421861 12 2042
8971481 64 8147
25528758 83 8010
53077 39 1193
10537711 1 9993
6105370 74 7470
136418 13 1678
5521849 12 3704
35769095 17 9517
871747 16 9238
4117242 21 5912
13568 64 2989
3766558 75 2657
528619 53 2082
6120 85 1138
6010668 74 4533
5194204 66 8338
25585893 43 7705
12413214 42 5167
51469 5 4803
1778051 58 1792
2690978 93 8479
8797413 55 9975
285463 8 4415
5677626 68 4250
1727302 8 2254
19989007 46 7642
2491858 68 5977
8376786 40 6006
5068457 36 9762
9375015 28 4446
946903 94 1681
209239 14 3933
1314474 73 1699
5311298 12 3303
2163082 77 4499
14362951 30 6607
1460569 1 1820
76207 59 2785
3980 19 1620
3235348 47 2898
1696782 100 3723
558665 24 1036
3725978 93 3309
79339 22 1270
4326216 32 5051
1570570 31 2552
292555 43 988
17243 12 7250
18258725 52 8864
716043 5 8217
6886653 22 7264
27062584 9 8329
6438999 76 5172
623723 32 2358
19452150 53 7706
26980 16 170
1844640 51 3641
13540261 75 5814
109467 11 4461
3887327 60 6276
384935 23 1376
47390 31 309
162257 67 825
7127915 67 5768
7548753 58 6145
221836 10 1281
1944932 5 1911
4486514 87 6614
26149 12 6401
1486085 79 3535
1856837 69 5115
395452 95 1556
3909859 45 2989
1589562 72 2662
6662791 94 5124
10978887 1 5749
502022 99 979
2624392 54 6119
243899 51 8033
241759 94 9535
1189029 45 1662
9359854 26 7584
471545 95 2146
134406 77 1435
4756708 43 5537
143219 93 2164
11791230 98 9035
75208 34 7665
8545066 46 8966
6971396 6 4630
613796 75 1010
1988938 15 2225
15022475 72 6550
41772566 66 9280
249355 6 4570
1421362 83 8586
1058438 84 5647
13678245 12 5900
12582927 13 6357
367680 70 1205
206536 32 8334
1 83 218
9198550 10 5035
3670452 14 6149
1467534 83 2966
783702 98 1560
3158925 54 7341
8988339 87 9984
3289984 67 5458
863431 6 8435
5384687 51 4827
38594294 53 9680
47999803 62 9731
23637837 65 8540
1153819 37 2260
563082 35 1198
767070 85 2644
330961 29 6275
10322196 95 6228
889558 97 4411
8062789 28 7331
118698 54 6945
5858926 95 8446
9834724 89 7668
5862783 48 3843
773645 93 3540
4255947 62 8443
2554208 28 4111
4047063 23 5990
67431 59 636
3844 25 337
6117542 17 3419
31656861 44 9113
119926 40 2329
18375356 43 8377
140720 81 1609
6724979 88 8301
22917607 22 7808
5167561 52 8878
1 73 7374
468110 59 1453
3511391 1 6476
19130963 8 8443
4102134 81 8814
234313 70 1461
3573602 90 6208
2486 28 583
35000158 63 8818
17 4 663
1706183 80 6727
7927029 87 4580
1295073 67 4536
5950828 51 5715
5972247 56 3614
4411219 99 9685
220175 1 5023
1395975 11 6541
15811626 62 7096
140726 8 7341
1587216 9 1771
45615 56 1926
27424 97 6096
3028425 27 3244
738552 100 3571
939180 72 7034
16813 94 9543
1154230 11 1998
3277800 52 5563
649283 1 6575
576 25 581
475650 40 4782
24336 94 920
26066968 44 8495
1827830 61 2036
522956 3 1047
89677 48 5240
232624 20 1360
16713 3 1274
35652335 10 9364
3264588 11 2520
871067 2 2995
2847952 80 4157
14015710 94 5743
3585010 27 7334
24471326 15 8472
140389 84 1049
1432937 86 2655
1460700 51 4160
17999831 70 7609
207653 38 1624
5980658 64 8748
132855 14 742
10162 10 587
6296282 79 4662
1269718 17 4124
101056 73 540
1721182 35 6559
1843492 19 8010
10274190 40 7380
8524915 46 5582
2595326 32 9021
133353 23 602
22825841 30 8676
324322 32 718
1308185 64 9547
2151777 44 9528
3462 30 191
258045 33 5465
6863387 82 5703
56513 66 2372
9229419 79 6387
1 82 452
16109870 48 6557
539296 63 7840
157294 94 4665
2039106 66 3574
11817381 27 5033
7034444 50 5804
11918221 50 5399
12930522 62 7257
801494 36 9438
10835139 99 7737
2190256 3 9367
3589662 1 8817
7797138 35 6096
3340309 93 5096
2660190 24 7696
6630202 12 4487
132422 22 1436
10235300 52 6720
2314872 1 9157
2601815 3 7354
881 91 6889
39437202 32 9394
40165105 30 9109
326926 49 1141
31798 90 5219
15897111 74 8187
52559 93 812
221267 80 2101
24214936 17 6908
14702985 54 9596
6624 81 902
8541392 52 6511
20914542 98 6978
1446569 94 3453
13477872 4 5140
7064 32 352
3651631 100 4033
1101 23 4261
11150492 25 7523
11918472 88 8325
10196008 79 9548
698880 5 1577
4507142 96 5286
68612 76 488
1816529 90 3295
22903 73 2729
271833 16 1101
4784714 50 8043
23438556 85 9440
20131722 2 9782
6833168 24 5029
15746388 42 7847
1804449 2 5071
4360715 10 3599
1538855 38 3563
32764543 19 9254
1202 9 8371
1270 36 48
615022 19 6651
5481008 60 8191
1959815 34 9643
19539768 43 8358
42016479 36 9496
19816 22 2333
1 74 611
8095 22 98
5801087 54 4050
366830 78 801
4926932 3 6971
568166 77 5187
320358 62 5398
38031948 4 9494
5422143 57 5413
39519 83 8892
1956 43 86
292970 18 962
20774 43 375
1741641 50 8005
88829 94 1515
1 75 212
1069673 44 4062
111243 48 3789
10297199 3 8640
200633 58 2964
243319 16 1751
6968843 13 6971
9169304 100 6339
50795 3 4130
2864601 57 4213
698061 88 5756
1 100 1757
8047119 98 4188
1 97 3413
8322278 79 4551
1870851 65 8995
1484301 64 2531
305886 3 2782
2995487 31 5220
2021431 100 5536
64982 80 3306
1257106 6 2809
5852091 20 5804
692584 36 1242
231 89 373
610810 33 1462
1 39 968
16185 96 3918
4947974 75 7535
9318 34 60
81570 48 5578
5425863 79 4307
529059 29 3149
447471 42 2655
12106089 61 7703
922730 38 2591
6545 48 626
29426416 25 8661
1521439 49 2174
1157 19 670
71913 44 744
2808331 49 8173
255809 29 6016
663938 3 5049
23940875 88 8714
2922641 83 3747
16956 43 429
1146 35 476
16851 94 7411
363166 38 3950
17459103 39 8369
5058555 45 3223
442058 37 3326
180108 32 1763
10664 24 1601
2967790 29 9454
2455314 91 2544
5563047 39 6258
12737354 39 4961
1808493 54 4484
4328501 48 8336
11513407 57 6415
3671708 64 6791
24697 100 1570
11224606 14 8328
264422 51 4597
1729 36 8023
9297585 86 9536
8837750 53 4188
115785 96 7282
265661 36 6106
15376727 39 7434
797689 20 5455
821640 92 6449
323047 94 3781
17253194 76 9292
7376971 37 7602
1 65 652
332709 81 2312
5305463 100 6916
14490527 80 6112
6948220 51 4492
180316 25 1503
6412749 86 7105
227421 25 3049
3750705 43 5658
2002990 93 5763
80034 84 2080
14912591 67 7542
2738054 72 8484
2219564 7 2093
21919201 31 8349
642 41 6804
1241649 76 7975
18337606 22 6691
24280070 57 9359
14257002 31 7347
12686641 45 6994
1394615 59 4404
23415391 76 8235
6929426 56 6483
4860029 87 5632
590963 39 4851
1535772 73 2078
606583 97 9456
1 69 85
28093176 20 9667
224801 43 4869
36319 1 7370
184073 92 699
7105154 30 6554
2704278 61 6896
24010992 19 7449
2156339 44 4489
73620 15 371
1 83 241
400244 32 5668
24981280 58 8677
9330919 18 6141
4736192 60 7445
1416161 72 1676
4315749 11 3037
3561931 46 4644
86806 97 2319
9421210 9 8363
1095929 47 1827
23757 38 1365
1272688 85 3362
3578 79 2436
469331 23 2483
11739514 19 5956
3253482 58 5497
26423737 35 7738
4959768 41 9799
31505718 83 8350
1459500 78 9246
775815 62 1469
11926593 98 6092
17284288 48 8231
401256 40 1154
1896212 86 6234
157210 44 6706
2522579 30 2474
1833423 23 5940
60219 74 501
685212 88 9263
1740869 80 7710
3181009 60 4068
1884314 3 4799
323964 22 6726
1248935 79 2915
1429048 34 4745
8669 32 8693
11376 31 554
186307 13 4767
14656939 74 6392
18351 2 475
10350820 91 9648
5436987 98 9880
3681140 22 3968
5871202 4 8248
605069 59 6271
2420909 80 2565
11125101 56 7332
34533351 12 8251
34012906 3 9495
18077 85 129
1902712 27 3276
4899150 44 4399
547418 38 3523
14932342 4 7428
282145 91 2131
6292577 77 9543
312691 49 2636
1483 30 271
119260 64 2576
7839 51 1160
2224502 51 3247
32381 51 199
5332030 14 8545
2449464 83 2967
3276565 32 6879
122809 84 7540
4170019 81 3774
1001539 27 5950
16424 50 1530
16487736 98 6309
403092 58 9427
3268776 70 4023
35088627 20 9728
71807 66 621
886133 36 1345
39300061 41 9165
106257 26 8518
2467565 42 4021
22367841 32 7318
809524 73 2031
73443 21 1285
33830338 25 8746
42091 7 5964
102079 30 2257
4318826 74 3575
145438 88 9753
20572153 11 6567
16407053 64 9681
15609498 87 5978
2768563 88 4881
1 89 1734
22840508 33 8287
30561635 79 9021
928795 1 5989
45658 64 928
3786603 78 6669
4304106 79 7712
225 52 228
1883058 43 3842
35650008 1 8852
28369350 12 9500
2541864 21 4887
996113 90 5823
39165 28 436
3223077 56 5723
1580326 21 6883
258368 39 1299
571247 79 9785
2120966 37 4879
572378 10 5185
7225477 56 5768
19583933 18 8843
1242634 56 3197
12586198 49 9616
16580649 4 6822
4345691 48 3656
4337215 99 9053
31899 74 5984
786495 77 4354
432 57 9466
1666252 31 3333
1442500 50 1764
2014629 12 6444
145119 67 758
12022201 4 9701
17531 83 158
140815 27 651
4169121 27 3597
15854 12 188
636389 97 2015
35445673 54 8518
2170405 86 6692
1507390 21 4297
15807393 2 6577
2126328 43 5501
2438790 61 2371
2389587 62 3012
7553770 70 5150
7592290 18 5882
90650 12 505
29610526 75 8363
17533130 45 7734
42054661 68 9201
4886291 9 6650
210246 14 3081
308045 29 3332
15052 46 5245
665244 4 9054
286072 47 2268
897872 83 1682
1606740 77 8399
4809445 27 5821
3211161 89 9209
26136215 86 9802
4221529 56 5767
2415126 48 7615
6629210 81 4516
606321 54 4069
5508572 70 7917
280 14 9347
376631 36 1280
9646973 47 7067
1697849 48 4102
1161644 73 9416
15131268 90 6903
1469062 26 4701
910350 75 9549
64665 21 663
26597105 14 8342
65259 58 1422
11207 56 232
3610193 7 3734
10730884 27 5774
137551 20 1015
37617 62 5690
14270253 7 8225
10981898 25 7272
162308 89 5995
4508367 3 5849
873821 80 4466
3716132 84 4782
1725957 87 2174
5395823 16 6526
13756 37 1176
16589417 34 8524
2845927 38 4527
471418 80 8378
2234937 65 4401
17049044 43 5908
3305060 67 2797
26141347 34 7836
6854669 29 5792
1123592 86 3063
16400166 14 7825
9953943 86 5245
436923 78 2652
885139 81 6546
199196 75 703
564848 23 1434
3670 59 4464
195563 50 719
14316053 15 8497
1233921 79 2152
842409 79 1751
384166 63 835
21958168 11 9984
1042785 94 1835
19948871 45 6778
5902314 60 4877
14764181 72 9637
35216699 13 8789
89051 79 2799
746030 35 4746
14533 68 4424
175994 91 5460
5715432 53 5083
6818272 76 5137
6201228 2 6183
13500506 46 5868
9971609 66 4703
8911668 45 4898
11390217 57 8071
66022 20 7757
6200517 66 7123
574108 25 1448
13205150 41 6131
1823911 27 5331
1258595 31 2170
10301161 1 5659
6068714 3 5508
524550 47 9052
7166223 42 4217
141430 44 6361
22497387 76 9272
5208507 71 4141
14746078 9 7194
614725 60 7001
142528 21 687
20113303 94 9674
23105392 85 6746
1 90 5286
484477 76 5326
483274 70 8679
156980 52 788
5509052 11 7666
255218 33 1017
1200593 8 6584
937631 35 4593
31920825 64 9997
227014 50 1132
21011 12 7585
1340514 57 2732
4789327 38 6577
539782 22 4195
1664296 87 2902
930605 51 4176
3021803 88 7667
312133 49 4057
41383 91 397
13381851 30 9633
132739 52 3451
1061005 25 2849
8928696 65 8932
17058717 24 7586
5332954 63 5990
27592944 54 9479
385637 81 1313
847113 55 1460
144431 16 4184
1037601 60 4162
11445750 31 4988
29670 98 2807
1916788 68 7676
250698 39 2897
303569 23 3592
895149 53 9003
1828487 53 9784
22516006 17 8599
7147438 82 5088
36791910 63 9626
4082229 100 7255
5324572 71 5436
5714 42 100
7800946 37 9510
8093468 86 6229
2887133 45 2350
682449 30 2203
68716 89 3899
1484880 98 7889
11380823 86 5229
5281985 29 9377
268613 39 7796
4757548 52 6902
6480076 67 6824
3361553 66 2756
35869153 48 8791
2778426 81 7482
2601 48 3859
39845944 34 8986
484813 29 7989
41946545 54 9225
3323278 11 4857
7628700 5 9591
3336446 79 2625
19247383 40 7086
6874433 13 4138
496383 95 2263
402649 32 5255
2351 53 315
12744320 82 7368
2837 47 2695
1499061 35 1963
658410 49 1122
1592933 81 1910
294405 37 4636
3556667 79 2743
1406798 100 4842
2699400 35 7065
7163900 26 7956
860519 94 6930
460312 14 8817
2017202 82 8797
839019 48 4119
1486289 48 8346
30254457 39 8407
3572542 97 2867
3245872 85 7149
18417445 91 9005
487973 37 2848
6443775 81 6538
80906 58 1001
2562104 70 6098
23512 90 174
11284302 96 7447
11239901 12 6879
36896872 37 9016
2666676 36 7576
3348593 33 6263
12376 28 231
15396 64 594
344844 60 1528
19885287 96 7260
2375247 29 9848
8281690 16 4568
10927110 71 7731
8025624 29 4147
27668776 16 9081
11525419 46 6680
92715 16 1002
24387955 6 8868
3375581 82 9885
1699394 1 2093
15942635 77 6398
23026075 69 8987
59377 89 2073
759966 33 7010
2550680 75 9671
832958 49 2246
8583 64 98
14982536 14 6295
4798702 40 3200
5803541 33 4859
4584301 10 6677
5151767 47 9086
2956196 97 7628
22027396 9 7882
836289 48 6371
346839 22 7077
2769512 92 3857
31903659 23 9813
23056 43 194
67138 39 1186
2304790 8 5819
3991 60 894
17010552 73 9083
12728439 28 6843
1236736 24 3224
1705095 79 6003
11290964 31 9220
21250642 25 8292
716816 47 9018
1385899 15 3121
947164 34 4225
6176 74 78
29458758 98 8927
234623 43 1278
7266277 93 9849
1355195 95 3973
1941254 13 7376
388151 18 859
20790040 74 7265
11281905 6 7501
2232152 14 5148
14806 8 87
11551349 56 6426
1114680 59 3439
669426 67 1949
3538431 29 9306
139487 55 4898
3363760 21 4424
43514 62 1576
724 10 1251
607577 51 1334
3036768 14 4868
25508498 79 9827
859130 16 1561
365347 10 3288
36024 15 1045
1605943 72 4495
882851 53 1403
1397222 68 8610
17898551 14 9032
15091968 90 6275
1801901 18 4496
73448 77 2900
9740998 33 6113
20027 45 4206
1342783 81 5968
353911 97 6984
16397808 63 8720
4505708 45 4896
25233451 36 8370
44823353 91 9678
4585737 98 4513
856331 45 2102
5409725 1 7218
1841836 45 4655
471493 13 1833
4656955 10 3048
181841 53 982
1873025 59 6063
27347848 39 9600
16777541 87 7503
6436859 53 4681
42344125 56 9605
127894 94 7412
157221 16 504
14524425 100 8650
1159538 80 3773
284919 46 2029
1578338 48 4944
3393483 4 4985
1312311 76 3764
19632780 39 6358
72314 46 298
112278 67 5034
1580337 23 9426
67113 97 554
104818 40 652
4188815 90 5427
9763532 80 7462
2065014 61 3753
248605 81 4077
6385065 44 8820
16720176 2 6109
512723 92 2529
321467 37 1075
1221236 78 1752
3431867 57 9710
52016 65 5770
258478 59 1396
2804281 40 5767
19105 30 434
21067 28 1189
10056017 77 6264
21785200 25 6853
2034549 75 7410
2429073 40 5248
31808068 40 8886
129614 63 1415
8876117 66 5592
41195824 16 9701
87544 3 847
3816774 8 6021
2713269 26 3841
117629 36 8112
78820 72 2040
1373533 31 3932
7738217 73 5973
647256 62 3921
9481899 81 5888
3448 65 3171
510103 27 1554
5131022 88 3430
1015468 17 6394
9396240 62 5846
4595977 36 4267
7322510 90 9446
104194 54 2235
1508611 34 9568
429970 75 8209
1143906 97 2434
4904377 29 6586
3422033 71 5788
1089891 64 5217
1964 32 2031
3768126 57 5143
31329232 33 9679
8025248 36 8041
906703 15 3181
2075745 76 3638
733624 5 6082
20461 73 211
4987288 44 4416
8566537 15 7437
1660532 67 9788
430974 78 2275
2532604 23 3294
298757 90 3350
211692 78 1327
1051660 82 3815
1060497 53 3634
28277 6 1278
33010806 59 9363
16281000 60 9513
6382105 25 5927
1812877 3 3998
22798803 96 9297
1210560 77 3186
167426 82 1889
2334050 41 4312
1969145 31 3231
7617549 44 6898
14638323 98 5678
41013 63 479
13777697 26 8921
2690158 37 7680
7194928 21 4133
400285 17 1878
4705050 100 9433
22262678 31 7192
4517 50 2737
9217255 95 8829
710407 29 6742
13574128 93 7665
4794 15 157
9887 6 1519
352 29 2644
5889 38 516
26425782 94 9359
14425258 27 5365
5714308 27 7355
509507 48 1947
4132488 54 3878
1488601 16 8164
974176 97 1905
125617 17 1372
4869509 7 3119
1075307 10 5563
701274 90 6622
377876 93 6360
5475668 21 9652
1 43 51
275212 100 1968
1018771 85 2718
13670 30 2284
2281207 52 7114
14921859 56 7751
303304 81 3330
27201 96 3671
15024870 21 6204
4706480 90 5713
2659939 73 4560
9733061 18 4313
3418212 10 2648
985110 59 1428
551046 7 1671
1202569 65 2720
2836590 11 5139
937 85 648
3743677 31 8866
15322313 43 7710
1547866 72 2929
1616765 10 4770
488298 3 1763
18680 63 4244
753734 47 8313
5614881 28 8430
41015 92 5085
4136179 97 6620
20074284 22 6318
3399759 34 4775
2554205 97 5929
34431 27 7645
1213902 33 3506
6827170 86 3996
96203 15 6505
12768105 81 7423
2353339 62 6110
21306 77 5518
5123582 30 3466
11681 45 485
10809573 92 7724
5697 18 134
305453 21 1183
4410298 54 9607
3009357 10 5869
1825006 13 3796
404900 70 974
6548696 89 3900
12369794 14 9795
1681768 50 7180
26333434 15 7231
355767 11 844
465593 84 1846
2293299 31 2889
17242787 31 9309
824591 44 4776
5341877 54 3652
1054358 93 3944
3121996 70 3038
2060 19 528
288237 70 1740
2940873 45 4263
361413 97 1637
7999305 81 7120
59883 81 267
5765947 44 4275
34722 90 471
215450 41 1657
2511429 75 2811
53657 96 449
2947827 39 9404
958774 1 8738
32250286 16 9775
3458988 50 2770
49714 27 327
327173 77 1550
6571942 62 3566
6430720 72 4196
5075497 73 5051
609851 96 1172
25868424 19 8807
2226590 54 2719
10345385 10 5658
293180 2 4103
1660112 81 5218
6235128 37 5128
2016 55 798
5322461 22 6570
10805164 83 8100
14382673 57 8025
2843369 83 4248
13253718 85 8384
1470269 66 3118
2513644 68 3251
3341 53 362
2025173 86 2892
872242 94 9450
1350994 15 3741
14924 79 592
24743874 73 7773
1 48 8004
1883517 25 2241
2057103 85 7541
37897 3 1117
1360868 71 2128
7807677 63 4132
18804 35 1181
734162 60 1669
970139 61 2536
5910990 84 5287
195702 71 609
17550605 15 5923
3895236 61 7464
452579 21 4228
22104156 64 8986
5940994 99 5581
4097271 91 3495
30203 79 197
12272817 21 5805
38340 50 1354
2492516 53 4174
1147690 41 4399
2622734 23 3674
632963 25 1988
102260 45 2692
436735 1 3847
91985 94 944
9357916 86 4962
8166457 55 9142
2792431 28 2981
136067 55 1005
322007 82 1359
20577789 7 8850
210064 13 1949
2933030 5 7628
77768 45 1323
67780 61 7398
86572 45 413
3788568 57 5288
1168609 86 2682
73200 20 1707
20589 82 2509
43671 27 4911
10468748 69 5035
1535300 42 9486
20913501 27 8987
13458025 35 6072
2154420 38 6580
17870 52 1692
175484 49 2121
11745 46 940
345347 78 1422
17216812 26 6109
789683 12 2869
200012 65 784
87169 21 938
1233561 75 3974
3907758 55 4836
15239982 18 6219
1338633 95 7057
1 100 1300
671723 48 2907
4541614 70 4825
17812900 84 8309
1 28 316
251420 43 7238
8487702 9 9093
8869178 5 5567
6037124 25 6027
1341968 73 1597
1110675 21 1648
15886166 40 7486
3687717 83 3158
20434209 68 9375
12385009 13 7361
1870639 74 6419
17320254 29 9291
1732827 85 6547
485147 44 6551
5506548 94 6820
12217 89 1445
22220637 19 7553
873031 73 2348
14967616 87 8570
1011916 14 8855
291330 92 3228
8577 16 506
3609955 34 2943
16210 39 4666
10208652 6 5959
8873316 34 4983
19386638 54 6628
2047 45 2196
799810 19 5951
17999892 26 7792
8375275 12 4811
52252 28 268
885321 31 1429
33764 2 537
324666 61 4011
6404000 80 4834
9727827 86 4788
1 98 314
1056468 43 7104
1005997 77 3747
886445 36 9433
818164 46 1246
13047303 44 8635
1258821 87 2210
52218 77 2538
899686 40 3790
19722302 80 8758
12035322 52 9832
17929754 2 7134
587198 5 1232
18420253 11 8567
1 96 3180
882699 71 2309
1997301 92 5957
1107801 1 5209
460 87 527
7441715 32 3955
7825196 85 6870
1648258 69 3645
5435382 1 6315
16880285 68 6082
237917 54 2711
238987 93 3823
102856 3 4515
2513154 100 2390
1711468 51 7393
848863 5 1592
2526531 85 3483
4901516 53 5988
1034 48 842
24490 5 745
44153 98 2424
437064 30 2079
9652332 35 6933
5055214 10 5647
44830 27 396
3543527 30 2953
3668786 8 9726
6431512 23 6478
3614907 39 6759
8602653 77 9807
5902228 2 7502
453283 77 7974
74462 54 6827
29306335 95 8747
2092082 74 4158
2811839 4 5552
5461679 84 7436
18157221 8 5977
1160038 6 1933
3085504 18 3151
24813 13 1645
3316826 65 2706
11684 10 404
12498 24 4897
2076562 40 4007
1177762 51 7176
10502833 28 5305
1558468 87 7455
1452486 29 4936
1710885 82 5863
5580591 80 7196
1877081 94 4395
25759251 69 8444
4553752 86 3200
995614 17 7147
13513520 61 6612
461598 3 4092
2523232 44 2825
64517 47 1389
6214891 85 3807
952497 72 3504
1332851 17 3189
8287011 52 8543
404001 76 3366
25157 64 1562
125623 58 2363
1256913 83 1535
364506 8 910
315459 94 8919
34653 69 240
624414 84 9471
5504093 75 8416
625658 40 6119
2636628 9 3090
1361676 21 2269
6571400 91 7695
74845 48 7983
1 68 6530
452836 42 2685
4759097 54 9283
580294 44 3199
8314922 20 8545
566913 83 4608
2094593 96 5072
13362991 54 7846
4168879 72 7596
735600 5 2050
47358 8 4384
14277989 70 9283
1352739 48 3872
4979 32 304
48120 38 1228
153956 100 1229
1503986 47 5700
313971 74 1558
505624 5 1010
18902522 34 9145
5144569 4 9243
67988 45 4941
10725339 44 6055
43452 99 4494
3429321 29 8033
2572705 75 4118
3232660 12 4200
134027 10 3726
37399479 71 9207
90059 24 9388
389333 87 7626
10208970 11 6687
131451 68 507
1928646 77 7717
27208 15 2032
27906983 99 9091
68130 97 1787
806360 55 2517
12496667 27 7233
17428787 16 7809
758435 14 1143
23450309 88 8785
30626950 3 9706
351638 22 6270
17380513 85 8586
25927992 8 8639
415369 17 9231
937973 100 2861
76308 71 4904
2619496 1 6909
3229295 7 8510
10434471 42 4516
12445066 27 5945
979670 4 5849
2067177 7 5337
662215 10 6609
22824511 61 9681
1801060 63 3523
1216027 26 1706
30544647 55 9661
112046 92 8801
10193460 17 6370
1230545 20 1826
27118870 27 9298
35662 34 254
498065 69 2150
1367023 91 6805
30500972 36 9105
8551854 80 5611
1933743 88 6055
11283524 63 4844
235371 22 2226
11164 93 4480
25712 80 1606
1160412 17 4672
21558593 47 6642
626578 66 1939
2873686 36 6522
2688595 52 4033
6341739 2 4205
120438 73 8906
1 22 35
348048 63 7464
1541283 23 5000
19988265 17 6840
16942604 73 9327
18038159 39 6368
4952181 83 6865
392743 57 1147
1324689 18 1593
71040 89 2599
1317450 64 3415
29248349 90 9467
3600 83 109
256966 50 886
11395513 43 7605
1356885 57 5532
598938 48 1044
4156375 76 2887
1845870 49 6400
48880 17 236
1333 25 2119
6309875 6 7915
4381906 8 4774
374151 84 9079
213075 98 3539
142246 57 1963
7213639 68 3855
1239789 67 8098
6780465 27 3689
351967 99 3905
1529818 89 4172
5690261 22 9056
1183467 43 2184
2398169 89 3887
6427866 69 4405
7383 23 648
580411 45 6745
908555 37 9792
1 100 2841
6624079 8 3685
18795 57 113
20995756 85 7251
6859663 100 3750
10027723 27 5762
5474 27 149
18225 47 2158
12231546 50 5864
7329302 75 4896
211485 51 3166
7021830 45 5322
9846979 22 5876
1903070 100 3640
1 60 179
100778 79 2489
98294 87 5810
1512893 40 5231
307149 63 4142
1774258 31 1837
4178172 73 2987
246804 82 1192
1998680 52 5824
945554 3 4169
15078096 28 8517
286920 96 727
27034478 59 8101
350 45 759
13811803 23 9186
15168818 25 8511
476 25 69
22598 18 1060
560702 62 1090
6033412 13 5562
896853 28 4956
277690 9 6154
492837 11 1898
10810549 66 6791
857077 71 1303
1413057 18 4566
2999064 74 5051
19309372 97 7229
9375054 88 5473
681604 19 1185
418474 41 1190
545173 29 7103
243063 50 3527
13788910 85 9144
2321344 57 4458
29453593 2 9996
1004366 20 1540
367767 61 2761
28153722 7 9747
2209587 3 6077
23916573 28 7897
24399 79 4533
7379819 18 6859
39655136 98 8854
2895453 86 7938
23513 68 233
2703712 44 3382
386113 23 1567
19878685 61 8114
3165031 96 5561
269442 77 3714
5715429 90 4257
1363846 17 3158
2068202 58 3310
1160601 49 2466
5696863 55 8553
1486347 80 1916
29628980 39 7902
13903 20 432
57149 79 3636
1854229 39 6018
662082 74 1450
7284411 6 4929
7823328 6 4982
6701132 53 3573
239100 6 2223
6124592 75 9371
2235836 11 3180
20970 28 345
14867526 14 7646
34462293 86 9721
868820 62 1490
203561 50 1602
261062 73 2924
1406133 57 3967
1483598 47 2740
5143150 10 5522
2335198 1 5357
178947 29 3669
19819411 51 6425
118593 52 1526
363229 77 4783
1715749 65 3107
2485841 100 8869
4683647 84 8554
2116017 1 2465
2100659 3 7884
261135 52 3534
2121739 17 5782
297216 85 1841
3946574 57 4154
26264211 50 8341
5589970 10 5830
1 85 1322
4294832 78 3044
13877936 49 6272
2019996 54 6978
13609830 1 8745
4892522 26 8817
544078 42 3469
10522 24 84
1892477 67 2660
3949121 3 9904
156767 52 6300
33408554 95 9024
14821565 21 7125
1349299 97 6007
35223907 90 8503
41372 1 532
29700581 22 8796
452665 45 8414
33673 76 1643
173722 1 765
6332217 93 4927
8311509 64 8324
90947 70 2409
32931563 85 8298
3074 72 354
3247 20 6204
1316235 60 5721
826079 30 8920
858817 91 3910
26279536 86 8086
121877 35 6628
2455916 62 7999
2444884 95 4817
576437 22 5369
36331 68 197
973705 58 1834
4270250 2 9492
13535250 61 8384
532339 42 2356
3112238 87 5170
528646 32 1197
10035503 61 6034
3442 30 106
48904384 87 9873
8491866 15 4436
7862224 8 4914
20079199 95 7040
27821499 10 9126
1513347 25 6759
4882176 100 4192
9730635 39 5450
1 36 1638
85900 21 1991
791096 98 1381
7185629 43 9734
3467 62 853
11601616 7 7680
1670021 62 5922
3074036 85 3627
5500157 81 8002
15224687 49 8497
9315330 25 9891
2357025 12 2998
152967 49 4219
22417762 12 8862
31521633 8 9659
24228335 41 8259
8366532 10 5827
1576219 57 2043
10017900 86 4618
21188390 16 6753
12818921 36 8281
1646056 73 3516
9001682 33 4288
1208806 52 5454
3559643 6 6067
1797875 20 9761
4241985 22 5618
61694 63 2858
112656 79 1939
1306206 20 3275
3438883 2 9206
15172767 79 9221
123169 29 6758
5236127 17 6510
1082307 5 1656
22296 6 1778
9321631 15 4707
917977 86 9467
565266 98 2857
8564698 45 9487
285201 94 3522
18804941 39 6064
13515061 61 5785
798419 76 7198
19777359 43 9768
2096322 74 2230
5951383 59 5238
1 90 493
4571310 74 9406
10847240 12 7736
66345 76 2418
11626141 53 8560
8500565 87 4993
95389 44 499
48230 79 985
59229 96 974
640763 68 1172
24677525 4 8677
7217680 41 9575
13373165 74 7778
96641 34 5313
25467297 14 9628
1 55 84
10163368 13 7741
2066246 57 2879
106160 53 1526
4784433 96 6313
1390823 99 3332
28625523 72 9933
12103 68 646
897251 32 2861
3001592 54 4340
30599213 44 8280
1419468 46 3101
61146 32 266
82880 60 2100
2244995 59 3963
28416212 82 8312
197056 33 2827
460429 64 7757
105201 86 1538
16341782 36 5921
10301031 58 9246
4970379 97 7484
574935 63 1844
26624 6 3032
6790485 63 5659
13898590 80 8910
11628645 11 5488
53339 60 3962
522033 29 3175
42698 83 1833
391960 98 1933
75024 46 403
660530 14 6512
1057199 43 7243
5143434 11 6440
4298707 14 5585
106257 27 8647
1260840 20 1636
5094931 30 7537
2764212 25 6867
282529 38 2404
19295 27 5127
7208619 60 3916
18865055 58 9256
5394474 88 5222
526457 22 6107
97335 22 2005
5050387 58 4213
17852 28 7022
26551259 90 9471
2313711 67 4091
780432 85 9416
459675 80 7470
7852112 32 7838
13435882 42 6221
793969 72 4226
16730 31 459
7754320 51 6579
5012286 2 4514
8716942 58 4843
103083 74 1684
3887 22 65
2389953 29 3090
574690 21 2067
807455 48 1982
1145713 98 2489
5319845 2 5840
2754350 22 3256
34119094 90 8363
3594716 31 9206
4247417 93 7373
330982 93 2336
8373 29 4118
370798 72 3826
2122 46 1344
4684013 15 3328
6596399 77 3902
44765435 92 9408
7346102 86 4275
15052780 76 9483
1167998 25 2714
7878828 4 5802
51742 56 1883
2015720 78 2385
102760 15 2235
4757644 69 9142
128148 85 826
3405563 67 4924
1 86 395
6096349 17 6512
84 1 299
12912 54 492
3978200 95 8928
347679 23 939
120152 69 1520
7635573 27 9591
12360394 75 6044
2452459 73 7172
17308670 20 7172
128371 47 2729
2026398 59 2536
22711181 26 6753
2070992 100 6951
3499564 2 4860
14615823 52 8416
19811718 84 6297
5232704 21 4619
827733 34 2246
12046841 59 4848
5992765 4 3393
712849 91 5676
18128538 95 7796
713801 94 4106
213582 48 1045
24360672 58 7592
3045736 17 4461
3015366 61 2797
25879848 56 8666
15913064 6 9228
87259 79 1195
178198 88 1070
1747376 69 4806
1259307 83 9567
415766 100 1835
1063960 52 9422
5770002 98 8320
1420791 43 6061
82555 14 7731
431 8 4679
5317508 24 7452
4552843 82 6902
37175513 26 8796
2385543 19 7393
13727132 72 6077
3378212 65 8954
727364 19 3435
793027 55 4440
3324124 72 6238
1125356 89 2745
50669 6 4822
13071707 98 8247
30135045 6 9527
1852309 62 5077
24419326 71 8618
553 69 9183
5472534 82 5953
830261 30 5420
112867 26 6661
1452621 67 4471
937170 61 5883
176121 19 547
4584894 62 5880
1924059 68 5728
6156 12 7071
929301 16 2271
884053 27 1286
3383697 73 6778
50621 26 2332
377 46 58
7950066 100 7042
712000 70 6078
1 48 1422
5965791 69 3661
3268568 31 5221
225684 3 2644
5989237 100 4369
5114114 83 8130
1149014 18 1470
64687 93 4235
425163 45 1896
23035227 11 7092
98164 42 4823
3215524 92 2851
15788141 52 6353
36898208 64 8599
1926271 25 2237
4337377 86 6301
2793308 45 4173
11106729 75 7432
9367951 52 6107
8226893 63 4804
7459628 42 6360
34930014 78 9627
3977881 12 7823
117908 31 4622
11789962 75 5555
191762 94 7106
178457 78 1452
900969 78 6013
10353456 16 5971
11580033 3 4969
17229791 15 9971
85082 14 542
4545868 39 5661
186260 50 866
10513606 41 6886
1146 49 623
5472077 47 6593
29384626 71 8070
560255 13 1373
3953738 4 7331
5074657 30 7739
1 72 676
36462301 44 9832
10264013 15 4616
475883 13 6068
1289968 96 2863
2020070 37 9168
624852 66 8087
54630 76 8832
7481 65 201
7754649 8 5953
1795647 31 2242
8735428 22 9489
765524 3 5076
4840328 77 4871
112782 95 610
7102305 10 3882
7856527 3 5937
84090 85 3570
7226019 26 8948
3314 75 9640
1129799 28 2274
1789534 73 5269
19984862 23 9088
11116596 56 8789
4231899 98 4609
5280470 45 5266
1701394 13 1871
5685300 77 6002
30618841 17 8721
163975 52 1403
186200 41 3762
19414071 96 6452
2010979 38 8845
1482574 42 6301
8208138 92 9631
14685643 73 9064
1 56 182
19224170 61 6233
6598907 39 8663
1912503 28 5193
6093 97 313
594411 7 2609
1295291 82 4979
33621726 34 8746
18171316 11 8223
38172579 4 9998
791413 68 2697
639113 86 2138
654733 39 4170
1350402 2 1838
15928129 94 6688
2735722 78 4863
23614746 93 9569
9028901 52 5086
287474 16 4577
95661 2 1268
369172 58 2292
46206559 48 9640
31501675 97 8336
1140076 27 6541
2816460 34 3820
11181237 58 4657
18651080 38 9075
142270 43 715
39159 49 500
13351861 49 7096
7186341 91 7083
685804 84 3725
2758369 6 4795
13487249 49 9234
4935105 7 9144
111599 44 522
14673707 98 9469
774232 28 1586
13930346 86 9032
98469 85 505
7939495 16 8188
154 96 2564
1957496 64 2178
2438413 73 3810
108475 14 1953
2256661 68 9738
710064 70 3190
17054 21 395
3628 60 8773
3033723 94 4144
12574631 3 5671
3457067 2 6662
5676067 14 9444
1357530 7 2654
2236577 27 6821
975943 40 9436
3162439 24 3813
9259988 34 4969
22562400 44 9172
20852537 16 6588
1884947 76 4338
201397 25 5107
7142350 31 8532
13323 10 641
5019390 99 4654
1628416 93 2314
2085054 46 2832
2705718 12 7563
635118 13 2468
7452462 32 7048
1093343 62 2901
2083113 1 8631
26932 62 1087
16330 3 144
22744739 32 7500
9077260 95 9443
4444797 45 6041
17644899 54 8529
1217094 38 2618
345270 48 1806
1086510 92 3242
34275891 76 8661
1034857 39 2346
133612 8 6196
20279918 100 8834
4159719 20 5170
260143 95 1582
19579 41 825
3992226 24 4557
14175741 55 5463
800794 39 5738
945 45 2393
3086443 5 5155
461358 46 4329
87974 57 4576
1198240 92 1830
2770800 86 4661
14141 32 603
11337700 17 6329
6418060 52 8218
13070 27 553
98685 14 4765
17258354 73 8104
24898 59 5177
1208625 49 1559
8057163 76 7440
466833 42 2470
2067213 10 2557
231095 6 2016
15351819 32 6049
67159 75 533
21320859 57 7757
12321679 63 7868
1833891 49 6552
8201735 82 9095
19164297 65 9730
12487011 77 7731
1899259 91 5080
77625 75 8582
5825143 23 5820
912686 34 4601
15261731 74 9297
2063041 41 2016
426940 48 2968
437197 6 5159
207434 18 4133
5341797 10 8733
302486 32 7918
605190 21 7628
2553723 20 9829
46061 17 206
3631821 55 7675
158219 17 9686
1594487 84 1737
4017354 71 3187
1212209 59 1876
6104595 20 5805
761572 86 2510
10212860 81 6486
1 96 116
92844 32 730
5434627 100 3428
319004 23 3582
2851110 93 4533
933156 95 2875
9964756 4 7976
4404004 73 4633
3436934 36 3096
919331 14 1783
10149721 67 8675
25651762 51 8263
17152845 69 5870
4168293 84 6722
197903 89 915
10532351 82 7946
2347019 21 2331
246405 14 8937
99001 34 8229
1611100 1 2653
3529 29 60
13270896 44 8824
1905987 37 4527
60290 58 435
527450 7 2063
20343127 4 8059
140 26 275
6012 64 149
55556 35 300
24805459 37 7188
13641242 54 7590
933055 15 1921
2693482 31 6397
16603938 61 9451
780607 99 1197
10588119 28 5361
132957 51 3130
20263601 29 8270
1032698 13 2738
27445032 78 9335
4121743 41 7790
3845786 37 5189
43966423 13 9367
1302268 89 5854
9215 27 3701
6921 22 36
260041 13 894
37655547 66 8604
1876401 47 3091
4003328 82 6649
1628778 90 3407
17128573 4 6803
9565733 96 8129
277623 100 729
170184 63 1750
428589 91 1054
1808954 54 1916
1735518 48 1813
81642 46 514
21026540 95 8544
24893245 69 9721
24159441 88 9540
170362 82 2825
2079849 78 7969
1235314 82 4962
5476415 15 4860
1747988 23 5800
7750 85 1290
1 67 2215
551002 97 2709
14597140 54 6456
4216833 65 6803
7797481 14 7752
2082502 60 6478
879826 53 4035
2509449 42 2776
18950872 98 6297
12863188 43 8002
380953 73 1305
746785 33 3781
133543 76 6294
14356206 7 5892
1967293 99 5103
517622 4 1608
3364575 3 5058
544471 62 4282
2565149 85 4226
7043854 67 4850
31233754 32 8440
2337775 69 7161
7378013 36 5841
20028349 82 7692
1 48 124
3325508 4 4960
5016234 49 4817
13566118 99 7476
3159531 26 2561
463745 62 1452
612732 8 1897
539783 31 2226
610312 81 2296
32117936 54 9459
1302923 13 5363
1164128 4 7862
131674 85 665
21564299 77 7301
24977155 100 7794
11827799 96 8243
8092807 81 7332
23577114 76 9332
186788 93 2536
39940809 23 8881
20263116 89 7876
2369366 23 2813
28511 5 193
69628 85 1082
4652343 1 2968
7500943 51 6451
22702373 54 6853
344641 73 1817
3072889 66 8744
2877455 2 8383
11722821 55 4935
4487154 92 5286
11806789 28 6076
1913263 81 8411
1653403 66 5587
1617 21 920
12721023 48 7620
40524 3 191
1213365 78 1624
14883 82 3523
150263 81 5374
16098 44 396
222097 94 3558
3500442 36 5166
1883047 86 3946
1 39 1038
1234456 67 2647
18301150 60 6067
11731961 91 9885
476694 87 5269
5308171 13 4247
27753630 18 7867
6037 36 214
30917 28 670
2606762 41 3555
20505139 87 6451
3884266 49 5664
118511 81 1676
12384286 51 7802
46555046 9 9549
1971679 23 7406
311851 98 4136
11606974 26 9851
199486 44 2663
1408848 76 3212
5341887 30 3377
1183439 34 3766
71937 29 1481
158171 83 3577
28590302 30 9741
3371938 91 4844
49153362 74 9828
7251 21 166
39165 83 6919
2222922 3 4888
110525 62 4674
23381 24 369
1657137 39 2296
16788102 76 7103
10756 74 314
2919150 63 3384
16069029 14 7071
1365956 61 4794
4642951 83 3041
68156 12 464
1609741 45 2352
1372337 7 7058
1075500 50 5142
427873 45 1208
16289562 98 8088
125332 81 3597
13978407 17 7874
17816923 80 9820
1320101 13 3670
9427431 16 9964
33779617 85 9281
1455549 95 6256
4381969 60 3034
25773179 97 8872
175335 80 655
1978505 81 2960
11285505 88 5772
13094685 5 6714
13450409 18 5530
5799 44 988
234577 19 3828
1485026 28 1845
242478 40 4289
14109658 45 6201
2185270 4 2951
5057320 37 3576
1550206 23 2194
7299 47 406
500183 99 913
1360600 90 1637
82945 62 321
3354199 51 3958
626643 2 2736
9786807 12 8589
10107 33 441
595696 69 1296
444914 48 3634
2011 55 1532
2370697 2 9334
6178297 19 8601
598203 28 7204
116673 92 3046
13711023 10 9928
38849393 36 9339
5701592 62 3866
16527 13 727
9506090 33 5846
2784375 11 4793
619220 37 8790
8814202 28 5925
460090 57 2635
297469 36 1942
1 93 2466
12197117 66 8342
388841 42 806
7544957 6 5774
18107223 92 9360
2813393 82 6730
11693917 65 9272
726571 16 5311
5457345 84 4845
129143 49 8026
33198692 12 8204
2428410 70 5471
19826447 44 6573
86500 3 343
1601728 23 2977
156945 18 9081
4125840 55 7710
565167 89 2249
30277 49 171
551588 27 7294
340645 45 7728
3761230 46 8002
1667654 75 4585
22133259 49 9207
40123376 53 9548
854356 44 2318
15664510 80 8162
1430 86 8323
15141 68 3666
24206684 79 9203
34292 96 1181
31104 26 340
414214 31 3136
12338887 52 4997
703687 62 3087
210824 31 1093
287016 31 3034
7837630 34 7373
117562 72 2454
1322390 68 5281
11416390 46 5920
1286522 18 1551
7224637 90 4240
1060743 43 6629
14767 52 4714
1047398 100 9732
56873 23 676
790904 80 8955
3226051 14 2460
603844 26 7408
5395510 35 6208
14045751 58 7562
215973 6 6609
3075515 6 7646
3347667 68 5213
3242844 5 3315
32240008 31 8484
3308026 70 9775
93963 26 857
23001369 81 8491
9656077 98 4544
625898 42 3024
1990892 89 7734
5552037 38 5392
1532260 8 7979
106885 76 1790
1 65 1903
1538742 27 6043
3971745 77 4269
13091736 42 6443
25096333 2 8659
9872803 93 7401
10216 81 105
36029 71 314
359867 57 2380
3200002 67 3423
20111399 28 9290
36649 35 6822
6722 43 6682
15599448 85 6381
320894 16 1153
714690 7 5665
675731 8 1523
1392497 17 1947
4438397 13 3334
197157 69 7915
2064401 99 3778
27316415 67 8875
3436772 49 6139
9597199 53 5646
49616624 27 9978
4250864 33 8821
32900 83 7267
2274437 25 2676
6550633 16 4669
3048228 80 8118
3304143 66 5697
31977 8 4742
8963470 81 7763
2948297 28 9311
36177216 46 9801
1345536 34 9183
2823903 82 4143
147759 14 3576
90507 76 1090
459108 88 995
14572088 67 5581
11539848 76 9752
10453 66 811
2817986 94 4296
11376874 44 6292
25857159 38 9952
2587144 27 8880
32220 19 1137
31664 2 772
25168884 91 7883
948 33 167
3787023 42 7314
6356384 82 4997
1617512 3 3484
345333 82 2704
1074990 100 6115
20010 14 4510
208251 6 6365
47456598 14 9994
182489 34 1466
16340596 85 8576
748484 29 1886
7050768 8 4424
22206 75 1379
160872 74 1808
7420234 89 7165
23720 14 148
50713 79 4929
75 91 3956
9319250 59 9134
20276781 26 7383
2830354 24 6321
3678994 94 5995
3039437 50 2802
5971463 37 3456
9238045 58 5890
264889 84 3260
15706143 12 8333
17766749 18 9333
7462324 37 7720
771442 65 5401
5267689 60 4034
345597 53 7163
18436776 71 7742
3705332 88 4763
3078177 8 6017
105200 45 8245
18799 86 8299
9590818 42 9993
5257449 62 7573
2379448 1 4360
27201 45 177
879550 65 3521
5435290 89 6105
426509 100 2597
1305027 14 3774
16331024 29 8441
2907331 40 3053
1104083 98 4016
846547 38 1860
169037 61 7962
439969 43 980
24214831 72 7855
704 87 442
1809356 98 2054
690309 4 2452
23498575 54 6839
3862935 82 8894
2145205 52 8897
40398 57 215
8153701 18 9545
8984462 23 7135
14771 91 2491
21372493 48 9764
23041 19 2694
59396 72 4841
893025 35 6895
1596945 35 5487
1781769 42 8644
22090649 55 9261
568192 20 1613
277233 29 1477
1076319 53 1379
1134541 5 7004
27043747 41 9901
4774740 72 8565
1513985 58 4795
10378902 96 7369
637492 33 9778
781426 22 2288
1161230 46 1716
2070270 86 2032
1923724 62 6276
15878651 27 7582
255941 91 2665
1433386 31 6721
536158 57 1830
41868582 98 9894
1 59 532
21833903 2 9550
246792 95 4861
166795 73 3465
1 38 117
256718 6 1429
732935 45 9556
1237433 17 1509
10620513 40 5436
109180 95 381
1598164 39 8753
126290 78 9104
2128514 32 8778
8748000 95 4477
1643664 82 9026
7121593 77 4192
14210483 41 8022
411633 22 2339
333719 29 8543
77814 44 730
6425389 25 5175
1716175 20 4437
9662050 5 7424
304907 68 1966
7564704 26 9623
2049124 42 8603
25389544 59 8982
817854 52 3028
981896 36 1353
128596 18 5520
9766633 93 4631
2644933 73 4283
12852575 27 5198
6289195 26 5941
4768 54 4692
361328 17 2119
602428 18 4799
17879073 25 6705
1 43 2298
34131 25 184
9584139 18 9779
10121820 4 9601
72 3 793
136839 86 1171
1590362 84 3448
51636 40 2402
14268439 15 8049
4950547 23 9152
1284106 5 2929
31246581 20 7887
1271663 46 3170
17588730 53 7166
23797598 20 6984
5364510 1 3982
197267 29 2754
88772 21 782
6169179 20 8448
127416 24 536
4592654 14 4272
2496873 84 6255
559909 71 9211
16461201 56 8173
2616971 92 2878
28554285 55 9096
24436587 32 8629
12495069 20 8354
8564 92 5195
8190445 37 4393
500368 76 3364
1343462 29 5221
14598793 18 8625
13079645 79 5991
15833 90 558
6445028 91 3817
91213 59 6248
65417 50 661
118071 69 2235
4248 24 138
11740845 40 6919
14928341 32 8542
25861724 35 9639
23737371 33 7684
16004747 11 9389
3676 52 77
971069 74 1778
8106540 19 5040
24471009 3 7564
3828168 29 9966
3731238 13 9697
1267427 14 2309
882453 64 1716
35171817 66 8541
16408276 44 6894
1313337 63 3734
109096 15 4477
2404550 64 9582
1 92 148
21917049 21 8392
9793267 28 6699
11382918 12 8054
2056472 16 2760
19984062 95 7074
120182 82 5738
4865 78 1638
695560 51 8419
947023 54 3616
10942214 65 5877
14654 59 3633
7562878 63 9459
19291604 32 7580
2072926 47 8556
5123677 75 5772
30971597 43 8846
3239211 38 4556
197357 67 6392
16978672 29 7026
40871874 20 9888
14784 21 301
15849189 90 9827
579528 96 1315
344 57 63
16552 52 472
1162970 24 5046
10815031 79 7685
1188620 2 9704
27226765 68 8528
50683 89 506
150908 51 2793
3407319 59 7236
9897303 92 4586
9714911 78 6015
758570 86 3711
8979231 56 9948
22584248 61 9080
207682 29 957
7167049 34 5191
7578813 88 8750
16691003 64 5990
913616 57 3589
174864 12 7943
50035932 2 9965
265296 71 1105
9421336 84 6615
73241 11 8529
427274 71 1980
3712952 75 3141
3022402 38 3247
2058880 4 1981
1 88 5482
8321942 66 9180
2082461 4 3543
5395225 28 8194
10380517 73 8564
4661 9 3803
2626801 90 2697
5977352 54 4574
33147 45 274
9978232 39 8289
342731 28 5288
10480532 44 8916
112951 91 2269
35386 33 860
313419 12 3574
4383057 54 5958
3614423 4 7495
11389218 96 6499
5266551 4 8010
213538 86 4996
1804172 85 4400
1505252 34 6866
24221748 36 8558
3109597 29 2842
4266753 44 8043
5230755 21 4878
1296389 7 6634
219000 9 2202
3791151 66 6882
7928525 88 6674
621498 40 2715
3423994 90 3539
48767950 3 9853
5525 74 973
5876136 70 7390
28225 37 1508
9365605 50 5492
257645 81 8156
8805136 11 4653
6634657 10 6876
1457842 77 9418
4211596 39 4441
26479425 7 8499
2793735 2 5523
13266732 25 5861
1406628 55 4479
12107351 58 9654
680289 42 9144
11144227 52 7147
3083527 16 4407
4785809 8 6084
20740077 99 7578
315301 18 1058
1705609 74 4334
10443563 45 8664
16672942 70 6976
4201 8 9942
172903 60 3441
5935918 86 8525
25754683 81 9841
3037780 70 4144
112541 36 5097
11956603 62 4870
42281025 73 9109
2225452 95 2120
753542 98 1397
1295876 98 9911
4600390 96 5485
22629706 84 7197
1232645 21 2581
12493129 65 6090
19691974 97 7817
408952 24 2328
83373 68 4720
21928334 47 9282
7584126 100 9290
36613501 81 9648
4020558 51 5607
2458960 84 3659
1433623 88 8774
2283957 38 2408
5275614 8 5231
3243038 47 2481
13793082 54 7913
331807 8 6545
42508 70 1410
225197 21 3747
10527 88 1832
14161103 100 7604
1215016 4 1928
39943493 70 9161
2444080 5 6246
5391990 82 9148
5225027 83 3419
30334046 88 8337
4216076 51 4516
120740 99 5845
10855257 58 5169
1217326 7 3509
1 71 1197
10320479 98 6887
2718093 60 3592
9631307 19 4309
574797 85 1305
8382184 42 9460
1462324 87 2906
10125066 48 8177
3051253 2 4025
1 76 2344
214653 26 937
29455985 88 9522
174979 54 1855
12657132 14 7839
732814 22 5257
10013557 89 4471
7434569 86 8611
10221847 41 7751
12629955 74 7976
559319 21 4731
2466683 17 9618
4462944 5 7750
6751785 17 7862
513207 59 2248
1863905 38 8488
6081298 64 9187
131613 18 447
8941018 52 7378
46742 87 1303
33879 58 3811
1122587 28 1638
3454671 9 7454
7389660 50 8016
1749597 11 3421
4004712 7 7636
475521 4 890
1005380 98 6233
300943 41 2715
4399918 19 6539
1667216 18 2221
27698 21 2349
20733431 42 7834
1007177 17 8553
14940617 46 9724
8629150 73 5433
7026883 84 8383
36230299 47 8987
43301984 1 9598
177335 70 5547
1099775 36 5391
474920 90 8912
655811 62 3089
70473 20 3464
26138527 72 9508
7663754 100 6209
10954422 23 7080
977460 98 4008
4989466 93 7376
25329331 90 8468
125391 57 1787
13298 17 142
98657 97 735
15263581 11 6729
86153 86 2608
153345 26 1152
328342 58 2695
619285 25 5889
6679047 91 4522
424712 56 5975
330960 67 1424
522510 41 3360
12012302 71 5399
221152 92 669
225656 57 9529
6351774 97 8549
2917408 49 6870
528435 17 3688
789687 28 5539
8348332 77 7743
108341 99 1935
19521 57 2326
703195 73 2506
2374701 40 6233
854544 86 4450
4191 11 192
276089 85 5553
44495522 80 9674
190262 38 3597
13463 29 8883
3181 69 8118
41609 29 5979
15750653 38 8768
246467 24 993
854364 19 9476
1914357 59 2366
133016 44 4472
175957 1 594
4495342 57 7550
294276 89 6737
7533516 60 7201
9481369 34 5325
18896326 21 7004
5772763 54 5304
21016941 76 7418
1 65 2067
30798681 25 8584
7551686 59 6125
18821873 39 9793
1422652 53 1860
55455 46 765
3528011 33 6182
723080 15 2260
3497 57 1732
2990275 10 9266
398071 79 1252
3323 9 4067
140303 3 5999
383014 88 2088
680221 57 6246
433192 31 6647
713593 90 5092
133404 66 1768
5986117 99 6215
268924 24 1589
11524961 95 7454
8616880 58 6882
20104301 24 6660
5740343 55 8953
667759 40 3590
5242214 85 3613
60714 80 3194
102914 33 1319
149973 37 868
7507617 94 5503
5018018 14 3744
9136828 21 4479
53507 57 600
597574 4 1340
3665917 54 8306
300131 52 2749
10281508 9 7218
3853490 77 5000
410230 40 8922
7058374 5 7762
286325 82 3984
6444246 98 6052
9496052 62 8762
2470850 87 3430
323070 40 941
1467749 61 2770
207 49 2143
7003116 93 6225
482044 16 9482
1243919 100 8630
90076 39 356
3428214 56 4883
72736 5 9030
1300853 9 2649
21385127 32 7884
3273279 62 3574
8231711 34 8936
420654 95 2109
3980190 39 5846
8128219 46 4114
5023299 72 4242
103679 39 2709
7850952 6 7602
6204878 74 3727
5373205 98 4710
1280491 87 2012
5465547 38 3637
9086674 9 9973
28861509 20 7692
1687330 91 6202
21705057 41 7834
3455864 65 2829
1103223 19 6508
726121 34 2298
7875770 43 8039
1 38 598
972389 75 4250
2373746 26 7820
6208929 86 8549
16180623 65 9468
4534359 46 3851
487264 89 8847
5519145 3 6083
2905203 37 2700
143678 13 3423
1293441 35 2416
25884871 53 7641
2418100 86 2364
22851063 9 7365
1853737 36 2443
2744636 72 5590
2936 67 4584
2222045 22 9712
9787776 34 5024
3707671 78 7705
22657828 97 8790
532121 94 9231
4928177 45 3745
928940 76 1833
34744313 16 8443
1 98 1855
3448448 78 7809
271535 86 9078
6409935 14 7956
4668369 70 7008
10698958 49 9024
97740 39 1387
15658355 92 7071
1043957 99 9803
1068834 94 5443
179109 35 8162
81578 14 3996
226867 2 3612
10814046 13 6551
56077 61 742
16806 36 281
960272 65 5606
1511137 44 5791
1563271 41 5622
3772675 77 4034
44278 80 2198
734901 49 1190
1339506 19 7830
1284074 16 8218
26279 79 5501
1556090 64 9231
1019042 15 7057
16040212 23 6838
395245 80 1512
4001572 51 4932
1462054 100 8472
21704128 75 6759
5974165 12 4678
43901 98 3175
1566715 66 5082
22750884 38 8682
6894449 91 6866
75401 58 389
136957 68 2358
9464656 75 5093
106366 83 821
25221 98 1275
1 90 522
1 30 120
12436330 38 5454
1882 48 5832
4247574 89 7118
396672 2 4066
497749 57 1544
650 39 978
392206 60 8146
557486 24 1288
122632 36 6026
27576 54 3428
608652 98 2110
17659376 17 6558
647047 75 2230
20289659 70 6495
7728610 80 5808
1771491 92 7469
5854148 51 6957
1801628 56 5469
2248883 42 5835
26695459 30 7855
1349795 25 5649
259717 92 8052
2155687 16 3328
3112496 18 6812
625790 86 1774
72005 61 1625
5608585 30 4629
20124122 51 9035
14598326 54 9843
6527254 96 6575
247780 59 1854
368266 12 923
1201099 65 7272
8935413 99 8618
612845 58 1060
5070266 76 4713
463745 6 1177
246926 89 2423
6649034 3 3934
10554799 63 8162
362157 32 2187
877094 53 1919
6447227 68 7962
43378 58 6978
11627474 15 5759
30379 43 828
344823 59 3411
69487 35 629
1783383 100 2518
1381694 28 4992
2127891 48 2751
1328581 57 3129
6858591 19 5203
166925 89 596
11944 1 2493
2166487 79 2509
14 42 990
126 32 541
1 76 1864
7833258 17 8893
1 65 724
19193870 80 7802
5169 90 1185
1083408 61 1681
3098157 51 4322
229786 25 2644
1660845 90 3106
293 37 2054
784130 99 9443
711302 74 2587
315096 13 5452
19160907 6 7306
2476025 60 3212
1 74 250
1394073 15 2495
1798153 38 5541
12115753 77 4904
803881 23 3333
864444 62 6307
6318751 70 3915
686013 20 5741
573251 24 2757
181201 7 7470
109854 79 2807
53973 5 315
6676 95 813
12095089 26 6651
80198 90 6463
237115 62 1401
9115597 51 5124
2827053 47 6116
739358 42 9961
31774270 16 8837
855267 28 1786
19123541 99 6384
3454444 76 4754
1598567 68 3166
9266745 27 5842
23921085 92 7386
22087728 76 7017
779788 72 1469
32820 66 4745
5742271 82 4513
366023 15 934
824654 71 2592
1568589 73 3121
263949 97 2758
30280 59 6466
1309259 13 4594
3820 15 4731
17394358 47 9995
1705811 91 2222
6724528 2 7348
1369290 58 5750
2762057 1 7724
39083907 43 9662
919893 35 1571
166869 60 710
4305848 93 3096
2398224 13 3181
14934237 58 8282
9966 59 1447
204248 57 1409
1873101 33 4972
13617 72 582
2089204 67 3118
270384 66 3275
1451995 84 1657
22900659 11 8165
5923044 43 8136
4006 6 5316
1796507 9 7576
7400 30 1162
1524936 99 4058
910268 43 5616
5223229 27 9431
1284793 73 7221
4106999 34 4071
336393 5 6551
3748479 43 3276
10440670 43 5407
1950639 6 6953
7594807 4 8187
63630 28 9720
16757587 36 5915
5055102 93 3136
18379941 21 7324
4863770 69 6982
3906803 97 4429
7098290 37 6601
8087699 68 8151
8454573 27 6145
9212 100 690
11437741 72 5050
22501039 58 9882
26060283 21 9510
22864066 68 9129
15244929 25 7831
19031066 90 7919
266268 35 726
14670 11 148
1695034 74 2172
151474 27 1393
19411462 39 8724
22474978 56 8811
17189636 60 9027
10845260 48 4751
217117 49 2545
2190034 2 4904
85416 14 7540
129800 64 9998
5031259 46 7376
174248 48 702
1107812 16 3125
1603978 22 4054
5746153 57 6837
587478 69 2414
1055411 78 4556
4427967 67 9455
7037647 13 6536
894901 7 1961
1901479 12 2589
31044289 34 9951
28984 23 2141
1 61 1556
1375895 61 2801
1571627 90 1960
4583316 60 3456
3454888 94 3957
2138593 77 2801
2266645 96 5648
3268592 47 10000
4322032 70 4725
10086479 13 5502
4481259 66 4649
5618274 42 9343
273251 26 3404
21710 33 3264
2610705 90 4098
86 80 766
2016749 58 7106
28059244 57 8740
8361716 98 7099
13866 53 5591
282377 96 5293
26951521 43 8005
3353141 82 4047
27145640 92 9355
27049305 48 8328
777 91 2970
5057139 25 5337
14207073 69 9689
1755660 47 9725
24175446 42 8499
298232 68 4040
11112094 9 6756
1983744 50 2271
9496223 58 7169
28720669 78 7672
47519 83 487
246878 91 4098
24191 35 183
5685163 95 7643
3622183 3 5446
26367 44 2383
54042 15 6139
713326 2 1323
11126293 30 6527
85335 79 3353
1 60 296
8622120 48 5829
13552355 78 7477
88268 99 1257
927972 43 1596
65134 47 770
5396223 76 7487
1798099 1 3858
1056916 81 1667
7321900 18 3865
1 88 6450
14591391 28 8098
16675385 78 7045
3529116 83 3005
382350 35 2632
7559324 34 6199
14930053 75 7283
33018718 32 8485
7739142 89 5479
1 79 235
537279 68 5313
17632 22 235
23956365 8 9736
375450 50 2219
12061951 91 7810
3646158 47 5221
1496712 26 5179
17806 38 2927
89827 17 1026
12719427 6 6011
21808799 36 6807
7499095 11 6411
190754 39 8024
64933 53 624
306185 38 7228
16109 83 1767
1 11 113
173704 29 497
10016363 7 5568
6208484 66 8813
10899101 35 6287
100856 26 564
2182254 73 3064
9015416 100 5286
14051 53 342
60642 38 841
9424168 43 5335
13118908 51 6076
14174904 47 6494
18348805 34 7836
15459 28 8798
171294 53 8997
15211975 85 6719
14836 10 361
10727 86 6782
1 83 2852
9491986 16 8288
24689 96 6259
64852 34 291
19118400 37 8604
29292034 70 9052
693383 63 7384
72318 78 5657
773463 64 2102
27992249 11 9335
20564 58 2893
752700 82 1264
2996294 57 2360
132809 52 1452
2192065 67 8077
1 65 4152
144758 19 559
110722 7 4148
339249 20 4323
1123038 4 4128
17437694 81 6755
25361 35 2188
9997992 91 4862
209579 80 5741
483780 50 9920
2229 94 1878
12277801 62 9294
25680257 72 7575
12540628 54 9874
31640 1 2690
26044831 83 7383
8568654 83 5376
290092 66 4343
29773 19 1704
3261939 96 9923
6941267 14 6526
11739925 95 9989
1265231 29 2738
3112277 13 3307
152119 77 3414
681880 41 1805
1 94 5388
723278 36 3226
29909650 45 9461
3041860 10 8198
3196401 19 4262
3823 97 6955
6732941 97 9836
451501 90 1453
15860860 11 6754
408815 18 1820
13052 99 888
7084093 34 3966
2358 88 7059
39657 65 1065
6448 12 48
2835575 8 7265
11709837 17 5706
2540144 14 7615
565648 47 3762
1438610 67 4350
2016878 96 4346
1 75 917
3263194 64 6887
9421153 35 8397
22465 53 3189
772001 41 3372
97984 14 1378
13428952 69 6894
5180198 64 6252
13768900 97 9366
42340 91 1218
263443 50 6390
18263853 73 8350
68269 7 1881
121366 44 1510
2796377 21 2822
569590 90 2405
1202355 76 5954
17490340 11 7658
337353 95 5458
1136668 70 5790
15156812 27 6221
5262807 38 3148
1355833 31 7841
2935078 34 3514
2202 100 979
249 57 2480
479044 52 3154
20953457 86 7726
3225600 59 6514
25934835 68 7473
4013571 36 6387
164881 15 3444
502226 63 2676
672721 73 5915
25890 90 3378
1498992 70 5200
808281 4 1715
43554069 99 9965
622083 61 2895
17377950 15 9373
8628341 62 8082
22703 22 1657
1434479 51 2824
3339344 87 5748
22721064 67 9333
14757577 92 9096
167175 19 4158
40181 4 3290
154776 7 8346
3911448 53 5841
1156376 73 7242
24034860 80 6881
4178475 49 2930
2170577 59 2680
6675607 82 6197
2157879 32 2667
7011997 84 5929
5613811 1 9470
3125295 56 3535
198787 19 590
5988164 67 5003
72712 99 663
105539 5 9677
168730 14 912
1149 80 9101
3428 78 7643
1144196 74 9375
1255543 34 3853
3275171 85 3547
8807205 96 4554
1180240 19 8277
189489 68 5755
1289551 71 2758
314841 49 1521
21050 24 145
178384 38 7737
2380431 88 8925
3702983 62 7448
2267675 47 9022
18561099 71 7963
367300 79 812
1856429 15 6873
92483 37 1750
12447721 96 5053
2789843 69 4636
2146713 88 3107
1669587 89 6698
3267272 24 8113
2202280 36 9570
498578 47 1220
6255543 99 3487
1974058 7 3662
50195 85 2213
7589496 9 4268
1411 84 573
6970161 80 6010
157057 79 3686
5574830 11 3349
37364 22 319
6577827 53 6213
2695452 14 4394
1 79 227
852115 73 3661
275288 98 4001
62514 8 1540
12557799 11 8629
1689630 3 1982
4405 16 97
7796137 95 5552
302162 55 3750
3851374 40 5252
1834720 73 8551
51137 92 614
923148 32 8356
130003 81 8480
5274303 93 4259
1297738 39 8556
6934004 51 6054
16778690 51 6083
3657093 18 4883
23734544 19 7231
744754 77 4018
4735667 58 5411
1429288 73 6940
61604 2 5544
5985601 62 4462
173953 56 8322
13949 86 1259
450308 6 4538
11159791 69 9472
295453 42 1526
821940 6 7543
1269879 85 1914
134160 2 1079
2163448 42 4022
2624749 82 4701
8260 22 2323
546537 33 9630
177001 47 4989
473649 87 1700
2720260 89 8493
596845 75 1357
135285 82 499
3932743 41 7870
6085910 82 3436
34785715 43 9475
2606546 19 7359
26905126 25 7953
33794129 83 9679
6765358 25 9146
1914918 97 7571
35158118 99 8859
19988 91 1067
2366957 32 7142
13807016 45 7212
758996 41 8861
302469 54 3404
17097907 91 6777
6989 88 252
1 67 922
296202 31 8264
23886606 85 8041
4445620 38 4504
18564650 63 8838
13705483 41 5249
151368 95 4502
20560351 81 9720
6984690 27 7011
113468 62 1627
13268464 68 5234
14583373 58 7960
22806649 11 7518
1972817 42 3668
107925 49 1605
7245945 93 4701
505183 7 1218
4411492 13 6374
3417379 2 5567
4811421 94 6276
617275 78 1452
57565 15 8132
409939 15 1376
495111 80 2020
14932 42 426
400494 54 3065
2967732 59 4262
15535134 77 9257
85141 62 2339
29566 41 1013
2845604 71 9495
859758 21 2591
5033103 47 8197
509672 5 6515
107177 98 9817
1 51 728
979506 85 2833
430914 72 2595
19274 1 1815
372673 86 8526
2191143 13 6267
6441410 25 5266
4034912 65 7833
11301 64 4210
169949 11 1051
3705593 52 2949
12847415 88 6548
7440 11 5254
752865 88 1258
4780092 81 3552
357611 54 2949
12290887 28 7071
28056673 37 8652
226028 97 4041
7443493 39 6390
756727 28 8000
150671 66 528
36501502 94 9590
1223547 22 2088
8521205 94 7208
1422070 24 2633
28983593 8 8719
458350 84 1369
23810029 7 9708
130998 97 1084
948561 53 1431
11379372 32 8378
687535 34 1423
749481 98 4851
531883 96 3036
221750 24 4385
5981314 61 7978
4837 33 1205
4893279 87 3549
2600600 83 9952
3160 66 1504
8752 78 3882
3382543 35 6595
4467727 91 8935
18604120 82 6991
6383115 71 8973
380191 89 821
6276184 38 8106
1396155 24 9042
19338679 99 9331
593190 37 1209
1754501 81 2740
9185052 60 5998
10801106 92 4985
1134502 29 6967
236770 76 5100
55277 32 258
852831 69 2298
31012425 91 9031
11119 5 561
12799966 6 6849
28995301 29 9067
2609772 98 2677
3717124 62 7511
139704 14 9957
3998930 97 5173
221647 60 9635
5324796 64 5110
994102 93 4600
4337025 91 5838
4876 23 2516
1083382 14 2363
7545360 47 4702
16692 95 2745
3488664 13 3538
12945812 50 9862
835153 70 2558
1658205 40 2469
951862 16 8802
9626446 24 5384
10918 27 1356
1976376 85 8540
17154775 24 9502
9290472 100 8595
1775543 83 4549
32324419 32 8224
7258157 89 3804
25981 15 175
2322495 67 7802
1603608 19 4993
5142194 74 9298
219967 98 1018
26471995 89 8577
3992311 1 4556
3390233 96 9412
77222 67 5671
3567732 2 8052
8592895 20 6668
3040702 43 6301
17545629 96 7951
348297 66 4409
1 83 2339
1608146 97 3617
3797176 3 9920
3207864 60 4897
1332023 35 7500
13319630 32 8927
15229997 58 5977
2417559 57 3066
12450951 61 9378
3906973 64 5224
1 98 547
1 82 8894
356441 97 7601
1 92 5405
9324096 88 7942
325576 93 5291
307512 69 3060
2473540 72 6838
41671 28 1674
50085 30 4804
202808 39 7262
387105 91 860
2921273 36 2445
1048109 36 1800
1595944 57 2285
6223991 38 6965
18457897 64 7988
4262 32 3175
391544 54 8696
1795044 95 6222
3216094 18 7905
1054120 15 3699
3420991 8 3796
2670097 72 2597
6752360 66 6073
3156 59 1821
161612 77 5752
1217886 10 8052
1 37 9837
18202283 100 7317
376390 28 1594
26801528 82 7618
36538012 24 9111
2079774 59 3702
544751 3 4166
58670 4 682
35942796 14 8602
7462636 40 6345
1294160 45 8101
67941 45 2182
60778 68 718
7456172 95 3803
22475555 58 8086
3970334 74 4427
1595340 3 1847
55317 4 1668
23782 34 584
5329037 82 4879
394732 68 3713
5196782 41 5725
16067917 12 9114
237404 10 6858
159472 62 1884
21338 25 9127
6902083 80 6775
30874537 58 9965
47050 45 5429
27209031 20 8651
118371 68 7955
241327 87 610
21955716 26 7591
1014436 65 1474
4192711 81 2985
565580 31 2624
26167 31 658
28146792 11 9532
20875 22 2117
17746 28 1645
8498188 83 4146
14248519 66 5758
1 67 91
34880047 15 8904
25698619 40 7444
7515679 61 3864
16846263 18 7601
10888981 22 5051
2198773 42 8778
1891905 66 8638
17777926 49 6075
74063 82 586
7819608 97 4131
302719 57 2094
3271375 25 4357
663727 46 2473
4973639 95 6374
370947 58 4229
102427 79 1413
3429808 74 9168
2271237 54 2100
66918 98 421
25211906 70 8064
21344506 66 8501
20044188 94 9326
2723207 42 4137
298846 16 1853
19666321 92 8993
1441452 86 2871
5188 64 1804
620097 60 6462
397401 55 1228
1124669 21 4510
1624752 95 2223
5490901 52 8555
2508391 80 9717
9284560 58 8040
14046434 52 5881
3887536 65 4102
9463189 32 5263
955353 39 6066
2785170 84 5127
875698 22 7829
6077234 66 6144
16217165 28 8235
504252 73 5209
638477 98 2296
690478 3 3896
127988 86 2011
38082531 90 8757
641973 98 2386
46761 26 2905
530236 16 1238
1504355 50 9016
18544 80 2477
123802 71 3740
6517418 36 7435
1 86 554
1277350 30 6634
9650033 75 6197
3574 19 543
21436810 12 8356
780857 22 6921
20065166 83 7549
5108137 16 5906
505227 81 1380
27042520 52 7454
292636 73 2894
1339574 92 3414
270322 23 914
6596387 74 7262
1752591 88 4278
4953167 21 6406
4658482 38 4883
15814537 56 8536
3897438 47 2888
783431 91 6047
32907 14 4678
573835 95 2679
40714 30 8642
17017650 78 7462
18739945 55 9736
1634735 13 3554
961808 45 9568
16050844 59 8917
956707 7 3456
5361703 11 5531
7509 65 193
1803906 32 7829
18930 96 308
1592788 90 2896
132158 77 1976
7782352 1 8602
1162174 34 2504
1304538 9 4020
666900 33 4092
2266601 42 2552
4024184 36 4250
7475933 92 8423
3001902 19 4242
1696352 60 7861
308360 95 7036
16479232 19 8121
1384814 83 3233
3446679 12 6327
13620323 9 8614
36441422 32 8445
607751 78 1378
4817687 79 3546
9590853 5 8124
10993 1 4165
324513 50 1133
1174696 65 5112
410108 1 5606
98038 11 741
4025622 3 3788
1 77 3394
980577 31 3106
456676 98 2783
923507 89 6229
31992993 49 8342
1328108 49 3516
8282550 57 9413
13061728 95 6816
171127 3 1070
1418330 41 6019
700 95 967
17618428 57 7365
58720 39 4477
1721182 88 5170
10996323 31 9122
5441715 19 5253
16157 77 2239
2115906 7 2497
40359632 19 9620
159941 72 1260
3675 50 448
478197 79 1007
5390425 37 6133
2029248 27 3394
5910115 57 5838
3562076 53 5955
22654 17 758
3727407 10 7818
1 69 158
5052241 23 3415
15521595 65 6150
679055 44 4984
1577609 5 4956
17894024 46 6726
8359338 75 7398
2464816 10 2666
314521 33 1472
1698468 83 2824
24113 17 5366
439024 61 8897
1722508 18 7585
5048419 8 5252
21569 8 2138
38563 38 2416
16067121 45 6475
13174772 15 5493
12162594 44 8813
4255082 48 9182
1984005 29 2556
12596770 89 5432
3449435 91 5636
203722 94 2183
1357741 40 2014
5610251 42 7723
10169202 72 8398
14425 66 4936
5107384 1 3121
11163701 93 6700
680739 1 5050
6004846 10 4338
34940863 78 9718
16825820 71 6485
4568 60 7901
10152248 99 5532
14941608 65 6916
3303964 10 7787
2211588 7 3843
24031 59 4687
79963 23 1636
162578 44 954
1351744 50 4730
17432017 63 9427
14856 93 4903
2814293 90 2966
53553 64 300
210096 28 946
1383205 41 6819
26393 29 2222
39 36 4079
22282547 47 8024
6069200 81 6847
3369975 35 7943
5934737 20 3431
388432 95 6469
551083 93 5139
188 40 362
421330 11 9043
422 6 2691
361824 97 1421
789797 39 1370
46751236 24 9798
156257 17 1850
3816324 67 4051
21280938 70 8378
605310 5 2327
50343081 10 9973
6628882 86 5327
1 91 3310
175379 93 7272
5632841 61 7523
11057003 35 7236
60245 78 659
3226258 3 4224
11092559 96 7434
91310 10 1002
1987759 61 3926
1449392 58 7956
19310603 14 8119
532141 97 3689
5888290 11 6436
7824 39 231
25697 82 596
9923762 10 5740
7538411 93 5711
361439 17 913
27816581 56 8334
4505 60 1108
7072383 9 5867
58549 99 272
11921592 66 5167
8708973 84 4571
147935 21 3088
1736 25 417
152070 7 6818
21432476 59 9947
3688299 92 3661
3316480 79 4159
1740345 84 5995
4159102 15 8595
9528962 36 7190
5977020 12 6932
247758 72 648
237721 82 4673
30031 84 3196
2151247 33 4942
5511263 68 3833
2519637 4 6705
26876483 26 9332
950307 10 9420
2712863 59 5323
6197201 96 6632
24168 79 8854
1 92 419
5212709 86 5135
584625 66 8339
57416 23 3021
67783 23 3524
2023706 31 6269
3649528 25 4356
611698 72 4971
1176711 90 1543
5163266 84 4276
13907843 18 5526
32528 95 259
1026946 39 3286
366807 90 1673
8696144 86 4632
164514 74 9097
3199 7 2163
9487639 12 7311
7530334 73 4033
4194951 57 6938
8948849 73 8664
26372 59 7821
1399210 7 3150
2667395 1 3511
21639892 1 7483
6725913 6 5603
521270 72 4983
117706 58 4736
36135 6 291
2516154 19 2311
468681 64 9219
153291 25 1218
5111 63 1601
2338125 3 7683
1837 49 2230
35899006 50 8715
26320771 71 9774
2336293 45 6413
16549 96 3858
10118610 59 8405
1143917 52 9195
65513 67 3164
10448077 35 8564
35978163 31 9268
3965 39 1763
20967 53 1518
297554 44 5762
8143058 8 4219
1019283 47 8501
258946 6 1856
2578802 85 6055
44111880 13 9371
14879875 25 8204
3488934 93 3707
10672650 84 7712
11003148 73 5158
2362575 40 7481
676808 99 6396
18123 39 1321
417155 82 1563
44291 67 241
9095 10 1490
910821 93 1646
846779 68 4892
688177 62 9836
3058980 66 4338
2017947 73 8283
5375154 53 5389
176646 32 7354
372567 61 2914
1836394 56 7124
81168 14 2772
112737 39 1724
47508 21 1359
5956624 18 9810
4313010 93 5850
35612410 2 9502
9778205 69 8099
230832 83 9214
17879418 32 7817
1529656 35 3962
659009 53 1094
3616412 58 6003
189159 33 4611
2588294 19 8794
267788 13 1261
13502372 75 5154
2250569 1 7729
7267540 58 4481
9381 80 3337
9447992 85 9092
457735 75 1469
15659330 77 6414
270581 37 1383
16948240 70 5754
323516 58 2113
6800707 58 8423
970341 31 3561
21304 61 5099
223295 60 9836
54832 69 623
40043220 87 9122
6896 67 788
12124 54 174
4566543 43 8027
525128 65 3074
882931 48 6064
25820565 8 9341
2692481 57 3247
264663 56 5030
17735565 31 8016
125287 45 2306
8446894 41 7054
498264 84 980
2892580 96 3419
909156 97 8054
1 81 509
1627812 95 3059
3194744 29 2587
43855 42 3295
340067 69 1310
24714524 29 7812
1079109 72 3607
284494 98 5563
1738535 28 2492
1881196 84 5163
2294078 52 2181
7606896 25 5203
273215 98 2543
904 50 877
3765328 52 2673
701903 100 1092
20161125 77 8816
31675 80 2093
1455924 22 8781
16856448 29 7003
1 99 5125
82030 21 685
1387687 55 1886
4341445 90 7375
32019443 76 9344
17064 81 891
383876 13 2021
881235 53 3426
9322331 35 6858
222473 72 3423
1476453 10 2760
147442 9 1190
13853670 25 5373
974078 79 9764
10554525 35 4643
5621965 56 6287
34539219 29 8500
873281 91 2514
26428 95 205
557820 24 1922
16202310 34 6947
7024695 45 4424
6545748 59 5147
628238 100 9306
1966740 20 8601
2575666 30 5874
4985657 90 3983
6926049 27 5056
528383 95 2321
4113900 4 3236
2980914 83 5690
8507828 76 9067
2098 13 324
2583 1 5
32197027 28 8442
1698740 15 3146
7025674 55 4642
10066241 45 6210
17743836 25 9804
20888028 92 9392
133461 56 1980
1155324 58 2218
39931 18 5252
95889 64 2984
8457833 21 6868
11236588 48 9381
9550864 59 4678
28199504 55 9666
21269 28 265
33606 29 6328
37930 98 965
1394945 24 3319
9825 52 2421
23447279 69 7118
3519176 53 3945
726234 20 9573
16217642 53 8271
178677 35 852
574239 95 2214
11851629 27 8106
15599427 27 8648
175348 73 2020
5570804 8 5746
403599 80 1227
2577274 20 3685
1300744 59 2774
31898416 47 9479
236948 6 2304
3994457 75 5999
120929 99 1600
7013825 24 7079
4955166 77 5242
9394206 31 5320
3607377 84 6162
8699872 35 5912
807817 56 2629
10958822 31 9611
9212090 60 6293
276321 16 8432
4634793 27 4311
1934079 66 2498
572733 28 6909
144024 3 3977
93442 52 8471
4514616 22 7704
2241210 2 4758
3094797 42 6038
10743 99 99
2000795 35 2398
42263390 11 9977
682079 29 3898
111675 58 2840
14179646 47 8380
13183489 12 6359
5085326 77 3276
1 60 4907
8895884 88 6064
3434945 84 3359
452938 70 2497
381840 68 1934
1961 34 129
78638 70 879
766718 58 3745
129291 46 3216
81413 7 336
1122878 29 1521
6515157 97 6663
14186280 31 6604
3708500 96 7515
9130783 73 8819
3916364 40 8442
435117 57 2274
2365744 91 2949
83212 32 2329
20541 96 2640
1465155 31 2057
11219428 4 5546
8376 84 316
27754 53 607
6175831 38 8211
18832162 35 6678
3529547 50 6462
30759 80 791
420063 48 3127
52951 17 3739
50544 71 263
7534518 57 6045
621054 93 8916
173777 53 3641
801156 76 2429
118426 78 1562
12670 81 6163
1764280 88 4628
148616 34 8467
1342161 50 9733
69208 90 1009
4571475 67 6932
21009769 41 7184
173268 48 3960
4657569 86 3965
979718 64 3412
62575 11 415
1624377 47 9304
13360506 6 6581
103552 78 807
8777270 45 9994
11833166 72 6232
1806218 81 2017
488201 68 1069
3839019 74 4040
18093624 88 7568
173885 34 818
10538708 79 4671
573049 30 6993
13174656 59 5144
2617485 26 7606
79637 100 1665
28273 48 338
875873 10 6894
82182 70 1308
1693677 92 5693
5508905 72 4394
9724885 13 9352
238817 7 1895
10165655 51 7468
36010 19 1476
100572 28 5876
14358931 32 8354
3350 13 2195
3043831 29 7047
544414 24 7951
83010 90 1395
641118 69 8057
11150029 40 6132
162181 33 1615
77611 42 308
557178 95 5504
13579360 8 5801
16154448 86 8470
11718013 59 7086
4478211 90 7783
590007 37 1184
58543 72 7110
181568 47 1341
1012861 68 3884
289780 41 1180
163767 80 7330
1349909 84 5030
1183192 15 7110
291055 53 3474
22335945 34 8596
1961084 100 9755
6846813 20 5191
1871734 1 5344
12981759 40 6387
3561017 72 4784
10935 25 4046
227764 88 2557
361142 66 7358
22388086 65 8390
484358 99 1016
452544 60 7764
457768 90 2066
15442452 24 6915
973340 37 4475
458997 85 4812
9142059 48 6404
2507609 22 4578
486012 14 4198
1364771 11 9412
1619564 45 9634
1515562 11 4795
390274 12 1488
1217908 64 4288
775222 66 2499
13881858 47 9406
357775 21 2459
10889960 55 6664
14989285 29 8281
14785869 62 8815
932332 76 7941
1693 7 701
3203838 72 3320
1346 54 3266
5103125 71 5485
23280210 14 9995
15493650 34 9772
2490226 35 8277
9034748 41 9474
1271609 100 1897
18939927 66 6704
1530085 71 3470
43573 85 3097
20662 79 344
1156340 49 3634
991496 74 2398
484069 89 2707
188320 23 8375
39985923 92 8919
163197 74 802
349656 17 1767
12325086 32 6384
13153 96 4074
6775162 71 7276
38337824 24 9273
133804 27 1470
4404100 12 3402
62261 85 2165
384620 33 982
491034 63 9024
781505 82 5105
4474915 58 5296
2386414 75 2288
9499454 29 4713
14212549 78 5430
242294 79 1564
1984877 94 6715
127367 54 1128
3080222 54 4145
92893 88 529
1531 22 1413
1787902 3 5636
5525917 15 4109
1080890 57 3258
23080203 7 7013
443929 7 1912
448 76 166
168917 5 953
2296151 19 3167
6867284 12 6156
103904 28 1102
1 97 1542
18415835 58 8133
45347384 79 9615
17928759 45 6542
1914581 82 2539
397444 61 1084
32398 23 3272
38176 44 210
52142 21 5805
14853230 49 5410
1089261 10 5830
758386 4 5095
1520013 58 3656
1922787 100 1945
14807372 100 7829
562111 84 6016
29026 22 2437
30046 3 396
1 29 7618
574935 15 7603
10882528 57 8559
32247409 64 9613
30255869 64 8261
102599 63 502
6109596 76 4447
1 70 629
513765 15 7883
174308 7 1679
7750311 67 4078
1 85 475
14288573 63 7853
46925533 15 9796
15313766 72 5911
346154 14 4897
1453563 94 3294
161753 37 583
6553663 88 5818
2350373 41 4187
28790048 10 8428
1004489 5 5865
1012029 91 7272
251491 39 3065
37853863 43 9723
19325348 16 6883
6049754 94 3733
19474 8 2969
1976738 7 5250
1484031 95 3857
1764922 5 7620
20941 48 3299
25948481 25 8343
11242341 57 7234
309131 34 8957
150642 23 3878
2133246 13 4640
21584924 99 8782
3225495 89 7951
52969 23 7929
109573 36 647
1579095 20 3786
213853 5 3349
31632937 74 9642
30253782 96 8449
24322670 66 9777
9229764 13 7941
23023854 24 6713
624645 18 1889
3102636 42 6239
7816735 70 7216
2478344 15 2173
11701 2 671
9209980 96 4774
10996268 19 6867
3316649 64 4317
271458 16 6688
115741 20 1016
1 39 63
4952982 36 5927
11608 79 5882
83973 78 9168
378144 31 1021
14926690 37 5458
10024660 46 8708
121277 96 1770
298296 85 4794
47770201 96 9845
25975746 71 7402
1 17 5116
33001704 59 8210
3329907 1 3417
693919 80 4331
6169871 4 6834
599905 13 8113
13240334 20 7467
25931 53 226
137470 30 938
8605 41 142
9790337 1 7627
51528 44 1045
4859456 1 6567
892748 35 1999
27306 49 454
1 24 181
7719201 10 7854
1285910 87 5587
228947 32 2135
31338 62 3158
225223 59 1125
564033 12 3639
5919073 56 5405
13378 45 283
9050 35 164
807734 87 3100
8730 38 108
406830 93 6800
5607888 71 6154
779628 5 3383
1905721 53 2022
5925748 23 3613
43042 94 442
315720 96 3319
4794076 98 4674
126623 21 879
33772 93 4284
23065043 3 7760
6076263 29 4722
1 82 1158
1 63 4911
146296 98 3083
1667389 38 2712
2148227 45 2202
1073920 83 8309
1628 9 177
64374 1 382
114937 92 2500
388778 23 2509
965242 88 5842
6572485 48 8255
9080529 94 8059
19820294 17 7462
846282 79 2539
35516 85 9750
3846069 36 8830
17149637 63 6429
5568450 45 5984
6058560 98 7319
7843145 97 4063
24827 68 345
16697810 77 8279
5163515 4 4793
55070 42 1713
34431278 40 8217
5599 43 115
9160815 71 5713
7944454 60 8991
6511405 27 3945
561521 64 7524
93570 94 1741
8603863 43 7246
10288221 39 6383
3902 7 190
17212716 14 7203
33167964 29 8778
165175 62 1843
38116 31 972
2581944 55 8277
2332982 12 4648
4380270 37 3171
155684 56 1849
5771113 98 9638
2911278 43 9986
18397112 70 8167
17252499 56 7341
332414 89 977
500963 3 4979
443396 98 1991
418691 15 1338
10452330 47 5935
705279 94 1687
29280 74 267
2292210 61 5444
76714 7 3407
320940 67 1957
5325244 56 6112
2881 100 5845
695083 90 9712
389146 83 1757
3905853 62 3237
78065 41 3742
12874577 100 5527
17576303 93 6669
136120 93 8906
1203693 20 3726
2673056 36 4670
3180768 52 3422
2882413 41 2683
5952563 21 3705
674058 12 6979
2430904 70 3956
28131 73 7000
1678418 25 2700
14379887 39 8355
27545 33 3824
1123749 56 2320
1 32 48
27589 68 6047
5207168 98 4207
1 68 1130
28930 56 2878
35082 40 818
5357992 61 7775
4941695 76 5367
329 45 92
7310119 67 7680
1010757 3 1400
11261639 82 6235
1736609 1 3187
6968230 51 5460
21185679 62 6840
14303093 40 8115
2160360 16 9022
301257 37 1613
227731 34 1198
13239 7 2506
20098456 67 6864
2493714 100 2195
15045116 56 8583
4057345 99 8083
25798633 9 8306
7727646 44 6125
3247904 5 5977
2584627 12 3379
14610 6 5616
935797 92 4103
73352 63 974
8695415 52 8273
3905111 91 5691
51204 8 396
54843 4 7258
3707259 57 5438
632834 50 2214
2139412 21 3716
1305754 7 3378
7124415 92 9426
8542 51 1547
5431253 77 9721
132693 52 6493
11022021 97 9855
31270 65 244
1 49 120
72528 26 957
7122911 43 7214
1168153 26 4401
153711 100 1886
40017 2 7316
23222590 85 7256
4416476 80 5208
1567216 60 3803
19520 68 1467
5023396 38 7300
23199 76 5089
5799642 29 6359
8368862 83 3996
43750 94 613
11707317 5 9636
379857 42 2652
372331 38 4225
517140 29 1205
803484 64 2357
6115386 25 6127
12711062 95 5640
12255364 54 9123
391372 53 6917
1201539 55 5192
18637915 24 6796
10106166 4 7160
769592 72 9789
3318520 95 4824
6101320 92 6407
32964 45 759
17427966 57 9500
663560 8 1932
3744820 91 6108
5660822 16 6303
32759 45 1808
6155541 6 8619
5742368 62 9098
9535234 26 8950
8880250 2 8120
12449962 26 6999
305264 12 1880
4013817 51 3754
1417462 50 5130
5425705 13 5611
4177843 71 9943
422880 31 911
5539842 2 4889
272692 18 6759
22287576 47 8346
8502014 26 6799
340872 45 2291
11835469 29 7684
1117994 59 2642
248415 79 4412
7172326 12 5195
22006873 67 8351
6581033 56 5250
1906535 60 2398
15874238 15 8165
22600438 36 6667
23469848 72 7450
7618376 63 6639
17498932 56 7620
4358403 29 4506
3839005 64 8326
6796 74 971
6269177 78 4202
94429 31 7056
5345011 40 6725
3827843 46 3490
627349 31 1918
49331 21 1750
788859 42 4943
1238756 18 6174
1084896 94 1510
683796 21 3921
2500626 46 7702
37051039 21 9748
3090453 39 5774
1892901 88 9566
253515 28 1595
2230698 69 4888
12349347 36 6137
9138931 33 7521
410975 1 4588
125952 98 1014
4152802 99 3492
11085558 78 9552
324895 20 7333
3628619 41 9011
14029517 91 9755
10782646 91 5505
3404 3 203
48035990 28 9806
6314727 23 8417
4042692 81 9450
8273326 97 6786
10762 89 2377
71903 91 4906
1420668 2 3200
803207 24 2539
9394930 10 7937
9005 95 1501
529765 49 2073
9601925 49 5316
2146316 69 5012
28614 50 593
17638664 43 9893
12035941 71 9310
365111 18 8940
15816396 14 5754
856509 41 9094
5857302 48 9405
3767826 54 6550
761105 94 2433
3185396 76 8944
14157694 83 6799
1310879 27 6905
514149 4 3821
8058383 12 4044
60155 75 2524
9310749 55 9469
86815 79 545
6579 80 298
17221564 60 7324
9060228 38 5193
6827026 56 5509
63919 82 7177
6398146 37 6303
642956 37 7616
10470572 87 7480
2566997 93 9443
720312 45 9696
31656041 6 8667
13030425 19 5953
14779 34 3498
120666 56 1636
317331 13 2792
33034 5 1248
13698378 53 6667
6361254 79 8923
29352 44 3139
3066334 91 9705
1202140 65 4771
8454092 27 8278
22427 22 625
4909132 23 7415
15702088 15 7702
23049250 37 7967
48374 38 3996
7344739 55 5888
16108646 72 8831
147257 11 1498
130732 56 8476
1126036 42 8400
3467297 52 4112
4318787 90 5606
813874 3 2923
683541 20 1241
38484 13 7852
23659681 12 9249
301231 5 999
1033418 44 9304
1 52 7344
784469 74 7276
144573 92 3177
7951654 100 6573
243185 52 7946
97 23 567
19090219 89 6628
28688 11 757
6050305 5 3759
8542678 31 9629
283402 77 1005
3430560 4 3282
6076512 97 3718
7307168 92 6625
1638057 28 7953
12966771 40 9337
231144 61 923
3140823 70 7188
33855 71 2014
95508 67 5522
4704770 24 9530
38741817 9 9204
15188453 1 9564
79113 92 1748
17084992 59 8500
2125933 86 4167
8786 18 35
8810860 57 8223
3711806 74 6670
942955 77 4289
75332 12 1882
640452 59 1036
8578887 56 6452
14007252 40 7762
1199806 54 9031
7762199 5 8711
5893367 2 5320
3138219 95 8797
15886893 59 8750
1091254 100 7490
6718215 22 4146
453483 69 5431
4834121 28 8071
4095 68 487
16538786 1 8794
3029147 73 8528
5554470 24 6257
4461872 9 5130
1708280 90 4621
1222657 41 4134
20035600 89 9165
4437284 100 2984
1 54 2031
415617 64 3093
814569 47 8556
240358 82 1072
2680 8 667
4507070 78 3643
597871 95 2565
397927 5 4835
4922 79 434
3981894 65 5364
14530805 31 6848
1759961 61 4791
151153 14 8180
7317 99 345
11486450 62 6598
65251 79 554
27299134 19 9718
16652 87 5281
4479690 55 7411
473936 54 4783
423317 100 4707
13710 49 4031
279801 75 806
93930 42 9506
859070 58 3342
7709234 70 5610
3119508 70 8634
2501103 82 2148
4645393 48 9353
464 50 1562
2187287 61 7028
2596401 77 3043
14084865 62 7863
800143 70 3565
1682506 78 3517
9792668 4 9271
6940622 99 8948
1064 45 200
1663184 97 2125
1638152 20 4365
1567325 54 6439
1459884 72 3409
7680495 87 4620
5607106 42 5468
553880 18 1717
1870588 96 8390
39432208 96 9736
3736601 12 6326
2926665 4 9483
787739 27 2282
57680 85 752
146201 31 827
100514 19 439
12769448 12 5392
5947047 45 8632
31134547 14 7918
5211 8 3295
23275 96 1503
167467 6 2812
2142202 42 7326
1718052 52 7501
146271 31 6591
4018188 88 6231
20804420 73 8181
386628 51 8295
1 94 5430
38796842 4 9061
432865 39 2554
13436248 75 9713
1172784 78 1707
639068 93 5169
1 94 8532
206878 72 2566
2963427 86 4090
72453 56 512
6420374 50 5127
21810573 17 7537
10552688 51 6057
210088 38 8554
750339 55 6523
28165320 21 8243
104406 31 5776
78902 72 334
595 11 7440
10390619 17 7579
18252944 95 7561
393274 9 1256
10494122 38 4827
8700 64 206
21235104 56 7507
6624252 31 8725
43452856 98 9271
1035383 25 2719
306875 15 7687
85759 87 425
3570499 92 8825
3875252 74 7977
621529 64 2214
201187 65 2153
2330876 51 4145
17352954 87 8954
10122311 27 9370
9552566 23 5301
234017 38 1180
7300122 62 8391
6100179 41 9605
4317891 81 5331
2074739 35 8658
632234 42 1037
4936789 90 3126
269237 96 8919
1571292 95 1948
1689961 72 5665
3888469 40 5859
1403144 83 3488
1 94 101
2820805 76 8547
3514821 15 4933
1379677 80 6695
20080 4 3527
8054407 35 6049
654215 88 1102
6871976 44 7631
17415226 28 7041
3581734 17 9805
1918793 29 6037
1 91 144
4189138 8 8040
18741609 63 6629
3451291 21 4752
41313 55 1915
883146 63 9704
249274 66 1857
144517 89 6148
40525752 62 9141
66103 75 5243
220131 48 895
2581985 9 7164
2931758 5 2614
36291634 95 9118
134557 17 5067
1350329 58 2014
7957558 66 7829
38994 16 4092
2135319 4 2288
15386846 87 9628
230726 66 9431
898448 46 2687
237984 97 4992
14438219 7 7882
21725831 7 6731
386258 41 3884
7304970 81 6340
1 58 5993
14393535 81 7518
6204601 41 6890
557711 47 6675
1069391 37 1464
2250766 60 8388
4774548 88 3606
3279027 17 7339
2148987 37 5975
16372826 82 7484
1666345 70 4044
359818 46 2768
3309023 9 3680
3685778 9 8534
8168074 47 6273
2738370 76 2284
518850 68 6516
1553014 14 7419
1453196 21 4416
32717395 28 8807
434494 73 6197
190486 55 7348
5232136 7 6152
3386589 49 7460
616171 8 7533
14674248 30 6527
11064 65 4841
357 23 3492
13588702 15 6626
12803 92 254
15235369 66 9724
4980877 79 4821
279936 77 6005
14935 100 9012
4240 7 9126
199116 15 692
1069311 2 9936
3184135 52 5992
25760176 92 8731
167848 9 1096
5513550 63 9845
13208 15 148
8657 66 192
6769591 40 4658
17484026 63 9105
624500 9 2337
3181440 99 7430
20203604 15 8071
2875898 32 3316
1937617 8 2355
1376361 23 5910
1089689 46 1386
144 16 3006
33465553 49 8802
15820240 33 8154
16486726 77 6769
7509601 81 5050
40310007 99 9092
260742 38 7599
62131 18 2274
20644708 25 9403
2037864 47 2071
5498758 77 6310
6600701 28 7158
779418 57 7688
51512 73 633
9403983 76 5320
1813000 99 4480
205499 14 6015
27668 56 5072
1398233 84 3529
2820638 95 7965
27334639 73 9072
2765324 68 6118
1365675 82 8149
3527425 87 4080
38281065 39 9438
4834394 96 4505
16172345 84 8269
1000 13 228
744045 32 3272
84464 11 646
1699300 78 7163
4651581 66 7249
308367 90 855
2713978 31 2252
7410585 76 4594
4544662 66 5382
314267 39 6830
2160725 66 6460
7090 10 550
11558826 100 4713
4303645 70 3246
4678992 28 7018
1804260 69 3866
7044065 65 8568
9955749 18 4421
1 70 175
7591222 73 8904
25764366 27 8374
407174 34 1458
640472 26 1285
6231105 42 9580
1799157 54 2013
5389352 25 9105
1496468 41 7421
643382 97 5641
5495000 92 3814
6172547 55 7351
810437 45 1730
670711 44 2390
13465545 73 7864
1874993 8 6771
2448493 14 8366
7293 86 283
5881298 74 6038
11181 64 287
5259419 77 7837
2075914 41 4061
10574248 92 8178
391951 97 1867
3586914 41 2952
28177602 100 9747
96884 80 3834
232840 94 1409
10282707 35 6510
22947524 15 9811
668141 97 1856
10346881 65 9743
6018728 38 4085
771167 89 8910
1848282 10 3957
17276244 20 5948
21701 82 1020
48715 9 502
477 69 585
15073542 63 8920
26512 62 2457
24597424 97 8241
1671185 37 7643
71807 85 2463
12976349 95 7908
149552 20 2122
20935547 52 6968
54584 32 1125
3773825 36 5730
1181871 4 6813
4512794 84 3242
13072794 49 5700
581984 57 1339
736217 74 7034
82037 14 7770
1210668 75 3649
4071041 34 9541
979704 31 5758
6546476 55 9736
32340592 67 9346
626192 46 1181
30320136 79 8459
27290954 45 7905
24587031 22 8530
165156 60 1918
1 52 4590
3046621 58 2916
1775196 2 2425
3361618 37 7038
1595134 66 5459
2076275 53 2415
11514693 51 4866
23222692 3 7297
20961 71 4988
384986 18 6324
965094 83 1394
13130858 43 8206
9708527 73 5309
1469630 80 2233
515939 87 3616
295072 66 2555
712205 80 1838
11346258 18 5301
1171102 55 9092
32044685 3 8274
13202071 36 6262
1 59 7202
1 41 2344
4168267 96 3910
20827645 35 9616
37316 27 1497
12708 77 7921
191802 9 1627
5615819 10 5926
93941 88 5528
14296103 60 7159
1330630 43 5086
610803 55 5317
254912 29 725
505590 41 1278
11523237 27 5237
3710984 25 3704
10257618 12 6341
8034 39 2788
1899 15 214
1047121 9 3224
6364 64 78
4346616 2 7606
786042 3 5019
4303659 31 8991
363327 50 8538
28946876 90 8939
4921311 59 4956
19338953 80 9993
8123310 9 8227
282725 14 5865
3216738 91 5152
863197 3 2768
97670 85 1487
6365729 100 5901
15731025 84 9325
5783233 55 4925
11734616 31 6893
35623990 38 9125
87884 35 1024
4250 80 1272
33210387 30 9403
3839 85 1300
28183 69 5110
3640117 94 8198
4853756 8 4786
8189055 80 7855
312683 49 1236
19003243 78 7716
26316722 97 9522
683510 48 5671
6273 57 565
757542 71 4564
368476 76 1625
1715799 31 8790
435427 67 1680
23254772 3 9909
19341102 82 9832
3950405 67 7886
30417424 90 8102
7248 39 998
1395048 81 2712
12334026 86 7931
103600 92 2005
25803832 44 9535
23412536 4 8516
29705296 69 9906
7099781 54 9085
730106 29 4986
2641075 46 3802
1862192 10 2895
599688 75 3788
6889062 30 3926
7680652 25 7486
678286 40 5297
50325 94 2056
15894797 71 7948
8083985 84 9312
28730822 68 9252
2782748 63 6691
3295554 79 5293
1373709 84 5435
1 98 4573
636533 33 4332
295047 15 1821
1936142 92 6961
631 7 3902
1345752 100 4233
52698 40 8457
190240 22 2853
470022 11 4594
23940 44 679
3732353 80 3866
4258153 88 9604
2378941 60 4249
10757273 85 5682
390401 13 1919
2918002 32 5264
1573906 1 2094
19060297 46 9307
17174326 56 5847
13367768 44 8808
341820 96 6817
975570 81 2391
120639 32 4910
2884067 2 4106
1 50 1207
1877946 64 7795
89658 27 1339
1626040 86 6089
15119226 68 7538
4212154 51 6623
571065 83 1788
2068108 88 3114
24621844 75 8160
1209907 7 2005
245710 46 9479
3802929 24 3143
380135 81 1776
6177 7 51
227326 70 904
11136 70 2368
4069318 93 5567
24478398 75 7345
160219 14 6315
438522 88 1251
251204 50 3784
8714402 43 9670
58757 2 6672
668052 63 4947
4050 51 5775
6859449 33 8675
559062 9 4562
10220957 100 6323
2817944 64 7961
3368443 7 7058
205448 44 2949
1550064 3 4135
22640 55 234
8024228 84 7581
675213 21 1680
1963081 96 2312
77479 45 3326
4099500 70 7704
2299384 18 6175
24731411 18 8410
4011582 14 6412
744720 73 7561
150813 9 2878
144085 27 1759
1524571 29 2384
10982976 34 4715
1921295 20 7201
825730 81 2446
3518344 79 2936
3785016 95 4513
26416348 48 9820
38798457 61 9892
1 90 764
7773150 46 9458
1043374 21 5906
1397339 50 4149
1228275 40 2377
3482287 38 3660
23648506 39 8405
26538982 65 8595
1081691 30 1475
11610 11 1605
10613652 89 7730
7628737 74 5635
561816 1 1438
1627473 19 5131
894189 41 2408
17844 8 1412
4387648 70 9586
385 58 362
511278 53 6990
2324040 25 7193
31365897 23 9810
21921 47 508
14673408 89 5436
332143 24 1114
9266 72 930
184586 38 574
333378 54 1221
1 58 230
2099229 43 4101
15304761 78 8679
14637283 65 8201
619104 30 4177
12842390 35 5346
1765351 97 2509
3208417 39 2984
5595 44 9543
4501550 4 4401
28642016 67 9016
4942842 21 3180
20050059 56 7131
3816478 96 2957
19501 17 1204
118745 98 3323
1766122 55 9839
392 92 336
7033375 40 5582
10144149 99 5028
286199 59 807
1124806 30 6979
238019 43 2871
7783088 19 7099
11172247 51 5541
103285 52 1650
54432 98 1098
2054474 98 3395
251278 62 836
5152470 93 5125
46070 84 254
1206964 14 7238
6531992 8 4380
118445 56 1704
98651 59 1236
3010457 58 4130
7663 67 754
4376335 85 5933
1604074 56 1962
23414175 38 7831
1820875 58 3370
14084433 17 5781
36377281 64 9777
3529966 12 3408
9900167 59 8014
8551607 57 6957
19985896 61 9005
7282591 57 9477
1396657 92 2829
6314738 97 7073
11095934 72 6638
501919 64 2750
1504529 99 3853
31642776 74 9954
9801 68 396
1940534 71 2470
885125 8 2658
41254140 78 9443
188920 91 5883
27184 66 926
134692 7 2121
4272968 8 4518
16085861 2 7072
234158 41 913
249875 96 5569
1603 81 444
2715777 77 8465
12785293 53 6202
1330163 74 9452
2271451 17 5397
3231 3 7338
36120881 72 8880
15304567 40 6760
399314 74 1008
7340019 34 5788
15864209 34 8711
6423829 46 8210
3002776 86 4906
2696865 12 4268
7223284 74 4256
17605785 2 8274
3265686 55 4140
489753 10 1247
1747375 3 2979
39946 93 5077
7808541 32 6534
210862 2 5061
5305274 30 7387
1713070 62 2267
9743090 30 5726
115645 83 528
4066169 38 5807
3733135 73 4066
312049 56 2740
43614 15 676
1656556 8 3889
222532 1 2863
559139 33 1901
526068 92 2343
2493272 86 9341
18560728 25 6614
2915103 14 5145
7951441 51 4284
1809392 79 4284
7610530 2 9055
9295935 37 8444
1149521 87 1957
1422355 63 2016
7730742 81 4441
10229 61 1776
412551 97 4998
12695346 24 9909
1184324 51 7133
1103399 19 8525
60670 41 344
235682 100 2610
9283 8 4904
10193888 52 7028
239557 70 1426
704653 14 2892
8317019 38 5772
1 78 183
7033301 58 9438
34786162 28 8653
1 74 3144
1 67 3704
1415803 19 5220
22594 53 1816
12504028 9 9461
24913437 45 7149
13407225 68 6760
5381587 83 5420
46190431 17 9607
2472882 30 8255
226322 50 1197
23133733 83 6908
33508302 92 8175
8653 93 535
3066675 71 4379
1520096 79 2825
37229930 26 9367
3492261 74 4511
29866700 4 8208
819838 11 1184
19706637 76 7309
2594663 56 5397
357861 48 8209
455693 68 8079
25729328 11 7571
12438638 60 8444
39677382 28 9576
44087 27 388
1967919 6 5963
29452350 20 8265
626298 63 4313
1250082 10 8485
1201510 48 3933
5079559 20 6092
348 8 99
3041722 92 2564
501086 79 1000
3734287 32 7712
51585 2 6162
928802 95 1306
4976259 9 8033
2263710 87 7082
449256 50 3070
9225048 41 7236
30339769 25 7743
54724 79 2878
2076412 22 3277
8025551 5 4439
4441092 70 8276
424001 87 1409
713376 16 3036
8886149 68 5218
4468 11 1444
8020285 79 3936
268630 4 4213
2598 54 62
3836826 28 3244
1608081 68 2745
313966 54 4587
6946335 8 6209
6212276 46 5661
10427 16 496
14169154 26 5360
1494771 19 4075
387930 2 3655
19198079 43 8688
4440281 81 5342
2690 21 23
718880 34 6806
6480588 48 5275
17198 43 7216
6619195 94 9461
49465002 50 9988
83036 79 842
23487245 91 7370
39899 28 8135
10151726 51 4778
8176218 8 4557
24211 90 3771
15133 26 315
9044886 27 4432
8156369 92 5514
3546036 54 3037
823 26 168
7221333 79 6809
33826854 30 9994
298086 31 7547
25939730 69 8970
6217839 44 6659
14646985 19 8891
740373 10 1478
2527733 14 3176
22567906 65 9502
8146191 32 9749
16731102 55 7362
29196484 75 9905
38518028 13 8694
32660309 58 8493
6921002 92 5375
240304 29 9309
391087 75 2790
2472273 41 2875
10675296 13 6692
915623 21 5472
2977114 64 2631
7785114 77 8791
20735106 89 8133
5302703 50 6920
34502904 98 9240
69219 35 345
393322 74 1068
165330 60 775
12276506 13 7791
7499703 11 3942
377983 47 7827
649559 54 1569
27492270 26 8227
1306670 55 6678
5056770 53 5449
2804855 44 8957
780434 5 9738
58234 89 1008
463000 77 1614
298678 11 906
27884501 91 8729
1031985 4 2343
856419 75 3595
133109 36 2562
238038 25 4731
3603588 54 4704
17165556 85 6158
2545673 8 2268
10403671 28 7320
1430579 8 2194
16556053 78 6230
412106 92 7585
6545667 86 5833
1012572 88 6861
2771619 93 2694
14337809 34 8670
2149383 46 4160
2591578 16 5483
8512791 1 9510
1118119 20 1420
43065140 97 9415
11481952 3 5719
150968 22 2436
10489 7 1232
192393 5 1459
39853106 85 9101
1 79 84
40282 22 795
49714 59 606
1833876 84 6918
1 51 1119
964094 100 4106
2070311 9 6744
8833735 62 4770
1919004 43 5428
28683848 72 7923
1 49 5257
3897126 95 5921
6487456 95 7184
2245773 71 2769
35326359 88 8771
98578 11 521
3582502 78 5513
9368462 51 7144
3291163 34 9966
87677 63 1909
16054081 23 5728
4435478 39 5692
12837 38 3705
865773 6 6237
1503495 19 9207
14860325 89 5590
13571623 46 9063
18070441 1 9635
52525 37 5526
420796 53 3785
156627 10 1911
23983 23 1101
10426722 68 4747
321301 10 2733
32403 16 4328
13985108 23 7634
350866 51 9723
844388 51 4705
1378987 57 5453
926291 100 5188
343510 3 3875
57836 98 7086
921471 2 3545
8939313 95 4434
42580 25 4389
3410689 20 9857
1334399 78 3150
1224501 60 3875
17921886 28 7708
6139314 1 4991
3275570 9 4589
228913 44 3239
5730721 55 6744
16749440 85 9468
4374924 79 5524
908412 71 9045
7116640 51 6484
3493290 94 4097
4889721 87 4396
425041 95 1720
2297892 57 3824
2837050 18 2846
2759093 44 9497
1311267 7 5420
235430 69 994
3422192 64 3617
8638 49 1372
3127225 100 4422
73585 56 4403
2699779 15 2723
1610471 17 2600
25253413 59 8284
11784267 94 5741
10340205 42 6543
53404 51 9002
13595160 50 7649
290164 84 5273
44380803 67 9769
9302395 8 8414
3603676 13 3112
44349 98 1457
233899 16 5640
736971 41 3927
11029251 33 4842
1379859 2 3134
32786938 19 9992
7817860 11 4685
361267 25 8485
35637216 62 9958
2862988 36 5026
185552 66 6387
32175888 53 8699
3979417 63 3843
5061 18 1548
489028 81 1157
19247412 72 9449
8436427 23 7901
766875 3 4194
4951175 29 3875
23760 39 1464
6238338 37 7826
129052 79 2272
607206 19 2942
4204252 51 7803
618588 32 6134
14080763 41 5916
1706107 96 6758
17541931 97 6574
223980 79 2590
6369871 3 4597
16657612 62 6678
40859 11 740
898152 99 3791
1884 41 9118
3888937 31 7178
27936732 23 8854
5655097 31 4777
2664799 24 6484
1483218 71 1690
62530 81 5461
151421 4 7946
22563302 49 8592
5890435 68 7197
8071272 58 8692
15612150 50 9018
10721501 43 6991
2554490 34 4218
29958 92 5593
6856601 10 5833
2797413 64 2792
22590336 81 8901
100736 87 521
10947199 18 9200
3752577 88 3475
96246 85 708
29675 61 4870
218335 34 7195
2387600 89 8479
134626 73 453
18665250 53 7150
2667162 25 7924
4 5 791
4647762 68 7800
1062089 27 4913
15053454 64 7029
156212 100 9690
120082 75 2508
413552 2 3250
244138 40 1397
393066 30 8544
719031 40 2317
1913008 96 2924
5405146 2 6774
3008088 27 4409
23999 24 6015
5502874 49 6617
854357 90 5147
2173752 53 9192
33850909 4 8994
62506 55 3778
14773205 31 6670
2927321 69 2585
6727816 66 3630
3952 13 4410
36767 64 380
28989 23 936
12497502 2 7067
1426072 2 3273
97418 69 2482
34912 94 979
9444 61 493
29468291 52 9362
5866357 5 5269
1 96 99
24161 50 3940
8232122 5 6225
456732 4 855
1568696 36 5325
802452 6 9883
985840 44 2427
11467099 17 9246
38878605 53 8841
340132 39 6888
3607715 70 5433
24079249 19 7500
24856060 15 9401
12976018 88 7388
7003927 56 4823
118020 45 677
1020174 85 1896
5050953 97 7307
6135755 91 9484
21473349 77 7609
13091655 48 7353
4178377 70 3625
1 93 1392
9657352 98 4575
12442291 42 6441
8499307 16 9168
32366779 29 8090
14316 22 753
116935 76 5300
21021210 10 7052
16777316 24 6834
69652 96 8951
161191 12 1630
5086376 83 3857
149881 39 859
1729877 92 5401
1799737 47 3661
69169 59 6032
1 64 664
1 68 2960
20074 98 3269
36622090 91 8746
1051298 67 9408
6844882 58 6506
5973479 87 8034
333096 17 1153
293979 6 2019
13196518 67 5601
3946634 68 4999
31682489 56 8061
1649531 20 8630
78117 7 4161
1887206 47 8401
2580606 14 2420
17945223 59 6253
1 80 4843
423992 63 3711
10215205 24 6822
294077 17 6793
6121011 79 3788
20313912 51 9180
2436929 52 3958
1886713 90 4652
26418789 4 8361
3625 100 1141
21848862 81 9443
695633 45 1519
6941142 69 9002
5454986 81 9663
7693751 92 8468
17826 19 3702
77047 63 1325
1798718 93 3417
583616 60 2301
9684220 56 7289
205880 58 602
1472 6 5455
4818326 59 3927
1135513 36 1608
11755569 79 5736
27364328 19 7867
9908611 23 4571
1306528 12 1644
2527 34 101
3850629 55 2832
424295 36 3282
104482 15 719
11901412 75 6750
284885 6 703
5075601 9 6273
29453433 40 8938
577409 63 1256
49641 70 2358
1870303 82 2093
18324116 16 7124
188016 49 9971
336543 37 1448
32714461 88 8504
13075590 70 7106
43263580 75 9668
9859984 77 4441
27317 43 7668
95057 74 7733
1158455 24 1485
14947 70 550
4955972 91 6665
4420046 54 9445
4299595 28 3446
25420458 48 8535
2327537 74 3703
1296332 88 3450
17715 65 373
1 34 1171
685336 48 7105
5587811 75 5757
199374 26 2637
1 67 719
28947079 67 9504
2312086 42 2495
295212 35 2467
32152 90 609
331584 77 2480
650276 47 7506
85091 9 2068
44593 85 3089
932667 19 3543
23547302 1 9635
423701 85 9643
41856668 22 9263
35563787 52 9338
4297664 64 2866
87798 85 1874
6259040 77 5625
19433721 60 7272
10776149 34 8898
180014 39 4701
2097711 100 6869
2360979 41 3512
518999 55 4677
12064143 41 5977
528259 19 4447
12159745 84 6680
12405209 62 7885
316398 27 3733
17584403 56 7717
843299 9 2162
10748173 76 7717
1062686 62 3470
36630509 31 8496
343 37 295
53321 39 7248
1407168 70 2499
3458048 93 6623
697383 91 3368
3275678 18 2544
644294 10 1502
6500467 73 4016
7467145 57 6471
184530 94 7827
4183334 2 7826
193128 17 1774
362394 53 3459
12604906 46 5762
7498958 85 6687
14760750 57 5682
7132269 55 3983
1794159 49 7670
1029717 44 3796
14635231 93 9770
2053817 66 2042
14144839 20 8851
10179800 67 7268
27519008 21 8906
20474028 65 8653
2104231 22 7600
363142 60 5840
132569 59 482
1156577 48 2509
858430 98 5775
351767 31 6504
784382 29 1592
15153176 87 6700
394955 46 5604
868276 68 2749
25925728 77 8407
47206 16 650
5628365 63 4003
20966243 99 8874
2543 67 1198
13062454 21 5128
8561933 45 4916
8208032 59 8454
3005080 49 5134
12380660 62 7588
10363925 31 6004
1329934 4 3355
7168844 22 4294
6471 46 7110
31073766 35 8026
4112 77 286
3393576 2 2938
74425 31 1633
3198583 8 3666
14923397 76 9643
5943085 15 8116
11980268 25 5579
2540764 89 2855
33877 30 1715
1898556 44 2383
1636144 95 3335
92619 58 3074
2825564 95 5109
5828181 70 3582
17937025 4 7661
3445661 28 5000
68851 58 1951
6302595 28 8049
7846703 50 9746
42499 6 7090
160391 43 774
4193664 9 9256
108080 43 9315
844545 87 4024
8090539 3 6875
345536 68 1136
30639500 72 8255
8314960 59 4708
297519 50 1230
3218394 18 6574
5595 46 512
884814 75 2904
682331 59 1274
2145661 53 4839
24560778 37 7477
4694525 73 8181
778504 51 6417
3168692 29 3540
1263259 2 5314
3889450 84 2696
1029595 19 2445
857229 93 2083
18243 20 6517
10703 43 447
18565879 58 9844
809625 15 8702
1475198 56 1669
11356987 83 5265
3332633 91 5208
4911488 55 9683
11108938 50 7740
16095041 22 9510
109749 94 417
97511 62 2689
1351283 78 5811
3168139 93 6243
69469 67 504
37364078 17 9063
768995 16 5964
1431959 38 6769
12935214 44 6916
1196316 16 6978
314935 50 2349
14522600 83 6623
7057067 77 7476
8758502 79 7289
128031 70 3314
16731099 81 9965
298 6 8061
7115055 22 7473
1379105 76 7674
2953159 3 6406
39976413 49 9467
182906 38 556
224579 92 7468
4867484 51 5788
22224652 100 7179
414733 29 1591
77924 64 2340
7592917 90 5112
28659498 19 9943
2920270 57 3122
4661443 20 8392
175164 91 5603
1666650 34 6829
1083881 64 4909
137268 20 645
9198049 23 6006
17870314 97 6826
1933765 64 7387
1918663 80 6127
27555406 79 8264
8648157 46 6051
87935 50 1370
19367892 13 7630
13944340 32 5620
867247 60 5490
3456878 40 3953
2233658 80 2142
29030 35 6957
2484737 11 4428
20593211 22 6382
1588397 37 7708
1094432 60 5060
651911 86 3035
20019855 23 9275
2001213 21 5088
276869 68 1206
95570 25 469
12567990 42 9720
319412 76 9318
82400 31 983
307734 31 4599
2257866 37 3280
27122 54 2874
7036535 46 6147
40688838 79 9348
2457907 94 4238
718274 17 3894
5334300 20 3980
8402109 65 5770
3013235 9 4340
32426431 37 8981
827622 97 9119
351031 10 3579
18326299 87 6450
8532 87 2392
857443 49 1323
1 44 735
1074518 31 8530
518339 82 1063
2941958 40 4590
2924815 17 6634
19551276 67 9498
10245 3 1069
909875 61 9135
286510 14 3150
11645431 41 6208
157749 6 4126
16028949 37 8136
333322 16 4614
428852 91 5043
1 73 2408
186 28 1166
8604 36 193
1907919 47 3808
233509 17 881
2950389 38 9779
28775271 81 8604
2335 66 4223
1486258 39 7466
62853 78 729
1092832 46 5034
433535 14 9072
15710330 94 6313
518599 52 3269
3078219 64 3948
2882820 49 3394
180620 81 2002
13319108 93 7477
3219169 67 6280
1414780 76 2304
7291992 24 9326
25877 76 715
954415 51 4598
1066198 26 2261
1493511 46 3741
2030981 21 2830
125505 65 3162
4443889 37 4405
103375 75 4442
3541087 64 5182
3198909 83 3095
4168966 53 4319
8695968 21 7280
7048669 90 6798
26782524 19 8610
3931233 15 5538
5001104 68 7922
3301417 37 3281
268992 66 1943
2592432 59 4545
6204762 40 7061
567530 52 2530
1197891 12 1512
6245262 38 6308
15270655 51 7750
5984593 23 4706
16871108 81 7221
1669731 5 6612
3132798 8 3897
757870 11 4798
12927738 60 6850
27804 19 2594
1287121 71 3020
57680 99 615
2905787 3 4173
456662 78 4942
1150499 41 4619
67074 63 492
2441094 4 6274
1236 33 193
12259738 66 5557
1405575 73 5573
235644 98 8097
29601 68 9180
1197078 7 2885
2524058 21 4378
6141569 100 9029
309551 59 1327
1621280 89 2002
7521428 13 5086
1270357 45 3752
630177 93 5525
8451316 53 4471
455080 70 3972
197230 38 2395
43084 61 3821
82199 36 3566
7248 54 895
2513 70 782
8001469 16 5821
18688361 45 7323
22350250 97 9930
1305126 12 2427
9389535 73 8383
5319465 34 6463
3163911 100 5519
861878 89 6434
1823813 46 8942
16289558 93 7674
6224532 6 3825
46945 32 855
818897 50 3001
1034435 52 4260
8926201 32 7027
1067337 49 4757
5022382 50 7290
8068215 24 4275
21315926 13 7146
973364 86 9451
1024507 64 6045
1598775 13 3350
2173246 84 5161
5053499 34 5844
91952 16 1420
344355 4 803
889216 39 6015
3220614 61 5261
289602 83 3170
2780056 27 9037
192933 48 1280
35600 67 485
10397670 19 5029
2788032 92 9660
15856644 42 9292
305804 51 5172
88515 36 3929
6085817 6 5026
130227 69 1292
1158772 31 1705
21063491 55 6844
1 55 474
28096739 47 8444
220112 34 3679
7693685 53 5793
64855 65 349
483833 86 7092
12218541 50 6302
12732759 88 7069
1286025 94 1620
15661395 52 8199
49591 2 371
26536159 42 8451
144372 53 9615
278702 98 3442
17336 61 8034
1387694 89 7556
6490877 47 6801
957449 44 1662
30455567 94 9117
2525228 63 5142
13135963 96 8743
4913705 60 3783
726507 89 2774
17002 13 2607
2431 41 5831
27685052 63 8780
622917 31 4034
551959 9 5609
1387702 86 2825
516795 98 6766
1 52 1130
6295786 6 6377
2335053 18 5048
5701534 39 5448
17708 95 1133
19092356 75 7548
1111847 24 1859
5905842 34 8028
902267 99 1588
8256494 64 4688
19545909 73 6437
645850 11 4529
44858 97 8792
7529673 47 4042
10319192 30 5804
81373 16 455
1148617 35 2738
4299030 29 9584
32667 66 3795
334723 86 1008
4467057 39 7769
3879711 26 5618
12541465 40 6115
493219 8 5405
2589837 62 7506
336044 19 6552
4574789 48 9995
501430 68 8175
25605104 74 7288
6162763 52 4002
15236454 30 6409
288925 48 4497
1769351 1 3632
856187 100 1539
532772 97 1060
2620756 65 5515
1102118 89 2453
3288685 90 5007
5005805 70 6137
22998246 61 6844
8891299 8 4604
11226985 17 5044
879331 14 3345
5233136 54 9364
593763 10 2765
19806337 56 6345
8178397 27 6480
9076458 45 6217
10137579 34 8249
3589 30 189
4205575 18 6408
808646 100 1207
29168 80 942
26288038 94 9244
29002 20 8473
14501432 21 5428
369649 88 851
4851102 34 4616
34661579 85 9927
3135141 91 3058
76025 24 653
1 43 2422
2329327 44 2390
21698434 63 6885
4041493 99 3976
148793 66 647
3655 31 443
7805 34 82
2096605 68 1960
2643620 13 7738
10884607 50 5073
9828938 99 8737
2152 25 431
720722 41 7222
732710 3 4912
6488192 62 8847
6355527 35 4374
39143 89 899
42919249 16 9825
14501455 45 8753
25529731 58 9276
972564 49 4701
9637826 88 4857
3747915 67 4566
1 34 7961
19857801 15 7757
29778289 52 9797
6276202 20 8472
5718981 60 8135
3408091 69 9079
1328628 85 3357
6617711 28 5394
2350771 82 7174
94262 34 367
356362 30 4972
627178 95 5221
2170272 80 9087
18955022 22 7457
10623400 13 5160
1626374 62 5992
3552887 89 4562
3818185 34 8995
516034 10 2217
2957 32 4406
4281 12 3278
889 61 4622
27519571 98 9612
7375326 57 8948
12135161 38 5287
4851284 72 3334
56456 73 381
26710816 59 7256
30126035 84 7671
2134807 91 4722
117915 18 872
109599 83 7131
9033215 90 6046
1380344 82 2621
1 34 1567
1180334 98 1486
1743818 40 3966
3823074 72 4304
985490 73 2953
16773386 14 8558
6589425 8 6909
4029724 59 7376
284036 77 3635
787567 69 7287
985863 64 7105
11242424 63 5131
11728878 22 4872
596 88 1609
574749 82 2014
55099 70 422
7493 67 222
90475 6 1318
1538590 68 2659
62370 41 6569
3820669 25 4291
20625453 86 6409
672927 54 2587
6777705 28 7997
1104458 28 1658
1181581 43 2152
1687668 35 7952
6216 1 249
1806 34 1063
6341993 33 3558
84605 80 2309
1 7 1480
3269215 80 3219
4302153 85 5790
24238 9 264
1576287 41 2537
15079419 93 7288
16228052 34 5691
4305 100 1673
1277064 69 1999
6087674 67 5486
1111267 52 9875
1 35 1319
1890385 47 3675
6467797 21 3872
7596304 64 9955
5278428 33 6876
8 7 7799
14010554 11 5652
53748 39 4858
87886 41 3531
2744111 65 3655
4873525 1 6903
18913786 1 8630
9399681 65 7759
18019034 44 9293
8050493 38 6002
6342801 45 7846
107158 21 3721
641101 68 2291
36183802 44 9808
308018 76 867
14598337 29 7509
159240 21 1731
2065309 97 2148
6196886 75 6573
297566 96 3894
20924 43 182
4028736 35 9558
19799504 50 7190
2458758 75 6369
716373 85 3880
1 31 5880
36648 8 1239
5485765 6 7531
8782616 68 6165
1052948 20 2178
4972170 44 3547
1118181 86 5412
300765 13 3469
437402 73 6213
909549 25 3986
7752415 8 4853
833319 65 5383
33094 17 1243
890170 3 3043
703168 68 1416
1554935 69 9688
16030414 55 7678
25850646 49 9009
4502033 52 9373
3165586 92 5963
2524340 94 7033
15821059 69 8030
1279803 45 1601
2290079 80 5991
63528 21 493
4249159 84 4928
137326 13 6215
15910415 91 6395
15310801 92 8437
44554 40 910
13776 91 1647
477494 4 1119
16937596 37 6572
7424379 65 7879
13391530 10 9638
10820806 68 7425
1934773 97 3382
159271 32 7252
541979 28 2777
10410389 18 6985
13010121 76 6765
12831039 52 7431
491717 74 1457
647845 67 1467
16480687 83 8642
1860034 40 9114
8458701 83 5054
828881 65 1878
215606 46 2723
2918287 52 2854
4305453 45 3425
41854467 24 9611
23321573 85 8349
75695 42 9498
3337888 14 5121
15332692 40 8224
4635017 98 5598
5592510 26 6753
19496 64 417
23926510 7 8470
640100 26 1089
4556 37 891
19460 17 6247
3465301 71 4625
256467 83 2135
2616365 90 4116
26172232 57 9255
256539 45 6962
6360639 57 4087
346071 45 3981
279800 94 901
27927 75 155
679258 20 5811
28415 94 202
2408898 40 8155
37618982 37 9205
909425 97 1618
14998783 72 6226
213160 53 1773
5480333 70 9327
217709 52 5379
311727 75 9956
9676359 11 8132
15461050 43 5571
22909961 82 9065
34696555 61 9082
188111 87 4800
63850 64 1816
3860669 71 4166
388951 10 8369
25933866 42 8239
19706787 81 6247
260046 58 1407
2939319 33 2849
267854 26 2997
6042224 73 5542
1172704 47 8666
4079167 8 3377
5863702 100 4759
311000 43 2093
2277372 33 4057
17476025 83 7083
1497236 54 4053
10196869 32 8717
75761 88 331
30215853 100 8197
38846 23 5169
5248736 43 4176
2546778 8 8154
295982 18 8377
20586309 47 9566
15018030 48 8245
96752 69 8990
463733 36 2696
1249952 24 7602
969227 58 5134
6635394 7 6278
4657982 39 3492
444897 16 2506
784561 8 1196
6595382 87 5066
3675441 62 9014
208557 27 6500
357656 48 3679
67212 89 2075
203005 35 6686
2550637 51 8697
18738674 16 7474
10672049 85 4709
201047 2 1759
18282 50 1647
520485 49 1187
388455 41 1846
1402800 69 2006
12066264 10 5211
4643 76 710
44422384 78 9923
1738 2 534
10766042 54 9611
65710 96 1088
430120 6 1399
3771423 56 8344
2959559 18 4988
17831 42 210
9420989 82 5716
3769296 30 4067
25673 22 2581
4602509 100 6640
1104632 99 8980
234198 82 6827
32576033 21 9581
1251180 92 5478
4098582 11 6449
19086236 34 6166
9938427 9 8507
5475661 96 3212
3489973 72 3673
1240930 52 7764
291087 9 5935
533454 34 2209
4902091 23 6863
13493292 40 6154
9156050 86 4531
1597252 51 6339
1977681 23 5981
6769840 20 5725
4954104 1 4009
7294 2 349
2876639 99 2724
22490009 15 9925
1716350 26 4396
105437 20 1540
4763440 25 5675
12100554 23 6034
9328868 40 5746
1 52 67
762663 19 4820
3816605 19 9959
3324050 85 5602
591430 15 1387
16996521 57 7488
29325352 96 8983
41805 32 1098
16075481 19 6749
416205 86 1953
1719 17 3610
1214440 71 3734
8244600 12 7625
15486770 55 6675
4734214 96 7911
1533554 34 6224
92372 30 3616
74885 83 9074
91692 42 456
3965204 45 6790
5306468 20 4178
32131535 91 9466
18322308 10 7117
22000 72 891
1591577 66 2515
18469 83 879
1178212 89 8306
185 4 94
1415509 14 3561
32823600 10 8433
95109 5 2456
14259705 93 7164
253813 63 9649
80217 56 1015
21402660 57 8993
2564344 68 8046
111283 100 3674
3634252 56 2917
97253 95 3491
15564862 72 6633
29897790 18 8967
8650090 84 6180
20324337 38 6991
529 26 178
3248176 12 6832
652640 89 2055
4166499 54 5640
3434004 31 2992
1324152 79 3077
13583863 17 7430
2026 46 1029
6593476 47 9637
7864759 20 4690
679878 77 6995
30137900 14 8177
478405 15 2657
24548059 57 7589
370631 7 5192
3114 62 8487
640157 36 1701
1725646 40 3938
5214239 63 3695
10122232 27 7026
10209 32 907
193605 7 8153
10325316 51 8342
2864801 16 4759
1943061 9 3490
2915931 83 9258
1691520 28 2354
8188124 30 6486
769611 62 4734
8929524 41 9343
1407269 33 4127
16359577 24 6288
4373097 47 9633
1965369 45 3643
296528 41 2208
10807863 60 4842
759737 85 9453
566186 23 3753
4814216 80 5819
2661782 76 7331
29436415 53 7622
1708364 35 3440
647432 14 9818
247754 78 1154
1641179 54 3788
9690217 32 8011
141266 92 1417
5464690 60 8099
3467589 36 9194
13936313 72 7320
8565630 44 9169
21831076 80 9528
21605053 5 8944
4055931 14 5247
5558904 6 4537
1513763 16 6923
10946342 73 4971
41922 18 3103
1167636 38 3197
87850 79 3313
21378465 50 7735
277805 53 5920
138122 99 968
347244 5 2313
12961 11 199
12421006 22 7012
485884 26 1195
1429 67 193
1 35 3433
3748 44 302
2336359 9 2236
3710 53 371
6022706 91 4321
824641 88 7295
724321 16 1992
14689 13 78
34439346 20 9398
120437 2 1807
41016069 26 9762
38933 41 1296
87300 26 541
734154 27 1707
6943626 71 5700
1283228 64 7969
7876115 77 5263
756732 66 4143
116781 10 1744
355583 67 6112
30975759 50 9567
2247020 17 2144
178507 30 780
367670 11 8610
1070300 28 2411
1120708 22 4607
20682382 61 6692
2321790 76 4468
4705526 13 3238
50088 70 2139
18698530 9 9611
145876 30 2588
47712440 66 9694
327789 69 950
29164826 8 8163
2249534 79 6528
13815171 4 6121
644313 29 4329
525951 2 1971
26548568 48 7602
457466 92 1256
6365555 7 8509
22477496 22 8688
156398 49 5599
835916 2 2160
356941 45 5333
78693 73 715
6679242 72 5077
414551 54 8728
2367259 65 5030
1651307 46 6268
869772 59 3082
452215 55 2998
4432611 24 9284
6115531 68 4489
646283 27 4841
4531055 71 8773
42835400 27 9964
102557 79 587
18465102 78 7783
1599803 85 1936
19558331 68 8235
5389 63 1500
66362 92 856
4060750 61 7784
854885 5 2101
385434 5 3225
4852333 15 3980
628289 97 6363
2196 33 108
1742833 8 4760
27 23 2922
9030939 65 5987
6394733 24 9263
40120 49 1981
15830 84 3070
660399 1 1682
1026380 33 3763
7610514 61 7748
22819010 43 8171
3060349 1 4258
562569 26 8218
5893535 71 7373
1575490 18 2119
12955940 68 5968
863331 53 3483
3884902 56 3287
148136 50 939
28557918 80 8095
4361204 6 4285
9790811 21 4365
8500028 3 5611
9542880 37 7346
90313 76 1693
161266 9 3929
6329358 9 7940
1 61 2620
34927919 82 8447
352381 19 1145
3486755 27 2949
3439996 48 2795
1258601 56 2963
8117533 18 7791
3759263 24 6538
511482 53 2497
1 43 2435
10401906 57 8778
1810328 8 9943
879816 12 3357
20471968 39 8205
36091 30 603
2685112 100 2291
3014244 68 6196
1965751 20 3405
4471793 99 3306
279039 17 2738
10284879 35 9471
4253 78 3195
85012 74 2904
1848996 73 7936
2311077 65 3358
1 98 513
38033449 60 9138
551751 25 2112
34505 94 1342
22807015 75 7266
81553 1 607
349494 48 3445
5069677 44 4480
368569 10 5372
11595062 47 8149
5078 25 1980
516076 61 1129
3361997 41 4395
6539930 37 6563
5401869 55 4476
25835647 83 7429
1 97 483
326395 30 8325
1 18 385
37181 43 666
3128985 2 3678
36559 11 1649
56609 50 3064
14613807 96 7039
606783 50 5630
2481919 43 3331
1024401 57 6458
33311800 36 9517
2070566 46 2650
271836 16 991
173046 34 2465
18939462 57 9155
5892352 94 8219
810568 96 2519
115233 22 5306
147463 5 2039
468038 20 6822
70326 77 2682
27690956 88 8051
41038501 69 9166
257728 88 9275
1423658 6 3513
1375846 18 6700
29152177 81 9908
62323 94 1099
1006111 27 3175
1707792 22 5014
17492135 86 8975
15744301 7 8910
24297 68 2497
1455582 32 8951
3366045 17 4614
706731 89 1741
1920813 7 6223
1742000 60 4332
22292006 39 6678
3614413 17 5363
33279 5 699
4891528 29 9717
24652916 4 9358
11977472 31 7603
4875199 38 9955
61542 89 697
72271 10 3325
481114 84 2055
6251230 66 5382
3817894 83 3016
1483546 66 3192
23500877 56 8009
1153 31 116
953233 18 3652
15500395 9 6180
21484 70 731
5823119 59 4060
537449 93 3778
30298438 59 8765
129194 76 1222
4280721 77 3948
10149643 57 7747
8684921 100 6276
225504 45 2280
565599 56 7871
51415 73 751
3223597 22 2502
7251599 99 7645
2246387 24 2449
18635 59 4207
3483438 28 8046
348624 39 3185
8827303 62 7255
219511 34 5773
386452 83 2758
19138 84 371
1355237 82 3117
1768713 50 8814
14054914 88 6695
5216022 63 7244
3116359 68 4199
633808 24 6793
588646 33 1036
2011199 14 3434
1183343 11 3674
3971646 4 2965
13382226 44 7140
752673 81 1811
5628791 67 3779
675384 92 1490
36155 10 2005
300230 81 1278
2662903 15 6183
4338256 10 7144
84519 78 3790
18664 63 502
1159860 75 3915
539936 84 1113
561957 94 1077
282202 25 1713
234810 59 943
2971109 77 4344
1418350 6 4064
9005378 15 5334
35471 36 3078
6903542 14 7439
72865 74 1064
862555 40 9430
13536643 9 5488
154432 29 476
1440337 20 5828
29726 24 3608
12933823 69 6765
193026 21 7558
2475249 28 3081
8012409 24 4979
1152195 46 8344
8854108 22 8991
16249361 43 5756
1747479 11 3513
792070 12 5266
886189 84 4562
12316337 38 6321
54436 60 309
453436 84 5008
273083 14 4851
20432481 90 6615
10512245 75 8204
37787 53 1348
43490428 91 9286
4751510 70 5246
1747153 35 5767
1171204 84 2009
12356843 25 8263
14493556 32 9464
3303998 95 3172
58780 38 746
567031 73 1104
516954 80 6459
4404355 70 9930
592852 94 6771
28074715 14 9670
946991 93 7417
472133 52 2711
14326 58 7301
35384 9 2334
346039 1 4757
23897964 92 7721
5387748 48 4904
1 77 776
315000 36 2945
5792188 15 7524
11238310 44 9868
560565 41 1331
4699172 74 5572
62275 89 2029
25978 41 241
686474 7 1516
2646585 87 5070
16613 21 93
4057304 74 4283
16797126 60 6791
1 100 2882
11588162 49 6822
3912967 55 3131
6896355 41 9713
272168 57 1853
1904330 55 3335
1203063 89 1908
416153 47 1195
19422 47 163
1794 21 8756
17763960 7 8385
36590992 79 9010
8357061 88 9674
2029214 24 2041
2623200 65 2399
5880574 51 8009
4198662 11 3092
2591316 80 5579
140358 4 3527
15531320 67 6859
1100953 75 6141
4366511 16 3607
7404475 55 8842
38762441 33 9975
1680354 92 7702
1606643 75 3256
1818581 10 9067
12430429 19 8989
1067217 85 3899
1228098 40 9255
21388231 44 8089
1 99 189
1536758 51 2189
12381596 34 8438
10460974 24 9263
1037517 47 2022
1863572 45 5179
9823281 93 4732
25724054 96 9774
1 98 1327
1 96 1177
8233943 15 5977
11490651 91 5671
787173 16 2088
165494 54 4988
562 84 2118
41116 42 2847
517280 74 5967
777661 40 2847
194417 41 3056
15638195 62 5965
19000457 14 7841
13450 23 6133
13653 62 286
564011 25 1967
7159222 84 9957
452169 83 6583
7014701 50 4259
1141895 68 6930
70309 21 6983
9038488 38 9503
8999710 10 7652
4402536 75 5121
164074 85 911
8161457 24 5015
23355 35 129
736807 85 1766
1441214 8 6609
1836019 3 6061
331897 27 1483
1008 34 3886
6775691 85 6235
12785840 2 6428
132951 41 1601
14852221 24 8107
14689 33 2341
20866977 22 7078
21413845 53 8620
293522 60 8044
4870237 8 9538
322021 57 1193
4610493 8 8950
26256139 98 9147
10237674 56 6021
133942 71 713
1318433 14 7855
433429 36 1220
31129 11 325
72533 44 2716
1551532 67 7267
51103 93 9962
1996912 2 3472
13835549 19 8588
521014 29 6420
909843 43 4304
369152 16 799
96497 22 2526
5110334 63 4003
3633398 8 5312
1050200 98 5994
214548 13 679
6970255 41 6528
248100 81 3687
20241532 79 9550
13078719 59 6777
5511365 78 3345
267103 2 5579
14054511 11 5491
3286058 85 2927
10546430 47 6628
19364352 55 8532
2324488 52 5571
4502223 75 8678
152492 86 1974
10701617 61 4576
20382632 47 7093
1459016 84 4372
4672003 18 5032
1868645 17 3169
35371470 28 8438
5816888 52 8634
4687873 14 3892
5091507 82 5135
4242454 34 4304
11824599 51 9916
4801 98 2330
33891244 6 9540
4172628 17 9736
12327 40 234
47642410 14 9738
19025 51 339
12559439 31 5986
215605 89 6254
1175788 100 4433
4626327 61 5025
570055 48 5066
12495874 69 7464
931530 20 3991
30644 63 5449
1043525 77 6552
2299253 3 2350
20677 10 5123
7841004 93 6921
2482081 76 3486
2463109 84 2523
25351674 58 9604
9704046 33 4506
10177309 17 9098
1 54 914
827291 39 1607
34967704 28 8502
433030 34 1940
107654 13 892
145525 28 439
3451369 7 4484
13705017 80 8910
210791 38 1297
1192134 35 3415
436431 50 4098
8045510 3 4116
1387918 77 7364
15451964 30 6342
1946910 39 2039
1033473 33 9754
484793 50 9107
26969 78 4012
2336564 14 9326
6807291 73 5043
4119809 53 9471
241535 85 4876
12387831 15 6602
254330 62 1038
15803423 45 5789
1 99 879
9677911 43 7800
834802 36 6037
28676 1 3102
1012509 22 2210
774480 95 1979
24461024 4 7569
791051 15 4379
55327 16 8327
14362937 16 5706
17266583 22 9693
1529770 83 9143
1696167 74 5270
28000 90 821
1 83 1598
10192 94 6644
49845 13 216
1655523 28 5072
373736 88 2789
1156333 11 9254
2353318 55 4266
1426423 22 1635
1334397 21 9333
14438467 78 7428
403162 21 805
1367206 48 3322
3261032 24 5428
38180895 76 9321
1879143 33 3196
231983 48 1033
55069 9 8672
395919 99 3148
4753811 94 4679
209854 24 1138
1142165 77 1926
8361459 57 5230
2310295 52 4061
2137568 48 4583
2528605 65 3373
1547248 79 7565
1327527 56 7711
760646 89 3623
3800604 40 2802
2905255 27 3084
13627939 51 7385
11780790 6 6211
53787 42 586
1962176 54 4932
342717 76 3287
1804279 59 7664
45633479 28 9461
6215392 9 5823
1282317 23 2716
5833375 75 6107
7648389 74 5556
14538512 5 7140
14733027 5 8232
414814 84 2181
1 35 969
1389317 33 4855
2650137 39 5361
12414132 27 6109
11912 3 5880
6344378 6 4102
20931937 27 9713
2012567 84 3221
402379 65 6008
16109015 63 7643
871038 89 7553
27080 31 790
16221496 63 7041
18273171 40 7169
54667 100 2597
1135680 56 6642
1 43 1155
1746916 20 1985
26360 28 3934
42103142 60 9873
1229167 37 7686
4284513 16 8408
17756777 64 9144
1228460 59 8790
2715198 62 3586
17960007 95 6014
160447 39 2589
3076273 77 4886
169189 24 7742
7214345 24 4239
15438672 70 9258
27765334 53 7761
76104 9 4994
88850 55 882
7952911 32 8874
6970632 32 6094
1477969 61 2451
890973 89 1834
8366180 81 6168
26362 76 1142
78652 65 1245
180123 86 5848
689226 50 5716
5808221 99 4699
649410 64 8784
2487686 98 8530
4450915 20 3486
6615990 15 4126
5713414 82 7506
3899748 78 5997
1194659 83 1801
1235728 38 7394
153165 11 2447
6781 23 307
2563 15 7987
14468202 5 6194
5390689 25 3890
16730574 27 9471
350028 32 3577
1 38 472
23074128 94 8486
965 33 42
12388363 92 6404
242704 56 4978
1974995 89 2437
16988027 54 6140
257389 56 2985
3539270 31 8209
1876764 53 2622
27718401 35 9074
56274 75 484
39236698 58 9538
2799654 74 3334
4914595 70 3585
11956173 15 6414
90575 37 1956
468305 38 2100
8887527 9 6936
17616566 51 6640
16624606 12 7434
28755931 52 9633
1007093 75 5543
356189 91 1465
5377532 6 4106
1 56 971
222661 95 1875
1099957 87 5849
12641792 20 7883
45970045 41 9661
10855821 86 5700
6043318 51 7646
3198730 44 5366
10584989 16 5352
721499 51 6441
6645891 70 4271
149105 82 1853
439473 6 8928
1 38 90
5502262 44 9429
3906778 81 7957
11234271 12 5913
554321 37 3014
14576351 22 5426
32748339 82 9187
17948164 47 7397
169251 55 2585
36139812 25 9657
469878 89 5230
584 91 2468
1024054 87 1831
325267 57 1097
6631 94 1101
82278 93 1090
327 16 1946
120823 90 869
154501 46 1750
901138 98 5474
185568 86 2058
19783148 1 8121
96270 66 9793
1376409 37 3645
11709990 72 7164
637801 95 1751
1834700 87 4729
5255684 37 6785
1620374 97 5663
2661971 88 3451
1592484 79 1718
6426738 91 3797
177734 95 5926
261314 9 1528
435513 89 2454
2644571 86 5489
86708 60 4611
132191 82 3977
2347005 49 4893
3821685 2 8690
20353 94 4108
28575959 1 8481
3054465 42 8032
5177441 32 3768
680 39 2082
1298747 34 2238
358582 4 1247
93048 33 4343
422977 78 9869
14365782 3 5984
28863686 48 8945
2016023 42 2013
2236693 41 3273
9797949 71 9823
149375 65 1918
13293784 74 8361
6535318 52 3688
1782148 97 6353
759195 26 1144
42598357 79 9319
5089259 29 3461
12412450 89 7853
33444145 32 8878
1681380 67 2824
847669 66 2961
4782251 49 7227
2004371 72 6779
9005765 49 7990
2603376 58 5651
1500141 92 2112
723095 5 7003
24561813 22 7760
7349610 24 4574
1722808 100 6067
13910839 91 6476
292241 89 1162
14681491 6 6137
24717460 29 7447
20684569 15 8239
31433157 5 8492
342172 4 2846
16422758 90 6856
17321 11 6361
244616 31 1218
172699 35 968
3065208 67 3408
2548943 58 8196
17624035 67 6105
23433952 80 8043
6459901 96 4866
12693656 54 6749
7773823 87 6474
5345758 3 3394
77617 20 490
17659761 71 7976
12624464 15 6678
2143965 81 2687
6696419 3 7837
1784186 21 7708
3514983 39 7227
29189995 84 8210
2201535 25 4981
20088096 45 6904
1242870 20 1697
1978154 90 3829
2394534 41 9923
15103988 79 9097
19268203 28 6522
4710461 2 5028
115953 81 447
11863743 91 5568
99450 5 2925
13360227 63 7408
6581441 25 3943
107619 68 2258
215228 31 3061
867549 42 3533
15547315 83 8141
4210320 44 4704
366576 13 1084
1860 96 4033
218668 92 3872
693950 100 4389
504834 99 5034
17380518 85 6794
980779 7 2169
634350 34 1281
3888368 66 7500
1149534 58 2713
1670921 6 3886
1912452 7 3117
25246773 22 7297
8219607 79 7178
20585073 100 9477
1614108 56 7100
193106 96 1751
2487371 53 2217
41365 41 3213
16843648 64 6607
290885 94 1888
3873339 85 2966
3814815 30 3385
1926219 3 4085
313 10 140
45864752 10 9837
10357669 65 8551
27868 88 260
156110 79 2613
16139112 21 8775
23926 40 1165
1007482 29 3217
11607 79 4300
1361945 19 2127
160414 37 3330
1043877 92 5571
535533 48 7334
9932640 65 8657
5457442 49 8231
3866 68 169
6946531 40 3708
16966438 31 7786
3892970 29 4842
1714159 73 3644
3326425 3 8664
1757256 76 9838
8916786 34 7855
9323 59 5572
3461786 86 4619
62657 40 777
4225760 73 5372
2887361 2 8792
16730323 37 6886
9350733 6 5082
33764 92 5149
28557 49 645
358399 71 1674
1 70 7865
2747570 23 4164
39667446 75 9619
3806089 40 8233
1480842 19 2431
26363 27 987
5238 70 853
860969 74 3485
7262 93 280
37174 83 1004
690385 47 3640
26150 54 1931
16890 32 250
1323866 100 7651
4634672 87 3126
5533 83 200
31860449 72 7925
232924 59 725
1998339 36 2215
3616661 70 4615
30615630 83 9108
4674225 78 3056
2363561 27 2334
2000450 11 2523
6919537 42 5913
1 47 8112
2397401 33 7334
7101155 94 8466
1327545 70 2522
5442444 80 9434
668174 38 5322
2443084 55 7959
21594342 56 8856
7092541 41 7122
2813872 26 6734
294046 20 1706
4699694 91 6459
1002328 78 3879
18354692 68 9941
2909769 84 3833
3775790 11 2757
1 38 981
27169 47 2660
1407998 2 2715
7235406 18 9664
25779 87 1267
4017894 40 4524
9300239 11 4933
3025328 75 5014
92859 16 8114
50304 22 5291
221950 41 728
12124810 33 7572
9946288 73 8467
12976113 56 9285
63305 30 542
10722075 23 7827
289264 5 7052
407928 77 7763
9643113 76 8035
649 11 149
16537366 25 8803
1036028 31 1370
2149014 11 2805
17453261 72 6113
8589122 7 6855
157838 63 1587
168113 49 884
66609 43 1952
21794843 24 9689
209682 38 899
27862372 1 7555
122650 29 9552
433877 84 4483
11166613 55 6844
5425754 28 6765
49342 93 1592
4545168 73 3209
3916600 35 5182
20911940 3 7557
19992545 35 9171
3070439 11 8890
3627444 32 2809
8501953 87 4334
25800211 1 9760
4579175 25 5363
9426444 29 6194
28636 37 713
1520551 77 2484
317040 99 1713
1912276 52 3559
120591 49 6090
465545 93 1801
13925 36 1564
904832 76 2482
5835921 89 7074
3172 9 6032
26052901 9 7685
994482 72 6288
115925 59 1656
1995859 94 5904
25946032 72 9852
44608 57 5648
11224121 34 9065
203999 32 555
217937 10 590
89568 26 9880
266389 13 6329
1646068 4 1825
10205 25 1126
764775 66 1902
8664222 36 9483
44643 41 1830
220165 96 3765
3002344 79 3622
2834954 14 4084
3789664 6 5060
19043462 51 7922
2390585 26 4298
361799 83 9673
1165071 69 4109
28296 24 1333
3837550 15 5768
21761122 83 9934
18076985 41 6449
204926 32 1044
1326934 47 2482
14774233 98 8243
3711114 4 2733
406735 34 6728
7032723 20 4953
10795035 80 9673
22102277 10 8182
6952158 100 9973
1594824 54 5740
1 95 3630
24199207 24 9097
1401722 64 8062
1380446 80 8688
18170655 80 9474
767489 35 2473
41248 92 1911
2112 6 255
239339 29 4754
1708973 60 2037
15802710 31 9327
644317 13 8970
1433056 67 2878
2153883 95 4675
213457 8 1093
33835609 3 8177
889120 34 2322
806273 15 3882
41312 35 425
30962637 11 8694
2139 68 1294
1859383 30 5257
1341 11 143
25274426 83 9709
14563476 20 6980
36463044 85 8541
30490332 69 8932
6528974 69 7319
875671 9 6495
2182058 84 6128
2543477 92 2463
50738 83 635
765359 22 1456
601780 99 3557
2040857 47 4591
2268350 29 3572
9262175 26 9593
788362 56 1607
7362438 88 7597
950129 38 3358
31570332 74 8814
263061 19 6136
6404741 31 4308
196753 63 704
3772316 48 7183
3544168 47 4194
21995 21 331
691383 76 1538
13749648 80 5773
2602439 23 3569
9562672 12 8463
8667593 25 6873
1838512 23 2958
1457617 98 2325
2725630 66 2948
1441625 8 3874
19511848 79 9915
18291743 4 6135
11496669 23 7348
29912 9 5702
6970761 49 9068
799240 92 1523
555262 68 1346
29566251 24 9855
3170637 95 2715
271509 83 7450
6794 30 3718
11181610 5 5411
7589379 65 3803
82031 11 631
543135 36 1643
1370845 26 4482
14453062 83 8931
11148 51 2765
16654717 87 9559
2980527 11 5364
161292 2 1854
28178974 97 9423
696725 2 8335
168670 24 1826
4960947 90 3730
5091489 15 3123
2737572 90 3217
516202 78 1119
49057 21 2069
7035352 46 8757
19269 22 333
10869296 25 9508
2269430 66 3449
7975892 47 5056
43418845 47 9926
3140108 64 9670
351043 45 2206
369493 46 1972
9856043 64 5411
9839619 17 6359
12230837 3 6097
13728889 57 6368
5839999 50 3512
11732911 57 5135
5742961 77 7045
2756 42 1010
360676 33 2074
1628606 51 7565
315062 40 1902
1 64 169
1021933 73 3965
62081 61 6519
10265781 91 6970
2295807 2 8955
40019 77 464
8290112 92 8479
51388 55 965
787424 22 4972
6095409 41 3475
76223 94 3833
8202854 32 8236
698117 100 3091
78308 47 772
103751 52 979
10180680 79 5950
4895358 8 6660
42426 35 9118
12152133 80 6519
26530969 17 9465
725660 64 1337
23363327 4 7115
8224133 77 5907
113592 22 608
4192644 11 4967
9353632 20 9488
15665074 55 9642
27595074 61 8279
2866139 92 5104
29647010 30 9291
101068 54 1764
855736 34 2978
371196 85 8570
13975529 51 7671
22729 90 776
184226 92 4097
685688 93 8740
2700079 56 3917
4394706 41 4388
33049575 24 8839
2688245 46 5316
7936670 39 7225
1950805 25 5861
2656435 85 7789
2258105 34 2055
5643941 71 6197
9211784 61 7662
6435147 55 6275
939 98 104
23761210 51 9557
64792 93 450
390059 96 7531
79601 66 310
428010 74 1586
207255 60 1763
477453 7 1482
7149 12 4025
865322 4 1998
496600 79 944
3057648 27 6131
503596 13 8738
366534 84 3206
400972 9 7050
2410 13 125
1308328 61 2680
1424 86 2547
8011293 28 5958
644247 83 1542
2868649 89 2679
27701 13 2821
172283 83 9942
18819090 47 9960
24630921 32 8201
1863984 72 2789
14915099 12 9212
1650436 73 5014
4169616 71 9070
1424303 78 8827
3944387 100 5907
13303947 83 6595
169695 85 7401
1300608 59 3629
27110562 61 8604
21796206 25 9149
4130 61 436
7265324 42 6943
34862946 50 8636
108054 7 857
1665477 71 4460
2394386 65 6337
15845788 66 7210
1 92 2934
53405 23 357
843640 58 1895
3163337 20 7341
443607 34 3622
84129 48 480
44618 69 278
23879417 33 7774
6618954 92 3549
482103 15 1464
141761 70 1146
13909 76 1298
16496801 63 7231
15534143 39 8199
1 93 1275
7782 20 2747
3063244 70 9934
2612391 81 5557
132407 44 1933
609094 25 3908
4335839 21 5982
16438 93 1992
3400722 74 2515
384403 57 4808
4837937 60 5864
9454919 39 8501
1133867 46 9380
15232460 83 9477
18726768 76 9356
10827077 12 8414
13142034 47 7132
1 60 538
2662878 69 8829
699986 64 2449
9903 68 244
2516768 62 4219
4424742 55 3790
14649 88 850
4283152 10 5907
1301502 39 3318
32252524 83 7975
708541 71 7897
64140 51 3422
205471 75 5361
9229369 11 6884
11726 66 579
1197760 45 5603
5608 1 3803
333960 82 1263
11086 34 1410
12652725 33 5145
148109 95 1272
437701 26 3536
5750630 68 3931
6299016 5 3774
1994885 4 2890
160137 64 816
12059097 69 7454
465958 59 4278
5535910 21 9929
15812758 29 6476
23629378 39 7060
971312 80 7366
1109252 35 3504
4817290 92 4495
9873989 91 9833
41883 96 476
214405 88 3717
1207635 27 2272
4377989 74 4304
5487 15 368
2357457 93 7771
12151509 29 8656
1061784 88 2424
3741297 61 9758
874329 25 4982
10652036 13 5466
391725 73 1541
1803 98 1063
42323016 21 9658
418933 89 2663
8131621 2 5129
12859629 69 6944
3179139 35 4313
413027 35 4412
34350955 50 8981
427983 50 1229
28257791 22 9829
642641 4 2428
4417623 48 3113
1369220 13 3913
341659 5 1686
1013127 54 3867
3714132 27 7796
7995990 91 8184
176141 43 826
2072194 62 4841
10647131 12 5122
18172 98 3230
8725279 61 5445
1557961 94 2034
30266809 61 8172
1 61 755
271171 51 9914
292575 78 1281
12883598 96 6670
233544 6 853
1678844 27 9130
36100 66 203
98758 76 2373
883593 53 1441
40173 99 263
21746032 97 8365
3296698 14 5162
6093353 38 6518
1001570 45 8238
404223 60 8959
910572 78 5331
622715 78 2358
985817 85 3680
208643 63 4695
144541 8 3001
3247419 23 2454
7572983 57 6470
5428 25 156
1263 54 139
983812 37 2329
489033 76 1917
765154 20 2027
1321334 73 3748
1048010 56 8065
13572918 28 7814
3938793 99 5184
19862704 62 7353
586979 48 7540
2620141 24 3007
44009 83 4742
2534857 46 4751
13553605 36 6264
10015186 95 5666
184695 6 2893
309913 21 754
42522091 6 9241
1661721 25 6910
42684 100 674
2591 34 1251
13517303 24 5873
11274589 97 7188
26767347 41 8500
28770928 58 8537
15050678 83 5583
2908390 65 3295
238352 95 2075
4223146 47 6887
18893181 13 7793
13941786 54 6052
4546872 1 3154
6581052 11 5511
301318 57 1387
4343341 99 6083
1338167 85 3477
14106386 10 8645
3857291 54 2943
6966681 90 3789
7640853 60 8980
308267 80 4633
28147 24 217
199124 11 2071
7261667 76 4297
4509 21 9920
952319 58 4728
93629 99 3142
8303646 69 4498
24411714 1 9220
25383421 20 8178
31026 22 1590
297487 81 5042
5622587 99 5284
59908 67 1858
118634 77 1061
185421 96 7593
1919810 65 5620
8543415 62 5263
2376743 97 3352
3705904 74 3102
30680286 52 8997
16464 40 3373
1100216 50 4230
4113973 89 8783
6099254 79 3725
5525 42 284
39239 80 1186
35496 3 2712
3169412 41 4967
10748063 33 8123
4692372 65 4261
4447310 75 3979
528141 78 2104
26198223 31 9611
4588249 95 4065
1 93 193
239695 57 2277
1465263 40 4729
28564220 45 8916
217641 30 705
354806 8 5011
1944794 39 6589
13940176 75 8154
7606889 65 7525
19959343 5 7155
37507 23 619
13241 16 520
18751251 11 7828
14009287 93 6366
579159 48 3855
260311 79 655
129477 93 6028
37110843 48 9256
200795 48 1142
1116658 80 4964
152998 64 3043
1856010 51 3619
7275447 21 8646
3412174 35 4472
15276605 84 6459
5165626 30 3936
16149753 100 9524
571290 84 1733
918225 24 6945
26603701 98 9546
4933724 59 8131
6385919 95 3950
155911 29 8732
3310440 33 8706
2783286 5 3240
1875143 5 4785
1 88 122
3231285 40 2849
5604592 12 5521
8985117 32 9411
3056458 21 3527
3415200 13 6892
27699582 81 9903
1310063 28 3548
9166610 82 6012
4188480 24 3794
158385 25 2257
3078880 11 7263
501566 12 6762
15860261 16 7152
92982 75 9806
866566 11 8836
717747 57 4505
249006 67 2368
65970 17 1407
2948 29 510
5319401 59 3850
2091313 10 4067
13809364 80 5778
12303520 77 8059
98792 98 4062
1773426 83 5773
78545 84 6527
61985 14 258
6158067 29 3628
3865218 4 3660
5197015 95 7411
1117730 27 3407
2403172 58 3978
279898 88 2732
7180 66 272
31600179 92 9438
44365 49 6344
3124 34 214
23770762 51 8460
105917 62 633
594355 39 1606
520186 7 4844
47171263 11 9634
8475155 53 8483
5988790 19 8577
19127718 64 8974
4499280 81 6255
1008486 3 1376
289131 13 1589
21371283 74 8617
36995 31 1945
725440 3 8229
570134 70 3183
3730438 85 3313
3409873 12 3434
1446551 80 2244
7710284 100 7866
846086 15 2386
1 62 125
8179732 33 9998
7657732 73 4100
1367 72 9218
19201271 55 6874
64161 93 692
1228393 25 5873
8004057 50 6328
878112 45 6865
6458077 79 9123
2322817 12 8068
2090403 24 2275
18518973 64 7827
79881 35 367
1461226 70 1786
988259 70 1895
300651 62 4103
971819 68 7687
9498628 83 6016
240004 11 3496
1180317 48 4403
2558366 94 5166
3831685 57 5315
11856384 86 6672
53696 15 321
700596 76 5918
652325 94 3504
23146499 33 9452
12633992 98 7420
17448416 18 6740
107168 8 1682
1401638 55 2108
11143312 22 5713
329432 72 2436
1582397 28 2306
1 91 1043
2097089 66 2184
711836 24 1472
1420927 60 2341
12519820 25 6880
1570996 37 7263
2964226 3 7411
13024146 3 5846
3055236 81 9820
10422 10 6619
2994123 49 3966
645 43 543
329221 96 1122
3600 44 9033
3045235 94 7878
7094538 13 7407
98110 54 6277
1670812 9 4508
8084069 53 9541
12704525 58 8861
1215968 88 1824
19964784 5 9595
11588109 8 7048
3318981 19 4780
69396 78 8656
1113044 31 3832
13573 19 1491
11867029 40 8688
12995948 91 9930
3759397 17 4173
14273559 51 7077
9650221 20 5226
5693 38 1954
717268 57 8283
2565069 58 4850
28898894 2 7947
355895 47 945
1753941 48 3449
8418393 59 5525
4797339 26 3702
1 88 1562
38414398 32 8793
977792 98 1852
75173 31 8780
29677 21 395
4114652 14 6194
110029 12 5679
1235005 40 1813
9060191 100 8487
178709 80 8156
6804396 26 3856
5109408 52 4687
12358 74 2754
257208 73 1286
6015401 9 3484
65824 27 1184
141394 42 609
1662222 46 4268
111239 57 963
134353 36 6574
5453111 77 8064
6651628 18 3549
10852020 85 9390
20643666 19 7232
4458964 30 3643
12570536 57 6802
10494206 48 7058
230947 78 9169
17535836 45 7047
67811 80 339
38736062 87 8961
436242 64 1099
3450965 40 4939
52418 73 345
133291 74 5238
303336 86 966
5568175 71 3255
368929 68 5049
295468 54 7871
1 27 518
14970262 26 8613
15063 30 575
1323921 40 1618
3823 93 9023
1143187 67 6026
17248016 56 6749
23905640 39 9188
98071 14 1960
1199173 43 3019
1940837 34 9046
36454921 14 9738
45081 6 8095
1228 1 3958
2533748 30 4999
308707 10 3195
992445 13 8186
1168589 44 8778
497995 55 8210
517735 19 3268
1971 80 2512
26866202 52 7266
2607198 18 7924
836242 15 9520
12669 96 4813
1 60 707
560153 32 3053
26796 56 677
2367160 18 7959
1 84 111
1404839 25 4143
33149109 20 8427
25741175 79 9488
2593340 43 5470
1426892 35 3732
1091335 82 2078
5284336 59 9391
11156748 43 5614
143848 77 2486
778355 47 8784
305600 57 7590
1113656 90 2067
46958 48 4854
8048711 100 7375
4859 54 4356
8203614 30 4061
9888503 22 4476
3297 63 351
1107309 36 8926
58084 61 3016
847 24 364
126155 81 7482
22746 36 361
6937432 12 6565
1381546 98 8849
6333511 36 3607
3498366 68 2564
7603031 80 4029
16624166 96 6926
376179 4 6196
2642312 66 4249
326 86 1982
1582917 28 3620
805474 91 6716
909240 1 5583
1614763 77 6551
3742863 28 8586
1703400 86 1952
985797 8 5966
2904887 3 4049
271253 28 1051
16960666 37 7136
115848 57 5376
192701 38 1800
1882132 59 8666
24305563 53 7175
162052 3 9420
7757432 50 6081
314968 59 1187
101538 56 4641
9179159 83 7827
2538905 80 4080
166835 3 2347
196535 18 2953
1154941 87 3494
6358884 35 8047
3310571 48 2889
32300896 77 9559
2852 54 220
264209 6 2384
36660 8 1031
16782144 52 7035
530250 37 7808
1410079 4 2196
16860628 33 9324
3784958 95 4371
4921884 34 4113
23613033 18 7472
2218009 45 5867
12622470 42 4969
26653 23 3579
782800 85 7447
1450048 94 3410
1 30 71
80449 81 3782
7873857 53 8365
1434266 83 3450
1 53 832
37245022 44 8713
1 92 105
277049 76 6220
178881 52 2876
32889138 12 8662
666357 36 1706
680969 96 4008
556684 86 2768
1350 92 1599
1327733 63 3954
1537329 53 4272
2959079 53 3860
4876692 35 6391
7839650 24 4066
2665735 73 3930
663464 39 4342
126128 73 3637
69789 26 5016
1 32 212
7748935 97 5375
5905881 33 3613
1652840 94 9662
812660 85 6032
27582800 88 9050
19139974 83 6677
2649381 62 7519
1762554 76 4035
138668 47 4621
4796758 23 4980
1597258 70 9078
6479872 90 9973
18147 68 390
1115246 86 1439
5194258 97 8154
13583858 80 5210
10250780 34 6667
31314030 73 9599
28432411 3 7811
7481015 68 8650
21564629 32 8877
3761348 48 3172
10429039 3 9899
214318 60 1346
2215307 6 6371
9129095 21 5408
5493407 48 4274
3288531 82 3554
7944334 58 5363
9482224 96 8213
3925666 83 3856
470180 22 4629
73415 51 1341
908176 11 1482
224873 85 1964
2787006 31 4753
982 79 5186
1815 51 95
7275276 59 5667
6264810 3 9427
16688 65 696
2200006 30 3813
217068 25 9313
471032 5 3691
30783363 98 8825
1614400 1 7148
3111098 17 3766
1387842 6 2918
2165984 21 2530
22931 92 363
13852350 71 5244
1185 46 507
332177 5 1210
44384715 17 9448
480037 99 2708
54715 58 1197
2644590 85 4693
1 95 98
877859 70 3812
19305798 30 7233
2672 88 408
92445 7 4818
650161 62 3382
6749319 39 4838
5146055 21 8440
556231 2 3636
71598 19 399
1468383 77 2668
24559681 66 9711
5915381 22 5576
25977874 9 8199
15561 94 128
15050515 77 6510
320666 16 2471
28426202 66 9671
7138045 79 6902
12201079 13 6007
802348 76 1430
1280514 8 4794
2985514 24 4142
5749674 4 5750
59691 11 395
2440391 76 3137
241211 2 2655
9622799 35 8204
2784597 85 5625
51483 16 1085
138397 66 747
3262593 23 8719
26114046 62 9486
14765201 56 6837
9246220 60 4237
1326192 55 8155
4806511 65 5679
402239 79 7891
41334550 44 9076
4879625 82 6435
15522542 36 6702
101 14 303
2871191 98 7611
1094449 25 3589
958929 80 7321
7578115 66 6685
1075920 2 6534
8858927 9 6545
142919 60 745
6756813 59 7747
15199181 62 5980
26726458 36 9206
31544448 23 9781
32276283 96 9147
3147279 83 4175
400202 8 5785
3875892 43 2910
14111542 94 6485
26689870 41 7589
4826747 95 8805
4778475 86 7599
4733241 4 7950
5015798 21 4012
8371954 37 4179
7830828 89 8981
7024782 4 9750
156572 63 2596
1339101 54 9530
228575 59 1991
31975550 85 9478
85225 25 6613
4755959 25 6795
11110 25 5494
43150 51 3254
90494 76 3089
1973993 18 4081
19846024 10 6270
155627 46 2155
217292 33 2147
1924042 49 5723
370023 89 2747
5939558 91 9836
178094 80 8785
27845 24 1508
8767 85 2128
295996 31 2962
4869 62 1644
1025435 71 3118
157513 4 4059
458764 89 7430
5952670 92 7479
19782 76 156
82202 88 2223
11739 47 3403
15141 78 6118
306555 58 5474
23943395 33 7588
1301523 90 4248
695438 37 3690
5741003 80 4831
24938062 82 7147
3078227 23 6231
3451972 100 3173
5852110 57 3631
3276047 52 4231
3881506 85 6716
626171 38 2379
38572366 56 9066
320976 77 1397
14006495 42 5262
14201 73 6597
2930632 33 5278
1622184 79 2022
6834094 46 8809
312383 89 3384
17745716 82 9496
7645398 34 7865
681 22 110
1465818 85 2031
330886 94 6424
1746345 19 4687
2384145 81 3190
1964438 80 4164
5064451 61 9524
4175329 88 9456
11021959 81 5834
596518 42 1541
134777 8 5629
5962683 89 9162
257173 76 1795
6047487 70 9086
976409 89 1443
11348 44 277
15827126 2 7558
18716346 45 6917
15935292 52 9468
10495482 59 5903
6841532 93 3812
19660603 81 7011
33274 91 2504
1474641 50 6753
5480735 9 4258
185078 50 989
795396 65 7049
7907675 54 8109
7365580 58 5338
2308284 9 7949
188021 87 1026
9329979 4 5933
17085 33 385
3977569 30 4213
769854 70 1866
10150 37 650
378204 7 7886
102855 21 1387
1999110 35 2504
2346 10 2245
40494 62 978
104659 94 4458
887232 9 4079
4776628 82 3680
582498 33 7847
12057587 39 6690
24305153 94 6892
6175191 69 4943
2786929 18 5534
4099159 69 5439
318673 100 1728
9054232 90 5964
355733 63 6785
10375873 23 9722
11137 42 408
172060 66 5371
24679 96 2688
19555625 45 8004
351824 17 2001
17497151 51 6734
12485383 97 6565
11930944 82 9254
524149 56 1614
163845 41 585
15815586 100 7861
1 43 392
575344 44 1604
6834160 71 4735
850 43 4666
5116680 8 6032
1 35 767
1 66 1435
3123369 92 6243
541232 99 6450
669 47 7414
7717804 84 4023
468919 57 5490
27137873 70 9152
1382960 24 3790
117554 8 2470
16841 30 6877
7069775 20 6356
65463 20 6113
103567 18 7654
16679 97 3601
4053180 19 5799
4864534 93 7293
100018 33 353
19956548 41 7851
86524 15 2092
18525302 25 8778
1276633 32 2644
279629 70 2738
5665078 80 3490
10284089 25 6753
1100203 17 8490
2130367 99 2348
205299 59 4463
70444 54 9709
271126 91 4250
1016594 62 4415
4865 65 98
2490088 64 2318
191915 6 8713
3091710 82 5223
60582 51 335
153136 81 2004
1547539 5 8204
19453320 30 7131
3642343 76 9215
1306109 11 4456
550848 46 9178
18973328 57 6876
8815079 35 7295
3327446 7 3419
6047054 98 5452
1073987 52 3034
9947622 100 9039
4500365 91 4276
224948 79 8613
1754042 12 6753
12610551 59 6131
2192530 96 6335
8170831 51 4844
1 93 8346
222534 70 2698
1177394 48 2108
3682464 58 4572
889232 64 1837
518816 36 936
1017452 21 6927
1737365 7 8873
9905221 2 5877
24856136 26 8106
8495312 28 4535
1074745 26 4311
21918772 24 7753
5002361 90 5284
1154708 46 4687
2859063 62 2504
59549 56 1213
23375817 28 9928
403645 44 1238
4394300 57 7825
814018 91 3531
2051772 8 2461
1504221 92 4420
503018 28 7760
2481951 9 6838
32849546 100 8356
13258 18 7115
13240422 41 8594
157938 25 529
10890381 79 5191
2677326 39 3440
923235 38 3821
206749 73 561
521974 100 6092
35448058 57 8326
1586 90 6662
7329933 33 3755
6130692 73 9452
9296892 83 5495
16735923 72 8388
275298 67 2662
33218926 55 9514
38472413 44 9306
8050700 47 8821
838758 100 1470
7854318 8 4020
4155857 17 9610
11753 3 104
7778263 4 6294
1 36 110
27357 39 2034
41845 70 5747
897667 18 8115
25982 74 436
142353 15 813
376650 37 1927
5513 46 510
12474480 97 9818
11195919 42 5127
179155 58 7183
16687660 14 7823
21997894 14 6905
89988 39 1666
4222662 43 3113
4747380 14 5165
127520 59 703
12580778 82 6947
32967 42 165
391115 7 1100
9013138 61 5337
606867 68 3191
645545 68 8942
434433 41 1291
36469 66 1924
2220386 55 7068
1741992 2 2131
16569658 7 9202
2638687 10 7282
546 24 243
8351062 98 5832
487500 11 1631
10992068 67 9884
13153 60 837
14223316 75 9863
14029536 97 6304
7335 78 127
4357035 47 4011
37257374 95 9328
741986 84 1360
3920040 34 9805
13096585 1 5218
196932 62 931
21019407 40 7879
1822179 43 6844
7777258 29 4070
18484511 73 7237
2014172 84 2846
635216 98 1532
1053851 58 1521
15645158 37 5710
7094 70 4930
1326882 86 2222
343646 94 835
77103 31 327
8277292 66 7579
17888 14 134
951317 41 9981
4930584 59 3163
995826 33 3330
903 4 664
33150855 74 9454
66535 54 6314
25041211 20 9254
50493 5 3752
9873535 97 7621
14276 79 245
3271211 55 8448
5289064 38 9014
607317 34 1535
48710 48 238
849177 80 1220
255488 81 636
7301 58 2047
9924207 15 9862
8952992 1 4364
51272 51 428
1587735 38 4198
5239793 97 3593
19783678 57 9343
842568 53 1286
754840 75 3420
548328 67 3939
14032871 74 9384
1003127 25 6140
8043653 44 6023
217385 67 7035
11518345 14 8596
4423108 86 5524
32677091 85 9127
9208535 93 6829
81740 3 7503
2555357 67 3200
5646085 47 6232
21034006 68 9004
6383540 9 6655
13431 32 246
1490792 13 9790
131147 4 5925
1 64 302
1264519 93 2021
430665 74 6722
26696986 40 9520
1 94 819
4452356 9 8383
137275 17 994
5966560 91 6822
8316 5 701
1153936 26 4569
411941 39 7848
26395 80 1223
8086569 26 7356
3299549 89 6784
1766391 34 7290
12677820 52 4943
1687285 17 6169
8147242 68 6977
55245 31 422
6866556 75 4304
495020 62 9289
20188725 90 7130
988580 27 4567
1378439 43 5468
15522805 22 7193
133240 99 1339
80675 71 6432
15706590 45 9817
1983634 41 2206
19019 93 574
1675352 67 2086
17391 16 256
31205742 96 9346
80495 9 1424
153571 10 5449
239613 18 1791
11278571 35 5688
2129802 10 5015
13327854 51 9178
1864898 97 4408
2841 59 180
7081182 52 6523
5802205 1 3417
13492595 56 5560
8533724 17 8156
3310232 31 6131
14198 47 709
387115 62 3865
7932138 63 3973
10643702 51 7061
478932 97 1461
211612 49 766
8206739 62 9566
23100 52 737
9262707 60 5215
25690 25 627
206593 60 1635
97696 15 3382
72733 72 668
5870582 16 3616
709 55 825
6836639 26 3728
38508 6 8316
303983 70 8239
3630662 20 5189
7509 55 138
475611 100 9307
3515920 8 2841
13274 2 3059
90874 85 339
220080 28 4587
341 43 73
8588642 23 4512
57 36 1855
12615811 99 7269
6186503 97 3437
2009537 54 6388
2291943 71 2737
6884 17 496
1517230 46 8463
4458223 73 9061
1642305 46 7925
38555911 21 8846
1731399 78 5077
14334936 55 8814
34685 65 3521
167785 59 1116
7675876 98 8402
923813 18 6579
3598419 60 4246
1394332 2 5771
28787076 21 8452
364561 41 1217
451513 15 1530
18640 26 4131
4438999 92 4051
1176757 4 2863
5692445 17 3669
19717236 68 7797
1604423 56 2365
7875868 23 9220
5131263 100 8379
4356429 63 5196
2081688 22 3938
241332 94 2891
41100700 60 9004
396949 78 9715
8207508 80 4453
280652 14 3759
2374227 53 8010
6063478 86 6687
30137 99 2610
5143567 30 5643
10624735 51 4573
1127576 89 8877
3886567 15 5940
9244664 70 4955
3857059 93 7833
2216762 73 6419
120156 54 1307
15110641 97 5955
310686 54 1311
34350221 9 8732
5659145 57 9843
14495991 47 7996
9640654 31 4696
11187197 56 8853
7906934 59 7847
1297567 22 1732
16113150 43 6808
78944 56 2799
1 75 1272
1860051 98 5127
12490 60 194
361732 75 1215
1930380 54 1976
192323 91 5456
11481644 73 9892
323062 30 8080
807565 52 6028
542399 16 2075
11520999 44 5356
4032406 33 5476
2884276 80 2677
2889170 10 3246
348370 94 4217
60752 70 1766
3687942 80 6231
2674839 31 5823
521 73 142
93367 68 2237
1692235 35 3142
1 79 2446
47372715 22 9988
11082 40 72
11557584 50 9624
695032 85 2303
220846 41 1654
1067469 16 1789
8774714 94 9566
4413 65 114
28776 36 174
1299409 99 8849
377593 75 1028
892809 67 5722
4517247 91 9413
2417062 42 4005
28551 2 1080
456959 16 9512
23194969 17 9300
24470707 40 9026
5239519 74 8893
17781783 66 7073
1 61 840
585633 69 6748
14146479 65 8622
2032961 92 5761
7628 27 8922
1225605 14 7087
1291560 7 4029
755688 50 9101
7641567 56 6257
1793148 60 3728
20218619 44 9831
6157 26 973
10053522 58 5033
1363607 26 1848
30862528 30 8491
1007056 24 2640
4204217 5 7939
634753 11 3342
4471 32 2138
6287013 1 8236
378544 94 911
8879663 46 5211
217699 29 6469
614668 70 7099
13378582 18 6767
7213465 23 8704
12399011 13 7636
38251914 4 9614
2041152 82 2260
43749 31 559
14226716 28 9241
41781538 30 9449
576168 82 4115
1548396 83 5497
4109384 30 3232
8627888 16 7408
13762720 14 8436
37992986 46 9366
3739980 64 9325
18665810 19 7844
269430 92 3008
3044896 29 7848
5813257 31 6014
1 78 4200
7012473 52 4833
1555841 92 4889
364688 54 6065
576204 7 2702
37025265 19 9904
175470 13 5030
5785196 65 3360
28247 63 2665
17347208 83 6761
1534526 62 1996
2464302 52 5577
530539 94 5300
5250874 51 3340
660030 56 7227
5061554 97 4863
1 22 8679
84940 98 3093
21403 90 1758
894339 15 6449
129991 93 4911
1401063 26 2741
663852 42 4720
11761565 82 7497
36949 17 387
59149 57 9583
260714 86 4159
16715294 23 7105
649356 98 4666
203444 86 2218
4213862 59 4295
3152926 42 2677
2457477 87 2903
4388879 21 5560
43404997 29 9854
48667 54 7152
115582 33 542
1458414 50 8428
9902180 82 6074
3199708 41 3801
112751 65 882
1323069 91 3382
6220950 25 7865
1073400 19 2477
1708288 15 3417
654868 95 3819
4872517 10 3081
9187993 80 9383
153428 14 2274
1667 62 236
21938 100 3005
4484595 53 3440
11061052 96 4840
1199990 56 5297
1641509 47 7962
3319666 21 7349
7057408 56 7627
2584827 81 4731
10373849 5 5490
55804 55 1449
1076570 42 5732
2157772 49 2790
347629 93 7664
13936 82 1541
2292775 73 4353
3212719 92 3005
1537710 26 2336
7294612 10 5849
35953863 33 8628
1901777 40 4562
6661930 18 3921
11855305 16 7522
216981 40 570
4788836 71 6033
39609280 53 9226
10165698 79 9904
131525 5 3429
942469 1 3173
10098282 99 5550
10499034 63 9470
132370 9 587
9217017 7 4778
9434921 68 4982
551009 76 4087
187294 97 8275
212645 57 3095
1423267 18 2823
84045 54 628
4320326 75 5306
24111310 89 8592
13350 13 1961
7476176 69 6542
13277204 71 5136
1447728 4 2289
46841645 24 9716
4997731 100 6339
935187 62 1914
3192173 75 8410
29548 15 339
948354 68 7046
22814466 3 9500
51559 19 1156
6700511 12 5600
461608 82 1244
524396 78 3513
36339719 81 9088
3560882 70 5115
263679 32 4703
575405 21 1113
8372645 31 7881
3440 28 37
26659 64 150
11438580 29 7014
3748702 63 8837
515339 51 6010
1650887 61 8810
2515453 63 2604
15142204 25 5937
36148338 15 9860
624 21 25
7685487 68 6703
309542 29 9865
12397436 23 6397
185834 14 1400
6786602 100 4828
14152502 87 9744
581572 89 4594
104032 50 556
6100 81 1346
29084 21 349
2191973 56 7452
4492129 35 6852
204539 8 553
35856 43 1730
3560053 82 4745
364152 45 7649
4136 5 1910
4014307 33 4208
7775882 3 5424
5675676 23 7916
11425306 61 4942
11865437 61 9889
2156006 94 5167
497826 44 3088
443993 86 2231
25666 10 2390
196028 82 6167
21467856 82 6608
4452 19 136
35323 14 8982
5870283 2 5237
37349342 85 9740
8565622 82 6885
10219110 34 6594
159817 15 3279
1 29 2980
6960277 93 6517
572666 98 2797
6533684 20 3825
18394088 10 6570
96387 94 1062
3741937 85 2926
36606 70 5434
30723 100 9706
21359501 6 7319
2131250 100 2375
16388823 68 9256
27789457 11 9431
2288704 82 2940
330991 62 1920
2674842 48 2634
399752 24 4031
415139 27 5126
460342 71 1991
6549471 18 4042
5313993 87 3578
449344 68 4941
2488536 78 8632
445782 75 3720
25769 60 3629
726751 3 3782
1633305 36 8556
443642 96 2132
635573 41 3593
375 35 427
22399385 100 8410
48240 54 228
16954536 73 6023
584765 28 1969
5469246 37 6490
17318971 89 7220
128871 23 3684
3167861 70 6233
406007 70 8186
282049 91 5736
6005923 4 9687
33450321 80 8223
1386153 64 1861
28309 12 598
628560 7 7139
4641664 47 4714
36699 55 3282
5010894 92 6324
1531204 47 7122
4031693 82 4998
106959 43 1924
68175 24 2116
8208867 33 5112
3314807 34 8301
2918305 65 2843
18549 66 1282
30722503 40 7977
16341120 40 9080
895479 44 3055
4419157 68 3332
3010 29 2734
35416172 57 8925
65661 27 3034
982366 90 6238
2524530 11 7269
3554 70 694
6240266 73 4267
35420522 8 8572
24671047 38 9856
27715065 52 8116
974963 47 5918
2292915 77 3235
481301 79 3054
37392 67 1407
10059360 66 6358
54334 37 1035
1 34 53
1441425 46 5000
400919 92 1420
1356 24 978
35590129 54 8950
132809 99 900
10571735 33 6918
44107905 60 9751
2538479 85 3744
4444504 76 3724
474954 70 1043
11581739 74 9665
2623992 29 2804
15318 48 1775
1080399 36 1646
643024 89 7544
9551378 67 7086
224792 77 3118
53946 12 334
10298119 41 6107
1229883 99 1669
428563 50 4248
2725226 54 3489
716241 5 1872
16415622 27 8507
24673 100 232
1257190 72 2250
15377192 24 6903
3502205 65 9930
1589704 11 8039
296487 31 1961
923805 72 3904
4881675 33 4849
2815675 15 2282
1896404 83 6303
7693268 59 8714
4197 53 448
3987821 83 5680
4105034 67 8705
11387732 16 5614
10914085 15 7783
2711033 67 8881
1936196 16 6668
426389 32 978
16632035 19 9008
332382 55 5001
32569125 43 9476
9163 50 2008
329764 67 1579
10881911 19 9499
172919 77 4498
1003393 32 4013
49246 31 1695
250317 85 1373
13237390 34 7562
13602878 22 6810
1250896 99 2186
31964 42 1651
16555937 21 9466
723872 59 7213
5278 84 1589
76770 91 3104
61159 50 8474
21451439 28 7837
6161896 32 4478
802939 64 3244
256519 36 7924
158362 39 1508
367076 70 7643
56072 98 8013
126383 44 4367
6392431 76 9190
2294029 59 2061
2108170 13 4406
85495 2 630
22023251 36 8255
1293456 69 1978
1288425 20 2700
2152436 89 5394
3596385 80 2985
13892181 62 5206
7968170 40 3996
14394209 56 8003
9651391 61 9890
14087 70 2599
787554 74 1265
604866 12 2105
6030717 59 6358
24820187 96 9422
1638020 37 2509
6441163 81 7549
3582878 41 9219
359330 69 9915
30480715 47 9986
2384 63 1714
691975 18 1610
34764 24 764
32504266 19 8004
1381049 56 7262
2849452 74 4864
1060780 72 2944
836134 86 8954
5335880 32 4145
1677506 74 5351
6524719 24 9292
30900 93 769
16606633 100 7997
915380 55 2643
2470757 67 3890
9706393 13 8561
33423 13 8635
1763253 57 2569
185604 92 1093
8141667 8 4644
360991 18 1668
1990042 6 3911
497421 78 1096
9967453 81 8510
128671 99 9434
2464512 95 7410
3605594 39 3468
415 1 3801
4761769 39 6342
48459 49 3227
3707317 54 2693
5938890 99 4076
206280 21 9041
32114965 60 8708
1883147 32 2694
4133882 77 3537
32975055 38 9442
1181347 67 4541
116893 50 6672
6690978 92 5469
11081492 76 9312
4007256 77 3368
93896 100 1273
5321030 31 6836
4954258 34 3467
2670493 25 4706
110741 13 4254
12755117 40 9149
838444 13 1921
8841303 38 7074
718431 37 6208
1046606 34 9373
951 3 874
25237 24 1063
1 72 734
26127577 36 9170
509943 42 6122
12308973 99 9626
21257560 72 6641
3720565 7 7503
12772382 40 5393
3952104 57 6067
14294064 12 9641
6050895 86 5993
2214 30 1455
2343226 54 6975
2775534 44 7524
717600 65 2579
1283951 5 1608
2534612 54 2583
94391 69 7100
482864 82 925
477937 97 1441
28743416 4 8148
1922384 53 4430
374333 41 1684
1794384 5 3408
20224808 88 9568
78532 86 7838
16289379 83 6004
1 89 231
16126685 84 9628
2169 5 4228
13460 55 603
1252469 77 8698
24774653 96 8451
193828 90 6744
842293 93 3517
1559 82 412
13673 20 6992
421575 43 1598
15701853 57 6906
1244973 13 4323
5290747 4 3828
1268805 54 5791
7427 86 422
803966 55 1825
8069475 81 6688
1269532 68 1854
12233002 87 9468
5437 51 9047
347826 14 2418
35248849 93 8314
2393481 38 3483
7182625 97 9740
3171639 53 7455
23541 90 7248
19260 36 1293
5281094 6 5430
342182 83 2448
10983955 88 9558
5870709 63 4515
11463 32 237
1668901 27 3615
679323 95 1356
1669639 56 6480
11467881 31 5727
114056 1 962
27344121 17 9004
28458202 57 8464
14447597 46 5599
12746286 82 9999
12164504 71 6120
134884 27 4221
8346183 39 7577
8504595 73 5918
4621997 42 8427
25993666 36 9348
8176618 23 4749
3825007 9 5238
2506864 86 9542
1914 63 90
2310566 53 6872
3926013 73 4573
81571 1 597
789604 1 1920
121649 12 854
17085507 88 9011
3789735 55 5735
23955402 15 8414
12907094 70 5650
800053 33 2558
4533288 77 7063
49742 35 237
181353 61 5599
8903 35 2589
401077 26 1485
918899 79 2362
14103 31 2642
12058975 23 7269
2955025 5 2605
597314 22 1086
26288 56 925
7438270 57 4431
1360184 28 5461
1098937 70 6964
503553 54 1294
33602983 92 9328
4714117 76 5780
8265838 88 4226
842728 55 1685
25831 3 906
23181 71 220
1632277 26 7240
30089568 98 9989
489473 70 1439
207027 96 5552
2962073 74 6408
3457833 37 3555
663993 52 6468
22919 1 150
8450166 61 6434
2441222 100 2504
108496 100 4084
4244004 46 9937
2164330 84 7165
15331043 90 5452
1 22 2647
2160135 65 3190
21355 65 451
2284809 89 2663
16688022 76 9365
21560492 75 8211
5930166 49 4583
22897875 71 8267
33507 6 593
2836861 49 4827
206687 36 7549
60164 20 1451
54759 25 5827
9875557 74 6234
1757200 9 8732
11406454 56 7826
8964478 99 7446
7214498 8 9190
4882994 14 7054
9435613 18 7862
3808765 64 4205
10991531 51 8809
24604 95 286
20825264 19 6791
9284 24 1876
556254 73 2171
268 1 36
712642 13 1519
1970975 62 3386
3131439 14 5291
27168 79 373
78219 85 549
35785 11 4576
5279021 52 3505
22398186 42 9028
1481284 56 2776
17746 89 7531
580485 99 5929
13539627 16 7193
4011738 51 8423
12661055 66 8015
16067163 7 8656
1283985 82 2001
6345871 57 5491
275381 99 3209
6648693 47 6287
27169156 40 9468
201140 8 9159
46597 51 3884
12403 84 552
32600 20 278
3858059 92 5167
1871189 63 2563
6816496 100 5149
189178 96 826
463068 38 9773
261837 35 5331
5116020 34 3331
404303 12 3316
1654058 97 8499
545274 71 2388
23070 17 273
3061566 28 2401
8984565 11 4192
1088320 83 5959
34060530 46 8198
6978697 30 9040
8246742 17 9415
1120872 4 9592
6079 7 1120
16835190 65 5923
1622846 100 3949
3895200 35 8807
1319838 25 2346
19208511 15 9588
1698659 85 9322
5995736 45 5822
2353666 11 2182
20818607 74 9552
114038 88 1739
1 94 4762
8062400 5 5190
175576 11 7314
8397930 9 5012
143493 15 1002
5566020 98 5519
120792 36 2610
12615 66 3181
86797 88 4607
51704 24 8978
32937212 82 8624
7377438 34 7874
4375692 79 9855
902681 21 1550
675116 84 4575
32437126 64 8596
356987 69 5988
2170600 96 5885
2086435 7 6950
498314 30 3503
92953 100 710
32486 60 908
8653369 31 7555
925 13 134
16848916 85 9880
540779 99 1588
872272 75 2191
2919622 87 5745
2537917 45 5456
161417 28 1202
10662341 87 5329
6180549 45 3813
57812 51 762
1959024 78 2271
1785544 46 5296
6955949 73 6249
23157013 19 7339
895447 53 5450
8617714 54 4821
745189 44 2430
11413017 82 7405
4460358 79 5338
24316848 25 9940
104340 5 1276
1929246 68 3725
6731951 60 6923
421100 46 6586
32718 31 328
1163348 76 6326
10086292 41 7177
294686 100 1134
1588217 92 2125
24588660 49 7802
53 26 222
17817 32 5136
21195937 97 8089
2815140 97 4613
59426 52 490
1832918 75 2272
6390555 55 6430
20695728 8 8403
7047605 84 4029
15904264 1 8032
2657529 31 5838
3457989 35 3847
9698101 86 9656
1574383 77 3393
8027237 34 5259
1069307 36 4507
3934569 89 5272
9103283 16 6792
3398 21 81
3302407 73 3075
9365992 22 9534
1408653 33 2662
707297 36 4986
6527771 53 5924
8246878 16 5192
39053 83 1354
56526 31 1805
35004252 70 9227
11416495 14 9186
25732269 28 7449
180277 21 9408
146965 32 2665
90860 48 1546
137636 61 6710
152743 18 1463
173929 67 3052
3227808 14 4030
8648113 79 4984
11950202 79 8260
2829 40 2594
6873571 60 4058
126278 24 1998
1252215 25 8526
158180 50 1051
28821053 14 8230
2963 14 517
3298593 51 2742
10625571 13 6454
10245 96 135
23135 31 134
117241 40 2078
1 62 270
1067845 5 2316
76743 63 451
2060863 82 3812
1803419 4 7274
326746 84 3472
999414 87 7487
911599 62 7905
3980209 32 9054
506169 56 6333
1127 4 975
929535 46 4274
1436420 45 7612
16503480 5 6868
14918841 19 7716
5566638 40 3355
56449 93 1560
5388531 82 4064
162861 47 2080
5362758 74 9202
1057629 95 7809
11666286 23 6863
11945681 66 7998
3430209 43 6938
4359680 48 6258
753872 18 3808
337846 87 1780
8499 51 2120
1466 95 8812
15921200 86 7059
19451943 6 8136
2174727 66 4145
3698689 66 8965
2697733 18 3712
27866 19 263
20905 38 270
5854829 81 6653
63670 3 358
1776 10 5490
242587 88 6542
57996 22 9419
6687125 76 6984
5124436 10 5217
104118 98 440
1831 58 1086
67945 13 6291
3159554 39 9602
274445 32 3242
207872 61 8780
682253 4 1661
106195 39 1092
13339442 43 8634
213905 41 2616
21746710 6 7724
1120892 31 3588
6422194 40 3818
25898 3 1738
863737 51 4353
33383455 22 9727
8577895 38 7901
1347013 51 2342
30156443 58 8952
8944891 56 4280
11424789 75 4710
197937 95 2171
14799944 43 6170
33233000 95 9044
1282532 3 1538
250847 21 1634
6001478 99 4266
8611050 63 7837
16373478 78 9303
3538741 35 6147
9111283 38 8091
8664 95 6421
201462 82 7458
1761977 27 6818
6798153 74 3647
85841 5 2885
92035 30 1251
1348343 84 1556
2490337 85 5402
5767386 16 6167
2518997 31 2175
11608410 82 6541
27911279 78 9342
7431036 34 4115
7600464 94 4566
764956 66 7864
11775695 22 6899
361622 60 1363
579549 92 6380
21012458 65 7279
1373388 79 7250
14703717 11 6087
235374 73 1901
1 58 2018
521176 36 1054
1184688 64 3203
105487 70 8343
137536 40 2921
308629 22 1590
9334656 23 4351
4263225 93 6135
7749412 6 6625
21515 42 1674
1018193 48 4915
159836 43 3398
695534 45 1268
13504358 26 5285
23327054 77 8758
596638 16 2357
21680398 18 7738
276342 88 1012
1159972 26 2236
151258 68 4493
511246 39 2865
21797343 10 7376
12788831 50 7156
81561 59 9082
492721 31 9997
2241240 19 3349
39893 93 4085
49147580 60 9859
1 26 6920
36335980 89 9740
51508 77 1594
536542 68 9834
1515782 29 5991
11880714 24 4964
828170 5 6814
24695139 49 8804
14973 70 2369
6411983 1 6435
536305 84 2636
901 3 363
2484 46 4235
1 99 1678
173348 97 544
105935 36 2526
3879461 95 6669
43929 69 5695
117719 53 3064
3596956 76 3040
1665929 43 5364
274956 10 5843
17973861 97 9031
1594731 90 5162
1 98 1921
4160450 87 5723
13396426 41 5106
6558774 5 4890
689977 98 1440
18832506 49 9027
14334654 92 9452
3046573 47 6334
3493204 91 6126
177272 22 2593
161165 64 1262
2187716 86 3200
969168 13 1880
924076 65 2351
731226 86 7456
5208350 98 3576
420292 25 1843
112263 71 5938
2771995 2 7812
3086802 45 4129
3401010 41 4656
13443250 91 8490
9647218 11 5218
759353 39 5462
4363163 8 5123
8161337 76 5015
9559226 1 8843
60316 41 1472
3509 88 1255
39407829 2 9227
68184 48 2223
53466 87 341
2136641 55 8493
14908054 94 6216
19181251 87 9088
456768 67 1108
25950373 23 8588
275451 71 1599
173667 89 5550
144255 27 752
841 33 311
1314276 71 9034
12575086 28 6166
290449 93 2980
1914209 27 6656
1 77 908
2993761 12 5918
26926 12 8432
1104467 70 1595
5799043 5 3463
87346 35 393
105955 7 4834
3962333 7 3907
40765 64 220
343694 88 902
7112085 15 9638
24665082 50 9303
83526 39 4856
405986 47 4414
381769 55 4821
17383555 68 9972
16615128 80 8430
131884 98 3223
12012621 33 8459
9173633 7 5810
1219370 55 1542
2396492 63 3815
907509 71 3594
10449726 2 4722
534612 10 5931
1866099 61 4431
5653342 14 9959
16239 57 2041
8957455 40 7043
13820 57 1663
14203419 81 5870
1040584 56 1406
2020491 75 8842
3352851 74 7701
11317948 57 8510
6584734 71 4990
371824 50 4588
7171066 18 6592
25198899 77 8276
4953219 11 6478
13241330 20 6362
9779117 72 9658
57823 3 5946
25209608 43 8813
1291510 59 1650
463060 53 4418
24278922 9 9700
1307668 76 1929
27120 17 383
1351045 17 3718
18403669 75 6090
1742657 23 1951
72928 7 2353
2124387 5 6398
8054313 68 7685
353522 28 9229
6758000 29 5500
52304 92 2280
398341 6 9705
10383 60 4170
3457202 37 4892
7184690 47 6246
640024 55 3230
6206501 93 4166
1482275 82 5424
8771741 9 4639
37093 36 286
26899038 96 7508
2768874 98 9245
121190 73 3055
813568 55 3423
2266617 2 4331
4796564 11 7900
3641045 57 4107
59856 57 2546
12590219 1 9259
6865755 30 4921
558208 99 7007
6254 61 3494
731406 54 6351
6060 21 154
52664 92 986
837787 69 1582
205957 53 2995
5727596 42 5613
26764833 83 9402
25883965 49 8813
7904227 58 4661
12697145 48 6302
543731 66 3343
2709294 52 5981
4417365 79 8025
3048998 18 5121
78389 13 1417
27956482 89 9920
3746914 24 4829
54638 87 360
2777640 42 4364
160829 95 1097
691691 22 4656
2933752 86 6042
24193927 97 7489
34591271 78 8526
351593 33 5945
181916 73 1430
71772 67 287
1369010 67 2756
1159664 54 2464
596056 6 9977
10345038 74 5305
2951 80 121
2954942 41 3258
344309 54 6549
2013673 20 9243
1604265 43 4108
7850993 82 7568
50645 93 1182
314214 82 3497
1158035 100 2818
1233905 89 8260
8471748 9 4312
105713 69 1437
441866 92 6708
35042 11 1998
162693 41 564
3392353 45 2769
5995265 92 5762
25369 10 847
6698750 28 8798
148082 44 7390
1920214 61 2388
11696932 20 5251
904305 44 3629
17084090 4 6049
912 22 431
1415908 52 5519
7839002 83 4375
1 56 1342
12354534 60 6696
13818481 37 5882
23033149 83 9894
10199656 28 4720
5524718 82 6725
8263247 61 4406
1890 8 6947
6367821 58 3473
15543 91 3520
13972726 90 7403
619606 89 2062
21557 65 4483
18883932 71 8729
5426051 21 6474
4230440 62 9905
227151 2 612
4175 15 73
3310073 34 8422
9804048 52 5262
17924 9 2521
2312767 34 8227
14368 10 4945
544570 76 5716
15591234 75 6346
2668831 40 2634
76200 39 2001
3003284 25 3537
3177872 79 3733
11435807 100 6285
2103772 41 6215
16351 95 3842
565453 47 6413
18260484 32 9184
20822399 47 7655
5250082 23 3818
1824122 24 4682
27248762 72 7409
2159542 100 3111
24137112 52 8860
7562777 88 4605
26515075 2 8291
2171767 72 3373
10008 35 5655
14578883 22 6043
2049026 5 2046
209859 87 3092
2786875 40 2565
574620 7 8690
6436889 48 6290
202443 69 8758
1 75 8876
489522 64 4081
90597 28 7839
14030527 84 7013
2611472 83 3033
910817 92 9148
1 68 1729
262849 38 1023
3021946 16 9821
3101019 4 5953
202321 6 8797
436856 25 3036
621937 27 4257
212092 11 1061
581476 76 2277
11023336 56 6249
59693 65 1371
908555 99 2786
18018256 96 8459
226531 52 9850
18687934 13 7592
59160 17 5971
181218 96 654
19506154 41 7588
310447 14 7929
2431806 11 2555
28202889 77 9112
25022949 46 9344
2886488 40 3306
5242622 79 5494
698621 24 2508
41481 52 343
1747964 39 4784
8128753 48 8142
482277 79 4116
8004648 75 5213
22220225 68 7469
130534 25 6656
5418176 26 6191
1696447 25 4363
4593205 83 5728
2911013 13 5215
63288 4 3559
2526516 5 3968
1 62 851
6991026 10 4900
10653328 89 5081
6851144 65 6505
14807152 52 9364
302384 35 2461
73662 17 3749
17119 78 210
7502029 29 7442
8867315 20 5010
10518560 10 5841
6110598 47 5975
6621694 91 4068
564716 21 1523
205997 80 3960
22435721 74 8198
95928 97 6163
1768180 46 2907
3710076 69 4048
281930 42 707
3100147 57 2517
19721134 10 6685
4663725 99 8973
1659784 16 2416
3011528 74 7924
558941 63 1822
90664 57 1819
6834329 2 3661
1624788 66 2324
15080974 19 8069
613239 59 7941
636180 13 7965
4393003 79 7060
1003559 5 1761
11850399 14 7429
21816902 42 8937
9604708 18 5397
479209 1 4380
7854296 96 4153
28621682 56 9565
802483 8 4354
2768261 39 9777
3337909 13 6801
6167888 89 6975
3196624 13 3344
21488525 68 7858
20015348 51 7494
106419 11 3862
1800856 13 7821
4245206 69 8204
370225 76 2400
21514628 61 7952
557956 23 3189
7708552 28 5429
8460484 90 5877
16686742 100 6316
6555755 48 7574
4901530 12 3671
360030 55 4266
4988305 33 4223
32202929 50 9703
3532380 25 6155
14945934 51 9720
2481028 43 2659
1414192 56 3010
31055786 15 9067
15123 47 1359
17237324 12 6583
699410 34 2590
613400 26 9845
1117716 23 2843
149096 37 6651
7604314 95 8313
11693180 30 5177
3418357 72 8322
2070575 8 4344
7701654 81 4703
601304 61 1365
9901068 55 6913
1016965 38 5080
13467816 63 8334
41476694 69 9270
51421 9 538
1381 90 1193
2996 26 499
20127244 13 8451
3496903 56 5088
2700 78 2551
6472613 87 6222
436782 11 1048
1941760 20 7792
883114 95 2329
4378060 21 5559
4172686 39 2933
9307 43 5346
1280020 61 5252
794106 2 1882
613095 96 2006
43371 70 819
2806016 28 4788
1120603 34 3677
255911 84 1379
2356250 86 8603
10220345 95 6450
11286029 71 7031
4299098 63 6197
25163 82 8768
1004145 19 3175
536148 75 2444
1054115 13 1791
2887281 83 7226
1081210 65 3532
95220 23 3574
29421 57 1265
1 80 8860
4415295 6 3974
17516293 26 8157
475016 90 1605
591125 85 2109
1 100 185
513140 88 1647
2197402 89 4704
1381071 88 4346
1644699 29 4178
33362427 85 9171
6074731 99 4661
683238 83 7063
1309305 5 2694
24658149 16 8246
3861172 25 6751
207490 68 982
315819 78 2803
334318 93 9838
56609 45 8563
6907938 46 8185
24738394 69 8533
21239560 8 8296
1257107 59 2306
3867541 75 9516
690780 69 8113
7185345 46 4333
117409 92 9698
23217407 79 7794
91446 18 739
5679660 17 4674
8958401 2 9279
15470 82 2714
10099865 100 5664
5473098 3 6092
28418624 79 8842
1794723 44 6408
20034075 100 8023
5812 25 5289
28073 63 994
11459889 100 6345
17377088 85 9602
957352 98 1377
206003 2 8597
583899 82 2928
6478249 9 5968
727044 71 2035
3065270 42 3430
1173159 32 4401
13475223 94 7734
12494232 68 6236
30011 92 2061
66318 45 606
5619284 96 7588
1921359 8 3600
1 88 7044
116717 69 3737
149380 70 3358
3217043 68 2664
2612106 15 3353
5030047 26 9570
25947891 12 8902
159186 82 1026
5838195 92 4084
235194 9 2864
2452519 21 8706
47967 34 441
1170600 91 3176
719364 11 2335
3455000 72 3084
430906 31 5798
6890512 58 3989
407133 92 8378
8725912 92 6000
3023461 97 6937
68046 64 4548
3669255 10 8124
5083206 76 4539
22202019 66 8474
1 80 301
38376261 29 8676
1 42 1064
15464350 82 8894
59138 28 1120
34281 22 790
8976517 31 4496
1511171 9 2924
1 60 5762
2469558 21 6172
6794 18 4969
201751 63 1127
2353056 93 2430
7456699 85 4044
2467139 41 7127
346977 15 5337
7546162 87 8391
34397351 76 9881
1256864 5 2080
3685125 46 9049
10096270 22 8265
75067 10 327
3322 33 276
15143771 7 6288
3168128 98 6427
30388 86 437
2155230 14 5244
10720 34 1057
7120 81 7173
166050 23 3628
3788687 97 7666
19005639 5 8539
6553106 44 9299
6037874 100 5783
885467 91 2202
26969 95 2035
785888 12 6422
1677225 94 4407
14240899 39 9717
162286 52 2167
210175 34 828
1218876 96 3925
5679784 39 5767
963730 75 9386
1527 63 374
6298395 3 8498
33833192 42 9061
673951 75 1907
12969017 62 6162
508651 93 1402
11762791 11 8503
117477 69 630
3491 38 176
15940023 6 8098
9802012 24 5436
3392810 68 5742
4033394 34 6984
27769100 67 8820
8053781 18 4087
1111527 63 2005
22308 7 3899
631302 9 1395
2024102 90 3624
1123701 16 8735
224925 25 4907
8443562 12 8041
9499348 17 8160
24583531 49 8596
11358935 93 7100
1443741 18 4190
36716225 28 8746
122507 46 1656
20296275 1 8504
6376085 54 6962
