50000
200037 15 1229
686637 61 2752
1906855 52 2847
672948 94 8195
3525051 17 5051
300296 62 3360
4506277 73 7258
1401731 66 5889
874824 1 1613
5278887 50 8180
1896442 77 2539
3953069 82 4813
9121827 40 4276
3270001 13 9589
1484049 47 2373
32835810 5 8997
2324782 12 6401
366971 16 2595
3245798 56 4600
678 59 1220
18441593 13 6233
27930437 86 9009
2240671 89 2142
27504832 44 9910
10821179 76 7816
35231694 55 8385
627173 37 2375
959617 45 2669
1967136 38 7898
10023556 74 4701
28878 82 1825
313000 99 1172
3221310 38 2664
749 11 4117
4624205 15 9919
14050665 92 5211
27867 62 612
6353356 70 8265
8800311 84 8444
16078364 21 5845
663214 3 5774
35754 60 1509
138718 60 1670
1048835 57 3247
3366906 68 7179
814049 58 2221
1872122 10 9787
679827 76 1084
14249833 76 5543
2633603 21 4847
15212019 13 9265
21728724 99 7065
232492 57 1618
7657090 30 6085
10307933 75 7526
7930137 25 8559
7715365 58 6974
10248904 87 8354
176420 31 1208
4075461 78 4359
4252399 26 3311
16449904 59 8611
1053184 56 3456
156912 68 8101
14021827 44 5483
11790191 67 8484
1726197 80 2681
1445719 39 9217
3413048 94 4866
8458569 31 5151
46648 49 2035
505096 44 1976
600781 12 3531
3387185 37 7804
5290869 42 4520
7374683 98 7284
20905363 52 6384
10284 67 6966
5683166 25 3935
36887715 41 8634
993049 11 1574
3755510 48 3765
170719 27 1381
8949124 84 6246
137496 24 978
40009149 16 9096
350326 24 8790
423583 90 3972
5695257 70 9239
4085993 69 5289
84318 61 9822
2557522 36 3290
7420402 68 9636
310038 15 9605
12735903 95 7054
5660154 84 3709
2869092 61 2628
931093 73 1652
6039200 64 4704
14091785 86 6053
9034903 89 8356
116544 36 1442
3783370 67 9583
33840 67 1669
1146 5 331
1865376 90 9804
1162496 10 2782
2081646 41 2984
830202 69 2850
654255 47 1288
2593653 89 3580
3218072 35 2718
2584085 34 5954
99857 76 693
3200 95 734
7354057 17 6944
247367 9 9874
1554205 53 9383
1077624 48 4593
16184735 88 9415
25742949 23 7593
5264733 86 7656
75495 74 3245
596331 73 2104
117589 49 7302
7022678 95 4121
1588690 10 4655
292317 16 2371
3972563 86 6595
27372474 83 9511
6769302 27 9930
318746 42 5273
1498 1 22
9337914 55 4708
30180 53 1673
550347 98 7724
390852 7 6150
22225334 37 7152
4069804 99 5355
6081952 100 4994
5271046 44 4473
52892 71 3490
1501901 4 5769
55899 89 5624
1295043 43 2563
2207347 40 4207
21110571 89 8078
5332555 95 5757
346514 63 6181
14458979 76 8240
767497 65 9367
3551841 81 4630
3262692 34 5572
970263 74 5640
7225883 95 8282
1829194 35 3513
253991 48 8752
28822582 97 8627
4082071 74 5910
1905838 65 2651
25221 17 159
5511502 31 8987
20607546 99 7226
2281 56 472
8615810 26 4885
1215493 61 6646
141692 62 877
2129590 21 3935
12006 20 530
38338 28 8233
5837511 92 5489
1398268 24 2475
223443 40 987
113905 51 2885
648799 4 1829
22185 25 816
2208391 84 4259
1245991 22 3756
24904651 64 9416
29798352 1 7979
14740 35 1994
2430198 98 3507
10287569 40 7094
3018931 5 9589
1416570 42 7861
46226 10 853
11843007 22 5242
22221655 8 7948
11537681 38 8920
1390385 2 6835
176535 69 8188
4535542 100 9473
1311275 35 5729
5297207 44 7195
4061703 16 8647
9890758 36 6690
10822750 33 5219
579177 64 6489
794250 10 2196
31514 56 184
55802 82 1441
270174 100 754
2194600 59 3778
682709 2 1649
16952059 96 6861
10646654 25 4905
3337238 95 4718
219799 89 2226
81089 81 2527
11952971 50 8776
3282401 44 9559
13558519 64 7537
424859 52 4132
38532823 82 9496
3944300 91 5031
4241567 66 3070
362726 77 4425
2141574 7 2025
14746786 10 6201
195013 23 2933
1599927 41 3274
409391 19 2115
5080850 49 4093
1419284 30 8168
1 35 3524
243270 38 3563
6856332 12 6710
2583863 86 5184
127706 9 441
1956792 77 8357
1529849 92 4341
795071 100 1597
239627 53 5084
427258 16 1130
15529522 72 7626
8061200 60 7977
25236 24 3160
8601547 7 6386
4478002 61 9245
3139 88 172
2465532 6 4922
9530846 71 4852
1963244 52 6266
8089651 38 8751
2851322 91 3533
2586169 37 2315
659174 84 5043
346947 45 4985
3514316 25 2799
13471544 50 7329
5460977 4 5796
4339263 89 6480
194832 80 8641
10916122 38 8123
5855180 93 4059
4959230 8 3875
8975096 99 5509
12148554 11 6059
14275121 68 7874
13459562 66 7199
38634497 62 9935
157184 89 4587
15482905 67 7089
960161 18 2408
73685 36 891
65119 17 321
13774603 41 8956
34688 73 510
1308158 86 6929
1381792 13 3299
14668518 37 5906
20237801 50 8275
33839541 9 9036
264813 53 1543
162766 67 528
1471812 15 9291
479822 76 904
76501 56 1141
207856 70 553
3593242 79 3195
395640 18 9118
1310957 84 7869
188879 45 1593
20223528 58 8950
11394362 82 4720
435047 74 888
29269 55 168
5439253 30 5457
105386 93 3382
1161019 11 4731
8285529 67 9005
3334526 9 4874
2793998 50 7411
2695133 95 9425
3126529 33 6475
90589 37 9920
29769304 74 8752
7511325 48 8824
6614756 51 4198
20155871 48 7054
4089485 94 7370
5181267 94 5026
1176105 28 7520
16319790 67 9645
85381 15 672
33798440 2 9490
593719 40 9202
5606560 86 4352
20398380 5 6548
4038543 54 4370
1 19 5682
20913 10 5949
423516 68 5022
3313968 8 6671
937219 71 3967
9385213 25 4310
1 100 121
250569 32 2603
1606679 60 7989
3555039 36 7619
1631445 99 4992
2441217 12 2171
8455419 30 5666
16410 50 623
16368002 91 8857
1145191 18 8853
2753834 9 3225
12437 78 930
6213369 86 8598
2348997 69 6442
5506847 12 7633
5402356 24 5026
195609 2 4015
1778473 14 2143
894 1 2183
1890000 85 2902
2981854 84 7001
885156 68 2861
15634138 78 5671
353073 37 9343
13 17 761
15367190 99 8115
44427 79 895
7249387 50 6469
1982015 88 8986
570403 42 1584
883900 51 2300
838975 87 2164
34286036 58 8653
22906462 50 6981
3617911 26 5586
220015 66 1971
1949046 55 8423
1 46 1515
11269055 58 9867
2366475 42 7574
18751 89 221
113401 94 473
5657782 78 7447
770114 36 4811
1 73 1487
11452842 51 9175
5710747 39 7503
32135 33 211
10823868 25 8214
479018 75 2404
1210758 29 8739
31222 99 8005
3098759 41 3540
7118871 89 5090
1027080 19 6288
584206 16 5389
21931451 97 7291
13643613 98 9010
1127084 74 1811
16180100 19 9835
387739 12 5321
61271 41 5849
12215597 25 9652
194652 46 2425
35307376 17 9380
7896 47 427
4937 64 6985
995701 73 3163
57123 29 1720
442383 30 2760
2207580 68 2403
48753 43 2458
12437311 100 9952
618393 3 3350
17334430 99 6430
360626 47 3452
411681 65 2064
171588 43 852
7481296 21 4108
33887 48 3004
912848 99 8883
15630766 91 6855
19400060 61 8686
9135 72 554
446719 42 3806
11478113 22 6259
34421 98 910
523513 62 6229
574735 73 5675
5627117 76 5071
2934902 44 2718
7561208 11 8348
8745823 8 6395
678104 83 2099
23236279 1 7268
1140506 94 1636
10291881 25 4982
2689788 63 4319
412158 59 6498
22511587 53 8455
476341 38 1092
5049120 93 3488
3392526 18 8074
4562047 55 5017
51669 98 908
814784 71 7068
186576 2 627
2065544 24 2817
5994620 14 6395
74168 63 1507
1 75 87
21455263 20 9897
155290 34 1381
12377314 51 7525
27291 33 1163
5751490 99 6961
1462470 62 1627
11246 41 157
47071 91 607
43836 27 937
58587 30 7556
438612 25 9432
946358 80 6803
23386 89 6398
19815 5 4292
567818 65 1546
790127 100 4900
55731 3 4188
4736874 79 4917
93160 53 349
90497 90 1256
3185334 73 3170
80832 94 9636
252733 19 3739
10107692 88 8114
1013717 99 2348
71247 87 1483
15101608 48 5615
40521857 56 9137
10226 62 713
205237 81 8119
1611743 68 3697
5347271 52 4540
4852 69 649
261710 47 4049
8618 80 153
5924473 77 5459
11761837 2 7232
1066191 62 2172
93070 60 4642
2673650 14 2632
1197134 17 3181
222415 60 7722
474099 41 8054
311289 7 1797
1374923 17 5128
3567930 60 7743
6506195 19 5536
13838518 21 5589
188 8 863
767028 72 2072
1730866 49 6780
135871 88 7598
2471040 60 5224
926051 76 6158
71241 74 6500
136251 59 9078
177559 49 1212
139940 1 634
27087921 86 7689
28213 9 8011
4515283 6 4333
2569923 7 3996
1 59 1215
4506959 75 9776
123585 93 6232
9010770 27 6615
8263 75 6507
4858 99 961
12236738 23 7327
4413711 84 3309
121026 41 2238
26077746 29 9027
12733178 19 7095
11993490 47 7192
11855328 99 9661
326852 5 930
4666 9 52
32862 40 5153
975071 90 3069
6261 41 539
441848 52 1655
3443224 82 5308
1126248 1 4544
748032 26 3479
36784839 21 9378
16810 2 4592
8526656 90 9698
18101544 74 6521
5556877 5 3686
740857 70 2356
885826 78 7592
56312 16 4824
22165432 15 9702
16961935 31 7204
234926 9 5385
3221920 28 6598
1716861 81 4018
16277592 76 6338
721688 67 1315
4557304 61 5924
1854612 10 5205
106775 7 431
12440630 33 5893
256287 59 1926
4158993 47 6822
14978 67 539
1106285 74 4962
9948868 17 6420
22953559 25 8960
18590 11 7711
398215 26 1169
2587719 20 7230
1 67 90
194880 95 721
33121828 59 9955
3183 6 1565
1490534 30 6798
180751 34 8922
5753136 59 8689
5556 12 9529
51412 35 865
142138 81 1450
12511625 87 7114
13924310 51 5798
17644060 96 7170
320971 78 2879
30707852 42 7743
30693929 82 7839
1 67 2425
619312 49 5976
6336901 89 3664
13134644 24 7384
107965 17 8033
1 92 351
1725678 49 2724
72110 23 992
21005907 5 9354
21890134 76 9255
163410 50 1843
1 38 631
15183295 38 5986
1092723 32 4179
1488087 70 5880
23734225 4 9207
7015943 42 8986
8359822 65 7572
56823 61 1834
5572226 27 3933
439066 42 7323
14827242 86 9019
818862 9 4368
301485 80 5952
15549521 48 6315
41249787 4 9778
382529 78 1119
6128445 16 9156
128650 7 1736
2049565 31 4581
949170 19 1531
27348 100 395
35017188 72 8477
98883 66 814
45153546 17 9966
824417 18 3003
4139751 29 6715
1 90 1156
597453 90 1690
20636573 21 8113
6248796 45 6706
104651 90 2391
5469336 17 9789
36126850 29 8717
5596741 26 7214
9168516 85 5564
3042317 86 5144
15358645 40 5591
1375305 45 6096
8528945 5 6042
482991 74 6279
24468328 8 8945
148044 86 857
46612 24 2375
556357 8 2385
21734457 76 6715
654623 9 9606
34247091 74 9468
535851 84 6779
79808 58 5873
103805 19 1049
3977456 69 6278
129378 90 1383
1150574 2 6714
25481991 32 7968
13555276 71 6532
10575200 64 4709
5679156 68 8578
24676296 93 8396
1 64 78
7758 48 4465
24114023 50 9859
18273180 23 7788
2650373 65 6359
28415024 79 7863
35052750 35 9725
48894 60 698
86698 45 3019
438030 3 863
1 43 745
7894629 32 4935
7215788 44 4134
12533 41 906
15430576 17 5798
21006150 9 8454
190936 66 4644
20207647 69 7388
15082548 96 6398
401 27 7319
2363772 44 6533
2388276 34 3722
1 48 799
2909143 94 6074
712970 81 2663
4656894 33 6552
25001583 97 8157
393582 56 1479
3652479 74 4657
430293 55 1275
42843423 84 9574
27966273 74 9193
1696781 65 7844
4262547 3 6301
26670458 69 7558
27592 13 418
1692263 82 4214
12572902 9 8273
1363798 74 9097
31316 10 1391
1284414 40 4686
8800211 75 4838
869574 58 4955
7272330 87 6452
1070442 38 4351
1765584 27 2843
162760 42 3913
2123626 82 5523
720226 6 3255
8698179 38 5285
8053748 75 4433
2481 9 2033
34143 21 1006
1091044 82 2174
3628308 12 3284
4672714 46 7664
887015 75 1554
3003658 26 5374
554 75 5286
1252249 14 8554
149502 98 9861
231878 45 3703
1920418 20 9911
542298 61 8383
28390790 69 7702
8719947 66 9926
4244817 75 3537
84246 23 667
1411829 14 8227
754822 81 4718
5259 93 1725
486329 5 2061
17970847 63 8120
53277 63 2479
27954847 48 8047
3258851 48 7885
4330916 86 9876
1961816 48 6307
11683401 39 6025
661890 59 5915
8232269 11 5118
515256 24 2373
862289 29 2654
815290 58 2622
9310 47 839
17522373 43 7745
2145366 5 5353
879227 44 1232
12399421 27 4979
306358 61 4551
15644612 65 9353
4160725 18 3862
361754 20 750
17478 9 921
28716652 39 9742
5031394 37 4400
16434893 19 5710
1008 14 53
20923975 86 8097
1797762 85 6581
1548346 90 1996
116377 87 1309
6710777 19 9900
18205399 1 8312
33328887 74 9937
5055901 24 7149
18544507 28 7684
3545 52 1904
174272 29 2183
9873266 84 7964
111949 87 4035
2777 53 2277
22626974 29 8135
18064100 42 6269
27888 69 463
3532 7 1745
2920267 13 8594
687424 51 9295
38866 24 2656
31028094 60 8414
1186536 51 8472
8856971 71 5820
9038397 25 7168
303872 76 1944
134513 32 1784
773978 96 1568
810775 48 5143
3541269 27 5533
977045 95 2704
18199 98 653
1314929 53 8558
453493 46 1250
4808600 66 6542
10051238 4 7504
10877342 81 6530
179801 98 5037
1 83 276
10890237 5 5544
57365 8 1249
6980320 26 6388
3735944 38 3404
5006 30 1151
7302842 41 3844
93742 46 438
4482064 54 8915
5057906 33 3754
483875 81 2054
4869511 82 3832
9315768 86 4625
10489430 42 6575
8450160 59 8856
710334 68 2974
501504 69 5438
1362326 35 1654
23611663 58 9967
10532291 28 9509
2844 85 7102
7794048 16 6090
1354323 91 2148
1309235 23 2243
13928392 41 6220
534392 17 6188
5287821 88 3670
23113794 53 7764
21356986 34 6777
2716 52 2413
4925965 46 8691
211887 82 893
25490 42 368
550591 92 7664
897069 83 3471
12820127 28 5120
10596212 2 8024
275316 57 2527
3714061 91 2821
4835786 96 5721
3089980 95 9555
136239 9 3561
15280266 12 9088
15438936 35 7199
394612 15 3717
14835302 21 5560
430940 55 1804
474306 17 9283
2039348 38 3738
572043 30 2823
56733 48 5118
5035016 35 7032
22056 68 7722
3304269 36 7879
603753 51 1005
701242 49 1358
10043795 28 7599
1075305 100 6813
9376133 73 5346
10466957 42 4719
4141 6 2200
6276133 42 3982
202073 82 1996
122747 17 1120
1 73 2066
51123 61 865
6555002 4 4082
8797902 75 4784
10875819 11 7522
31421803 9 8193
18484944 46 9418
104395 61 2516
13832504 91 8994
92415 51 460
471509 67 3802
1 82 1776
5014020 89 6781
82933 55 1524
2432 14 96
1 53 601
5754934 18 4305
1952064 82 7348
229782 58 2244
449369 96 3641
44288 29 926
346937 92 2901
17322112 66 8499
625931 49 6076
1222246 52 6059
671627 22 1424
11289 25 244
62162 50 1426
3602073 36 5673
3007561 11 2681
11544387 90 4831
26884737 41 9456
24832700 54 8009
2525212 98 6341
3848 85 162
17403057 38 8051
250910 91 6478
1846128 44 2348
342515 61 1354
741558 96 1668
4157156 37 3407
10283374 58 5572
242797 48 4670
29318931 96 7623
1 73 1588
1518371 64 6695
9654 35 640
6467864 42 4175
2229 77 1968
2358407 87 9101
51643 65 1860
575718 47 4094
809949 19 3746
1151 51 4793
37535883 76 8732
4976748 42 6075
10182539 83 4495
9012182 60 7110
13293125 67 6609
19180193 9 7740
16262519 74 9252
251576 20 1014
874917 16 3846
22976 79 3547
3189983 64 6590
4966548 81 8888
2464025 36 5011
918571 11 8963
17158 23 2033
13901254 74 9778
6166447 63 3649
727815 56 7182
3604894 96 4230
6816192 50 5761
1234505 30 6438
1 77 78
567921 86 6583
80047 14 867
1523825 55 5134
254391 10 1951
7861947 49 8671
12835132 31 6474
704898 11 3728
25418720 43 7864
1038446 15 5316
894820 46 7439
91121 35 2413
13061499 89 7085
472918 100 6056
1564604 23 2280
7952343 38 5887
1 74 1256
1014383 15 6493
24988637 34 7362
3031 75 1805
1 58 333
6017136 79 4763
3434730 45 2541
619689 72 4092
30938458 48 9855
729134 49 7093
8866509 88 5249
5709023 3 6670
38194618 46 9295
10839795 31 5691
42686 20 1669
5524562 74 3998
24883337 93 8408
1014466 54 2857
69644 66 2511
3939993 46 3435
15653157 49 8363
67082 94 4459
10795488 85 5092
14268443 36 8207
41557 36 325
992579 63 2213
1373993 5 7297
1003363 20 1738
67961 59 1501
3917312 81 8099
638631 6 1868
5031481 14 9594
1 55 6405
7045093 28 7792
1938211 26 5506
18174290 56 6661
761268 74 4139
408 48 4159
30267633 29 8091
5298442 64 4091
2249785 29 5581
4862157 79 3137
109153 90 6384
8209275 85 5247
5930160 4 4544
558207 71 1516
38030 62 680
457603 64 2332
2045511 4 8047
7908738 69 7762
9338167 66 7324
5975123 78 7145
5676263 11 6339
9747481 17 8420
5366005 97 3543
5234128 57 8067
3378925 82 2809
1310689 95 1982
21493221 100 9003
18797357 97 7189
1690489 49 9905
421702 9 4001
16207893 5 8813
593787 32 1554
2514792 64 4314
16069 65 1732
140083 60 4059
1860761 69 2840
34533402 67 8372
327388 35 4350
4881568 29 3057
7889091 80 7634
2074587 97 2823
210706 59 7665
5325114 22 3629
2211185 37 5269
2690111 59 3943
686426 50 9878
16155997 53 5839
258318 61 2512
18308722 44 7786
7390648 66 5871
12734474 92 7166
25418 58 330
2820799 40 2441
15471786 76 8310
1415 28 2032
11249 25 69
471821 7 1653
1999763 6 8259
5491 46 116
1587482 89 9344
8159 76 1890
14299445 64 9013
8330820 99 8517
8597921 75 4740
378618 32 1409
102926 95 1290
2495485 66 7870
6491021 83 7811
5227 48 5354
607496 66 2524
1180410 13 7275
2778052 55 7375
258 16 8443
671127 57 3809
1757024 56 1995
2241866 46 8217
80361 84 4441
14044472 29 8509
18068234 85 9984
3511115 27 2765
1986986 71 3915
360689 41 7164
25037576 35 9196
6788684 25 5454
20231764 18 8759
20839480 12 7409
605072 25 6787
21242855 12 7295
7873998 37 8611
4813418 30 5656
4315 22 647
1679622 32 5830
748862 28 1804
4051122 25 9842
68144 66 7363
2405782 65 4592
355873 85 5200
8790459 52 9502
2532834 23 9885
2053433 42 2161
23240946 26 7490
1815355 65 3622
23685857 56 8048
138274 68 1170
10181769 86 8800
1689188 23 2555
82266 57 6133
1804913 97 2075
10823968 25 6729
1731669 91 3167
44692654 96 9432
5222 69 121
6887566 40 4900
2908714 91 2698
30333220 47 8888
15566724 44 9785
7898391 42 8193
197214 74 2735
7856042 84 7441
9741630 69 6292
625635 91 8692
1851191 92 9478
312986 3 1763
7488148 84 7212
144312 50 1815
14433962 76 7355
19261763 14 6128
3431036 45 9150
4764528 93 4710
8240244 97 9314
1245486 78 2847
226640 45 1941
5892 39 1611
22501891 5 7878
30389951 69 9352
533626 78 2874
15509868 22 6041
1400843 99 2596
2482778 23 7444
8053635 39 3916
12893926 46 5853
20831581 87 9059
208357 9 9652
6642177 85 5972
34050273 49 9078
24523183 43 7521
2056896 63 2923
9337850 65 7330
75404 28 304
11531373 64 6973
374794 52 4526
2585 67 6565
261671 9 3995
8627133 32 9138
964359 12 5417
3613748 48 3045
2007186 40 2111
34097167 56 9690
1378824 23 4510
973184 15 1517
25344 11 7479
1651759 27 2481
10320349 74 4726
13919502 9 8530
3683827 22 9130
4298717 78 4990
1442894 89 8199
1275693 71 2028
145559 39 2157
5104822 51 7184
2717006 24 7352
1486 13 454
12242281 14 5644
1 74 1196
4006 20 473
5245168 70 9401
756709 47 3770
46572 4 1013
369606 72 983
819524 27 2015
908785 46 4337
41295 11 3149
27089811 87 7513
27823678 57 7687
7867479 6 9395
304896 70 1699
4452606 6 8613
7153788 10 5870
10742211 78 4750
9946634 3 6258
28173 96 1219
50531 57 5015
1527 2 9180
2059646 97 3807
1773915 31 3894
110551 36 9551
613355 33 3147
48467320 35 9753
150391 12 1224
15069793 30 9120
2446000 97 2443
9796153 69 6598
4152624 25 4809
12826 71 551
5175792 86 7829
1625886 23 2312
952711 31 1878
126377 67 812
5530606 11 9032
192038 13 1828
9924 52 92
5912713 52 5570
6642186 13 8892
55776 77 6536
25776 2 531
11753977 26 5709
519460 60 1333
65060 54 2262
1019817 10 3183
3990528 33 7322
10557403 96 4567
579903 46 3719
212381 28 1528
1944669 100 4437
641723 89 1135
1393449 2 9548
216448 66 993
3838854 61 7092
4897947 57 6172
23098789 95 7778
5838480 52 5357
19595772 3 6159
122384 8 1733
892639 52 2701
993862 26 1497
16536446 99 6399
33944 58 4615
141895 47 531
659194 55 2708
154655 28 669
15377227 61 6491
97290 61 7581
575 41 830
12339 91 495
3624199 87 8273
3417863 4 3127
1240358 75 1950
23578407 86 8932
1328463 25 2107
24539199 92 8850
1182486 26 4691
291859 74 1312
4415025 79 5338
20998762 60 6902
545064 79 5928
8747896 94 8397
2270624 94 5354
18000 45 126
8923517 43 8130
595655 16 5276
15350 45 398
781792 24 5871
420490 48 1378
1160274 72 3286
877505 60 1833
45299 43 2750
10341853 38 5853
25608081 20 7697
3426827 5 4687
7101867 7 4687
450461 57 3627
1028277 34 1359
251703 93 689
8476748 37 8417
1099 14 734
3310601 45 3662
14110812 24 9605
1788786 66 2158
4357698 73 9462
1024914 60 4804
102959 95 6170
813884 86 3783
333570 1 6180
82741 67 4654
40612716 76 9795
267665 29 5596
371923 88 8040
26418727 31 8213
3844 36 5675
43347 53 8804
18614233 70 8431
469030 98 4219
4141920 72 5494
2647738 87 3058
7788264 70 9352
22099677 10 8449
4495801 12 5349
2716 28 1031
414537 46 4812
16341855 92 7941
600345 99 1505
728174 33 8476
10417 33 2575
261989 58 2435
5095820 74 7443
1 79 232
11378452 30 6189
3072693 69 6876
1 74 7457
1032125 14 5883
34192 31 727
2656044 76 9543
81147 37 729
29513542 31 8773
89409 11 352
4727743 88 5754
58172 27 300
13729178 74 7482
2059898 67 3769
7735314 25 5409
13594904 62 6205
3834338 81 6771
6839417 78 8272
685674 61 9716
87710 31 634
145860 82 1211
200867 94 5271
210477 80 1928
2033384 98 2231
17813566 87 7199
3081327 22 3177
468333 37 5097
177605 55 574
11344714 20 8108
2611464 90 6819
20436903 3 9351
3732 13 345
17477371 20 6342
1211219 64 4281
8485220 6 6394
952184 82 9184
754076 82 4203
3507846 34 8448
11347133 26 5702
18023012 87 7332
28551 75 1644
839895 20 9454
651703 56 1281
17714476 49 6799
11997774 99 9164
2518262 98 3721
19092041 92 9105
4468888 40 4573
3844108 90 5546
22378476 60 7715
778347 65 2389
31280144 64 8898
21571090 25 7060
1191167 15 4480
6461746 9 3654
21873093 16 7512
4300929 28 6872
7519386 69 4690
102916 23 382
4647230 41 4137
1862108 95 3707
863966 16 2044
29789978 43 8449
771542 12 3239
1227836 77 3756
16661293 89 6111
27027 63 317
37699798 80 8808
1996 37 70
312473 58 6485
1857366 94 3898
1786006 35 4192
2164079 2 1998
14297310 66 5328
7601775 34 5866
2413214 21 4508
24534515 35 7867
895064 38 1915
645475 85 5824
4076402 65 3439
26274 79 239
17164121 54 5845
2753887 79 9438
988989 14 4544
40998118 54 9279
9740192 76 6901
12037702 58 9835
3202729 47 4062
1636272 50 2408
1036724 70 3533
4189830 71 4537
1869531 49 2634
108479 18 497
4280761 34 6425
1149917 98 7923
113084 51 3444
137509 88 9063
40538 1 1520
7304274 86 3923
3530888 76 8075
7898018 35 5958
250529 70 3068
133063 48 5426
8637814 5 6087
1455365 72 5958
5919365 27 4391
310368 78 4622
296605 39 1589
132186 66 1967
15448612 82 5638
11027 80 113
3663362 18 4112
3303646 66 7484
2178533 30 7504
12277152 12 4895
6043175 90 6668
271475 23 6197
393257 32 4258
3240288 66 4163
321416 12 6100
25453469 93 8624
28456 73 370
9391675 16 5897
148272 80 2143
2250748 21 7216
527790 32 1682
3635530 100 5625
1233156 47 2216
17460437 54 6057
3428316 39 5761
76186 20 411
8920991 90 8337
8966242 47 7932
1700088 67 5451
266841 47 2552
10990282 12 5627
2069656 63 1965
853980 82 7403
293966 78 4306
5425907 89 3919
338506 6 866
11211728 9 9624
669572 71 2417
1008485 89 4896
7437912 44 4675
21511341 44 8061
18901050 5 7407
31837 69 1490
4818760 11 4832
15584 17 5113
7477384 15 7619
11557885 95 6017
4513529 66 8563
1147968 5 2258
1245343 26 1508
10504772 66 9242
4462 3 367
1001516 21 5380
1078636 53 6065
3202927 28 4006
29862 38 310
699931 43 9397
21376254 91 6467
6847499 90 3950
669138 45 1174
3917195 96 3974
1 66 6138
5808708 38 3745
7145615 9 6917
846040 34 7426
1586672 86 2679
16843435 68 7499
2010 67 359
202983 26 1029
32576308 74 9294
4789307 91 7698
1041431 43 2202
1041490 84 1753
6719128 43 9063
8546105 3 7803
3163331 97 2981
159588 51 6146
2110722 90 6027
4627201 37 7912
362089 15 4305
1556002 88 3881
348111 49 2098
2598101 78 7016
97399 48 872
18441281 71 6874
16083924 14 8510
3531133 40 6054
7176 59 4521
48383 90 328
189893 49 2837
9617610 5 4930
9676510 100 5252
695702 66 1743
177653 20 3056
6580145 20 6373
61093 48 8287
1005725 31 9942
266940 85 4988
1703962 72 3206
108421 84 666
112269 34 1189
24499800 31 8870
2144996 80 4409
128419 100 1817
39642 99 2726
5118977 39 7633
1646733 17 8941
2508459 81 4362
34298760 75 8520
3404593 97 2627
4810993 19 9918
61807 30 581
1016914 38 4285
17768142 15 9541
78181 18 2844
50901 73 539
247758 64 2331
351184 88 944
1029461 63 4251
1281446 9 3080
321164 80 738
8032668 34 7241
267285 4 2206
2427106 26 9877
234612 90 1513
2456479 20 4001
300058 50 3873
1791919 82 2896
3140179 96 5676
4719909 96 9127
18899313 53 9700
34559 19 5489
840737 88 9223
20717652 6 7752
30493321 11 8572
12728 62 754
5099141 61 8528
24043770 54 7626
11472335 76 8720
380089 36 916
339912 27 8956
163268 67 9905
16644749 61 6383
13876643 93 5916
15030477 72 7602
1721411 43 3909
42561248 72 9430
11072738 3 6789
6840039 71 3866
134365 20 9539
554024 65 1200
1248 13 1105
1691183 45 7248
3257053 49 4849
7113295 46 7970
2585476 7 4239
2859130 79 4596
17203412 90 7007
1367351 66 4255
2043333 92 3287
18821851 42 8429
1183003 60 2765
530383 82 1889
115893 51 1326
58420 26 1131
10520101 84 8402
14545683 18 8339
553926 32 1094
1041121 90 4879
570352 37 6938
364364 18 2972
731925 61 2304
4292725 83 4117
5126823 29 3286
801200 26 1199
4469714 15 8294
1793569 17 5950
3130 23 9753
450550 69 1832
6337045 12 6093
2184851 69 7301
898320 52 3705
22202495 70 6955
39911 47 386
463897 87 3150
1501338 74 5475
6382981 85 5494
80807 37 4347
438367 89 1442
17096427 12 6914
1 85 712
3098 10 5500
19764070 40 6691
1112418 51 6250
19869155 25 8920
8610626 98 8315
3032127 20 3318
2717901 6 7737
156153 40 3336
905344 9 1771
20902318 13 6439
6883811 31 8801
236439 19 6821
9933 47 1570
13959 99 314
1904780 8 2347
91056 40 1563
353 19 389
1518501 45 3325
2538184 49 5404
2259593 25 7392
781096 83 6743
234055 59 700
116605 46 400
285629 27 2224
311471 48 996
5910943 54 5417
1211950 19 6015
29092 66 3010
39992616 29 9119
1926665 15 2234
463614 96 9887
2446245 56 5238
383876 57 9624
9767110 32 9351
290999 96 1858
219412 55 5100
611282 30 6308
13108556 100 7595
827422 8 3383
34377183 97 8672
662863 86 5823
13017502 82 6751
14684721 80 6562
2036771 38 2775
3631759 85 3808
21894891 69 7071
16353868 75 8710
3944459 25 3771
3842446 42 7137
83085 88 4706
3627427 30 5659
751453 25 5213
9146389 18 9203
1174091 13 1529
2738938 41 5142
6351166 75 5936
345056 41 2631
347672 94 1554
17188539 74 7773
18401232 87 9145
243592 45 886
173881 34 5413
3210582 6 6130
576314 70 1086
2324506 35 3344
177837 47 555
2470303 70 2954
7562 4 3522
19017430 3 6075
1694 94 6296
409124 31 2417
185243 16 1678
1967847 33 7003
13894745 28 5462
17156 30 1301
8638521 33 6968
25921258 27 7467
9602363 88 4586
5306850 64 6951
355143 1 1106
38654 75 2472
468090 97 5000
1580353 37 2051
7232028 99 6668
691842 11 6090
4192814 37 6106
175048 98 3651
33312855 37 8659
7004675 19 9738
4011801 50 5348
1444441 92 8940
1104539 94 5180
13912377 36 6115
2148716 84 7888
15910 1 3287
6643799 68 3644
693737 76 6163
19096996 36 7501
1173526 45 3912
23759580 85 7642
1681219 56 2218
39976 50 1055
22235435 25 9373
12470056 58 8625
1449677 22 8491
8123060 88 6459
15594719 5 8430
15846873 23 6772
4958 30 4197
30405925 78 8304
15996987 16 6267
18626709 78 9808
715 8 4370
1372274 27 2353
71119 21 5723
2299581 53 3350
2439475 73 4981
1 96 2503
4456268 31 4432
13679741 99 8338
1707199 43 4531
43723 70 6630
25880 44 9810
2372233 32 9888
168981 83 687
38791 46 2138
360386 27 2020
2575 3 1602
80387 58 5116
1261751 93 1724
17077408 32 8511
1166961 2 5843
1629075 9 1936
1626025 34 3959
76898 71 8354
7462733 21 8597
26754854 37 8057
4751126 86 3571
900926 18 2359
251589 48 2402
20528 79 1703
3058041 67 6593
1988771 18 7978
5541278 92 3837
1028466 63 6849
159295 75 983
1832613 3 2424
14132 12 1286
803027 87 1678
35855 69 1671
551090 15 1946
425822 9 2911
165884 20 496
1667511 2 5733
212902 74 8801
28240780 48 8222
1 56 357
5964597 10 4017
8504361 47 5205
1737504 90 9772
637536 64 2431
2849 10 115
6654838 5 4472
17130673 96 9062
662862 18 6344
918752 28 7848
5446771 22 8594
3150805 52 2454
2468931 5 7189
4938205 53 5782
16249 19 2601
13142271 93 8067
40990 54 268
19900144 91 6830
108718 39 6704
83057 60 1606
326494 3 911
116386 11 3588
379173 6 2314
182364 39 7200
18285774 4 9384
616791 15 4566
1280199 89 5875
19805970 6 7613
131798 46 6531
651501 45 2962
953890 19 1679
27183281 28 8038
3338942 60 3356
44673 75 354
44448106 38 9681
13225001 40 7898
558909 66 7493
209537 65 2292
30962041 3 8067
35887 99 304
24007846 78 7972
182867 23 1827
2219016 47 3124
574435 83 6356
1314482 29 7716
73940 92 3776
21611 48 535
27271038 51 8355
3402956 28 6516
1672539 49 6564
3827531 15 5130
11108814 40 8295
14923787 43 9762
393410 86 2514
353497 88 1268
1996846 6 6441
14562352 13 7944
350515 92 3948
12762681 97 6077
1127718 85 2949
4379662 44 9337
13296 5 6761
12960505 2 5517
1127546 69 1599
770215 58 3806
26910696 78 7486
4289499 31 6439
2066617 24 2877
1344170 3 6216
651741 43 1731
4904035 59 6105
19027 8 900
487353 13 1273
286610 1 723
352202 7 1360
6917092 84 4836
15 13 7901
1463334 55 1845
44320 4 9410
5528177 66 4776
16403 87 1247
4955909 21 4952
556063 92 3170
23074318 46 8043
301335 13 932
11656022 62 8068
289363 21 1819
30340561 88 9752
1716186 61 8646
700435 34 2121
9283887 32 7354
3638157 17 5208
5186435 54 3975
1037374 28 9212
28559153 14 8557
4076925 38 6698
24618059 33 7448
5586800 29 4519
12520747 43 5234
225425 71 736
1262139 88 9596
6432529 86 9120
12328 81 1581
1668964 84 4545
29631627 18 8258
3593 22 616
27621301 10 9126
1980 71 781
1921071 38 4122
22778251 82 8941
20097703 47 6872
188198 67 962
35300 21 3245
4405268 1 6835
7572 89 7870
15472073 23 7848
261285 27 833
23093744 71 9689
9240681 85 5776
196258 62 2748
24917 91 2268
6353649 11 3543
30981583 57 9061
712356 73 2199
32503 82 2362
132886 31 795
1077650 57 2848
1459331 55 5351
94878 83 5508
19126634 62 7168
821494 35 2298
425601 28 5296
13595787 10 8988
1386905 92 3154
9696416 8 7001
13192989 21 6303
14972250 23 6848
22149539 75 7852
133665 83 765
165803 62 4020
7605295 100 5512
3344273 91 8339
37121 76 5237
109015 22 9379
330882 100 1156
24196 14 488
853360 97 1985
3267616 57 6968
5906270 1 8490
8718 78 2863
15364188 11 5601
728763 95 1438
28196121 96 8807
4645264 59 3761
16805421 24 6375
1 90 2220
20025 17 5325
10386894 95 6049
1133154 22 2927
21743021 22 6904
7842667 98 9075
50797 53 3484
1277822 96 7278
2128 26 1432
1317316 15 3375
1 92 891
3823 29 1017
3664370 76 4406
17034512 72 5807
234366 60 1473
4039173 28 5188
51770 35 689
6104309 59 5170
22348990 4 7323
11486536 53 9597
871307 99 2831
1401778 18 4718
9639232 38 7716
23980237 12 9993
1911486 78 8815
21070584 40 6566
1546831 95 3134
1209672 24 1471
24198224 83 7996
142486 34 2522
1183250 42 2737
1004037 12 1519
5672 31 133
3508689 25 3791
6301012 27 5108
1706286 13 5559
140038 43 8780
252070 55 617
1873244 24 2437
11237974 8 6502
33185731 94 8728
192299 4 8126
1849508 38 4961
3731228 11 7804
3557392 7 2772
1473366 24 2825
80612 72 864
1288702 29 7537
1 100 7205
5579320 12 3672
35034444 87 9668
128781 14 650
228905 41 829
15120 33 313
5150481 81 5175
1742597 76 1821
8487163 13 4118
5425007 44 5075
23044505 23 7738
15203975 77 6541
11938873 70 4883
39004 89 437
11129402 98 7278
11357701 55 5421
7216116 32 4448
45009 51 292
20136 55 6538
4955528 83 8395
5029085 33 8161
28836388 35 8917
3126917 94 9056
42222 99 1582
2831926 20 6708
170672 21 9606
22093 63 940
291877 58 2680
12212753 92 6706
22123697 52 9358
1637237 50 2311
2252626 90 4655
8763296 98 6819
208476 65 8508
3083491 6 2596
90043 1 828
217791 24 4462
1115287 38 6049
2616355 69 4841
22583 11 1967
19534549 10 8504
39731842 29 9427
63836 41 261
3071090 58 7779
522376 60 6262
15794876 88 7636
12335550 36 7075
3211230 35 6753
16227027 89 6796
13854122 93 5744
4564243 50 6788
25662074 89 8278
15154552 70 6504
4330919 90 3149
3522793 54 6051
3014966 44 2431
5455054 62 4060
1 98 490
2380332 36 3464
17189654 92 8579
376145 45 3341
5358609 61 7670
2812250 8 2599
2491157 71 3249
6377863 88 3807
347853 29 3431
4697301 78 7792
2098056 40 2024
254663 4 2565
8373993 1 8187
2973122 60 5393
4824592 73 4210
4010649 45 3809
2965554 61 4706
11547669 32 4780
2415339 78 4958
7641310 23 7428
447084 90 2195
29100 90 363
195413 84 815
17766169 55 6641
13776991 36 7675
36294 42 820
668980 22 3142
8853747 48 5143
2877606 78 3280
1329473 27 7447
100467 39 7919
120428 81 1374
32347371 35 9303
3585394 55 5966
29027408 30 9769
1494 4 53
10581244 90 5352
5896021 54 9964
39700 49 7077
417786 74 2969
436984 81 9803
3275799 8 7227
181277 25 3418
1537745 45 7410
3869841 36 5293
2829342 79 7212
15775503 34 6115
2876216 1 6386
2013399 83 2390
362622 55 3828
13325459 88 6890
31187622 23 8170
15277474 71 6199
758029 48 6300
19429028 23 9195
26605472 64 8726
30054902 61 7934
16628 66 6704
1 85 180
3306351 67 6459
5801945 52 6234
8982289 52 7711
673646 69 9796
687109 54 3744
260896 5 2910
5047 62 4303
7404053 79 7991
5266739 70 7206
4703473 80 3719
10967236 11 7159
503358 16 4153
4688779 61 5459
5500026 46 9333
1021973 51 3859
916362 13 2566
6638 32 854
8071 46 90
15756508 10 6294
1 42 822
12084175 99 7897
9631161 52 4731
35251717 47 9860
1605394 34 4037
8449068 25 4616
13315658 83 7226
32003 55 468
3597785 5 3001
8930427 54 9078
2710186 83 2862
146403 3 637
4712 73 4391
2839403 56 8309
2910362 3 2342
155202 66 2023
1145107 17 1882
2009638 73 4319
917429 40 5173
1049403 21 3949
2700638 20 9991
2891821 47 6141
343783 35 6618
16862530 61 5989
257116 31 6518
5331965 93 4539
54960 74 7801
12638061 27 5482
718150 44 8375
1496516 84 2894
4743410 76 4522
633133 45 9831
1834268 20 4027
146374 27 4363
5684317 20 8317
303610 31 843
1184399 15 2727
1100883 45 3233
4152819 38 3742
6223526 63 6130
313452 14 2603
527367 9 1042
35432360 65 8434
659765 93 3012
66092 9 1413
6128909 66 4057
1388206 41 6636
1741129 71 2630
3544050 82 3040
32957 66 4465
207254 71 1187
31672 7 1799
316778 57 9400
365857 42 1245
888 2 723
8868476 77 7927
9002439 48 4165
60263 13 7469
157870 49 2153
6647474 95 3797
19280 6 2647
3831756 70 4843
2119715 29 4657
581635 15 1865
5135957 91 8824
2055802 88 2785
25433176 15 8216
27781 63 1869
35358895 71 8847
680112 9 4167
234294 5 3260
102229 74 2144
1888362 87 2466
1 87 1392
5479111 89 3599
33368014 10 8322
3812476 6 8376
5341296 66 4032
31227 54 1021
5559595 40 6684
22034722 43 7856
5170258 82 6809
20923825 22 8064
110453 65 1417
10105433 59 7381
86030 57 516
10998193 6 4817
1587206 11 8401
81968 51 6295
14150685 74 6178
1615997 26 1894
2091473 40 3269
8667916 14 5026
2532421 9 5101
774042 62 5287
4335 45 731
17613877 8 8116
31090 32 4542
5098685 52 3518
63100 92 422
5393196 51 7974
2286213 4 8948
7478901 5 7387
7974728 38 6246
1779 53 6728
2859951 78 9518
499976 79 2142
7005815 55 4341
839037 21 2247
2301137 24 6691
10509309 91 8906
2696 19 2704
17783 100 887
1953065 40 8204
14429079 34 6340
1019597 89 1890
1612605 63 1938
1630397 49 6825
2223687 24 2404
20049 3 1176
4564659 29 4231
17088127 26 6841
43728860 6 9505
2110811 71 9088
59878 99 1719
1072277 57 1689
2826511 83 2710
10222 2 572
18961585 8 8703
7401785 72 4283
1780205 85 4655
8540903 85 9251
29499 58 1632
374731 14 1783
26316029 36 8326
269881 67 2684
1894752 39 2415
321357 59 729
411630 87 2511
118742 51 2386
1 87 2990
6228114 53 3672
665585 29 1865
814 11 1988
10220453 49 5147
1813574 46 4665
258639 100 6528
281862 13 9247
41802099 39 9652
1502691 66 5671
10529262 9 4697
1724745 49 4359
590 90 224
252819 13 911
125962 91 1967
8111985 71 3931
44923804 8 9860
18129210 74 7371
282422 80 838
2999554 64 3066
523387 24 2211
537111 83 2615
644559 23 4638
311062 96 995
25404 39 3782
29122888 79 9208
6433451 44 8830
249845 57 1061
13832294 83 7442
4365 68 3124
12076004 59 6010
2366833 61 6389
17166585 92 6049
2879395 31 5319
21604 5 4449
4891 60 453
206398 37 893
232675 32 5715
31323984 24 8129
11959491 28 8718
2863 7 407
7376148 67 8252
12979 27 1092
400860 91 1276
1703267 3 9204
16480734 28 7422
14296 87 2172
13032860 51 6704
19805291 79 7307
16904905 4 8121
2103700 6 4130
1748534 31 7439
76803 67 5915
33534944 95 8781
5477949 11 9054
9824 92 1984
2574681 87 9479
168572 35 1793
10259764 53 5418
219591 89 5340
802953 3 5332
4772469 65 7150
15481967 66 7824
29960315 73 8981
6958 54 377
6554470 50 4031
5743340 11 7195
1802700 96 4637
14497 40 229
425452 13 2746
2144420 79 5209
3455768 43 8505
13774110 31 8539
5074 27 2688
53311 38 4073
27940 1 477
2621169 11 2942
2819206 36 2726
2487753 23 2808
1 50 9911
3152488 80 9274
1549781 50 6467
104037 38 6234
384601 83 2302
18092651 80 6394
93964 5 1563
4497016 82 6766
1863478 93 7449
1020370 2 1834
13028474 3 5093
969157 81 2562
87229 69 2530
174247 91 2838
4840751 20 3179
32234 10 7403
8246836 1 8422
26775 32 314
27194137 64 9381
2242876 85 4532
378929 60 1863
4094838 24 4353
1839294 40 5377
588541 40 1755
1748166 67 6129
2882014 54 2718
10401348 3 5657
270093 54 731
42186756 63 9128
1209718 55 5112
7547282 63 4946
6225401 95 6723
141938 59 1450
1042990 29 3157
13668223 22 5833
28042 83 3082
2927572 40 2467
5640862 96 9638
5282528 66 9462
528380 60 4247
37813309 32 9875
8688174 67 9103
4581649 62 6166
2992610 40 4875
12300006 30 5453
1609282 20 8710
8688050 62 6615
512292 62 1803
12777168 24 5364
664740 17 9226
24379 90 485
9097768 9 5441
9177423 9 5034
32960 37 966
175851 14 945
192396 37 775
5087730 46 4076
11563085 76 7598
32802059 18 9625
15200700 58 6190
380041 41 4514
104514 28 3986
1803310 60 2102
418346 83 6695
5804600 9 5989
1773624 65 2272
345026 9 857
19630551 78 8654
3425606 66 4986
5586550 24 8738
2391114 52 9588
1219196 13 1493
1574168 23 4048
324089 40 1940
58790 27 498
2770761 47 7078
154667 4 7230
1694489 15 9960
24540337 53 9234
15539029 41 5856
7825361 16 5486
21944429 81 9532
7287682 2 4921
25682950 53 7347
853016 80 6398
258173 49 3285
1053017 41 1760
25132 55 149
586683 77 1342
418139 87 2886
62364 14 364
1 75 1758
211116 70 1943
1 54 80
1918239 25 2676
101836 51 2637
8876154 73 4276
10793352 57 8340
1390858 46 5109
6113380 5 3895
49221 61 1265
13907611 55 8091
31159488 19 9646
44484 52 3469
17587427 68 9029
18613 59 3479
14846178 33 6755
6322102 70 8189
30174862 9 8627
1682 58 7254
72061 86 478
109835 83 2509
40395 83 837
6270839 38 8633
3051958 88 2470
2676204 41 3787
601048 36 9994
1266110 99 4370
14074342 8 7009
6997324 98 9860
27014 2 159
19878572 6 7189
549380 97 4205
7692696 9 4187
27391523 23 8630
3734529 99 7388
870279 82 1545
76105 55 360
83728 2 934
1704383 40 1974
12216978 63 8000
38629451 15 9847
133933 98 927
45662 12 410
1177447 34 3364
13622353 66 6828
70188 15 508
1913785 11 6209
1545394 80 2444
9429690 10 7712
3985058 28 4468
8004482 77 4502
2323010 89 6360
11601662 6 5001
612596 24 2443
809549 91 3212
1506 59 6773
49739 43 6834
4688139 37 4069
3141575 87 9859
905160 56 1345
1356190 46 2985
5210941 22 3324
2397917 62 3849
1317116 71 3421
1117 16 8312
2306851 12 2467
1764574 96 5763
1159291 65 6905
3136982 25 7809
413655 22 2358
9240052 71 9389
571658 5 8106
1130512 75 5527
936 17 194
15137552 54 8405
1754671 2 8675
3969592 31 8749
8457570 80 5746
672142 12 1135
116194 75 592
8165851 54 5974
23811234 75 6812
45884 2 2255
13272115 22 7394
145231 91 5072
1378222 61 5425
926170 57 6279
107904 63 686
3408863 46 6284
533269 6 2390
1913215 22 6787
4217572 82 5961
286736 23 3610
2119211 60 2707
19792808 13 6360
45139 73 267
3238657 13 9317
3456558 90 8111
14996 3 8382
19973078 28 6364
5321122 32 6280
2110888 38 3020
5154196 29 9148
329291 36 894
24483900 9 9850
27633 52 501
950712 98 1902
1 60 142
13355 61 292
102414 79 369
7171642 12 3910
15683 20 484
10034770 15 6849
8596818 90 4987
374569 61 2566
2267273 31 2437
15058529 37 9155
3288 81 1239
1 53 6666
29176 31 9095
13493 93 7082
2534900 58 6722
6817281 96 5235
29080 33 506
27191 40 161
526874 43 1246
1549587 36 9439
10583916 17 6919
17860815 67 9066
693981 28 3405
10544868 35 5011
189531 41 8439
4934883 45 7983
11119451 81 7951
665487 12 1161
931305 48 1433
3666110 84 7692
3453828 18 6866
277313 1 2623
375281 44 1498
293354 10 2069
298013 62 4012
9101309 65 7822
97117 58 3525
684312 21 6123
18841905 30 7862
572936 90 1408
3199008 59 9484
6244962 84 9084
2786153 25 3907
6996 60 454
419571 20 4948
6658337 89 5672
77617 1 1862
53867 68 733
1 17 1806
5322045 66 6594
255252 68 4446
8283956 60 4965
1380393 23 8740
3407 2 208
7603955 77 8541
890198 14 3115
19423003 12 7133
1278851 14 2814
39703210 98 9318
10825655 42 4871
19637364 24 7823
16355364 54 7307
3586906 51 8252
7846762 70 4103
3027159 23 9855
806082 61 6998
12084145 57 9501
2878392 89 2417
195179 28 1465
256937 9 5241
9139166 58 6244
228267 89 4867
1531261 75 3019
36603450 98 8911
5300846 81 5749
36573 66 2184
6211343 49 9903
9328587 5 7230
1561773 78 7115
860118 71 6618
783868 67 4777
395902 69 7589
775547 95 3865
11426601 69 4839
638151 59 2574
1457240 11 4547
1339117 40 6240
18719 35 298
4271849 36 5916
5132356 71 3951
2121501 23 5000
26215 81 2086
232858 18 611
2320746 26 8582
262655 33 1972
243606 88 4588
1559447 99 1732
558802 16 2922
9124100 76 5670
4073373 74 5701
44402841 57 9463
5824469 39 3637
53189 6 387
57149 40 6582
276151 52 4665
735085 66 5487
3949579 8 4211
2813 68 1038
3577817 27 7074
28607442 8 8259
10333 90 328
322096 24 2341
1002877 63 8178
9747592 11 7826
11698549 77 6676
202845 17 6198
2971508 3 7790
6168761 99 7371
765989 3 6476
5383469 3 3516
23075176 35 8974
896626 88 9044
5803 51 943
8199216 36 7546
232897 23 5068
1583536 76 8896
5004776 93 3124
22940398 99 9504
4638392 74 5084
2158461 40 9173
766404 11 1417
3376288 3 2737
31570 7 389
87698 66 1657
940357 5 1586
758171 45 4690
69798 78 533
9082568 75 6119
268804 84 1174
1 47 2968
23593820 54 9435
1457909 97 9001
19001625 15 9091
1307088 68 1615
6147354 86 4359
692486 60 1541
5307961 70 3463
12732124 91 8352
2877599 93 4146
20313937 32 7095
2139409 37 2295
538312 80 2815
5197852 70 8078
687178 38 1213
12832919 89 8742
5183825 41 6552
356804 9 1534
2816 72 6726
11585874 19 9942
1598884 95 8785
367420 84 1466
1 87 1272
549602 23 2716
31660 92 3123
1733003 87 2860
22654427 70 9763
144657 80 3283
468729 57 4267
3195872 15 7059
24203067 79 8169
189178 24 1202
126447 46 2527
1505867 65 3284
39799991 95 8853
4406290 21 7803
731115 9 1261
9539 25 1013
6771451 28 8205
106189 93 412
21834391 29 7440
608381 58 4870
4184751 3 6088
283553 97 5010
720894 51 8527
202657 81 8790
5659435 46 7731
226731 6 4033
3009 75 2517
12418459 62 9811
23247938 52 8756
11649747 1 4977
256875 70 3556
10321572 49 7692
27969501 70 9751
2544262 69 8836
13577278 4 6984
110986 30 8583
5217309 41 7839
1300730 45 3648
5378902 50 3294
5733812 61 7328
93484 89 3574
6666825 3 5552
102651 38 986
45025884 35 9399
2784 43 57
40313969 34 8963
595307 90 1189
2010 52 6934
10932595 72 6843
108153 77 8166
207017 81 2368
465618 49 3402
1042907 92 4021
24229 96 734
2870331 80 5782
800786 64 8748
84905 100 6203
842026 4 1760
41052 1 4038
338254 77 7493
28702496 33 8256
1707422 82 9610
5694975 39 8838
36642917 4 9394
206877 75 9215
2151226 7 6292
4048281 68 3372
197295 95 1952
4585142 70 3656
265746 5 7501
13042081 50 7411
3284412 69 8225
11741635 74 6514
3374247 70 3559
10213661 64 6034
20736990 12 7952
798357 44 2788
14498041 84 5353
4978531 9 3638
13679216 73 9906
4012351 100 2805
5303764 15 3617
6204067 5 9522
19434257 12 6268
3131126 54 2607
1624547 74 2372
825143 15 1564
15459676 59 6577
10522413 29 5639
2854 76 3617
233544 70 7773
3019493 15 5137
4809286 29 6925
326 1 550
26871343 29 9881
4772294 98 6164
463030 1 2587
15500834 82 5663
3541793 56 9386
38809662 23 9061
16022918 77 7433
9315 19 1329
10241997 10 4530
12747 69 913
2438480 27 2270
1955977 1 3352
2071363 57 2484
1 91 1983
308568 9 5526
85887 27 9448
2339083 14 3492
252163 55 2150
257135 33 3579
40971569 52 9116
1795202 39 2808
53877 72 1232
6864 31 2488
898208 34 5139
1901522 45 5514
214369 45 8268
17779 33 404
628440 8 1901
9601037 24 7159
1923138 46 2677
453336 24 6370
594940 96 6556
634949 67 7240
6499111 76 5513
111202 52 1481
19170130 68 7579
1695651 67 6417
4165729 30 9128
6249877 69 5676
1700749 99 6281
4266639 86 4003
206740 31 572
6215274 97 9584
10014363 96 4384
201797 73 7609
1 84 238
12482650 97 4936
2798572 87 9220
2664637 1 4625
1763442 72 8450
6286237 10 6151
1911 56 7590
705859 46 5042
1051148 17 1709
9053171 3 9610
4804014 83 3454
547669 57 1514
15386753 70 6132
523047 84 3713
2162791 87 2884
295528 35 1360
1231 2 4103
3690009 4 4790
617 79 314
3478871 55 3937
605219 89 1230
3299990 86 4716
1834915 32 2730
16241703 39 9270
1109559 13 3083
11505261 74 9234
55802 60 1064
1 96 193
8888894 23 7871
119002 94 1193
126647 60 6612
465251 1 3488
846873 88 4309
289858 72 3539
7789561 7 7780
6256884 88 5894
2931264 42 3237
2891114 42 7112
378941 87 933
38098755 79 9601
3337021 98 6378
8944 25 796
123214 86 5817
2037345 72 3219
952663 78 2021
4519669 15 7830
998242 76 1396
38596 16 1676
1 93 113
68917 9 1068
399 87 9668
349008 51 4684
7920182 50 5463
1571785 91 2444
1 82 1134
252199 32 6060
299628 63 3888
1423888 98 5645
591206 51 8016
11213062 42 6397
5228348 42 5231
3656921 43 2741
317955 19 1220
1 31 974
289630 74 7066
27355555 7 9534
1520929 14 2580
15862346 44 8391
1136 8 3495
296106 85 1832
6965118 40 5290
3723557 68 5168
3211018 96 4930
2116709 55 5270
3077038 95 8025
6632274 18 8720
12191291 26 7496
662964 96 8514
76085 74 1222
13303964 33 5715
408414 98 6245
562239 20 5441
6607864 46 7189
1909407 11 9850
21368065 17 7708
1198170 10 4337
173 31 3639
8103181 42 8802
8773857 94 4563
3696411 39 6761
46853 96 6241
6283180 62 3518
322332 91 2264
7452567 48 4286
1079316 92 1695
6376300 87 6143
535533 36 3423
252107 99 1265
17529 16 2110
30095158 98 8941
7444233 41 4103
175660 58 1823
13066869 66 9450
14162144 58 8136
15250 95 1444
24002 61 136
206559 94 5730
22495780 95 7879
10365718 21 5582
4184868 99 4409
8302989 73 7819
630921 100 5822
4153624 40 7602
7680 49 8383
472008 54 2014
12398589 79 8016
2992145 34 7717
32355969 92 8107
8481201 79 5035
2533087 83 9365
64533 63 1317
1308063 16 4419
2406268 91 6694
6414368 9 7086
499542 11 8907
1883773 49 6155
7339562 94 9556
8330432 1 4526
175122 47 8135
3095011 87 6356
806321 10 6139
1904372 92 3217
2988814 83 3005
3978151 44 5187
21496384 48 7728
8254393 40 6635
2597928 65 5037
529 51 156
42740550 85 9820
8554406 96 9727
1 48 412
22825610 10 7929
2085049 48 6934
308505 75 7061
635314 83 1453
2630543 28 6243
1432 23 4271
4688214 82 5993
16490855 75 7024
314749 86 3099
3846 15 325
88951 41 1478
4872794 9 3091
1794893 34 2423
15586080 61 6312
121529 85 3971
1459795 99 7746
896159 93 4058
11905498 31 5095
465052 15 1243
8699150 32 6750
3565201 51 4707
8584279 20 4728
11873706 32 7748
78107 63 7546
23247713 31 8341
1675408 3 7248
9349087 62 4941
7508387 96 7014
5568697 43 3866
3056 37 7865
150392 73 2562
1209139 28 7974
16649214 82 9580
1105031 30 8735
444576 95 7933
16184628 69 7724
111478 44 4239
25665 67 210
1073694 59 2863
1522430 8 1795
1419426 13 1640
23893766 32 9092
2891128 55 2770
29516919 6 9456
431539 83 4622
218183 21 1862
30045541 58 7954
6520162 95 4594
19883573 1 7128
12525 50 759
15811649 58 8260
19703265 77 9005
9755 67 4311
4366783 54 3087
7511441 74 3870
18142 54 3342
972249 62 7783
13319819 54 5597
15967473 4 5605
2111303 99 7808
670 3 11
1898053 79 2839
767880 55 7467
20919803 13 9347
1493092 31 3133
926953 29 1310
2808387 93 2554
708498 80 9344
1613118 35 7224
7444229 99 6301
16103684 92 6185
10600 48 1947
3668933 40 3433
1 89 4464
82042 7 468
1824225 82 7304
4560276 74 3323
821613 7 2032
97534 65 2206
5375737 20 9878
7901206 22 6749
19213330 45 8332
5542016 73 5221
7376745 61 4204
2222139 80 2768
26423262 6 7262
866296 31 2697
1417248 45 1983
744106 73 2048
13636419 76 6532
19671442 63 6850
22416887 72 9569
3316216 45 4785
3882960 85 3851
17506552 18 8842
2287684 86 7291
24677771 30 8940
1098804 71 5847
611468 54 4173
19126533 36 6765
412343 62 4114
3136818 3 4496
169303 22 1688
10632455 83 4918
308726 74 2616
5023497 63 3490
1948801 68 3329
11614731 63 9018
5521400 17 7524
16979850 62 9092
16913020 45 5767
338626 63 4143
5255019 80 3361
864968 55 2486
933733 35 9454
9768317 96 5304
20705682 32 8019
4496994 95 3880
21033009 92 7750
316702 53 7929
1132851 92 4738
8195067 84 5217
8654824 8 6132
1065670 84 3415
405800 65 7999
81736 59 661
8672115 69 5442
8438799 60 9830
30203285 28 8877
18350255 99 8262
4100554 31 6614
9578076 11 5508
285719 51 1799
32045669 31 9846
23294100 84 7737
3351214 72 3799
418011 44 6733
144520 37 503
6625441 97 3677
37163289 97 8803
13797072 31 5804
12085783 65 7589
367675 39 2373
7971130 31 4915
2721630 59 6168
481463 78 7057
3296930 22 9949
1280101 4 3511
2652583 3 3055
587797 79 3955
7426513 19 4796
7434197 21 5785
122061 17 8863
2776683 50 9483
414874 70 2174
1522956 13 7368
302733 22 1288
14930325 21 9500
375213 68 1283
9508093 76 4472
10611770 58 8323
1278419 29 7660
790179 79 1752
11693639 53 8082
3882944 24 5559
2988204 23 4473
27880906 41 9116
10035505 70 7286
46818134 12 9941
696042 64 2727
251194 78 4492
3700011 31 5394
217775 11 3088
18920685 81 9660
52989 86 432
26345991 18 8498
98297 72 454
634870 79 4406
7463108 42 7000
4475998 85 3783
3289398 14 6297
22087704 85 6750
1 88 3504
1385162 83 2438
1935046 69 4155
1167584 57 8573
22017082 69 9294
4687156 34 8361
35492257 18 9951
9014490 74 5278
2043445 73 3303
1748055 4 7478
196214 2 942
651093 91 2237
1232088 95 2252
2469951 2 8159
1379721 86 2568
3397431 13 2886
27342331 89 9571
519259 30 3903
20635294 56 7913
1287460 100 1648
484175 28 1924
5358243 21 8344
2433590 75 9937
20948071 99 7161
159298 52 979
116924 16 403
32353070 90 8505
3130120 35 3268
1158594 37 4928
2149135 57 8795
2188031 14 5603
570212 82 1799
496768 44 2670
360 13 7431
2170376 8 5062
10473836 27 4599
7545032 20 3965
1698009 22 3643
398804 49 2344
9423088 80 9742
375692 46 9269
7236729 15 7385
6034094 4 5277
31125 64 776
454657 68 7055
2331045 43 6714
1738897 7 2164
13656534 20 7423
3912299 4 5529
1624863 30 9672
674973 8 2633
64044 93 1095
3048454 34 2951
1178027 32 8238
844331 26 1677
665235 6 1632
4722216 48 8431
507811 35 6381
29702 40 1992
2852096 37 4571
132858 36 469
641331 14 2023
16383248 85 6433
890819 16 3215
13890372 28 7101
10766008 52 5422
4435565 6 5655
11208208 55 6797
260395 13 4294
10586277 90 6273
13438489 83 9259
7325280 15 8103
1291680 72 3580
77093 71 7506
1 16 3003
225 45 1299
5792 24 4323
1759129 23 8792
25445 55 3356
451543 47 8349
264880 53 861
31356644 34 8456
363398 52 1264
870203 1 2308
4089941 96 3259
6830677 61 6971
199813 94 1253
1259557 2 5063
50819 95 2941
7254989 37 5774
3220584 50 3842
20273655 35 6520
2872717 24 5136
8018699 91 6365
31669534 56 7928
28175081 85 9633
379659 10 1275
2361703 28 9925
5876967 55 6441
1982141 22 4764
17106654 55 9362
935648 64 2901
2810239 14 5565
1752079 37 2886
378032 8 1498
73887 9 6894
12701 33 1924
5878453 64 8206
232327 87 1137
6713022 96 5335
10462618 1 8266
1132 61 1576
1979426 13 8314
179314 94 5329
2506625 21 3744
11625479 84 4890
45876 33 1928
8238827 98 6322
744361 92 2759
4497349 22 7457
4673722 31 3820
774607 28 4723
2195648 41 4129
679410 98 6496
20008075 83 8020
1879647 34 4718
93908 26 1262
14838804 49 5567
4344059 73 9503
1430 21 1695
1643837 86 1759
1793348 48 7297
2066770 85 5144
10519486 92 9834
5231856 22 4229
11366188 65 8889
13922 50 988
676113 82 1133
267804 87 2556
6454005 85 4150
1621970 66 9028
2342513 24 5476
8813089 6 7677
14601 49 3257
3380021 77 8502
141684 61 3361
12920061 46 8315
1118418 69 3650
16295055 65 9021
4843 42 2179
10992553 91 7187
4550593 60 3207
6205 92 708
11549 41 1597
26870694 80 9442
39968 28 5570
163764 33 1055
19900913 40 7015
11183231 52 9650
3967662 64 5466
190021 79 882
7388552 73 5144
7706433 51 5398
2101710 62 2811
10850363 16 8929
141160 11 446
2741 20 6117
7946 69 95
8574337 95 5791
129890 47 7263
3405527 20 5381
7491025 54 6064
268508 84 2349
135858 97 1793
2671081 36 2806
22263002 4 9780
466096 75 2747
679942 51 1174
3820885 94 5448
11750490 82 5354
2232890 73 7687
1475818 76 4635
8993781 52 7906
21812803 79 9767
1946943 99 3339
11620 90 1280
2933352 96 4770
8291227 45 7490
15531848 41 8357
1 82 7638
7513183 79 4181
1056892 82 3543
31187415 96 8935
3778131 7 3049
17504148 82 8136
1804094 24 2830
901760 9 4498
40265962 84 9000
4353998 90 6600
840385 87 1327
2081084 84 3207
1138156 73 7212
1 100 5228
10680705 64 6615
73269 59 2677
7166467 76 9229
484105 20 1909
48303204 68 9933
11649220 31 7415
321216 44 2045
18692496 52 9803
1860801 80 3320
7360921 45 7887
5957751 85 3685
18146583 15 7090
38961591 57 9524
7334168 1 5823
22523062 88 8985
141093 80 5095
31176 49 473
2219972 47 2290
27604026 28 8852
1057464 85 3689
97011 85 6045
284149 9 8674
432772 58 3534
2274879 32 7354
1011523 27 1956
7232187 47 5459
3909184 66 9468
10445025 80 9881
11796 56 66
770795 44 1509
4700017 51 8895
4105826 18 3090
396027 24 3050
3925577 39 7369
190887 53 4580
7368123 85 6974
174206 56 5726
15228609 96 5588
4209020 43 6095
2205664 70 3865
44719 53 7797
309362 68 3262
154984 7 2573
13483001 100 6028
53810 82 436
25312208 63 7379
24491887 50 7096
4454457 93 6977
93521 74 3134
3004767 54 2624
20694924 56 8278
20527462 30 9497
8003116 56 7362
1507261 43 6058
1577384 87 2131
1 97 5971
27833223 93 8442
12663953 54 7191
3148771 97 5779
4622148 60 5053
10223108 73 9167
2111583 73 4431
5600236 99 5368
24147055 26 7972
4336501 89 7085
601692 84 3065
772005 1 1778
15765206 12 9495
41496389 11 9434
931298 57 8962
23642004 48 8093
735697 7 5927
13447 4 1385
8125803 17 8597
2693584 38 4530
38388 1 8365
349736 15 1158
23986600 86 7801
15798 74 1998
1053978 6 4707
3495124 32 6677
24489 60 451
373504 19 8819
8424606 34 9324
769460 83 1203
207061 12 2494
1 22 109
2293953 64 6508
6621409 4 5302
4828348 50 8240
1 40 153
23096998 69 7982
10669470 1 5541
37967210 32 9024
15576935 84 5931
10232007 2 8463
7190143 67 3984
1 78 4832
26254179 98 7314
184401 54 814
899738 68 9414
4461260 8 6275
2165535 44 3964
23632808 76 7388
1106433 54 5303
10168177 47 8298
31154915 93 8453
18602790 90 8187
27099 55 449
9864865 98 6808
24607233 35 8129
23682126 80 9727
26439428 83 8236
433594 4 3536
1 51 3093
64060 62 437
1 33 6148
16043658 24 5909
253244 51 8844
20312 84 128
6441406 78 6983
1105693 7 1646
186428 69 2276
173294 11 2142
136479 24 4171
966424 13 2204
487980 21 4547
4704795 9 9710
45980 83 5684
39385 53 9777
22 46 332
16343978 52 9330
1 78 257
2036871 78 5980
9507350 35 4594
45895422 55 9807
635706 45 8704
27094 97 487
525999 49 1228
1 86 3651
30488442 60 8559
10992 50 2947
5103200 8 4560
5454151 42 3472
8927511 92 5666
36528 45 3553
258441 10 4523
22267038 9 8857
868446 54 2254
1468104 70 3686
8199 78 5719
537930 89 3975
5854781 12 3792
16991995 51 9421
117884 9 3363
1 89 292
74402 43 1018
1812717 36 8991
58792 51 417
13790 32 747
184 16 848
13662765 74 7893
4886676 94 3444
4522114 79 8047
3641655 32 5667
4479825 97 7440
9012655 71 5109
81309 21 1954
960068 82 5218
1793630 34 2645
46432 10 9648
1360 39 162
11190918 27 7358
3582940 83 3254
4138593 47 7328
122258 26 1831
3295048 26 7143
11030777 6 4598
252585 6 1168
203121 9 2716
100077 97 521
36267 64 1625
28350 46 4850
1 72 5432
586085 86 1220
494292 39 3755
6809986 34 4519
6102911 48 4944
22346 11 724
19307982 13 7941
2954603 92 5805
10596910 95 5609
2826863 64 7810
4100882 44 7117
2524 100 3317
81017 50 521
804717 38 7790
3770408 88 6908
7610912 63 6065
1706467 98 3029
28209984 94 8369
44320937 28 9580
20304735 73 6989
4556450 93 9350
18358620 29 8597
1181376 39 2771
27078935 23 7435
390284 96 6278
6296867 51 6026
9466374 77 7340
2023088 88 1979
16149 97 1147
3365848 49 7655
22275841 65 9797
117340 82 8196
46264 13 2589
1585347 42 5735
4130867 31 3423
3688 5 3022
2165766 32 2000
45364 60 385
10850 54 448
15204827 9 6860
11181816 93 5990
24926740 93 7339
9435448 18 4800
308046 59 4205
290835 29 3730
1385000 99 2560
2158945 93 3688
2313 6 1404
157522 32 3565
940965 52 9111
875479 15 5209
12687 55 5779
1 24 9978
20164846 93 7217
860692 66 1827
959455 93 8020
49265 37 3436
16482720 67 9078
240563 68 9556
899292 15 1636
12690911 87 5122
17426516 71 8077
1158761 81 6945
35138 84 2356
4362033 88 3906
6382337 6 8396
1055523 57 3803
1864666 88 3191
1716602 52 9598
184384 37 6549
46306 51 2112
1157061 85 7075
331892 36 1480
329156 94 1261
657880 56 1716
263352 53 1733
14616 81 456
141852 91 4770
16722985 97 7135
25792163 66 8506
370 70 6142
748657 2 2578
1357744 52 2623
1781653 4 3257
650562 52 1089
101136 38 4168
9705387 87 7626
1482268 66 4706
170624 28 6940
35846731 98 8585
752512 32 5393
1210 34 5759
1115226 33 3018
7765132 9 7029
18125311 3 6060
5408039 57 6429
18656483 98 9055
3644 78 387
10099156 48 7419
198766 84 844
4052040 40 4471
24452438 57 9792
825660 89 5548
124750 28 2724
14321738 19 6228
9934279 6 5060
25125852 43 7099
3644458 66 5738
285710 79 2121
1779791 48 6595
137874 31 2327
7671103 34 5776
7241487 88 9955
1098567 2 1815
45563 85 844
459785 80 1209
861801 28 5290
314642 40 4258
626407 12 5232
37723 42 5695
38071723 42 9294
21121441 93 6744
24156345 59 8437
1244 28 2385
2568126 100 4887
38034745 6 8656
1468658 41 2108
22525551 42 7881
5569547 62 8266
590559 5 3756
4017905 46 3657
3567 28 630
343563 93 834
1410188 51 4681
2229195 40 2957
32606696 15 8314
729955 64 5991
777207 16 2927
821675 50 4023
1 75 2701
2016964 10 3889
2417894 45 8615
7245725 34 9785
259996 92 5678
10984855 52 6970
8895576 60 9773
21500 59 194
1508055 61 9078
17082488 4 6918
2276038 12 3339
4112551 32 6155
815463 75 1279
4069212 60 5289
1089450 45 4495
96523 35 493
650831 6 1284
2011053 90 3623
1179115 46 6615
420055 9 2727
13489043 71 7607
10135561 95 8031
110664 35 1907
1039276 27 2081
987676 83 3382
5095420 54 7897
464535 29 3732
21726939 33 9425
1561766 42 2115
243085 56 636
10535 64 189
1170 26 575
340363 85 1182
9566646 12 7751
10247692 41 5626
116938 58 3315
769086 96 1700
23147850 85 9297
2276380 44 2694
3105480 35 3023
763098 63 1868
10852141 15 5823
10106897 13 5799
1081013 42 1839
4599428 42 2946
11363597 12 8131
6042403 47 3775
8945252 12 4156
1543343 49 3414
73945 33 6908
3541 29 324
941106 99 2795
12214340 57 4892
17383 58 4848
6199538 55 3777
15389937 29 8267
715227 57 5398
2776163 43 8650
823430 71 1595
9092173 76 4808
3445975 43 2911
204391 75 7313
11556357 62 5281
3652121 92 4035
19289589 58 9234
519051 34 1915
5993409 93 5034
3394277 58 3470
3267311 15 6247
2644195 15 3050
4603172 93 9856
41264861 97 9234
1 93 379
462391 8 7892
9036870 53 8717
1601722 68 6029
109813 34 493
1658455 92 9977
221152 92 1326
34332551 85 9272
484913 66 3032
513544 7 1232
1323866 48 2884
159609 41 4543
13722 54 97
339759 59 4799
8815765 44 6975
851063 44 6172
3747596 86 7133
5354193 62 5889
34337587 10 8937
43392 68 328
8884054 100 7607
39242079 48 9945
3532603 1 6897
15144345 27 6081
26109199 85 9890
2537504 46 5163
1034561 43 4701
6379085 33 6058
83948 49 3547
1546111 55 3184
97708 8 3138
8170 3 2940
24613 66 2988
13753407 10 6513
35951 92 6490
237545 6 1925
1 27 2888
13614630 70 6361
7889856 83 7324
85476 86 484
216810 87 1257
2084749 11 4832
263340 28 3612
189320 41 1550
128615 21 5101
1570 17 1627
14398876 83 5448
1369597 20 2238
6478142 77 4998
1157323 48 5364
263416 97 5905
3991427 38 7594
5414250 4 8028
87442 97 6686
5361731 56 5345
232337 49 942
1846692 100 3894
1028224 98 6403
244256 62 7107
2200338 100 5830
1013276 7 4197
873537 73 1676
4470613 2 5947
3924500 1 2960
4063270 46 4077
23629 85 146
42866594 54 9216
4937 29 100
6166543 41 7579
19991 88 1222
2554784 33 8674
310824 50 9132
206882 3 1027
600490 70 4492
1090572 75 4164
24208614 84 7023
2952409 33 6044
7114159 34 9685
979603 84 4722
536 99 2186
17583525 74 7499
719433 89 3468
2245987 48 4468
6282639 94 6974
71666 90 9878
5171024 55 5329
5120626 49 5606
1 54 1978
5776736 19 3740
31124611 47 8642
1258342 94 9612
31242 43 3546
23254637 2 8568
6456964 54 3777
1670007 39 2889
195122 55 2243
17313 57 1201
1735468 47 5032
31760398 10 9591
666718 88 1843
12192533 73 4934
741842 67 9343
995751 12 9006
1245286 22 1671
7575820 71 3954
308884 3 3159
16424039 21 9950
2819927 25 7708
144133 6 8660
579599 63 6428
18233398 59 6905
4543483 33 8877
283052 29 4681
2380026 97 9983
71911 64 8332
30190 78 228
815 57 760
958442 90 1888
5003325 54 8045
3386863 41 5318
3326 70 393
1167023 7 5695
30353540 20 7743
355589 55 2089
836141 31 2697
668282 62 4910
6305559 10 4114
373468 46 803
895156 42 2297
1 83 191
2488999 83 8579
860 51 7440
23986058 50 9579
13155209 64 9641
3650700 69 2846
2756414 38 4913
1810616 6 4250
611416 44 1081
145739 25 2066
24588 26 134
453326 70 8083
4509879 82 3632
18811260 21 7082
15950379 65 5898
2494713 2 2285
9925488 98 9468
11802 20 456
3499316 30 9155
9034169 24 9102
33591756 67 9850
6623934 32 7285
11275853 15 5741
6272810 22 4908
569983 40 1149
8189 96 182
118204 20 7678
13151983 61 5565
311415 66 6970
1 24 2437
23364673 73 7191
1206322 12 5123
259285 20 5197
21164650 90 6658
184837 11 2923
207191 72 2558
14506665 83 6949
81605 94 2642
297494 49 813
380181 62 1982
12839022 66 5834
16766652 10 9631
8381646 18 7001
31147 42 5112
18882415 64 7242
6952933 17 6585
1 61 809
4096737 36 9742
994262 2 4142
817389 90 3811
183403 11 6609
5932985 34 8419
10238141 40 8398
8506589 40 4829
269359 10 1552
1700772 1 3464
1868007 10 4848
3615861 73 5307
7882543 52 5021
455082 34 6000
3596181 58 3927
350562 22 1050
5165302 60 4294
2955 97 4583
4226788 32 2882
154036 20 607
1678735 50 4836
14267059 44 6661
10328828 11 5215
2972038 18 5992
20698690 38 9127
21895319 64 7428
27161704 75 8688
5567721 63 9844
18810858 50 9733
19358580 60 7928
294794 85 5742
815440 74 2197
6990617 17 7737
776903 75 4045
49221 72 2301
1579481 27 2860
212709 36 3927
5853045 31 5929
1298965 27 9990
640325 21 1548
107185 67 1575
6706701 16 8610
158749 24 1244
149910 7 6024
46214 2 1926
294992 7 8758
1 89 1982
2901750 29 2353
489764 58 1811
151704 59 8139
7029066 42 8839
68677 27 305
7287566 77 5938
1856495 84 3849
13414249 85 5395
146381 31 8433
2265866 33 2989
726184 29 3546
9798 56 358
19228680 90 8312
196351 46 950
2906341 54 8120
4556872 64 7074
15324828 32 8963
13951073 93 8808
196152 5 877
576967 36 5885
2298526 60 4767
9935 23 1315
17524761 37 6107
9936442 44 4671
5783705 65 4037
5316177 8 5954
2971036 36 7364
773189 77 2886
25726165 36 7227
4343129 11 3590
1333584 71 2019
64840 54 6400
1628458 82 2424
43580 42 899
6154648 2 4277
25942 6 266
3169 40 3618
8725501 31 5444
274568 82 9257
472961 4 968
1511469 4 6814
13504 57 1078
6732332 31 6046
73154 99 1251
8577351 32 4448
1249939 43 1547
110648 38 6059
82 53 7949
162172 58 2549
289112 44 2950
2569710 72 5130
10697575 90 7152
20519246 66 8748
496124 64 4316
7888802 64 8223
8035061 72 8575
8309 69 411
15702575 4 9211
8908547 68 6233
1115528 93 5089
95075 13 1285
716828 62 2910
248610 91 1959
74195 49 1462
16963852 33 6517
5238525 44 6484
1053685 10 1636
718671 81 6291
1595337 58 2675
956842 79 2980
1055420 34 1367
146291 8 1337
2397827 82 5509
2666575 67 2701
6083905 100 6922
2778606 100 3537
1624410 25 4742
290142 31 1296
12753446 82 9943
1561307 51 2894
6229527 83 8793
2504376 10 9538
5065433 51 7123
9806 21 2204
7544869 86 4239
484955 43 5220
3875594 23 6563
1 75 143
13649 4 6624
2378326 39 3819
10277243 86 9327
2116585 24 1991
5718427 26 5538
35060276 83 8337
357322 18 4099
21251 24 460
9246534 25 8249
4212973 11 3671
16127481 43 6751
532529 80 8459
952721 82 2465
277008 82 9745
7818 36 4787
6588 48 698
22015468 13 7509
620827 23 8482
2526672 38 5613
1205546 72 1531
17072036 66 8178
1989192 17 5795
641480 57 5326
8225588 37 8052
1143349 87 2389
998720 27 8772
83954 100 2098
23178184 87 6851
5303529 48 3688
388257 70 3629
14870431 50 8908
2602167 23 4193
5931819 67 5021
664045 95 1575
3620048 5 6664
11282 89 478
1635046 78 2622
8746581 80 8918
1458009 30 2749
184737 62 4138
1025944 40 1746
2269599 23 3189
9409132 52 8740
4567262 28 3482
2620137 44 5399
1474700 57 2121
1967359 20 7292
605530 88 3964
2586801 91 9046
484408 67 4375
26939 56 2196
51202 99 4553
6767 38 801
292050 40 1434
773116 51 3941
1170422 43 1597
46132 12 9146
13752724 38 9877
859538 90 2032
296800 81 3714
14078477 59 6737
64398 4 3730
8176774 48 6970
18467157 77 9488
1308739 49 2704
1205402 41 2266
30042 75 1251
385 69 2110
1224775 35 4084
1170379 30 5230
27612031 25 8156
3551 52 8731
3843244 54 2673
9822293 5 4338
1 78 7706
851991 89 2385
1705295 85 1988
3822100 24 6434
4034403 76 3677
52327 4 3249
8627175 23 9583
11301946 65 7431
4173580 37 4473
149128 5 973
10635058 54 6288
4523557 60 3097
2156 26 299
1491409 89 3924
561056 30 1001
25088742 66 8118
486050 79 1088
13562489 23 7761
118068 30 2744
8180 71 1890
7551813 26 7386
518666 71 2568
14058860 55 6067
4515893 84 8672
138257 95 6745
818367 10 7807
1567377 91 5166
1258720 75 1636
5246134 47 5955
4382805 78 5952
3784346 100 4538
4132069 27 3396
2022580 91 3577
3329462 33 6319
7684692 53 5919
8066381 3 5000
22992548 85 7963
437524 35 3007
24021135 77 9065
1066749 94 8226
153271 37 513
18226965 79 7513
609190 15 6006
356177 36 1171
7528732 6 9785
3152777 68 2646
4320498 32 4040
7302969 50 7682
28762554 54 7759
5809732 49 7655
528567 29 1543
7393011 68 5018
427964 53 981
747751 92 1711
7694 6 1011
784718 62 6605
18498 4 223
14668344 76 6719
2383114 54 3634
1112875 40 4840
375683 6 2346
301325 76 9860
3695339 9 3973
65163 53 606
182096 55 1151
2311635 93 2331
48804 93 747
1488336 80 7221
3333659 12 9514
8176146 16 4094
321308 61 3464
28831513 58 7599
486206 76 1097
64274 27 8128
868822 45 8889
3111695 82 4493
1419518 95 2971
29531635 19 9212
1027391 30 2247
182372 17 3714
1098077 50 3035
1365115 4 2220
2962941 68 7889
2666634 50 5492
6200706 68 8644
188146 68 6762
2483835 82 6763
36657 49 1290
8140981 67 9739
411021 90 1102
47501 92 5867
430685 31 1066
8625245 65 5926
132452 85 2144
175292 54 1110
213816 91 4595
36296 36 1454
116945 88 1472
1066168 83 5928
2808114 55 7012
152142 89 1510
559839 28 1964
880197 26 1437
738697 55 2934
377415 100 3684
138456 75 5270
10644638 83 6150
30144975 67 9810
29 44 438
35483034 21 9765
2665928 57 2707
2285191 10 5187
46015214 19 9695
16032876 95 9682
7129596 98 3786
2427524 23 2445
304644 88 5368
109656 78 411
831352 74 1911
198338 63 875
1512254 78 5839
805342 83 6964
5817610 5 3839
484336 39 3796
9041889 46 8488
19180 86 5163
205479 50 7212
207753 26 1127
14993 18 7624
3726378 78 4857
193793 16 987
409666 99 3691
1849539 94 3537
53872 34 437
1753922 16 7272
78223 98 3004
1795942 31 2808
155050 66 525
612721 1 6089
4899294 98 6903
3957663 58 3885
4700652 49 6596
7436576 24 5187
564328 93 1202
7852314 26 7807
2929252 58 3685
981320 87 3223
17609 36 8931
1315158 19 5028
178392 16 4054
65525 25 1007
338767 34 2936
10229 70 4494
532778 33 1961
862568 93 3847
91716 15 8498
16002 42 8478
13726186 25 5200
86110 11 5510
16700173 86 7889
10128081 21 7107
9191312 79 7583
12710361 83 7404
7912894 5 6516
10874104 11 6762
678759 31 3147
235798 9 1074
1578186 43 1945
12094944 67 6023
1607538 63 3253
116172 99 665
8634624 43 9884
375721 67 9471
9733496 25 6823
15870 73 8068
191280 61 5794
48062911 13 9707
1248750 56 5895
137758 48 8844
15389065 14 8034
2288436 17 6226
704938 38 9372
23073471 88 6707
5595889 48 5663
12041802 80 7374
12544360 47 7412
2173792 38 8944
2240984 6 9541
7053447 97 8149
520791 52 1694
16142053 70 6569
58195 6 5663
6753960 22 5047
10914064 3 5518
4860208 2 5080
2285444 47 2936
53101 42 6180
2757809 100 3127
37320610 7 8922
4451911 86 8474
15311077 9 6794
418656 21 1116
6981746 53 6325
55875 40 699
23447157 86 7049
59600 88 1325
484435 15 3839
5905967 24 9771
995675 8 2065
1205375 11 8904
1482293 59 2466
1709854 18 9109
698112 15 5309
4193 58 1574
2822157 83 6063
332499 69 4133
27586055 78 9885
22849778 44 7573
8940816 68 6395
30686955 16 9278
867 18 220
15857437 97 6009
1978325 2 7847
219483 48 1993
16657591 79 5885
690792 10 5602
3196885 73 4876
403 10 4106
322717 28 1622
455634 90 2616
3239889 36 3206
10186452 14 7456
6524968 71 8208
1984949 3 2131
3922720 15 2991
13442577 69 7672
24972727 20 9304
17513956 19 7510
23319 55 1103
10979452 61 4794
9298 73 476
1482948 100 3408
4875800 19 5914
57660 36 9250
30818 96 348
18027929 89 7927
20672416 48 6382
9853075 51 8636
32299 59 3451
1261647 36 7504
16378541 17 8207
12444050 85 4898
6633653 4 4591
2296548 54 3327
100622 18 3296
2799673 54 5696
1172377 22 1978
1847033 21 5102
37462802 25 9851
1110171 74 5997
2505025 12 6428
109599 21 615
8181269 88 4824
5782 41 173
1858313 72 2217
2777772 56 9073
601768 15 1053
966981 8 2492
4038988 5 7090
24407097 97 9397
3747897 41 2773
220573 29 5881
30674314 76 8912
8686948 7 4134
23127999 6 8708
14396973 97 7756
6237659 49 5190
8859898 87 7107
52624 61 7343
614826 84 7137
104945 78 1395
1225091 68 6441
39398036 68 9886
308338 51 3240
8532214 74 8665
7905820 39 6541
4602141 61 3144
37725 60 1901
16504650 95 8116
6388503 50 4016
15430430 49 8774
15558618 68 6541
103285 98 1012
8326681 5 4020
6142058 4 4795
748504 23 2170
137406 38 733
9050034 94 5807
2149884 89 4162
1 58 6142
1498414 51 4113
10893926 91 5194
24136413 34 7162
271564 95 7695
12720416 31 7880
320412 85 2068
361412 69 2943
490347 71 2365
72949 31 1650
23440 83 5373
6213255 52 7235
11557 88 3165
890729 16 6145
1018975 15 5574
7023970 85 3983
275604 51 1242
25138350 19 8036
332601 7 1273
3261221 18 2616
105313 16 2904
30 41 106
324726 4 807
30146 46 841
4802889 97 8412
1969318 87 2026
682135 67 8923
23726259 82 7001
148596 56 963
1022154 82 4394
355840 64 1549
5643 39 3521
9784923 69 8244
1509520 33 2309
8006 43 4184
2884991 48 2940
4182537 53 2879
7327994 54 7765
357165 35 5581
17429536 84 8528
1341720 7 3818
21548701 92 9188
13469365 49 7483
146042 67 6774
7411 38 518
1 97 4261
3791029 1 2696
973112 34 5879
10371792 45 5008
2699 75 3467
5323274 26 8811
56431 19 4064
250643 30 1307
1 71 3532
11975408 3 8392
4339 25 8671
5546864 70 3966
6512319 13 9880
6063318 4 5187
1719508 33 2678
1 59 1071
5912707 33 3849
1603848 65 9263
1150531 37 3386
5314881 71 5067
40599767 35 9423
8190182 78 5325
2977690 54 3003
28687319 67 9661
19396815 50 9603
28967 54 292
1779000 85 6257
11430214 89 9709
3157157 53 2879
277220 50 2189
311235 90 1333
1604403 61 3958
578127 85 5406
4583969 68 3455
1 83 2273
1033221 18 4942
967397 67 2487
907680 21 4586
321073 29 4424
2625590 100 3723
3564495 86 2826
170017 99 1126
1908 81 106
44930 49 1809
4335315 70 2975
13424 27 205
1627075 13 8129
3908542 49 9325
148511 10 7170
158205 45 4869
6854076 83 7517
38900648 59 9605
26021 60 5122
889184 20 3900
56196 36 657
41557957 8 9543
7177113 28 8386
19490966 11 8905
28941593 79 9234
745173 93 2633
294621 52 1310
1726904 7 7302
14247185 23 8628
176208 43 1980
7146715 86 5552
5535194 38 6673
549489 92 2626
3521955 97 5246
14410661 48 8497
1163873 83 3420
1967478 58 1962
435463 30 3218
45950 88 3983
1316927 45 5140
285951 19 3365
51200 2 1368
180232 38 2171
27796 94 626
1180268 49 5801
7351708 92 9766
951853 19 6147
2148922 21 3937
2192241 4 3295
1108 76 1271
24449 9 1001
806084 28 8533
308780 6 1165
10677217 8 7394
16931491 97 6077
3051153 29 7785
23146777 58 7511
614490 30 6675
11790894 1 5143
257318 1 6044
6663079 41 9433
2382522 13 4629
863620 53 2114
13826780 4 6676
2976243 71 3015
5860920 47 3593
905608 90 1681
283053 15 4387
15466491 76 5622
2441319 18 2554
716825 13 3282
647081 13 4654
4591866 56 5531
22138 98 996
3119130 42 5187
45436689 67 9597
1 92 4285
5611438 42 5943
20812313 75 9144
3245747 14 5351
9971129 16 4807
18593857 76 6822
905289 1 4034
852575 38 7112
478215 1 2251
12711737 39 5160
124754 89 952
6923362 82 3986
86674 78 906
334478 81 1248
3479562 23 4766
1456526 20 1772
885688 22 1320
696473 73 1531
3044 54 218
1369387 9 3058
10465720 22 6032
13249416 66 5961
59339 23 682
3906600 71 6015
710149 93 1659
8100229 77 5727
6714755 29 4248
3406099 92 4527
2863853 25 7461
17727 59 2570
8101962 67 6773
7798468 13 7771
10058574 53 9565
5490011 87 3249
111309 80 1264
14527085 51 9382
3687460 81 2695
5344395 69 4769
501835 59 2773
1860151 89 3368
473 11 3469
3820 19 4429
5921939 45 4252
41282759 45 9250
42014 89 1757
786298 20 6276
567630 52 3389
1 95 6108
29341552 36 8032
20087618 35 9041
11175909 42 6777
8187672 94 9017
2122 12 294
25964750 99 8958
60143 63 423
552226 80 6606
7396685 63 8159
1047455 45 6601
2316569 74 4764
3101 27 80
8929751 84 9115
458340 43 3754
2936023 73 6619
18876025 70 8551
1987720 43 5446
10338740 85 6429
7390474 13 4001
1 35 3124
12935 39 2481
72305 88 4678
2143597 29 2888
285517 4 4829
1539293 58 6830
659651 1 5988
58999 6 1398
60512 74 943
4066184 70 6302
6338968 3 6524
86981 68 2473
4400745 26 4617
54844 27 1192
5679 64 554
24027359 95 7504
14199159 35 5633
35628737 33 8475
4604450 18 4446
537058 71 6321
1261737 94 8967
7781765 32 4269
383916 82 6835
875006 74 2486
52682 46 349
396040 78 3843
14430950 62 7647
36017 30 1944
5421250 74 6601
43282 83 542
2399606 76 6662
10645123 12 9861
4573375 36 8082
820 22 394
1986279 22 7451
2888373 81 2513
153902 47 1045
3355448 53 2828
53080 20 782
10970819 83 9782
4406524 57 7420
507306 29 1103
112654 45 1314
2150388 49 8131
585942 66 1421
11053210 3 6126
116577 44 2489
985 50 2940
3478323 28 6706
24978686 18 8192
3241410 27 3923
34617 62 9889
11761 27 5990
54658 48 1710
13081282 74 6268
2482418 11 2312
30866319 77 9083
10420 39 99
32195908 88 8036
26435793 97 9890
4121964 67 6169
25372 15 2396
223202 70 575
34288886 97 9394
594424 60 1136
204701 51 8556
7867342 79 9214
6071098 18 3446
33575904 99 9021
5104989 19 3989
1259788 2 2101
3693605 77 3276
2130542 84 2469
35419052 50 9462
2521690 57 2839
5262135 17 4889
5107818 56 3320
20540059 44 7749
14306726 33 5514
2458491 44 5923
7585528 66 4535
4645814 45 5837
484120 46 6054
1275288 90 1810
60043 50 405
4740509 17 5838
20989122 23 6483
6298530 83 6296
4150656 3 6759
4969042 78 5928
440122 94 5713
21849 32 594
3500193 17 6806
315521 25 770
4301218 49 8291
6473 12 1117
7509793 95 7848
10615838 26 6375
94853 57 432
87822 14 658
8956185 84 4461
33987 21 1978
30752334 88 9245
9076401 19 5741
4369496 19 8967
21706594 94 7528
15021325 12 7747
10822314 41 9299
7903032 63 5624
18766590 37 9356
13480444 50 7984
14237069 98 8234
453919 90 4413
1194188 13 5258
2387556 63 6648
6606 7 397
9920359 4 4559
203640 71 8489
6388464 8 6379
11794061 3 6192
11831592 12 9522
704761 96 3957
13047526 24 8295
520668 75 9954
770110 66 1340
4548829 37 9132
109296 45 9640
2078091 80 9471
6016049 66 5324
184462 37 4927
208656 40 1933
2287587 95 6526
16544293 45 9571
477770 57 1774
20405237 1 6434
59272 67 1142
74113 50 4928
328609 95 8430
103936 92 8934
12618269 71 6369
45000297 95 9647
173154 100 9967
17824190 60 6417
1024253 92 3422
450017 11 9177
191324 9 6884
3101819 15 4465
196470 66 6431
1078107 3 1403
6889626 85 5310
196745 8 681
1 81 1070
40654 15 6045
4554231 55 3108
736005 74 9424
11088797 14 7367
26090567 93 8653
16444 50 308
29428479 60 9361
140415 19 882
766447 71 5489
186856 6 1253
3719923 47 3332
13358477 45 5192
32325127 90 8501
597781 83 1724
21874120 84 7381
36645315 59 8624
7296310 27 5817
1 76 1702
19191954 47 8257
4359838 30 6265
309768 1 2362
4299423 77 9112
19766994 14 7493
15181777 27 8515
198030 18 6043
10114177 37 6746
3867987 24 3912
124359 20 2696
25136 31 145
15905901 44 6056
10794744 92 5676
8490407 30 8732
1982322 89 3878
2202791 59 2067
1341942 52 2891
10680963 33 8217
983972 91 5804
27038344 81 8421
377910 27 5608
1206129 45 7378
6473275 99 8102
25981 57 1024
10468706 69 6729
125931 39 1565
4850021 26 5852
358994 55 1669
2468563 96 5751
1254448 67 3951
895603 38 1427
12320136 76 6179
59347 37 2338
9100321 98 7136
4916306 46 3269
17631093 60 9383
2325515 2 2576
23086057 46 6762
10167064 73 4430
3811285 53 7464
241957 62 7417
672441 94 1225
3840848 67 3199
33918935 63 8572
1015226 42 3397
5848286 56 6433
4213244 82 3094
2231037 10 3406
144497 83 1722
491024 99 3275
1334021 23 5444
5710056 99 4707
860179 34 1379
2316568 66 9786
717114 61 7268
379929 52 1145
36256 95 4840
10725787 85 8097
6797064 93 4648
1018254 58 5837
578701 35 2171
8987025 22 7891
8645336 73 7136
2666941 42 3981
2720641 13 5101
4902553 3 5788
8457384 61 6664
1991887 29 5118
77217 51 1334
8096899 4 7585
625661 96 8169
1 45 739
6871358 97 8711
5617245 36 5659
4422061 49 7792
18193253 48 6814
805933 76 2759
28205121 80 7834
2844358 74 5718
1682877 8 4077
1123280 10 2749
165959 12 1857
12695944 49 6412
48790 72 5317
4164753 29 5884
5842822 36 4255
342270 51 9924
37862259 58 8805
11597251 86 9189
171044 29 3362
8310806 47 4477
335698 69 1376
18254901 85 9353
123906 27 1791
3796183 18 4023
504862 24 4065
1149308 31 6174
35608931 70 9572
1815840 99 4062
1596778 84 2974
4125967 97 4656
14273487 2 6196
23050908 23 7967
5920938 62 8943
378084 47 3775
29914365 93 9075
809918 91 4655
16619556 40 9131
12226323 88 4921
8800124 84 7512
1048234 69 2180
1025999 93 8981
381801 46 3756
196259 42 1411
24271629 73 9821
2584266 3 4505
215071 98 1386
1183585 63 3690
1578105 70 1762
1155724 9 2555
130634 97 9551
1350101 91 5414
20636012 74 8838
9453330 27 9115
18781 32 189
1758013 17 2335
7434603 27 5711
1298536 39 1808
1433939 52 4159
2238756 19 6401
575436 99 2027
11582521 79 7583
1 77 333
866686 43 2365
33114 44 303
671 2 2599
148090 16 1310
1285150 68 6300
1287689 54 8150
2267456 11 3249
5710024 78 8816
580304 35 3947
495243 25 1775
4396514 43 7733
6757050 74 4765
11213481 60 6690
3118843 1 4603
623 71 6431
16892791 57 9985
3179680 50 9990
1222194 82 3292
214362 37 1208
1 81 1911
159109 50 3398
50070 82 2185
15844883 95 6490
1383447 1 4802
45374254 4 9582
5635165 13 7571
3432588 60 9011
1082421 36 4617
2282136 66 2721
22916413 7 6903
2963504 82 4030
22023299 46 7484
119567 53 2065
14738849 80 9568
2764174 70 6660
7253299 75 3971
2382568 75 3496
64395 6 3081
4867093 70 5168
40683 15 1890
38236 77 576
24336 32 1386
423570 40 8908
162749 68 7604
791897 8 2814
5070669 63 7928
557842 55 3103
22305 8 3311
1623987 82 7755
20303634 29 8113
2033288 4 3288
919251 99 3933
1928544 82 4736
96712 14 5263
1722023 21 2898
4860035 41 8951
9468767 44 6293
13712631 3 6027
1822574 6 2536
674473 88 3540
814002 65 4602
13376704 50 6506
88608 78 947
4304513 32 6558
1932494 65 2615
863276 32 8691
1266819 44 6753
4120843 79 7595
510190 31 4184
6081343 93 3486
302 38 9565
1257467 35 2771
11667097 42 5192
38591119 43 8894
1014949 82 1673
2847023 19 3388
429827 37 8739
3677035 84 5285
1 58 674
1016557 36 1414
4546181 62 9701
178446 81 3429
11196874 97 7768
6353631 78 3516
2348757 77 2859
35878 89 3023
562098 81 991
11752956 69 6541
10400786 26 5488
11993195 62 9510
7279532 52 6732
5776816 19 5890
101369 46 6671
19781 78 329
7423672 5 8346
27580122 31 8371
892 23 2812
986906 60 2054
15427670 92 7817
28320030 93 8288
183506 79 4629
32871 18 8477
9932615 92 5307
1386875 97 4609
358721 86 7932
3625525 74 4507
120346 52 5817
23332402 65 9888
51302 62 1880
1295313 12 1692
103490 28 7367
278967 94 1111
862438 44 3414
9731009 62 7912
28575760 70 9790
104011 63 1297
4468917 59 7887
28765732 1 9825
9856347 74 4839
25233095 18 7127
290504 34 730
4839 48 682
18747024 98 9628
13099 16 203
5974833 29 5160
23456664 27 6855
1524515 63 5565
2451764 20 5292
7648 100 1012
12000875 4 5958
19580107 67 7868
1456890 26 1961
18418323 66 8086
890040 6 1607
9696289 30 8487
3048706 2 7968
184830 39 522
6629 12 1876
1686198 48 2805
1012101 52 3102
246279 60 1364
3173540 21 3895
1 74 76
11981 65 7890
1736129 77 7640
1178835 64 5597
13890237 81 6563
8873846 16 7793
988220 85 5375
17329996 61 6123
7074630 26 9588
91684 53 4394
15021814 29 8692
2983417 26 4062
4564160 18 7727
7595073 92 6686
5851127 26 7491
1257795 57 4006
1 35 9428
319296 73 7937
177095 70 797
16446 1 380
1328 38 4588
26242409 30 8813
602198 60 1727
9749 20 9723
86874 76 500
14285679 97 7062
5935094 9 8347
1657640 97 2168
1 72 1426
197254 18 1275
4485 83 709
3890850 78 5776
5377719 2 9075
193603 11 5109
1635782 66 9489
2160028 20 9379
5141882 19 6005
4501891 49 6685
2468671 99 2194
16424 41 266
112700 27 691
9148 63 5694
38354 30 2967
27408416 87 8803
17118398 94 6307
3255190 26 2508
20261861 76 9233
16784200 1 7896
12316613 79 7001
226591 39 930
205768 90 1682
5747808 15 6531
3068455 52 4120
1961638 52 9294
47317 42 3765
1419268 77 1686
12030699 75 5659
10449 35 114
4739982 79 5901
202601 48 9768
2779673 72 3029
1097992 75 6028
11358948 41 8583
1590038 56 2797
992868 98 4020
1307465 31 7908
3083304 90 4972
1816071 32 8881
5189581 4 7294
393358 1 8969
52214 6 1873
634774 98 1124
630530 86 4694
10616471 92 6005
660845 81 8205
328203 79 1226
3009 24 1730
7118425 28 5609
26102205 22 9232
19119190 9 7294
4326322 51 3406
185751 45 1044
16555691 83 6955
4007548 16 5756
13491438 27 7902
5120001 29 3603
1783997 29 2896
66556 23 3470
1386318 19 2281
667171 74 1180
13901088 72 8560
108656 97 9543
17127 78 600
3710863 86 9028
61346 41 3111
35587 65 2001
43572 23 3456
6622624 5 3888
94690 41 1477
37803 27 6589
5179925 7 9576
968120 49 9939
9135231 74 4926
588409 69 7703
5163066 61 8850
526062 87 5457
11400152 37 4727
34448810 49 8270
15157 51 217
4177089 58 6286
49533037 94 9919
1498254 46 6359
40431830 33 9338
32974376 20 8661
1768672 20 2564
89940 45 2736
77272 41 1124
1078859 1 5863
13899 88 442
517495 34 9952
1146007 74 2443
3365383 33 3625
9665922 10 7267
783821 24 1582
4338873 36 9615
221575 51 2520
8209288 29 4062
31687 17 655
2485303 15 7497
5327909 90 7433
20344497 3 7923
5774931 92 8664
38020 33 7761
150947 71 1051
184530 36 6907
2535529 22 2326
1 72 720
5986291 52 4873
51235 50 230
21278587 94 6594
56998 62 5692
1060586 67 4841
1597505 82 3097
1181873 33 1972
1025236 54 3676
738612 45 7969
9340 1 409
68096 94 6010
1468012 78 7336
4386711 10 6801
155448 85 1873
2256870 88 3207
17068605 49 6128
9307689 18 4958
1577623 28 1727
8359080 44 4553
19481571 76 7368
787553 32 1645
5234567 49 8088
12857839 2 5396
2828829 90 7831
1441472 43 4871
1467497 63 5748
2505378 51 6762
19670969 36 9419
1096117 26 6860
14208872 97 6133
3470474 78 4308
11540002 26 7132
11145549 56 7986
15253 42 175
9605592 90 9547
499259 53 6504
7321550 59 5046
4046861 67 5380
3308673 58 7562
1998849 19 9211
23539517 70 9423
10031152 78 5316
4566254 43 3730
2052490 71 9177
28051044 67 8019
2283150 11 2226
3109410 63 6398
1687547 62 2410
4836266 35 5182
814828 63 7308
1797798 50 5248
453368 72 3131
2937014 75 4286
232824 35 981
3402248 72 7052
59843 38 9690
10195371 78 7939
46803198 77 9949
1 52 61
2292119 42 5915
30873042 43 8752
21099354 91 6575
2708220 27 2892
1018522 27 2591
15328666 32 5706
301819 85 2661
70142 35 1898
1597984 90 4144
627817 13 1748
9726228 90 7367
49430 50 1306
21052219 68 7520
18048006 14 7731
315358 30 1591
5756658 29 3607
19206468 44 9940
11724 66 756
348730 31 3196
2976169 37 3943
9913209 2 9957
602031 5 1224
2900727 74 7126
221647 91 4410
1 85 855
402587 41 9475
780720 4 1215
12721817 96 6698
567085 20 1531
604475 36 6725
178280 30 4126
3632 2 1309
154 18 4930
1109620 15 8655
1506870 94 3077
1361831 1 3745
1159115 80 5899
1523288 46 9950
13383734 5 7336
1903365 21 4619
1347278 31 3750
3960857 74 4676
437443 99 2969
9804990 90 7250
2876647 41 2732
5045862 75 5703
22234558 93 6679
13386893 74 8335
361841 2 4828
4531212 90 8122
5414979 23 4623
24256903 70 7005
36455682 69 9405
558097 16 3047
1746376 5 4241
3029409 25 6432
3708777 64 3849
1756952 85 2569
53397 57 433
2126790 49 5284
5946532 60 4863
147477 11 697
2275739 69 9322
55517 53 6024
39014177 57 9798
17597360 92 8572
372447 55 1075
419899 2 1472
763176 12 3607
26706273 41 8440
6614805 76 9306
278752 78 2280
27039433 19 7728
2000352 99 9588
4155291 58 4929
122597 32 1021
5270286 45 4448
4482015 96 3430
7093204 35 3965
581577 90 1114
5655065 70 3417
32329860 76 8374
5600287 59 7295
3297604 68 4727
624525 74 4299
8122241 61 4505
16433514 78 8158
13836398 40 9960
5217 97 213
356491 91 989
30500352 87 8775
7387668 79 5201
286549 8 934
91693 98 630
4665131 13 3056
239526 71 2803
2854 11 261
19985709 49 6477
17929391 40 9522
9556506 66 4513
649003 67 4267
15426487 100 9741
3712979 5 6043
28086223 72 9389
26160 42 2618
103 31 6900
669362 82 9094
2850529 47 9813
4545992 87 9168
1184610 25 4964
355671 55 1204
366205 7 1283
47268 71 608
15542343 75 9965
7645829 75 3935
3361273 59 4169
98556 92 5079
7298024 97 6978
216080 59 1089
80241 11 1766
26909246 76 8332
473633 89 1190
1933 30 8947
14285 15 588
12453241 66 9299
1774681 47 6925
19311325 93 9509
26445 29 3375
264782 3 6031
991657 52 2418
7250402 54 7428
1051 14 5815
26896596 41 9979
103193 25 2077
12957488 44 6014
578069 64 7142
25362775 97 8570
23958928 85 7026
500302 19 7347
1188913 74 6921
4716044 60 3469
14476 27 3155
235190 95 4975
23391436 87 7476
2173354 44 4896
9907259 34 8708
18891654 18 7205
42347010 16 9277
15208218 73 5475
1663052 2 1756
8556832 13 5090
1176095 95 5940
28000534 60 7700
30776284 61 9047
3214373 53 7111
248731 98 2460
527475 82 2240
19678040 74 9385
1321618 54 1774
4283693 20 4362
1916 65 89
8081026 57 8304
13268 81 2127
21278195 7 7985
5895087 77 9673
15794617 57 8228
4459884 77 6328
61283 47 641
13743126 15 6202
3043 22 4430
158521 79 2062
896468 16 3186
181204 13 9642
1 82 3392
7212424 58 4145
492278 23 2403
4617 5 28
50280 83 818
5802736 27 6459
1560807 72 8220
924 8 1029
49319 83 3582
1399711 22 1777
72230 12 1132
7671042 23 3911
7888138 30 3899
2203533 88 5617
232944 93 4168
755227 42 6610
10726158 85 8574
21650898 32 6712
6329453 14 7356
4458755 33 6490
25951423 53 9933
229641 42 8659
24565657 2 7991
602773 62 1772
37933 12 2605
269614 55 2324
7358221 57 3854
426001 22 2855
102738 68 1154
69510 56 2199
2018855 64 7254
4252622 74 5707
91395 82 9071
1643131 95 5166
133490 21 1949
3984497 61 3888
285877 3 3407
33894140 36 8848
726704 85 2785
3271479 72 4238
9533235 53 5795
14363130 4 8450
11882 25 940
5137934 43 3719
231911 64 631
127041 43 7656
76584 82 7330
7603129 28 7617
243069 56 5645
2077642 53 4146
28232 13 8029
1 89 178
79964 1 2478
12114400 20 6488
594968 6 2944
11293365 2 6174
249250 25 3287
16261537 67 7834
1946343 82 3920
65594 51 369
4996806 79 4439
16945251 43 9345
60195 91 1382
56948 60 8967
169552 33 593
158376 42 897
6381224 69 4395
1036145 31 2831
1645542 83 5788
11782 48 62
3885225 82 2952
2577149 82 3034
8759580 67 5330
40382 87 6274
2728755 36 3003
1018793 64 7234
11069185 8 4937
332555 7 8194
36733 68 1240
6915066 34 9508
722527 78 7846
2301997 39 4389
2877558 71 3897
377547 97 1523
663 57 349
8858490 41 6373
8916968 16 6206
10645 80 1718
2191961 100 3663
33740 19 317
611954 1 5377
8946437 83 6182
4504306 88 8228
17925 42 1028
737752 4 3618
388211 34 3376
8229771 22 9968
75273 41 360
1192279 72 1794
492890 44 2457
9092594 2 7140
3984654 63 7870
5012786 27 6996
261020 40 1972
43257 15 257
11350272 60 5731
598452 93 1448
1534010 40 4048
551782 95 7676
38033 62 4158
51758 92 1181
17011 48 542
1647025 40 6591
12942030 44 8820
728722 19 9170
3483982 52 6915
183673 31 6744
4202880 82 7426
1 91 293
13149484 51 8131
6249643 9 8205
65488 50 499
8192946 8 4765
8364820 93 9058
1329586 100 2991
3363 12 18
2784371 29 2461
886222 80 6625
659310 67 4353
961160 55 4634
384263 36 982
40185087 32 9110
1155562 50 4226
15561 17 6178
55210 1 1907
142000 32 530
2205186 23 7411
1890356 22 6743
330831 70 820
46580 41 2589
24949762 72 7320
14421 36 2699
22496696 11 7556
98011 34 6366
44549 82 6183
11130009 70 7789
9541670 34 6429
20881 75 4538
4528747 20 5081
151515 52 2390
37833825 10 8733
113133 48 1469
7986807 44 6155
7013167 58 5378
247111 73 4546
603320 82 4518
790760 49 5182
3206556 5 7241
371629 23 2334
339337 25 8053
50987 26 2920
1019521 49 9082
33488400 55 9688
271390 88 2122
2406235 57 7015
2235911 68 9571
1705603 64 7439
2081743 63 2421
38510168 50 8688
23347850 30 9568
134795 50 824
3067804 56 2545
23067 13 840
1154622 14 1629
4433 28 5245
95483 36 2501
113350 68 4235
394082 42 2728
954759 50 5183
680928 9 6218
153256 30 713
13877154 16 5447
20154095 29 8364
29631218 47 8304
2230861 72 2703
813841 39 2722
3450839 58 3889
148549 47 853
313873 6 3134
2889409 88 3396
6833026 34 5203
3091231 28 7406
1133327 98 4221
1565251 4 6279
5274 92 780
9781241 32 7957
1421182 70 2951
13687445 48 6086
21181696 99 9644
34967405 37 8332
2753460 63 3554
4887255 46 3306
327221 100 1304
397142 10 4285
552264 54 2315
436027 10 5302
531689 63 6901
123148 8 2485
44121 77 1972
4714587 72 6228
695241 51 7858
12046920 69 6586
39503858 69 9501
34232 54 6931
5488536 85 5420
6520772 8 7526
43849 51 2881
228404 84 4169
7550406 1 9915
780569 57 4417
17191 97 158
1 61 7093
406907 85 6990
12047455 95 5006
13068109 9 7909
1413737 27 2266
5240365 42 3636
36701446 37 8829
22600406 38 7927
12960230 9 5236
19662512 18 7333
1 78 3200
161937 33 594
3640515 80 4488
989684 100 6824
8109441 43 4251
1198273 29 5247
25888 24 3208
16534 19 1784
112060 50 1994
1226707 34 2078
920166 6 7208
465067 73 6541
201246 75 957
30917609 100 8972
821768 29 8425
46251770 59 9524
1 54 166
1550090 9 9220
2507659 47 8548
5159358 13 4292
2941755 50 3313
3344723 75 4427
842545 40 3149
11991913 5 7226
831385 73 2484
19039 77 4173
205038 18 7864
371356 80 9649
8197383 49 7380
785678 73 2299
5752988 91 8641
777209 79 3082
13952 88 4040
8912639 42 7139
626238 33 6756
1493705 16 6101
626170 5 8900
6873819 73 6479
21769 55 124
7204 79 306
134684 72 8589
8640983 56 4272
6909 44 7549
23558828 57 8374
12576219 38 6499
132626 64 4129
1855280 81 9572
22836929 27 7411
9456 65 4542
627616 38 1705
8564916 92 4553
61603 42 1258
2692313 12 4501
249380 51 924
8253952 99 8599
24304998 77 8199
750997 52 2734
13578291 77 5882
70305 100 4654
5206 72 1733
216359 90 8306
37852260 87 9691
1498148 45 1689
296469 35 3849
18640623 62 9888
3230451 23 7388
25001337 60 7629
189537 64 1434
6735335 29 4929
9086362 85 5409
1717772 91 1829
1105712 24 1501
296510 68 6211
37830164 59 9674
8284278 95 4788
331175 10 3220
14586002 75 7262
31816 68 1392
717083 53 3215
11036015 90 8997
77728 60 530
331785 28 1802
1111970 100 5539
3155090 65 9163
2303452 36 4616
18379 76 872
7947241 90 5984
22660870 5 6657
16032786 34 8762
675320 59 4973
201770 69 724
1881787 60 3729
1526507 96 1791
25332897 31 9180
22297362 94 8336
3369553 93 5495
72587 67 735
23909 82 198
2921790 94 4851
683469 70 5168
3157543 75 4163
1522207 18 9740
9303672 21 9203
2412 26 3975
1352795 15 7490
2135446 40 4713
1357253 3 1881
929349 90 1516
24413 35 840
77774 57 627
1223340 82 9316
12668673 2 9421
262604 66 805
6670697 63 7783
15745158 19 6478
499477 24 3785
121401 83 2274
1 66 68
3877 19 1812
67657 50 1626
1819092 82 3116
113183 97 477
9085673 53 4861
304712 42 4516
10411164 23 8077
7102563 45 8019
775757 10 1996
13119402 84 5240
6465693 80 5502
5384724 46 3340
1492931 87 2274
19381331 11 6805
31734159 29 8548
6594686 88 9323
771630 92 4064
859333 31 1282
222093 79 877
56488 98 3967
1726544 14 2228
3698072 94 3693
2629609 93 3601
21045510 60 7591
1 92 667
606511 71 4209
47061 21 851
7398757 77 5198
6834076 33 8468
62144 6 8212
1682921 17 2167
18811852 59 6717
19965609 89 7049
929897 55 4490
215966 92 1519
19923 92 755
7232740 8 4203
579290 28 4951
4212953 95 4351
3125779 86 3628
7873811 50 9189
1 100 2624
21162934 10 7463
161968 20 4880
232668 100 2936
31294 55 5540
47828 9 223
111847 86 594
537695 21 1651
3832180 78 4664
2728904 31 3758
1442099 7 5797
4752549 88 4374
7952 96 5810
318150 36 1622
5358220 82 5128
445075 87 1214
3306365 54 5148
222346 48 724
2373615 85 8575
11833052 13 5999
7579832 78 7448
399227 6 3893
11242513 14 5156
44920439 72 9734
1026089 4 5293
866607 8 3347
6569445 17 3795
1083647 64 5278
1384563 23 1785
11289946 33 5299
1 40 8617
6273612 57 8880
655919 18 1594
1809 78 7664
18883393 76 8334
299989 37 4767
7397500 31 6641
490168 18 1214
4418951 32 7850
171198 77 9988
56800 17 5344
16449807 64 6201
4427785 9 8038
259925 34 1920
2754519 17 5453
10015196 4 8281
18168487 4 8957
14466229 45 5596
1 98 1588
2336588 97 6355
955133 5 4195
5253442 3 9870
560333 32 2935
4492845 40 5573
5040856 23 4417
13006885 26 5833
585718 52 6368
1998197 65 8915
24916592 62 7604
26343 61 221
11344140 77 6265
1928470 41 6709
63073 96 885
22252366 69 9009
308296 87 3703
5728301 82 3432
646402 36 6957
6710262 30 6311
11029453 80 9185
75388 67 3688
17372 74 262
5793731 18 8993
8199019 96 4753
641112 6 7053
9816731 7 7527
6630156 66 8304
302009 75 8303
16128988 69 6907
4436301 35 9218
342713 75 888
46438 11 2199
10785172 29 9038
3638995 56 5893
22350339 6 8460
1037364 11 1517
160166 26 9279
27335742 57 9503
9645111 69 5234
387377 42 4253
15687966 45 6968
21203 47 773
12447347 20 6042
19046046 39 6916
75283 82 792
153974 12 901
3555366 97 4849
1359530 55 2071
4154 29 2318
79398 89 7171
232961 10 9490
2003771 6 8698
903577 13 4481
24703971 12 8878
8562873 76 8970
666668 89 1724
38669365 62 8914
2813816 71 8590
72614 40 2260
573957 15 7018
16177415 12 9299
1204668 48 9493
259349 42 865
2507712 28 6080
19320 8 244
13885503 96 6284
14911 33 452
570039 28 1830
369508 17 8900
811188 67 1177
2362279 43 6947
421569 56 3144
25683 36 457
24295642 29 8378
13053666 88 6141
1552727 1 9433
24412565 24 6932
736147 83 1499
3648780 85 3290
10889074 21 4689
585944 31 5218
8798460 35 6497
9879676 41 8697
42956 1 3085
17635924 89 6933
88016 30 6390
98311 62 2024
159281 24 9000
388773 31 4700
9818 68 693
8037307 4 7418
181134 73 4198
1607129 76 2028
9672693 65 7989
128 11 2821
480862 90 4961
1261385 55 7646
74496 49 606
1962662 1 3010
98403 12 781
9014501 10 4839
3088691 67 5524
1650149 69 1747
4840030 20 8925
28338889 60 8814
458891 88 1660
478175 99 1509
6822263 64 7501
77998 45 2362
883648 45 5807
13979330 31 5425
1931743 64 4331
209530 54 7965
11850857 10 5362
1044399 78 5273
340980 33 3595
4781210 52 3077
162350 10 967
7964762 42 7335
5962712 38 9734
5356248 69 4408
571505 43 5007
196515 4 3771
440457 47 1393
1656415 74 1926
1543981 16 1887
6221862 18 4046
15984382 46 7702
860515 95 3967
37403 14 182
135072 31 8320
8471257 68 5670
780493 49 1434
21571773 16 9021
1967956 98 4226
3553546 6 7782
7730679 98 5114
576981 90 3188
1084 85 275
5552722 9 9825
2736997 86 6974
6608 46 2149
1175216 37 1867
37446495 7 9267
75033 74 1180
6827232 1 4934
18942 83 8676
1431773 100 9908
6546688 75 6680
8389199 41 6232
15251708 66 9283
39907 47 282
361111 95 987
2140569 61 2772
5440479 3 4478
1526808 33 4825
7623594 97 8960
281413 4 5415
1 72 294
111879 91 1086
6459421 48 3792
10064973 99 4727
20381311 72 8688
209930 21 7881
33476555 41 9854
85739 88 927
18488302 18 8920
1810428 15 9876
1356 26 383
2507768 66 3958
36138808 23 9703
810204 10 6870
6782002 46 3773
3150774 55 8649
6049 77 1448
253722 22 5264
2552044 9 2515
2484180 74 2175
1755892 44 9387
2121801 85 7072
589844 90 1993
877629 18 3463
4702293 59 3351
44399 9 1610
18836722 18 8267
415696 25 2634
1342 58 3956
9191962 79 4936
20296 12 2057
36513875 37 9279
17029776 21 9409
4218180 65 3198
999307 76 6223
933902 97 2426
157678 55 820
5144023 7 6669
2228883 100 5139
4703873 47 6823
7055927 99 6188
883504 9 8266
381298 59 3588
36365 59 690
173659 63 6861
2044346 100 3155
417474 19 4815
80302 95 1066
28659962 67 9225
1182780 10 7220
649686 3 5259
2199307 56 7349
29184 24 2066
3524607 16 9132
3031 46 205
39064172 38 9130
1788773 86 7141
2701451 42 2309
117858 3 1337
3745056 94 2641
69486 41 2842
7924878 3 5115
2321203 73 3937
3826673 52 6988
10155411 88 8711
2051237 84 6197
10546323 17 6542
149214 58 871
2060140 83 6068
1 95 171
1180366 40 2176
3915363 7 2765
34241756 6 9340
343763 3 3200
2197110 73 5295
2523058 5 5448
151305 56 1104
758267 70 5633
7404416 46 5818
1 88 6594
13841051 24 5652
8513775 91 8834
53048 13 350
21430 60 459
489410 27 4340
18826701 40 7935
11412658 42 6239
17007288 81 8394
197903 20 792
3729608 74 5332
36478656 43 9294
9521833 47 4412
12657769 2 7420
487806 98 2533
3238835 46 3896
7713956 6 4755
13993888 73 7898
156810 33 537
8070935 21 7172
5719578 39 6353
8921427 88 7727
1018915 25 7567
4033902 33 4449
1412288 10 6545
317343 27 9436
16468548 81 7809
1813942 52 3772
1918982 69 2162
14603638 2 6371
2980888 51 4133
2885215 4 3224
9030775 2 6086
4619372 54 5568
2130407 53 9002
2701585 27 6619
626901 79 5615
4967529 73 7153
358014 45 4146
22853708 27 7797
2519953 50 4524
28910 3 310
5331422 50 7181
10223236 18 7700
1103537 65 1652
1841807 16 6905
20851526 15 7010
45902 44 289
278091 69 959
10056272 52 4924
197248 53 1563
127358 43 1649
30427656 97 9583
4926 83 702
10988341 67 6552
70837 1 3040
18263 14 5217
2138621 56 6266
1641397 76 9803
1798458 52 9808
5346 41 179
750095 30 1411
6925096 82 5613
13226 19 1726
1139511 63 7884
15612187 82 8179
1904989 42 2160
549995 4 8622
20086856 1 7733
25372085 93 9762
8498770 45 5611
6727049 30 3785
1669368 95 2238
881865 7 1850
19136770 32 6276
28126471 29 7578
2086687 73 3730
257005 2 693
5624781 75 9979
589905 92 8837
778206 23 1516
219763 68 4813
11738 15 3406
2235626 2 2184
1 94 3707
7708825 83 9927
6235501 35 3626
7346 47 642
9075746 72 9193
60256 34 6018
1107357 34 1835
833 57 1581
14185871 89 5585
6398805 22 8363
1719392 28 1995
15485785 76 9166
7535 100 8389
6861002 95 9169
4981102 69 5592
23974 74 148
11549409 26 5748
1489942 11 2468
25439374 6 9154
15251291 89 7207
12686134 16 6750
534436 20 1000
11544513 95 9626
39667690 16 9069
491908 7 9497
3077842 2 7765
11666869 49 8176
6596206 44 3999
7633392 15 9505
1388649 26 2336
12610430 56 5838
48826 3 7631
805510 28 6825
600399 76 1110
1391862 43 2157
1 85 146
3329 98 183
604025 1 2127
28086 55 222
14102173 16 8583
10835279 47 8899
542627 26 1448
8718447 84 9167
1288279 92 3823
12026994 27 5425
391586 21 887
160357 13 1430
150715 4 5567
77854 56 2160
1 77 1128
944405 48 5365
1050096 31 5211
74269 54 3446
51743 68 3699
839805 34 2816
126605 7 6109
6112284 44 7689
4271061 4 4536
2538295 94 2391
296970 61 832
22286697 52 8737
509381 82 1183
2891780 28 4646
1292466 93 3968
128467 26 770
6985211 41 7687
534415 32 9529
1585057 10 2179
3883273 89 3360
5559432 14 6745
52132 10 1667
167610 46 8009
6077869 19 4366
464933 48 6874
15285731 77 5921
3312432 55 4209
222 6 15
9935302 49 5525
221796 86 859
900739 71 4794
148804 58 647
1459842 5 2228
31816886 78 8413
208990 75 6397
17817444 11 8569
2122980 96 2309
3858769 28 2863
722340 16 2541
14420 47 3135
332079 70 4548
5963815 16 6113
14108748 9 5314
108066 15 8054
3978177 91 5461
17040063 85 6048
561463 84 5886
52058 16 1352
1270870 13 2070
1309036 84 2756
3274538 94 6804
34065418 71 8725
2804871 31 8317
2270906 33 9180
7987538 11 7007
249196 76 912
1058556 19 3292
508092 33 8226
391137 99 1670
498263 32 6494
2266598 63 2394
369648 46 1445
8803422 52 8860
11198448 16 8982
1550766 3 2228
1 92 1319
6964069 3 7025
3545587 95 6852
972050 30 2777
62484 48 5790
8698578 100 7936
10566711 42 4766
1105873 16 1895
1 44 187
228312 57 985
471629 67 1220
638602 38 2733
137 44 2530
10062168 11 6530
5226578 7 5314
5862640 31 5776
1636488 71 4053
22258921 49 9357
8247641 35 4445
10364683 29 9471
10444 51 2113
37621 29 1824
7806 27 414
317851 26 2789
599687 94 4525
3159367 40 2664
1440806 32 5239
3552014 8 8466
128831 3 462
2491 70 3225
1211781 49 4418
317907 46 871
34442 30 260
1778589 62 1944
116875 86 2207
368693 9 2808
259994 49 6629
10996573 29 5051
18129122 50 7108
11002214 29 5799
5324537 15 5714
23746637 32 9367
93166 98 645
17975 46 2361
449238 60 6225
438033 7 2231
163215 33 1763
10928974 77 9552
4777 79 271
21762 47 6266
15113126 56 7433
3633107 97 5404
229614 73 1891
18008328 100 7596
13580104 14 6084
6178280 14 6296
4883898 61 6488
99693 48 864
142063 39 561
5567938 16 8219
4555551 59 4589
336543 42 1537
1953623 28 5413
14349878 25 6986
10038174 32 4535
59944 75 4775
7098081 79 4979
4029925 58 3902
47707 85 673
582473 82 1503
1738216 54 3092
529017 54 3361
7986340 7 6820
9094967 32 6541
763051 77 6709
362470 91 2153
16764 82 5156
37920 75 4460
12981346 46 5772
617352 79 3602
3158223 87 9213
1339416 67 3911
10096348 21 9306
28226629 32 9156
917501 30 1533
271388 75 5667
2288 2 239
5560981 69 4977
253201 20 2647
20036 29 1338
49330 60 5123
54571 58 5299
363941 93 6334
1015383 89 5969
1253984 49 4111
10928396 50 9909
55952 34 9684
4999278 77 3615
155519 76 472
5983453 43 6156
4395933 100 8568
837896 5 4528
275237 23 746
437638 97 1266
1417599 49 1897
1 96 1615
20383927 70 7037
612628 98 6293
143842 75 1194
21899748 28 7305
3336292 16 3992
8298738 59 4890
52970 82 5652
7735739 14 4692
708694 24 2042
14223526 62 5405
346061 31 786
1 43 8505
2564134 57 5380
18916083 35 7403
16404156 32 6194
453082 92 2622
32948409 78 8301
105640 72 954
6537892 79 4303
11222104 67 7711
4963225 14 7413
236106 83 898
595251 28 1487
1129813 95 3340
3046426 2 4337
535799 44 8559
6020169 41 4036
46292415 28 9865
11186996 3 4992
5802121 6 9099
95552 50 2953
490230 30 987
165155 98 1224
15312514 1 7268
246056 57 1517
28870 84 2812
490262 9 1406
1 64 313
130277 31 2452
1848856 22 2317
30489 60 6645
10018120 12 8316
6377874 70 9648
1556628 19 2372
13558214 65 8861
34952 6 544
1561068 35 2778
1372433 99 1658
30879587 90 7973
59407 29 4089
4357397 24 6634
67524 80 2975
5340199 30 5322
112148 67 3963
5144270 5 5537
2213 53 3365
1311974 7 2273
5849135 34 9194
15252894 5 7038
2367771 64 3619
15860233 92 8844
22998037 13 6850
1730863 61 8092
7954 48 1323
1007812 45 2580
334598 57 1760
50676 31 1128
1658826 3 3875
999210 92 7834
30598160 36 8681
19741793 41 9314
240600 74 7828
1071114 75 2688
652057 35 9301
12961514 100 6826
4929174 47 4482
11057646 13 4688
565145 13 1599
210485 25 1432
5167289 40 4241
4037725 30 5526
2658711 75 4246
3874193 20 3138
2828900 18 4132
14669 75 691
6454921 55 4413
2832 64 5183
3399 3 6604
17160120 52 5922
739374 21 2303
14046 14 7044
27738915 15 7369
115149 50 690
3374939 43 2639
7196195 95 4616
14318241 1 6629
41586 37 900
2216291 68 2493
8180 31 91
6550611 77 4010
613950 86 2370
20136843 79 9255
2248178 59 2534
1934478 84 7089
6970565 96 4943
1899725 96 6761
2026142 41 3435
15726337 51 9124
8352 27 1353
1787088 82 1834
11044286 6 6526
904156 96 3433
2177408 42 8019
8328059 43 4232
2830291 32 5183
2778474 79 8691
183923 85 2721
4732268 73 6167
14449659 16 5784
116460 72 5076
232 3 308
2041538 89 2208
904710 64 6313
621656 4 1984
14952897 7 7503
1 91 765
626143 40 1307
1405763 75 2064
57647 73 371
23003904 1 7552
3976718 20 5657
385106 47 3737
12789 43 89
1518 12 137
813851 100 2679
327069 5 4322
12182626 66 7653
1635289 34 7641
2025412 5 5095
10110312 58 9158
347683 35 4826
3896613 78 2958
1332217 32 2081
1121589 54 6259
1082572 34 2165
165337 97 4630
3210 33 1711
4195774 92 5843
16263730 44 6314
4294451 34 2911
20371407 44 9310
114959 66 3402
21943682 67 7376
2235872 53 4482
13855339 44 7067
19363113 17 7494
755852 38 1170
601722 88 5825
234304 99 3608
31131488 12 8458
347976 76 1636
13108940 65 7318
29313354 89 7888
1208581 98 5167
30626806 81 8186
10095452 48 6881
357603 89 2918
64706 79 2941
8358659 76 5883
4340281 69 4734
5660715 50 8945
10204016 62 9838
26003 22 6383
521059 48 5508
665588 1 3730
10630004 34 5140
37173810 50 8819
13112157 89 9256
7345172 49 4970
9503350 35 9718
1159739 10 2092
10823914 68 8488
1289940 100 4364
785264 31 6010
19770844 15 9981
11864279 12 8993
773184 100 4098
7225526 65 4445
1014891 25 1740
1443351 14 2653
48189 51 421
621308 30 9701
1220500 21 4894
19161208 84 8205
136306 37 455
1 59 77
2951870 21 6790
4954 10 331
28351431 37 8971
13746798 3 6912
8903533 98 6448
231000 46 1739
1619997 65 7815
1653472 57 2312
851129 77 1455
1 94 859
284035 96 1384
7932185 20 6818
27770668 20 7770
4967 35 777
1511863 81 6959
17944303 39 6574
11989722 35 8732
14724439 17 5364
239710 21 3310
7973815 7 5757
338887 64 759
2013500 14 10000
4123 61 588
25769 14 208
3908140 41 3300
1028 27 1736
1 36 299
4785055 27 7152
4246004 98 9400
1760762 94 3963
42484 13 212
49514 75 6713
1109626 18 3102
11247136 35 6008
13736982 16 5855
1506345 95 9791
175131 65 498
4141999 78 7427
921267 75 4024
3363517 58 5366
21390990 46 9196
1793017 43 3587
79422 8 7964
6794622 42 7337
6287812 11 4609
4378678 9 3258
27123680 86 9191
8057140 91 6905
11091852 33 7053
548368 99 2389
5726579 11 4424
3695415 17 8071
7444148 33 4922
17923948 43 6320
27874618 91 7923
1553746 75 9273
1876929 8 5607
818890 92 1443
12642082 97 6298
572658 76 4562
16247657 69 8581
102850 11 3208
2725143 5 9046
16153948 65 7162
3155843 81 2457
641778 79 3030
23318262 50 8071
4309827 85 6847
72779 95 6337
4902933 6 7140
507929 82 3431
2738279 70 2643
1244965 8 3642
509061 68 3425
5825787 41 8872
2782192 88 9265
4407588 63 9644
7680288 54 9459
35055 68 2788
9021894 90 8874
19488439 47 9928
18999712 76 6828
3786 52 1127
28560 81 345
74112 98 1682
178382 18 963
9283250 31 4648
1316614 24 3440
9227553 80 5052
1175890 90 3409
10500 94 2392
1004047 24 5239
136813 25 466
354784 29 3237
340274 93 2878
33091249 88 9009
2641691 25 5831
5842539 5 8087
11863331 96 9953
6061622 13 4434
13241205 23 6738
5024210 90 4499
18194463 43 8342
3675 7 5125
111801 13 5830
1399693 32 6103
1747274 25 9613
1506126 88 8566
344637 96 9838
9202473 31 8020
8796220 27 6610
19135414 30 9586
169282 3 5607
8841368 79 4717
5053705 20 5322
7540032 5 6291
20932 21 8753
19401795 23 6363
1 96 1929
2713058 81 6676
32200 40 637
9759524 30 9580
3672113 75 5346
3924612 63 7020
1937 27 222
15339902 36 8774
1 32 4164
17733950 23 7945
6371130 70 6098
4799440 54 6531
21480 53 191
4608683 85 7689
1 73 302
1 94 490
3382282 83 6713
164576 61 1843
1306999 61 2509
1146881 63 3902
7606065 45 6084
27529159 46 8142
7340302 1 4470
1072677 34 2092
4497481 80 6476
1255841 31 3708
6223125 48 7826
4195010 90 6799
1830837 44 2337
729278 89 2120
7349097 15 4659
1203290 19 2708
25810309 67 9458
165050 1 806
18292637 45 8448
20820596 41 9297
8410 60 6181
31071758 46 8155
3631360 80 5045
435216 30 2404
1470964 29 1891
183712 23 7085
87208 11 4343
1 30 180
17908679 41 7425
1487641 20 3618
1220680 87 2247
182842 72 2510
1153033 82 8276
2966528 24 3173
18932349 77 7191
9898296 39 6397
13670736 52 9626
94399 48 752
10687997 88 5012
930557 44 7941
2666561 2 2844
49509814 42 9956
427400 59 3151
4408183 13 6781
1388335 51 3738
594059 87 3248
3673068 32 4196
89310 10 588
57227 28 1078
3840089 14 6009
1 50 7217
23937480 26 9686
17487588 15 7828
25126943 94 8933
4707881 73 6091
6153227 31 4742
4242 15 2711
312705 38 1675
16870 13 122
8971484 67 5115
45180 24 476
5155675 88 9840
23397671 94 7062
10587947 26 7125
153748 29 2877
10831824 73 8822
13369 31 269
21988 76 482
644154 19 1180
11013542 9 4807
218491 29 4569
403076 18 2889
1899316 67 3386
2301 3 289
3214647 42 5303
6276308 17 6404
14135163 39 7729
2183416 88 3384
16475181 63 5838
1868165 25 2183
555 27 2860
4600767 35 4889
881249 77 6064
18923 4 3019
77809 15 3606
33226 94 6008
13366474 23 7123
3367600 88 3677
2820 18 2561
831354 24 1245
2543458 54 3276
1436609 8 3475
5616 80 527
687696 84 1186
1654906 16 9539
41685 10 1929
3067216 17 9411
6358 93 298
73229 57 8141
1340206 46 1951
8733596 82 4301
11483553 99 7298
150471 94 4087
580601 90 4300
16284 10 1446
19998484 62 6257
970204 96 6578
3693786 71 6460
21929 19 451
41915 46 2123
3937395 44 3172
15094723 34 6023
15049715 25 7742
13667267 20 6076
2571 89 6559
977256 94 2624
4458129 78 4366
1989046 3 5508
638003 97 3024
63667 93 575
12149697 78 8472
667370 35 5508
2965051 88 7314
8957896 69 7174
1742261 17 6683
4016610 60 5675
30437 38 628
2255 36 3660
15855335 62 7420
17502877 15 6836
1523491 95 6530
3112033 78 3621
707500 20 1103
2849334 82 8310
1876117 18 2093
3596970 2 3372
117290 62 1352
1291287 75 3060
3304762 54 2866
3735943 3 3933
10284680 3 8962
8581609 37 6250
346048 18 3803
6831 26 198
4533378 96 8669
22854734 26 8813
33287943 70 9823
7959 66 189
706536 20 4724
795897 88 7008
138404 82 2038
115841 44 6052
1788631 30 3208
6064953 34 5392
66222 37 4091
10496282 27 5584
2258991 83 5115
276073 26 1433
21520495 11 8030
9054575 99 5567
26334 33 491
1 50 2004
9454006 38 6519
2240165 83 8012
8003190 100 8666
15537534 79 6246
4204774 13 4496
14231654 56 7678
29774 3 1769
1171083 82 2131
30599 40 5253
1 92 662
6592742 72 8589
26977546 95 7986
107619 78 9619
2630018 27 8595
14352605 46 7270
1112407 49 3489
3243156 64 6289
38632202 84 9698
891000 7 1239
13519257 17 5523
136361 27 433
3606108 85 2910
3907596 17 2814
75518 49 3047
4910617 35 7897
518214 72 1222
727989 10 2658
9255337 71 9512
21592035 78 8147
2873 38 1259
13920462 10 9031
1570711 68 8576
3385911 97 3544
5901024 36 8122
12146603 89 9610
645455 79 2126
4951614 65 3265
249349 94 2234
175964 79 3302
9258 64 6892
24287017 34 9779
14205 31 8453
921952 35 1357
874484 74 4073
4781364 10 4418
705081 20 1279
2412696 76 2704
10634814 86 6556
6681913 99 3557
124495 92 1463
5325753 91 6754
2703425 73 2575
71323 79 1555
2491658 40 5025
120174 30 1630
510480 87 1288
2451984 6 5799
621231 63 1255
1016324 95 9380
18396944 67 7890
17321670 82 8733
4057554 65 4979
2908705 74 4485
12717929 77 7546
9796034 13 7115
9507777 71 6776
758035 87 1941
83192 48 319
113498 91 1342
53726 41 656
6158990 10 7209
2151076 91 2682
791508 16 4237
95494 36 1702
2619330 7 4325
4839783 83 6055
23796908 76 6891
26472667 21 9980
1001741 35 7538
37876 95 2781
4433 8 38
3273812 59 7230
9142377 37 5705
6243107 23 6483
44829943 95 9815
5197222 40 9804
26982904 35 8281
826200 2 3565
13105093 16 9551
12646272 24 5405
273922 79 7803
18511966 52 7644
1254833 32 1920
14846080 4 8816
8310752 88 8207
679004 12 2899
117270 45 4994
3152870 51 8613
530878 84 3042
3821003 79 5888
10939050 29 9501
25280248 26 8478
11327 39 4251
1 50 81
16469248 45 8826
1464727 48 8639
5328 39 586
300044 40 9905
12802592 86 6483
28204 39 144
4081033 63 7547
10680654 58 5563
24109964 36 7065
3384 97 8332
11812932 72 9887
7952607 8 9499
4184388 48 7614
32045293 66 8092
39874 56 1046
7183249 60 8134
970451 56 2326
167311 42 566
11425530 41 6561
517770 37 1744
12074801 82 5826
11336775 60 6605
10045337 83 5040
160785 69 1857
1708632 93 9012
8724384 13 8243
3892525 67 5267
5785 43 85
5907863 27 6658
47755 8 1160
19179987 1 7956
4768194 88 5894
6518739 34 6995
453893 35 9435
2189174 39 4214
2167552 65 4649
268090 37 5207
27695759 52 7385
1491700 47 8117
2359078 14 4379
8341300 94 5460
9138109 68 4955
284117 4 1270
18837178 50 7488
634122 80 2251
119207 33 1829
1378932 18 1680
147981 95 1073
133570 87 4223
149277 15 1241
19721734 18 6643
743686 60 3352
2979405 76 3932
1249824 47 6214
12897209 11 5572
11401726 88 6786
9383525 76 8092
6442940 80 6469
619500 60 1532
16273 68 383
39951 66 6281
51623 18 1667
345383 19 833
6063647 63 4349
7347961 36 5391
100045 51 3675
38020067 90 9207
6390498 3 9932
129413 44 503
2853829 21 2665
13458138 63 6800
7674757 42 6758
3319045 97 8216
156406 95 843
1262135 62 3324
35690 37 4753
2074869 36 6185
171271 32 2102
5465076 47 5460
7756311 84 5520
595520 1 2136
8851628 24 7963
3788232 28 8014
14521298 17 6298
121820 57 3049
1505771 84 9165
6725278 37 4675
10318207 20 8166
4048572 77 7167
179891 71 2558
956482 22 8692
16160526 50 8645
2726567 74 4151
6336142 39 4710
8805133 38 6681
749722 43 5664
2733117 72 2729
27001337 49 8216
31978252 64 9386
249815 89 5207
33249862 66 9660
2894278 22 8554
11802564 98 6503
11073441 99 5214
866414 10 3348
24892 27 3102
32965 24 5171
327553 2 4114
367169 11 9071
2632782 44 2768
1157355 94 4930
12315452 74 8566
7102091 25 7312
13979888 76 6151
17646049 10 9389
2939607 64 4146
43706091 100 9645
993270 45 2276
25045391 86 8762
98904 75 6822
7809259 73 5734
432839 47 3875
54232 60 256
1420786 10 3840
7487648 96 7258
5613336 48 6917
34997528 19 8390
10801816 75 4631
738043 80 5818
1684819 73 5423
91609 52 701
8933239 26 4346
14697497 89 7255
16779082 65 7589
9060691 71 6189
1506607 23 7195
5649491 92 7747
12862 15 3294
917454 21 1575
22384464 92 9321
1383062 89 2848
9752654 3 7563
7273054 38 8099
2581302 25 5355
12950559 18 9037
246823 10 5577
556076 98 1012
2389912 39 2320
6272 6 8895
3385376 60 5932
543426 86 1587
1204908 60 1871
20182 16 6016
770736 17 7662
20273952 80 6348
42163 93 282
1433761 45 9332
504331 76 4259
4712712 99 4995
23812415 25 7117
7387758 11 4798
3400086 93 4409
735786 98 5042
5291 31 4644
732911 66 3119
223965 99 4408
1695 82 1405
46361839 66 9643
75525 85 8679
12619412 53 5556
119518 72 862
1135024 3 7991
19280203 33 8131
3144886 17 9817
10686422 100 8516
4328136 86 5277
26189687 47 9550
1048647 31 2504
15790943 7 8715
3174993 56 5102
16511203 75 6127
2863112 83 3927
38128468 58 9545
1185383 48 2103
1459346 94 1987
1175801 47 6258
24589589 37 8880
938800 59 1956
10174742 90 4557
6857651 79 3663
264047 65 744
89112 73 3669
2055150 21 7490
25328064 99 8215
2607 27 49
77786 58 6952
1263882 76 1708
7800836 12 4945
27726 1 1857
1 55 901
25822158 14 8033
2355419 37 4173
7651 9 424
318771 20 4071
18361804 64 7537
6896001 14 6709
17507783 24 8592
8568188 86 5500
21367147 46 8258
725427 98 4147
7812626 25 6168
200575 28 2187
11036763 7 8143
2828701 83 2406
4879269 57 6241
13774982 96 5709
3390613 65 4337
1868332 40 2743
684722 69 1381
4080986 4 8952
5683995 27 8031
827585 41 1893
80289 90 1957
9198248 22 5005
844977 43 3085
63567 25 4703
903930 67 7327
443674 40 4054
2295442 74 2103
2304 35 3205
27382 78 215
653321 51 9237
88718 33 9027
6204181 40 3690
1187 65 1129
1642174 15 5341
4731008 67 9277
11149770 72 8360
28880 28 466
411477 94 5466
2514118 33 2522
19192134 76 8318
3720077 33 7432
186816 62 745
3354 67 98
33011466 3 9392
1967322 53 3985
392014 21 1139
3024739 93 5402
16733 80 777
64805 68 1996
1 90 2129
11537592 68 8550
15530694 5 6483
9075 20 392
15452504 89 6148
9201880 27 6187
20661865 42 8251
117485 42 2704
46796244 67 9910
13267033 5 7764
1972340 37 7159
179752 95 714
1601270 34 9445
9095719 92 6689
3415446 25 5166
498729 80 8414
4844155 57 7606
1224277 91 1946
1 69 3973
447257 80 1977
213 67 97
1785446 86 2594
2436332 90 6958
2572129 29 3096
8280 93 6392
10905 65 227
717829 65 2635
15114 23 7115
13286149 90 8367
24511135 66 7062
26186208 12 8282
1312832 61 4433
4662509 3 3152
690183 29 4881
1000741 40 9641
452773 73 3864
6266435 30 4347
738465 18 1988
14999261 77 8176
2602486 32 8417
14887 29 426
10634516 9 7591
2461967 1 3716
21354828 12 8175
3086 9 895
12469635 48 5584
1219993 9 2453
2045592 79 7252
1215536 28 2225
15153 28 113
56948 81 1722
168010 9 4503
398058 77 5436
4657039 95 9804
326914 82 5451
1649508 65 3387
11335502 18 8468
8449282 47 6624
326737 53 1312
10519008 88 6554
12345818 67 6380
3000694 98 2695
3545986 21 5986
1401080 64 7375
9285256 15 6232
9144644 13 6571
67354 53 711
2248268 7 5826
552269 25 1217
90773 76 1141
1766736 86 7645
1997553 31 2255
1294845 7 6159
4791856 24 9214
592427 93 2208
30449069 88 8476
1296192 73 4351
26446222 13 9462
1120138 7 2841
876778 79 1602
185180 48 6490
36354 57 3103
35402655 11 9290
3487127 56 4499
4014808 35 6586
8615423 50 7515
26034726 4 8581
5401611 28 3345
28250978 84 8597
2178898 84 2489
4945498 31 7913
38929 4 5096
3080254 32 3228
27632272 73 8187
1297428 11 3597
1683311 34 2606
296470 3 1913
26557950 42 7320
991066 30 7516
6486985 67 6281
13479632 11 6559
53209 58 6640
593424 72 4202
1 99 1984
16165912 33 7854
382200 1 1328
593475 76 1203
10549917 25 6194
1829369 11 7425
7663538 43 7780
4179231 81 9536
239090 63 8859
3877379 74 3108
2788785 88 3033
6743231 41 5239
6686614 63 9289
18231641 29 7998
234555 26 5518
139076 58 2736
35586514 53 9416
24487271 10 9119
1906 83 5549
1948627 9 2753
15345225 47 7098
5023149 52 7790
1371570 30 3021
149814 13 3558
1 91 560
308080 28 3554
101698 38 483
334505 6 1405
5546400 48 8224
339776 75 927
3198912 90 4602
42097 85 1204
476104 58 6442
23641510 40 7472
737400 53 2025
2223173 16 9703
3495280 74 3583
124006 66 4722
1401695 77 3203
1860853 45 1981
24655 5 1381
4908411 52 4111
10769 100 948
8557883 33 5168
220385 57 2966
449121 14 1468
1467 56 1581
14501945 80 5709
3513789 94 3950
400405 61 2341
26011578 55 7132
1687147 56 4142
72295 67 1528
9229 9 197
14110638 15 7154
265966 89 3159
211174 93 4864
878289 79 7045
39520 90 602
732083 74 7160
17752225 16 8691
24329083 56 7635
6214309 55 5557
163499 62 5529
988751 63 4305
19107 97 7366
11525121 89 8408
1328462 98 8084
847319 33 6962
72766 28 4101
11264537 8 5777
31101 50 314
13968701 61 9759
1429150 100 1713
14577 1 1350
46188 55 1860
6978817 1 4440
23842628 54 7158
712140 35 1401
905460 89 2851
51300 89 4949
15259497 54 8176
3686714 93 7636
9730437 74 8184
8040850 61 9374
267 24 162
1682957 4 2843
180770 84 1103
411483 32 9223
11837622 16 9342
1 88 4187
4314 56 408
44320778 81 9754
14794437 79 8068
351128 2 4522
9458804 66 4636
14071 78 2623
14824321 36 9740
33449572 69 8996
681195 60 1416
46105030 33 9585
559440 66 5101
36217630 3 9128
467888 7 2769
17201 60 1038
750332 41 8193
147589 100 1241
5509592 25 5732
54860 97 2977
476158 20 9155
1227783 12 4070
37096237 65 9660
721359 59 1751
8167 31 64
34648 97 1567
1128511 36 4506
16612915 43 6927
4050236 92 2874
153560 23 5757
4251329 1 3139
263070 17 4708
4748256 53 3925
8093565 91 6022
16966098 35 7395
1942021 70 7749
3835747 90 7020
640711 71 1218
214577 4 690
406849 96 882
116320 33 1716
559008 5 1116
215138 1 4150
13054718 77 5609
15317153 91 6809
1183485 6 4537
8383147 47 6466
1589453 71 1752
279172 2 1469
22979941 42 9091
4474183 85 4069
12497822 20 7747
17481 15 4915
2619807 20 9952
1861 70 4352
8776725 44 4909
1343160 95 7133
28259556 36 7449
289811 56 980
22473 90 2938
17496651 68 7734
51202 19 719
153527 45 3692
3903879 95 6607
423271 55 2883
21535 16 394
21345938 89 7150
672008 56 8631
23542085 39 9712
33902880 38 9523
19777134 48 9008
228828 15 1617
5521198 95 6151
6140223 71 5908
36537031 31 9370
47312 43 1227
2171818 33 5219
47474 7 586
16978915 15 6129
258901 34 1297
20123978 40 8714
2767954 69 5826
38821 5 1404
115337 1 3504
1 25 4317
673186 27 2693
10953318 26 9113
10197849 4 8514
296078 19 2291
7971623 74 4716
34364098 48 8534
9719407 19 5468
321723 91 772
54686 13 9855
304403 54 6330
26549899 81 9404
24902586 98 9529
542126 31 3241
118 6 6197
191108 16 820
5593031 10 3468
530819 63 4115
2576091 90 2477
5064884 41 4766
7000614 48 5154
1471414 88 6441
894287 15 1962
10038319 42 4711
39161 31 7495
67962 33 7133
14376389 60 9734
4403275 42 8984
2184549 74 2838
3643077 64 8651
4508790 66 5754
9732449 43 4437
644994 28 5938
728363 28 8487
264993 30 699
1244809 34 7661
14406932 72 9204
3976 12 7700
2021895 51 3275
8478365 93 7271
12805470 29 9097
76020 48 353
29924886 99 8802
118570 91 9345
162339 78 2670
367867 7 2775
4233239 79 8103
111985 5 9254
7367 1 3095
18791704 45 7180
2368768 19 4660
82020 39 340
3472069 26 7651
717545 34 2392
382 1 258
10579992 19 6537
4847441 16 3695
6372845 35 5404
4037003 3 5649
1059173 75 7287
5412552 54 7634
9616086 80 7775
702612 2 1282
495902 25 2119
260092 1 3835
44205 8 806
476837 83 1751
26568376 92 7489
1210673 30 4025
2221159 10 2321
1266779 1 2519
14467716 62 7980
23069648 82 9224
22569136 78 7172
535349 45 1593
13189435 95 7062
3357464 94 4612
47444 42 905
1568907 63 3003
540634 66 2175
16951633 22 9667
22173617 47 8839
8251471 18 4588
131568 71 7801
20875 17 1911
17376431 55 6798
124025 60 1192
2716107 97 9509
880914 73 5023
5806890 1 7896
3699940 13 5790
674923 51 7548
2472805 14 5867
9382873 56 6367
6571518 58 5518
12261330 72 5705
15729196 19 7513
10156609 96 9197
1 87 262
388625 71 4325
21272404 63 9550
166721 71 3167
29930848 44 8892
973469 29 7075
2895139 76 4478
25146104 22 8734
258128 32 824
477676 3 887
2732913 31 3294
1735129 96 5630
22433518 58 7044
7284390 66 7857
24640548 72 6972
383071 58 1397
29557 36 1589
11683259 34 6168
1677173 31 3954
1901186 12 3665
11656175 84 7180
219216 66 7063
243877 64 2107
62180 90 1795
1204262 84 5017
530088 78 2420
3609415 71 8282
9270064 19 6073
34343684 64 8587
252044 81 833
2032965 54 4117
4984024 47 6619
244809 62 642
752104 85 2435
239540 49 673
19068207 39 8169
19614 8 7854
113119 14 990
4060910 65 4344
1 95 9198
5072100 80 6166
2850533 41 6753
46258 99 375
3457444 38 2653
1862807 59 4365
33394175 83 9274
154291 76 2139
14099913 86 6908
530374 92 1110
9778 88 2150
197520 54 1136
6356737 73 6889
23794507 55 9833
20572108 57 8176
7817288 25 4219
7130488 83 4942
870317 27 4689
27521855 82 7951
1128311 56 1886
120073 41 2987
4160 52 186
43 2 202
2786959 3 2265
998715 20 2206
1870412 21 4601
1762059 33 5128
22435244 47 6806
4397983 84 9431
8111 33 1810
15346 14 302
519902 88 2088
19224111 35 8776
3227859 76 4634
7913848 9 9874
1893 6 1016
592023 85 3276
30136 85 161
2918339 15 4540
10866016 77 7515
410424 54 6335
9324 12 271
5793852 6 4267
1375576 87 2968
11059291 64 6783
21456 67 4884
16458757 24 7100
2425520 74 7187
2687476 84 4350
210513 91 577
16300091 46 8437
10850057 32 9306
2373537 70 6631
32898 61 341
5367863 8 5763
1323827 66 2629
1521672 65 7703
5901193 60 7859
13187551 61 9828
337566 40 1483
6491242 2 6255
1136987 3 1567
11009476 82 6552
1564946 80 4587
327731 98 1890
55241 68 3551
344382 99 5829
323338 42 3187
455355 78 964
5355098 70 6587
163227 57 580
1571717 71 2361
1 78 2430
10226398 5 6312
19376146 48 9245
4420460 46 9422
2907 86 5121
139900 34 1684
572281 7 2013
737544 21 2625
4423 52 443
737447 7 8059
4078570 85 2932
19929534 47 8468
5849851 34 8236
425892 3 3205
41373482 74 9228
1380560 74 4291
110452 98 4778
1460 23 883
7612868 96 8046
11087033 55 5674
43896892 61 9884
42355 6 236
50730 25 255
8447896 53 4440
3075769 46 5972
1096047 88 5121
109051 22 641
1 91 110
2083070 8 6541
5487353 75 4422
96464 43 1098
4622011 71 9287
6099606 80 8178
953022 91 1876
1007899 31 3742
2733420 72 4032
1989359 62 7007
35120850 73 8786
421689 19 5928
46773 30 4722
758729 76 9149
854269 72 7415
10296435 85 8690
40176039 81 9114
23784690 75 8881
23716591 21 6943
493970 56 2423
1166756 76 3144
856437 40 3953
14413 9 2330
4203138 83 6545
3036430 70 2627
6609550 24 5939
25874 83 2080
240377 56 6594
17623958 12 9557
4420822 9 3409
1520045 81 6086
753704 51 5003
2006186 58 9886
2392697 16 8321
22933 24 2938
6524063 62 3580
7725956 72 6404
320010 39 6689
731748 78 6883
4261465 11 3511
5769076 97 8542
16725485 31 5803
14189979 16 5861
1251935 11 1678
836470 100 1218
44198 60 684
107157 36 2373
7841765 30 7255
11984849 96 5159
3462803 38 4578
1825108 81 2355
1562123 70 8770
1476127 14 2700
1814345 13 2483
4571238 65 4329
7064 4 322
7203082 16 4792
5469660 96 6196
1875066 48 6979
11875310 51 8852
661310 41 1870
50685 1 2288
1 94 1602
1084233 28 4751
31820 53 8846
807892 4 1759
2925 31 37
13350512 20 6790
140710 69 482
10539721 11 5893
7034332 51 9137
4892881 7 4757
40894 15 3085
1927349 9 6382
1933446 40 8032
5680815 41 3810
9325504 90 6093
7127587 7 6622
202030 23 866
14640 42 971
4586963 33 8118
1494142 35 5108
40920 26 8301
6710781 88 6214
128356 72 4196
117964 49 1717
5136486 68 3174
12338591 6 9199
2235155 5 3178
22613598 11 6668
1121724 25 2595
16075411 60 6269
2247613 100 6486
1157814 70 3519
5586835 53 4764
1687829 82 3200
17940831 21 9168
15053 89 3729
4307 43 4849
237439 11 1621
688683 84 2140
4105749 21 4376
1181048 35 5361
28087438 24 8339
153607 17 819
57 20 856
3475458 39 5284
3359795 5 8492
30162731 47 7710
9439863 38 5181
19533703 29 9677
10086451 48 6175
3141260 42 8813
18844 55 168
7701850 76 3914
917084 84 1568
183982 44 1064
447184 44 956
22474434 16 7352
1064670 2 6712
1075285 12 1568
711068 99 3079
52534 24 755
9074647 98 6113
531608 62 9954
7735077 87 9925
12948647 15 8415
49506 48 6990
3228268 16 6350
29324964 44 8509
459208 48 2534
16633526 79 6691
14165038 59 8231
1272926 35 6664
458744 23 2323
8787 66 233
1405594 26 8919
3625028 28 7052
53100 47 4795
1 61 1782
890066 60 7026
3424121 78 4065
9522021 80 9712
28316 57 2706
1 42 649
520611 16 7011
19592847 96 9146
9942140 28 8351
27617790 81 8286
327704 56 3829
10967730 10 7731
736774 15 4852
1740295 26 1872
45748 94 711
21947351 57 6966
601185 82 6695
969381 8 2462
4040831 37 4651
33426 3 661
2059360 5 5496
9756599 72 4710
5438737 94 4770
1017746 62 4585
14560625 81 5651
16067574 32 5598
10549077 47 8172
858284 32 3472
9167528 26 4291
3917152 8 8141
96292 4 1194
1552793 24 1884
203428 27 6907
26759 81 877
3323746 9 9632
5223851 23 7894
923326 81 6315
1034399 92 1557
17902093 5 8653
634732 86 3059
46630 80 8135
18230 70 7394
40082610 17 9809
139297 64 2890
6468242 85 6048
6259997 33 5722
13517961 19 8161
3436 64 1987
605879 15 6359
1400736 8 8085
817377 78 4492
4152190 87 8614
23111260 72 7159
311386 10 7658
47492 35 3183
1682793 67 7442
47664 7 1294
24274406 72 7444
13077 88 1583
11455223 30 4779
407956 97 1695
63766 54 4436
11284467 96 5119
25426028 95 8821
6981313 67 8262
14023297 6 9639
22500506 40 8492
471656 33 2493
1487994 96 3142
684332 57 1239
30057063 12 9219
1529658 73 4341
9797614 81 4854
57672 24 822
18445169 88 8441
1254221 63 2751
29921 77 1357
2485683 32 8076
2025838 37 2871
3558117 19 9524
11299462 43 6183
1016273 85 5862
16568756 15 6543
5554796 24 3861
185157 40 3241
2022811 68 3225
200715 58 686
1808994 72 9571
5230655 18 3739
9140795 4 8238
211186 65 5764
7879868 75 4333
267945 35 2015
3457455 90 5246
33965 77 1949
901855 39 1410
1021004 82 2080
7806696 91 4928
5717753 99 7326
2129081 75 6799
3668322 81 4015
1 47 763
8108011 86 7255
1 44 2299
1342386 43 1867
24143490 51 7367
404764 68 2913
380343 3 8781
239911 92 625
3762 79 2764
23438733 15 7666
4305840 65 7336
14889348 95 7770
9627954 37 6920
2093093 91 4565
118900 33 471
6676890 64 8123
18748099 9 8158
2750451 5 8444
49216661 83 9841
60435 51 1114
16368943 73 9125
351077 97 6490
963955 23 4421
15418 80 7652
2151617 64 8337
36302619 21 8445
16661 65 1581
32357915 28 9205
499981 95 8111
9762133 71 8016
91034 36 371
5789068 79 5416
1193617 10 2219
15325084 68 5695
1598070 2 6254
6122979 90 3634
570114 53 1722
7913293 55 3970
69025 21 440
32041869 92 9223
6509 98 6137
334800 97 1046
7733050 4 3864
14521181 82 6392
25772208 78 7888
481782 52 2716
218236 34 2882
1430063 17 5384
11882623 36 5916
1938828 54 3386
2514669 44 2415
744931 62 7269
9629509 91 4374
283920 16 5193
6552 29 1454
19131375 91 7831
46677607 90 9607
1869622 14 1972
198559 81 1508
811114 66 3289
9913557 9 8916
425542 50 2919
1227381 28 4903
1837701 17 4177
1685618 78 5620
10541191 91 5731
12192332 46 7127
73341 16 1736
4246016 28 2949
43527 39 621
6976452 76 3781
811746 31 5975
2097705 49 7116
31232 11 999
21777 8 2445
626886 84 1461
4802730 10 4099
76902 54 1963
2128008 98 2723
13617772 28 8095
93758 5 4124
1118978 46 6671
13577813 16 5266
21679707 41 6622
22964931 82 9409
866777 72 1396
15126 61 728
1268211 66 1965
5552169 64 4079
2289658 61 9520
25594 39 417
78798 52 9258
8120356 27 8554
6313977 61 6106
1224400 30 4453
12195 94 237
2351349 42 3921
4877379 4 4379
116256 39 4042
19190018 60 9762
152628 59 496
951124 36 6252
9624175 91 8472
19731271 43 9671
166531 66 1797
307180 99 4105
1549616 16 7930
16314719 32 5930
7076351 90 8131
21852170 98 7907
266572 64 1015
3538041 4 5502
6126515 100 7000
1935 33 9657
12493462 34 9789
11064 31 5058
1 93 6025
15837849 6 8295
3650438 19 9480
328500 27 1521
6028653 34 5445
4426801 81 7707
91079 87 9673
1047484 62 2767
1755350 79 4874
2013916 91 9529
2661464 23 3842
14514 78 3048
5822341 92 4486
10934961 50 9723
18847144 67 6363
148284 47 9426
310051 100 976
7410842 12 8060
3034604 18 8978
32876820 11 8562
1 52 4880
894603 88 8212
25304489 55 9047
36175 86 4642
6584194 38 8052
197476 96 6899
5040766 2 9565
210620 2 602
3672571 40 3403
4346800 86 7843
4220369 11 3581
157426 27 746
13560908 51 6657
22686678 82 6789
616633 1 7137
156931 82 500
92731 94 2550
6938 98 1038
872182 21 1838
5159562 32 3804
486075 35 5788
22831503 87 7134
9631607 50 5125
4586485 4 7593
878479 1 1719
10997554 51 4657
708514 49 8932
4073489 94 4801
652 6 3999
682140 42 8353
10349420 8 6431
4008190 61 7932
3007894 58 4319
2274037 25 3091
11104 94 7291
1000703 8 2169
21329160 74 8241
2829080 20 5172
81810 12 886
302815 67 6574
14932 43 551
19920450 3 6223
3045785 25 3388
7721925 23 7837
3931845 76 6716
19318489 39 6233
1 70 5124
556222 16 1668
13130 55 695
1380758 62 4074
12575898 35 9972
1274516 90 6276
2419514 7 2136
5404135 23 3712
5009948 58 5644
196963 55 4268
8051722 20 9812
279730 38 3063
2981341 24 4046
13817912 75 8953
618773 18 3601
16256744 87 6517
15987941 5 8438
10259432 94 4500
1 30 3147
446695 21 3252
126179 16 4665
33757 25 3007
1 82 2349
1279655 62 3105
36749 54 6065
11680 28 2154
7409 40 1539
6688784 88 3598
232875 21 899
162442 85 2785
99249 62 523
16645166 93 6870
37999 55 1001
6822147 45 6006
1114133 11 4871
16818380 35 7583
446539 3 5275
90209 39 3632
23799466 94 8842
7062261 44 9243
37801139 64 9699
948014 2 1756
1636682 54 4209
152003 5 1435
15178 86 427
1588833 58 7544
748485 43 4063
6808 87 1699
11857959 57 5368
3734539 61 3622
218796 63 7736
6262282 46 6644
3191797 51 6161
1513366 9 9639
33421 19 577
16328425 76 7044
1318181 64 5524
19699805 14 6791
7410194 67 5043
30759165 8 9242
504766 19 3177
1012566 77 7256
6262 44 2928
904086 21 2116
3303 58 199
9929029 43 6826
13340 68 8389
167579 59 1869
1 80 756
1879 65 3123
2595550 53 2839
306911 37 4521
4847309 98 3501
590165 85 1079
154295 44 2243
35351520 82 9258
860 21 2103
30315481 61 9828
307348 88 745
6992922 80 3786
558630 10 1483
2409 30 2414
6277484 5 5552
657324 23 5119
31051527 84 8369
258553 64 3409
1 76 3210
498980 100 8222
2200777 41 5306
3286942 91 3923
7708601 91 6375
3346258 88 3298
613249 55 9154
11172556 91 5128
2924579 19 4044
1106062 46 4829
6551 54 154
9576455 59 5850
8496 49 775
12493573 24 9004
867968 47 8827
1108992 90 3154
19609910 29 7914
356457 9 4095
282594 79 6791
4687177 47 8403
520191 81 4511
18246429 51 6328
6885250 99 7075
6500344 84 8950
18878474 24 9378
834031 54 3468
6329671 26 5755
18831204 54 8146
5416225 57 5665
9586421 53 4962
1813236 91 5808
54816 31 1953
726688 57 1603
16241099 27 7690
29298658 14 8820
85708 64 2041
3035245 46 2557
376498 18 6268
5064977 33 6014
6029632 95 7181
1707519 58 2752
3315 53 480
1 77 369
463598 34 2665
1970863 75 7637
3947032 99 2986
1 32 3149
1490531 50 8632
1708149 59 2520
343656 78 1146
6220270 68 6981
332235 82 4683
5663555 28 3452
4081779 75 6301
25373236 17 9713
17565729 19 6391
506429 47 6604
286029 19 790
788940 19 8198
8031930 34 4602
3873776 35 7392
12459007 66 9892
13516879 85 7885
2478870 25 5958
1811793 15 4005
11713349 76 7027
385908 45 2897
745833 16 3701
9006146 96 4692
4062645 66 8125
26318 17 1566
7007066 50 6835
2095097 4 7402
4291124 52 7095
14318172 65 8057
203998 16 3347
3020180 65 6010
339662 37 1206
12605095 53 6622
5855150 55 4861
22829708 30 8661
14138399 8 5888
16201611 2 7753
2409289 17 8574
190037 22 1058
65088 99 8013
8490900 55 4875
11009577 23 7094
6539820 68 4082
33280944 81 9078
1973390 88 8510
2033646 59 9497
3041912 97 6116
803901 48 1604
18987553 18 6981
66022 47 1476
1 91 7204
6441978 53 4870
23427 100 5173
58936 21 1569
6123191 40 7215
17942083 52 7503
178665 68 6338
4931616 54 4177
3804 35 2577
11256128 60 5575
47107 13 2471
1931520 78 6489
11677627 25 6303
10387366 81 8685
2079784 15 5422
1941243 83 5157
26662461 15 8680
164250 16 5458
4056658 79 5292
685677 71 2681
6089806 15 5217
43092 61 663
10143 27 1259
2057266 79 7818
17880709 47 8639
1972012 95 2346
15456313 90 9880
394882 71 964
6162418 95 7354
12317 52 8101
36505 54 3170
1429449 54 6163
17760182 47 6181
1 89 569
196280 20 1562
140629 89 1103
18119223 84 7520
448801 27 7408
99630 7 436
3463130 36 2989
15521267 91 7415
52167 97 969
811074 70 1869
923877 65 3258
455552 21 8190
5428776 37 9126
16143997 71 8479
92345 87 1173
5054133 81 6654
10663 56 93
1854459 55 3663
25709388 85 9175
87160 37 795
182045 39 2478
5821849 82 3596
377807 49 3059
4697641 26 3064
2429014 9 3389
604058 53 1372
10287835 14 7179
623411 45 3775
339 90 1944
664544 100 7212
10056582 15 9016
31635 45 479
51730 26 2135
15282 11 102
11456157 97 6333
772115 38 1433
844721 55 1209
23025152 59 9702
3073220 91 2646
10131349 2 5892
3413010 89 3342
10983454 88 8569
16028898 54 8478
6878237 3 4412
1822077 98 7579
17344077 50 6228
789504 14 7225
146974 83 5260
2783645 20 7134
18266869 33 8917
26101701 95 8205
3313698 88 2833
1728245 11 8599
32233744 68 8109
2162170 82 7765
547528 34 4090
2276154 66 2313
24998707 22 7443
1 84 680
749451 70 6789
2003706 26 2631
4212290 79 4935
5662626 26 5013
26103474 96 7804
274725 98 1063
1818 30 322
3933112 87 9567
592969 19 1071
1282904 9 1731
9525357 90 6713
40194341 53 8886
20603000 29 9991
8723978 10 4169
1176316 44 6242
5961965 91 8015
18716413 74 8115
16839 8 86
9366 30 224
13365 9 812
1 94 1048
1 96 1160
15835570 44 6038
24149979 51 8494
1250404 34 3765
539274 35 3863
3135252 100 5836
1 84 5227
7735777 10 9142
239400 26 1785
370409 83 1081
1 70 201
93565 35 1148
6610484 31 8549
152075 70 677
30526285 94 9473
8293749 58 7993
1768140 18 6832
40472144 87 9596
194649 77 4936
9442641 29 8048
408026 76 2374
22884490 87 8475
1288733 48 8474
1070747 41 2073
3365007 97 5624
2616004 50 2597
29281 33 204
3618111 24 3539
6339888 96 4872
1 55 2468
1055464 23 3269
11706222 61 6791
18826239 36 9385
29126933 31 9907
46573695 87 9637
8077378 1 4755
146885 28 4773
2545734 90 3292
442422 30 3817
1 85 1192
10268318 48 8286
12345420 67 7059
6191259 6 5939
55549 77 3996
2086245 28 9650
8187212 96 7477
38267266 54 8985
11094109 18 5096
24259468 42 8973
304961 56 1328
6354636 9 8966
1180 85 5614
88712 90 4944
9758165 33 5793
2112857 16 3665
1811841 48 4659
10036817 93 6191
3954562 92 3174
800916 23 1276
69617 42 429
1108002 37 6614
6654565 39 3728
12742208 35 6722
1952537 49 6405
10457948 32 7124
6690228 91 7573
2894906 51 5914
1401729 33 7710
420936 97 1941
13897314 69 5901
1322696 35 9557
14515524 9 6884
30129 96 173
1354728 94 5456
23810528 96 8718
2871856 4 5042
16898293 12 9086
24265537 7 7324
83507 57 470
190833 28 7959
16765 9 9659
227 14 171
869521 32 6434
8913161 98 6299
16173025 34 7407
18623436 13 9117
4763096 63 5614
2801852 92 4243
289759 29 2550
3214689 69 5136
7278048 5 4760
1887905 56 7105
41530 2 1970
1557705 35 5591
7608167 37 3844
7060797 67 4800
44992949 90 9736
570566 63 6094
7651105 30 8120
13612675 80 7869
5442 88 488
16844922 41 7467
474357 12 5366
12133 43 1853
1703128 34 2857
1658258 21 2261
2995528 75 4876
6230655 66 6185
5567330 12 9907
1 98 7399
241582 47 2408
24492043 50 7755
7435191 34 3827
1000 22 206
11920 83 925
64177 90 815
7016304 77 8714
46869 41 346
796532 77 7580
6258145 53 4733
11534050 81 9882
5843429 64 4439
2126988 61 9801
1 60 356
32287627 5 9944
2717956 54 9826
457057 54 3023
2120 4 1887
17058 40 198
51080 54 1365
2656461 2 6387
5742329 23 3443
2404022 20 7228
21765561 82 8436
15190360 96 6160
15741255 100 6397
319710 85 1785
339413 15 6882
121410 62 3568
13294822 83 8653
20957 1 3168
41221221 79 9281
13508 14 85
60281 11 756
177788 75 6365
2825223 45 8317
46771747 25 9767
6286075 61 9496
499032 29 4265
78884 27 1329
22825635 69 7192
132088 46 432
82 4 2161
1354364 23 6970
10605526 95 8387
3209568 46 2831
6653196 78 8582
538026 40 2194
5848492 17 3495
1618241 88 1962
17676736 41 9665
1032987 22 1696
1 66 880
243198 96 1252
7690143 92 8776
4813598 40 3652
9322 28 402
606488 58 4662
10585230 64 6562
8158536 36 4743
803330 30 1716
977 28 1353
5110286 32 5205
43968853 51 9406
2067704 95 2681
4682793 75 6837
5607 37 8540
85017 50 395
37628 90 425
3137944 53 3288
1014931 46 3445
11722114 44 4857
2259432 59 3454
15023131 83 7710
1057550 45 4874
27268160 26 8166
8811502 44 5760
15135 57 237
289510 91 7217
42350 64 1487
803592 93 2481
13831104 26 5793
676168 2 8866
15025338 56 5689
14588795 6 9086
378213 56 2111
171074 58 3612
25434860 63 7045
5942705 57 7920
1603127 36 8973
24492055 38 9638
38077047 45 9756
7298335 67 3744
68029 44 2406
14226921 74 9735
21596445 83 7454
41756 76 253
345916 25 6954
5597 10 554
80055 44 4242
22084 43 9190
10187 58 6819
4484673 90 3549
265669 19 7411
4330122 51 3505
6885167 22 5764
529243 63 1669
722987 51 4178
1156104 39 7688
187987 55 2643
2121488 87 4289
2396767 85 8459
44591 53 6265
79233 43 6669
252327 88 4779
24976827 48 8849
211169 79 8158
44066730 100 9597
100524 33 779
1500925 41 8368
3692 50 764
8768807 55 6214
389305 9 8366
1 61 198
156331 27 544
13456309 79 7340
1711673 43 4854
7662148 25 6063
8239579 50 8232
18321463 14 9305
25423606 97 9123
20345741 12 7538
117169 46 548
4842 69 1163
31714 22 4431
665330 16 6274
651150 79 5703
23395401 68 8253
589246 47 2063
12788027 66 8445
1142104 45 4592
5635373 45 4013
232396 8 9624
4019914 49 6488
481412 26 6426
2285115 97 6200
1302151 69 3298
38098 22 2056
13630518 29 5551
309960 83 878
2234072 61 6861
954388 4 9835
3295891 77 4987
1978967 96 3477
3787467 48 5481
63370 36 3772
10248712 24 6216
35860075 37 9103
11277001 34 5225
28071424 72 8476
961982 40 2202
2955768 52 5963
10995909 55 5091
13340967 58 6874
14092 82 1253
3192472 100 3559
16677705 45 8131
123956 5 2693
16591249 63 8209
1517117 58 7897
614972 84 1067
3405062 89 5410
9915912 44 4950
4020338 82 3060
1780908 13 6473
585099 29 1845
22450629 55 8111
3925292 22 5784
4822978 63 4154
400345 64 4014
1861551 15 2876
1096544 81 3788
2295770 17 6447
91241 75 986
79419 9 5463
368337 25 1314
163944 20 4700
26422 44 1192
5075669 77 4091
3425712 100 3028
2517 43 162
7292129 83 6998
4676172 89 9386
76563 93 7037
1 79 364
10233644 18 4654
31313239 59 9308
3373499 77 2692
5331880 89 8837
449312 77 3611
223282 17 3737
205257 22 5895
36583612 29 8676
1650569 92 2086
12783716 6 8748
48448 22 267
3435303 42 4604
469858 7 1338
370229 90 4552
1377659 79 5372
20878203 3 7009
1058881 60 1505
17255124 35 6914
947174 56 4859
4792020 25 6361
24723834 53 9827
324711 61 6002
6048192 53 4914
17233 74 4197
477765 33 2644
6145235 39 7567
4826350 17 6585
11438755 18 4761
2506447 86 6088
1195760 50 6607
5314347 82 3968
115423 21 8339
299290 95 3168
58968 68 1137
3738656 11 3994
8374312 36 4858
44805 25 1141
696725 14 1194
1 98 6137
1997913 62 6393
192096 57 3561
8619413 91 7821
167130 89 505
6331825 1 4557
10379582 34 8407
1164205 29 7396
1024931 38 2084
1216978 41 8361
29125704 71 8245
1462657 73 8994
561045 85 7802
195352 90 1185
2677819 32 2227
1168350 33 4705
10552 83 1795
1060 93 3120
5493111 60 6369
20486701 54 6377
55349 58 279
2106622 72 2987
292392 34 1851
679337 45 2565
17089517 61 7904
5574933 5 7193
1150159 66 4114
97140 33 2476
39667 22 192
1688588 33 1749
44604025 38 9584
9110560 46 5278
2357433 97 7983
1088589 24 4970
52293 19 440
12504352 29 7318
3030427 84 8084
141846 87 589
15484035 86 6618
11161458 88 5429
11956373 62 8045
26634170 97 9749
14310555 75 7929
3915413 69 6091
44826 10 2382
153223 98 2743
12839350 3 5756
132398 56 6801
796446 61 1897
4633768 55 7414
23042301 15 8919
761484 76 9019
8578 46 7894
5948952 91 5267
4695490 16 9031
8085888 100 9669
824317 33 3313
11342390 54 6488
6896147 69 4877
1180908 54 2409
4889822 58 6347
3676084 52 2715
6713732 50 9103
69205 97 674
467724 74 8422
50147 17 610
3093492 83 2640
8826389 96 7024
130778 91 2044
45483043 73 9926
15941096 33 7163
32306 36 1841
6172296 31 6684
11598190 92 6780
949543 87 2297
1133923 79 1529
862374 99 4240
6687402 59 4531
36624937 51 8634
349688 4 3715
557264 69 3388
264565 23 1451
1702 55 5907
888633 79 6294
46240 90 1757
559625 70 2953
3988055 70 7681
2151566 21 2667
1225576 84 3925
679820 71 2781
28489546 92 9454
1724614 56 4906
43449839 47 9882
2485960 51 2732
1764986 73 4271
11790 20 1170
10215261 37 9116
9555 57 2982
230610 26 1280
24197 16 1667
20063713 71 6577
20448504 55 8054
14339278 62 6064
2223 36 4819
3053958 25 2682
4297128 80 2957
31134 34 634
20839883 47 8825
219127 37 859
30321 19 9728
1647468 27 8767
40475537 85 9233
52772 59 9322
11833778 67 8561
159853 67 592
10783899 17 7554
255435 84 828
38585945 85 9918
1432478 36 3550
1718851 39 2757
17962484 1 9794
1246963 28 2500
34157 34 2581
22251 86 2155
654645 9 1464
1 87 743
4247931 64 7622
6100 36 3179
36874292 6 9954
12 2 7
348417 15 1479
75790 98 3587
657117 92 2511
389542 51 7540
14327675 34 6425
5025626 12 5533
1016506 21 5564
1141854 92 3548
217595 71 3349
15002921 41 8375
2710547 65 2641
967294 36 7219
114756 56 1916
1033476 51 2919
583 14 225
10019881 18 7869
7655017 99 4757
85654 53 5640
2760678 24 9452
16072329 78 6222
203861 11 557
6127540 95 6762
730986 79 6060
181647 40 1245
312944 42 9063
440484 18 2716
183198 74 847
253342 8 4671
1 40 87
29291369 69 8857
6075677 49 3795
6089898 8 3714
17750728 15 9756
9122962 99 8305
8747 76 990
11335527 84 5416
191596 43 6585
30870673 9 8262
44975 71 3786
439841 60 1146
14676609 96 9481
11497806 4 4769
1 42 2895
4649135 64 3236
1015012 5 9976
1413556 100 7292
891450 8 5843
9405501 47 7352
121346 63 9501
95141 3 7916
9919493 41 6654
7208 30 469
21756719 10 7151
6788179 86 4210
23956268 32 7952
4235938 61 6740
23638 66 4988
1121734 65 6451
12796873 64 8799
6333067 23 6332
29843 40 335
4337287 46 6681
215 2 630
1521056 15 4592
609704 82 4804
26539 68 1367
1091480 55 2806
34177451 21 8589
685843 16 2905
12279878 72 9487
2651980 38 2556
9334098 63 8606
627707 85 5720
32044939 88 9198
35733 65 1795
12121 53 511
2811441 86 4719
695378 48 3909
1079806 16 2577
267129 10 931
3778228 47 3598
25062276 20 9653
5088979 72 3445
5462940 76 4089
14153375 8 9529
2068081 22 2765
14933606 59 8283
219330 23 3983
26302472 43 8979
11649847 93 7205
1256091 15 4159
2990058 31 6716
8821287 59 6783
2052451 6 2222
179457 19 770
4588893 89 8666
2826023 36 3945
8496221 84 6386
455389 75 3731
1194688 91 7749
834402 64 1194
12967300 73 6264
450573 84 1536
3607133 15 3466
2510343 91 6161
50566 14 585
5200 2 511
16609706 63 8507
1327307 67 1912
139448 85 5042
1 90 882
49443 60 4650
177685 4 2015
11645287 55 4833
150292 53 1691
827068 16 2429
65911 56 5422
1954408 80 1975
54210 39 406
3784590 52 4662
5079903 46 5079
29962176 39 8141
1160061 79 2361
5672139 19 4883
9705927 50 7992
2018213 44 6708
301761 44 1825
550314 64 1323
52267 8 2727
10725285 67 8371
7562720 37 4838
318561 62 6402
22309 95 836
4313213 86 3387
818 8 1653
1074520 47 3597
89494 42 765
334093 40 4073
2179584 26 6617
17504574 61 5894
1453127 43 2107
16324718 66 8559
1651260 29 2070
11648177 24 5931
7726772 24 5032
620998 55 9280
1706174 5 1952
15684107 56 7545
53477 16 2275
27895 48 296
33932029 36 8279
2969900 88 2444
100123 86 1301
26077404 77 7902
14133400 82 8605
1999323 3 3544
327809 98 2229
34315975 17 8353
5892667 33 8179
11762 50 98
213081 45 3171
140997 78 7909
4294092 34 4270
38952 66 384
21636097 55 7567
108727 92 3975
27791102 74 7843
18044492 7 6802
10795 5 79
4169664 78 6810
4847 26 1160
6643 20 30
254606 42 2413
1025601 33 6191
90620 69 8394
5444340 97 4740
1617912 27 2202
7553787 96 5797
6442647 3 6440
9410764 100 5851
7403657 67 7105
3307724 82 7042
1960121 68 2643
34926 1 1123
190494 99 8976
16515897 25 8649
23400942 48 6849
5128954 3 3247
12413786 86 6646
150404 13 7327
1284396 89 1508
1824130 42 5636
6120738 32 3629
684802 82 1855
1711819 9 7714
1500048 10 3538
1 64 208
11448434 1 7338
177716 52 7345
176539 76 707
646420 52 4345
21568451 67 8828
12917543 86 9915
25535048 93 7932
110293 60 2699
19519745 77 7231
257693 31 2185
6420981 30 5255
1644521 41 3928
3388677 75 2593
610425 49 1453
169092 42 5243
4424868 53 3161
95627 70 4276
265602 1 6343
4334759 70 5278
409641 98 4139
90893 15 669
6772707 43 9450
3528203 83 7555
541371 96 5818
4758314 82 3804
1607 47 2928
2486473 18 6705
2127745 52 6924
329457 51 5621
144793 25 2266
53382 9 532
113868 97 2051
623108 38 1380
36484 97 3013
5080158 14 6113
18414889 48 8722
962100 49 1304
946752 41 1558
4362069 85 7970
1098 2 9009
1414052 79 2346
6172705 78 8335
834532 64 7969
2396682 91 4990
417224 41 1558
3425005 47 4711
6925893 43 5998
7639632 6 5006
4063037 75 3772
31997293 66 8997
118807 38 8193
595552 8 2077
1 42 1808
92551 40 9718
837436 3 6049
6269830 55 4848
7272531 13 4106
5682041 96 4478
328991 33 5309
1579311 33 8228
16959048 17 6391
3837132 51 5451
747701 95 6984
3006195 72 4753
410770 97 7951
8450053 91 6900
11845457 1 6902
3166174 74 4931
193 45 5198
77469 65 3873
3239416 8 2740
3462 53 1674
7357902 8 4379
3664693 66 3931
8411133 70 7174
4776539 40 7355
8827551 6 9985
4669936 54 4010
13929 14 851
22318962 86 9251
4069039 34 8650
1366176 28 3542
217927 91 1174
615509 100 1283
17958677 16 6504
1 94 1399
958569 9 9355
8836640 66 6859
11399021 46 8306
578624 70 4752
1901649 100 2540
2645207 34 3117
1049380 50 6984
171471 51 1620
23353889 35 9429
187316 77 2112
10106776 2 4587
3141829 88 5607
131284 7 2367
3128307 88 6188
16733337 97 9892
117938 77 5869
288021 33 2517
15911197 1 8729
14391976 21 8181
432346 58 4708
8407597 53 6404
2101 28 58
33326703 72 8271
8042801 75 6382
1942797 99 2947
11091031 24 5566
11029763 63 9319
3180858 67 8422
24819 39 3928
831026 3 7937
4813500 71 6929
14076867 5 5674
288408 83 732
2158108 45 9504
18499 79 1466
272592 41 1116
3133895 99 3488
408971 22 2339
2833990 55 4522
231996 35 3250
5999209 91 6900
393550 98 2992
199 11 1542
2159660 12 3060
133515 34 2754
21072874 62 6884
450671 71 7647
17242 15 870
376880 13 3272
9469 75 7761
11396889 41 6051
8450122 58 4620
1349891 7 4016
2982664 61 5014
1 30 7309
55919 32 2896
125717 33 1985
1401904 30 1630
6648002 2 3804
6163143 41 5895
9756630 57 9443
25685 51 1586
8988996 92 5347
484209 91 3112
1825162 18 3070
30517501 39 8132
18498816 32 8810
1605508 5 9365
100858 56 9811
2862104 43 4882
28239555 14 9589
1387357 100 2485
1738212 78 4007
7598367 53 6628
6913316 55 5043
372839 74 5597
1903469 53 8353
2574595 42 9709
197559 79 5709
634648 99 1991
14588476 48 8013
824576 8 2909
1556 22 3287
1852696 47 2087
290704 42 1807
26587744 75 8512
1500420 36 9982
548566 37 2733
6039736 36 9172
448254 59 6942
11983444 1 9760
1363379 28 7863
1067850 99 7660
1121107 92 4451
286362 18 1048
18822309 99 7845
874962 78 7697
7329367 88 7684
3048731 86 3946
179053 78 3007
19166 80 9183
1893082 1 6397
19445474 79 8418
1847524 69 3486
501709 67 1219
10517282 52 6241
156055 7 485
5359719 72 8060
23704212 41 6857
18107609 75 9165
469318 91 1967
209239 75 716
5481520 70 6694
6160541 91 8139
336177 98 5543
876937 59 3121
8790509 65 7252
176175 60 555
2475700 51 3176
1549473 91 9215
116118 45 1327
5952988 45 9450
12561894 28 9188
751583 21 2492
38669 41 3340
26677105 52 9793
24598744 64 8044
483837 74 940
81965 44 1192
722882 26 8788
3876441 51 4544
532538 77 3589
128512 14 1098
21469261 87 6673
2367931 85 5031
4668600 27 4525
16730941 16 9490
179754 57 1054
79540 76 2589
2216092 38 3742
7054073 20 4069
7178462 74 4666
13524133 1 8859
145731 26 1598
1 36 780
12160351 69 9419
6812094 37 7471
1 31 109
45606451 89 9640
1191356 12 1543
613974 37 1929
8439 61 350
725559 33 3229
16181310 91 5792
27094 70 2653
708935 3 1232
32577179 32 8090
21724455 39 7184
16798 23 938
11107 7 607
1814 64 411
9359446 2 7342
256983 3 3271
32422886 16 9775
3958932 21 9776
10552350 19 6545
32909346 54 9972
2151196 3 5072
2872224 19 6991
257643 58 7890
2297388 12 8483
5531710 28 3241
714057 4 1747
372721 1 873
3351375 10 4916
15523767 10 6088
527632 10 931
2789020 35 3107
1 88 202
1463739 85 1939
10807302 88 5292
3363655 57 2868
7436 34 1433
18948073 47 6247
870644 53 2876
19766776 27 9433
224480 99 2758
276851 17 1246
5205499 98 7517
475324 23 7892
5051916 52 6913
8390780 86 8127
362566 79 3803
23584421 49 7965
6321487 60 8593
12369747 53 5667
581032 74 2343
410264 22 3169
20149 81 2823
246355 17 2192
74890 62 919
913571 34 4492
1028145 12 4700
2208849 78 6627
1423108 79 6980
2737377 20 6079
3079646 6 4952
3619046 4 4785
10216581 33 5456
1213363 38 8853
1302042 97 3426
14948897 43 8484
1231413 63 1943
365088 14 2766
3948244 54 6311
2264309 5 4852
2065596 36 6087
106395 49 2564
4576 95 6578
504939 45 8379
5620468 10 5646
1 92 480
262841 66 5407
12161621 35 7601
21301 51 1081
22585 93 273
77916 22 7396
2299435 27 2163
31619 56 4546
15285851 7 6259
404512 36 1799
216139 98 1223
1213129 21 7293
11821205 12 5796
279796 30 2627
2860853 19 2455
6596197 43 3631
3186836 33 4649
18813618 5 8072
5092725 5 4409
1 55 6634
5793364 40 4788
11549157 45 5466
393 7 1030
1 85 6197
4119900 96 8126
3806462 84 7829
13392034 100 9579
7899915 82 4591
2930209 20 2456
26488943 11 9608
4991 2 1362
3955173 7 7320
615220 57 5959
504850 55 2886
2413910 87 5665
86348 61 898
10687364 77 8635
4289256 23 3460
40420 88 3510
15306663 39 9405
1075047 30 5523
19901 25 694
2453256 66 2169
1362751 14 4495
1040380 43 6562
160847 85 1130
4074 1 5223
1601152 88 2851
9208685 61 8379
43616 22 565
423128 12 9186
299802 22 5336
56717 55 4580
4405776 53 8509
6561338 90 5544
1092731 70 4800
3354683 59 6908
1341630 54 4641
2447290 94 5246
74512 33 5739
4283444 11 8209
6029127 43 4969
12258843 25 5147
12527127 65 7979
3484054 41 5735
426466 15 6407
761550 61 6071
455221 73 2747
570254 89 5130
7689 50 138
12446249 61 7980
260045 72 1135
30934523 66 8593
147615 39 1765
1313552 20 5478
7368785 34 6516
18982 6 406
2856241 65 7717
3903 59 2786
6198891 43 3973
6510006 26 4625
8611 55 928
9985405 18 6544
559120 26 1048
47873 85 4779
42039 2 1077
4323680 77 4462
14861100 70 8907
327965 54 2062
736559 39 1578
8042432 18 8330
36320006 63 8560
2528 16 166
1747680 87 1972
1101319 64 4491
1 73 144
101147 27 3895
498012 26 9580
13537859 16 7837
159445 97 2017
246099 62 4645
216067 83 7630
1 30 231
10218217 1 4697
24854 60 175
11910566 93 9668
373472 79 3024
8059505 93 4502
14291785 78 9346
1918893 6 4515
1475282 41 8915
5583 4 7778
7432284 87 4524
538565 25 2888
5918051 33 8216
3667948 17 3290
38638878 9 9696
53759 60 973
176236 75 587
77230 39 1552
8332530 63 7288
12298 22 9487
6615599 4 7334
418184 7 5591
20566453 29 9379
11996220 28 6184
13117982 15 6672
11564104 13 7748
512608 11 3938
333429 11 1538
15882784 81 9121
7074072 75 4170
296564 100 7215
387326 49 1707
13109095 30 5671
81382 94 1201
18755 24 5921
572053 44 8177
2030435 23 2079
22709200 71 9726
178661 79 2613
2297572 56 8949
6738012 96 9418
1344 35 1690
70857 49 350
775055 27 1172
2419609 86 2923
4700784 34 5407
16018008 92 8414
2905038 8 4528
6774264 76 4477
3755688 72 3760
749132 13 6878
20525 66 208
4116267 98 6669
18069784 41 6146
191595 16 1266
910977 14 7256
2838681 24 3111
4081014 94 7356
5376380 43 8427
787711 17 5254
236860 7 6700
481738 79 2172
13144410 68 6578
21564381 100 6530
3135916 43 3198
1629761 57 3087
156084 89 1011
687868 27 5829
805561 24 3702
3797499 75 3886
88373 33 4481
19167370 82 8992
27758875 21 7753
1349791 60 3418
13774688 58 6520
11549808 43 4971
2249 97 4264
46553 35 1725
30014856 61 8556
31158059 33 9047
5220631 81 4794
1992615 8 2219
7886334 87 4927
1913592 87 3687
746639 55 1521
246710 86 2146
3683845 100 3111
11343791 66 6555
2519836 77 2271
8874498 63 5949
1439158 30 2255
1897469 63 2382
1674686 51 5091
7891272 98 6064
6398413 84 5371
778276 7 2943
1550484 95 1999
13200494 56 6896
27056744 39 8527
1560138 76 2703
7224459 83 7646
15866856 10 8188
19912660 27 7523
4480 96 1891
1120062 63 6215
34498 61 4020
9616 54 1426
2441885 32 8936
17264130 6 7021
2042933 2 3247
1790756 48 2495
1597174 65 8292
6393014 61 5358
655628 58 1352
29338 21 240
250 16 1838
2282295 2 2125
1691095 91 2003
5879738 25 7175
8985146 75 7368
12199 79 298
13091301 76 5691
283195 2 4075
52957 81 5886
31402035 76 8227
33004551 62 8514
245236 35 2210
4109963 100 3665
76400 82 7389
2804707 3 2384
3325137 63 4707
50564 9 519
310334 58 1438
2431 67 1743
861887 68 7955
74542 89 1241
18772347 55 9888
698597 97 1343
2225664 14 2890
22149483 81 9780
7963217 33 4481
33748811 7 8255
20442 28 1815
21496442 35 7677
12219 65 502
463287 72 7723
390581 49 1122
5850448 44 4477
13297 1 6388
963200 82 3140
3844983 3 3551
12641914 71 7132
95767 17 2409
68812 58 2530
2255 40 781
182440 31 848
70154 89 1388
1004584 35 8796
20796177 51 6990
9254913 40 8133
18719324 72 8572
22767295 70 7928
1229283 15 3330
29803637 66 8190
956698 34 1874
107977 86 662
38559 63 426
17132 23 4042
38183 74 2256
11352163 14 7305
4238317 87 6492
21708 32 259
55882 52 2006
8306580 95 5766
603473 72 1446
7542195 22 7062
36142489 91 9984
272749 42 4881
22788082 56 7008
4307672 67 8435
645590 91 8556
422893 65 4796
835950 28 1416
13742511 90 5407
1585002 73 4851
14763593 78 8209
1939353 31 8081
4723296 88 3894
3895785 38 8682
578285 68 1073
192527 22 1867
6520201 11 7263
4187673 3 5699
9238840 15 7920
1972694 61 6318
28448749 46 8759
3326283 33 6346
2991927 70 6214
1838704 11 5510
5530493 75 5612
33121078 91 9344
304102 93 7912
26836033 77 8494
4595875 86 8287
6048059 30 5897
14298816 69 6307
235457 37 4186
1911463 32 3375
1 77 1398
1161314 50 6041
7932905 91 5766
4239072 29 6738
182803 21 3774
12703389 63 8838
56800 84 612
12126737 45 8750
39752 69 269
4189 82 2851
7764318 44 5118
30593743 80 8216
2342098 73 6854
2679985 95 9056
28544523 15 9952
3173990 57 3066
4265662 10 3339
4825836 37 9995
1431858 72 4959
500816 79 1859
5689127 39 4075
9389947 20 7148
37420 77 774
930957 94 3532
405676 44 6966
25671195 7 7612
8549902 70 9302
3182147 31 6812
421535 85 1421
141257 59 537
1341232 96 2981
335580 40 1064
7899557 93 6123
770212 50 2565
2009721 35 8826
1751631 14 6033
134862 62 3103
5607034 76 5125
2523738 62 3663
350816 63 1314
1439087 71 7831
835678 79 6522
14100 95 821
11369 11 321
744964 57 1656
527105 54 9915
2010359 63 7583
305798 60 7130
323220 71 1484
15028084 2 6153
4570421 75 4998
140 73 564
353719 49 9007
567145 69 6602
5394 3 230
55173 42 2174
170277 17 9531
25217752 60 9779
6658420 46 5596
1880749 82 2928
220005 70 2476
2790779 60 4155
8525035 22 7008
8382 91 7660
1380503 99 3507
14744225 34 6124
2671 25 128
1459919 6 3215
32492 17 2025
27475334 60 9115
3959406 83 6515
12613465 76 5923
974689 2 7095
11089584 72 7478
4928868 8 3283
9106890 52 5719
6367667 93 7400
9177884 98 4386
9377643 73 5395
1606 19 4016
102396 25 1005
7302248 47 6256
67581 15 4918
12422252 73 7964
2705090 50 5688
6803603 82 4613
1263935 35 5238
480494 63 1979
4223173 2 8556
814656 28 9290
5423352 87 6647
8483510 100 9411
21134447 10 8409
1 73 317
5093621 75 4270
864414 74 5999
4041723 5 6505
2250393 99 9694
8614709 48 5936
176678 99 1627
24328532 96 7706
13463904 11 5212
2517664 62 5670
61059 23 733
5396086 45 3850
2857524 69 7612
19809676 23 8662
5313639 69 3700
5475936 79 7022
4035 43 7687
744590 55 5111
5607715 48 8140
14406797 29 7956
13892 12 230
3402980 83 6023
426403 55 2533
31658344 70 8334
861932 32 1542
1134250 60 6066
5573710 31 4078
394489 28 3678
4291 70 3406
70392 74 1678
54476 9 1993
41886628 44 9165
13257338 19 7326
2637537 24 4673
373405 49 1193
939283 41 3921
1787918 61 8060
19483462 97 9939
29558524 62 8347
6214398 59 3851
363601 59 2935
2691439 30 3331
35757790 99 8446
1073814 77 1666
2685415 61 2272
3530087 100 5012
5152440 63 6774
9482992 82 5159
240413 78 951
3776765 71 5638
24696546 74 9410
4203918 100 3676
36012 44 2805
394051 48 4391
1621326 73 7172
34572413 77 9313
2993843 73 8026
93485 57 343
3346525 21 4212
7142026 72 8810
201131 62 967
7564527 88 9523
3272664 34 5696
1 10 119
2181418 45 7086
539692 42 2110
54129 46 2319
5368142 79 7303
22462 96 3329
27439500 58 7687
2314 77 2786
2466317 52 2168
11876937 83 8165
544035 29 5123
27445 69 242
1226071 12 9064
25505 32 1052
6680895 17 9674
620952 9 1443
6288641 100 7840
438235 49 2948
5375047 8 7694
7842999 94 5938
469435 91 9309
62996 24 2825
1543832 78 2860
13367849 72 9029
19290 97 261
1624487 14 5262
5263588 43 3405
18838 28 107
319370 77 8861
223343 66 4209
2535520 24 6256
18531228 91 6564
436810 8 5072
16980317 41 5927
3121814 15 3387
6797293 97 5054
1876463 23 4935
12209056 3 4944
999357 74 3968
270351 76 1950
8966312 16 5345
16689271 50 6262
3387 41 630
5127203 79 3320
300116 88 713
1960826 31 5807
529548 68 7572
2422262 96 3304
1 100 766
472216 90 7073
5817845 49 4833
1195010 84 2094
944879 93 6726
28366 7 3459
17534 72 1110
2431051 68 9250
9072740 91 8369
7289849 23 9217
14737295 76 8240
1093595 72 4497
23035172 27 9672
29722458 80 8647
354181 27 7182
1434588 8 2777
1475519 14 2286
185124 75 1756
43039 84 511
5884444 31 3438
686791 81 1421
222048 72 883
36569 64 3326
1422929 34 7101
43582309 41 9982
601842 89 4613
9695972 51 5110
4322737 65 9253
57676 17 4736
17138196 34 8947
2244952 29 5786
405380 76 7867
11574315 8 7455
2586 30 1253
13531235 96 7221
7740 82 165
111737 92 8363
1479168 53 8539
1135 13 5242
22014402 53 6806
2377 41 140
15855233 95 5603
713 49 2674
527702 16 4997
199086 41 803
1810854 29 4944
115361 3 3871
13783328 90 9759
1541397 62 2287
9787337 99 7083
4145680 23 6357
11442980 73 9504
2136899 35 3148
8211201 16 4632
6923316 4 7731
32206 59 174
2506 53 2701
6908429 71 9865
1527819 33 8917
14832716 94 6802
3579615 46 9239
1686960 48 8878
132382 4 8630
9665259 61 9218
13058308 22 8330
9547217 100 7623
1847 4 1246
373592 100 4114
275843 39 2899
227601 28 3224
7355758 55 7363
106004 1 9420
1 94 3753
3978 16 1044
1276553 76 4819
118750 1 6804
3520036 96 4707
85409 23 699
19384 16 120
11938716 48 5426
7360785 78 4229
19659 51 4862
588342 86 2746
208125 70 680
2524248 22 2406
5742647 60 4406
71172 83 6770
1134519 30 5094
15837314 13 5884
4639694 96 4213
7138584 44 8379
1141569 21 9114
8365693 69 8025
46124928 86 9965
32480252 82 8328
560056 100 1376
1461258 17 2552
116646 87 525
1087745 48 7363
18557025 97 7707
824643 100 2708
639981 70 2685
4108514 78 3997
17551 33 1500
8342771 23 7329
2332552 68 7901
16736827 13 9447
3688675 62 2894
45120 14 3456
40287255 37 9347
6733034 57 7080
1834878 10 2859
5652927 60 7528
4218252 52 7001
820900 71 2622
31458540 46 8904
16496614 58 9965
4889619 32 4595
62973 45 3035
821921 23 1419
36184 89 1520
24361917 28 7255
16370361 51 7374
1 77 187
1 34 745
8712588 61 5383
13878260 99 5399
4975652 19 7703
28458 1 2405
7759 81 1400
13744091 82 5481
1593452 17 6531
1634605 68 5060
92339 41 332
218462 48 2753
15209591 65 9230
528887 13 2383
3639327 32 9397
9722476 91 7282
10771 17 151
351838 87 2648
2637 17 5203
14950449 94 6320
5635 3 714
20493581 67 8116
24478 30 213
3087749 73 5026
109138 2 1048
5725472 100 6993
2726394 66 9094
468901 34 3867
2477111 57 2749
22299768 82 6886
7455158 3 3920
9503509 33 5890
9655939 64 5924
553770 39 5103
52718 9 324
5932140 90 4378
15177052 39 9686
7146400 89 5889
37717907 54 9563
359750 95 5114
2778212 32 4984
2016927 15 2960
1223474 84 1654
255805 73 3803
1473843 39 7928
2251979 89 9179
4043515 62 2892
354 52 67
35892 33 1185
299735 93 2920
2082599 99 3037
1 44 128
158125 65 1829
6048953 5 3966
1222240 54 2307
761458 58 1146
6526329 70 4410
1635374 12 2256
76410 21 9809
127673 47 2057
4594201 6 9709
2569011 98 2182
25336733 48 9694
442844 58 1066
1283005 41 2658
59975 61 814
150315 54 1269
27179127 83 8099
3086372 33 2655
18906909 3 6271
3936476 7 3551
782408 79 7194
5154771 26 8015
1019938 42 1433
21397770 1 9902
66906 46 526
30604483 4 8357
5380217 16 3917
11161501 34 5710
913364 14 6914
562657 62 4442
319106 77 8832
4846454 65 6916
835910 16 8910
9954907 31 6105
879421 42 3173
1208358 13 1783
519575 96 5259
8017 4 148
3052270 27 3785
3619811 62 4683
1341670 15 3612
13005 35 173
17904105 59 8967
2044277 45 3046
10290450 98 5365
2687580 43 8264
1 89 465
5429285 10 4688
51703 13 1763
29771568 40 8581
1615549 30 9908
218621 27 915
29005160 2 9640
5465947 82 6142
124226 36 586
11779307 1 5280
5367558 21 9923
685781 62 2472
10451 54 1706
4603893 14 7124
22360562 39 8320
14806 24 1370
17820447 100 7871
120565 40 502
4270 9 343
52829 30 1488
1594 28 104
56691 43 2451
268957 11 2249
147052 85 705
991945 35 4016
369 59 5252
1279490 81 2015
1120697 25 9684
5995179 27 4028
9884290 12 9404
1753521 22 8669
13882358 68 5645
16744 80 5618
2832677 8 2482
7743325 68 4588
42496 16 2066
481462 22 4186
240535 100 731
832184 98 1344
2590876 70 7361
1550907 40 1789
34624309 43 9332
4367799 18 9074
35066314 19 8846
214737 16 3740
4172854 68 5485
9984 81 4614
1788 24 377
43668799 83 9424
1954231 22 5143
702531 96 5546
38255748 98 9803
26398369 95 7488
47801 7 226
2048996 63 4725
503434 2 5789
2398727 15 8170
76054 47 449
5503249 29 9273
47275 64 372
13891353 4 9900
6705197 11 4297
1331934 52 3276
281304 17 1988
5951434 68 4079
154163 60 638
1119068 42 1603
311300 61 1116
48514 74 2935
190645 17 5261
4394 27 1719
876608 26 5546
13160 8 1908
4108 27 277
12773207 21 7854
13345978 50 6107
433715 2 9638
3524413 6 4662
295586 90 2314
15227950 78 9286
26187482 39 7734
6687860 100 9019
30088 3 162
1 81 115
3224071 56 3687
317 82 1349
4313943 16 7709
275934 49 2910
6531519 100 3935
2470762 8 3165
2664709 24 6234
13502014 21 9020
11054674 15 5031
186112 23 2671
704095 93 1892
3357585 54 7432
5039264 78 9493
988120 90 2555
7221 95 4105
5903460 51 4290
1038003 93 5741
359545 31 2403
35734960 39 9417
736740 58 2123
32951 20 360
1181 73 116
23354731 52 7930
4496179 5 3362
5160462 68 3573
11485 89 1796
13993129 22 5968
26504 25 2921
13502071 48 8792
23394364 53 9767
12393177 47 5868
10701498 84 5834
3930962 45 6774
39874898 64 8837
877622 3 3883
6749 83 1316
1 86 3268
10932946 25 4644
666776 81 7011
1826183 28 1841
495846 40 2685
3083401 93 3173
912430 42 2693
1687621 45 5385
228548 88 5851
11022564 16 9417
3601587 10 3760
11648228 18 7579
129351 35 8111
975230 100 3251
3373139 50 5897
11691443 82 5790
6023495 100 6269
18042034 45 9774
9488277 81 4675
2130008 100 8023
367190 86 3338
18018942 68 6242
246980 13 655
18659973 85 6216
7916113 96 6815
2127283 55 4211
5377445 59 7945
153355 48 696
1755956 89 4664
17449797 13 6364
8689753 89 9855
4324555 24 7787
153163 42 2775
2211512 75 6362
37895462 38 9942
58852 93 832
207910 61 1655
343627 83 4269
4985122 13 4005
8904380 9 7259
14025547 56 9048
12756026 45 9740
622306 71 3029
283616 14 1920
6157768 25 6565
3090211 2 9772
6281381 17 8018
11813 94 1452
1781 18 129
5462525 37 3973
20015 79 3142
1200395 78 2663
1431631 4 3324
6318 43 369
229569 36 653
11503630 24 6050
2542432 26 4730
43401 87 5154
733980 61 7060
714586 23 1512
25659520 82 8205
217140 34 1545
3592226 69 3499
12608956 58 5165
5982806 64 4741
18736578 16 7597
7386331 85 4669
4478589 64 5992
45592 12 4739
19041377 47 6199
29997 12 237
23976176 45 9523
3481943 86 7675
13117862 56 8386
18666874 22 8738
158026 9 4131
263790 25 1108
149758 97 2105
1709569 53 2934
1449119 77 6508
96410 85 5102
2586001 21 7937
1361121 90 1691
1 96 2846
45447491 99 9622
213002 47 1266
255150 50 2717
5778353 79 5317
2996862 66 4753
138737 7 7931
1 29 334
1283 53 192
225721 37 582
591 36 56
1347022 81 6123
23227972 76 8841
2647371 10 3697
45676 69 1397
18285985 6 6143
5032519 90 4133
103706 69 1022
41069 48 1102
13902042 21 5290
5112015 63 3624
1016704 79 2476
997913 95 4403
16301997 85 9281
91406 21 1090
306843 73 889
24073 64 834
178839 58 7528
523311 42 4581
161065 3 536
6048314 5 4012
4538 59 105
12911983 18 8489
24722 20 898
3144597 12 2651
129755 80 3890
447816 54 1086
668286 92 4538
299029 68 1849
114301 58 3349
4916871 3 6856
4430444 96 9198
1898045 90 6518
149349 94 1025
1011657 55 5102
70384 57 2173
2710788 91 2793
16241753 22 6653
7351039 18 4000
16552815 88 8836
37498 47 2400
82293 27 5847
19627704 32 8315
180399 68 613
17977 57 98
1 67 717
69269 2 411
564678 16 3522
2019204 31 3694
22409126 88 9170
10711862 24 7759
17386843 85 9325
791863 91 3435
371309 94 3073
52511 65 344
8693622 79 8214
14756448 46 6766
6108886 12 3821
1264844 9 1799
3756684 55 4069
201767 5 3515
1840423 19 3877
967417 96 1700
49053 8 2103
496 55 9820
1890 12 5912
1753388 53 4953
32699983 86 9944
688085 37 1182
2165527 25 5142
2622693 67 3165
1508611 20 7797
4344 5 125
140526 63 1703
245107 73 9059
263741 17 1067
81010 14 2288
1603987 1 6737
1176132 96 9338
10692817 43 6023
3004252 50 9492
29150665 49 9699
1 57 655
2156935 1 4540
247360 8 1392
6269309 66 7393
547289 74 9802
891661 29 4175
303927 47 3149
15581535 31 5795
2538795 5 4292
2432417 87 3537
239277 70 5532
124339 85 4919
34514 18 866
5023856 48 3810
3161 94 542
1598 21 782
317218 53 1624
1548674 68 2343
1344729 33 3453
1259255 18 7426
22713235 7 7129
17562193 80 6612
17345224 30 8583
6613719 53 6520
282907 51 5825
1428061 28 5962
15625502 81 6197
1 77 967
6864146 78 4721
10077033 77 6175
1985944 23 3631
22524671 90 9469
5237219 65 4701
65299 5 4099
823399 11 5717
1358283 12 4245
1047740 54 2553
2268045 92 3538
16576669 79 8047
1655404 36 6870
1520118 62 3074
26382337 26 9041
2049092 34 7921
5544818 24 9714
1 22 1544
2087115 86 3973
1387240 18 4016
208332 47 1707
1 31 97
812365 100 3756
8793640 21 6355
885680 6 5925
7904738 29 8705
9921257 4 9431
26242869 22 7386
649 98 288
36597579 72 9022
17500698 45 5892
619656 26 5624
2364155 50 5980
929527 2 1357
3940147 1 2835
51126 21 1291
1409776 97 6734
13317046 100 5722
4820233 99 6260
561928 97 7655
1038372 86 3284
3292657 2 7451
27331742 59 7701
1306773 35 2944
1109929 19 5450
1195890 95 8103
1449103 68 1651
1454849 81 2092
4244697 47 5091
7066550 65 7258
642607 20 1416
22705628 68 7084
14548 80 9353
8867 9 2377
21149993 29 6846
30123761 47 8063
2587603 31 6954
1573574 53 4501
61358 38 967
5333056 22 9412
1 77 524
4733763 45 6131
6512583 31 6011
3189645 28 4768
326735 40 1507
1210530 34 1516
267025 48 935
637961 87 1060
2124672 43 4459
2163232 74 1996
3438889 53 5753
478595 48 1594
2999644 41 8324
76841 51 1062
17276025 48 6853
23405915 79 8386
1755051 31 4189
6581554 77 5903
7389836 69 6196
2725299 74 4441
48985 63 1891
19339353 88 7602
6557826 62 6272
2921390 55 4311
3533086 51 6435
1357235 59 6319
7108581 36 7701
191640 60 1284
12837660 38 5055
2185458 51 7867
714611 13 1937
28072056 47 8486
2057105 51 7876
1256688 28 5501
478 17 5190
1107149 63 2683
708401 10 4805
104528 3 719
1 56 5529
21069135 79 7869
1174182 10 1823
19422129 8 8395
1211716 23 7568
1031901 1 2157
3581327 29 9893
21270941 49 9458
1838089 89 2120
1 84 6639
1460817 61 9083
16657128 85 6172
25382918 51 8771
5130627 40 3360
811492 39 5926
5552939 38 4034
116299 92 1744
6610993 28 4895
5169312 17 4526
2421240 7 4786
58240 63 3811
965173 85 6376
30503735 78 8316
1177812 7 2326
15359 53 1088
786865 4 1488
32462953 27 9809
1632140 96 8347
3084258 76 5100
10060018 93 9265
10887040 80 8511
1457468 59 6756
331000 53 1548
835430 64 3294
2327030 22 3852
6292320 60 3862
2649086 81 2533
29858 99 3237
1659443 49 5669
972392 39 6280
6237 93 1103
8499062 100 7495
6000527 69 7664
103362 13 799
26374287 80 7636
1830696 90 6389
43829 33 5290
1 20 2149
3011994 52 3927
1317814 7 6727
76690 59 688
356950 64 6953
6848263 100 4654
61357 55 8597
1656977 56 2078
7340 64 256
40137 60 2880
2985848 11 5159
438829 88 4337
3232587 18 4826
778748 56 2634
16873710 6 5942
1 19 47
4713768 50 5991
4617432 94 3808
17466854 21 6302
491059 16 7181
6503 14 384
39443 25 2229
4056337 23 3463
1416382 51 1645
51977 26 547
16841526 95 8187
3801529 60 6821
18171272 58 6301
219084 55 857
1349 7 2448
3988281 71 5463
2147170 81 3349
6994649 50 3978
18163838 78 8354
917664 65 1747
17941563 72 6333
5565336 65 8559
4526606 54 6983
5900297 59 6731
1085840 35 2578
3090188 62 9506
114426 32 4457
115103 8 3334
11032 79 614
7322713 19 6104
542019 9 6495
10155179 75 9096
3172904 64 6511
4309263 26 5170
1227389 5 5100
1100150 39 1666
2335955 20 9867
4611364 75 3063
2290 38 141
25320932 21 8075
10045383 86 6466
20009 39 1926
15854717 76 8336
5740827 30 3645
1238362 83 6080
17399030 45 6497
12112423 59 7718
17494844 11 9895
89211 5 1241
1184336 17 9629
282 100 2309
3363135 15 4542
829048 14 1671
21870937 58 6803
5439012 57 6149
8308620 41 4195
227407 31 2889
24856562 19 7659
1879036 47 4996
25072 32 155
743320 31 2306
34615 73 1199
7761 82 603
2335134 88 7121
6094356 90 6676
6394 79 380
4191736 13 3453
1634555 46 2167
34901549 34 8540
15415020 25 6951
27868290 94 7811
2383628 62 8585
388522 18 3861
1658729 8 3786
118780 17 1138
10127380 85 4441
7377695 100 6656
8636019 49 7395
2627359 20 6397
38295162 29 9399
2049378 58 2466
509242 69 1249
179865 14 1830
980366 75 3091
8678 45 8083
7123783 22 4108
4059538 98 5027
2175369 16 3807
21529716 34 8866
8586178 35 6333
71496 56 3968
1428794 7 5016
1324468 32 3662
1909043 5 6273
1 95 1378
353274 78 3251
345466 64 9639
73990 60 1583
4841084 99 8195
217974 90 9018
38519689 2 9459
539008 1 1175
22235832 99 9549
1040246 50 3449
435613 59 1052
5349769 77 4602
4297670 76 6215
3328 17 123
4688831 38 7569
1520442 3 3048
19735192 50 6848
141612 62 3094
393994 52 1100
200726 13 3997
581700 48 2561
2770390 12 5340
6114024 85 6246
15201395 91 5704
41875 55 1156
75956 28 927
8010328 19 7870
2822564 74 4487
3072797 34 9755
1252376 25 6614
26079 39 1526
2034062 15 5703
5755376 99 4186
250413 34 990
7147191 79 9263
1020740 51 4979
3674095 75 6279
33701667 66 8985
238501 11 6919
14909700 53 9914
8785965 86 8794
161046 57 1791
2234972 68 6127
3558456 59 3915
23023545 38 7654
32047928 44 8989
7 14 5107
11999955 37 6214
16164070 46 5978
4450982 21 4057
28562769 6 8591
17089143 47 9732
5499 80 1352
9261818 22 4571
6197849 54 3635
27679894 4 8441
15182439 76 5832
15193412 10 6006
6046839 21 5434
106620 60 3058
160748 51 1797
974961 18 2044
140934 38 581
554211 88 1227
2996632 22 3681
108132 83 1752
45705085 81 9696
7693753 94 7710
34070177 57 8573
8508828 74 6967
21899 94 3466
75994 24 1988
87798 80 566
15091 77 5696
7753 4 1410
201088 20 916
3223639 99 4508
208973 4 2073
302796 11 6402
150197 21 3185
197333 60 6015
444795 62 4689
699489 73 3022
3922 86 207
2851358 81 5402
22708703 37 6850
250047 73 4506
4251245 26 9946
4082735 7 7624
3320633 29 2781
11799305 4 5039
10115 45 97
10344272 97 6370
265905 30 2125
2513681 22 2334
10219287 46 7380
8294013 96 8875
5880647 12 7703
23519416 2 7674
4268864 21 4551
680698 15 1223
237066 42 1019
28300443 57 8629
46979 60 6510
14410 26 1724
28918132 17 7713
10125 55 78
6018390 99 4730
1387979 81 5560
1054617 46 4575
258411 66 1551
26601838 87 9861
3458924 98 2829
318391 47 1329
6678718 10 3642
126119 84 501
6076177 57 4294
2257028 81 4379
324685 32 5200
308330 68 3601
1796143 36 2964
64876 2 3857
726237 35 8349
18619702 85 9802
22554000 79 7630
717856 7 9906
20054 62 1153
48825 49 647
792656 20 1641
20324137 45 9772
2103 46 3842
1964521 9 6019
44681310 15 9486
38815556 19 9089
76701 5 1448
804622 78 2691
21518819 69 7147
7784307 1 8648
9095976 51 9268
7851803 48 4867
1 58 2126
676946 80 8749
3310836 1 9624
6960563 6 8584
928623 53 1462
33381 74 1495
174664 92 665
3368014 16 3614
63395 35 718
17387435 22 8963
115285 14 1957
8299231 71 4031
12641073 35 5296
8306416 60 6321
960701 43 4687
27779136 40 7521
24657 22 2122
12253908 84 9623
21425 25 4093
8242593 19 8903
258356 76 2944
9528863 9 7407
3016783 72 2614
1668619 76 1867
17595207 26 8224
31923 74 618
3325579 59 5230
826653 16 1832
8743712 1 5738
1 85 426
1176298 42 8396
2144578 20 2310
2162631 29 8361
2472277 59 3980
518814 74 8043
36762678 67 8854
988384 86 2416
4123606 24 4434
175605 53 2044
1 66 3684
4455924 91 7263
1973 82 8195
424190 34 1481
447896 21 7434
776789 80 1474
2877 5 6344
21294093 55 7106
9903565 15 5474
8719631 37 6638
48998 49 1011
15585993 99 7164
21259664 15 7462
97562 24 853
8229866 49 5324
20849 78 219
10171450 72 4637
157591 52 2169
303462 37 7625
14097006 78 9283
485752 32 7537
3555053 31 3265
3389926 93 5666
7714910 44 5796
20437566 40 7898
5264 51 3756
80236 85 312
184666 19 1260
3172637 90 2899
814343 52 2971
58091 96 327
3634470 54 3930
8652898 65 4391
1237434 99 9807
7306323 32 7848
1696453 50 9629
1797446 28 8896
206477 34 9953
19446 16 7558
17835780 14 9608
120112 19 2484
396889 34 1016
32731 65 1013
2212876 51 3319
12553 16 1553
18645871 42 9779
10101851 29 5188
45811 42 1201
6555288 54 9268
3269418 16 7017
2688530 66 9814
16209515 74 6308
650719 55 4578
24859264 25 9172
6963258 97 5629
13945 18 2019
6769805 93 5067
19203 20 140
1427400 83 4871
1570233 61 4096
1319876 41 7509
2326153 29 3039
278708 75 984
5867 75 1067
16185 59 541
428386 66 6535
105036 82 2014
734623 2 1335
1104791 5 3560
8269703 22 5301
217038 35 1795
5418510 94 9846
10445570 35 7478
1221914 56 6046
21886 40 4873
11331596 78 7332
243240 4 700
42407668 47 9984
12641797 2 8366
23533985 48 9526
10035497 6 4382
1236429 89 5804
84386 88 4596
33859 67 813
11551581 56 6578
4716845 93 8934
2239846 78 4942
432793 23 1011
183801 28 3352
20910048 63 9455
12835659 3 5779
417502 94 3135
33228599 66 8158
2705012 76 6432
2001701 92 5838
4952036 37 5924
212530 31 704
5686765 25 7551
265008 95 7588
19848439 95 7773
31981524 6 9513
165345 70 9023
7162577 73 4053
306212 61 1340
13008 37 4182
3431763 80 4109
3525633 78 4384
589177 27 3652
2639867 96 6391
3180670 38 3821
52659 66 3364
27289024 19 8930
71466 92 1559
24735158 91 6998
2705533 63 2902
22928802 79 8961
1525328 75 2872
58151 77 1306
8144329 68 5079
316364 74 5607
4860711 68 5659
72148 80 1100
1 88 710
1803694 66 5986
6912640 13 8864
8050621 8 5238
4955984 45 5010
23509773 95 9557
11460207 27 5180
2634485 55 8449
9278 74 5674
121486 15 9005
5007461 49 4327
23648 98 5612
35154 67 434
159050 39 2183
14463490 77 9954
59144 8 938
5632713 94 3526
9840252 20 7735
1367572 77 2114
2452670 100 2487
628 30 2447
13625 54 4454
15340890 72 6606
19162084 36 6754
189670 5 2689
429948 32 2266
11648004 92 5505
206380 2 815
1839481 79 6677
7002801 62 3907
5386780 39 9175
2158917 13 7445
601540 66 4127
9897995 60 4371
13472 51 770
85024 10 1916
391076 39 9932
3176802 39 5626
24977917 95 8911
18565456 78 8531
21946839 32 6727
2932547 40 3440
586569 78 6081
2523768 14 4147
8207601 62 7745
6316407 60 8864
101521 73 7461
66684 80 688
361454 23 1590
14012 80 752
342393 75 8520
33632782 98 8399
7299311 32 6942
3338052 63 7178
102411 81 1375
4918450 12 3052
29287325 67 8257
177957 17 1888
80263 87 1352
181152 74 3563
55408 9 8229
4943902 3 7191
24901 85 198
24248783 39 9957
2060086 51 4709
379803 56 6214
12302 78 125
217674 57 5893
2596889 77 7730
74386 59 2714
16405377 37 6222
61035 53 1076
12478669 91 5811
1421328 15 1731
261907 37 3274
185905 86 1861
41718 72 1040
720 12 13
120566 7 593
59544 100 447
254003 2 7983
5191 88 322
12943671 21 5161
128458 18 2305
20957 1 1338
2688076 73 5223
1865019 87 6617
165868 55 1141
982485 93 5496
596 57 912
4170305 31 4144
6520 70 811
2353823 20 2692
6780755 86 7998
5720439 70 6364
18753 35 112
1019987 28 7285
16277037 78 8211
838488 70 1674
1619175 25 6242
3370507 77 4334
6656310 99 7454
587839 78 1210
547 76 5075
708117 99 9456
4098156 71 6606
14714726 49 7022
725048 73 1327
17827 24 742
17864137 48 9100
2508598 11 8385
27021872 5 7856
4807247 71 8333
39384071 28 9204
19965007 16 8307
155 5 2580
8797117 82 6625
71784 34 3268
905917 63 1972
243944 52 766
3005298 39 2830
8043174 15 7207
10674125 71 5305
199140 90 7441
152999 62 846
421221 9 5440
2353465 40 3655
10659523 34 7961
11553287 43 5360
23449545 2 6797
9707871 89 8508
12032569 50 4925
260 68 197
6990205 55 4746
734933 73 5592
2567911 58 2885
822924 86 6770
5904177 26 5438
5609809 54 3499
9168202 93 5393
557266 66 8061
47069568 68 9717
32033 63 1003
88219 89 1828
9354716 35 5484
531383 18 1450
210009 33 8686
2565668 74 3446
1936 62 8600
24025578 25 8321
4566049 66 4156
12606252 55 7546
19968 42 7440
5564397 76 9315
1006642 11 2335
2873833 11 4295
582730 29 1366
1065124 75 9680
4156116 46 4466
11154524 87 7480
9997620 35 7205
6874684 86 9081
17933791 14 9406
3424546 90 3718
2510475 22 2369
376676 99 5903
5023534 12 5254
24682 42 240
23268227 62 7094
5375499 13 3683
2167857 31 2599
8589081 80 6988
1735934 42 6632
395295 17 8813
2672638 21 4743
770 17 4371
73824 74 5258
2720289 44 9490
130570 80 688
1057021 72 1377
16209680 29 7141
7517 42 470
9977062 51 9144
17976899 100 9718
75438 36 965
17681 31 9145
5452868 44 6542
611793 5 2029
21139415 69 8718
12184751 45 6805
23564846 35 8924
1845727 45 5136
1633738 74 9429
1702760 5 7858
11980098 79 6384
20395366 88 7216
16436053 15 7049
249337 22 662
194352 83 889
21552 17 4345
6083543 6 9767
51140 87 899
19569200 72 6281
13418123 20 7944
538876 12 9123
73237 97 6235
469171 56 7850
135030 48 861
206189 23 2535
1009738 12 8869
13562876 53 6390
8697308 2 9621
25108663 8 7897
4159994 22 3451
1 84 1288
2797374 22 3345
18712811 69 9936
1175678 17 8997
1996563 87 3857
232650 94 894
748844 7 1528
9702492 22 8247
21668926 14 9083
146716 74 5611
24749936 64 8261
702496 35 1644
39416 5 267
6569669 35 3549
3514105 56 4779
21261167 16 9875
4646873 35 9801
130385 25 4148
4355705 15 4169
9023479 17 5062
2012781 74 3810
22777717 88 8396
108724 65 559
523024 1 4754
17081 27 818
31329040 8 9962
615773 54 1815
1202125 12 4906
8598442 83 6246
1503365 41 2855
1410 39 4921
33228 37 1083
98553 88 6928
5875248 98 5007
5158726 69 7508
4276328 27 3515
4131420 96 4300
18360953 64 7250
4494604 11 8146
3755735 35 5987
24358401 85 8148
3080808 49 3109
7744745 82 7604
76362 51 6710
5281375 12 5924
29392 3 771
3303143 51 7835
547 26 280
8749468 17 5180
822290 30 2024
3701749 31 7105
196624 26 1207
5585279 30 3338
965528 74 1756
1002657 32 2604
29517288 91 8087
4116107 89 6875
22574091 32 6968
102308 54 520
19141776 64 8083
2337 43 9693
5806974 16 5233
9529708 99 4486
601603 86 2503
24980419 26 8462
1181358 58 7418
1555579 15 1920
229547 28 4453
246589 73 3249
1565673 73 5194
21333414 35 7241
39955541 89 9793
251381 20 722
1590753 73 4663
215449 52 952
1351576 1 8440
3690495 76 4167
20759 69 1305
6981875 48 7520
1364 66 957
1893520 53 5949
3825765 1 8596
33095730 81 9815
1537738 36 3185
302462 42 5374
1613404 42 5853
877 87 1488
12287914 20 6275
3887443 6 9904
57040 52 5849
992018 15 6523
9653862 69 5005
66634 31 3616
6490703 100 6309
1 100 2472
11783903 14 6276
32103518 80 8462
6142992 70 7630
540925 60 3812
1462323 4 3157
15560 39 185
464167 3 2438
2984743 72 3620
55682 83 1166
313457 72 6567
205198 79 2629
24638 41 9029
9559905 59 8431
1 98 314
4906822 10 5517
1327997 67 3929
77789 2 3218
3024 98 420
9394139 76 5663
1996183 19 2658
327290 32 1062
2420042 73 3767
26591662 75 7209
46823 99 3835
10765509 17 6215
2435489 30 2987
1229702 16 6681
15149964 19 8187
25377324 93 9200
2751184 19 4569
2006776 15 9031
33265591 84 8798
14254 96 6347
114796 7 1183
4669168 2 4626
279718 85 4943
5148200 60 5422
772694 43 1348
3104 24 1672
46497860 30 9974
12810745 44 4966
7425299 12 6903
33168246 55 8934
120523 91 7425
554545 57 4418
410560 6 1281
44384 5 3612
8921012 53 7030
20635432 72 8342
10470155 14 9913
250130 81 4373
2143178 72 8721
4752249 7 4214
7926712 11 7791
2129178 16 7950
505102 76 4632
100324 28 2653
13835514 80 7111
393461 31 7141
961708 53 1768
276286 94 3943
61984 22 9214
60615 89 994
8677413 49 8354
3302389 96 9107
402112 38 1997
10461153 48 7916
5315185 33 5010
1256627 22 6169
4590806 1 3350
50839 64 7820
11944620 49 5162
23518114 29 7558
312398 66 1028
323005 45 1675
52705 100 2303
21403519 31 7163
47318 88 748
1532376 48 4767
8424612 83 4718
1164659 1 6386
1 36 4768
162830 1 2443
31615825 48 9491
4207876 80 3166
1271719 58 8078
12123487 77 6852
16000512 44 7145
5965084 2 8043
676835 85 2205
352371 9 782
15017678 90 8577
3709515 48 2912
2616 31 6055
9240 39 740
28847854 79 8499
8986189 15 5550
1194514 61 2014
15966255 20 6004
1381626 20 6460
29323 24 5297
577427 19 6567
22348 46 8189
9019662 93 6673
1990217 70 5131
4720103 25 4855
7271057 98 7297
20280358 24 8199
185275 36 1636
112297 42 797
19329355 64 8799
633859 25 3346
309 37 3029
5383423 72 8901
1673837 15 1840
10256862 38 7008
6824297 72 4543
20105110 69 7169
16393876 15 5809
4355 63 158
604224 96 9494
37780271 22 9756
6289095 25 9852
35956 13 4447
2069121 40 2117
1627964 78 7496
429549 41 7261
166173 29 575
782201 12 1436
210398 10 3412
1167239 9 2548
1563908 83 3936
310962 27 867
14643469 41 9667
2838626 12 9258
86333 4 979
39735618 71 9838
8166332 87 5216
25008593 74 7825
110744 28 1620
4520402 53 3395
515897 13 1066
3998227 43 3038
2629065 59 2629
5225337 58 7181
904404 98 1875
4204224 74 9519
12006648 71 9883
1297893 91 4236
19616950 23 8914
13373726 67 9657
2325254 42 9008
156628 15 2046
240826 64 4581
10718956 86 9901
304397 94 2118
15537687 79 6894
777761 65 1589
1807315 38 2616
291672 67 7903
24011123 50 9803
124017 79 9701
3311 82 253
7278 13 96
8004506 28 9245
10483016 46 4977
5999400 17 5900
14759216 59 6580
2097592 29 2075
966982 33 1849
2270895 20 8912
90601 34 9152
263148 38 8081
236646 95 1483
4826952 63 6765
5454592 97 4745
5561269 93 5964
8449083 33 6383
44425 46 2341
818360 83 3831
4791256 71 4678
200879 58 9037
219297 39 605
1 100 369
6526428 95 6067
242525 53 6328
1247243 47 1761
42635 75 7810
16877216 31 8292
1635912 38 1833
31342 67 3335
27641 19 990
28813485 52 8418
398601 21 4889
8916 18 6718
24583578 3 7418
46671 89 2217
53443 8 783
1199739 78 7403
959231 39 1402
6629104 44 8125
1913391 58 2252
63069 71 2691
44728 67 499
4732876 47 3436
2153306 3 3604
613684 80 1672
6372615 42 3990
16493802 91 9893
17751061 1 8468
259039 30 971
112383 50 4491
12262258 83 7017
1169585 64 5105
7723125 91 9024
1134548 20 4940
338263 26 1037
1104256 36 1430
49123 3 310
68623 47 607
159873 20 7564
7556112 26 3911
687128 23 9278
801048 37 2595
19292805 8 7569
38729723 22 9891
5565414 87 4906
114857 81 3515
421026 91 5794
581297 9 5132
2906375 11 2871
10159 61 5430
9823477 40 6518
1232815 29 1775
5890186 10 5269
178665 34 1071
27699 6 293
54647 27 7975
11855693 84 5136
4763676 35 6243
4234043 50 8460
1516743 76 1686
82274 40 536
1938575 38 6543
972269 97 4207
3787599 28 6198
2081420 86 4702
3889845 48 7101
47614054 70 9993
4458715 36 3918
957471 88 3254
85572 98 2685
285294 57 2498
4959636 8 5845
124896 68 1467
28185 16 2709
269215 18 2344
154052 81 3326
13894 39 9264
28379816 84 7520
2233983 24 8193
1357889 30 6741
1111679 3 3967
17734 45 3009
1528 45 788
499632 72 6353
3607387 15 4712
11261036 89 6803
438364 24 2267
8391171 68 6253
976260 42 3555
4343717 91 6193
3636848 88 4128
25921430 1 8736
280197 50 3244
6298290 33 5574
16680120 13 8322
4130566 88 4896
1455782 16 5790
305226 26 8254
1485994 52 2914
71340 100 1099
34484 29 825
7466907 51 9135
528624 50 2823
18926727 36 6775
4936423 61 5892
8019141 53 7817
9952397 46 5896
25644 73 3046
1006809 18 6099
701 35 79
914796 62 9509
1870841 61 3108
24093433 44 9192
175060 91 658
1099367 8 3724
409687 12 4898
6081352 97 5311
7282779 20 5247
32953874 80 9095
388368 16 2280
19557888 70 7164
5428 98 6878
43794 85 2451
7360567 42 7494
100304 7 402
372839 18 816
1231290 99 5136
6049588 83 8675
9378 43 207
17888099 27 9757
2314648 92 6040
3470838 7 3876
16376904 80 9088
10969442 73 5857
1710997 63 2152
4279997 82 3945
8095379 26 9861
1244397 64 5951
337363 54 5312
35979 71 563
3604 17 1081
1989702 71 5590
329432 47 2968
3575221 64 7047
13204 71 624
16009591 71 7503
464882 91 2226
423491 42 3884
966142 86 1328
2542974 58 9204
2347638 60 5468
168068 35 7997
182772 99 8157
2272017 83 5118
19415124 70 7365
62708 100 520
23539 24 251
24372910 77 9386
5442276 72 3695
2522078 97 3871
522916 4 3954
5831998 35 5715
29823463 38 8571
9686287 15 4619
764620 19 2311
1786208 36 1919
16510170 47 9964
39064 75 2906
11051809 37 8037
179395 18 1865
108664 41 375
8792770 43 7701
20769648 5 7876
4089363 93 4221
11405712 82 6406
3103980 46 4214
112296 81 912
564263 77 1156
1039348 54 2603
5951675 40 5445
824169 99 9592
6922407 95 6529
59908 39 354
2744065 66 8701
880531 56 7278
558264 64 7270
812504 32 2438
21262908 84 7656
65541 65 3161
3682964 3 6028
35503 48 895
9058705 29 7033
35960485 8 9169
995427 95 9316
61505 39 4511
5699792 15 7579
110003 38 3090
9783331 82 5978
52846 83 3373
1803520 27 6465
9752759 33 7911
89712 15 1283
539452 39 1278
66924 92 549
2035 35 62
85025 49 8052
2148679 75 7612
1413630 8 6864
23572412 93 7696
400368 82 3425
26665060 91 7683
2321460 84 9445
61398 56 4648
33639 68 573
77854 62 4617
9506057 14 9884
23364676 95 7169
6952231 52 9215
4950806 90 5582
29606884 94 9338
2374715 50 4924
1259517 5 1978
3072911 19 8244
354 96 5742
11757967 68 5343
293522 65 879
10297353 16 5145
2869456 45 6909
1113330 44 1725
12509619 47 8670
62321 53 924
14929289 48 8238
301625 44 4962
28669 73 225
45847 68 1153
3546538 24 4855
15119494 9 5402
6294078 10 6780
257087 54 5491
1576 73 664
35689444 71 8957
196746 3 8871
10826616 49 5946
88425 6 1121
6944 91 419
5036796 71 3216
627 42 925
19422573 40 8243
43968987 40 9843
33469798 92 8123
2051899 10 3568
13520148 54 5199
5299280 1 7907
4747024 11 3518
255772 8 7606
231818 22 6327
17818464 7 7994
3389986 12 4814
2385630 47 2744
891840 84 2664
7052920 71 3887
259461 90 1557
8962075 91 9675
2456273 20 3131
1810657 55 2061
15014334 46 5840
2482136 79 7087
564189 23 1501
8893562 27 9999
413859 41 2320
3308325 27 8795
192721 96 1545
6937544 1 6960
744635 91 1284
200952 15 4411
2529407 77 7341
135022 33 1222
15374 68 144
2742327 73 5816
366869 12 1761
483431 86 4124
239498 31 2469
182287 35 1552
5563399 70 8992
7875784 18 4203
276305 36 697
965799 96 2962
399615 46 9492
7059569 30 5188
236961 45 4999
12108529 75 5902
1110617 50 3870
8849540 40 8261
37783 60 3528
5360911 86 4293
10752524 90 9146
4130811 89 3520
18904854 8 7327
1294674 58 4644
29266 25 2833
9945319 59 7975
4625213 9 6929
538203 71 1853
172242 51 9883
25391382 50 8780
992218 55 2511
2024628 83 7726
15469654 40 9026
2236541 30 3162
2229180 74 7459
1369045 14 2524
1488842 19 1684
21537921 12 6628
20730865 63 7755
5598 47 6078
402663 53 1889
5054266 25 6054
20359327 84 6571
20325 48 372
252795 61 5062
16828346 3 5826
5020714 1 5213
206470 55 1587
4649907 93 3601
769175 32 3483
13811810 73 7565
313517 50 8485
3048686 28 2440
701403 82 7364
1866903 5 7930
5521561 5 9151
558520 73 2049
57306 54 1666
2502023 72 3924
21188944 84 7769
5721311 1 3759
4521972 17 6485
3612369 38 5500
11008184 41 5243
3882284 55 5772
13603 15 1239
1 83 125
351298 20 2593
4952660 11 6260
23047002 81 8751
1340654 50 5031
220790 56 6839
349460 44 1056
3389 49 1664
814600 33 4636
203474 81 825
4108101 48 3380
15680093 54 9160
30548867 30 8305
1471048 14 5389
70335 74 1813
5632198 21 7553
4115516 74 7578
31476 62 371
13137994 46 6372
1112748 25 7119
25042366 65 8463
15944937 82 5716
3770571 81 3821
141770 29 7806
12612983 72 7323
34181867 87 9251
6747387 83 3615
593628 30 4189
17741 6 5846
12774948 51 4957
14383336 48 5989
5157017 61 5363
10862054 77 6819
3093061 89 8713
12760523 74 8425
1061354 26 1466
336907 8 764
6766578 1 6063
1993945 68 5141
87007 58 5311
1473281 89 8835
311262 83 8910
1858599 62 3923
681295 68 2052
15061990 34 7419
44709183 70 9388
19360 50 2414
63220 91 442
1811290 87 2457
8751592 95 6682
19866765 42 7158
14392970 74 7653
1234288 55 3053
8538788 34 9578
44397 16 6923
16522 29 2446
11247163 57 4667
364605 66 6719
6160284 90 4807
7989384 66 4717
30436 45 1387
9909825 77 6986
9629202 16 6048
748298 9 2997
25680432 65 7318
782141 91 4320
469190 57 7768
6984412 74 4816
1 58 338
21843015 85 7501
30040 77 3734
1245543 99 5864
8845088 32 8681
628868 9 8631
13998367 90 6179
159180 100 5844
1261692 72 3791
4888 4 453
24380803 70 7956
6482736 46 5382
448863 40 991
104945 19 2800
17890423 94 6093
9168684 45 6733
16653903 73 6108
4541 66 4061
6345239 36 5545
13990065 50 7764
2324364 68 2560
36104088 83 9481
2104756 68 5006
276231 90 3235
348168 31 7286
3731 60 2181
1916559 2 8338
5413 9 162
248170 85 3862
6692 67 1848
277 10 1023
161197 69 7667
6892271 7 4323
1580776 29 9721
1718117 53 9934
2326528 22 9519
127903 59 7453
218 13 376
10583071 49 5825
2501644 31 3781
7944723 81 4453
8746 14 218
5771445 95 4287
7490581 67 9965
745509 48 2080
27782835 88 8270
2928 100 5795
1895187 4 9683
288110 10 7105
15416071 60 9929
1828679 92 3850
5416989 19 4733
125889 1 1890
8946229 65 8927
232730 44 5775
15165524 85 8090
4207562 52 8147
1489506 84 2447
11771322 73 8745
195999 66 551
4069643 11 2856
8126307 36 9094
1626706 72 2333
3841979 9 4498
20116 86 486
16796263 59 6606
2608369 20 6139
27610648 5 9302
9108453 80 9570
27526844 28 8968
53800 2 286
8525182 84 8223
524656 18 8461
1275517 4 9201
21129972 89 9178
1296318 18 1761
102341 34 1014
13193 74 2892
9305 36 1121
2825735 76 2412
20177506 14 6369
3035337 51 2924
84232 2 4524
18433146 61 7213
18188715 40 8059
4211549 17 7563
1006267 73 2355
1 69 466
3555908 50 3761
32372229 90 8481
11413740 48 7288
162804 93 2846
3342957 7 6632
512570 35 1709
936992 56 6264
30302213 42 7861
9858 16 3110
6024688 33 6689
1352656 41 1618
66057 12 2405
3299589 61 6021
6544093 88 4840
12832015 24 6763
15888336 20 8778
6003643 22 3430
3430451 70 7149
5272588 71 5752
962492 67 3798
25040 99 5189
331491 89 3318
1 46 3738
206622 40 2624
5120263 29 4987
18803789 90 7209
12075814 93 6294
24094910 69 8898
2815891 51 3794
4657955 56 3276
881 62 2839
10908672 41 4624
1347601 5 2144
308650 40 2283
15554606 47 8704
4960964 63 3650
2356651 79 9028
1921046 89 3769
14803691 47 8047
4306831 22 4873
5088371 65 3495
11461390 61 4860
3366881 38 3477
24839005 79 8294
1123953 80 1610
411884 78 1401
955566 46 1814
427514 71 1184
40738 83 1251
108156 46 3325
11878346 71 6553
3502177 20 3635
2010596 83 4944
21829068 13 8228
554498 9 7055
5823953 19 6655
10378960 41 5490
17796128 17 9399
1105167 81 2749
6022475 94 3620
9389434 15 9194
925866 75 4996
3645369 90 7194
2606697 48 6957
20082 14 1629
279919 93 908
39959 83 588
15670 43 1576
190218 37 2073
1287379 44 4793
86305 66 3279
32689 100 1346
6179147 1 3821
15036531 55 5700
29554696 11 8037
2717628 77 3881
1685659 91 2858
7099007 84 4733
174471 86 2674
1030785 80 4900
1075 63 9737
15643655 33 9836
159557 83 1714
5631559 92 9394
7372978 48 6153
201974 54 7429
972166 6 2448
4828963 100 3621
11297806 5 7484
8528196 4 8845
65541 78 8512
206986 93 1532
4494983 4 3287
1690640 90 2557
5828518 25 5620
4749943 13 5568
1043279 18 2056
12698921 7 5785
9017898 65 4256
2793630 17 5805
3998462 92 5412
1695 85 242
416568 68 9076
778754 62 1575
2342903 54 7696
37636187 19 8763
556214 97 9515
3923794 79 9268
5903834 42 3445
19025 62 494
1099523 26 9588
1657801 52 7517
2666706 52 7223
6628597 38 3644
1481258 49 3087
13176877 53 7845
11497145 41 6147
1231 7 6052
430859 21 956
1236517 20 5948
1284869 88 8997
14621 15 1095
4572258 95 7818
3273549 86 4280
12647115 39 6967
991662 23 1372
78209 86 9493
104105 15 7781
2079963 79 6133
445863 71 1411
8267673 64 4308
4678670 43 6309
8025337 57 7363
273189 84 1306
954699 11 5974
560523 72 3201
6430124 93 4679
522074 10 1809
23260893 88 9804
14876724 38 6943
6662 55 3427
211593 24 638
16920330 21 7505
12166637 87 9787
18149391 90 7552
27771214 69 7802
8453849 10 4798
3709139 47 4869
6109848 49 4176
9400532 73 6274
52010 10 846
22348231 19 7985
1668892 81 6151
9228297 76 4398
262189 19 8412
35617839 49 9209
10735092 57 8373
1866598 6 4021
140905 99 8927
159332 71 3223
1944034 2 9365
23101 13 1017
4856 88 219
575441 94 4195
1549108 40 9913
7861930 68 5178
26878843 43 9125
663260 60 1275
1500894 88 9113
1120461 71 2357
19958725 34 9276
43118 14 822
13071708 16 8450
1202388 44 3289
5039449 100 3145
7623435 43 4159
31582946 5 9323
402057 100 1425
1270188 89 3571
897993 74 2474
3463892 19 4014
7867720 1 9727
2757 21 910
20957399 9 6502
732545 72 2405
89726 9 1205
271403 31 8038
234443 26 4750
419628 62 1664
4555847 43 4616
1 46 371
2583523 4 9343
18973741 10 9306
2494756 72 2615
315471 72 5939
4851925 62 5460
15296812 72 8107
2465555 25 3044
629146 88 4315
3145430 14 9710
8643032 89 8333
1237192 40 2058
2207126 90 5717
3030747 25 2400
11006782 98 6137
71919 1 297
6150739 12 4811
4145910 97 4703
3538785 53 4045
9151321 8 6686
997759 6 8022
10799660 23 6337
1 47 116
83198 87 1465
11663 43 926
36694441 91 9182
1243931 50 2659
6239274 68 4305
16136447 94 8362
13678940 85 6869
1674062 1 3672
32038 9 2402
4963765 14 4736
141993 40 9687
131745 79 1162
17026652 7 6105
7726956 42 6747
954950 31 4679
436446 97 4038
33797434 62 8744
184199 16 2502
4762420 30 3314
7634566 35 8110
164132 11 1519
297 13 62
3386443 60 8620
356101 23 3316
5555415 52 8396
124586 54 2875
5122492 32 7794
66334 44 344
601715 37 4864
947587 34 9234
1224657 55 2315
56164 54 615
4898922 94 5227
39605 6 265
3280996 48 8236
13148784 37 7754
104601 83 1652
35454487 50 9559
250721 54 1025
61062 58 4761
22545109 1 8789
152142 41 559
539931 5 1100
23736145 2 8908
1458700 37 6130
104306 34 2782
21788496 35 8284
174661 32 8163
3688 66 6283
12995076 30 5532
9882519 39 7755
1483 28 340
7915388 49 7241
28441689 7 8110
628 16 690
237114 15 1316
796160 98 2933
11382236 50 5770
87807 10 1236
136370 15 1975
4810285 44 9470
1908570 74 7860
1108836 42 1851
221847 20 802
13456863 96 8424
2912710 50 2632
48289409 80 9950
14489221 63 5355
908664 16 2994
2185 5 4806
50333 65 300
3910936 64 4021
503472 6 6885
916351 50 3274
3150407 60 6683
57151 31 3426
28896459 50 7734
3088312 16 3966
2527994 72 2319
746510 44 3205
23515201 98 7907
703149 86 3944
303193 48 4349
108328 67 9554
5094340 15 4415
117846 33 2896
6384399 73 4736
2132833 68 4028
14271863 33 6781
49 5 1521
23696254 29 9054
1936227 90 5044
1332874 45 1965
5888510 14 8472
22756851 88 9005
360359 87 8862
38859 12 1274
9931049 44 4983
499814 36 4083
161816 70 9507
28807 52 531
6386029 66 4017
490615 72 1534
5541386 20 4438
33257788 55 9506
1287893 36 3794
84737 92 943
24922209 55 8274
4509044 79 3385
27676007 33 9893
77401 25 3115
15659666 43 9589
131444 95 588
165506 87 8036
37548 81 713
12593899 9 9920
3689071 9 8214
4974673 36 5537
33437 74 1778
615393 74 1720
5063119 77 8745
2544229 7 2784
6155116 11 4368
37965 11 3115
8832292 97 5439
9296497 10 8088
1044157 61 1846
153131 23 3965
1256918 29 1677
27719161 93 7705
536837 17 1879
2371152 5 2649
2439893 9 4963
357506 45 1634
328544 92 2209
249981 79 6844
1 93 236
488628 87 5283
2889 52 349
89234 20 444
7363054 2 6257
4988178 87 4843
936363 6 2471
2002374 46 6146
1 92 513
10264703 29 6704
36040829 19 8570
224410 52 2191
878359 88 1929
24039621 67 8182
1765243 46 2187
73785 13 2580
7737344 35 5193
150113 79 6492
7502224 62 6844
2155901 51 2556
9328692 80 6157
3189644 10 5502
3923290 19 5493
9625794 20 7615
5063100 50 9601
311298 73 3153
9214 75 3443
14240520 40 9384
122607 93 2756
280410 77 892
25173151 80 9056
522 2 1497
20757 81 4822
24719789 34 7635
15188004 17 5601
15980266 82 8045
262003 66 3432
1408588 13 4466
614481 99 3626
22607985 30 7635
4485470 6 3725
413826 100 5913
3163769 15 3025
25708 100 458
662 5 2913
70583 68 8538
495201 16 8359
456480 36 4228
266524 22 9220
326921 49 1140
44809754 28 9864
35687 91 1041
3806654 85 3286
3654245 71 5220
785211 53 8802
579669 51 1143
9915086 100 7276
5613295 24 7462
5473 3 3754
4645976 65 9433
2322399 91 3367
2202191 13 4395
136369 66 1094
956126 77 3381
11159748 14 9631
18317273 97 7660
8119 85 383
7966542 100 6676
10533297 5 9503
2356901 39 3817
13127512 73 7090
8821599 76 5267
2083301 60 9015
7945552 11 5368
130537 74 6237
135962 93 499
2712593 46 7066
15747 41 367
34356193 16 8281
3139208 96 4757
3174291 17 8046
9520448 67 8104
138056 59 939
7324341 90 4591
382971 52 1245
1 53 2721
20007937 50 6798
10613041 74 5562
103023 10 8105
30188999 93 8248
2426945 26 2597
611864 1 9252
107650 85 7174
19635832 55 6367
3572015 36 5478
2432012 11 9995
578165 83 3533
6506903 53 3913
3288136 98 7015
63103 73 3030
5217854 10 4530
45161 77 486
4265525 30 5873
1 75 582
11645 83 1237
10063050 21 4724
1592 12 428
15537021 97 5899
19968660 3 9258
26258 20 246
509521 46 6324
357960 5 1980
1374097 46 4557
198361 4 9643
8018172 88 6057
21593909 27 7431
6991689 63 6083
3402170 30 3140
27866131 6 8741
4130 57 4083
1182139 74 3590
2186554 20 2351
371725 21 4859
2002635 53 5475
738290 88 3230
28064120 76 8270
3097733 39 5485
56169 43 4389
26432834 18 7739
1534515 46 5950
9935614 71 4900
8604751 56 5610
423071 36 1155
6776809 45 9193
570 27 1156
330954 2 8288
3068702 23 9200
4747756 77 6499
1636 30 226
297502 79 2142
169688 38 8619
43129 66 1850
14287920 96 9480
11948443 40 6572
559065 52 5832
4439471 28 8683
869272 17 3777
3542690 68 9637
9905709 33 4410
4994058 69 4853
15022875 83 5954
296164 29 1067
1851780 79 6985
3149232 64 6664
20615784 58 8899
4870746 28 5426
2018018 70 9806
16060 54 244
213580 92 1967
8668133 66 7574
1432448 83 5725
587985 42 2989
11222286 23 5227
1995525 46 4106
4771 22 8236
2261934 79 4827
1747362 47 1858
35020 4 4744
236538 23 1175
49221 39 4713
5721164 63 5112
30542882 83 9831
4784 71 6280
10270366 81 5706
20315986 71 8220
2639 69 6911
1741413 94 1990
5797956 26 3923
4384447 62 3984
1062742 37 6055
4459457 100 9741
750059 14 6430
1 23 81
11308215 58 4946
116097 81 840
4593699 81 4491
674 6 4280
29107267 81 7646
127676 36 863
1 47 292
36163 47 3120
2467215 10 3661
179527 88 1316
948952 73 1692
132910 93 561
1 61 154
1789011 55 3327
5524913 98 8167
10609 12 1819
1884157 89 1929
2266789 28 9630
2147309 76 6276
302245 21 2052
29029220 63 9031
36647392 28 9862
5930959 94 5074
7437276 77 5386
12284264 13 6145
327416 91 1884
210406 42 2642
30903160 76 9829
25501732 31 9966
154708 57 6333
28154612 65 7974
14808 54 1732
1943663 58 4150
971044 85 3414
8059617 26 8072
25165 34 2608
1828671 98 7427
3474697 60 8055
19900938 2 8681
1139686 78 4742
3655207 7 3378
253949 47 2144
791175 88 9511
37739787 95 8631
14058525 31 6352
7882039 50 8086
365934 30 1011
71713 18 6853
1270514 6 8491
1225741 79 3819
1020122 28 6695
671334 35 6392
19194347 86 9882
200144 28 6958
60995 76 8148
25909 36 5813
16458 99 6632
133838 24 6803
9841221 52 6213
24836747 94 7466
3180431 88 5872
11625634 81 8891
14575 76 1189
85121 44 689
30638544 68 9643
12780151 18 6641
1617047 85 1794
292828 6 3795
4700730 9 2978
4376664 3 5645
35907618 29 9469
728746 58 5627
5178562 41 5117
190566 49 2312
3269 31 5474
2757665 68 9693
1203211 15 8552
1781799 16 2623
20044893 96 7440
234362 25 1830
17371 10 7211
1554191 13 2704
1938812 78 2389
504838 98 1572
73850 85 1333
45079 57 337
46596879 39 9819
5292076 23 6147
332838 57 1054
508268 77 2237
1873345 66 1976
4078539 89 3083
7726735 27 9463
482 5 229
20566097 87 6532
285366 55 1035
386222 11 1775
810996 9 6059
218917 83 3035
9196231 52 6047
205254 90 1999
14040110 90 7525
29312523 71 9777
572549 53 1213
13944468 23 6586
476955 80 5083
31106 97 358
3796066 55 2866
10407763 41 6420
255387 95 5584
12522746 35 6208
1408170 45 8538
186857 8 2257
904759 94 4329
179640 47 4438
115040 17 2889
80180 49 661
3578 35 180
28694348 52 9557
647702 97 1650
2942507 59 2781
9572603 3 5953
3218900 94 3637
10907714 90 8715
2294663 45 5233
4727828 19 5344
195918 69 7975
10882781 20 7465
1416575 4 4988
1073210 77 1500
84943 27 5235
157765 56 1304
60799 77 4181
15118837 42 8544
733946 53 3427
800579 60 3062
4478387 63 6516
4530554 47 3974
13582429 86 9506
30929 22 9687
20224481 28 8252
7241255 4 7794
32740 29 4874
10803090 56 5820
360577 31 8964
32385 88 999
37645853 24 8762
27768888 83 8020
152990 99 5764
13745354 98 6163
11700784 49 8835
20335489 24 7211
1684 72 5659
34012568 11 9834
16346 75 664
9764342 66 7902
552125 90 5470
3937703 68 3993
1428510 15 7815
225465 52 2995
24636471 64 8134
53289 43 451
2646476 76 2408
767842 13 1706
316552 26 2392
27037999 46 8976
15853 54 822
91116 53 541
178601 1 5348
1394 49 6889
6517746 42 4949
6790556 15 4242
13385343 99 6347
903689 17 3703
403869 21 1523
14717960 10 8235
40076882 49 9292
717775 41 1444
1 91 1096
1764174 16 2537
9416 61 129
33997269 62 9340
6197316 71 8800
26809395 33 9990
724175 60 1249
6731923 28 9995
7531145 82 3864
15667206 59 7354
561194 72 3810
10058019 29 9901
8440707 45 4465
320256 13 1420
4118488 82 7508
2270 91 96
5673895 30 9514
13350436 59 6056
393679 99 2405
12882751 13 7636
20121332 23 8748
13894 17 1200
1751186 52 4463
646 46 6025
10581338 58 8449
10488131 66 4918
4959385 68 6379
1 84 3986
137625 36 1317
1824721 5 2897
2696486 18 5840
10139630 52 6246
2327316 27 4833
5592443 80 4683
6005 3 6354
10657550 66 8712
1 98 273
1408571 69 6958
2155468 49 4240
1602094 88 1694
2051130 47 5563
917429 38 4980
1610279 38 4119
16485283 7 9618
1696251 82 7072
172888 30 4974
4601434 52 7690
865370 93 6256
2342622 52 6419
1785431 19 4255
3088403 82 2869
4356477 78 7573
156716 90 8135
26576341 30 9844
56784 29 3542
803470 48 7426
6725578 95 9574
2317986 48 3056
260014 12 1630
163089 3 2105
14404839 7 5850
3208746 67 3978
42179902 53 9424
15820405 53 5916
2137352 89 2601
41991783 34 9811
16495875 90 9051
258968 90 1193
45240681 11 9826
2174814 55 2709
8290940 66 8855
124934 31 3820
3876394 90 8111
43798517 26 9477
3706465 65 4595
385403 62 945
261608 80 2616
6536646 46 3865
4287 48 9804
19774870 26 7502
1 63 1754
892047 33 9551
35041865 83 8958
20450362 69 8794
86114 31 342
782482 39 7853
364685 68 8351
6612151 1 4293
12003302 63 5168
2923350 33 4454
1411338 54 4670
4423 97 4410
26962 36 767
590029 39 1598
29242813 95 9331
15191478 54 5518
1833022 34 2178
900582 66 1954
1889464 97 9834
794214 43 6456
17630 66 655
49349 57 1116
70301 16 1471
43118 73 3913
6843798 17 4033
1202892 91 1582
4914238 63 3046
6670107 11 6411
3718665 25 5479
1708 40 64
2030403 89 4839
1291873 69 9138
9311377 51 5663
39540 3 8074
398693 19 1480
17222921 10 9126
189905 43 1979
1794 90 4272
7568862 40 9268
2752316 51 3498
15611 71 6359
2277767 22 5644
1166022 82 4520
12225 88 839
10814 29 4443
3578924 14 6355
137904 34 3632
13578588 67 6164
158744 28 687
209760 43 8704
8178618 13 4835
1931436 7 2059
203327 12 1611
9536538 92 4669
815624 20 1386
9668565 97 7789
1533139 12 2741
6678335 85 5576
1 24 3244
20999769 1 9227
6341502 71 3756
7258583 41 4291
6660 96 333
145627 86 511
545524 45 8107
86751 74 2051
2316705 96 7220
3770436 27 9935
21107582 12 7841
7340290 93 9302
141822 6 2207
6570676 90 7779
1150829 64 7379
2519 7 55
491454 97 1137
20523740 16 7916
492732 41 1674
1047070 71 2421
22196936 51 8600
2787696 3 4627
7844781 88 5851
4503291 73 4831
6432374 74 4182
1085865 9 9631
3251170 3 5485
4565223 65 3808
52299 62 1058
11897884 83 6511
1190486 89 9333
15089430 95 7936
16973189 35 7353
11013209 21 8778
59239 13 1399
25844 56 431
2142835 81 3720
1 100 7909
7552136 41 9475
990848 79 1785
1533326 13 5624
387353 48 6321
14828625 68 6603
3703316 41 2628
43757 43 7986
243512 31 660
1308063 22 2467
2400262 29 6291
883866 25 1487
3364692 88 9475
405354 71 7776
11798 86 506
553128 25 1773
36099515 3 9100
33018 41 387
5250019 10 4327
71084 4 3228
638577 8 3656
1932533 15 4591
8038333 72 7920
5848657 66 7308
17354748 84 8707
22749 99 5409
379553 94 8511
12831280 86 7403
1 39 605
730849 68 3604
5663770 19 7723
3185 13 501
571178 98 1830
93761 1 404
4980273 12 9618
421978 21 1981
2026 30 310
5412559 56 4965
663420 14 5089
65370 97 1198
10219264 99 6381
6564457 87 5254
141886 73 1096
13968000 93 9803
216640 99 2067
7234 6 1518
390991 19 2129
11996978 55 5155
1664715 41 2559
868396 25 5403
19481 50 5767
2914551 62 4386
120769 78 6053
2778641 21 2464
129503 78 572
4504888 76 3182
3023551 1 8876
4420023 37 6095
645971 5 1334
7104177 77 5993
555406 82 2554
2859789 81 7973
362850 69 1609
12715 62 6168
3631046 91 7259
5440428 82 7688
609094 14 2504
242318 50 1629
1564234 54 3180
13329 44 9749
1850063 82 7083
636340 11 4428
976478 50 5502
2599435 91 3540
62583 62 3229
3408905 80 5829
1450519 84 2876
14026404 10 8108
5093805 94 8786
420 1 3903
332038 91 3399
2092966 45 6664
16265997 30 9467
11052303 63 5484
12664519 87 6579
8126292 7 4494
11847483 55 5669
2186331 78 4454
1882202 3 5147
2543129 87 2700
1087696 44 4989
184326 91 3106
9538993 24 4699
4923 32 1070
163337 49 4914
642337 59 3313
7804946 94 7269
1627579 39 7061
3258730 81 3412
28235901 13 9602
15000106 47 8959
129012 3 6135
336023 69 4033
2063825 75 5264
1868 48 123
1293756 20 9710
42900 65 1307
8121 76 1388
1190659 32 4137
687789 35 1451
1 54 8805
1 80 382
384475 48 2079
40584 55 491
1241854 81 7704
3716058 71 4723
1639958 99 1828
1216206 80 9547
4626 39 434
26556675 66 9031
33065654 99 9786
18211010 2 8375
443963 91 2457
1915856 90 5044
19310374 60 9264
1031574 42 4022
24217008 10 7257
1728411 19 2504
24830 6 4353
230044 11 583
5406835 17 4077
4976031 92 5862
717699 12 2293
89117 100 3344
20963 39 1149
3546437 17 4149
43499 95 1965
907196 38 2864
7495150 66 8642
1090152 12 6979
4201468 40 8284
11589916 51 5803
38976 84 303
72690 92 1176
14200 89 1990
30362424 81 7803
42589 74 894
6072621 67 4602
1369025 87 5716
199072 2 2828
4618250 75 6247
70719 4 1527
226419 22 6302
1258285 98 1527
4518647 92 3488
242538 36 2773
809188 78 3645
2806408 16 9148
1 56 5176
48944 89 968
421298 92 2323
948944 50 4514
60529 60 1155
1379518 89 6224
36408825 92 9578
5724382 3 6780
6052375 83 7573
5521890 43 3557
12482779 79 6278
394455 27 5505
4930214 82 7335
109230 17 9636
24541482 99 7280
12690285 8 6289
1819797 50 7468
7905483 28 6571
19609218 27 7762
14074097 38 5780
843843 19 1458
27561966 75 8141
5172431 99 6327
1848234 32 2052
46936 67 487
85971 95 3076
3329768 7 3816
4459533 19 4284
18162812 35 6395
10147518 7 5144
4800895 3 6052
107274 91 8665
7532922 27 9037
64399 2 4873
2057592 60 3767
188845 73 2936
3606089 59 5749
25051332 32 7776
2073018 84 4706
1131342 91 2050
1202849 37 3159
36371 47 2196
690289 87 9422
2256829 7 3065
2646959 46 6620
47391 72 3190
4759083 83 6103
2602696 87 6231
22501 3 205
3814449 80 5159
34662398 47 9157
3102701 45 4635
6416842 11 3935
1668214 87 6488
2724192 71 6029
65542 93 8574
2017141 61 2028
53471 91 1216
1024963 52 4735
79865 43 389
505853 10 2996
23242316 88 6856
22239745 91 7636
9370131 43 9646
141332 22 1055
12734895 19 5259
31952125 41 8840
113843 22 3916
993649 71 8835
17191 75 494
6762 80 185
29134214 92 8783
6109480 51 9976
38787499 57 9823
2136946 10 3377
965769 67 4247
116167 28 550
2074034 95 3992
3285484 51 9517
295628 63 2501
52670 42 1958
3805644 62 9172
1346278 79 2529
570835 41 8972
2027199 65 2108
457080 88 9020
36155555 1 9475
4109837 34 7636
1659947 15 9812
969845 62 3057
1035 24 3814
1564258 70 1774
6307277 1 3725
2926618 93 9355
584512 97 4255
8093 99 176
44145 67 6897
13975 20 9500
41608193 40 9134
20121 88 1681
17163959 46 9313
4614074 23 5423
1 70 932
650578 12 8924
12773 65 1528
219482 99 1008
4793989 66 3315
2491696 96 4041
20106385 60 6246
274546 96 6833
30303614 72 9385
350808 100 2304
635885 76 1592
185446 2 2224
35459 73 8656
619838 95 4453
8779998 76 6464
486727 95 4016
181744 75 791
157582 64 2633
318575 49 817
266910 49 2034
3479138 13 5721
1757298 53 3766
1472197 23 3302
28922 99 2507
3729952 65 4344
22848317 58 7739
132867 91 814
2889423 92 3336
73381 50 287
6098995 10 4216
24304569 8 9680
2520775 16 4848
9864664 34 7066
16502640 75 8666
18004137 56 7627
302750 80 2707
660092 39 1335
662369 88 3369
15521986 61 7179
933294 2 5240
101507 34 2542
240270 48 1405
7788439 14 4936
1977335 9 3228
551402 79 2593
35404048 96 9409
135735 24 1821
27370 75 9229
37665 52 1617
1 90 230
1180521 84 3743
2604861 51 8614
4982943 54 8424
25355198 51 8262
79111 28 2702
19200867 6 6764
11431053 21 8654
9851 83 2302
1076 32 97
1047863 75 3001
7620616 72 8956
4528 17 213
3153128 99 3529
157030 20 4064
1186749 26 5481
4498257 3 5118
631863 6 3573
2499388 9 5430
45157 20 755
10746 8 119
7789801 93 7266
25928420 43 7436
4725148 94 3256
11463060 61 5425
1496802 61 6722
31682497 45 9644
7726709 56 4709
151502 52 1433
1929868 7 6835
21750525 63 9119
7928937 13 8180
2992247 6 3209
232614 88 3749
9875128 20 9818
1363 40 107
22844274 92 9368
7308554 80 5222
14386606 96 7771
54383 87 389
11006293 94 5529
1 54 6726
433748 72 9013
4310145 38 6295
7995424 72 9626
734965 52 3533
18399 69 1629
4168 74 4954
5172092 36 3961
21835707 59 9947
7692088 55 8068
11073932 98 7748
2392218 27 2687
581869 93 1127
60343 97 1199
6687999 74 5946
2130875 39 5690
14850779 49 7336
15320253 48 7888
2186177 57 8338
5589011 61 7000
7983644 77 7472
3596803 81 3488
17705745 62 6377
5017718 17 4560
220743 74 1443
430222 11 3882
15868511 82 8047
2935291 5 4841
516127 15 1013
2476901 58 9162
328639 93 3692
569103 71 2417
276984 35 7604
11453854 65 6344
6073255 60 8207
4616771 34 5411
425118 52 1132
2115587 18 2452
8541241 71 7070
20846427 34 8255
10681741 79 6469
142557 63 1042
316927 67 9005
1531828 52 2202
2075880 69 8708
2390228 91 9003
15055179 47 9171
1543111 73 6461
3631207 47 9873
1651085 57 3903
9958035 100 8265
1433972 38 6509
930299 45 5255
13721668 88 9597
889968 29 1383
6102 30 474
57715 42 327
1193940 14 2028
8018251 66 8576
2900010 17 8356
29952625 94 8812
1061965 87 2472
551200 27 1076
33850027 86 9239
19237067 38 8156
1 64 407
1181192 34 3325
17986304 64 9055
553243 34 1292
1593130 26 4611
7490416 7 3962
141063 41 587
9798 11 193
28665355 67 7945
1150997 25 8454
199761 97 697
381324 92 7375
8164777 22 7979
150454 94 8699
9419 84 97
1803854 30 8917
35024016 24 8753
1462935 9 2688
1160169 37 3722
1290598 15 4173
1703643 49 7713
1916737 85 9637
62276 13 9381
14454913 29 7767
339215 72 1093
3618277 21 7709
233289 68 2818
236990 38 3300
446289 16 969
5542101 67 4281
2507035 64 6226
1178048 24 4694
9126945 87 8671
17797908 50 6699
4054038 30 9616
1744692 20 2018
3166872 79 9404
201971 28 5339
417781 13 2000
288232 34 5136
2668733 42 5758
2007 8 213
47906 47 3963
5043633 12 4670
16384269 73 9337
107107 10 1084
566451 12 6647
8619783 91 8132
2019080 61 8852
78 73 3695
1064910 91 2661
158124 96 5264
1541263 33 6934
5895617 52 4197
17212013 12 9859
2194209 12 4961
1399 24 9997
1 98 439
719 20 1664
11605510 61 7649
1697285 73 5090
1214578 41 1737
1384359 49 6299
13855938 80 7630
22146848 52 9168
7412200 54 6580
2086436 65 4582
4404443 7 4035
7606473 96 7962
19225150 98 9468
4347151 56 3132
7172035 89 4590
46295 10 2211
51794 52 4356
63258 3 971
15819499 44 6185
7982 23 72
13961368 95 7263
28232 12 2639
19749815 96 6942
152567 63 978
223659 79 7897
4615558 18 3766
574018 85 1333
31128373 70 8257
21072 28 1669
5035533 59 4291
4279775 17 5106
3616781 77 8011
14280175 84 6386
920049 86 6065
1909497 15 6121
348660 12 1223
2295 20 416
1096964 39 5766
51327 99 2564
11161722 63 8595
11489414 31 8125
37989302 29 9382
9473727 30 4540
10937235 46 6283
310981 51 2391
13119149 23 6482
1478199 21 6476
36413921 43 9189
205809 86 6232
50750 69 370
12929 50 401
7999 15 5676
2396272 96 5006
326624 1 1520
446211 35 1021
14900727 90 8676
330339 2 5077
555 54 1121
1793 32 6872
958095 19 3496
15294 1 8258
6459041 46 5056
1991773 50 4586
219317 95 2107
572428 32 1142
49283 29 266
9118 19 8294
12841906 96 5689
10516812 17 5107
602173 87 1295
21353306 9 9903
12796 23 62
1503615 17 7251
803541 17 1518
23839876 34 8243
5386609 1 8358
10488822 12 9017
12634378 1 7153
2496743 7 9731
382026 49 8981
2205328 90 6394
42892 27 900
272414 7 2155
121583 97 433
2864692 3 4521
363233 34 2907
30274 66 170
7135354 11 5995
1 94 1083
1393071 30 2749
24158267 32 7188
755521 33 1428
16151987 82 6939
16353688 36 6421
282824 84 5165
12825639 54 9506
7242718 51 8045
5651195 33 9660
5573806 95 4029
135695 26 5142
4015979 79 3878
8184616 75 7624
1956175 66 5328
5910258 1 9444
5555980 98 5709
764936 25 1407
122592 68 6822
14839341 68 8699
25717665 61 9776
1329845 68 9744
1871663 78 1866
946914 11 1556
12322867 36 6698
10634148 72 6610
2555819 86 7462
299 27 583
4769519 39 6331
3600 6 109
311092 75 3602
7204318 41 9715
1232062 4 2296
2010344 15 3296
4285111 35 2953
143981 5 663
18603337 82 6363
979450 12 4346
23441 87 430
6047212 6 5382
95086 66 518
1355376 55 9301
547202 19 6800
192306 81 4151
7808019 81 5833
53827 56 1519
1561881 80 5359
22304107 31 7599
2113265 86 2140
161705 28 3598
1832909 13 7661
18427546 24 6596
110016 3 1006
2743495 1 4834
129344 76 1532
14595504 6 6183
29419797 56 9692
331444 51 3897
46529364 57 9600
89957 70 7234
37857 6 6975
17361429 37 7884
26228538 31 8059
629991 16 8122
483467 84 4470
98766 90 3122
4105885 74 3865
1869651 42 5554
61981 53 1267
13545013 49 9165
4715862 96 8557
12475990 39 6231
41644137 30 9904
1055386 98 4245
12393895 37 6569
438574 100 4447
1219926 13 6595
42527 80 2040
608985 13 4305
337156 100 858
1940327 67 9837
20445 37 4542
48041 54 7010
17460040 79 7603
237752 42 6179
1590269 95 2434
1953743 76 7380
37219620 64 9831
2104346 62 2087
35405258 95 9939
5033087 52 7877
5573 48 4402
2792486 97 2764
1 80 7010
438863 98 1271
777502 66 2650
276641 29 8791
4970874 63 3633
3438206 86 3206
37522010 79 9101
3445085 51 8461
499178 96 1961
6858778 60 8164
4673180 20 3722
377976 67 7502
139376 82 7957
12115 28 250
33963 91 478
25270 15 441
273502 35 1423
9383205 44 7982
1390579 16 2291
1503617 39 5852
2309929 56 4152
624 50 1073
343302 61 9806
8276750 4 5340
2272564 75 3643
1514277 16 2007
217819 47 8266
892088 70 3348
41696516 82 9807
16622442 15 7131
1 45 994
27460026 95 9764
1521474 19 2390
12418236 4 8726
6170715 75 7391
15234419 79 5712
4152900 30 9498
2261193 48 4336
4338504 4 8813
14354 67 427
5199162 13 6572
51741 4 1780
7710382 61 9596
2554116 53 3650
12646770 41 5137
26737 33 147
13432229 92 6728
15122353 85 5779
4760 14 77
731336 34 1279
5509178 76 9028
1858 77 4139
6886 47 3796
7669185 94 4682
3965234 25 3065
11091341 100 6581
30440815 4 8290
2634704 59 3877
1391021 37 7192
109586 85 1801
327558 54 4178
1 26 1000
295037 55 4096
176917 54 3052
4033646 54 3691
4016929 51 3719
386 3 393
1 49 8676
89626 4 608
43994 49 2124
7711915 12 4777
23450422 70 9362
1934419 94 2867
127246 38 609
6399807 31 9874
338395 79 3414
12637057 24 6142
1649287 13 4712
502364 48 5684
79323 8 322
645670 81 1053
14135295 56 5927
198324 21 3193
1429339 18 5200
190583 8 570
17861131 69 6738
3851593 19 7876
350102 58 7294
763520 15 4510
243422 64 642
4431592 83 5665
4552724 55 3253
344501 22 1546
87783 7 1613
866137 7 2392
226130 18 2225
587199 76 8446
149421 52 642
39375286 92 9768
2167190 93 3082
4505939 9 6506
81627 18 995
11003234 5 7830
2342306 98 8984
20945053 49 8542
32650314 25 9993
4751396 32 6347
2822232 45 7041
60245 99 7034
9503642 10 5862
1720440 68 7793
11818747 68 5652
8474256 45 6605
2653051 3 3454
68805 66 1829
16766 24 4045
501820 34 7065
1022241 32 6084
15515279 19 7726
898145 57 8018
6272063 21 7028
3075313 26 6455
243903 79 6087
3935 35 179
2155 13 1299
23111746 71 7179
18579510 47 8519
82647 67 2863
412 27 4545
758514 90 5067
504560 74 1011
2469487 99 7054
2240723 91 3182
931375 52 2772
135104 48 1729
2374076 24 3782
3265448 79 2484
19540619 1 9815
1268493 17 7534
130261 5 3970
6366818 81 5040
21724 52 3744
1608534 87 6574
7898426 66 4290
1025697 87 1881
3000566 11 8493
78816 17 9780
12469177 57 6348
6838588 96 7326
5511046 53 8696
9045666 47 4188
13519976 50 6909
336038 51 1505
10963875 87 8477
1142469 41 8031
7388972 31 7491
49371 6 9646
3939 55 209
5612241 74 4715
140675 72 582
5419928 98 9788
157945 40 1193
10180672 93 5478
11864541 36 7859
118467 92 1429
214575 24 1587
12773627 12 7456
3526103 97 6599
2484368 9 2788
5053100 6 5098
163534 36 7985
19454374 74 8807
4653925 28 3540
12504209 72 5593
8407254 98 4150
1395679 40 8850
225398 60 5612
3981709 40 6797
240820 55 2841
25046680 26 7045
10601979 14 5442
352852 12 1114
17945121 52 8506
169549 54 521
689304 15 2829
3801078 48 5989
6112437 20 4271
3934016 3 8031
5863 9 2461
11859081 39 5436
5718997 52 3689
3131697 4 9035
5663629 95 7553
17175 69 6134
1482122 33 6028
437676 85 1061
7955755 66 6253
13504835 15 5805
1127 6 66
15 5 1164
36255 91 942
177410 81 1742
9158272 68 8446
3030262 21 3019
5999191 4 7950
42877 21 960
1981693 57 9407
6375277 68 4126
195858 67 1085
40055200 34 9846
1504754 46 1979
2806449 31 3920
4127908 25 9485
11696455 60 5082
7700573 52 5967
10855363 10 6653
3644356 5 2662
4016802 21 5313
2931632 53 4077
7309822 53 5073
4726785 43 8107
21870257 65 7090
18652417 70 8859
31967564 52 9223
883734 27 1374
926299 7 7646
1608325 66 2045
85621 99 1100
33094 34 202
1802927 63 2450
7331 26 532
27254642 20 7669
54929 41 3917
1277957 14 6090
609714 74 7511
34141 19 278
169673 86 4435
2468483 55 4458
11150632 69 7601
15556047 70 7296
22459817 12 7139
1 86 675
4434200 9 5877
148317 51 1140
29041283 67 8931
12344121 98 4885
6098756 86 5351
72569 15 328
2486774 32 5705
1441440 78 9087
1 66 1656
639735 29 2212
2718605 50 4465
3188734 41 9911
356733 96 888
13015851 9 8895
1147305 72 4189
2500513 93 2937
18422662 11 8314
315273 56 890
3303928 44 4453
14501121 1 7570
2857351 82 8886
13918 37 553
2056077 61 2545
3849836 66 5366
16011324 55 7574
2179410 59 5720
223576 45 747
8455216 79 7394
21143665 37 9459
2596 94 2115
21159266 54 8097
21809841 36 7600
2375556 20 5016
27117 29 9921
3202377 27 4224
3425595 74 8675
24924237 54 7067
39494 94 4898
935160 43 3797
5952686 49 8016
1637884 90 6041
12802486 44 8805
1529 56 1062
6028851 71 3590
1093624 39 7684
19330493 60 8075
817661 37 6423
333274 44 4820
523151 48 2849
1607753 51 3249
1693553 13 2044
641521 21 5052
6908502 61 5322
1411780 70 8854
16231185 43 7297
19070336 79 6496
26296318 75 8548
13953391 65 6195
47999708 41 9849
54162 40 9151
35655 14 8047
25816604 76 9137
198124 90 2220
6206372 42 6673
2339800 41 6018
58520 43 1097
11720661 84 5843
13458875 47 9430
9385988 21 8794
3885003 74 3443
1877165 32 3438
10367427 50 7152
40274 17 485
81445 61 1468
22249109 70 6670
78825 74 554
1512031 32 1862
26532047 46 8218
485856 92 2237
58948 56 1041
7148 100 316
2149737 87 2072
14432576 87 8533
6778826 48 9126
11954811 61 8013
21932 41 530
21175126 72 8128
1023880 30 9566
4984351 39 6354
36621822 91 8825
3574 85 800
2542062 15 9775
10900905 61 5311
543212 31 1994
3196982 26 6094
9377 13 7497
2209367 78 2486
7660197 33 9258
8305 45 5183
1014782 26 6222
1385057 70 3859
18663578 41 6860
156372 82 6243
124247 10 1379
291042 77 713
510059 17 1120
1112550 28 9119
20957492 67 8348
24852298 27 8583
20885955 18 6381
12733607 99 5903
732324 11 1126
4008920 25 5161
45508 11 299
313369 29 1053
316642 100 4366
9852170 3 9726
5271785 86 8252
1463419 98 7787
1715618 88 2083
8572 67 226
27860 62 636
8501058 82 7924
12787745 13 5489
15908648 10 8213
31318 60 2679
469719 34 3932
256017 96 5723
484 64 2271
5376997 90 3888
5194915 56 7417
12878 41 7509
5149565 52 6519
2122 81 573
4921681 96 5996
129461 56 4741
5008631 17 4269
1950725 11 7725
3663433 96 9668
585873 72 1721
181439 3 3982
788329 67 2710
2401189 88 6716
23254802 68 7233
592449 87 2354
579796 32 1993
13507954 2 5919
14899086 44 8191
6433198 93 4219
594370 59 2577
278673 72 667
1551448 81 6373
228694 88 3371
10291 41 670
533898 78 2129
115924 70 7180
52786 58 5308
16568628 3 7329
4726565 8 8578
113385 71 3883
939095 6 2510
2091270 37 4655
1779321 77 2321
10307916 88 4472
4689086 93 3990
43524 7 259
15068598 54 9227
4653273 81 7815
111909 13 1509
42005386 76 9566
31741909 70 8808
303040 29 4538
19184971 49 9098
96958 22 1867
516107 79 1667
311 1 3521
18911475 70 7393
777820 6 9111
2834205 88 9875
22872 27 5019
4532494 32 3263
5353655 53 3286
1129072 35 2547
42979 34 7191
488169 65 8058
3119503 65 3319
19017399 92 7506
3895475 31 4837
6517 68 452
4542722 67 3853
20832913 81 6451
252562 98 1486
33374145 89 8790
2582233 94 2369
12643963 79 8804
247954 10 2185
7917948 63 4401
1638626 59 7842
146485 40 2900
1006465 99 1364
15416272 70 8112
6104406 17 6097
5097 82 1129
2067 26 60
5759719 83 5797
319647 95 1311
1334149 59 7258
270991 62 2518
3080897 84 3536
16024 53 471
45576 82 244
562036 68 4866
2916354 82 2494
98962 96 3710
3448225 23 9934
1018079 6 1840
682405 3 1539
6224241 81 9997
1433284 52 9967
12440503 83 8288
32240543 9 8081
1445191 85 2550
10611329 27 5371
343966 9 7374
6509 33 271
245769 3 6190
374027 86 7063
17479100 73 7658
26536 35 421
12582609 8 5298
2467799 56 6116
32937 76 719
32385 66 8792
10962150 69 6643
29582734 42 8269
17430602 24 6279
1329624 21 1705
9253397 2 6978
2003761 62 2342
1090121 88 1676
3956380 61 7063
9147 38 2277
1109209 87 7924
6453068 89 5114
877800 83 3401
3750147 74 3049
3972478 75 7152
612019 89 2836
498082 43 7325
7836714 98 6659
12111 24 933
7112789 30 9896
13659284 97 6172
22062 87 1251
322272 73 2110
6029534 44 3663
1 70 601
152747 4 3743
5957968 94 9525
294539 39 680
2290982 51 2573
19969 9 4245
155409 53 3150
2776609 90 7880
33552401 80 9809
2529228 37 3164
106586 5 2363
265037 69 8101
23124 55 775
2088292 10 5199
44579608 68 9608
379138 25 1050
533602 24 9701
5426355 86 7685
45784 31 2693
7479254 74 4403
102534 4 5282
10332049 54 5386
362442 91 1186
2548533 8 2632
30803 34 407
3043743 12 8462
4136 74 278
1453918 35 5692
3618745 98 6328
9673 20 183
19155272 14 6134
3503675 92 5199
4145965 77 7486
447788 4 1773
11280270 54 5717
2053291 74 2774
804957 99 1533
15806836 19 7628
8144673 3 5788
1663897 52 7314
4753 21 201
293606 40 1971
1369665 25 3617
40536864 28 9027
28930 3 876
272199 65 4148
6697972 52 6831
8374289 25 8485
7901508 6 9453
1 94 1540
98074 57 648
6902471 55 9511
20197124 18 8644
9309135 25 7684
1335798 92 2528
981790 97 2479
64062 49 3972
4182573 82 3556
554626 38 8117
50176 68 1447
782840 81 3404
123084 16 575
18509844 91 8261
272046 39 5103
5826005 52 3969
165615 5 1445
15984009 25 9804
16283570 49 9314
1 58 837
8518707 95 8738
173227 33 886
10240827 32 9240
1639120 2 7627
3066339 11 8429
354702 31 885
12530203 32 8649
1456116 11 5154
1921400 72 2186
88197 79 2947
516116 42 1553
368707 56 8364
1 52 2845
1 71 2289
6039922 75 4280
24558682 54 7002
403788 17 5994
3024206 22 3236
71900 73 8525
1530 42 7007
14586183 11 6085
270718 38 7120
1187131 31 2281
6279651 11 3934
4180943 43 3272
37760385 76 9203
2078553 88 2896
24501669 18 6999
198605 73 1630
1438283 31 2740
12323484 48 6373
35889245 25 9652
350061 66 2921
2627 60 179
636272 30 8352
1298651 8 3037
20644337 34 8598
19968992 44 6809
6158255 47 7104
1 29 3101
13756003 77 9510
7120952 88 3728
701730 43 1494
10893771 22 7170
22096504 92 9770
39484614 44 9978
463148 67 1374
7595932 62 3915
686199 29 1245
168578 7 489
1 97 323
183497 71 2193
1105753 58 3553
1257499 75 3835
66548 30 862
3458245 92 3247
3170580 68 6466
366709 34 879
1120640 73 1495
36617 34 3387
33433823 18 8792
2901532 61 4591
4381768 97 5848
7717 32 170
575359 30 3425
17966783 51 9173
1464887 57 2503
23592464 15 6804
1784259 50 2136
48399 13 297
235361 54 992
8671357 25 6603
2884198 63 5543
3195056 51 8423
43261 68 528
6657886 99 6372
77880 10 526
2920240 80 5382
1 69 2187
470455 1 2416
3932852 46 6730
881244 91 1604
5980915 48 4113
374717 66 2413
5956007 99 5894
604357 72 1270
3753229 95 5066
1 91 148
48344218 100 9800
818299 7 4115
978080 2 3137
298571 6 2657
6881572 44 4163
51983 23 594
2072808 62 4405
3514963 25 8389
2208697 1 2184
63542 6 1083
33537405 81 9416
7704735 49 6767
442878 21 1925
5501520 59 6285
5954484 83 6432
2026994 33 4847
1513109 36 3796
2877602 6 7813
23672434 74 7051
2063703 86 8390
12598787 17 9704
5630524 42 3889
27827841 57 8598
2079890 22 3499
77042 76 555
1939118 82 3247
26035685 48 9359
7817977 44 4723
180553 31 1086
1332507 44 3291
4323 47 842
2216 40 3731
1282402 50 2077
10975584 56 6972
2147509 22 9941
11854190 70 8902
6501 27 181
331906 95 4165
32859 7 7826
3637936 15 2919
188186 20 593
214158 23 1951
2876907 92 9320
131095 93 2033
1814118 49 6796
16097204 97 6898
1650452 26 7125
36005 100 2080
24956621 48 8656
13209673 23 7256
736016 95 1997
196560 23 1582
562450 44 2148
2885603 93 5733
4056165 13 7461
197463 79 643
12964744 70 5025
148351 66 9783
375107 93 4271
17456937 47 7085
11192179 89 6063
16570338 87 5841
7094818 50 4082
6884942 69 6103
688432 44 3646
759557 77 8245
88641 10 2645
144856 43 2553
1 92 325
11752470 43 6810
2457806 4 8524
170319 69 4107
5456738 97 6408
1590565 10 2975
102728 45 3277
1828690 90 9080
75480 51 5826
40844647 65 9204
7092073 43 4491
1613322 23 1721
1515569 8 4643
44887249 11 9822
183234 8 5101
5047224 9 4871
3613911 89 7593
83458 87 7936
23961591 61 8065
2487060 18 3564
104858 67 3699
10160221 20 5349
242738 36 3405
338458 49 4505
1454940 54 2503
4113178 18 8456
21751973 79 9723
2658406 36 4902
6418501 13 9734
577459 14 1716
4663631 59 3486
16114338 10 6139
52384 23 411
9888987 7 5213
2168681 52 9070
112 44 206
25974 85 3794
21578262 19 7071
295072 33 3076
7029 67 6182
6360 71 240
434721 68 908
474963 62 885
10409902 56 5235
1598666 65 3242
514114 86 1595
105 17 148
30658260 89 9787
3480471 6 9959
357594 83 1298
13761854 3 6067
40820 58 4604
8373489 42 5753
989306 40 8641
202300 100 2013
1526948 71 2371
1338868 60 1636
2970882 97 6813
243886 14 3469
871607 65 1791
4634293 11 4978
9667509 3 6508
11246281 54 8069
493608 75 1270
13115342 46 5235
19069535 19 7698
2642055 29 2807
328240 84 9558
826104 60 2649
517923 71 1089
6070349 51 3908
879048 75 2589
7250684 16 3741
12841888 27 9648
3619459 68 9386
5782423 66 6879
98719 61 3108
11122399 29 5795
10595518 13 7809
33732170 67 9943
1200 18 9725
8373 91 4927
2648878 8 3258
10532577 51 5437
183229 82 1862
10932 35 160
96781 41 397
29209649 47 7799
6113885 12 8404
3067 94 2537
9334130 42 6682
28892357 98 7980
42784 14 357
5595296 10 3774
16306442 88 8636
2048174 73 5533
239843 73 1050
32994 52 9696
257846 25 3764
170310 45 2601
8470 21 8075
1892159 64 5887
4047603 58 3432
4940 18 8795
1141148 52 4972
27355865 68 8727
6683 50 654
1649581 18 2970
165555 86 1994
1 76 1644
914964 42 6483
2446800 8 7023
389614 16 5115
1386674 13 3984
18096526 91 8423
1 35 188
180102 23 5979
372377 29 3028
17841636 5 6772
7526 71 3524
5512899 74 6728
20812796 78 8772
1835262 88 9022
2219750 99 2056
18478 71 8731
1839323 77 7820
5201152 42 8588
1631785 64 5048
2766948 37 7935
10692695 40 7183
1 89 616
776 5 9967
2691120 39 7921
32297344 83 8269
10504347 18 6497
8650892 73 9993
964578 17 1596
4422922 53 2925
10315266 62 5307
23313204 25 7604
119503 84 2072
8333978 81 7548
745 33 1386
5416854 43 4555
15948214 79 9136
1 95 1287
5146325 18 4336
11166 18 3117
5553056 29 6272
21222882 74 7728
14347784 81 7720
24457 46 6552
2335627 55 4242
27679 71 1421
617472 49 4219
15498491 53 6500
16826 88 3864
339261 62 785
5502892 29 4509
5630129 47 6136
67518 92 3396
205893 65 739
142576 49 4894
12737808 100 5520
4556562 77 6374
6396790 98 7241
2641164 69 7415
262013 2 4395
841853 5 2143
698632 16 1953
1323953 26 2226
1 40 47
12471892 47 6007
12422825 66 7924
1148602 26 2027
13762 71 1993
14758775 90 6520
796654 30 1433
8319930 52 7837
2825861 84 7653
7826366 38 5159
800007 11 3719
21362747 43 7619
25739 31 488
1181 78 2534
11973882 69 9276
6098294 40 3867
28850203 57 9070
714396 94 1709
6509270 57 3980
37807831 58 9202
7094386 19 5071
19558441 15 8459
19235242 38 8349
12115405 4 5211
6902110 80 4825
1 82 291
7644719 84 5585
188 59 9545
43543 27 8747
7603127 94 8745
30915617 56 8605
1 82 3418
4180387 47 6546
33431908 29 9832
8797956 52 8644
1742039 2 2967
12945633 22 6343
3871352 24 3674
1690890 44 2450
506337 86 6226
1192180 31 5666
1252351 26 2009
3464517 13 9160
3887332 19 3239
1513659 97 2441
192065 68 3833
442378 88 1338
2980893 44 7796
20616437 26 7117
6039708 99 9510
20536793 42 9488
5144 40 798
1837892 19 2250
525761 25 7123
2364 13 5871
431926 40 6614
66005 58 1705
2271218 99 7824
48431 44 1501
1693084 29 4801
17065854 54 8140
4605766 17 3539
28356868 78 9801
800128 55 2335
1738952 36 6775
277462 49 1564
287725 40 796
17932704 74 9076
1849882 96 5160
17889029 48 9785
8071502 19 6175
8028857 40 5592
201501 47 6910
1578664 38 2747
2601460 59 8495
5509306 82 5554
14024 77 193
23902738 90 8041
4532812 42 7072
179004 37 6373
529795 29 1632
2102978 97 3889
797497 23 8328
24066391 59 9571
6222995 57 8428
1175032 96 9057
1479988 40 6578
14117490 30 8243
21795618 34 7525
1567 7 19
124239 75 6517
243733 54 4616
3637800 4 4161
13621391 72 6889
4942057 61 4304
2921 18 127
27439682 22 8424
12897946 100 9117
6510292 85 6781
103844 47 8511
154482 55 2563
4798588 80 3199
2042828 99 4645
29847740 39 8561
4570913 64 3519
20326 37 938
7609679 15 6410
514 33 166
58101 74 1386
12615 37 71
4679858 64 4546
1075199 74 1617
41895 90 1520
9821969 88 6778
11241633 9 5285
4200 97 611
45890 53 746
2555607 48 3526
36575906 77 9221
3474908 67 8293
4215240 85 9036
101304 100 443
2607855 95 3947
18679697 88 7727
5788 81 7629
766724 53 3617
2999899 96 9965
20822949 98 8331
5298698 59 3304
418962 55 1922
814426 78 3048
2891243 94 3743
4980992 78 7602
113535 81 4051
7098889 43 7038
8431 12 151
1165847 88 2254
3245254 4 5770
114090 31 3159
663836 51 9750
1 39 5811
264 43 205
13216508 64 7505
16862767 6 8321
3669748 7 3364
2644755 5 2729
3940935 5 3176
19465 51 2447
2965471 52 9181
8660812 74 5473
1 88 117
5625254 93 8928
5102310 31 4762
18468321 83 7706
1220270 92 3908
7162427 29 5465
367 16 311
26344239 27 7564
5397165 62 8012
4643397 83 9548
1 79 256
3793440 79 8051
9283377 57 4346
1352977 49 3042
577881 58 3976
6058167 22 4790
3552190 94 3034
47022 31 3704
38845 60 849
1742167 46 3016
45528 3 7739
14418604 75 6303
22745332 73 6811
53223 97 306
25771551 60 7381
399303 53 4461
198520 39 1263
19764179 96 6980
209659 37 771
2169071 70 2040
3821736 53 5591
303454 73 4875
73894 18 1413
6990078 69 6544
29763 45 2799
16878 8 799
52928 94 1758
956650 26 1335
1184597 61 6853
19291119 73 7606
7096501 8 3989
6211980 7 8739
21283522 85 6649
47951 76 1124
31216074 59 9761
15776502 89 6687
202743 96 1083
9285041 36 5901
8231843 78 4073
146486 58 2097
2111845 97 7412
1424089 40 2753
6463215 26 6582
59077 12 646
8002184 97 9010
63171 52 9501
123824 82 2623
3569287 72 3008
8228 5 5483
564227 34 6540
21067215 75 8979
2859333 16 5377
370069 88 9177
11866410 40 6600
1844870 32 4764
2018324 46 2661
304086 60 1690
624692 14 1147
1490963 6 4004
2318587 23 2548
929869 70 2090
1048052 1 7063
1965618 47 4125
278813 25 1875
10946 70 322
28690742 68 9744
1755651 72 4118
2554245 48 8005
2536526 34 3268
54848 7 360
163513 29 3910
298099 51 9367
23237 20 668
21944396 93 7568
779760 44 1978
1457141 42 1679
2587891 79 4882
13340317 80 7603
9907258 27 6371
9798564 82 5067
8866092 51 5830
17426874 7 7450
6272593 24 5428
6276484 17 3978
18547089 49 6684
1863525 7 5868
49195 5 397
11845079 87 7777
441840 15 3698
2833130 70 5520
1387293 85 2486
114969 10 6971
399705 63 3190
2390765 8 7602
22693195 51 8439
259559 53 1014
2144556 84 6048
1 49 4213
23721131 68 7017
24534938 22 7779
523804 20 2315
722822 14 9164
20619773 88 7921
3984013 49 3714
34162791 33 8549
108488 47 5011
964389 35 1627
883554 86 5902
536069 12 1492
898631 58 7565
9874089 100 9723
28822 14 2593
216030 26 1137
2171215 56 3304
87315 9 4344
5106358 35 3651
17938 39 1051
3512918 91 9719
31045138 21 9871
4565168 41 7243
64555 11 4979
1157466 65 5062
536672 31 5617
1434200 62 5976
4294 29 540
110455 16 9759
8858744 99 6059
17839 68 530
1025388 26 4779
4253 77 1958
26406755 99 7888
1766223 14 4254
1060988 78 1537
47266 8 365
3696840 30 6929
1521563 56 3655
237956 41 1023
8507547 86 6020
14416 89 1707
9923347 14 5774
290 22 267
7854918 7 5578
33414137 53 8096
747657 89 1792
902548 79 5188
25791031 97 7510
2629261 9 7103
3509703 43 8048
120 17 4845
4195542 70 9356
2443148 11 3505
2447931 9 8231
1768344 14 4914
2103309 21 3869
431408 7 2711
783138 84 4366
1076188 96 8219
207715 94 8818
38829002 90 9150
25927952 76 9012
2194900 76 5612
3647903 78 5080
7116 25 397
3896787 86 5181
4607463 49 7862
3198 52 2121
5508272 77 9083
7205808 71 5709
169093 21 1223
1700287 79 2526
11881929 23 9433
23306048 91 7941
1043685 83 1562
27241319 69 7786
723870 74 8409
495853 49 1149
5076267 95 7114
2003 21 3425
2214565 67 3342
162580 15 5000
1670104 47 7359
65261 6 2614
8327050 53 6721
19390 90 573
2405462 19 6004
4236 77 5893
59900 79 8897
7597541 47 6880
38673 7 8868
5052014 23 6505
370739 2 1721
4431301 77 3337
7049608 2 5807
7275772 92 6000
7903323 88 4546
386483 2 7003
13212438 78 9902
3351746 83 8225
28954155 94 9578
6309763 23 3729
35335 100 499
500757 42 3096
4028202 83 5957
942770 44 5882
419733 52 2210
3505903 47 6325
343881 52 1163
3930646 4 3205
310068 53 856
26910871 95 9334
204312 42 5030
794355 47 1499
1563778 16 6725
170233 77 9473
62382 32 8389
1689903 68 2101
2520970 85 9643
7997231 85 5286
422570 54 3454
6135361 53 6903
1518961 33 2832
1003579 59 3435
257898 63 2799
639501 99 1538
5665648 36 9672
826222 44 4133
30317244 31 8784
11613669 96 6180
1672371 89 5188
1135 44 941
5790806 57 7616
76985 96 705
7139 50 4064
39910418 78 8947
3249089 10 7916
100142 96 1018
1093562 59 3220
2047271 18 3472
53773 78 8673
323463 75 1291
4133504 39 3536
531275 3 8998
10432058 12 5497
1373547 69 9854
2928950 46 5811
203983 91 3435
9314645 63 7476
6449179 5 4187
58968 96 8214
971518 19 2146
11491278 81 5815
10045548 64 6091
3837837 62 4236
2483726 55 6407
6579800 79 7380
14701427 35 5705
11075695 37 5634
50579 77 247
4261724 82 3205
1119111 25 3541
23884038 84 7938
14674 19 246
903 30 3627
6462519 63 3646
33004690 64 8394
3335229 85 8284
2096906 31 2783
8345226 56 9217
7587465 55 8614
2960190 18 5273
15275520 74 5461
68756 89 670
12945198 85 7130
1596078 95 7287
312300 60 6814
732637 43 6660
1941645 89 4662
1360658 18 3433
237388 37 1784
4111404 86 3772
44433 6 3817
205833 6 6392
1169 43 596
3601089 1 9146
13710715 1 9306
2996354 35 4034
4362942 75 9033
124603 38 575
99251 56 484
260327 14 3680
12630183 23 8587
7431218 39 9880
524284 97 2114
42922580 24 9218
8545021 58 4624
549 100 250
1621047 46 2575
2500931 89 6028
573910 34 1309
8092152 60 8673
10245149 36 6712
11220924 16 9673
666051 78 2174
17644684 68 9776
9138329 94 5138
13458735 60 8477
14998938 22 8965
8138040 75 8124
313038 63 5670
11019995 55 6135
24520895 5 8215
15330032 87 7952
2478697 38 3654
17885861 84 8401
41859609 50 9225
4827873 59 9876
958398 54 1994
13328049 28 5829
1 36 808
182124 84 534
24474493 57 8436
2999929 5 5284
1385432 58 7678
1159937 8 2585
474986 2 2070
17843563 76 6093
42031724 27 9193
6830122 96 3727
1422393 96 2548
2438085 86 7221
5077 41 98
3089179 25 8918
1 66 260
1211062 72 5650
1761772 67 4303
349949 19 4403
73184 83 2284
3709434 43 5073
1433734 29 9539
685956 13 1860
284303 53 4004
1136388 89 4229
3470538 20 6158
1741177 100 3349
14177898 75 6947
51600 71 357
941192 16 6312
5770658 52 6829
47328 71 1948
38850 38 1791
5755003 21 8226
5242477 29 8009
6495046 1 8533
1 79 119
23542571 51 8796
1482579 88 3056
1026569 87 2002
757991 12 1536
325049 99 5837
17179321 87 9687
12631558 39 5991
4994994 17 6381
485490 60 1452
115751 39 1899
71117 84 990
17769481 48 6829
15669617 49 7420
8377633 59 8659
2183313 41 3731
159925 52 4551
7535190 42 8732
4413986 56 6388
23132454 50 7196
869528 95 6919
6290362 20 4821
1536946 84 3370
1625253 45 4225
3191100 6 4893
458607 73 2224
192674 52 1603
1063210 58 5814
1378 90 6604
148238 81 1286
5328721 50 5868
23822724 79 8252
3356257 85 9616
8042436 91 6570
751 15 549
30607 63 166
22035 79 429
708131 83 3099
1865752 17 5135
4043453 4 9377
115493 18 5217
30726012 57 8980
18932414 46 7360
103358 22 458
105328 29 682
6035600 94 9018
12667235 52 6000
8419811 18 5000
3269628 93 3119
1015377 86 5864
36677154 50 8805
309073 38 4106
87839 6 6174
2693665 60 5453
8798633 15 7590
855713 42 1232
20680080 54 9866
16370 49 1961
6801847 71 6298
309934 77 6483
383686 93 4717
7276 63 520
2134661 85 7361
158164 96 9760
1543386 83 2169
346985 10 4716
3628097 84 4909
2443408 49 4473
14733224 11 5427
885295 2 1827
2185915 12 2650
5850664 30 7015
6342836 5 5646
39935 23 520
33094 80 1378
239179 65 971
1031215 26 3035
15367 77 2527
1356094 18 3638
469365 95 3177
1467827 77 4067
5162555 33 3844
241951 93 4633
6256 40 6767
4938074 8 3826
6070570 84 7789
63814 41 262
3044899 100 7914
12079898 34 7347
166200 100 624
6917513 35 9457
21492848 89 8562
5931991 64 5353
8870030 13 7981
4280755 41 8431
126805 34 780
1547415 69 1928
36359 62 5583
141481 10 712
827723 64 2744
5650232 17 7973
284521 37 9306
453835 79 9598
2318246 85 9355
3002246 58 3643
33982820 2 8826
221503 49 5507
621085 92 4717
1002106 94 6906
1297711 20 2268
2115045 7 1975
166 65 6482
5898210 1 4474
146388 11 1802
4344637 62 5090
12461012 32 9003
1776743 63 2684
19589 94 4900
298167 93 2470
1740003 92 2903
16547176 20 6278
2028651 31 4957
5222955 13 4243
4734857 90 3478
21908 75 386
13351605 4 6616
352201 12 1527
25623074 66 7595
513764 2 9587
17342226 83 6924
67806 40 333
13394868 95 6968
66532 95 530
3561436 8 3608
750086 79 7253
3317528 24 5177
9588613 59 4869
609494 47 3484
166271 54 1226
115781 93 2525
185569 77 3742
2876719 58 4730
13404 46 1898
1667217 84 9502
3146788 58 7135
8881595 6 8787
45815 51 1492
2477802 34 3467
938085 28 7311
3035264 46 2564
8927663 64 5235
584875 47 1874
18306733 51 8804
549834 61 1567
9619542 32 8483
15305819 76 6643
12097254 99 7994
605720 27 1903
1055750 66 1386
32674324 21 9616
1427153 16 3060
26545381 70 9069
114257 6 4001
15769474 32 6082
4169417 56 9042
21578894 46 6632
6152195 77 3955
4029383 7 3282
4752176 21 5306
2048 29 912
3565755 91 4464
39718 19 424
1367869 70 3447
8116085 59 8136
17325102 59 7718
5741940 80 8555
95098 91 8255
8373355 7 9615
9476247 85 8190
36620926 35 9615
1137233 22 6675
142756 28 9032
269198 74 1941
2959194 82 3810
4775684 77 5305
33732500 48 8199
10120212 70 6076
1898529 34 3789
3273964 22 6227
52541 57 901
1025313 62 8831
45183 34 6856
412567 78 7916
10149580 95 4501
11691483 36 8739
753765 93 6804
2374902 19 6788
7180389 85 4048
1867907 88 6054
422782 55 913
31826 70 4994
310088 47 2321
18818 7 131
1 27 313
601556 26 9305
11480536 48 6858
1225823 14 7121
11602000 68 6371
36640 36 500
79305 32 4813
1403799 79 3421
62073 14 3185
222559 5 1217
67268 95 8809
414984 25 2634
22398055 91 8776
24472454 14 9760
13098244 15 8149
969519 27 9620
654239 52 4555
13527746 95 5345
3694 9 3424
3524 87 1195
44988 98 3749
1002151 29 3191
130035 32 8569
116857 33 568
2002 42 361
85477 2 1080
70926 63 3049
23502549 30 9570
620038 66 8137
271552 63 5864
458455 24 1473
3095433 15 4513
53859 62 685
35889323 47 9215
4584677 3 7416
12928073 16 6148
1663539 57 9661
8846121 24 7993
4192173 13 8994
6047443 67 6960
3146280 85 9848
4835 40 6845
4937596 38 3468
26936 71 2821
1067349 33 1543
2816366 42 3947
2236175 88 4065
6555818 3 6063
512337 48 9985
3516055 40 9733
9508 93 2017
12302848 89 9459
3757 33 1863
165723 94 3740
983698 30 7199
31016090 98 8389
1860515 66 2248
73593 7 5126
17461826 63 6800
15159743 96 8286
7435 31 374
586894 62 5581
6761160 82 3919
123928 67 5557
432726 83 1763
29538770 53 9294
34066 69 5294
11013545 94 9990
863418 63 1660
33909400 62 9016
23529805 86 8768
3489688 6 7316
6365545 35 4471
1298431 59 5061
1287263 82 6268
4786509 38 4893
5317065 80 3218
5806000 59 5666
21296914 12 7948
11611 74 656
16629811 8 6297
7500110 53 5722
32408693 57 8447
598285 47 3491
28620 60 1871
408876 66 2779
10453379 96 9572
3416688 18 3014
271740 85 4036
1188987 94 1841
1865844 47 4556
279849 24 979
7657052 19 4251
144251 10 4251
4160117 37 3919
364121 71 5429
715345 2 5631
15475780 70 7935
1427350 73 5997
1768682 7 2853
2459699 6 2328
335000 33 6642
16006402 50 9406
851333 63 4090
383969 64 782
2078790 81 2161
10868751 38 9709
3266596 93 7130
3582465 39 6969
22763153 16 6904
4913585 82 9652
4600776 38 5569
3380841 52 5853
2479 38 143
29768461 44 8516
858109 54 9374
1 98 7544
3501078 91 5403
1561682 35 7488
5034562 13 6079
198661 4 6089
27493435 27 7436
8702850 26 6955
294329 51 962
8507588 39 4395
1169 80 117
58962 47 1600
10767574 10 6762
61368 30 1184
609033 30 4507
828 65 4739
18449761 40 6360
885998 68 4617
1480642 12 1751
2609993 43 8149
1530977 1 4028
23976533 73 7178
11888594 78 4793
8560092 54 4988
3048036 13 2410
1864293 80 8123
1480122 8 5685
1427208 1 1969
29693969 18 9947
153962 98 9598
610886 85 1917
165704 79 3419
1046 56 138
10397 29 428
431169 91 5371
7155225 78 3711
706086 26 1321
855763 69 3146
6473875 37 4318
3882458 23 6291
37933352 82 9570
1518482 31 8693
708795 37 4023
17403738 49 7207
11146349 53 7540
894631 64 2493
183774 95 1169
9865748 89 7814
671528 58 1092
18622137 58 7679
154885 84 2486
349210 20 1353
282651 73 2938
3043900 99 7220
693289 83 3223
543758 95 2015
538123 90 3382
631746 97 5469
3352550 92 4790
4763724 74 7852
2637005 28 3805
136341 11 5005
8100963 77 7095
11113 100 773
5414745 97 8826
27170 4 4718
580256 73 6495
5712369 14 3901
13631646 47 5889
11833475 88 8547
633463 77 4647
5680040 19 6916
2487425 62 5205
14895 65 92
4027955 44 5780
1234953 11 1505
18639488 41 6007
831153 50 1721
1834585 85 8977
17030893 75 8332
606476 43 4296
31870209 33 8999
8794186 11 8565
9645384 59 9980
693280 77 6130
7056526 95 4412
587135 35 3002
77691 15 2672
2459458 25 2422
13037292 49 8782
3392241 3 4473
587132 56 4139
19873293 86 7911
8881652 18 5349
185944 3 581
5209565 33 6065
429437 29 1156
24669144 32 9888
568286 42 2574
10876 68 3091
12623539 67 8642
1 66 470
2241980 63 6730
70372 57 8270
1225954 46 1616
55684 88 7206
550571 98 1537
21815867 91 8382
19965090 53 9875
3234859 37 6854
375865 31 4700
6598224 84 8712
1844700 87 7796
16051633 93 5726
215445 65 8389
5565197 92 7746
428245 66 5641
2700154 32 5662
23247038 97 7785
4190633 52 4788
20625563 52 9348
120028 32 9647
10394 2 2707
7489726 99 9433
5118924 85 7510
1031664 80 3261
1454825 53 2908
9401 70 86
20748709 88 9711
4387113 51 4050
29606985 43 7832
1064765 1 2568
2487 13 55
11158908 33 7495
2324827 64 9783
2894599 65 5952
39103060 38 8809
111508 12 390
12620553 52 8262
732439 31 1871
499870 56 2939
43748179 44 9736
26832 15 6979
7141972 8 4921
1748496 75 2810
12459543 21 6288
36360287 22 9217
3244984 43 7618
11597527 89 5837
7867453 38 5550
20091405 61 9893
2181342 96 3645
11408691 83 5260
4320 17 2325
2819556 96 5787
9101991 64 6255
7376278 38 6130
2224260 46 2112
1 88 463
3742238 71 5586
272218 24 5441
438865 89 9693
2746149 1 3039
53375 95 419
606004 98 4434
3252190 98 4680
5398003 64 4756
1 89 910
422540 55 1417
163190 85 1363
3530316 75 2810
7489278 21 3830
60786 47 6430
23689483 42 9536
20880998 68 9281
144059 9 523
44386 53 488
8992870 69 6359
3726026 50 6727
2800780 17 4145
21128171 22 6875
36888 45 417
22505457 20 8795
19379383 22 7855
10602300 38 6710
12937669 79 6902
21011361 52 6578
1179152 84 7364
3512748 1 5672
160871 81 1678
13431083 52 6146
4928793 27 3481
18962 69 597
1279500 36 1561
1931278 39 4584
99219 26 2877
4967750 36 4140
27789 5 1668
33917948 82 8380
3434285 37 4527
6227096 36 8507
9644520 57 8247
4171237 7 6637
50722 57 297
686103 54 8040
1363565 53 2783
6360529 11 9253
1640384 72 3858
2332785 12 5555
24404467 90 9763
17007298 36 9154
3178313 66 4883
785101 64 5438
1964100 43 2188
10711045 65 4868
6302490 81 4714
31440737 43 8875
10205633 73 4751
1345883 19 9836
340791 25 6905
190057 63 6653
1553794 59 2350
24477118 84 9885
30488842 22 7939
11274327 65 6933
19368183 15 7156
16702234 3 6511
300029 89 1264
14901 36 182
25303764 13 9904
2238287 22 7169
2321059 89 5312
918942 96 8592
1195423 76 1562
591557 61 2681
39207939 93 9540
782650 38 8882
2205203 45 3098
19866544 88 6231
26012131 78 9831
3319492 69 3596
4743 20 6210
164913 24 2108
989381 5 2246
1824599 56 3557
27994932 58 9962
2469947 59 4559
2130440 80 8666
3065 82 305
15544722 83 8852
146883 46 9644
13041921 15 9216
2209462 84 8244
602194 32 3370
289676 36 1757
6116877 12 4380
1457473 43 3945
1433689 57 3739
945435 11 1369
455199 82 1621
395285 28 1367
2128513 90 6867
309623 79 5475
3238450 36 3085
177096 86 2877
29320746 89 7594
8249985 2 9593
318520 85 839
12101531 31 5888
8762 92 555
14888484 8 8066
5780560 63 6054
5127587 56 4889
14509722 36 5726
23525169 10 7916
3270767 14 6723
7833354 28 7654
42146595 51 9652
851600 66 1438
554563 100 1984
79451 67 6182
16785183 92 8031
7110025 75 8982
1 90 1464
6691632 95 6966
6625077 12 4272
26535604 23 8655
2943516 74 5378
24681233 76 9560
53481 73 2506
7203 95 591
831 14 299
3883609 48 4530
6651252 10 5760
1421378 46 4049
17085930 24 6455
17925965 84 6445
4447415 93 2965
1694326 34 5917
171337 70 1698
1 51 572
270519 46 1493
6997077 75 3721
4203386 31 4207
5098946 57 4679
8066 8 2050
18724627 2 6282
1417655 75 3549
73302 67 1426
3997466 58 5503
129763 20 3777
489178 78 2883
710507 40 1144
10538279 53 8749
204205 48 4535
184620 29 5265
277084 6 1893
1627804 32 2162
6735747 95 7623
570956 92 5161
7004 67 3296
16175743 97 6180
834140 98 1252
5418303 86 3338
3706160 20 5717
5099680 58 5093
10482350 34 4512
38132002 14 9531
28983376 26 7622
11790960 73 9103
204617 60 739
2114699 5 9030
12150156 73 5534
5021293 20 3376
1307384 18 5492
60927 93 1325
23535 50 1413
12852272 68 5025
17952427 30 9995
3223 68 7596
861754 50 3076
163706 63 6002
645012 21 4034
16252 31 114
7729733 21 7517
6897357 96 4589
13440061 9 9270
18749 81 8550
1 66 3086
1413736 97 1684
11667770 89 8430
763138 29 2124
3148603 81 4716
6126907 64 6816
5032768 31 8124
113244 9 1595
11674303 3 4973
43066766 68 9262
7493221 88 7187
513870 66 1629
4303829 40 3396
124791 64 1761
355530 29 1669
109900 66 951
17297653 2 8527
544723 99 2685
346841 74 1032
13029636 24 9146
25176725 80 9120
1290432 44 3169
34675 80 2649
12851894 34 5163
6293705 8 6500
163 1 149
5876 5 2115
74126 67 1859
19640733 71 6713
3773329 49 4131
4298 19 571
23764 24 339
851724 31 4995
925081 19 3636
3451402 37 7081
21697610 46 6642
13393 30 252
456923 58 1923
8814 45 6165
9133167 1 7518
1473710 97 1943
14765099 7 6413
1 47 5728
1862999 58 2940
15537490 11 6855
2309153 37 6637
63586 35 480
123120 32 4807
434 68 2036
2625457 79 3237
1738136 84 7134
517557 83 4780
46845862 99 9992
615578 24 5458
6524338 44 5207
1791650 84 9025
17717680 93 7974
118476 37 6383
1283425 66 2598
11392013 98 7992
1962919 99 3390
698118 55 2671
3541792 29 2861
102843 14 737
13742517 7 8598
16514698 23 7270
18149807 82 7252
17773188 51 6370
1008 61 5165
3349661 4 4323
5938093 73 3848
35429 78 3137
16208 36 893
157919 90 1205
10042689 32 7440
294002 26 3900
28784386 18 8583
1 83 2418
25081 68 224
40017357 54 9330
6839991 64 4656
255872 94 2396
10624791 2 6029
8876269 18 9573
149247 49 1313
1 80 610
3709180 29 8487
5616 80 743
1686829 15 4048
7436434 5 6525
1251824 36 3193
6948155 29 4927
2776090 93 6478
22587167 33 7310
115344 74 6676
18346172 70 8798
3672744 50 3863
5833562 5 4800
410954 13 8482
181917 100 799
19688570 53 7095
16965150 31 9968
1775 81 232
13699489 45 9130
1629954 25 2023
2456349 93 8097
194743 58 7541
420754 13 2579
4095683 12 5063
15831839 57 5987
7679627 34 9201
2870111 43 2342
102052 73 782
465738 63 878
899821 94 2720
2166035 65 4360
107821 34 621
552784 75 1367
3234594 33 5371
22561067 61 7809
235554 5 1615
43557 75 2902
9694137 10 9543
6521036 9 9104
3045295 47 6528
17556837 58 8772
4367652 34 6295
18531310 2 9370
333452 59 5721
512 71 2556
1954146 16 7106
5146310 1 3479
11014789 32 7797
848543 93 5208
27938191 62 8312
1031676 40 1807
536917 100 8004
19088951 75 7317
2595555 3 6067
29682855 34 8578
716332 25 1408
12950818 44 8746
8070 40 434
482891 11 3023
24230 96 3280
6679810 27 4834
4270995 72 6906
449246 97 5450
13284824 32 7613
7531356 8 6803
2940826 9 5174
3765234 27 3886
5341447 39 8313
3152658 31 2602
34511021 5 9269
8758069 5 7681
1 74 2837
29025245 35 8369
59903 40 1942
6638854 93 6492
2552808 52 3516
3144508 61 3811
4819996 47 3064
8691450 42 7189
13306 73 6878
2901923 71 5558
5167245 76 7723
6545479 15 7854
1 14 56
9156 49 413
7940338 83 4136
34535192 90 8597
633244 63 8103
29914044 23 7824
8247632 63 4379
9045181 92 5181
503555 1 3751
55448 53 3104
6815721 69 8799
18605008 97 9247
161669 59 950
2182889 55 5913
1 10 2163
14320696 3 5611
263693 80 3125
14168820 99 6913
434313 17 5739
13220192 81 5660
16411 100 3056
753024 22 1697
25578398 53 7127
2658 95 660
238237 31 1484
464228 99 5621
7008081 85 6514
17998744 18 9717
199003 74 629
20296 6 168
3353644 36 6184
97395 76 9621
17521566 78 8855
115 28 808
123684 1 647
86540 15 1077
65332 73 272
20746238 8 8296
4207900 84 3253
190123 48 2101
1073454 77 8662
2233862 83 2750
16439023 38 9353
1867426 45 3063
36768726 72 9513
353331 17 1205
1234384 43 6311
178091 48 616
12703924 8 6446
134325 84 4360
19491778 56 7090
6766408 89 6062
10091545 78 9542
2562487 86 2391
3807198 97 3574
58243 39 2627
164739 41 1840
850978 44 8730
75745 68 1405
17097113 37 6528
3563448 54 7148
7164070 16 5366
32034755 40 9862
2700415 76 6030
2840436 39 2532
26874 46 514
1 65 238
80895 35 583
184186 43 3175
878622 77 6243
2223502 78 4940
38854 34 487
11233635 33 6263
82289 78 4809
594255 29 6742
24887416 12 7160
1566969 51 3253
13022439 84 9166
13923 46 881
17526095 63 6737
24828079 50 8611
2374488 75 8641
877229 98 2599
12958513 41 5084
1528935 35 6831
329724 99 7376
29508626 25 7843
37512914 45 9200
3788 78 140
9190349 63 6421
487197 54 6688
810216 59 1786
1969938 86 2938
24259450 35 9706
424183 62 2496
15328241 85 9074
7097794 14 6868
381952 2 9421
4638 23 1066
369080 35 5709
416744 20 2943
137564 42 461
40399 76 9143
180617 50 4113
474202 85 6864
345707 35 2781
14302226 88 5549
223532 67 3353
14983869 73 9440
9254545 73 6021
68400 29 1828
2859566 94 3522
11685467 85 9592
1644203 65 4787
1983393 71 3172
5391564 46 9426
1674947 47 2963
123148 6 2086
848207 56 1398
9809061 30 6706
3643938 86 6402
14799133 80 9742
1363792 40 5219
9862281 63 4728
50863 8 6959
2172465 49 7181
186517 20 1238
2569763 87 5444
20798362 41 8156
3583630 79 6760
10145133 20 9443
13186256 33 7427
1495950 93 3535
23191 47 4444
432492 68 3246
1746 57 144
20361 26 7682
2418045 44 2273
593449 16 7322
1819140 1 3455
3487610 40 7153
435426 3 850
68975 57 4092
14767487 28 7286
2029960 28 6770
2478974 66 2134
334996 38 1646
2682066 69 9237
4504865 29 5977
1276175 69 1990
135975 96 2039
12695283 55 5816
7070604 27 5357
166154 21 4423
1664576 60 3681
2629213 80 8417
3873968 90 5197
37261652 10 8929
20129 90 275
811955 12 5322
139320 1 518
86070 58 4099
9963259 43 6619
9461877 93 4342
3077729 36 6603
9296232 12 8562
51566 16 3995
5725420 68 8655
2869621 22 2347
7567483 64 6267
9631215 73 9468
113945 4 6751
393480 60 1116
423334 6 907
258980 64 1502
103263 2 3618
3812252 27 9556
3214 64 3606
1618316 24 1915
261759 92 5568
1972359 74 2589
31854 48 1070
247354 35 1076
33582419 58 9696
1190899 60 9360
33504393 18 8984
215618 85 6450
9813593 83 4376
1 7 33
157943 48 2504
16267604 69 8160
5304803 30 5330
425230 51 1484
311572 39 8501
102809 44 1123
613355 11 9911
13279261 55 9432
1997040 31 8676
3726227 76 3701
472033 58 9924
186485 8 2162
510868 55 1702
40003 66 5359
20989884 28 6639
27008972 74 7902
1 41 231
7198733 6 4620
127909 13 1705
776484 53 1191
1856322 64 3421
596951 65 7621
26998 36 1311
7196703 47 9192
1076400 77 7676
14938487 35 5861
597689 64 2546
2214580 33 2387
8058356 54 4315
2183894 32 9002
6917716 77 4203
419149 74 2652
38816082 70 9242
77766 23 2042
17513613 79 8538
102448 52 840
10026 20 572
1 31 1131
417647 95 3046
14932649 92 5902
14552181 62 7270
776755 48 1617
3431216 62 9255
1 65 809
1520856 93 7062
543637 52 3040
2006475 38 8359
4700818 72 7273
10652069 28 5846
16155544 96 8823
683102 42 2268
5439245 65 3733
1191346 64 3816
1400 71 157
4299065 40 4776
1671858 58 2865
359593 89 4726
22637017 20 8701
38423 92 843
383977 72 9759
5841517 99 7046
7112012 65 9541
22402534 100 7288
5600186 2 3310
7781581 15 4854
600475 98 8399
17490879 16 8925
715799 32 2112
14058849 31 8288
12638295 21 8203
22592855 27 8348
1264177 75 2412
8951065 81 6471
6153257 84 8345
23009061 68 7223
1815967 85 4623
2519960 41 8441
1625653 95 6208
656691 22 3266
8993706 63 9376
203029 23 538
22741245 21 8677
30763493 75 8523
26868459 100 8399
15239348 20 5472
1593595 39 3211
16274 64 112
4646816 96 4604
9594718 62 5709
3272863 67 3135
4689 77 550
1 38 571
16951480 22 6950
81535 3 8046
4757767 79 9231
2663 36 496
387973 84 6814
3275292 46 2507
2947727 94 4306
15751877 69 6486
796538 13 6899
41334600 96 9594
26712402 51 7323
1 93 3961
13087658 28 6653
1137384 59 3737
8785614 76 6387
7351117 19 7064
20897611 31 9686
1324787 62 8487
565932 52 1059
5032 41 2466
1312291 52 8199
37431190 29 8711
11549152 45 5266
16277080 97 6699
1074956 17 3060
332454 62 912
48633 34 391
573556 89 5538
4504827 26 6632
1727779 68 6523
20784644 48 7502
624965 54 5951
13499389 83 6235
27183799 36 8708
1821352 90 2044
2320 37 206
1659667 59 6524
8214036 62 7418
743152 44 4142
6345350 26 6403
7906350 2 4161
3897 24 94
298155 77 686
26537402 80 9133
7446503 29 5089
10747012 51 9573
11124961 28 9697
576336 80 1714
1037985 29 9685
4997 50 6462
1086559 64 1639
2864455 55 4149
5657310 81 4285
698498 24 5630
173247 53 2051
3834057 42 2678
1070951 96 6318
182927 56 8936
217839 60 8472
10895053 35 5037
125783 46 5354
44152391 67 9375
8069646 45 5836
29100296 74 7865
11929976 82 8857
19502774 71 6215
3326702 87 4596
453494 86 9412
2535621 23 3625
9605905 47 4434
22444 73 6797
6705104 91 3605
36189153 53 9733
4500 21 792
6275482 27 7332
4559517 92 5330
13670845 27 9193
1481027 7 7434
207251 75 6082
181447 90 1480
403354 33 9211
540372 21 5691
3193496 42 8134
32099133 12 8443
3705427 93 3096
8528470 90 5021
1935033 38 3849
452830 10 3509
215663 81 2198
1642498 33 9270
986046 42 6093
865711 88 2218
17293119 74 8583
819086 25 2567
764048 45 2659
3238519 75 8906
39338792 61 8812
239838 8 764
1522079 30 3700
5055458 83 7985
1164144 44 5488
7958750 94 6114
8942233 83 4201
239596 63 724
6731934 3 4807
2182800 6 8284
9267 45 8190
16735827 29 8244
4908485 60 7489
1159119 89 6709
781487 38 4881
1105513 50 1388
119479 69 7973
6485876 39 8040
1176264 75 9512
1752269 15 5094
282724 28 1237
130418 47 5197
1483025 4 1684
7339054 34 5439
10658812 24 8515
1 99 2798
686203 46 4586
43186 5 1453
6958 49 1943
4011147 89 6222
208692 17 845
5795369 84 7962
731105 4 2772
254815 38 3910
37646 55 3861
14008010 31 9760
1529759 42 6226
8974443 2 4946
2599514 74 9018
109761 31 1380
659402 8 2015
242853 84 7131
4592560 59 3483
91453 12 2319
197054 51 1906
16856056 38 6568
93831 25 5227
1212571 43 2741
6450176 2 8521
1331 9 862
938809 87 5337
488162 81 3597
2729 32 69
11377647 90 7853
4196294 15 4904
26056527 69 9061
153889 13 6080
111023 67 437
1118181 84 2345
963473 38 3701
4258667 48 8193
1490138 83 7675
21327 38 975
864395 35 2220
6490 83 190
4052926 80 7406
2792264 46 7324
29358966 10 7885
525149 6 7435
93287 45 740
28248868 30 8864
293781 61 1770
1240400 93 4785
1165 94 429
2179986 45 7000
2718888 59 3481
19496357 23 6439
12888020 49 5390
6710241 44 7570
3873099 76 3181
334117 52 4132
4672643 97 3035
11833807 38 7114
102438 49 1726
18898475 62 9263
250943 31 5195
17714369 66 8965
3694703 60 2888
7923876 83 5212
6851809 86 4200
7157102 17 8539
4068302 17 7101
21047386 33 6718
1981242 67 2374
10950322 74 7674
302987 99 1079
27438 73 925
1205772 52 8400
1216907 92 7766
2948226 6 3537
6209 90 1224
243644 17 1160
2621036 96 4188
2467276 19 2707
1014516 54 4015
51840 99 1863
380902 67 4506
1525468 71 3294
18901467 43 6606
881613 55 7411
4425129 23 9955
1401946 54 8786
28226220 7 8970
6553867 56 8652
3969347 97 9643
7518094 24 4938
1062052 34 1389
957341 58 4488
25212630 88 7934
6605 82 6815
12221 77 1296
1108629 34 6949
36333186 10 9974
45206384 2 9871
884812 96 2929
36400847 81 9956
4548282 94 3061
11402 89 5372
5511301 41 6416
3695417 1 6488
24776718 34 7147
569645 7 7050
4850800 87 8740
797786 5 2645
224916 48 9668
113473 71 829
11230473 81 5034
9012219 95 5747
387140 80 1028
4075689 57 7286
11312 75 706
1692724 89 2463
815987 96 6323
452681 79 3805
42574 29 213
1873792 48 4874
8643556 10 4525
2580975 95 2276
4370943 47 5174
14616763 37 8621
1 68 1944
357674 63 6455
461248 49 1324
8019176 57 7668
506298 14 930
119681 84 1239
582320 36 1777
1157434 59 1483
19797566 58 8602
3459645 48 8068
618295 18 8820
47965 46 3973
6309717 15 3577
18153410 42 7935
59883 60 7784
6877039 12 3767
1 53 133
16409 14 2210
1007017 26 3949
40132 81 528
2233695 42 4900
6856080 46 6556
6298783 65 6508
1246846 21 2780
426175 47 2311
1013405 18 6623
6564114 6 6474
2821247 45 3713
6332629 72 4972
718197 74 2374
3917283 93 4573
31558377 40 7935
316867 51 6749
826986 3 8080
236995 72 4811
10951360 57 7662
570819 7 7674
10997811 25 6224
265897 45 5296
1064773 37 1995
48140 8 2112
17595099 27 7386
22283736 97 9740
1431870 1 2474
938 27 86
41894603 65 9541
5382202 39 8052
229593 75 2184
11273519 5 6553
916848 65 3778
7093954 14 4059
4071042 13 3319
25334 12 6651
7318045 48 5027
7226854 90 5843
505888 31 3841
4043130 6 7311
9013531 27 5041
12569680 89 8577
6641312 96 9184
90265 82 2780
5228943 40 7207
5773281 80 4567
25919 22 1445
23885764 73 7110
1958117 57 2262
67239 69 6373
23375131 16 8518
775959 66 4492
11712 44 1498
42504082 22 9690
504850 68 1138
12376707 25 5489
184267 10 3242
11819496 40 5446
16732515 16 9123
11200874 17 7611
7362069 94 4941
32228 9 8883
8891383 55 6569
1746816 55 4458
24103177 64 7851
2855577 81 8462
1438071 88 7873
33827842 81 9950
920738 53 9257
24807210 18 8880
253522 37 896
4452659 3 3525
8010329 77 9766
3555174 37 3849
13050 39 679
765861 24 7735
462674 100 2654
30479907 59 9596
283789 66 5786
18203904 50 6927
2882233 99 5234
532068 12 2259
152708 7 6989
1088813 83 4422
2330115 46 9240
1539405 99 7669
2572 98 436
2247880 87 5824
1466669 2 3765
11499322 75 5975
44877 50 903
391927 35 2946
10187476 27 5403
17423138 42 9031
34606711 7 9370
20141641 23 8098
1 82 938
30874 67 304
104940 15 1400
3167280 51 8479
21194322 35 9347
8653587 48 4357
6282 41 278
5832443 78 9181
123876 40 419
28985801 53 7721
35813773 82 9060
6256821 6 5761
12911570 80 8739
908909 96 2212
6008857 51 7803
99616 20 9137
12292 84 692
16266707 9 6763
8933332 71 4257
9204659 93 7279
14838950 96 9158
2631583 43 6052
6681 53 353
4572557 37 4665
28338012 98 9319
524884 65 2328
1281655 2 2116
11107272 73 7567
1323804 92 4179
638489 6 1100
2341823 54 8900
35820502 75 9124
2169131 53 5863
125476 89 3673
2358479 60 5825
148095 60 1803
77132 9 3086
3746249 13 5039
2177 12 3198
21317878 6 7855
2443268 18 8294
6514250 19 9872
3901019 16 3395
2513499 6 5349
66201 22 1357
65303 77 7776
1057585 58 9243
213991 49 1211
369945 24 1673
130383 39 1376
22768859 1 9657
84905 38 470
1 57 110
19813887 84 9140
678695 94 6478
682340 83 5061
1307151 97 3202
718412 68 4210
2031766 96 6990
25743854 84 8031
4443849 97 5200
333803 25 3086
31223 80 8653
15197728 17 6197
1925183 40 2246
7770291 96 4001
196886 18 7106
611924 86 1347
659060 82 2491
28403333 100 8103
4732739 52 7696
516806 31 5671
9634843 95 7067
10528093 59 5950
874126 55 5472
613810 81 9603
9742673 60 5843
11688 18 1078
14462635 10 7774
29412711 50 8853
5723513 7 9093
19238302 65 6695
16591914 17 6393
3782878 58 6533
1 84 3125
376406 23 1595
2278243 72 3407
32850324 14 8231
1 99 175
7960356 95 5932
2760538 23 6855
602881 56 5020
1 97 5330
33476977 58 9094
732164 92 1689
16254810 35 6183
7854339 98 9635
399605 20 6461
3797087 67 5572
5380922 48 3316
4388653 49 6018
3450950 24 5353
12139822 26 5373
1 64 1055
6133784 3 3808
7850900 29 8806
674803 57 7205
14856230 39 9226
4409321 58 7015
9131498 1 5018
2024585 70 3792
11331169 10 9060
3006975 13 4877
77955 49 1933
42005771 65 9931
6670557 88 6202
269141 75 6225
21959367 12 7352
30946 94 1786
191053 90 653
48308 37 1090
13027078 84 7130
1 71 4420
181506 9 674
23610237 56 9337
26533402 68 9210
69475 94 1381
3151444 89 9505
323439 12 3132
3983 38 134
1740194 80 3291
2542310 48 7144
3951467 36 3177
204277 34 2662
10508 3 3273
101222 92 2632
25464959 99 8119
41136589 4 9701
10627538 10 9038
2902043 62 4664
2572708 97 3547
30059426 52 9075
102356 57 2162
1 99 3671
18603233 33 7488
57109 34 615
4966351 40 3283
1063176 90 3377
10802099 86 5407
19026407 38 8701
110374 3 2054
2077020 35 2025
5821811 96 5441
3451371 61 3881
11788497 17 8653
3444257 63 3094
9996 22 362
242 31 4385
7132513 55 5814
125173 36 971
23759 61 3596
1004091 25 6559
5419500 98 4338
6577666 3 4817
149077 94 725
3516749 87 5608
13367139 91 7486
6815961 47 8762
3125241 82 4669
2263462 87 6312
144754 7 2379
1 26 1110
501010 14 5674
4581346 50 9349
30109513 61 7924
4118635 39 4336
1 59 3118
5612189 53 4784
37974874 80 9399
4353395 80 6903
564076 41 2301
2625869 41 2412
1 46 247
689053 21 9924
6205034 27 7819
1759665 12 2518
893504 100 1256
4143900 38 5516
592139 97 1128
5797555 83 9900
127263 37 6624
3611192 21 8437
292484 86 2787
4678597 99 8867
10239083 56 4938
49795 72 4234
1446275 48 2224
3354470 15 6192
22957019 77 7992
6062870 42 8311
1622722 87 2047
172071 17 4726
1263785 72 2274
23789 34 1062
3811858 96 3359
1137479 9 3515
202888 38 4290
214256 45 8577
6116908 42 8116
539022 50 2526
59889 73 8484
236849 21 1886
484156 93 2877
4527 66 499
1573 16 3195
139463 42 7013
28048978 48 8985
37906843 90 8852
4026568 20 9602
322449 61 4833
12673575 5 6583
70843 39 5104
1090517 7 2394
45771633 93 9528
16063807 80 6646
9161807 22 5494
1822278 60 3665
16042741 48 6113
1108899 67 3076
4982301 31 8428
31038 90 5369
576351 57 1849
39364 78 427
287942 89 7315
5479872 20 6825
9804219 71 9367
4226254 65 8000
258442 95 746
251700 76 2901
11626652 3 5513
4299794 90 3765
314343 32 5361
85623 95 5558
3158523 66 8684
25838861 68 8846
2767 58 132
9037 82 194
5122554 61 7769
1 64 138
75564 23 1768
1687917 60 8572
2720365 63 4257
12486916 69 9277
6446 91 811
2584587 27 7567
6472115 11 8768
11486 63 302
615561 92 6192
13153455 54 7580
1 97 532
6311143 27 4937
2777283 74 7896
131007 74 801
4586921 35 3497
6584810 38 5427
5467710 2 3990
35962 82 1385
1030308 97 7287
2692543 12 4096
1927598 49 1953
6135410 68 6612
1 68 7057
5618812 44 6953
22506758 40 7111
14404732 52 8411
4225462 50 9360
147065 34 1308
852167 88 5009
7709910 16 5065
3596097 37 7590
414067 42 874
251912 85 676
12398064 67 7003
84227 90 639
916028 29 2201
1330486 23 3697
772327 12 1500
44940117 66 9406
7695 69 304
8310557 7 5669
156331 98 2260
54140 31 3352
390427 66 4722
3223226 1 4726
7940179 50 5433
925781 39 1299
7355 80 223
14031948 53 6963
2198617 99 2087
13613796 99 8338
57524 9 5933
1912346 98 8604
11929986 20 7127
2437690 86 2281
1 78 362
7375432 33 4098
793903 85 1832
120687 72 671
7094936 64 4936
13879081 57 7683
15404 94 4582
1203677 57 2330
3564771 42 5332
5140979 6 3331
971339 29 6063
1424059 47 2788
1591 33 2731
694248 42 4870
20572142 96 6839
42763826 33 9642
749 15 133
25231 66 265
13554359 73 9597
1154049 25 6393
9989178 47 6139
379346 15 1818
10519638 66 4941
22498806 71 6627
3542234 27 3346
8393619 22 5186
3788286 40 7804
564162 16 7577
49544518 62 9962
8089995 73 4742
4967265 65 5389
19163009 74 7253
11327 61 161
153680 89 2266
840784 23 2111
1640016 91 9441
21179 30 1843
157728 50 2418
31631479 19 8451
3075131 89 8889
17858 68 2833
21341059 96 7332
1371506 57 7648
6776533 85 6744
2036540 72 2255
3878270 79 4643
54534 34 9554
36005 12 2473
18964890 60 7658
916406 79 3114
255552 7 823
100246 71 750
2153560 81 7001
6001693 67 4387
8250520 73 4019
8586866 20 8034
337052 76 6429
4085199 94 5175
1743620 95 9628
209561 94 888
1783696 7 8799
26029 43 1669
434332 41 1829
4469980 41 6908
37017 16 199
2889594 80 3067
284578 50 1388
7750927 43 5054
4192756 93 9119
471799 82 2382
334917 33 4444
216597 30 776
2298731 16 2396
2902 32 301
283987 46 773
287052 6 9681
712081 63 4751
265375 77 9912
905947 38 1548
6930860 49 4606
10979631 77 9797
3024228 36 7284
203678 33 4255
1426954 4 3269
7364205 24 5015
14216946 76 7131
12472829 54 9495
209921 57 1925
334297 40 1169
5698616 6 4712
299487 21 3370
15863725 4 6599
15472 39 4365
1262229 60 2328
3928908 65 8591
64979 24 2520
17745 42 1896
791544 69 1199
4254469 92 2898
11180901 54 4890
24914769 93 8053
14087022 86 5521
2695876 68 4293
10891567 83 9809
19473519 39 7350
690977 5 4120
8806748 88 4287
7205267 75 5782
23380686 38 7181
3531012 4 5556
4990339 45 4032
180381 14 1307
4685828 99 8775
76160 95 1894
29378 47 9388
1595930 45 6349
30834 90 1175
7752140 5 8389
12022496 53 9748
4191400 83 7745
2269100 91 4432
3475961 21 4302
150493 50 6532
13389242 48 8432
288034 82 4526
59913 6 1564
493549 98 8013
9498885 100 9195
295632 75 4069
85570 89 1135
720536 86 5938
1426695 44 8863
48537 72 893
225489 62 2843
4532872 28 4733
4933765 72 9667
404640 39 1438
7368150 22 5019
3986768 55 8976
15414554 9 9099
6555279 5 7794
1075512 95 2362
8724071 93 7034
2533 49 9673
1717755 40 3681
753363 57 9127
3246258 78 3660
1234736 24 3619
1013459 97 2746
72876 51 3359
17492546 93 9896
16106280 54 5613
1 75 234
23279655 4 9214
141227 3 2112
53437 69 409
2615800 74 9941
8831680 66 5599
88474 23 3584
11482 13 408
9295805 71 4415
34167531 33 8327
346726 8 3618
370463 21 961
45094 2 5409
1619193 30 6015
562961 20 3691
74677 60 9465
9230896 88 9115
12575738 83 9188
179067 100 3166
3558011 91 4083
20568836 82 9517
695416 53 1370
2743004 71 5174
26129524 38 7547
14134945 91 5955
16614887 51 9275
457725 79 2488
2934707 80 4230
1590998 79 2371
6655914 88 6670
1301604 63 3778
176556 41 9562
39510 68 3133
7132428 68 4159
305053 75 5483
18259596 83 8346
35449 96 762
33863433 55 8668
6878586 13 7924
9426 98 1097
550837 86 6094
6614631 99 5388
428379 73 8658
16800516 57 6605
4268743 90 5512
36956 41 303
22933745 28 7701
2478047 92 7464
4139529 60 3531
7985284 26 4205
45785 54 6795
1651375 78 2256
3416169 38 7390
39568478 26 9658
4851115 73 4135
3587103 19 4546
182316 100 1529
12373087 23 8097
14578334 19 6098
6000822 69 7700
48244 93 857
2133657 74 2283
6610959 28 9774
4223215 76 6965
4993253 42 4192
8729600 73 5303
1 50 60
7365540 30 3911
43077466 11 9786
3846366 57 6066
496012 77 1105
8561850 86 6335
18681237 45 7388
9688362 75 9317
17876493 30 9100
150088 79 5416
28593 37 2404
4822986 89 7989
15681311 79 6406
80411 9 390
30614 78 1200
321440 16 793
3540058 75 7066
570972 27 2170
4295097 11 3438
2248966 68 6527
3030029 74 3978
5648718 42 4997
23694180 40 7521
87130 55 917
599630 98 2615
2183229 2 2081
6921543 40 4363
275261 1 4745
314375 70 6202
5570402 82 3965
35997888 8 8473
526649 24 4485
3544606 56 4231
17759400 58 7170
5201335 30 9651
6572975 70 3688
6690526 94 6601
1492589 15 6320
47292040 82 9953
6332151 87 3960
372993 52 6868
8614500 40 5999
3811022 35 3393
40251 80 247
1162349 23 1970
50467 46 2443
38076605 95 9686
2122346 67 4813
6517417 9 5743
3142916 11 4146
20876953 95 7817
2092640 41 2385
6006902 87 6056
3340392 59 6385
343347 69 1823
1 96 247
4250928 98 6307
1475963 96 1622
141612 21 1000
7125 89 2190
6896480 74 9656
5540953 60 3364
263971 58 855
117655 94 484
3294017 28 4555
1968504 5 2051
9231830 69 5139
256107 39 1816
1707816 14 4497
13106334 82 7443
2382123 3 4362
670481 24 6911
20606950 61 8869
2561382 18 4377
1 94 1436
854737 24 6524
217260 14 1080
24678757 21 9543
10770709 36 8373
5456679 93 5351
601725 40 1017
39468038 92 9639
12140915 39 7281
729090 28 9315
3313550 28 8266
5267432 64 4363
4986917 83 4687
5302760 80 3907
32309793 32 8487
21233408 38 9529
11243150 80 4891
576486 33 1336
436655 83 7955
15478157 78 5472
587224 48 1314
15775672 15 7336
15659033 30 8744
7999 75 6149
262144 47 1847
7710463 20 8661
5450900 98 4269
469772 21 7695
13318071 8 8300
30578606 4 9464
995155 59 5461
7584 75 88
543284 98 5511
24782717 28 8422
4534512 18 8449
148712 66 772
14771661 24 6585
5784184 80 5441
1698692 14 7365
3195167 89 6053
3801 41 1184
1800208 66 9281
2119249 63 2451
2335275 71 4482
36209 8 754
477674 38 9368
13948907 42 5877
1277 40 172
6759567 59 7076
10124 99 4543
1893114 30 2023
998225 72 1856
19800856 11 7899
789276 2 2594
208838 56 1271
6582343 36 9881
1077825 85 1803
9985069 73 4412
3035736 11 7346
82060 68 314
1260374 21 3864
2834068 45 8755
928 65 130
1113744 82 4580
1636098 56 2925
4539907 90 5987
410219 33 6127
15473089 34 6304
58695 40 1895
29362 74 4238
14198177 58 9160
9976861 12 9159
92799 81 5682
6571120 63 5655
5477510 24 7916
2819729 87 7124
22710 3 774
5099448 36 4690
412952 51 1826
252734 57 7795
3989697 89 5352
3167145 86 7669
2213674 86 6813
23178149 89 6838
10632175 97 5215
3898 22 4200
912615 83 2694
3924795 20 9347
2987717 49 3772
347534 61 750
33849328 100 9702
114129 78 2236
71787 74 3076
1060 62 972
3612 48 361
88767 10 987
2311698 62 3691
14111869 49 9557
34432684 20 8885
29788458 19 8423
9668 1 1055
19293 94 650
1300811 46 8048
111411 88 605
7562203 4 7419
40007 45 2331
19182162 85 8434
16985 10 152
14914164 9 9706
197885 76 1575
10238 61 82
11037356 100 9506
30330852 36 8105
2175373 25 3739
6611634 30 9623
2796607 81 3445
23372066 27 7986
566 13 4792
14064684 64 8464
3129 2 45
163831 82 3174
19526510 52 7921
492662 70 949
18828961 21 7955
232826 28 8952
3658456 6 5923
109039 39 3319
81661 15 442
13940507 93 6196
1147897 56 4865
9128395 29 8419
526036 50 3133
362026 69 5508
103384 82 7080
14258 76 289
2379407 97 6491
5059562 56 7346
19718825 64 7289
688 68 438
6216537 100 7486
269 12 3598
235100 98 5966
13115537 14 6911
6962397 70 4301
8520884 5 5952
3799075 51 6073
232411 25 3953
9861114 34 4776
399967 7 853
14866459 50 5800
1652034 52 3045
15073732 52 7734
1138646 2 2764
420702 19 8459
493 27 253
4869232 70 4126
13739073 13 8019
43868 28 1256
147788 53 619
8248529 28 7788
524777 10 7907
5984 59 1121
35144 45 3463
17940 83 3548
2502840 13 3332
350420 19 1118
850575 20 1955
266044 31 3480
7408496 47 5605
15180139 67 8373
1271547 49 7329
2243127 52 4328
106311 1 1030
27580056 45 8599
269826 43 2308
6003627 87 4043
22430373 54 9975
15710627 68 6449
6655 52 155
9928 28 1190
10572 60 391
36951611 65 9481
17523297 55 7582
2715768 99 2972
6892536 30 6812
467200 78 2360
26745936 97 7985
2116022 76 4055
1112307 56 1413
14512 89 581
4829437 43 7516
7309157 98 3728
191 5 680
1764940 46 3470
329904 24 2595
17175837 69 7117
1099133 47 3592
6939184 70 5736
9101054 42 6532
1982942 28 6112
2671 51 4933
2400559 3 3763
2741943 69 2499
38240553 23 9763
589498 28 2867
565897 73 7067
1850341 39 7169
19459551 41 9258
11615007 96 8283
434134 79 9297
8592247 33 5273
12038382 83 5328
267223 68 2770
30691 57 8159
222736 73 3288
8382 42 2137
955746 41 1699
176202 90 7409
1795556 34 2586
22498453 74 8775
99833 99 1183
11419983 67 9644
4234788 55 5768
15300 30 3451
322958 52 5962
2936886 50 4784
208665 50 1462
8067747 75 9114
238551 64 8448
7209 7 175
31455424 55 9729
887448 55 6317
2784379 89 4668
4199248 90 6755
6090 54 1685
33908358 67 8766
19130 4 1367
5699 3 5976
148364 42 2791
16035449 44 9389
5727985 10 4868
3229785 92 2641
28624911 93 9155
1038935 5 1725
4683406 67 6331
23696100 73 8748
1985523 27 5580
9011980 79 5611
2119693 47 3142
3301074 10 4996
958638 14 8134
191521 85 6178
26746507 61 8006
1790684 74 5014
9620850 55 7794
1743195 46 6056
5444658 68 8845
30777 85 792
11810446 49 6193
6546856 17 8425
1565236 40 9904
3157692 90 2989
4363034 89 9443
2050862 59 5947
245665 53 747
7894 49 3864
3827683 3 3001
7794072 21 8074
2401565 72 2935
4198450 86 3296
5960091 41 6650
1426116 86 5349
57997 24 774
1496768 26 3226
10789652 91 6696
5872333 58 6149
18455485 9 7502
3379788 32 2840
20140085 28 8799
8179723 71 4089
245878 40 7671
5799626 2 8898
3862004 69 3620
28037481 90 9726
692435 1 1619
8477 27 9155
28016235 45 7916
440173 66 8471
1 70 650
2350588 31 7304
10260323 6 6523
2317570 38 5416
37740651 49 9936
8590287 6 7241
16204441 39 6985
844328 100 2751
2952843 64 2555
231230 44 645
1358688 81 3864
47899 2 391
3491 82 910
1684009 97 7975
109674 56 3559
116310 5 938
2504743 31 2194
3033104 26 6421
6275261 84 7844
1211177 39 4617
19483436 15 8602
28031 15 5366
8218461 88 9598
16760136 91 7582
1368241 54 3235
263131 93 1061
8879253 42 7974
3088138 25 7668
2924097 86 3708
160169 54 5589
150948 5 2379
2596753 36 5086
453968 44 6025
2636 1 277
3271337 40 6856
6495464 91 8490
2535357 99 4508
4125 50 1418
196674 18 8095
15292 67 9971
18246909 41 6628
1719579 100 3947
155093 88 4046
2937015 100 3886
9287035 49 5955
7895 17 278
12137099 9 7989
16633679 83 8086
2470179 32 7284
9856093 58 8387
9518374 90 5285
16036184 100 7988
2503500 82 2782
22635435 11 9696
698168 63 3052
329 66 272
770966 1 6428
39320020 85 9030
1 66 695
118981 12 2509
2563034 29 5273
7168063 88 7771
482586 52 3731
10002462 25 7526
7547014 97 4253
159 78 100
16848426 47 9813
3177563 69 7476
1401284 33 2997
265357 86 969
166550 27 1993
359249 13 4331
5297587 23 3768
5034747 85 3147
1303993 12 2958
587874 87 3593
329569 78 8591
351285 14 4968
479 22 1507
6870571 54 7209
970598 14 2974
1850168 23 4498
746 26 1507
3407388 34 6546
23202875 61 6846
4159031 74 8951
917081 37 1997
222371 34 652
1432252 94 2020
5746266 21 3716
15154 98 5271
8395322 44 5801
9970155 16 6490
18261880 3 8209
4371077 83 7544
6419300 35 5298
1385929 41 3480
1288964 20 3025
6420101 21 9202
3214224 30 7002
465305 41 3809
2398140 1 5636
1283002 38 2053
925697 88 5002
284355 25 933
121314 4 6230
6849584 88 5557
370984 87 2182
7862 3 468
95124 68 2896
120085 70 990
10252375 8 7002
179101 66 1301
5039726 35 8676
6464919 39 4191
23533861 66 6803
1348583 19 7524
6404713 15 5118
15550226 66 7129
4221261 81 4372
313200 37 7376
15761326 65 6104
525353 50 1808
1544984 50 2871
1682162 26 7250
410197 47 4335
6551178 58 8524
34362841 94 9106
181042 45 2027
1759169 26 2050
1968462 24 4540
2699607 5 2995
283197 95 1478
1 100 197
78216 14 771
346565 54 8071
1 83 4629
83516 71 6474
6282291 13 4471
1201467 22 3339
40502209 9 9717
8331552 4 6574
1768866 33 5246
28085976 91 7642
16191485 66 5591
1 90 1055
536167 90 9807
309414 9 2626
4190751 48 8261
255861 95 2236
1527883 95 3934
252605 72 3681
8351471 99 8189
781333 83 5087
1051165 73 3175
1264763 61 7851
689512 62 1083
1033011 5 1775
12132187 64 9415
6259 100 4815
699971 93 3364
1063165 39 4558
31992644 6 9829
19491190 85 6587
3546895 13 9701
767101 68 3349
10199198 55 5141
17267400 25 8980
20086166 26 6485
342853 82 1435
1522728 71 5578
28348963 10 9985
4920485 95 5963
2124770 29 3335
18710236 56 7045
11914843 4 8460
10494526 39 4579
3111022 93 2611
31475002 66 7871
1954495 92 9704
6824686 75 7728
3057932 77 6453
13209702 74 8369
80133 94 563
28425634 68 8284
20517066 63 8788
1476274 83 3945
1080510 4 1596
1491977 87 4240
980328 22 9963
495381 58 9950
256862 95 5698
9389129 46 8622
11699372 19 4983
88024 17 886
319152 72 4935
29937 66 1528
14451614 99 6465
1311148 37 2464
4490981 38 3990
38216533 93 9971
239575 1 2915
1925501 43 5429
145914 11 4840
8743895 5 8724
30343720 38 8203
40946 74 3428
2905920 72 6101
6889886 89 8842
2315 9 91
169375 59 2209
112310 28 443
570138 72 1033
667801 77 2476
4349469 51 7543
23024365 19 6891
59415 45 576
24037645 76 8004
9069943 28 9065
11976409 18 9231
884165 89 7132
24199 35 8202
257672 18 2781
9086 95 7511
356257 72 4949
11090891 85 8277
4646 36 1076
9794652 3 4426
8961 53 1504
1237609 13 3754
7467213 23 7100
180758 49 7491
1532155 91 3415
779164 43 1465
377368 70 914
1264601 8 5094
26737847 28 8146
4806319 87 3521
2373547 81 4246
23389 89 4622
6313830 80 4252
276655 17 3522
98580 24 724
1567067 93 3755
14231989 36 7668
11162425 23 9403
698198 93 1405
101621 80 489
3802785 28 3709
36445197 39 9732
11887194 67 5775
347667 90 8322
2958487 50 7460
2074004 2 3996
3169106 35 3212
1031993 41 9772
681590 19 5720
3057212 51 7562
1 83 1097
9411436 17 5164
5472357 32 4253
3164398 76 3607
3481290 58 7652
1975421 35 2277
5492 64 132
1 49 1924
14506405 66 5905
3320019 14 6884
1063080 76 3035
677231 20 10000
3990684 47 3308
288619 50 3921
12848389 43 5960
5908265 87 3899
1354750 78 4563
455326 99 9285
23865234 55 7596
1908157 90 1880
131015 52 876
669597 52 1558
10557284 73 7075
238558 24 4298
26737 9 536
10121016 60 9281
39264 76 5829
1557049 60 5950
2253208 18 8283
9756755 49 6724
9389499 83 5362
9049 26 589
79209 35 5990
9644385 89 6548
539165 65 4727
9029 96 1053
255 12 13
6325164 88 7397
5337091 56 9646
803732 34 5287
3179487 56 6940
7987229 66 6246
6655094 22 5543
8651985 39 5249
1461364 40 8079
938612 82 3196
7974436 89 4859
27518138 41 7463
312018 91 1391
718403 33 3282
5914467 47 6160
1514143 39 2203
84808 60 657
39765 80 5448
8169745 66 8921
313404 48 955
150096 81 7000
70124 21 3754
3296839 49 3704
6077412 98 7014
432008 27 2700
184149 28 1882
44720942 9 9986
496955 79 1285
11974099 10 6168
18415 3 3478
5453088 1 5166
20981024 55 7179
1361010 20 3521
16440517 58 7577
2160648 66 2002
2674494 47 2345
2187212 25 6613
40254 95 565
925129 37 2239
4181822 65 3381
1378833 58 6128
137481 38 8092
6531040 40 4493
1 52 699
18201 41 285
4596326 19 4178
18750056 33 6181
515184 44 5101
1232961 15 7153
88375 87 5590
2516517 97 4071
1065295 44 7631
463564 84 1003
327883 97 4166
2777066 26 3616
7975872 92 5721
12663 8 1024
556420 23 1474
5628133 68 3356
59804 24 963
1611385 27 3658
2976638 65 3456
1205393 29 2324
5817061 81 9059
78874 100 8129
15108857 8 6445
5079 2 242
21074 28 1180
5056 2 118
7542926 91 6992
13380958 96 5682
3177899 17 4906
1196023 7 7273
3336372 63 6684
12162155 49 4834
574393 92 1376
144878 93 4538
130017 46 638
1055014 89 5692
2847149 18 2299
2785767 92 5234
5244490 99 9811
75914 23 698
8212459 52 6593
4524408 73 3358
18090458 13 8777
627431 37 3540
5808 18 413
733415 59 1172
1261448 57 4809
2564910 38 4201
11828655 98 8325
248830 17 4840
7046396 28 4587
170808 50 3603
3717707 23 4470
1524638 89 7210
21751110 62 9102
2750616 60 8242
13146 95 6813
4711311 95 6876
28673128 37 7665
10962855 10 5249
5318203 78 7080
122032 24 881
1190856 34 4306
3054491 50 5843
38962123 90 9551
4568 28 829
381 10 93
132480 91 1593
8135748 25 4720
13999851 10 5531
802999 35 6151
562832 59 1583
30222215 60 8144
1800896 34 2993
7434635 19 7904
558163 86 4144
55779 70 459
7437938 29 3767
7867015 74 4771
318038 15 798
26050309 79 8962
721140 62 2742
3288741 57 4939
1200949 39 7972
341461 57 1553
203884 28 1756
4798613 51 7643
5731150 94 7326
3398744 39 8929
1662923 63 7474
17350482 86 6095
16022851 12 7961
3466048 60 4426
1808092 74 8513
70765 97 4737
8309094 6 3999
2411177 68 2902
10200046 89 4818
5629137 37 6714
1496353 96 2650
18036533 85 5983
2879489 70 3864
1402910 37 2645
186050 33 989
13492 41 193
8677020 42 5183
8127324 71 5929
6564874 23 8536
87340 88 9163
13799090 44 6852
69020 28 4147
254464 85 9644
195414 53 1090
4323891 83 3510
10013279 22 7374
366828 26 9809
6019671 59 5114
17790704 73 6217
70090 31 5076
347 4 319
17002 69 183
69984 51 4116
11334518 48 7699
7973573 67 7123
695914 25 2141
122538 56 1354
2086832 98 2683
8206485 92 5197
7154813 71 8905
15461361 98 8605
159856 22 996
58814 37 1811
2951192 71 3586
3148612 73 7378
254664 75 2001
178926 6 666
557463 9 4682
20670475 18 8635
252312 48 2781
393863 35 8058
5708485 27 8593
5236687 20 5636
7198750 20 6833
93755 40 2531
2116467 29 4880
4157 73 607
18491176 29 9661
1232859 58 8595
2745617 75 6938
9457 57 4200
10759 26 4238
1877 17 1224
7396864 85 5210
4322461 1 8366
4068101 68 6044
112902 63 8844
12907870 8 8771
8286048 82 5556
2852596 41 2840
19945686 35 8881
1449966 89 3053
24917 39 3252
17551121 77 9136
401165 84 4651
12765865 95 6910
21804331 18 7737
11247280 39 9607
3685915 29 8381
2914481 76 5738
273980 58 848
19340299 7 8270
987706 67 3439
1366253 60 7813
10439958 84 7326
2440235 15 7308
2321345 80 2643
2345322 91 2140
10586995 83 7203
1 22 3127
25240789 7 7292
6270975 84 4657
1499522 74 4191
1 84 713
494817 40 1273
6176944 55 7765
1 50 765
4160767 49 8313
412088 75 5107
65698 3 5893
7391795 26 5073
1220032 86 3525
3873713 37 8852
1775599 94 6307
799138 13 5920
5998100 63 4386
18243 56 304
1421399 76 7383
14022292 57 9401
1680611 1 7294
3543 3 3589
5212200 27 3344
1068330 59 2397
20043 1 1928
7599970 43 8836
1316469 59 2260
184858 83 4927
26839 17 5759
1592285 25 2605
21679 55 2050
614250 85 2217
414462 71 4427
12300793 5 7658
7875977 35 7380
2873453 95 3751
72725 80 2141
1266053 29 6655
125358 13 523
6437 50 4687
1534389 70 8239
8286439 18 6557
9292853 6 5227
23462326 25 7864
4560384 65 4371
13517634 50 8003
3085321 22 7147
424305 18 1499
79406 74 1484
7046881 69 8366
7616788 37 8523
134895 36 4895
1341538 75 9015
10642416 69 6791
487994 57 7939
12666060 70 6231
32953187 93 8032
988973 90 1489
6365460 9 8391
767689 30 5777
34318086 7 8205
366483 59 980
1345644 45 2303
1600754 67 1842
312438 8 7202
2969417 85 3942
996712 66 5919
5354518 74 7821
14694048 68 6253
31891545 75 8537
12745746 27 6630
1768793 28 7167
16175 86 1824
23442480 48 8474
30902 57 1307
264792 80 3933
12574781 95 6377
3215492 75 3799
625947 73 9541
13391621 29 9012
9623439 94 5155
2335059 47 5929
26388212 69 8989
162770 80 779
443384 11 1002
3553157 70 7202
23861469 52 6951
456503 64 3656
18515 52 3835
1449941 36 6506
14829134 97 8698
2392444 98 4618
20835352 36 8533
495190 62 5456
32993668 13 9311
2556962 33 7436
115124 19 794
24909200 2 9640
44471 57 215
90284 49 3813
63641 96 3281
37700508 39 8596
429147 9 1101
1940240 46 2804
1663 85 224
401622 9 2140
8793163 29 7565
4516114 14 3033
1575590 39 9948
42940 41 347
167170 98 5061
1 91 7685
7805895 88 7272
703664 41 3724
122200 98 1772
2079 21 235
14404693 78 7565
527229 78 1913
1109263 44 7493
719565 21 4015
7986805 91 9755
701365 85 4295
10880175 65 9765
11995543 59 7932
8731269 37 5654
4048055 88 4472
144072 3 611
58276 17 1856
6625679 55 3888
3503436 89 2669
1242803 18 3240
228884 79 6481
6357684 52 7147
22811550 28 7164
423948 14 1426
168973 79 619
7660876 33 7704
7274 41 983
4414 45 7340
1863732 56 2851
41402723 77 9537
29952571 3 8573
67155 4 7288
3825850 86 5288
218473 39 4665
16937961 82 8266
10739751 41 6873
12025158 54 7867
4478154 85 6146
375767 91 930
13724014 54 6857
3750795 98 8562
15258947 16 7948
14210963 34 8878
24746 11 1621
3702896 39 8138
9851132 89 9480
143664 48 3495
2054020 24 3735
5811042 79 5850
17537 99 4338
16202454 74 7258
1200358 62 2881
1537910 85 4458
195845 66 4298
252672 95 5492
105203 97 6720
19482972 38 7668
1466 24 756
4486955 64 6826
6728591 15 5626
320884 70 813
1930785 17 7882
2955092 14 8687
16642743 17 7026
44526086 3 9408
3250913 52 3829
3389615 36 4390
13871990 38 8404
55164 44 1836
22848331 82 7479
21534106 19 9048
1802364 21 3303
128 20 245
1053422 82 2596
5880897 67 3629
1647735 29 3611
12471617 83 9835
16300694 83 5978
19551170 100 8356
1 16 40
28446 64 498
2005 25 201
6224188 31 7387
70736 62 614
25397 29 142
10120 66 7248
123749 32 698
216848 5 910
53964 70 9521
13231576 56 5911
17011336 52 9758
1006054 5 4713
41578 51 535
24342293 79 9633
2667388 7 2315
18389092 66 9930
523065 78 1096
5650154 17 8796
636054 52 1883
2815424 28 3351
51527 77 551
1124504 73 1762
4850812 9 7342
40391 37 3336
1045998 3 2139
1011475 85 2819
2883984 24 8128
1442261 15 9873
1078014 41 5443
2181937 60 5680
898023 12 1838
1270403 24 1940
4811204 3 6820
1944384 63 3652
3060756 29 2380
6254115 24 6751
3138300 29 5706
2869129 28 5669
444579 37 2545
40333 26 241
2625890 30 3563
8522 39 6212
6694641 84 8102
1883128 27 6038
508411 36 2423
43779690 13 9390
7007923 80 9563
1 63 403
70373 62 650
240069 48 2364
2924696 57 5321
6549358 21 7419
81015 49 1983
1073610 3 2217
6646 35 235
3781261 56 5461
96174 98 429
1176086 95 4933
54 50 886
690800 98 1969
655514 19 1071
7629663 46 6783
12200385 87 5838
16222272 58 6813
33542777 100 9917
24722336 45 7117
25307683 2 7573
3617694 82 2633
552372 95 3291
74806 43 1042
1021451 78 1345
1 87 5687
9569407 29 9088
48750 34 2656
3304095 97 4634
114183 46 3046
3569179 64 4663
10899973 73 8919
2742430 44 9593
171817 31 2615
1488577 13 3451
4082465 6 4566
24159827 83 7014
274726 66 2190
19494603 30 9278
11949878 21 4820
7445151 81 6980
494 12 345
11449899 95 5609
1 62 1735
1657532 10 1748
4596647 8 6277
27555230 80 9924
1593026 86 6421
3815910 16 4398
91755 75 3117
13974896 74 9141
8564010 11 8326
2332745 80 3018
6974978 78 9277
6827090 96 7658
397803 46 5808
203436 4 7324
3256 26 4164
12946266 21 6294
1249581 35 1589
14407 9 1627
19542453 93 6354
374672 80 1129
6350851 40 9491
18110959 47 8193
2014582 68 2611
366759 9 4075
11839789 23 7242
11306735 63 5553
2154359 57 6475
12864 37 273
12050 43 196
386463 2 1085
1846 20 4757
3361874 38 2951
23814462 97 9560
1072810 56 3749
1006584 22 5839
2091279 39 9318
1368328 84 8684
2573764 45 9144
464078 24 1100
693863 83 1445
3805459 88 7643
271080 57 833
21156337 87 8881
903224 8 6970
2404170 9 8166
11426 29 7395
4855021 79 7096
47075 80 8676
26468872 78 7511
39447780 10 9601
3611214 87 3139
1720456 20 3180
35292187 90 8714
1578520 32 5127
18930 78 6915
188566 11 729
11575 40 901
444941 85 6867
3584265 80 9478
12709326 17 5688
20166213 67 8679
1939699 83 2153
3705 13 7776
19728637 93 6952
1599833 79 9664
16264 61 2770
314402 85 8930
9739927 60 6014
6755929 56 4227
784954 40 4431
377853 77 8518
1004073 87 3830
506064 84 1139
11202 31 8082
72911 41 8207
5131 20 352
76303 25 1494
34274 26 457
1437790 67 2364
6629344 65 5143
1 69 6026
1676637 72 5608
161294 92 3026
17768489 27 6430
16916 4 285
1919371 36 4797
20073798 9 7449
10695 76 1533
2502541 18 3998
4108350 97 8390
1177913 71 9092
59891 30 3114
3246723 59 5567
110310 28 5501
5791143 59 3645
501686 26 4001
1 92 1463
7760 76 5006
1816925 6 2683
6571399 100 9136
717922 33 5913
3394465 98 7087
32579772 61 8998
10745125 15 8849
195588 3 8702
1059920 22 1416
34222 94 401
3720189 91 4213
81721 38 1101
44878847 47 9883
99035 70 543
193467 17 7026
24319252 63 9042
26838127 65 9440
619311 94 3880
1670250 72 2885
73880 25 2285
550644 51 1327
357119 69 1601
4058918 80 5678
1342226 22 3149
412973 32 2702
11871979 64 8559
6422279 80 3492
25486 69 548
2690078 77 3901
361375 58 2920
103788 80 4911
2190435 25 6191
5123441 74 8796
30460953 59 8594
3558154 44 4740
10519551 30 8288
1040401 56 2533
1892837 45 6344
1847505 83 5875
416466 30 1943
8811480 99 6440
1852226 74 2496
12287652 62 5441
4583592 82 5551
723179 18 5852
346793 8 6966
1 97 1580
2180689 19 5636
244996 46 3353
3714064 86 7270
1020581 19 2237
11388 22 71
1479012 81 2390
10998 3 1006
2550905 60 5051
20631 19 247
349343 17 1389
6596168 29 6236
251000 42 2456
2302927 21 2148
1502643 16 3737
49758 7 1307
887383 50 2834
2954207 12 2828
6832676 9 5104
1 57 500
1797780 46 2891
18752 93 3164
1465928 17 2270
3826984 64 5062
2433355 10 3944
104923 54 4089
5537570 38 5445
25367840 72 8482
5252659 52 4328
5331245 31 4248
1028359 60 5392
1997652 46 4160
770137 76 2931
1 97 6674
467588 88 1112
37149 33 1114
182017 56 806
13930973 67 5391
1 58 1179
330425 29 6975
3108899 56 2823
21961175 50 7096
240880 49 599
14230 63 3507
3107483 15 2628
410 99 6982
10312354 4 4802
8823005 83 6414
17733303 14 7525
60145 27 382
18790014 84 7175
3874667 23 7532
29405889 19 7923
298966 53 8867
295546 48 3502
14429975 13 6653
1391124 31 9132
2452919 59 2209
5463788 4 7259
83303 43 5377
1299667 57 7708
18566 20 4498
5313296 48 5666
5844024 68 9473
300936 75 710
236435 21 2789
5652925 8 7459
7591563 18 5773
31004513 2 9353
5774717 86 3480
18004143 30 6278
168318 32 1943
1322869 6 4433
261965 78 1111
55444 53 1065
76797 6 7952
533410 22 1109
85408 43 5959
11838605 40 5632
6203063 14 8980
2029997 65 8084
4638480 63 3117
750488 88 2358
8076175 97 6705
41932 11 414
3225861 18 2548
2127573 96 6177
28685766 56 7825
12689957 50 7390
35584852 39 8577
1196614 88 4921
27202251 28 7340
52940 28 702
5884518 62 4372
574192 95 1091
6656300 87 8497
1882332 30 8178
291814 90 6498
8822630 3 7596
46644751 79 9627
23601408 3 7220
14590252 44 9392
371304 18 9619
163775 82 5197
12362162 60 7096
1684721 36 4420
461 11 2160
18368630 35 6528
1 96 415
19808215 9 9526
28788117 87 8629
6442392 62 8591
727437 65 2113
2887363 56 4901
3566933 21 7824
12705862 30 8948
674097 51 6899
139932 27 708
4117366 52 9052
7809197 21 4331
2076777 18 2096
168517 95 2073
25171364 23 7239
433585 55 1143
691454 49 9524
6499601 60 5368
158877 79 6595
337859 57 1005
2902 28 218
236275 31 2097
288286 21 6836
1 82 3717
325886 49 5674
389897 9 1924
100911 13 2591
2678369 89 9693
3310722 45 3033
35647 65 800
10112266 38 9984
2568817 12 8734
4976765 5 3309
31300213 10 9770
506404 95 9878
137102 63 468
588570 89 2871
3958428 9 3517
3452825 69 4015
32084631 81 9950
603931 64 1280
15203 41 6230
1 67 1227
10157 60 7700
579333 30 3210
12553688 38 5939
2904658 55 9089
1736992 95 5143
1 25 2213
23034065 39 9220
19755127 54 8985
73344 82 8673
484473 1 4241
2728605 37 6554
290678 84 5828
22313 29 2322
3792209 63 5218
840736 6 1416
10315738 43 7895
1 98 2578
2071486 51 8568
1818143 48 4647
1764267 79 2853
616848 83 2922
4050827 10 5448
6947826 83 3841
7026410 35 9637
9771688 11 6595
26635 48 409
13054820 7 7055
317496 79 1552
17736950 20 6306
3137553 77 3032
624679 81 5622
1099153 88 4518
3358584 67 3744
1477370 42 3545
7331450 50 7417
10179 8 1008
6539773 29 8909
1154096 9 4388
9648078 70 6559
1286199 85 4643
2400 32 329
290478 42 2813
31461893 30 8545
23858957 72 8203
21728 39 5565
8779587 72 6759
258983 82 2132
31737812 74 8640
1 69 9220
21691851 94 7559
30588122 80 7743
188843 29 6594
3078210 75 8116
14801291 78 9092
837555 38 2763
34118 14 1784
14658507 17 6610
12753373 67 8228
3858231 22 4065
2500162 64 3336
4205273 80 5707
60509 49 5370
21818942 97 6824
2750585 92 9250
70430 53 980
4418919 18 6095
222744 86 724
15995512 42 6232
4795636 75 3466
1 95 482
51197 63 3824
14383791 40 9318
25298 79 8551
198864 91 1716
1321688 9 7085
5385928 13 4205
4846465 45 3501
1132 43 1532
900577 56 2367
1376987 29 1752
854510 34 5751
332434 97 4397
35183472 21 8949
441597 82 1129
1 37 113
1 30 280
18222953 12 8670
53227 35 3007
917121 74 5802
1164527 18 6295
21362 35 387
1769984 100 1838
628244 93 9770
3930201 50 5998
28609131 56 7634
4380124 18 6954
380998 19 3737
20878209 86 8444
46149308 42 9846
11087535 39 7235
2986972 13 2486
1439065 38 9173
3714114 77 5979
12988 54 3951
701223 45 4344
15077882 68 9636
36333 23 614
117 9 4525
2739840 80 2812
12805914 31 9602
299715 7 734
19241 19 1595
546454 97 4863
25801529 41 9295
11392362 5 7702
4012053 77 9484
890527 79 3079
14690906 75 8472
1594052 93 2053
2341363 66 6352
23230 85 2281
1406459 6 9171
1035502 80 1694
809890 20 1199
1006362 4 1397
34667229 49 9634
147713 84 2716
5285315 14 5160
37947 53 6691
471585 10 3053
515332 72 9911
4583285 20 3904
2412383 43 2126
2595145 81 4940
46976824 10 9767
19915240 30 7938
2630567 24 6561
1744938 44 3571
10827935 1 5941
28410381 29 7651
20000 65 185
7324940 39 8817
23490 29 1110
78138 8 1701
8486502 67 4911
27060125 38 9883
2665388 75 5412
1059241 32 3573
455 29 2877
19204120 35 8328
306312 9 1700
68017 66 1752
677645 98 7525
14288401 92 6000
260763 28 693
2481092 63 7394
1066608 41 4393
690501 9 5086
752762 68 5340
2928445 55 6417
133769 29 2210
1430815 7 5794
42528611 93 9176
2536513 78 8447
5272908 7 4169
7123583 43 6395
1015281 79 6296
10903064 75 6292
20495713 72 8118
1236978 28 6916
1916572 91 3508
113877 63 1422
1261661 86 3311
916627 63 6893
123698 20 850
604820 9 2098
62135 17 254
2905369 64 3756
2538778 62 2315
7916862 4 7989
84362 66 3319
4883834 89 8938
387105 98 6405
151383 1 2271
72002 32 9572
16589443 33 9744
19125984 50 8811
17481171 91 6134
496999 75 8456
1754525 91 7519
222363 27 1416
35182604 30 8385
4547838 88 5404
78181 22 980
465757 26 7391
110244 62 2271
1784969 100 3224
448966 47 3181
6122819 39 3996
4212825 50 3272
45458105 79 9568
11043658 97 5934
2683005 44 8121
879562 17 4819
3660900 11 3477
393062 88 3408
1432279 71 2298
4748773 61 6927
11463 3 603
2461565 61 3872
2509689 35 7805
5364830 97 8065
224465 14 702
568163 94 8697
184133 72 1685
28009190 49 8986
55017 10 2064
2847681 79 7853
21971701 29 9797
9553460 56 7667
84503 71 2472
1403315 69 6468
168725 12 7696
2400920 77 5779
13201614 35 7261
12898968 11 5207
16852 19 3150
12892787 96 7192
270760 4 1186
6982039 23 5143
464577 62 1412
2791932 89 4639
10158310 76 5238
27272318 87 7655
87483 39 8977
3279075 48 3668
6382830 61 7095
13186347 14 5273
762030 24 4520
506743 21 1536
6538535 34 4019
214611 59 814
3730216 20 6801
15762833 92 9212
351592 39 4272
8300979 34 9495
5565783 77 4467
901046 14 1375
476015 71 6742
85179 21 2461
37680643 46 9917
718229 21 1481
71485 93 6230
270050 93 7577
34123 3 307
1 24 633
7689049 62 6422
443104 98 9299
5183180 81 6012
659659 32 3569
83831 83 338
1 76 6207
29465 90 1729
3472455 69 2721
295873 11 4241
22719 7 477
3000031 31 2720
288029 21 3809
1 71 3335
2398638 38 6417
7675657 86 8442
4608429 80 8339
8068644 84 9314
1331125 29 5024
13285 79 2826
2322147 77 3804
4415466 90 4453
1604210 82 3125
1615833 81 2721
3367684 24 8606
4686781 11 3846
15530825 3 5860
1362 83 1150
5289611 97 4302
82133 59 3340
9566 93 5140
2918829 15 6578
3226246 61 5067
363540 41 875
818392 20 3224
53826 17 1112
2951426 34 2671
2401799 36 7177
164903 65 2128
128171 24 2055
484681 97 7817
2641 39 2708
3046703 37 5416
19380561 50 9289
264138 70 1422
2702563 86 4824
37496479 51 8929
5060716 67 7810
24662875 4 8229
1283681 33 7275
35039767 92 8938
7584525 15 6629
409578 92 8649
1608144 49 2668
688300 47 9974
26193466 64 9614
51580 21 8424
89368 78 4150
3082006 83 6023
10457698 50 8010
90914 40 589
6726893 87 8627
384608 28 6067
144087 68 3060
129256 57 896
21233344 74 8811
336862 63 6216
568371 77 6595
403025 89 1232
19021 52 6055
17942911 52 8512
221726 17 1576
2802574 32 2405
148948 77 1738
23079170 7 9282
23982975 56 9650
13911853 93 6935
188694 15 2835
3153742 42 4371
3001487 30 4491
78694 42 563
739302 77 1943
10510509 52 6031
29105 40 5110
1940233 71 3600
26960054 34 7697
2579 10 36
7788951 21 8816
448827 8 9131
68241 98 2348
3959445 48 3220
561280 64 1207
8136530 96 4468
88204 45 2067
8493838 76 8917
1492567 35 7387
621045 54 3680
10944 39 146
58142 85 6586
563029 41 2036
273521 72 4919
710126 55 1208
8178721 89 7516
1397528 98 1673
42642223 6 9547
3741871 93 2982
2450449 29 7346
26442028 9 8662
27420 33 1831
786184 27 2810
493164 68 1764
244702 36 3052
3858407 97 8260
5581195 66 4949
1136837 80 9996
15852234 31 5627
2038625 5 3544
26493868 2 9165
6568716 88 7434
5231 59 5617
2514455 41 5113
1405124 63 2671
6329904 23 5031
1002366 81 2519
37212 12 6714
1485977 57 2033
3433177 25 3696
187833 15 5348
2582646 23 3683
1380207 33 2559
591177 79 3142
20510221 21 7523
595241 100 2358
22910415 39 8432
345694 89 1602
2986288 20 3258
1020154 38 7380
384375 4 4296
1270333 96 2938
909143 1 2353
765739 48 1233
73891 31 5994
14936 79 361
16511 93 2782
159127 9 609
787795 87 7293
13489529 20 8396
27285579 24 8305
3088845 98 5837
1400382 4 5128
17357391 8 7807
7218105 10 8488
1197919 91 1810
10291420 54 6360
10728333 28 4895
7984642 91 4825
832851 2 2725
26018248 39 8454
28076 98 5679
934545 67 8659
18324250 75 8893
19450802 36 9861
199257 69 9516
111099 1 1939
1912 34 527
2415763 87 4592
5379402 44 4934
4183721 89 8777
13100201 52 9768
841153 49 4754
623980 46 1172
540491 26 7720
6971301 37 6784
1706400 82 2310
4098605 12 6376
634731 45 2643
332 1 3003
2822044 74 3297
10790499 96 5482
110369 15 8182
1617807 92 1856
269648 75 791
37202315 79 9262
1188250 18 2440
4109219 89 2952
211655 29 9664
990589 96 4058
5530446 18 3305
211298 18 629
11057480 56 5989
6775052 15 5907
28969 46 1532
2193507 84 4725
287298 54 2115
1285015 97 1557
373589 20 3130
9146 54 3399
615515 14 7685
1202456 39 8399
41380 30 1337
5057444 70 4593
332385 55 1733
646888 42 4150
183370 91 3865
25675825 12 8075
17686686 92 9052
8890555 37 6403
284340 22 4219
4514702 46 4491
19839050 31 9065
2707113 86 4665
1 79 1011
1052138 27 3796
1552583 41 2174
7514041 30 4779
9697228 27 5405
16114019 44 8639
7171705 21 8349
3027992 7 4990
30990 20 4432
8892367 100 9576
5445452 88 4964
3193118 87 7883
14675326 37 5646
12330031 12 7728
65543 32 3512
18861968 82 8877
1 32 9379
4114837 58 7698
171 42 6944
3535295 2 3366
21199549 12 6500
368134 87 2706
10530628 24 7610
24789642 52 9074
954170 50 3391
611837 40 4587
17564925 99 7790
557186 24 2230
8461295 43 6933
5526765 23 3277
4589031 67 3727
20145437 98 8344
8064042 89 6464
8523785 40 4641
302684 71 7914
222299 80 1554
807765 57 1443
143181 30 1421
867187 56 2279
999235 88 5252
17092801 21 9578
875262 27 9797
3579650 59 5087
1627538 36 5969
4852315 88 3361
25903739 67 8147
1763946 53 7731
631129 33 7265
100604 86 844
27750014 74 8358
60401 47 3077
38887855 1 8763
15945024 66 5678
1348204 72 3091
112162 6 8308
11076355 82 5393
2426021 70 3251
12711664 53 9792
44814 47 4853
8740147 84 7188
17931903 23 9551
1274171 85 8988
997742 37 6196
12112758 31 8990
1575123 49 1810
5682117 75 3303
575310 3 2656
18436958 3 6718
302857 44 7670
221885 28 4341
12086 67 791
4097773 32 4677
1 94 2800
75543 61 889
62331 17 301
4004426 39 4296
845022 17 3128
246200 60 4487
4958076 9 3359
7317873 31 6046
667394 26 7444
5448707 22 9516
16135 97 1741
5690515 60 4296
613701 99 5743
2871229 16 2562
142695 76 1071
11557792 73 5807
128433 57 2549
4273136 95 5066
4806769 77 3314
1 80 772
207308 33 996
15496176 16 5567
171983 42 620
9862 31 8165
79084 36 9654
1 62 635
190992 85 2181
3482185 52 4204
1868 8 3373
275605 26 3633
1340830 81 2050
2803010 34 5715
2854997 13 2513
2377299 47 4976
123132 73 681
16572390 6 9122
311225 41 981
2393934 24 5923
1818901 67 5315
16245854 17 5964
1086043 16 8494
7526103 11 7622
741084 64 2902
719533 24 1915
10756673 37 7200
5455057 60 5292
8452642 15 6931
223869 57 9518
20917 59 5883
15170 17 1053
1 85 899
2216537 16 6215
1 72 2206
284824 42 1030
13232069 36 7578
2382789 63 2456
36979 61 2011
280326 10 4043
179029 67 7491
8764 6 88
2864578 83 3838
111284 44 1314
331018 2 7307
33525814 51 8527
3418590 60 4012
5671912 36 5623
2478633 21 7508
1 83 146
1533569 57 2087
3741144 80 5149
207308 18 2536
549301 29 1585
6085076 81 4516
259424 22 1903
2905293 23 6856
1016211 41 4152
3846159 34 8611
429228 46 3255
78518 59 2083
1545884 83 3193
4572170 41 9366
1107568 49 4421
11038 59 5183
20695748 52 9577
3497460 75 5279
2748842 8 7337
25015774 61 7262
5452197 30 5419
335825 95 5386
953693 19 7257
1153628 9 8810
23430 54 4093
773198 8 2488
4094775 78 3826
227313 67 876
38500893 84 8986
3135 77 83
1 58 575
220684 57 1133
38659 55 2110
1457562 98 1994
1331798 65 6732
330670 50 8117
46336 34 5249
3859361 91 8960
6484 23 975
2489287 12 7440
48250 69 8258
1329858 13 1777
721419 53 1281
13939 33 630
843955 26 1312
905386 52 3147
29763154 87 8585
12781 17 238
30470259 100 9613
21927149 74 9680
3187179 82 2465
1499867 40 3883
1003255 85 5905
2319993 86 6357
32266691 38 8674
3754496 62 3588
8775924 69 5707
1030318 55 1475
577686 82 3010
784924 74 1744
261035 43 1009
262478 42 4099
8352986 94 7061
10634866 32 5089
20296236 60 8971
228523 32 1693
28618365 35 9015
2429211 31 7627
5544416 68 6860
818421 91 9544
4575362 91 4558
22492 21 868
24553 22 851
5387264 31 7596
5806 16 85
1179143 79 8512
26453017 69 8586
1197 63 326
2661684 48 2655
1799837 4 5301
87227 57 2323
46985 66 455
427296 70 6433
122109 40 1380
58938 14 2499
31680060 52 9748
2468361 32 2933
4625743 48 5315
1 79 9230
1274099 33 6388
7027795 51 4487
6719317 26 4944
1240471 40 2733
625546 77 8855
31607 93 7803
7339209 36 5661
535050 75 3919
9244236 83 8523
2497120 80 2706
26615 68 4463
3011429 40 4157
8936807 6 8654
910820 37 2564
7105 37 2485
2416518 43 3526
7028496 92 9812
41477428 89 9463
170237 25 2168
112595 60 587
4598541 33 4087
2260 15 4883
9863 38 2543
835446 79 2033
1397372 53 3462
987650 16 2791
1045623 16 1543
11865586 12 7181
388 29 3080
26837787 53 8369
1621070 80 4118
23998333 16 8221
1525355 89 2238
45936 30 2562
18337263 21 6727
121581 43 6843
214572 63 7583
240548 97 633
696282 79 2649
806509 87 1627
1252512 54 6470
1246570 33 8833
2215555 53 10000
7726162 35 4624
6200723 29 9764
413965 9 7919
50750 12 3132
597154 21 2338
528662 90 4290
24860698 1 6968
4862101 6 9046
953293 21 3811
30074162 99 9242
15141109 46 8508
295213 56 2821
153135 46 5175
20737306 71 6577
28498061 98 8859
18614 64 526
303425 89 4541
16087100 15 7262
11305239 8 5732
3509128 74 5558
4442468 87 9630
5172696 16 9726
5183545 35 5329
1531274 51 4923
6858537 15 6462
8649090 15 6046
509584 35 1196
12525995 79 6093
125518 48 1968
14547717 41 8370
2213078 30 4422
41211 6 8569
737753 37 5766
23215799 16 9746
96878 74 764
17626 91 4477
3077 51 280
45363 45 433
942202 61 4168
1858284 67 5242
11539538 85 6651
1172100 27 2876
17328986 67 9116
2497326 68 4422
1802333 65 9745
117817 84 2108
972445 5 2288
29211815 100 9317
1656402 93 8484
46613 48 233
10082395 43 4745
2902690 99 2808
11688242 40 8866
18787855 9 8922
21103418 61 7527
1 77 328
577415 59 5962
857826 74 2184
254011 3 782
8063831 22 5949
5253305 35 5936
1698347 32 2424
23262520 96 7215
8331865 22 4529
529531 85 951
6022123 20 6652
156030 95 9008
28663964 64 8057
6749875 54 7683
20425093 21 9041
276043 87 3051
742065 84 7337
425626 20 1271
9782358 37 7174
29304186 41 7666
16853719 11 6492
3636 79 3137
4603958 2 2991
26295555 10 8805
1865957 72 2974
4438182 19 6528
19732294 21 9176
41923 16 4184
2128938 94 3572
15877883 48 9911
909722 92 3127
5338662 71 6791
6255538 16 3603
6183 70 3480
5308598 69 7151
25164 25 1126
390314 61 1815
41698 4 2400
468128 17 910
288406 100 5896
19747324 64 6327
208661 5 1102
486326 35 960
374146 95 3391
11358798 44 8667
4311568 12 5319
1084055 53 1668
6323 100 7533
4780911 22 5242
6094460 71 6064
18250640 40 9744
11362 10 5421
358811 14 2284
8304687 11 4300
33560 31 2926
4733802 81 8916
14981506 99 8876
2099675 35 3772
1419158 92 8722
10547232 82 9282
11787111 77 5773
4013833 43 3828
2449594 99 6277
122388 70 3763
6083673 34 8805
8976986 56 8963
14204163 89 9424
33775444 100 9645
7368909 67 6707
6896 15 718
2103375 77 3093
6990243 99 6662
2677946 13 2582
9823480 11 6433
16012184 29 7868
28311027 9 8045
6361849 50 5437
3387105 32 4398
21121698 52 7805
471704 87 1914
71607 38 1534
416786 30 1935
7008628 67 7739
944 39 1701
1016006 16 2972
894144 49 4606
5725712 4 5910
39082105 47 9094
2410001 46 8854
287883 57 1624
80122 19 3360
3503242 100 5471
59133 3 3275
301796 60 2802
4306441 48 5001
1010414 71 5528
1127045 74 9578
2363196 32 5455
15792184 53 6561
729193 39 3530
228655 40 1660
2554 13 17
1108602 68 2913
32855155 99 8442
12139151 93 8195
53194 35 558
14821142 33 7406
3130752 35 6383
10019008 88 8253
15616 47 231
30994 78 7883
3702427 31 5343
23699 38 204
271684 7 670
1555956 100 7782
1 78 658
34031 5 1664
3881638 17 3709
799738 4 1363
1888028 63 3026
1830990 3 2270
15823339 3 6315
7288550 88 7319
2561993 67 4927
6041432 39 7569
2607 66 145
2683214 70 5740
39715 67 4903
168523 73 7196
47524 14 1000
146303 85 7405
101787 36 771
104278 73 854
772042 6 5932
11722 11 1016
21185180 32 6683
996103 52 1605
22194225 18 9811
11944053 62 5548
8173230 70 7301
26445707 67 8416
834279 96 8149
34712 66 2020
13905552 33 6080
1232740 51 8178
253457 31 6695
933737 73 1672
14951475 74 6830
18788734 48 8634
739966 43 1178
6023261 15 4478
121625 34 2575
1918506 46 3518
858555 83 4656
6477719 35 9992
9228724 18 5355
11495157 87 5412
7377716 36 5962
18692257 98 7193
7906098 80 4151
9525949 41 7399
167921 82 1236
19805501 10 9029
2369936 5 8985
6252534 23 7349
234739 46 4493
89413 52 7663
542114 45 1216
9387066 18 7323
151805 96 9532
105101 74 1889
276383 70 885
34253 36 707
632077 66 2803
13677 47 92
7372487 69 9036
40438249 22 9182
4432129 44 4971
6787628 90 5201
8310350 58 5306
2397960 34 3345
8384186 65 6972
5039034 22 3224
16375837 53 8158
17234745 89 8885
5453582 19 4389
10893209 89 6118
8394254 18 7530
142847 33 4975
22510558 92 7800
3206619 97 2576
11907434 50 5981
3552044 100 2951
7084216 74 4410
7518685 91 4208
13502259 10 5581
3268085 91 6744
4010518 70 9317
2767845 87 4347
17673694 30 5928
2124 2 4026
104686 84 9532
981747 24 5148
2613068 41 2888
2991 84 260
10466971 6 6548
9245935 87 4664
13664 64 6830
6022738 75 8839
545092 54 958
1014361 88 1678
3446786 37 3363
20797324 70 8354
871432 65 9949
5189400 65 6991
51925 67 1197
20715047 75 7567
78854 9 7716
1421360 58 6034
92918 19 9598
4036533 67 3031
5124587 51 3476
17303984 4 8044
1524975 71 8498
37789 9 230
66509 68 3471
5116223 44 6363
4645844 18 5667
321922 93 1272
32646855 12 9235
15896651 88 7656
290745 54 696
6453233 59 7375
735376 2 2279
2456667 1 6560
50 36 518
10158276 72 7945
1437293 29 2005
3049821 80 6685
4991777 16 3266
30941804 79 8014
13360222 50 6882
8194962 87 7595
1 97 767
1 93 7390
78132 13 4890
17317389 23 6189
181858 9 509
1 88 6187
27482191 26 8118
8004638 50 7478
11488057 79 6352
69400 78 2269
397103 6 2518
10601387 8 9510
98088 57 9710
5166666 17 4897
8544913 90 5192
17256266 80 6410
126162 25 576
18241 84 4748
1702860 53 1758
20658376 99 8668
16888238 49 8889
8617508 11 5872
3750896 66 5655
5150159 56 3283
12684581 64 6569
1492673 21 3419
1390 81 1625
16614744 30 8064
4605329 13 7672
90807 13 1315
15215944 55 8778
2441907 72 3561
65626 15 1157
11710952 70 9375
508939 85 1404
4318931 52 8919
571349 29 3516
5710127 26 3566
260653 99 3102
334971 18 3075
3543300 82 8240
2045 88 159
61355 76 2029
148823 31 5925
574908 88 6569
4168631 5 3337
6027 7 561
2830219 93 8393
24477701 15 8529
7510188 6 9998
2404211 55 2132
371833 25 7966
2520164 65 8754
626724 37 6708
5808409 71 4486
767478 44 9411
850429 93 1466
315698 51 1124
14382380 9 8140
11901213 95 5306
5594270 80 5782
919504 88 1670
2869290 28 6774
15093 38 6399
182588 3 9149
92283 73 490
12353834 68 7470
8437529 3 5137
449569 54 861
27227854 51 9259
8958841 20 7606
1 52 5496
5374400 39 3757
7674517 99 4587
6130553 20 4402
51863 32 8389
1980397 79 4873
26557867 35 7592
3357819 35 7745
3777797 55 9224
690210 29 1546
1255655 77 6656
141656 75 3294
784879 3 9664
5075482 36 4044
51409 27 555
15538375 9 6476
96020 93 1312
16987366 72 6919
69489 67 1231
4796824 18 4904
808910 49 4187
255455 56 4852
865453 30 7124
16824635 24 9113
6733934 68 3878
278436 26 762
2397 6 1679
1969276 37 3891
41203603 67 9355
6863833 43 5841
15950804 30 6302
1044385 46 1851
2348970 38 3591
685466 14 1852
109499 60 882
737671 27 1500
88184 44 2182
136241 67 445
28331127 30 7867
2017712 53 4544
30145109 6 8041
3153719 17 2763
5721179 27 7684
1650226 84 7368
9995833 75 6234
14984 93 1022
27771 15 159
206077 93 4491
4477151 17 7920
13578188 76 7306
6277708 67 5134
4277219 58 6847
10685431 89 8983
17715219 95 6727
4968438 15 8427
5387604 15 6059
5583790 52 9915
521553 97 7902
67900 84 618
10661342 21 6298
207920 86 3413
31172161 25 8030
15436533 27 6030
92633 24 1556
149292 95 619
6245 89 2151
4365724 86 6106
842842 27 2508
4682747 21 4804
65230 45 9621
6816381 68 7845
13300 60 3478
181139 56 4931
2868362 66 4958
1237158 1 1800
4512510 71 5392
2091707 19 6299
29753 77 7362
3750989 80 8948
364697 10 5833
15713819 31 8690
20488 24 2911
2836759 51 6904
3210 57 4571
343796 65 1492
15165590 46 8514
376970 6 1495
9954874 66 4865
16550 75 9624
3540942 91 4545
779002 32 3709
90563 65 2127
2699575 71 3137
11450402 51 5923
13820373 39 5741
15182327 91 8308
1444 26 222
5266164 32 6083
383054 85 2512
13255461 16 6744
8014 21 1590
1077766 36 1580
5463 23 219
13615658 3 9515
22152740 21 8866
396273 84 1708
4249814 77 2926
32721 2 4937
2280506 16 2178
4146873 26 2943
329718 10 7553
5510 17 1342
3719762 86 3534
16383631 84 7336
9057765 95 9540
4351050 68 8526
687617 33 2110
9423238 34 5880
2860835 35 6491
5041 62 362
24117 5 7524
1312092 66 5494
547594 64 1386
1428128 44 1743
4146557 3 7330
5729 63 1646
307162 100 2101
10532611 7 6769
1 34 2585
1029994 82 6266
5565593 79 4846
7228350 47 8310
56584 39 5886
2658137 96 6714
4661190 61 6835
587766 48 5820
521883 59 2869
8967315 91 8643
1198910 69 1471
627340 54 3805
6080932 9 6301
12841656 18 5560
63919 59 2214
38061765 51 9314
19534 15 421
13584869 95 9169
770576 36 2544
106794 50 1241
4120170 63 4391
95883 37 6929
5300651 42 9250
1 43 2057
5439319 59 5412
36341937 56 9379
5967527 51 6685
497744 88 4806
2704073 46 4913
12293869 16 6886
4362864 38 9177
1705429 10 4291
2087636 14 2805
44597 100 1890
737462 38 3467
7917011 9 4062
2815 87 119
6220927 93 7690
180532 8 9778
8556729 4 4099
60018 23 2738
917818 28 1418
92618 73 489
3865986 65 3204
32834 71 173
993 96 3323
171174 73 1192
6442912 80 4381
4236048 71 3293
3927360 15 5889
279291 16 1788
4551446 91 4090
6930 61 8623
7249743 20 8402
4639744 52 4887
16553 2 2905
44897 98 7776
65669 61 1940
25228188 8 7423
1407201 87 2720
1262405 2 8710
6247058 31 3612
29321 62 3436
17029401 5 9926
755308 63 2741
8270114 43 9052
485791 91 1469
6340183 97 7926
21001317 15 6553
30650102 94 9223
949960 17 3807
382004 50 6002
687381 67 5588
282351 77 1395
6270 44 4039
6115 91 4889
611136 1 1968
1674898 85 5164
13042076 73 5236
293499 34 1198
5891880 8 8481
1048417 18 5166
1389001 26 3943
2034245 86 8740
20378 90 7616
1839325 2 3889
1682294 66 3455
2083399 29 3847
14502295 37 8286
23571173 34 6816
179586 69 9470
16825 68 138
149 5 1787
7664002 47 6696
1828431 12 6013
2928382 57 7776
1277563 33 2668
620818 41 2951
15370939 20 5572
3407092 60 4906
5999203 28 9169
5558 3 1241
23786374 18 9689
3764296 60 6151
1629650 52 4974
529 10 1372
613693 10 1094
85853 37 666
1645389 78 1756
8645361 37 7928
258620 9 761
1496561 32 4992
1070765 35 2232
278275 78 5953
1178110 3 2742
1435805 100 6694
3470573 2 4876
1238689 40 2235
13817038 66 8530
2860032 16 4822
32508708 9 9415
1982939 44 4831
1503876 9 6610
11006931 63 9440
10387803 29 6898
9205025 78 8649
4880 34 414
20473312 33 7274
271024 6 1124
8034971 94 4137
10854887 25 7582
470925 19 1792
226476 15 783
4190301 87 8548
794370 48 5844
853 21 124
4833726 86 7301
7631088 84 4415
2484581 12 3320
9372583 67 5469
2321897 3 5449
97382 56 2871
7718535 24 6491
1045078 76 7399
2255935 69 5183
288305 96 4466
678868 40 1278
5491262 99 3407
3357805 76 5581
4772077 23 4539
235337 19 941
6533899 97 6948
545234 80 9479
5501630 85 5827
13129482 24 8952
2655509 73 5552
18076021 62 8465
6812754 74 6295
21912187 18 9025
8300345 75 8033
5220106 2 7331
5714230 45 6318
4283527 12 7882
14629728 74 8538
427467 33 7289
9059 17 342
98825 25 4925
25388850 23 9926
15120111 16 7245
10390201 65 7913
4137644 2 4644
4836009 36 6007
189985 51 7207
10593643 50 9615
19641443 17 7090
23361675 94 7980
20336894 4 8063
3984247 98 3274
2317127 92 2231
12226974 22 8409
9453 87 1427
21317000 75 9367
8580512 50 7242
896412 23 1493
4339687 26 7352
7115733 54 6254
3699625 15 4868
67558 58 3454
77332 66 4849
172908 68 1292
34064 1 730
204108 79 4437
789492 66 2221
10144135 45 5025
2142722 20 7092
812010 93 1492
1569603 38 5545
439257 90 4785
4157841 73 3858
572231 97 5091
171647 56 3720
5418247 83 8278
9387670 65 5210
45829 45 6162
3022323 65 5590
1111163 1 1470
719534 43 3151
145514 7 1960
4877426 45 8103
1332685 89 4094
489967 54 1306
12405359 29 7309
46073614 37 9499
355313 14 4839
2062729 57 4204
6667370 1 4815
647241 65 1792
1682742 28 2213
28254561 62 7958
2919014 13 3010
20157607 4 8591
486979 29 3815
25477608 52 9249
313243 46 1982
9023800 73 6739
1763207 40 4684
10717398 93 5028
700908 77 3748
1361504 96 9603
43811 50 692
12152151 23 5015
4623933 65 6306
22411471 89 7079
5094595 74 7471
177857 71 826
6294956 45 3584
12030731 57 8368
1848833 54 3679
602684 93 1933
234 15 1613
3063427 21 8318
546462 84 1284
14228 36 8101
20364351 99 7211
317959 25 3696
1 55 911
303648 13 8783
73182 37 1095
8143 40 1221
149 5 3870
17205063 68 6181
618417 91 5573
395263 49 1553
684268 14 1986
15020396 88 7898
204407 51 7830
998806 13 2231
25705171 74 8262
811919 37 3124
262507 79 872
712081 27 3410
66196 68 482
1767103 80 4320
17281460 63 9463
8464562 20 8727
1047 80 718
8299844 90 4852
6766459 1 7958
39234285 13 9367
33431405 38 9072
11834047 26 9487
15503190 87 8181
672650 17 1475
225157 27 1359
10632835 93 9901
163799 37 1021
13706578 91 7064
177908 8 939
1052545 93 5738
357280 55 1281
7815290 79 4666
30430 3 901
7279041 67 7360
551220 8 8467
234969 13 1134
10145428 22 4866
8896 95 191
57963 57 298
21115 38 2581
458956 43 2297
267315 79 6196
647578 88 7482
3006488 67 2916
8738929 52 9248
2957421 14 3010
18061914 32 8297
31591 41 358
833704 83 4741
558553 7 2628
8920840 25 8842
5622306 31 6099
4444026 29 3417
810690 63 6133
941744 39 4709
1235950 53 3181
1648151 80 3519
251677 3 3676
16117585 98 9171
2444771 41 6410
17190351 9 9553
124385 24 6437
253641 47 615
12592358 68 6213
7379595 94 6848
17893533 48 9223
23608 36 1441
161185 26 736
30247164 70 8225
2067652 7 5277
15774584 39 9781
491274 16 2731
6106076 37 6628
5202342 59 3832
1132043 54 3016
4575752 5 6909
213580 50 3784
422357 26 2368
1302295 80 1779
9445622 44 5990
841011 67 2827
73482 36 889
9147628 44 6732
358668 77 2053
710893 19 2925
200682 35 1793
7010289 91 5340
9614012 35 5548
9744719 19 8117
330177 44 3013
88990 19 4682
62920 75 559
11357667 69 4767
2664 45 3292
15734691 59 7775
5889736 76 7929
6640 71 105
977374 61 2369
6916380 55 6273
1104604 46 2326
3363322 36 4258
3743806 67 6114
5440011 85 6850
72056 75 4082
7283791 50 6228
3122173 24 9844
20248351 97 7564
165633 32 2316
1963979 91 3843
1292946 73 9899
423689 20 1078
22957450 57 8368
5721308 35 5235
4030700 2 9172
22533319 3 9051
3673230 11 3036
309524 73 4904
11197199 69 4787
546056 75 9863
498711 86 917
43164017 58 9942
6470426 73 3905
143897 4 7682
601399 16 1008
5137333 12 6234
13047544 2 7170
1525034 76 2801
280530 71 4581
11474804 85 8889
563 5 80
21539341 73 9835
505628 70 9246
984576 29 1591
14751 11 2404
631842 97 3796
119151 49 481
539823 34 1823
12586210 19 8806
2729272 67 2483
85326 92 580
282700 76 7790
1521684 40 3107
102975 57 5994
7568366 66 7150
69 16 1410
6660858 86 8389
256099 80 2102
114493 66 1814
2628724 37 4946
3858041 48 6672
7423900 72 7765
17288644 38 6522
3139828 23 4051
11321737 59 5597
9384337 67 5142
3099 8 6910
977352 63 1315
123775 49 3992
2470 96 5697
192291 89 6895
1060044 1 4126
2461497 90 4027
172747 26 1895
22100285 50 8256
1350928 69 2383
1374944 56 7714
1316971 5 4101
5208131 90 8328
8028566 99 7999
82640 46 1085
147358 22 4179
181501 14 1703
12939653 26 7393
1016 86 1580
410315 73 4452
94480 67 1091
15393872 55 6164
2404905 14 3433
4761988 1 3181
12779225 88 8431
5379680 72 8884
445957 65 1257
288464 9 3531
32913553 100 8553
5529151 4 4327
2960901 78 6973
3460201 67 8294
269510 2 1901
8465321 56 4580
282707 13 4718
1493699 93 3690
28582297 23 7880
26973469 50 9842
573886 65 6643
7469782 70 7862
4670022 11 7808
2612997 97 5954
364324 52 4496
2210156 71 2410
155307 57 2623
2696016 96 5887
5868013 72 3719
1 45 2186
276175 9 3980
57954 67 4147
79317 69 662
2023426 79 2291
361832 76 2113
2396 5 9084
14841 67 283
4193960 78 2811
126083 83 3531
502065 2 1895
1434484 3 2540
6579580 79 7328
2612723 20 4263
15635839 32 9048
2711067 35 5407
1101841 42 5858
1 40 4491
2475569 23 2185
84161 84 373
3780527 1 2791
1288714 72 2674
127732 76 874
409081 87 1139
4144 40 381
399213 75 826
10438580 65 8036
30735857 46 9309
8148863 30 4616
26623584 4 8450
9067031 84 5878
3740781 56 8981
56967 56 8027
6690751 73 6526
371488 90 4478
4203431 10 4410
2267649 21 3395
13077005 40 5791
354161 77 6424
30908522 27 9109
12648853 56 5032
1546235 61 8431
703712 95 6301
5297874 6 4662
3696 6 469
23176 44 7696
22561177 75 9811
13753085 25 7332
19786672 30 7251
63754 67 6987
12255047 8 6439
2144119 5 2564
74754 17 368
40703388 15 9183
827810 26 4011
1583414 1 6212
2166848 94 5039
109869 91 3697
3619853 59 5283
5160286 69 7176
878678 75 2224
767935 65 6544
84189 30 1520
14678491 40 6929
1 77 2567
10978001 72 4592
47189 75 8050
543 18 3735
30319609 93 8165
2560281 53 3544
5313598 90 7252
13923567 31 7511
6964185 90 4679
31810682 53 8997
32250172 78 8533
1240408 2 9413
961216 1 4691
1 99 4905
4322872 19 4021
10317453 21 5551
2792981 17 2868
9510211 100 6935
14515215 90 5836
2474601 81 3150
670169 89 1637
42898063 28 9698
13914309 72 7235
684560 75 1773
2403555 84 3090
249674 5 1848
1873549 77 2536
5644 90 126
16184837 100 6685
8836269 32 4243
6979458 31 7767
150139 89 2559
738302 68 4753
821029 30 2604
29602398 44 9517
966055 60 5343
7937965 82 4707
7999593 88 5888
26977978 8 7860
174435 15 779
1665119 47 5463
615824 8 1182
674055 99 6424
58404 60 531
717833 8 2052
6153728 60 7408
261232 7 1563
14548384 60 9405
4139231 53 2795
945284 88 4201
6797806 7 9397
1054096 49 2814
1713128 10 4943
8714821 81 5665
5654405 99 6262
913717 44 4435
5642124 56 7882
5878292 98 9404
306852 98 1158
6589430 65 9434
4625794 20 3490
1136458 21 2304
61912 21 1553
214069 14 2883
2933171 71 7338
29618 80 319
11950718 6 5884
31609630 91 9489
2381219 87 8261
187451 39 9527
14759100 53 9470
11860472 100 5842
3704860 98 7227
156849 94 1119
275163 88 2211
50563 91 1110
24546734 86 7454
102747 14 2660
370453 97 4601
588632 64 1487
2377 68 357
13366690 30 5168
4687 34 4205
3334750 44 4468
4026574 52 7504
23237338 43 9536
10674245 91 6442
5198 64 2774
6426238 53 3857
13139388 54 6023
1770939 31 1863
171042 40 6562
116242 68 3334
4049309 2 4951
1310246 86 7714
643059 2 1154
1854257 90 3802
2269746 93 3812
3018298 30 3320
1693772 67 5573
384777 78 1116
3968248 27 7627
318908 71 967
6746713 68 5058
11499713 93 9957
1453903 99 2515
5790903 9 6846
34061588 84 8853
46586 29 3307
3513945 27 4997
30191256 58 7725
9145094 49 7863
210490 17 1159
4950928 100 5377
7999 22 190
19758 22 2276
222952 51 4300
1 30 69
886341 21 2921
20644 26 1805
10031728 81 4827
89885 11 6943
10724161 75 4717
17449619 98 9875
1 39 2423
496633 19 957
9401745 83 4842
19118185 83 8555
29785867 16 7882
2659838 80 4865
858 74 3530
24574651 94 7068
2413071 84 2121
795880 33 2541
84666 82 1163
21659 28 4785
18631443 60 6986
12322196 1 6886
646811 81 6682
2873092 91 8508
10516255 63 6927
9252359 92 5016
26547314 17 8598
654936 44 1839
1444714 29 8672
6860513 79 4051
337472 83 859
33165273 48 9530
494987 58 9340
15269177 79 9451
3203368 71 3498
2554743 10 3443
447781 4 1701
5666528 50 3326
17553785 81 6374
20455143 9 7690
406427 53 877
3007420 12 6150
2598992 58 6993
14044778 14 5761
1323034 97 9780
4622686 73 5717
3347 14 2167
42764 86 2469
5732190 54 4370
15232294 26 8755
12312 52 154
19592826 10 7662
47691 53 787
783945 58 2453
20983354 58 8158
30628 17 5037
1 78 6232
19348842 23 7277
37140533 35 9146
6063282 29 9077
1 53 2392
17346998 62 6773
17004199 90 7417
534598 83 5790
61336 47 2156
1 56 504
268490 83 6419
3333711 30 7591
2145103 92 5546
179588 3 5186
30516951 25 7788
6925098 72 3846
1262062 63 2101
8231648 61 7105
22431 11 8112
527093 91 988
85247 90 771
1 24 4331
1132156 95 7751
515217 70 1418
6510234 19 9174
145946 91 1036
147514 26 8127
6222 37 632
7368693 17 8069
21751631 48 6551
264630 75 988
11378721 88 5244
365950 64 8604
6860755 91 4085
7855461 28 7553
6463090 37 8871
9545 78 8472
2132888 53 4106
4669325 88 3927
1197567 12 1615
13999614 50 6023
38687171 42 9285
206834 6 4156
3702313 83 2826
6233129 91 8288
9287051 67 8988
1271600 53 3707
5486321 22 7822
312682 12 9548
3023469 6 9625
20974936 33 6547
1392979 94 4244
7539613 17 4063
568321 40 2434
39995894 61 9716
69478 100 2198
23112554 77 7186
16070904 69 8765
1 28 185
1 97 243
22962 9 4913
10806186 6 7071
443994 36 5062
6352730 38 6293
10082497 77 6828
732546 34 1113
5516221 1 7381
29989 14 3648
1497838 50 6218
517404 51 6051
675631 80 1504
1009238 64 2087
29717912 100 9964
9783355 47 7728
3726404 59 5715
5197005 38 4965
1031595 63 6785
6160701 49 3868
3031422 84 7638
793155 100 2993
2765742 13 3492
141143 28 2054
897986 25 2207
14269826 4 6899
3201916 95 2512
4432332 92 4183
264866 96 2153
6795646 77 7039
3348751 97 2872
383611 67 1916
147523 90 4296
12886785 82 9814
245232 98 3459
386426 93 4814
16815092 96 7546
21695022 18 9137
537459 74 4081
59467 73 3009
3206190 63 4256
56682 40 6919
669221 97 2011
6175205 61 4268
2669521 82 9658
791353 23 6430
16277697 8 8863
903629 40 2212
5024921 64 9799
3133200 60 3433
1636291 88 7022
1133871 89 7818
10445277 14 5064
15350305 30 9520
236 6 86
86770 34 420
180 86 812
382435 80 1656
4655492 48 4754
7784056 36 8342
1528150 93 5065
14289471 9 6748
2039882 71 8584
1506215 33 3722
247213 2 2013
53486 93 529
10416644 77 6625
4781282 16 9976
10128643 53 8243
2298468 89 7433
852936 1 1614
565780 30 9200
4639155 87 7537
5579354 4 3335
932815 83 7027
27578214 53 8355
14183431 5 7287
3392429 56 2857
702662 80 2412
5771501 28 6292
5907277 8 7899
2806243 62 2407
173412 72 4930
11010649 98 5454
1529877 16 5154
36 44 433
80861 100 5594
21431310 5 6882
20424816 90 8461
1116953 66 8540
1 63 199
1339444 27 8846
602172 10 1195
4000400 40 2826
1 25 4297
6284804 7 5876
999032 73 4380
32192611 92 8034
6396877 8 4957
2189633 82 3314
91021 64 5948
10203788 49 7862
99049 5 9663
1887852 81 4992
23349606 81 9756
9868952 21 5023
14779548 68 8347
1 82 194
16665 90 192
270112 30 3044
17283200 78 7176
21539078 4 7366
422289 23 6950
53521 9 860
1072081 49 8439
117900 42 632
6869195 90 9546
6312166 85 7488
1927618 16 3327
2720933 1 3106
551590 87 1583
329247 28 2229
11087221 88 5586
4955012 100 3471
2822411 76 5849
88359 4 5893
3812694 37 3434
102043 22 2221
990993 48 3957
449379 68 3522
97395 43 7131
4452332 66 5121
5014230 19 8869
6094658 18 7340
2674317 28 9940
13501538 57 7922
315378 99 761
2273192 3 6323
230521 45 4301
3646817 78 2718
6071148 73 6601
452524 21 1208
2019 17 50
17334926 6 8174
459463 14 1153
7010335 59 5973
3053798 77 7539
23995866 27 8270
5926591 81 4874
2729880 91 2318
859973 54 6773
18845 66 151
4897097 89 4733
1 97 8015
3095006 23 9031
4945362 82 5437
5553091 94 6424
26506846 68 7805
12290352 48 5466
1 65 4922
2358190 7 3550
5037159 32 5749
626280 32 3423
6560178 96 6638
20574 82 631
2580345 38 3691
11404853 16 4766
3958213 9 4762
5944 61 653
3970818 92 6362
754312 32 2773
154426 9 1817
2616158 59 2472
10249 34 700
2167110 61 9087
1213595 81 9562
6514475 19 3616
38675 38 1842
185968 90 9265
19970359 21 8687
7360008 74 3756
2533858 78 2330
2260070 4 2709
132928 79 1834
316473 21 5665
433372 53 1640
146926 81 804
8201479 4 6730
70900 78 2759
30296861 94 9522
6472449 60 3784
3629509 58 2979
8068078 40 6505
23695 36 206
132008 76 914
37715 31 3834
2384637 29 8682
586095 63 8541
30965 77 283
52854 68 4138
1799533 18 5661
17332254 60 6937
1560426 45 3608
17220200 40 6689
2710007 27 3699
4116332 50 3685
2358612 47 3722
2288500 68 2078
8697624 72 7090
19738816 32 6907
7426793 33 8070
2935537 74 8509
19697208 72 7039
2897818 23 3220
7841 72 1412
551424 38 9207
23530981 18 9202
71590 64 6146
533966 48 2841
37742756 30 9232
5167034 63 8126
8420284 72 8357
1 54 1888
22694228 33 7148
1 97 927
333572 31 3288
10275 57 5710
86963 46 415
12375594 65 7877
14981402 19 7508
10076403 54 6431
2621440 53 3775
4127120 61 4866
62059 35 1828
4707373 36 5846
2809702 43 2467
1 35 281
156250 44 3761
13173526 20 7666
4212806 61 5076
5589713 52 6147
3398693 79 5268
881714 37 1489
966917 71 5573
24378074 56 6931
9371867 10 9919
4559856 41 7430
4722 41 465
1 86 882
10679873 42 5034
9579175 90 4687
1449405 10 1727
16744389 68 7116
210767 4 1724
12867263 13 5948
111491 16 8865
61012 98 9658
9492585 48 9128
4222408 16 3974
157907 72 6234
22275994 29 8833
1314630 35 2511
7018330 9 6280
3358626 94 4765
444689 21 2401
41405824 99 9012
2592448 21 8002
10842046 92 5053
1671 14 813
7829111 29 9732
13419216 60 5370
13649242 5 9089
6217771 96 4543
4682620 96 5297
245151 19 7443
2568 63 4973
9959955 26 5626
714945 3 2623
8903797 95 5435
12838223 27 5165
672694 46 3566
583634 64 8395
2934966 88 3528
28717493 64 9194
33154 90 930
10992781 27 6660
702203 6 2296
45304 34 2142
13222 16 2424
1768236 42 3109
10250221 55 9347
157813 66 1928
10991608 7 6748
125386 5 603
17299952 68 6842
18695850 74 7178
12343922 71 9976
1 48 539
2662 3 151
31022779 22 8291
7476241 29 4628
804343 45 2225
228714 67 1900
61393 91 957
4690233 53 7251
6463416 44 4488
5831550 8 4429
30563 28 8133
515350 46 1053
1 89 992
73630 7 3324
12413428 33 7096
2722693 3 6804
10135389 44 4727
5044143 86 3191
66977 71 1392
834548 74 7966
263893 43 1688
16053595 12 8811
9569 57 7872
17045372 4 6888
4301000 89 8209
2731204 83 2680
673690 83 1847
220254 100 4734
90242 53 4514
10785912 83 9431
12511298 64 7483
13923482 11 5439
7401379 12 4943
3923607 94 9670
1 85 571
12406108 93 8933
21682968 88 9514
4926394 72 6994
22418850 64 9882
751476 1 6777
177686 18 2856
21411 71 622
9105862 11 5914
566722 35 5440
13776542 35 5750
760555 68 6839
2424 36 9114
96740 17 787
2934 18 3415
528146 54 3186
1541237 74 4950
140602 62 1656
2251616 83 3730
3327910 82 5402
6226050 59 3967
83997 78 5892
38130 2 532
2614210 30 5501
4155513 30 4480
3410943 100 3083
407314 88 6138
1551122 44 4330
294061 54 5299
26251143 10 8291
2372313 73 4648
444889 49 3977
15702119 39 8134
1 70 1676
14286 93 470
24066721 65 8965
21993776 9 8420
9854002 53 7882
219937 85 1506
9664091 36 6952
14987360 73 6889
143191 89 785
642587 57 1510
1 90 285
392123 80 848
298362 62 2031
39323 89 9079
27335150 13 7709
4267517 84 2985
692348 25 1236
2578175 28 5305
708821 99 2477
1963623 99 2113
156141 68 4880
681019 70 4190
15127 15 3417
11810692 25 9083
14686744 65 8423
162975 65 8733
8989643 79 7413
1863570 42 2544
122975 84 2062
148230 58 2501
378993 76 4376
2070738 18 4240
1 87 6932
11180118 73 5270
1230742 87 2752
640340 90 1205
569254 67 1073
1 60 7628
5828159 90 8843
9215852 60 7714
1 35 2735
257475 2 6342
29123 84 2179
1607456 38 7613
2714402 89 2982
8859526 2 8356
2222049 61 5078
240607 56 762
1512100 99 1983
14486722 30 7415
5660 48 2798
21940466 90 7693
12748 10 221
300952 93 3715
12825576 99 7806
1530846 81 4226
5732260 18 7258
20893958 30 8557
2921670 26 3407
2997207 56 9972
67190 43 311
33929 10 8094
13955912 44 8699
7889803 42 4260
9292126 14 4223
1642923 38 7995
470495 89 2152
64097 46 612
275147 98 1673
10141257 55 7291
4812302 2 3434
5798936 82 8839
17277 16 714
5898845 55 4376
2978852 86 3774
6657480 42 9667
10973752 68 6526
18891710 45 6550
7873620 17 9725
113928 26 918
14741260 1 7634
31685591 41 7910
3354573 11 5498
13248284 29 8087
5407 15 6856
53249 82 1268
4389728 10 5557
180306 70 912
4747664 97 3565
53914 86 703
136777 25 6134
3053568 89 3647
42646281 42 9883
911627 75 3293
4229 34 150
1139463 60 4637
9854514 98 9258
9567466 40 7391
9352929 4 8267
5532454 24 3263
6875109 85 9814
12542183 36 5037
76649 53 938
1007833 97 4381
861820 73 1684
4520091 78 7433
2746474 42 2971
15613580 26 7225
1759609 76 2333
3378295 53 7667
62690 36 2987
17535227 72 6274
16343817 62 8696
17370078 22 6527
488661 44 6913
240059 66 2895
21457808 47 9616
24973232 20 8502
10092812 72 5619
151897 47 2895
251708 65 1210
16821201 70 7346
9909 62 483
683262 20 5143
168910 8 747
26410292 62 7358
5882 64 107
448969 89 5668
20280518 22 8000
863717 20 7425
16997717 60 6626
469517 71 2765
888953 3 2059
4318659 21 3754
2166642 76 9886
9651707 12 8721
1463125 17 2114
45046438 91 9631
1502807 80 4746
377452 24 9733
411458 67 1521
90968 23 399
25713 63 6237
5712764 22 3554
4042387 62 4418
1686662 27 2588
562720 95 2873
689424 45 2347
24083 93 6555
2064992 20 2640
28295105 4 7682
8924923 80 5242
94031 80 2898
1779219 20 5460
31516431 36 9202
296221 57 793
126190 66 8515
4210402 3 3426
6775027 81 8020
262485 8 8361
5015575 41 6659
148595 64 1104
18300072 58 7180
40394930 86 9669
17974960 71 7735
5315253 70 8756
15433455 31 8080
3478291 7 8233
48039 49 362
25429914 75 9071
138907 55 3541
41743 89 2284
18870108 84 9460
20260493 7 9142
43214 84 7409
17996936 43 7200
1 72 432
18952372 81 6140
956624 72 1727
647374 3 1879
1603907 29 5915
8359627 10 9065
3992707 81 5000
1 70 7175
41275928 14 9846
12802302 74 5002
54966 96 539
3466052 69 2902
4741133 22 7494
2628378 48 7646
1683274 56 3442
30297 78 3932
811920 60 7736
14368170 11 7145
5548800 77 7822
1817169 49 5836
1304785 28 1602
7538974 95 6459
2039754 84 2935
793 3 1005
37675 8 5908
1019312 71 2628
393616 53 1996
3773722 12 7291
114911 43 2441
910070 92 2507
1864788 45 3090
1 99 805
24478702 59 7304
11138904 48 8572
12204831 63 5970
2516666 33 3409
3406 69 195
758366 22 5975
16953 74 982
808843 81 8653
4535 32 77
160365 100 6596
12228737 71 8715
5057535 99 5278
422259 95 1805
43967 18 5076
5405876 38 6524
46036 2 7844
26133978 75 7767
326622 92 1113
154338 69 9234
1785263 22 5387
3702266 15 4998
1115658 93 8827
83041 16 911
15291980 51 7876
201824 51 3562
8489931 45 4444
918177 88 4631
15376828 92 7890
266366 44 1111
18794495 51 7081
106567 18 852
3998224 64 3720
91534 99 5877
25261835 64 8259
186302 28 7958
26216886 17 7170
74096 35 6550
410498 20 1104
432584 23 2994
103223 52 372
58197 34 1825
4292182 34 3478
5918 91 1201
20494030 17 8129
842388 29 2778
17643 4 194
240523 74 5618
4529041 36 4123
2588402 23 5997
138916 24 4044
775014 83 1623
720825 48 3988
20061647 18 6285
2995577 91 3551
15724810 96 8235
5357892 61 6457
14253 83 769
3258659 24 9057
2130198 3 5357
219210 3 1035
3811236 29 9898
3908454 25 4196
1 88 524
9291315 67 6296
1708970 56 3403
1678959 38 2506
11311 32 1045
3786081 55 3494
432590 36 2636
140754 89 1444
10628516 56 6636
9841348 2 4530
2198847 80 2090
156656 58 1137
86488 25 610
4763 96 593
23400670 74 7654
557635 100 7352
786772 88 1367
51118 3 1187
1876323 97 4089
6524208 22 7565
2468173 89 7539
1556687 97 3998
8185213 91 6360
19644 81 664
10216990 53 6628
182760 76 4822
1686033 44 3753
2704556 35 2677
8925923 36 5135
9636608 72 9331
1871640 14 2725
1 60 1518
911006 34 4765
5477099 24 3540
212327 28 2331
5998351 4 6992
3241309 38 4900
15625438 30 9218
254893 74 7744
39407 81 361
85562 87 9168
19540089 15 6331
1958795 84 7028
4291839 49 9403
696523 3 9095
340317 68 1852
4659514 34 6758
860982 1 1893
31103 88 9950
1 100 1357
240998 22 4463
27058923 94 9298
5505364 52 3850
609654 91 1055
32426954 12 9416
3621319 95 7232
9760 67 1744
6512000 51 4183
191389 100 9678
2957228 54 7329
1 28 7883
27482393 46 9652
1695177 18 8135
2716620 23 7687
2053223 45 8553
421026 72 5880
485814 11 2417
38014 2 4975
52465 12 3464
11047845 86 8749
9418038 10 6402
464581 55 8894
387351 37 794
2646916 89 5116
5605393 15 9104
1031968 37 1598
346323 90 6165
1 97 850
7254204 50 7713
21788086 47 7243
812436 90 2539
8421775 1 7666
14716649 100 9217
13381961 2 5431
6050098 46 5586
4284305 50 3771
1067071 88 2811
10773506 46 8239
17675030 34 9101
8949289 9 6324
135378 86 3248
881390 8 2785
4972646 38 9936
137186 60 4131
214213 90 2352
10208169 100 4690
5552322 76 7997
9670835 61 8004
197301 6 3809
538012 74 5218
697714 75 1089
5237714 55 4864
2587996 11 4297
13151378 66 6711
1802018 3 2280
263834 52 1550
1278755 99 3151
33370814 94 9782
2019972 4 4083
13633536 66 5549
1087107 20 2314
23074966 88 7174
1127957 24 5223
2797802 58 3158
1331042 4 2406
12733682 99 7514
2007302 91 3286
2548799 52 4028
414851 72 1000
390361 36 4019
8310030 61 5768
285977 18 8759
1 79 1000
315 50 161
8523148 27 4744
8349385 11 8129
1452339 41 8802
1 52 2022
3538811 47 9006
167767 38 1372
30743 67 5122
12816763 52 5613
149057 20 834
1281554 26 2685
35916219 100 9490
1684691 82 3836
137105 81 903
5543474 72 3877
458629 27 5477
19218 84 5810
1 74 8467
30981588 64 9127
210485 66 1338
230910 7 697
899960 16 2445
37093289 25 8918
734691 21 3125
419574 42 1303
274732 38 5008
23687315 25 9401
7089 63 521
11225 90 3362
217536 1 3881
5617469 69 4061
1148836 98 2966
2017 33 2337
930478 55 6022
510263 78 1282
16439814 39 5834
13732708 46 6921
5024500 29 6180
1031993 67 2059
128742 15 625
334561 92 6914
16647542 95 6825
2737705 67 2373
6155630 49 6759
13429743 25 8081
2937176 47 3319
3441212 45 8443
288433 5 799
22432657 90 7309
3507233 19 3300
57860 44 242
722654 19 1293
12202 12 5158
3203033 2 3277
155443 67 4236
18039934 39 6728
1064778 47 6451
600461 84 1141
7592655 52 3813
222482 8 996
13386882 36 8031
4339104 62 4361
9917459 63 8846
2177258 62 4331
16397719 15 6635
1794 4 2811
3281091 26 2499
9073014 78 5141
4681280 37 5213
45305051 39 9854
44265687 40 9854
3875783 90 3516
3053110 18 2795
1111512 29 4053
415685 54 6000
5228 31 7238
2129373 56 2235
403424 73 4331
3533947 41 2644
274650 83 1303
4446477 51 6799
973870 97 2776
212841 40 713
18462991 4 7817
6388942 60 8691
1107112 52 2990
18033150 11 9972
77865 34 6269
34833 15 9914
10101661 91 7421
129134 41 5950
38377621 55 9475
2228915 71 5413
7975 16 6268
9474469 31 9521
7136000 22 6810
16131 34 822
650293 75 8342
2994 34 325
39728 50 1686
45 4 5731
32878566 59 8475
284909 53 3338
5951901 55 5577
18547955 78 9359
468585 49 1313
14099851 49 7589
442885 53 5503
6358596 19 8544
9563067 75 7141
4353187 76 4111
52049 27 1007
392275 87 1288
603398 3 1325
1 85 419
3087295 61 9148
5958339 67 7294
1158352 18 3654
18929405 59 9549
135593 21 579
200248 52 1226
2280283 62 2403
8629292 30 5396
8643035 96 4810
3724595 78 4264
19060990 77 6583
1 63 301
18928942 96 6383
78581 69 1108
1 88 257
4653505 42 8029
344232 79 7900
1 89 788
8563035 30 5774
31957026 24 9051
30981852 60 8163
13701278 95 8357
32703755 83 8709
1281410 70 8618
41072 5 1214
2291644 78 6928
59477 33 249
20609 67 213
1182446 73 9259
2835582 87 2573
3025960 77 6349
154404 34 2294
9372147 16 5993
11696336 17 7981
21560305 67 9074
732982 17 2088
2778268 96 7095
399784 41 6579
53589 60 269
8980650 35 9991
15720694 34 9459
994 43 158
6222730 43 3583
142554 82 4389
20057041 67 8970
5056423 76 5929
259056 96 1143
18153505 7 6500
349310 82 6642
255367 82 8689
906692 89 1683
54580 67 2921
6204946 14 3783
16887381 58 7555
6930117 81 5554
34266533 38 9814
44565913 89 9587
20126862 32 8303
583726 62 1008
3088923 65 8529
37105 77 2785
947989 6 2742
15163 25 87
470793 10 1278
144925 25 1237
443202 21 2644
1259009 25 6610
1478790 97 9411
28605 3 4140
318665 69 801
1829378 31 2434
29331821 84 8080
9039425 62 5366
2001213 11 3404
591886 49 5549
16156370 49 9497
1526654 21 7267
3262097 30 6276
701016 63 8726
25001830 93 8191
1405323 22 1630
2031477 23 8466
899155 61 8082
3551387 23 8425
2254796 34 7221
4180876 67 4219
2827461 61 6378
1160218 38 2920
4559637 16 4128
27035542 51 9018
22933828 46 9525
5527678 41 7786
15533236 99 5786
2854532 59 7713
2340569 14 5393
6249996 1 7360
2998231 23 8416
14075514 56 7970
13856085 34 6056
15524444 15 5612
32367755 68 9042
1276385 46 2541
353187 38 5241
2335804 75 2650
14452684 57 8157
7736841 89 5963
1810413 76 9651
1260684 87 1802
2049 70 3070
287900 82 3357
2136020 56 2801
953118 22 2421
993581 52 2205
207416 39 4014
14628064 46 7180
219075 98 2715
99654 9 1810
161978 76 3735
774746 93 3983
72289 52 839
360614 34 5621
1599225 18 9843
124078 71 1046
636156 93 4845
10985839 61 5708
12442018 4 9525
10837269 10 5485
3928416 61 4330
2031943 74 3003
3094121 67 5335
4053121 92 7523
8956612 67 7431
4525398 64 8860
5630016 78 7172
1127618 13 2693
10700199 87 8145
8651303 58 7655
486209 84 6353
9484152 82 9014
2223416 4 5463
287 12 4162
463109 87 9665
8819387 88 4171
140602 8 439
229225 77 4873
1374679 33 3159
2656618 11 2225
39964 94 1473
327002 29 1646
23826753 90 8019
23936624 50 8111
8627648 9 6169
688136 55 3024
13435 64 3447
6455676 91 6372
3488082 19 4045
16932567 10 8401
12187891 28 8258
12524493 19 6425
36453 19 691
11606942 6 5857
5922996 54 3945
36261154 57 9756
4842116 50 3164
17916264 39 6784
1209277 2 6441
20089570 29 8752
5039990 61 8896
57063 4 8851
3867710 56 7072
1 98 516
1270425 75 3382
9033 23 5625
9101 53 416
6856 82 909
141145 23 7583
771764 9 5049
210625 43 1432
96485 65 675
651649 72 1801
120544 88 771
1927213 40 9050
283472 59 8871
3970607 15 2913
15256426 91 7887
331746 2 4300
2018348 58 5305
159284 14 1638
107548 73 7465
30843 98 2854
1411097 96 4961
4740021 17 7772
8521808 30 9619
6204840 83 4760
19917872 86 8710
599453 27 3322
7012278 92 3675
6688825 37 3700
31266387 23 8727
195698 36 9028
4881417 81 9166
9655982 30 6016
418585 3 9069
10997157 88 5376
87778 35 1674
1317391 19 2012
181606 37 2209
9300709 57 5581
38094775 40 9962
1392719 25 6821
562 14 1829
987961 2 4737
11436823 62 7456
1812934 44 8943
4334768 29 3787
23500179 93 9550
7117923 41 6776
26643 49 1388
4380983 31 3289
155525 33 2797
24953 36 1326
162358 16 734
35220 89 599
72050 80 4654
9353758 31 8091
1 56 248
12470912 13 4989
99387 12 599
8677694 91 5234
3256012 11 2915
5436412 3 3974
30475 95 3236
4855096 73 7924
2504134 99 7192
24579106 38 8460
44358 66 7244
6188591 13 5378
2962326 36 2595
5568140 1 5764
32488 48 311
221104 94 1341
2614 53 2354
275386 16 851
1051117 84 3237
7506539 31 4698
4292054 15 8194
2323 74 88
11512606 90 8551
22082 85 174
9350506 84 9037
9293504 20 8001
6091016 14 4728
67951 100 1135
7842351 5 5359
5727500 45 4809
1472015 76 8542
748420 5 8888
29764783 52 8957
2921539 99 2511
3792396 99 4857
3835790 20 8420
1489940 48 8541
5488991 80 6245
666308 73 9639
37427878 86 8993
8551257 40 5967
840156 23 2468
8232206 73 5719
13450290 81 7865
8749937 27 6187
8511387 79 5314
10303471 47 4507
1007506 62 5603
2785728 77 2529
4201035 73 4899
2373655 41 8394
36282356 68 8452
2230446 20 2107
8554288 70 9157
1298529 67 2742
457956 90 5796
39335 56 310
7102325 14 8720
317741 44 7618
7956192 55 5186
3639289 39 4211
549 7 78
3383094 54 2593
33443742 41 8193
3151155 56 4363
7287269 15 8224
7530 60 373
12217457 98 7019
1598281 32 4719
7101229 6 6310
11521676 74 8336
21494577 24 8362
12892171 45 9386
9048580 70 5782
45628 47 395
2312802 49 2980
6179989 35 9259
1180 5 426
1703005 41 2625
38353 7 1040
729700 5 7573
1 92 882
36990 56 5637
91097 55 3510
193712 56 5493
15419853 1 5819
491207 54 3368
4166502 24 7839
2014647 76 2729
9681 24 53
3357915 66 3755
3440020 32 4045
617201 94 1321
21931433 52 9329
20928 21 154
5824155 84 3922
164510 25 3883
4931988 76 8742
6172850 68 9777
11718196 36 8213
1 84 3390
295662 43 8319
28530 70 684
4165492 56 2799
17160446 7 9068
38475 61 1511
30249597 79 7891
17014 21 2203
10250036 54 8962
4597400 18 5737
10407 79 778
2116875 45 3200
875591 12 3976
11181120 17 5134
1 77 756
8565 3 163
23994396 59 7528
12365236 67 7965
1938 54 83
3967214 95 2900
42020625 33 9915
636197 84 3219
99155 22 3608
6277105 6 5605
479169 52 4384
17498249 84 8817
3494010 88 4810
6636144 36 4146
4919326 23 3045
151546 14 2281
3279942 52 5369
106671 55 991
535161 2 9229
1165472 3 3962
23476800 7 8040
5832169 90 6217
19429667 1 6578
5688926 30 5362
796366 61 7103
980880 63 6108
417621 49 9783
1394682 84 9300
3200197 8 3809
430034 20 5937
995348 3 2431
2328 1 2080
38746156 13 9159
456749 45 1572
23973087 5 7360
3804995 42 6593
449 8 12
162498 97 7133
6027244 53 4940
1343 36 3032
10114915 71 5865
9874210 19 5193
1510195 67 1758
6426309 55 3896
1426012 44 1988
120000 32 7077
1452765 82 7299
1621144 57 5970
35758356 18 8376
4242579 45 8146
550887 100 7453
958828 5 2295
369069 7 6104
4216349 84 6452
80086 2 965
2448551 35 3300
489311 35 1900
121826 88 1044
933969 52 1797
7262 59 244
8771 70 4757
3649 5 1819
404388 38 929
7101583 55 5945
122663 49 5413
15553019 28 9420
2525711 55 5488
9716653 73 4645
1982 23 718
8927 66 5992
5735857 31 3425
1499618 18 2910
34015444 41 9857
1242061 64 1939
33221 42 6853
4282073 63 5674
32413942 86 9062
10248132 60 4485
48809945 39 9991
1 92 579
267045 24 2647
14870342 88 8420
3705117 15 3829
110239 44 1533
52885 7 2999
2622841 35 2809
15042 4 447
13414916 33 9722
236067 71 645
85656 64 2778
2941601 99 7488
3160437 48 4988
12934834 91 6822
25232 17 8125
29223651 54 7680
98850 98 1256
27200427 7 7900
25889800 11 7465
17652902 99 8999
604386 94 8589
736261 78 4343
6299795 93 4058
248460 21 2898
7501030 71 6880
517108 5 8224
1475431 73 7517
12162400 52 6433
6124176 79 7750
15315857 42 8312
380001 27 5094
15386 48 4928
34168 88 934
13628452 10 5403
15192577 19 7682
983541 78 1479
2071314 45 5887
331972 96 5610
22170 10 8468
10070936 57 9489
74859 56 688
5556817 18 9789
665290 61 3033
456595 54 1143
116845 37 1206
4372036 79 7369
1751973 41 3453
50438 100 7527
6570223 52 3721
949421 43 7331
6312773 35 7272
354385 27 9352
525414 60 2259
117823 83 1514
5088 69 2736
3046361 61 5948
13917352 73 8926
11141068 31 6539
206992 15 2482
1749957 80 2957
16879376 21 6030
876611 43 1867
201357 87 567
6387954 48 9143
8867694 33 5428
272912 72 1644
382494 16 5581
5998586 74 4999
146360 3 1346
9802426 81 7772
457991 28 1396
583050 86 2039
1207182 24 2871
623363 19 6337
1925113 60 4594
6907 90 261
4650522 51 9225
3466862 65 4185
4776804 46 3992
496970 32 910
1422111 44 9449
2384879 63 6471
43313 53 8546
1000 38 182
12305740 29 8147
132944 70 2895
77814 64 1305
1070835 23 6434
8716119 32 7444
3279759 22 4397
100216 32 777
5378599 88 5709
474921 81 2669
19305379 73 6460
14612 1 1067
238042 38 1909
189917 43 8192
12645209 41 8325
38808 24 652
188094 87 2354
425024 66 6643
17081981 22 6703
489058 51 5442
24020590 82 7587
30910004 44 9086
331095 16 3858
1315080 76 3135
391958 92 9176
1025021 38 2862
4919983 28 3495
7975864 98 8705
13270283 53 6830
5420 98 789
816066 23 3770
3706859 34 3187
234369 77 1228
5536 47 1879
11615692 38 6439
873200 72 2434
1346539 48 3214
5195373 51 5518
6161568 67 6938
508584 41 5174
26394 95 8401
1105839 45 5733
2070670 52 2815
1 32 2113
1204615 96 1739
37854 76 764
8157020 19 4342
14063223 9 6317
2595441 2 4442
11064182 26 8681
5078813 9 4723
1540163 9 5690
2535 96 7416
8462897 22 4721
13729644 83 8021
5031 49 5972
8168736 27 8985
3152536 40 4100
3292831 74 5766
8425129 14 5289
4607387 45 4991
127672 61 2452
15363866 99 8042
39186517 80 8791
1902167 66 9386
9903716 20 7006
40872 63 3044
42009451 19 9199
21954149 81 6906
483610 9 5767
6129 24 87
434011 27 4445
1487388 8 2124
2513738 73 2959
2021163 87 5591
739535 45 2623
348687 11 8630
4513931 83 3409
216051 47 8061
9518949 82 4387
2032225 94 5480
8682 27 389
4499514 42 3338
4733752 36 3110
20262251 86 7355
12154836 78 7285
157978 63 1577
9139 48 511
5985490 64 5686
538202 7 3981
151764 80 3358
1922022 89 5245
7437830 17 8812
6483820 47 5179
1390555 62 1803
1260518 32 1825
33908169 2 8516
80320 92 439
31090 34 3284
6989880 64 4947
9542009 24 5758
8680377 40 4797
4480820 38 4873
1517725 67 6608
33451 87 1372
14050 5 1421
37245 12 853
354315 59 1586
2173719 84 4601
2411566 67 6848
11695867 46 5967
451158 90 987
349846 72 6207
751351 86 5453
6874106 57 6504
1764431 40 3479
8733625 54 4399
890281 22 2315
4957469 20 3987
14719599 71 6227
2314767 52 3829
4433651 90 5179
573542 43 1881
3320753 52 7527
13659410 21 5616
1727175 82 2239
1235924 51 5817
2503576 22 9855
3993707 91 3466
2612134 91 3154
2827932 1 4638
1839538 91 9337
316 35 715
1329435 56 7752
266531 58 8862
1431960 31 6421
34762 43 1522
2539248 44 9335
147857 42 1549
9530325 85 4993
813204 29 1826
234403 31 1977
2304693 89 4401
6662726 61 5315
191601 28 1036
563285 92 7064
260353 10 3521
428458 27 3332
874897 98 3884
14860844 10 7573
1328666 96 6558
242548 58 605
6377 27 2044
1616872 40 9057
4936497 51 6258
59499 3 3487
7368984 32 6885
988364 79 4727
411101 95 6131
1371748 42 1636
635404 92 1593
30631166 9 8603
6908072 92 6913
3067966 58 3076
615925 36 3746
288582 44 1830
9073242 15 4186
2030953 40 3078
146397 26 619
1 96 962
18933528 76 8572
1 87 538
271016 82 3409
6939294 90 6789
1807415 67 2028
2396826 26 4395
188497 6 1003
269349 75 1333
9095824 59 5696
4037705 91 4228
1297506 96 8845
201 64 5773
23098472 93 8767
3051129 46 3835
1545647 36 3220
1958127 12 3411
21942406 93 9354
3084171 40 7157
1035153 5 2159
2567786 22 4255
16959653 21 5747
3712143 95 3436
45085391 23 9769
405690 68 1833
13112771 55 9935
672352 29 7933
13266824 12 8790
1559025 57 5188
8611612 66 5474
2611725 85 6247
4171591 16 6585
36388 77 2410
9504285 45 4619
7 15 1736
9188094 26 8265
964998 31 2960
421811 94 1106
10031299 4 8215
9243 10 7177
9842346 34 7050
11488264 19 4818
6111744 87 7688
11561691 22 5771
1104040 63 2674
7472662 55 9199
14648365 42 9149
35144928 19 8391
107623 98 9161
19220614 13 7865
103649 50 771
2492634 58 8347
1333216 77 5877
1363850 65 5399
52511 61 1455
28008 25 2721
1416908 83 2114
160768 86 656
2867568 42 3625
26867441 70 9798
5940039 85 8180
18858116 23 9658
193258 2 905
7778821 68 9373
5268350 33 3842
4024061 52 6128
6275664 26 5162
1295656 53 4790
4971962 10 4707
14106715 15 6436
370036 39 1346
234764 42 1593
349291 65 776
1070267 27 2689
370798 98 1304
3912271 56 3836
177995 1 7167
2768944 87 4819
10199503 18 4778
4843088 95 8688
29114069 20 9785
19424990 75 9908
60857 36 503
28028074 7 7745
9256536 96 9839
1 81 476
29017559 96 8428
204634 65 9525
5616395 14 4466
4470941 57 5526
18084383 42 9701
29172281 18 9708
20603123 61 7186
819803 79 2138
25508304 93 7872
3887369 59 4524
91240 52 1122
142542 47 863
7759347 48 9056
40821021 96 9153
43824 5 672
6162 19 4242
1196381 76 1566
811733 75 1871
608052 20 2817
362236 76 1759
38556 47 7939
460357 19 2165
645077 50 2745
2434463 44 6990
35621 21 1300
700 31 6175
5904237 1 7427
1435657 95 3120
2827814 96 2476
141135 26 5718
1674254 13 6742
553693 97 1820
997228 81 5516
7767894 95 9442
1946518 47 2861
53241 87 2985
675727 20 4976
1 73 1357
23396312 80 7921
102554 79 648
758353 74 1342
4192630 21 8698
12052115 15 7674
1310905 97 7920
3647906 4 8286
17023955 50 7378
1 43 3078
3119618 2 3652
1112361 15 6051
6853232 1 7050
815630 92 7350
5775958 55 6881
26682491 41 9310
94319 89 907
8023179 54 9392
924971 65 2298
5345998 2 5305
365817 7 1012
2402758 29 3999
9619002 64 6342
62042 61 369
1847916 23 8453
1 73 179
5545043 99 4263
6083669 92 6424
6916444 84 6920
22203 34 4311
1 15 203
10858289 24 5505
3812013 7 4487
2681717 15 3841
3788458 71 3733
4079437 15 7241
1683607 73 9392
13284286 36 5216
27692262 99 9235
12631 62 7017
2295 14 113
3393292 84 9301
609543 32 1412
2076105 95 3545
31187737 57 8683
2255 23 1788
4172197 21 8756
899250 44 3664
120342 3 1147
18042 56 126
1311122 57 5659
62553 12 8778
909073 54 7745
157483 73 750
1016301 34 5049
3428647 73 7044
28591104 12 8986
2372797 48 4735
23041359 84 7108
5455 86 3801
17668227 32 8609
2865488 34 8939
7457937 44 9998
14054833 94 7776
1083063 1 3158
379114 17 2896
10692 39 2003
1951603 1 5206
86249 78 6381
975471 57 5482
2281218 18 3692
4475129 87 7903
419 49 921
21496910 49 9134
14779270 38 8092
1054014 32 6600
42738 21 369
15350005 1 8752
36296 93 678
3201015 82 7230
1550382 88 5174
98429 18 7416
14279122 63 7671
70567 36 807
210415 61 3181
9519829 61 4817
336517 60 7741
3309498 45 3325
873855 36 1268
1105 69 118
1813837 28 2386
1160188 19 6383
2118640 4 4784
29401761 56 8416
19913648 49 7672
2572247 49 5671
559829 44 6088
18229415 56 8779
20139389 17 8029
5210679 17 3718
1048100 24 5560
7891145 68 6754
1 60 7570
275276 74 7305
4697154 3 4153
238941 67 1886
1042032 98 6980
3883001 10 2949
2087593 3 4613
17958952 18 6287
2748159 55 2875
1 74 480
1187810 55 3231
5527094 94 5684
821821 7 2370
10265900 29 5233
1078304 88 3710
6989 5 447
2533440 77 2586
9021072 25 4529
11816336 34 6594
18800 92 7248
657246 84 7055
73729 11 3710
4691141 68 3143
555254 49 1234
1817825 27 6030
840229 80 3079
1963470 83 3375
7770566 1 4989
16404605 26 8392
38493421 36 9161
41802 23 2378
2662 63 621
2787305 74 6019
3855825 39 2926
14830 25 3812
770568 91 2602
22822381 27 8911
18316 92 1441
8677802 88 8833
4357147 80 4218
7552836 79 7298
2604134 29 4644
843619 98 2194
302820 17 9986
1651037 31 1800
18687008 7 9816
8793403 1 5919
31361766 1 7946
58276 85 717
20228763 42 6479
153709 85 1355
10605594 84 4755
236504 87 1661
2115454 6 8372
1270557 96 4151
19693784 58 6665
368632 91 8288
15016351 30 8129
15448150 50 6980
14347047 83 9522
4482497 63 9636
6201542 78 5374
4543504 18 3892
4618912 20 7413
4234198 31 3272
1522775 39 9239
38274656 22 9718
1 65 310
11186137 16 9517
6946428 2 5044
784179 76 5386
4120475 35 3098
154286 92 727
193950 14 6948
2607941 46 6872
5339138 64 4724
7570115 90 4800
1685535 17 2423
14888061 36 6151
6757206 55 7570
2583598 97 5205
5870532 94 3809
9120041 77 8798
1 90 529
3033855 91 7640
1434715 23 4480
3252265 55 5387
21141034 62 7533
12421056 9 6932
602104 78 2715
6993031 17 8136
1875480 1 4529
38473 7 5790
8639322 6 8458
9377469 60 7748
1171167 11 6210
2681065 37 2474
38489 57 1959
11859051 31 7875
1972888 86 2779
4657485 58 8367
28956 90 999
1192440 39 6553
4151959 49 9898
11386429 71 7440
1 95 7847
1 60 4606
1597592 91 3001
29199177 11 8699
14605 28 5697
585289 92 2138
3346411 53 3525
25118255 42 9361
1490424 1 3326
21894824 41 7465
29524144 75 9210
2115301 33 2295
1614840 12 8082
703416 72 4486
24141 19 220
6102615 56 6504
13563980 12 5507
3285111 4 5598
194777 10 4300
287257 31 5196
1 40 1354
3384389 23 2598
2411670 31 2877
9961540 97 8261
92180 4 1988
25984903 3 9641
11052515 37 8555
770193 80 1237
76394 86 1007
1553197 85 1742
19602875 19 7779
3626403 66 2994
332889 76 2679
157550 3 8763
28069071 45 7498
236270 63 2166
3141984 48 5140
3294654 33 7967
356059 76 3025
101879 83 1933
1529884 80 8120
1625129 12 4431
17371 80 9260
8751598 92 7789
263689 39 5637
229313 83 1148
481295 41 4205
1107969 40 7677
1451525 8 1992
47660 3 977
805889 86 1841
465386 99 1667
1793891 50 3137
1 17 1833
1077001 64 5614
598324 57 1516
603062 26 9735
269734 24 1942
27147655 18 7741
1596844 66 3967
5411776 44 8842
37287 19 9408
1329643 35 3358
10197978 81 7963
192887 51 4430
1852455 50 9102
1 13 243
1 87 4379
2088854 65 4020
1 46 51
7706973 88 4239
23922825 65 9787
2965142 3 5479
377178 81 2323
246904 62 6260
435575 75 4079
9481457 12 9121
1046488 30 1671
586750 93 1347
4937035 17 7116
13785068 88 9282
10036082 51 4597
63023 68 7232
210062 56 6175
12994109 28 6434
221723 83 2433
12274948 94 7805
321524 40 3757
4599395 89 4987
74969 89 6192
5800592 39 4001
26779019 63 8279
719247 37 2737
1 48 9114
2877168 28 4821
49022637 48 9968
227757 34 700
2362786 22 2487
1246248 32 2386
11919557 38 4887
2384010 11 6545
1321705 90 5614
894456 16 2773
71606 71 1764
26343999 28 8731
2472503 66 3365
734848 72 1406
34499 69 193
832024 50 7663
3305938 49 4422
493281 96 4711
424885 71 5499
6060 27 1001
20303374 49 9656
10658085 8 7998
27983725 12 9054
1054016 57 5367
126139 4 635
1353017 83 3604
44423 93 508
40006156 87 9854
1138401 7 6015
1256462 25 2079
4048 85 2486
29169818 35 9883
395849 69 6093
611544 9 5021
555055 49 1290
28657673 90 8463
1184158 54 8138
3613369 52 4392
2244819 97 5038
3889837 20 9853
479004 37 8486
17764489 46 7349
1265649 89 3733
1553546 4 3797
5303523 11 3858
250492 11 9501
431230 6 5306
109471 23 751
9701031 1 5050
2082892 67 4068
13346 80 966
2957852 72 4344
1249051 29 1994
1172994 80 5956
659593 67 4112
2064021 42 5062
3370930 83 3445
6159232 98 3839
116581 40 508
27425132 40 7514
71263 77 882
613790 15 4981
6027 52 7244
11768066 19 9808
2247746 52 2180
4088692 92 3048
15741473 42 8265
715142 59 4954
25731812 77 8549
12110271 86 6174
22888582 43 7116
67846 8 302
1 57 324
4800460 50 3475
2253662 21 2438
18005000 30 6960
2425326 8 8962
75135 22 2314
9109480 26 9262
23147616 93 9184
1150378 37 2892
1282204 17 3830
6212 16 4431
30288 98 1925
6182721 72 5203
189889 50 1511
25921898 13 7957
30498 67 199
10036508 54 8923
1697128 6 7039
697026 19 6822
15200410 98 6403
4549572 72 7016
61544 53 468
4600949 42 3928
201005 9 920
231396 49 2118
9510300 21 8737
11834298 9 6751
14895128 63 8662
7510713 94 3840
1647332 25 1973
1131992 49 8336
1456 41 4672
1834394 9 8490
44210890 58 9713
4434310 39 7881
17590957 85 7226
4882540 73 4355
5841307 92 6026
9437779 35 8116
3032026 19 2569
4893272 34 5969
9367839 97 5256
1359843 53 6238
925750 59 3645
276565 48 7515
41533384 48 9857
1458377 41 4921
33931599 94 8712
111775 100 1643
4958439 70 8146
5904825 51 6105
4964 1 689
10258677 41 5182
885953 81 2513
9222706 73 5435
2288797 33 7662
9122391 47 7071
2599981 44 2388
1280700 16 8042
2143405 70 9615
1195724 3 1956
20102770 92 6527
27331540 46 7884
63068 80 8384
713590 28 3552
296836 90 1415
13427383 48 7758
1154363 82 3975
31443617 29 9174
332425 46 2147
19291 11 392
152740 55 3021
927389 24 1280
773729 64 1199
2209459 34 5533
18726771 49 8164
4831342 17 4762
525073 83 2478
497839 55 6717
5706944 4 3405
467608 60 5133
1540181 10 2994
2262764 43 4754
2682362 95 4368
710942 18 1577
3150068 48 4048
1612468 71 4290
313104 51 1389
10674966 49 8654
17044679 4 6029
13767592 81 5948
1 41 1257
5372074 44 3913
3051384 79 6680
9093 63 2315
5865381 65 4410
1862280 50 9388
22855106 67 9856
488252 41 4678
228349 38 1631
11763635 41 4801
600228 87 1317
5938 17 853
6234164 27 3844
1 80 1243
1142112 74 3308
253290 95 934
8344367 92 7930
2187996 89 2126
3779817 6 8004
2454976 31 4517
9771582 25 5244
22184 59 302
9722637 84 8008
1415006 39 3368
9551729 57 6959
4357331 46 6135
42898712 52 9820
13292 95 325
22734 32 473
37118 26 347
1697066 63 8470
536333 6 9686
1867551 38 3799
17499 50 3158
4821440 29 3995
137085 12 5342
1778937 10 3190
27199219 30 7678
1 66 4202
20064544 23 6723
3369782 9 7361
6985548 48 5905
74168 19 592
1308109 13 1833
836439 4 6804
4435422 22 4782
96793 73 579
122464 18 1868
23520 68 1014
10421543 11 5672
3996 87 206
4719615 69 5098
4123 69 2263
3747638 20 6916
13620 88 8535
101109 10 1527
18205328 63 8809
15194291 65 5688
8623041 61 8151
825218 10 6981
935283 100 7469
15439899 17 6083
457969 17 1300
21730150 5 9843
1102990 40 1872
12450424 51 7486
16243682 45 5798
173495 20 849
2801220 13 3981
7796055 78 6060
1 88 454
19706942 4 6583
13437832 79 7349
4747101 49 5185
3446028 41 2775
274513 5 1380
5805516 72 5564
5072740 58 9162
336786 75 8754
748074 14 5468
436178 17 3053
6885288 59 7809
593773 63 5353
1 91 4687
25037195 84 7103
138364 60 4876
1429784 85 4358
131496 3 7000
15750178 10 6794
277896 21 830
9862747 14 8842
14842059 5 5916
3542938 98 7342
31111931 6 9083
3582765 33 4310
1 95 316
14900863 87 7876
469097 67 9833
349632 43 1656
11398766 58 5115
6137128 22 4311
1948069 26 3674
1 16 450
211311 32 2441
5937402 12 4844
39639714 41 9926
6288355 22 6338
1876 25 9902
322519 39 1203
2705 36 123
93614 21 2183
2705288 10 3977
8521523 68 7035
829748 65 4153
16529967 84 7343
12445066 87 6578
4850 26 454
7601685 79 5026
7324313 90 3736
959215 18 9776
50492 46 955
4306058 41 7576
34275042 15 9032
6898225 60 3873
12872496 80 6981
17278040 93 7772
86468 61 1360
12666530 43 6386
10637752 98 6807
90636 5 5935
680377 75 1285
46162 68 1047
3501273 27 5410
8027688 13 4645
36206 21 1076
60524 70 356
10266594 6 9559
2427385 78 9278
26138108 5 7386
6768987 85 8839
6845803 96 9078
442592 69 7817
1417607 19 1680
2213715 78 4167
56896 37 3156
286814 77 1222
410302 50 1832
19455 73 719
3747999 9 6523
10770740 87 7959
1526711 11 1793
1283560 92 2700
10391719 62 8274
1798844 31 7359
2001772 17 5647
44116 42 1701
6080731 12 5220
18295222 84 9565
15690995 35 7730
23771609 47 9901
243210 46 1049
1 24 8569
1828554 33 2538
1 82 148
139496 81 840
3504818 4 8277
131898 87 8231
40349222 87 9903
381638 87 2328
3271253 66 9200
747788 84 2474
363281 7 1518
157646 19 2022
2829538 62 8743
2476487 42 2503
4558606 26 7581
207874 62 3771
7084214 49 6767
44921128 91 9550
3193452 67 8403
2919789 87 3131
31004387 68 9349
3681007 93 3610
2993070 96 6547
22977 79 139
308041 94 9682
7004690 25 4304
1 49 224
704693 84 1208
32063522 87 9176
2033193 65 9593
1854805 1 2898
7187930 46 5103
6336 3 1408
944249 22 8738
4910174 100 8787
11568486 24 6221
25245275 25 8874
6805718 84 3824
2218904 18 4763
621497 66 1911
463518 39 7235
1 35 2872
2615525 6 5209
253840 81 8383
10246728 22 6260
12964313 27 7383
888495 4 4437
485377 100 3124
625655 8 5977
13096868 75 5810
7223260 62 6149
272753 11 1331
1053587 64 3063
33394 93 226
6390297 30 3797
36115 54 2482
10699441 45 8958
10806081 12 10000
5081267 39 3442
954336 14 2787
1274990 75 1683
131719 54 816
600411 5 5389
3222115 5 2658
23164138 71 8274
7854787 80 3950
1 15 112
315506 35 6020
69953 65 1141
2081121 78 2301
3283968 82 5055
25944290 42 9335
24966 35 2452
225935 51 618
381671 8 3526
452959 75 4374
11541455 62 4776
264588 3 1527
693 72 8140
31501873 81 9084
4994 34 7663
23680 52 155
1556409 33 1930
23727437 36 7333
22493340 95 8572
5501524 79 9536
10459525 1 6482
2264771 51 5145
552137 78 1307
1 76 2950
5621974 31 9290
1008992 93 4761
1753 55 277
143292 91 613
308988 31 697
13006308 22 8963
742775 71 2039
307018 1 1272
2221714 75 4939
3499266 2 5160
15741286 85 8086
20451506 14 6338
1721525 38 7425
11156182 82 5417
4048754 85 8637
19028540 77 8028
35876523 61 8812
10512503 54 9121
9388370 27 7132
4799023 84 4389
15876133 18 8862
41779434 94 9419
1009713 90 4601
1515450 83 5459
6498127 38 7227
120906 89 431
27910034 2 9540
6450457 69 4088
7618292 40 9873
327489 81 5221
31386 79 1660
9767536 52 6094
4053699 39 7790
1552621 32 7236
29934867 54 8306
1149483 57 2817
1157533 14 1452
1636346 36 4740
1224151 91 9028
482170 44 891
1192810 13 5393
18937998 32 7996
1335099 45 3539
6358853 14 4381
141830 7 607
13891082 88 5441
15627 44 9567
26868168 92 9789
856287 64 1701
6451535 10 3905
87080 60 1365
257918 88 6094
4315208 14 6193
25602190 88 7727
11718248 19 4868
792290 32 5151
2136811 58 2684
40585 58 281
4352 93 2195
20657992 97 7285
4414244 69 5756
1232107 4 2055
16404 54 3693
9200105 17 5687
5315258 23 3903
93099 34 1458
1851814 20 6513
1 99 733
1325745 43 2747
5434743 62 5933
32981479 12 9110
9845812 21 4490
136879 82 2299
11245474 1 7671
899078 80 1341
42183 11 6920
17776686 11 8969
9814897 93 6537
547874 2 7232
25454554 77 8109
658372 69 1677
663234 37 3886
5525878 46 6506
31153025 51 7959
3144679 59 4014
60232 70 1656
3574349 54 8246
783487 30 3600
8723237 75 5510
5408172 73 5821
64716 46 1227
471320 33 5049
39344 69 2484
4135096 19 8684
449973 22 1538
8553125 50 4927
2314497 45 7539
1931954 88 7482
492147 10 8114
89095 4 510
2698815 48 3214
88654 26 767
785787 89 2065
7415 22 4520
2403139 25 4712
1554054 65 8903
1988909 38 7362
1239143 38 5555
1309935 46 1612
5031 55 461
6012399 6 3448
6887145 16 5474
125106 15 436
635806 11 1066
31176 84 3504
122190 56 620
2358752 4 2515
1 87 1028
24538185 54 8584
524600 49 3662
1657096 28 3993
719701 33 6724
51619 70 963
20044 55 1733
4546768 20 6274
2191923 65 8480
8011831 38 5373
223368 76 3482
8540362 98 8865
1478062 13 1640
2666042 48 6969
5125994 41 6138
1489 73 876
24140308 63 9644
32655812 51 8280
121118 44 9959
30850 1 5425
149595 95 3139
290973 12 2455
7853870 79 8980
1892472 17 2732
5378762 4 8741
4304028 59 5823
1553735 95 8769
449918 12 947
6172258 33 5192
550987 37 5781
20424953 38 7223
4025964 48 8551
1864212 36 7076
9455765 67 6679
69131 69 835
15495654 8 6900
531771 44 1052
7056991 54 8263
350957 23 1823
3472696 82 8416
859100 2 2492
1157877 5 9735
1 60 5707
1803099 87 3411
238823 23 716
15064830 40 8067
6064074 39 6794
12899427 33 7796
3472509 65 6032
535619 100 2385
11401877 77 5233
18211419 48 6278
554941 69 6298
4938 55 1766
3057750 100 3393
20228 60 5811
9173618 97 5806
1144234 51 4789
157322 64 2139
9404550 89 9945
9224213 7 4240
28734372 27 9680
12739755 12 5865
5913525 25 3889
439465 82 2058
318247 29 1832
81090 52 1292
1484643 60 2677
5096749 87 3793
152928 55 5655
45902403 58 9688
8279 20 931
206671 4 641
9435459 78 4464
266723 7 7501
1 98 3058
138134 83 3967
828330 31 4436
665212 24 2833
11818944 66 5084
5913080 43 7578
17997782 64 8137
27085874 57 7798
5959261 84 4919
30166902 97 9183
3030801 64 3031
3192460 17 8604
12194 76 502
3499396 28 9910
1 94 939
925037 84 2320
16353155 46 7785
10926833 23 5795
20445695 35 7412
127091 53 1778
3618539 56 3795
489004 53 1154
38899 4 4997
8426383 11 5097
6698546 12 9980
1725926 27 5638
871895 39 1922
2078215 13 9798
424961 55 1492
1 51 924
38324 13 436
8193328 95 5066
9695601 52 4561
6742806 31 4508
16417536 87 8777
13157690 60 7426
3202706 78 3411
1600018 77 4075
16249174 41 9559
54312 97 7387
312076 69 3989
160301 73 4046
5118858 45 6118
9301378 64 5225
8652622 80 8654
1 39 1423
5179746 85 3212
8449662 49 4788
907745 88 3246
249061 43 1387
9666266 48 7727
957759 99 1597
13446 74 3487
527874 15 7903
703470 78 1447
11164 40 6786
3107200 76 3526
3178 92 4939
1831345 43 6066
15981439 55 8158
24807576 20 7477
13650476 21 9605
32458 69 6413
36772849 11 8522
212397 100 994
486516 63 2023
8614889 28 5692
44836 75 6642
84232 77 606
23095 5 9003
1879942 64 2026
277957 34 819
59052 80 3145
17467488 31 9742
5124213 99 3652
2888981 6 2566
13068 40 9893
29607 75 2470
2392315 64 2109
5097130 42 7717
2015867 95 3356
18023 62 110
8229053 69 6774
627458 86 7498
10140458 34 7633
921523 90 2497
60987 2 659
5481494 75 4457
3204400 19 2815
2588 26 58
4720401 41 7818
1263722 61 4433
3928108 75 9125
383885 82 1842
744421 58 5766
3667245 99 7752
1942925 16 6238
5732397 32 6379
3363512 59 2628
13617 100 100
9200977 95 7031
6421614 66 7784
125468 60 1582
250296 3 3385
3601605 66 3172
10899696 32 5093
370783 58 6843
16335697 99 6074
9722861 9 5284
10477 9 123
2432771 94 3598
4067361 64 6196
1849 38 613
1121194 26 7246
9604758 53 7063
752728 36 1796
6712134 100 3654
18520024 72 9782
1483000 63 4352
1476723 24 3251
10615984 82 7917
37075 50 2268
78435 97 426
264763 97 2337
63017 89 5763
7537280 5 6200
6023025 5 4024
191128 54 8498
2629 88 335
9265022 11 5701
10935481 69 9624
4601112 72 4463
1162305 94 6318
1 94 736
294747 17 1090
89 4 193
216721 70 8718
1466792 27 5038
11756586 31 5458
302626 10 2469
6385931 13 5191
10609523 29 8828
26136012 40 7165
3322243 33 7200
1615884 55 1743
14358260 50 6695
4731642 63 3680
4569797 72 6853
10551491 71 8274
7391843 74 4930
3056976 52 4258
1207500 85 1635
220665 69 9873
22489137 55 7192
8612659 57 6054
156403 42 9403
396673 22 861
122273 76 9315
19355834 30 6854
18382 27 387
15611210 68 9457
13897832 85 8509
7513790 25 5336
20969941 95 8289
404485 30 4738
577179 11 1865
347932 22 3475
4479955 55 9589
951160 8 1664
4361345 39 2912
96457 96 1950
2972533 5 4481
17059573 81 8534
3293961 34 5377
2380859 83 8065
26593038 18 7864
1232009 98 2581
14586082 62 7506
4986738 18 5852
726019 63 4347
2332807 16 4829
3147414 11 3907
1 65 181
1940191 35 8891
15168 96 1009
16780257 81 6149
10668720 52 9793
67366 9 1246
6226633 91 3886
3475482 31 8094
235770 99 2259
6483596 23 4100
4973084 98 7298
11571086 23 5552
1342687 87 2053
5573743 86 3656
4990426 64 6239
20928389 54 8031
1294846 97 3395
163442 78 476
796476 44 2596
171698 58 1172
1099800 14 6253
3005581 15 4558
3573648 4 9742
2435985 23 2834
1174676 62 2783
2043172 59 4865
12650734 36 8508
8023517 60 7493
30338 31 4355
10180204 80 8665
182581 69 3433
37848682 71 8955
5589573 24 5133
291297 48 692
3543409 70 6869
13548041 9 7717
2474589 94 4385
188363 90 531
4578679 32 6580
5029706 77 7314
163527 76 5023
22145 91 363
21204321 75 9180
2152953 38 8099
20326 3 3199
7585106 35 7247
932227 32 7833
9545781 89 5484
172623 29 6209
4904950 12 6943
238393 4 5667
17316904 73 9462
8921 35 2551
18329226 23 7914
3976581 41 3291
326412 47 832
154370 36 2203
5533529 38 4342
1354658 65 1793
25416 78 4583
30872999 3 8863
2274586 31 3165
683351 96 3287
5146907 47 7809
901529 33 2168
6161511 23 4081
3359902 55 3009
1 25 274
7743655 6 8365
2199887 14 5020
7342992 69 3738
120 32 6600
4976954 55 5358
8376 79 3363
12816852 31 5987
5405739 34 6405
16314313 74 7151
4366855 8 4585
162626 86 593
5386417 84 5699
366642 100 8733
10764539 1 7475
2542847 65 5566
374935 42 1863
1007545 5 5195
325120 91 6930
28052899 73 9276
144571 60 2488
36345 62 347
3979 72 2172
107118 81 4660
60359 18 1709
11515482 41 5272
2815370 22 9397
22803061 45 6807
549688 20 3667
1289176 59 1984
1 93 579
474111 4 910
669718 76 9758
1225262 87 3663
949132 74 4434
2220705 79 9968
13986465 73 8229
17066648 76 8652
1573974 80 2669
1873784 44 2016
12443892 38 8267
1970910 20 3526
22029 97 612
1 99 1442
984219 94 7553
313221 63 1186
35485 72 5226
9230415 36 7838
1606095 36 2335
1889128 17 2212
82976 47 2510
10830246 94 8988
1797669 83 4570
270955 87 3173
24403276 29 8766
13148152 53 7301
4611112 65 5887
902126 75 7165
6714643 64 5750
12002781 74 5741
310091 45 1727
10897955 25 5271
892415 13 2402
1432600 22 3506
12020198 45 5102
1487875 30 3902
6963195 57 9561
778075 77 4831
25210296 46 9161
2048032 50 2956
17642412 50 6175
126555 16 2065
8252285 53 6007
156526 60 793
13872606 77 8393
82388 35 7389
66313 55 5137
266690 74 2387
313385 89 1017
2631656 37 6416
6433608 100 6748
5795139 49 3573
6601 80 1359
1789067 17 4739
1671217 91 7661
1479975 68 2869
22567302 9 8512
83373 88 7450
4514217 98 7282
12854215 80 9972
2129045 4 4764
6069008 57 3744
9349247 6 9921
16914009 67 5883
1 79 94
1954 13 7460
96812 26 3795
2399822 82 5448
17074591 71 6370
381282 40 3123
3403547 40 3365
12421729 15 8360
516513 50 1402
25613631 91 8311
24961 97 2334
202756 21 838
20138827 95 7337
266547 57 2038
8007421 36 9682
2001741 81 3659
721723 93 7877
13025560 100 6411
562188 23 2015
1040816 83 8587
24225898 84 9554
581511 13 1120
8193526 100 5918
96235 68 346
26096741 52 9008
6562457 62 5472
8088249 97 4505
6681088 22 4287
7600344 3 7784
18008269 65 7902
3905284 44 3163
243 70 455
118368 66 999
1 100 684
7451147 89 4145
100174 94 3305
1400939 67 9376
4870467 44 4929
5637244 12 6949
5315335 69 4682
9970078 51 4661
12685557 25 9416
5179349 83 4670
83839 25 555
144737 56 499
292015 82 4598
514341 57 2003
165661 58 1665
1432301 2 6807
746209 61 2452
18460222 2 9260
11335030 62 8522
677036 60 3490
36125486 68 8919
12243281 59 5641
836462 37 9705
60638 27 7906
1694676 23 2628
2445814 96 7750
6512717 93 7885
9509395 37 5722
5730511 46 3530
6658259 18 10000
1 68 487
616029 38 2583
11125661 33 5115
637832 57 3292
66124 97 4521
7781528 19 5598
15008092 88 5499
168349 86 997
7045136 12 9946
176417 5 5552
28768 50 257
6649290 23 3922
5102 38 9411
5491316 22 6132
9546722 42 8938
28690092 14 9029
7030814 92 6854
613694 69 2606
4894443 88 3839
1566065 96 3307
11917345 43 8712
779167 45 7995
1602894 25 6760
3620214 22 5529
83927 60 1213
19457 31 2016
32672593 7 9272
1619469 48 2384
816665 5 5127
179513 89 536
16931268 95 9761
6596440 96 6949
2345396 35 6766
1370112 93 1746
40618 36 1118
880522 89 2521
288555 84 1141
3168150 86 5677
15191876 27 6054
6989984 77 5370
385974 18 6013
60583 33 897
957285 94 1496
162618 15 1904
1 78 921
293214 52 781
32198 81 545
36712531 5 9565
2105886 64 6086
37997 11 6633
2073100 51 4347
2418135 26 2152
1012116 78 4983
15163094 94 6155
19801100 60 8511
9669388 90 7373
487394 82 7745
22067350 48 7944
123722 68 1846
32679630 43 9762
2433823 77 2551
294010 16 2886
22288917 21 7786
28449533 88 9170
113595 27 1425
168070 56 1041
5718682 89 3353
821225 67 8282
15003283 14 8169
9053973 50 5441
247435 24 6237
36573 73 234
2023028 47 9600
4838769 54 6983
16963756 61 6154
320820 76 5781
767088 20 1813
31233 66 204
754594 51 2459
6803 82 6679
242347 59 672
47183 61 529
2262793 8 9026
8116228 71 5651
14690680 25 7080
4489063 4 5160
4198391 92 3278
1793061 6 4405
1076301 81 4039
32829005 52 8302
4870618 95 8660
13653684 26 7885
240669 29 2511
13869475 75 6474
7870739 21 9735
3637076 53 3549
26236796 26 8922
2297557 84 7510
344568 58 1896
87716 23 371
8194500 19 5660
337721 77 1784
14172291 75 5962
11586998 57 6723
394264 60 6371
291108 42 3988
2064245 31 3181
12988997 18 9494
7780492 53 6850
778732 67 8709
27340 55 235
1064928 24 2364
3888352 98 2743
13993825 15 8363
15895510 74 8540
694780 96 2774
25581888 43 7777
14117192 94 9971
132785 74 8518
2053193 11 7161
42434 80 1975
31042158 5 9893
1935098 63 6278
19880748 17 7151
16598648 25 9933
4046 63 6124
21800321 78 9676
2100894 51 1992
3882462 95 5988
2049223 36 3083
16682446 35 6928
1169774 70 4184
8008537 22 8151
6305345 64 6672
621982 13 1737
2767206 30 3407
1599300 77 5036
624017 74 5198
16379062 21 6977
4112582 99 3320
28367 13 4385
15842 44 161
11390 98 189
1497091 28 1892
337893 20 1604
2741363 11 2865
5566163 47 8914
180695 67 2244
30496238 49 9677
238207 5 5875
53356 47 2464
2853691 96 2988
1620009 43 5282
23291 12 2469
3419476 73 7138
497221 51 9860
13341162 85 6890
135227 96 8405
397741 67 5611
5163567 5 5097
34577651 25 9013
82673 39 6284
1695 81 2418
30682868 94 8215
781047 65 2954
2111243 74 8899
13481581 9 9701
3703825 99 3279
6260 29 521
373 25 915
39852 19 825
37692801 68 9337
94646 55 6638
1499304 69 1791
42722366 12 9680
5799012 58 7594
1312150 82 3832
1406118 22 1582
429972 59 3604
592473 49 2680
50661 56 8516
15249046 26 8947
4352624 24 3194
2197921 25 4490
3935245 63 3267
323016 70 9408
455144 2 1942
37470 40 2194
172 22 6106
9294143 99 7812
1687354 71 2778
1569744 52 1972
18795772 15 9653
12989037 87 7941
9969717 74 7347
8205860 34 9140
39332735 67 8889
12823488 73 6235
4546556 30 3344
976100 52 3726
14376497 20 6946
1480369 23 3029
1270532 29 6207
751162 80 7611
4008982 88 3145
20859072 68 9930
1400061 55 7763
29373798 32 7894
22346 36 488
16597090 82 9623
25249746 97 8543
85313 65 827
609432 89 6333
29617 56 425
2553876 17 3869
2183793 66 5108
690252 21 2794
23210977 74 6946
3469723 81 3508
3096637 68 9443
8882649 19 4603
25375517 71 9255
36995063 8 9356
10881648 98 4785
23407985 12 8354
11203833 34 5463
3122920 81 9915
3106186 3 3714
2841598 45 5627
11671070 69 7348
8344243 23 4841
2060345 38 4650
6134462 74 5206
22536 3 1625
4078482 32 9364
19061479 95 6892
14970547 18 9113
1662311 49 5623
181916 74 6198
1381705 15 5705
19596371 55 8655
488987 89 6841
468656 68 1238
67217 15 6315
2206892 65 6817
1109098 63 5206
16282373 61 9957
8968110 42 9964
3333706 15 3902
175271 66 634
29607 14 2654
681188 66 3304
10418 67 257
2077127 27 8327
3371852 40 8456
2637517 97 7206
3102189 35 4623
4559402 68 7013
1 29 1475
3329896 28 6438
24397549 66 9952
17309 2 6962
16353478 79 7463
3803026 70 3882
27789435 57 7744
8794167 91 4495
113740 66 862
3444957 45 3784
21667125 19 8018
5898438 83 4116
1747813 24 9629
285241 23 3063
6720162 29 6660
4423992 34 7089
369851 6 8247
27227502 27 9734
974822 57 3039
4735721 27 9790
8110304 68 8582
260106 54 2223
343271 6 1821
41629606 57 9458
1342059 59 4364
1463925 9 6586
7562790 63 3795
111489 59 721
353177 72 7119
3549738 60 6269
1622596 21 2116
15563346 14 8661
1050432 48 2545
26099002 66 9715
13446 41 9329
8389534 4 8994
2641742 79 3106
19715564 44 8626
253401 36 1556
3425958 57 3898
14708 11 661
4031750 73 8074
101438 62 8201
1169656 35 2187
1768053 18 2489
22240236 57 9070
30670 95 631
2148221 11 7347
539767 99 1112
11863307 83 5354
15392321 57 8407
2061143 75 7922
1 91 7240
128958 85 955
568092 90 4614
16842 62 5477
249251 5 1273
1275 73 2219
2070540 29 4615
74771 93 6774
860256 60 1344
20324629 54 7908
2473 80 6977
8573862 82 5503
1806 48 3478
835331 3 1273
20975 65 2789
17477202 13 7444
53741 88 388
22559877 42 9861
750762 55 9266
1368059 83 1662
5844401 96 3867
10208398 41 9250
14112575 3 6970
17797 48 1737
943036 62 1656
791488 39 2855
5959543 50 7102
851141 76 4888
17916360 77 6071
1 84 133
135755 83 2851
714013 16 2798
23687797 20 6886
1696760 43 7180
108060 64 817
11267 61 6418
817316 98 1192
1352 95 2670
105367 35 4563
7080481 35 6923
3193807 84 8517
2238744 83 3751
4840345 36 5398
1 81 468
27647 25 6352
7524196 29 4672
1987496 74 2657
178453 15 9318
2673841 94 3674
210151 3 1553
19283577 82 7293
2342352 29 4206
31779279 87 8945
71218 10 1923
312145 41 1528
6033978 87 5264
6068571 1 7521
9138876 29 4505
41012 84 2934
7930857 60 8967
159660 3 3535
808217 68 9685
73617 100 4770
252191 60 2368
8113670 92 8001
661719 46 1200
10292761 51 5520
411155 78 2180
53108 100 1971
3394595 57 3135
90307 88 723
1459019 2 4848
1756681 41 4538
1412400 27 7634
150883 71 502
19257807 20 7883
32797 49 9037
1796255 70 2110
3866672 33 4369
452341 17 4574
284091 61 1253
8146956 8 9533
607716 16 1231
1613895 87 3540
2172697 79 4335
5378966 68 3629
43574069 14 9897
5387225 91 8319
73056 90 2942
3486074 38 6485
13543873 9 8085
14197610 2 8189
89271 20 9799
451435 60 902
3117889 88 4936
25007520 23 9395
20365 54 206
2304764 49 4638
122308 20 2814
7031404 45 3822
314890 30 724
27524173 89 9930
23655988 83 8577
140565 89 1380
306093 99 837
311915 87 913
2937945 69 3441
14797986 59 5802
3355514 85 4835
678002 1 1651
5280201 13 4595
9065538 77 7043
205102 2 708
71078 49 7207
2036029 84 4220
70462 98 8835
34796624 8 9861
4778795 23 3837
195354 79 5959
24348 95 1983
2264867 93 2452
744265 54 7532
1931758 85 3791
1721230 17 8335
2726 100 7371
7241351 11 4347
49171 98 4382
14191799 19 8882
12299671 39 7325
92116 65 3664
2794474 12 8218
9173593 59 7807
666324 94 7134
406804 32 2687
2023441 12 6118
12959972 48 5921
4524713 73 3368
532844 49 3864
35189 13 1345
143477 37 1751
826981 51 3412
220502 55 2941
1 53 2261
9999319 25 7128
116070 35 1326
919444 35 2023
6004822 43 6199
6936490 33 9912
7113680 91 8617
58006 58 800
1012 37 440
7638382 75 6326
101162 14 1009
639436 91 1185
1402281 90 6935
727500 29 1481
223970 3 6187
12593439 20 9921
462709 17 1788
1390227 63 7799
5122414 19 5442
398092 25 5392
117864 31 2064
1386198 4 1900
992949 84 2834
1264979 6 8228
13869214 97 9163
5257563 76 8773
2314258 31 2138
80035 32 5345
3848614 86 5071
4561323 59 3977
11119684 56 7331
8612779 93 5508
151913 78 1882
17598 2 5251
223886 57 1340
6635920 49 8079
14265225 6 8623
843995 65 1591
1492794 85 6687
2078515 75 4906
4220920 69 8489
1925867 93 2649
3696336 94 6272
414362 16 1434
11259169 62 9795
11489 18 225
15511076 83 7836
144221 95 583
26511672 7 7193
219 63 9125
8196315 46 8358
1516942 49 1774
186819 55 9513
2000114 96 6766
797036 35 2699
68059 64 632
1724745 88 2591
17862480 78 9742
4178764 11 3374
2217106 49 6179
11885837 65 8216
1254989 79 5799
12070135 15 5810
11245470 44 9596
3855352 65 8553
5603 46 484
263389 59 4942
26243 63 6739
7559 22 1062
1220364 93 8787
1023004 16 6027
1912911 79 3537
1711673 10 7353
17062228 1 8343
17504 33 2893
9510717 24 6765
97415 36 558
867486 72 1598
2387321 18 6736
17046064 76 7897
70087 95 1038
1519223 61 5449
11155162 25 7254
1938693 73 4548
3699833 59 5053
580655 65 3771
34996880 78 8563
47898 47 447
773003 77 2181
3827157 22 8828
296110 20 6372
5398896 26 4293
20520 40 218
1254564 12 2655
152189 97 2110
64512 93 8845
13097366 27 5200
6016506 34 6546
2646500 87 4434
649071 88 1952
29716983 18 8372
13861061 1 6081
8089840 88 9579
11985338 72 8002
3926243 84 8583
179998 86 1610
8273021 82 4320
10413640 97 9317
16203395 67 6766
3192182 35 3572
1624498 85 2478
18612898 49 9004
703480 86 5364
306406 47 7380
3258318 76 9578
3101463 89 4366
1024363 90 7425
4976915 8 9321
1154 90 123
67162 42 780
645253 46 2634
327519 47 1841
22146157 71 7033
54596 63 1591
5331206 35 7065
9392002 29 6974
45780 51 4621
17605 37 363
2638090 38 2691
2762452 40 7354
8623240 74 4069
587635 7 2305
939160 24 1737
3822436 29 4006
222847 44 2395
1395430 88 4844
7867691 59 5434
2823475 59 9447
9026001 32 7246
7114716 27 4206
1864675 12 9701
587252 89 4187
3853898 84 8341
22342 89 1805
1755264 36 8900
15484998 73 5686
8446874 12 9338
2784062 90 8138
243303 20 9901
24022819 10 9596
4596852 58 4720
7230574 45 6362
53 6 3932
290 15 3514
6017401 9 4616
3640919 32 6290
8057 65 66
2096268 89 4703
285549 21 9643
67213 93 443
10982843 92 4778
3394608 82 4963
1751507 53 2209
179946 88 537
2406637 7 3182
13060226 84 5686
1822730 78 7966
6405 66 6484
17911730 40 9438
152808 76 1678
57619 73 2553
7974666 48 8625
1 76 3386
849816 52 4977
3669773 12 7412
31753070 69 9231
5648476 84 3546
309 72 1412
781423 52 4898
16476929 90 9678
8959196 35 9676
1 49 1403
47658 78 391
2616895 97 6760
23694121 79 8208
34659 66 6786
2441198 11 8178
352635 60 2206
47531 74 4271
82897 5 3556
12126247 54 5064
3981370 68 6895
18679 23 987
4888717 66 4226
25035715 85 7816
7290816 27 5001
2031763 99 6793
14354749 12 6895
28664684 23 9703
9023194 32 5060
15031 31 164
6907383 46 9479
3463526 98 9859
575936 81 8572
1408346 2 9537
18332036 10 9390
56785 19 285
1411849 55 7128
468101 33 5705
27092 30 7112
30310 43 2513
292676 76 5804
245174 60 8493
1190122 93 4699
34246 27 4392
11671410 32 9725
7426 72 2456
11093095 99 4841
3633578 6 2659
2108494 48 2869
145716 57 1545
54297 49 3437
124956 62 641
10529474 91 5525
24395398 62 8885
11815228 68 8340
6137 25 6850
4709548 30 4558
9771577 24 7180
430375 95 8574
674770 59 4431
6264142 7 3446
1005309 64 8489
114663 36 1164
4079880 41 6214
4567598 48 3522
7985 21 451
746695 15 1367
28140 44 149
1967935 84 3833
4815399 20 5469
113080 36 2155
37544 37 937
113905 60 911
7421 74 3987
895279 29 3994
20655053 8 6451
5909356 44 4159
1444502 2 1647
313283 41 8512
84233 98 1946
4202793 98 4147
1396028 56 5937
99254 58 524
46578559 66 9855
602467 72 1662
15027222 7 8061
2896580 13 5309
8849412 52 6816
1 31 4664
22381567 74 6714
3367227 26 9054
1 94 150
405148 73 5157
174969 39 6257
2440594 19 7634
4554 30 9117
575203 82 3983
1306840 10 2146
2530347 6 8337
4442274 52 5327
16052556 73 7066
1024222 33 2259
147885 73 4586
1201181 33 3418
27019556 26 8717
11773219 51 8072
117765 100 2029
439855 71 1182
20034376 31 7711
7714993 77 5630
6578 36 2084
4863986 28 3429
842385 61 3073
9193176 24 8002
84680 51 2893
287150 15 1129
111558 93 448
9725341 14 8210
801370 94 1863
43859200 80 9530
3489187 14 3675
5083381 12 3500
1 98 5665
30959585 46 9247
2372375 50 8192
97356 100 1143
241252 20 2241
936724 87 8945
213519 70 628
5778569 27 6395
213086 9 2683
1251757 92 1693
37412938 80 9812
1636180 11 2884
12103336 63 6000
1527065 79 3160
3863853 26 3489
53766 5 634
11643841 40 8271
20730832 39 8223
3234591 36 5823
9204 77 663
2463110 9 6508
7733609 31 3862
179966 50 1344
852316 20 6951
39679 82 3095
194321 74 1518
14712 68 2866
130194 36 8967
6342900 23 8698
2133888 98 4389
1719941 77 1763
14167988 34 5555
2631217 87 4425
1099680 94 1863
3650121 27 3494
29518192 25 8378
40980327 77 9584
9838304 60 9918
25737376 30 7449
11535750 38 5254
1 11 693
2014484 86 7425
2068133 23 2963
495121 22 3365
1448065 5 2324
5380054 54 7187
45028931 40 9900
53557 37 2412
953760 66 6351
29097631 9 7836
1961627 21 2015
14433047 99 6819
60096 95 5468
9326525 7 9668
738538 48 2661
4299 31 2093
24466632 69 7309
406394 44 2881
43256193 18 9292
21602 30 297
5737 28 1273
36244848 44 9648
3074336 92 3164
12205545 31 6470
2054295 44 3221
253775 44 1093
20133620 11 7634
15553156 37 6397
1921427 25 2527
15577 33 575
268691 48 2431
2064706 80 5251
97362 78 5507
3050597 55 6765
12783431 66 5426
709628 19 9407
4254853 22 5871
3447181 26 5078
309245 43 1971
1352857 99 9871
510502 14 6975
5403663 84 4930
516935 15 3361
654306 18 4048
17024337 24 8489
2369866 73 2464
29227659 53 8019
125721 73 4326
2021818 76 2410
13352068 7 9926
45385 3 1725
1 45 269
815957 86 2952
21104879 89 8170
7984895 61 4294
37055581 12 9690
406120 65 8690
826038 67 1224
23188326 20 7968
269689 73 6335
17880935 91 6954
28699639 19 7973
1 68 3018
2355085 26 9074
205444 45 2742
439686 73 9097
41255 4 5887
88183 40 327
359311 48 6147
91587 71 1739
380537 60 1659
24386341 86 7884
2935262 90 4983
780520 47 4929
6788545 45 5886
5251279 80 4515
408 62 290
27025418 54 9917
695005 58 9981
383090 63 8103
35635536 49 8467
34712026 66 8656
446362 63 894
3374590 38 3372
2951 77 9802
8903508 74 9224
34940137 39 9017
39159155 29 9262
738674 73 1583
45065 68 8525
4651 76 5584
9133656 4 9972
1859827 57 2100
13768 71 2040
1723118 46 7359
113085 83 6107
13191747 36 8942
472403 79 7051
3731386 1 5663
608887 12 2649
261224 60 3936
28519 55 196
2705734 71 5208
16119110 86 9070
8091731 59 8324
41620 59 497
7833046 46 8814
9125669 26 4348
2069322 12 2105
1422326 39 1884
69457 67 547
7337724 16 8565
16456292 82 7497
5718999 17 7964
1 37 929
2868096 81 4973
22020117 92 8249
41692365 61 9780
7014386 64 4334
184796 9 7679
25430 20 333
3062799 35 3380
81308 25 2739
16915184 61 7520
1022648 53 8160
7783343 4 3881
3971605 22 2834
12742384 78 4948
38712 87 767
4544619 82 2930
12374 70 199
2908632 23 3947
26863 43 211
8287307 84 4992
13703596 86 6548
24613132 65 7396
160114 88 2880
31976380 77 8699
24167673 94 7559
20220588 11 9248
909 16 8963
75928 35 7658
19651319 94 7005
1660109 28 2676
5697105 17 5009
1 42 128
100651 9 8092
5628327 31 4819
46445 75 7773
2912173 46 4978
268195 26 1641
280 78 93
281523 43 9976
1097141 98 8642
58764 60 7072
13102554 51 9988
976577 72 3637
178053 56 1174
32367157 90 9348
53365 71 3827
5189712 80 3385
494127 83 2505
144186 69 2901
4841654 17 9571
36495857 60 9943
8561 95 3469
20680330 20 9419
224786 39 2496
2387572 34 4022
1139205 73 4737
445706 10 5788
848101 27 4284
5299489 47 3769
2838041 92 3597
11676843 23 8662
311848 6 9849
7670225 93 9331
1 95 9823
1780303 43 4526
3937564 88 8496
1367860 42 8591
148803 70 3254
7107168 34 6616
1135514 13 3873
13583582 68 8681
190866 93 584
13425352 51 6016
5870056 25 8164
1 60 517
47945 67 959
2104341 71 2780
142731 40 5004
1935802 52 4356
353905 100 1082
1866460 92 4964
4438120 99 7914
92442 75 1495
1198796 1 4268
3221268 55 9975
1033126 78 1922
2632280 13 2247
1176486 97 5179
391278 24 2016
1 81 4013
190181 60 9098
3033711 100 3542
801007 93 4364
2289134 53 3849
43503 42 6843
13281343 27 7819
19923 75 769
1794661 62 4382
2106453 17 6419
175691 81 3261
1003405 83 1893
911543 14 5926
4454507 54 4047
3868655 87 9567
13040722 61 8584
844937 24 4339
21546686 59 9065
3738583 48 8013
857242 53 4062
143186 94 7397
6001794 67 4125
8234736 25 8182
12076293 51 9051
78912 83 897
1080499 3 4438
95471 24 4479
18266713 93 7779
364920 35 824
260632 23 4675
551264 98 5678
11898375 57 7446
35408158 68 8418
8664283 90 8256
6278353 23 3774
9851565 39 7234
16696949 15 7848
40673 95 1923
2870899 31 2751
13879999 2 8812
499874 25 1301
17488909 34 8497
17327186 97 7571
17438357 73 6435
1329753 82 2428
3863855 79 2933
156296 47 922
4434094 83 4965
1381080 15 4379
1 93 330
8688 51 192
6183380 70 5473
1 97 6743
6352407 75 7452
5392522 88 6517
15803391 88 9444
11564533 6 8523
3760818 43 4370
88901 88 415
39418318 67 9657
1360034 42 1647
4208513 20 4974
135793 30 786
72573 18 1904
2535487 63 5889
139014 13 4230
1348047 86 5935
2456685 62 3686
32949854 73 9297
671819 97 5397
16756 4 4612
31472062 62 9479
929290 16 2232
121975 68 3440
7171 86 1858
8013536 92 7990
10709805 91 8624
6094617 29 9637
537869 51 7452
7971 37 878
43374535 61 9412
110 65 3179
9459007 12 4571
4032098 90 4325
6615173 55 3721
2521370 89 2386
34429512 68 8986
7483081 97 6960
3010912 90 6741
6247799 27 3846
2010871 65 2779
4535734 38 3506
12007767 16 4968
2527899 99 5654
41962613 20 9380
10505062 62 7553
20462 95 2172
2539969 7 3562
6190575 22 8825
3790641 35 5436
44666785 80 9949
1 75 1785
4160769 71 4648
15197232 80 8728
7396563 75 8384
455869 43 1562
24750242 71 7829
17340914 54 7852
5288597 35 5029
823065 26 5586
10369098 45 7603
8336063 86 7525
63090 63 303
206917 70 5268
12441274 86 7721
720172 33 3593
816937 23 1307
10666101 23 6590
3171876 56 6843
6143436 54 5667
5779 76 174
1611 21 156
44231 35 2365
174228 1 7103
19925006 95 8551
4000710 99 3315
54516 50 4327
3146027 69 5396
4118880 36 9178
8386 55 3265
457576 52 6513
20458433 43 8346
2367673 94 5142
34857232 17 8692
41423 64 2597
19451383 61 7775
771 57 239
14150544 75 5820
714540 35 1899
164337 87 890
7696304 10 10000
23370827 33 7928
1 83 3489
13717537 96 5582
21755362 5 7274
163713 4 3940
4116718 27 3428
3409994 41 4502
1212257 78 7568
2356241 41 8486
109984 32 4015
12933431 7 5654
4582151 43 7489
23615439 7 8508
5225765 52 4955
19565162 86 8007
57350 64 1346
9896531 45 4764
3718824 72 5257
3329681 12 7657
100860 16 3925
1443215 43 3227
732410 20 3770
132327 51 425
134765 27 643
2267 4 1108
6368195 69 4065
119643 49 5923
3469738 72 2558
5832432 66 5852
8858025 28 8288
372841 79 909
4639003 65 4740
1030593 32 8625
3633 40 1855
5100374 92 7900
3434093 72 7179
73916 54 495
18639 56 617
9582532 99 7236
29429 63 2340
5622118 49 8515
3296210 43 8086
1994181 55 6308
2961 8 8481
327318 89 3561
1 62 310
146383 78 1128
284015 16 2042
1992603 87 3393
254614 77 754
62986 71 8577
94052 37 4227
1470242 84 5715
35443889 24 9041
13856063 34 9684
1894015 80 7175
403524 64 3849
9040611 20 6217
373133 68 3340
129594 15 1200
10790106 86 5401
6008265 66 5937
6220 31 1843
31191278 85 8705
19268249 40 6358
8026925 94 6645
8133515 31 7202
2946452 89 3894
57862 33 1393
19451955 63 7530
2532 42 3616
378907 24 5368
38885564 71 9691
3590492 13 8178
22767981 88 9145
417354 52 6532
1521556 89 2865
57684 73 2258
5226496 47 3784
1579022 49 9049
23999085 63 9178
1539170 53 7765
693119 75 6823
5995748 71 8063
367270 18 6702
53714 81 1527
18472681 68 8531
24084636 90 6871
5995775 45 3443
2621670 65 8175
1010428 91 7931
4570479 4 6896
15353992 6 7411
38211487 21 9996
16891510 9 9630
130813 32 6336
8784459 56 7919
2096017 39 5348
5279268 8 5087
20371219 57 7601
12545026 13 8515
3664119 3 3967
3061511 2 4493
4135419 37 5875
1708262 84 1781
45481050 62 9854
337035 36 5441
185996 99 3377
3542486 3 7703
1220 8 456
4975103 64 3572
165741 40 1500
1959637 29 2104
152026 75 2239
28036228 50 7990
1195408 88 8214
731090 98 1652
2627920 84 6878
5053 22 212
5706475 9 5368
123245 48 1525
309060 82 9077
6916133 91 4399
13179319 45 6799
1063 21 217
17018051 42 9678
1455517 39 8714
323887 45 1359
13648819 7 7882
1027395 54 9389
35304 43 5396
66097 79 2363
3334046 43 8343
43472 33 5148
208938 99 8653
1609939 15 2847
2088082 89 5521
7913428 16 4484
7104072 78 3733
5252743 70 3669
115929 2 1750
995068 82 4678
1 65 4576
7535367 28 4067
493906 68 8260
3884323 12 3350
1219395 7 2995
1394721 75 6308
1 98 6359
903228 58 6000
14933343 79 5512
10876221 46 4779
1443233 30 3876
9355094 38 5441
9378397 80 9011
3820343 36 4146
514911 92 5051
16511691 73 6938
974409 65 6365
6839536 49 8199
19 30 2118
112361 64 2220
312470 26 2622
1 9 336
279333 7 4981
927146 99 5061
2862543 37 3955
1813128 22 6441
987 2 4666
9705238 22 4493
87014 81 6730
165472 99 2989
25589976 87 7315
7050403 10 4498
5786059 37 5569
8978 25 1319
3357608 36 8696
26975828 50 7542
1134826 6 2472
3313027 45 2857
27722 8 4669
36233108 83 9721
68278 15 939
2894315 64 8228
1960420 58 6108
94598 29 637
37180 54 2286
33951130 80 9390
707818 13 1108
5174763 13 6327
47841 6 640
1095104 45 3138
2103247 11 7929
30586094 7 9267
3409742 80 5243
4496700 11 6767
273848 73 5634
5684585 19 8401
30743946 44 8769
306933 19 1072
4001082 22 7660
8423363 45 9699
4522499 59 4131
1519059 40 5952
26222865 6 8858
67431 90 573
25298857 23 9758
3531611 9 8097
44252337 38 9826
2399112 100 6330
50118 5 1610
183229 78 1636
4754371 40 4097
2039673 84 4770
6736966 88 9980
550935 96 7933
3119214 91 4345
6585057 57 8257
24274896 9 9975
98363 21 427
2877422 1 9971
16202539 83 6257
1256861 51 2527
497379 52 9083
10029746 33 5931
84670 73 3052
1202645 51 3226
1754871 66 2611
998488 26 1341
6873184 80 8907
664 88 3649
8921 94 245
34839872 90 9684
1146739 74 7283
1492511 45 8149
1305456 32 3963
6019377 24 4168
7150616 16 5095
4587470 57 2942
254404 38 6491
5251159 78 5626
5777188 1 3485
3015427 82 7964
137837 40 912
7192111 45 5737
2093196 63 2553
21790 21 335
9620019 41 9331
22636687 100 9733
2170550 99 3372
307443 25 3683
2278726 62 3304
5288389 71 6418
6969829 10 4396
15429821 8 6281
949053 95 1772
1539543 92 3024
25147290 72 7634
16811611 60 6062
2052549 21 2557
1228 13 230
24754 13 840
8355161 26 5801
2247509 62 2726
4928 4 1211
18789791 87 6444
82680 12 1003
29636 84 2985
348521 64 1314
2719928 84 7895
6471245 23 8814
634994 18 2302
636614 38 2881
6272 62 3305
2887802 2 7962
16773580 26 8985
965117 63 8957
24075625 24 8642
885605 57 6156
18587452 31 8082
4848211 89 3122
1147070 51 4669
2711234 60 3745
12905 72 91
3942330 77 9749
34732 31 453
19849762 34 6535
17410193 47 7901
102373 1 586
26744056 94 9813
233692 43 5754
3698790 62 6916
12418119 5 8662
232381 67 5178
98469 75 2461
8691202 55 9926
1473526 13 2284
36330 58 196
10215 51 372
20095920 77 6850
517458 69 1590
34145420 63 9837
197588 27 5178
45600 53 470
693234 29 2078
5968601 94 4209
15652481 94 5568
54772 68 313
4225904 87 6922
1563964 6 7825
113743 2 3393
2030734 78 6501
567900 13 2461
5923523 16 4288
1499316 85 2459
2715190 97 3429
59780 18 9323
17150 23 1680
1647701 1 5776
261398 100 6986
7840929 56 5066
114255 15 797
3527883 90 4285
26372 49 594
3681968 64 4722
20416276 86 8525
571738 37 8950
35626328 66 8392
219721 67 9361
24421 16 740
517166 56 4591
286049 61 4294
2040781 71 2724
948077 2 5091
256106 78 775
2797791 20 7831
6450570 59 7602
7289 87 4316
456307 98 2018
4131261 72 8639
18791376 49 7054
1550611 27 4753
967001 79 5360
1862738 49 2819
521496 86 1590
3971855 55 7780
2423359 98 4986
43262941 67 9427
1771935 93 6913
2281293 22 3432
109820 13 1079
1503616 77 9114
9780059 1 5575
8032756 76 7220
301943 15 1470
5353 81 3879
114049 1 1364
10653 78 8069
10486981 25 5443
28782749 8 8261
1351923 23 2312
2864494 9 3640
21041437 22 9306
4563699 70 4959
928014 68 3327
1978223 82 8295
120263 37 519
434132 21 4099
3706277 43 9759
18438406 78 9787
245094 23 1960
1875793 90 5772
44054 40 399
191753 43 4557
5564765 55 3890
1348337 57 1865
8395728 10 5563
13045848 77 8836
13780 5 6936
1637624 34 5061
56019 16 6330
5610515 30 3655
1030738 6 5711
15515477 60 7435
908288 34 1266
3649357 42 8412
61583 29 298
11509102 1 6036
7571859 65 4189
1531183 64 4996
2056121 65 6312
2018655 85 4575
21720190 34 6862
18535 19 309
11940566 42 7607
1356490 86 5844
57469 56 1090
17627946 93 6273
1 66 1435
292398 66 8886
4597616 81 5262
19974265 70 7739
891949 43 1411
366859 46 3145
534561 51 1660
2414994 12 6292
2462874 58 4023
15432694 86 9877
20909 15 451
38586636 84 9620
15130826 22 9499
6570698 76 4430
105536 44 1729
22201 4 328
4481999 73 3772
6529528 61 7043
330997 33 3001
7477419 29 5603
11425 44 4997
72937 63 9586
5625392 37 3627
22270 24 1369
494961 45 1084
56931 70 3307
119345 80 559
1421102 68 7198
4945430 40 5274
454751 70 1053
6210859 99 5303
10513 8 321
15527999 66 9838
566428 80 8150
5893069 80 4663
21583537 1 7145
1301273 16 4604
293579 77 5211
19942 61 195
40021 33 1048
8252957 34 7664
9340821 13 7056
44828978 51 9702
195494 12 650
4093271 68 4073
6960 42 461
7043828 32 8889
128016 74 3287
13143416 33 9575
800 18 4451
741099 4 3960
1548283 71 9663
273686 21 2903
448725 92 1422
3767585 42 6511
5940040 79 9653
176010 29 4127
1404457 96 4307
200732 20 888
883764 16 2080
87504 56 3493
4634713 85 5160
11282074 38 8064
16006448 46 8296
9413752 57 8370
9481207 31 7013
115191 85 929
36796 17 3168
4184309 5 5777
4500694 75 3187
7463920 41 4617
2381976 91 2290
15834481 58 8374
8763286 36 4183
633025 70 3562
20850 54 1159
248478 100 4617
4177149 64 3174
15949077 63 7092
48901 77 231
15675 93 247
322335 95 2516
20781102 1 6768
1 100 5070
1930143 96 4651
482115 27 1129
20986184 82 8887
32490 35 479
13032069 13 6573
1130085 25 4863
1942307 39 4099
10815586 64 8090
3773354 24 4139
314243 100 1139
1009872 85 5048
1526136 95 2376
8925 67 460
24693942 28 9938
722609 53 1702
16797732 64 8483
24377388 87 9382
3617286 52 4094
310329 80 8707
3173552 76 5499
3127 28 2945
6812921 90 5198
3435657 64 7625
1773550 34 3210
2189452 14 5035
179082 34 1949
501511 83 2184
1990778 73 7689
1865132 49 3111
1465163 98 2054
101771 18 3575
3890615 99 3702
637669 12 8715
196136 4 1904
11214229 12 8925
5653860 61 9517
10160209 69 4541
57944 97 327
10107827 83 5320
4623276 22 7289
13242701 83 5437
73267 23 364
711309 83 2973
70009 95 7218
7221828 82 4220
124135 83 3553
1008289 88 2427
9311594 20 4603
373164 88 922
4526 27 5098
24413608 56 7547
3058652 80 4689
1403605 28 9207
288281 14 1432
7050611 75 8529
29932 5 3736
15457989 11 9521
4450782 10 4783
7020734 6 7129
31641 72 2198
7641403 72 6641
52498 39 728
14470660 80 6092
8670546 67 4424
3931822 27 3031
2275186 35 8346
24413387 35 9680
1032569 94 2756
11567924 71 9305
2793436 40 6754
2664793 7 8211
12927751 58 7267
4077762 11 3270
27454 35 836
2734864 85 6233
50704 47 9810
1069910 4 4627
1114290 64 3354
282380 62 4277
6442159 10 6146
1102875 54 3828
1336912 10 7267
14088 5 3179
561503 99 7962
9109232 77 4228
9069006 58 9568
1214 85 1907
4676369 38 3560
8407461 21 9466
3051698 21 3631
15556737 94 6892
10577690 46 7506
1515399 38 2470
224859 82 663
6440756 92 6641
6186748 24 3740
255502 100 3382
117871 36 1078
312149 12 6539
265991 58 2782
63873 60 8948
3343124 63 5934
2773948 36 3469
380566 68 2817
5009 41 4080
1857252 81 8398
241617 44 4257
27681685 27 7573
11836914 17 7164
27680709 34 9001
6875344 67 4632
740786 83 3022
6816976 72 7374
646 42 757
26272890 96 7344
27746033 77 8361
669565 62 2502
3756949 30 8162
4716847 85 4739
61790 20 828
30237 14 961
3667 59 643
7601488 100 4969
21567202 15 7619
6280232 19 8271
385930 4 796
47178 30 6525
15337 3 4724
1383931 66 4578
21071848 50 9622
2192846 77 3750
9558051 98 9227
41027 36 4061
7428274 94 6043
239326 70 1466
2307636 94 3051
10373693 31 5489
286087 78 3223
5908332 66 5681
2003718 14 4162
250854 66 8917
611384 51 1362
883217 16 6937
1165379 80 8672
2194249 31 4190
2589983 61 7362
1881167 68 7253
1864619 91 8177
4147910 67 2796
11252978 24 8042
545632 53 8730
4756782 36 8897
9267307 29 9776
5127523 76 5018
403 48 420
5091992 49 3112
23192736 77 9013
60904 13 597
1183486 7 6538
154202 96 2996
11332 25 387
3167357 33 3883
1045 18 2593
335160 88 4044
73139 23 3224
3075095 87 5671
570732 55 4568
3126 86 4430
44337 94 7687
10494832 88 9675
88923 9 5625
7667019 25 7770
6753089 9 6233
4168322 66 6749
8791360 21 5065
4664 9 1381
1130283 23 1905
6451998 72 8851
99177 64 6287
10120781 58 7825
58219 37 5771
5444777 64 7804
36983 6 420
158672 30 467
862117 96 5105
755080 33 9330
19476352 48 7101
15805 5 3062
66033 10 2809
202423 74 1083
14906174 73 6194
3258830 24 6833
33912 27 1187
2813351 99 2687
77706 9 8253
25481324 56 7700
1241 22 1379
1712968 22 7677
751834 76 1301
25725022 37 7173
6539177 60 5190
13239477 55 8079
11709826 71 7331
491379 3 2664
18390 95 145
2869916 63 3505
1410576 19 2934
2454670 81 3360
4863192 55 3908
402 63 166
6828263 26 8367
1274549 43 1813
22545108 47 9617
226083 82 4508
4199476 77 9222
13339 18 740
40205497 19 9427
1 41 115
1 55 2398
6667888 45 4153
305919 34 6766
812738 81 2112
345648 79 1088
10020431 16 5375
2855645 91 5000
1137352 30 1508
20748158 35 9755
4510139 53 4150
1526980 17 4703
1046988 19 4173
8147 70 128
16789565 73 7345
9797552 61 9180
706129 75 2274
26847 82 7336
12052 46 2144
466684 74 2341
1165050 19 7994
8372078 93 4188
3048887 35 5974
34992 33 227
2647446 53 3006
9637952 8 5259
1137820 61 9945
13489102 82 6194
192743 92 5096
3201851 1 3979
17606908 19 6089
1382746 19 3752
6960 54 4317
4550021 51 8717
749606 28 7225
27613 69 586
517761 13 3537
48072883 54 9764
11571225 78 5148
1847441 69 2976
412985 93 1800
2998390 31 2589
80723 61 5096
135250 85 1177
689113 50 8106
11027653 39 4707
10684516 32 4932
317619 46 7455
3309568 2 4794
6409112 73 3805
15596806 34 7771
973804 29 5689
10225057 81 6258
30653 1 8050
2359513 59 8400
17121377 82 7676
5980436 60 5552
9600837 63 9165
3119702 55 6625
206567 69 681
1724530 18 1829
118192 2 3486
14649495 99 5723
170035 94 9361
1818843 80 4548
3081196 16 4383
3410415 89 6762
544791 46 1762
1105370 46 1849
570333 71 2592
8352351 74 6422
872775 56 2605
30970025 8 7872
4159 39 194
277883 16 649
307506 90 962
1056776 4 2638
39980 44 1007
5504320 73 3374
341665 32 5183
666928 75 6077
1114081 49 1441
413259 96 5848
2905846 34 2853
29545127 34 9349
5291544 100 8203
95962 88 2040
12532281 70 5118
728007 77 5243
14441989 37 8276
1990195 82 2321
3212978 46 5061
3041894 71 3625
22216734 68 6667
29509733 75 7928
3108051 64 6236
1463646 56 1754
36723369 33 8657
2532063 68 7778
4280542 21 2877
5031624 55 8877
6004644 69 7974
1 61 3736
1415049 64 1911
550033 56 2012
272801 13 3591
1733365 21 6740
365639 43 2544
7362510 94 6905
5536275 58 9202
50317 20 1484
59889 17 493
2446037 71 2448
1 96 9554
69723 43 3234
2335710 33 8014
8024187 90 5047
4140822 40 3018
13975033 14 8563
3141132 9 5551
27008196 2 8997
2038370 26 2762
126122 66 3812
25031920 8 7394
4609297 32 3684
35659 45 1840
162491 73 4948
4589654 63 5382
3329142 71 4279
37387934 5 9023
5487571 26 5695
1516660 34 8234
24346311 5 7892
1560535 1 4038
4232098 32 3458
3356565 66 5669
477556 10 1719
1973488 89 8066
36905502 98 8959
2602059 22 6498
4278731 17 4220
5780139 25 5802
25922 5 3254
1723551 12 8819
14474006 69 7609
1283362 23 6044
2408789 29 3877
9091803 55 7002
282284 65 2611
1 47 281
14837987 81 5972
2377231 87 4911
5668797 51 3477
391284 76 5574
6088622 91 5091
46666 36 9409
592930 76 1183
740169 13 1463
4631709 68 3054
10939554 55 5047
3472660 56 7390
665530 97 6245
9269500 74 4675
42963 81 701
344888 32 2974
6280684 10 7025
1 46 105
5790281 99 8879
2665863 31 5346
12536174 16 8485
5780253 89 4187
11270004 55 5805
25319 28 4311
5532424 17 9284
8030648 86 9559
36336885 20 8906
676661 50 3614
215360 60 8273
15125660 93 5631
5194939 74 5028
819768 56 5690
14807158 58 6393
736160 97 5534
26872568 8 8679
1119371 3 2685
18053602 57 6384
19064118 31 7026
5913050 19 9091
3552581 69 4108
2266938 88 7884
3716944 50 3522
780356 56 2548
34469354 28 8455
415371 100 6678
29906112 16 8281
6315511 74 5151
27273634 27 9203
18443708 58 6446
10344573 3 6056
7724190 74 7092
8386955 80 6354
387172 97 2587
37523030 30 8901
15775 40 527
1552636 37 9140
1 67 1230
1808794 38 2335
306298 14 1164
1207501 95 5682
1214689 85 2029
25620308 19 7275
22086 75 2106
22718618 3 8963
6911 8 520
11684 43 3895
30283 21 4143
4805090 17 5537
11420707 34 5570
6913387 77 8352
24594385 21 8152
1 36 317
793008 63 1215
36926191 8 8897
185203 41 2639
1710770 89 8036
259392 8 1674
24177499 100 9007
692885 25 2240
1445218 36 5654
125285 63 4434
3767439 48 4059
233552 49 1069
45434 45 2020
2549351 64 4368
3998560 87 9713
6614233 9 4056
5268294 63 8607
4682323 95 5331
1473574 45 1908
13580947 36 6533
307413 55 2162
10063113 5 6276
2103163 99 5884
3903720 85 3993
3906387 69 7675
4546 47 663
13364423 22 5632
480757 87 5308
885309 21 7802
200931 64 2042
19115 8 8202
263039 8 1898
5904480 43 6872
1020073 64 9698
988728 81 2571
5622420 34 9080
119665 52 932
2950160 42 6530
775429 99 1209
10922421 23 4880
2939550 48 3575
269787 11 2983
770137 56 2599
6184195 78 8754
18850873 86 6093
2435228 26 7228
6916792 99 4748
6878536 54 4989
2530 45 1269
47097 29 460
17750566 93 8689
15021 38 998
971914 10 2005
347122 69 8228
692715 87 5419
1294185 91 2007
4586 20 607
36861 41 339
3931007 62 3504
7571592 73 9217
592028 34 6547
3554142 26 7861
62359 15 3183
11717403 56 9950
129327 77 9042
832276 63 1669
695012 79 8449
6339577 75 8366
1147543 18 2848
6812999 71 5915
51378 2 434
41586804 44 9793
52487 28 7601
483804 98 2532
17112951 66 7569
289325 63 1074
157748 75 796
42770 4 9446
407092 91 7711
22599373 62 8826
925506 19 7050
2196684 76 3147
178195 26 2682
3454490 30 6939
158310 31 1735
4464472 58 7851
3003776 22 2823
16394 23 2608
3055236 74 3699
321647 53 984
8289 67 120
97150 16 2695
143751 84 7505
4465034 20 3419
233237 41 4768
2328587 85 2870
6843898 28 6484
3007992 83 3460
2767010 25 3555
19172206 64 9102
189689 72 4373
10225547 90 5178
35092 48 214
10107 56 123
308604 25 1516
1810844 86 2346
110946 52 1195
272097 1 2027
89832 3 7817
296354 17 1288
18468828 57 6875
43490 9 451
1207967 86 1517
2508070 96 6015
419270 16 852
3093600 96 5431
904 39 1546
119243 10 675
96821 35 1655
98225 84 3635
5464233 96 4138
2215693 18 2224
14925155 39 8328
5817 50 2375
256869 79 837
5242025 79 5285
8239261 36 4956
3701257 8 4511
272546 30 5265
303227 81 6446
4766 86 4656
34599873 1 9473
1 40 877
1627786 5 3601
25915290 38 8890
538232 88 2293
1 48 2408
1778837 43 6535
27736362 57 9916
2779834 58 3352
3329781 64 5135
1 43 442
28813 62 257
3254 5 196
1755408 88 3504
16375056 22 5689
28479 6 586
26366967 63 7848
221717 94 588
67818 74 2417
4575384 77 3737
404 43 79
877693 86 2672
1485505 85 7561
4536561 84 3731
6042 29 353
9132598 68 6621
267995 92 6900
594202 18 1325
37138 51 338
266447 57 1553
1 84 105
424013 27 1739
7796 7 6418
4122763 19 3021
764590 76 2937
306025 62 3414
425648 65 4646
17565804 41 8361
32328663 18 9062
28993349 12 9914
5991485 92 5400
69796 14 2425
472897 98 8552
3876 46 6595
686484 6 1492
493499 99 1260
19458914 48 9359
2769854 14 5349
5843025 58 7470
2553969 70 4706
139284 68 7298
22881102 1 7348
21081525 14 9280
18197080 37 7489
9130 72 8418
13716113 65 9781
32567271 52 8100
21989896 18 9532
57036 35 1273
86018 100 1700
193961 7 8368
155769 20 2577
23571078 62 7155
14346865 70 9293
31967 93 439
46610 84 1080
5840 14 2496
8434044 77 7689
962643 27 2956
4531019 38 6381
25988 36 164
14251897 42 5819
90369 44 8216
191486 88 798
10836044 93 8042
5968639 86 3410
17 64 781
2123282 77 6420
3547033 86 4348
17271063 28 6434
191095 16 6611
554344 86 3511
7742057 5 4980
18230581 38 9091
6252350 56 4163
707544 69 3071
1380456 30 9571
4744718 74 7632
2136449 9 6782
9259806 64 4365
1222400 37 2750
11575 81 7050
400569 22 2854
9899996 56 5987
2823694 93 3193
2441678 79 3401
13943854 100 9344
1764976 55 6422
15807 22 8168
1 65 595
454230 12 3753
3018657 72 3192
16491797 82 6610
428754 41 1566
30537 25 6920
1382824 49 9795
6779006 41 5665
1 20 73
1793754 62 4757
356453 100 6505
1064 6 553
4441792 81 9893
11114247 3 6647
691378 43 2356
1294825 13 5915
4536928 4 8961
344934 20 4641
12386 1 726
1706591 79 3840
72086 47 934
18192129 58 5983
12135901 84 9223
9885 20 512
3353716 59 3321
491596 43 1807
55310 39 9778
1 99 4147
21678876 2 8829
473265 55 5134
14201 50 2107
7363 82 7509
20733138 3 6874
13919797 59 8943
13099 65 3141
32185 47 2269
22676337 55 8461
2624251 37 8090
7593292 48 9151
12308034 12 8248
123287 43 1091
7289376 55 4390
3278494 75 4653
1551039 98 3609
8561 39 1045
12693486 35 9314
1862699 64 2471
1984845 21 4378
556 60 1627
16896404 52 6083
19560426 60 8674
18541463 74 9271
7074585 47 4558
992306 21 3791
74 9 190
18780338 91 7788
28833754 46 8573
4769086 25 5909
2076692 50 7624
162022 15 2809
20242218 63 8652
8895881 65 4500
516018 5 1515
8232328 11 7630
774088 64 2812
2021112 73 4072
2082848 100 2757
4063539 19 2987
27910482 9 8258
1458846 94 3813
33635 78 6019
2597924 68 5981
29612781 33 9222
15461189 61 8785
28265 97 2602
1850305 11 3105
1380213 7 8379
628085 38 3033
972925 91 1804
952210 1 9345
955 43 2265
3629510 49 3310
663850 70 3125
10116569 98 5064
14855560 96 7822
29292580 59 8158
46835 12 810
1920234 4 4423
622133 78 1065
76373 95 5247
15327027 80 7660
1989 24 4660
16487533 56 7937
3871518 97 5470
3945184 27 6158
2139048 88 7424
170840 18 605
33324745 2 8571
461805 73 4467
1832366 3 3516
1449223 79 2224
15628 21 2991
2657025 25 3163
636129 73 1747
2956124 66 5803
7121 9 4990
2885903 53 3392
30655 56 544
412777 21 830
2221196 44 2803
696214 56 1498
759578 34 2453
3233351 78 4932
1 56 1610
6181 43 734
222855 91 8779
1166017 27 7015
148892 32 4634
15432206 61 5503
915699 5 2042
14410561 62 9108
1570970 33 3166
2805576 69 9677
13082304 2 5336
6405334 75 7022
962728 45 1706
206720 70 8543
1 64 1015
236758 19 8671
3571220 53 2796
6587280 98 6397
3296678 56 3559
4710804 47 5900
1314319 44 6834
937272 52 1325
12802555 94 7755
2239010 49 7082
5050 53 3059
7504608 84 5957
18720822 41 6129
17452914 4 9714
1 83 137
7471573 17 4184
182414 58 2048
2806865 80 3758
14604607 69 8701
1309787 32 9101
1844425 30 2340
7917914 61 4150
1327060 6 3160
5093440 37 7703
357777 12 8988
5014205 8 8548
5897863 86 7909
830349 37 7969
212513 33 7847
827148 88 1303
1 55 7279
1478762 2 3700
11549980 66 9330
12331960 13 9595
2293556 88 8040
334742 4 1537
8264 68 371
744508 33 1797
13912754 57 8047
5104911 24 3098
57841 92 843
80128 62 447
454523 45 1424
29547924 57 7614
7249594 95 9069
1115757 54 1915
73798 76 3173
1710469 65 6883
11121667 24 9075
21694 62 146
367754 95 2708
63609 54 866
10974 67 137
268396 40 3404
2331 12 4751
582049 41 1147
4607370 88 8465
15950446 93 6806
58569 12 2355
6378796 97 4765
1296249 36 5923
14362958 19 6559
26233674 77 7640
305486 14 5712
460049 29 2211
5829058 2 4579
1018889 44 2462
1735606 9 7076
25689290 80 8864
6182606 73 4001
4286155 71 8089
1 18 57
307389 82 8648
11098064 74 4803
718827 67 2380
2850 27 1136
1056353 38 2977
2251846 70 5148
50854 91 298
335 31 88
236313 95 1637
5857 98 734
14798777 17 7203
28882 34 889
28348105 37 8163
1876604 57 3432
4699264 71 8584
3617865 24 4701
273345 56 1762
3069751 45 5842
5723148 98 6015
960216 16 3584
319762 73 5597
10363351 17 7518
58479 3 3168
744849 20 3050
308537 83 2154
10053111 67 8721
19110056 1 7150
5206 19 3090
4305635 91 6873
11460215 98 4776
14581688 63 6693
2535027 73 7048
10095969 100 6271
1531021 49 2693
2045305 84 2505
844286 77 2799
145272 17 6564
1 31 37
271083 16 1595
12021157 42 7605
2297993 61 3461
216531 50 4471
22126549 45 6908
31543719 28 9729
10227131 22 4722
13411 72 2901
2948176 1 2468
1312921 64 5302
24866852 34 8366
340938 10 3009
1240937 36 2071
270145 34 976
517345 8 7624
49929 63 1789
3680668 41 6462
4287639 87 4653
627834 19 1434
929914 83 6809
36250 32 680
94527 10 1481
8579390 99 9718
5965944 99 8834
8041560 25 8627
11721281 83 5801
1985435 29 8808
11406456 71 4865
12748157 55 6544
3370452 67 2888
15275 95 1025
23175593 64 7948
5021713 96 6356
1 17 28
819825 8 5721
24357370 9 9305
1995827 20 5821
1523846 34 8597
28532939 11 9037
14711311 7 7660
715424 24 1234
5592 32 173
12274439 30 8694
46408221 55 9691
691074 34 4111
55748 52 1621
160498 24 5046
852129 45 2212
520641 11 9326
1440720 38 2420
16932 64 414
482684 16 3695
5662468 99 4072
31875819 29 9654
8419719 62 6537
15998106 47 5866
26747747 6 8591
453107 94 1185
10096257 91 6077
12035544 73 7274
3257240 38 3326
6204083 29 4906
7395531 72 7655
1325478 80 3446
4705443 82 8597
9023937 52 8852
349857 43 1037
2626708 16 4874
1 65 198
219910 83 1260
101363 51 725
13695951 87 6525
41882468 54 9339
44750745 30 9403
9572 92 612
285330 61 1139
230519 92 6523
1231544 41 8831
398672 95 1340
3619938 62 7162
1544 51 3843
164641 44 2496
16781058 80 6049
18176557 89 6626
315278 19 4404
18994963 25 6654
462144 80 5023
2249726 54 3871
571839 38 4230
27989605 63 9349
8468230 36 6548
1594423 40 7913
1134841 93 1623
27131 55 8249
5358302 3 7750
6404737 26 5792
2102274 91 2663
13343804 98 6272
3117123 78 2805
40266107 100 9284
14466488 3 9507
5531846 40 8089
21349 34 4036
244975 32 2977
19080185 87 9335
149720 93 990
4971725 90 8113
12376583 50 5138
305683 58 7388
792815 6 1925
9868273 78 7158
13717223 57 9452
23383969 66 7957
40632 22 2356
52688 100 2867
733411 64 4454
3140695 3 3082
24793895 13 9771
25274 54 253
6057 9 4927
5866 87 3210
8731556 51 5952
5611048 13 4081
241418 90 4305
286933 68 998
7742464 66 5563
28709 74 3181
198695 5 7286
209688 76 6734
1619787 73 2812
750685 89 4308
553135 46 3810
224498 85 587
1453678 81 3294
40323 61 877
13382932 31 9048
33295485 28 9738
1371683 87 8752
8350632 67 9180
100035 78 635
15884822 39 6177
11959 91 2747
2296827 100 3985
1 47 4275
21004030 25 7969
4051221 75 9666
860031 88 2355
109264 86 5596
819198 13 1765
5296500 31 4823
25507 84 998
78749 96 3404
3747371 96 9216
15519366 61 8423
13996748 41 8435
11235322 66 8341
1002419 95 3485
2562526 67 2698
5116541 6 9445
17772258 98 9968
23293522 58 6849
13441983 29 6894
27121340 98 8398
3830796 46 5714
774446 65 2657
190526 97 875
200492 46 8573
1866690 93 1890
118009 100 708
13342263 68 5516
1 97 5453
4501585 41 4260
83042 10 543
256744 28 1353
13781973 25 8320
5508465 99 7437
991526 100 3846
346166 43 4831
1132468 9 2313
22250360 1 8551
1495371 76 3178
7018033 94 6180
16917038 78 8090
7763 78 6290
670458 12 1724
295111 88 1034
25043535 13 9203
8484394 84 4600
2853240 65 2380
1593904 89 5752
31139 87 1271
366849 43 8960
19540 44 2002
47996 53 1232
8026622 44 9856
3681286 32 2777
11301603 90 9018
7737887 95 9115
1 92 617
10836271 22 7774
1133807 24 1944
408303 25 1443
4806218 31 5242
44267174 33 9569
122107 82 719
7763358 40 5864
326742 40 2365
619733 69 6241
208129 28 1966
20828156 89 9121
14756744 27 6342
2438468 61 5332
1662681 31 4651
525813 32 2002
59735 14 1349
32679891 72 8710
116335 8 465
2687601 85 4204
5338846 86 5252
15830 59 5830
115237 63 9102
850149 12 9319
179730 7 829
2265899 27 3267
71854 32 4614
55006 2 6165
1510630 90 7307
9627585 2 4894
2911117 52 2671
23680986 74 8449
1390105 31 2425
5131032 86 6965
21309978 30 8018
43860 74 3096
5105147 26 4634
1086710 52 1794
1254299 69 4389
2971580 95 5330
4964588 60 6240
809763 29 1845
1187710 91 5675
2768709 64 5107
359994 94 1355
1 68 789
3594393 81 5534
523623 10 3754
2591 36 1714
7014706 39 4216
1249 37 3280
969270 61 6098
401272 69 2570
12376025 9 5229
1873876 57 2517
2120977 49 4100
17110994 77 7242
7476053 80 4100
1627053 76 3469
5935435 35 6128
5714391 88 6605
1470247 81 4043
4345320 4 5253
23720505 52 8775
8406505 70 4420
10754559 7 4653
736819 66 4492
8154376 8 6284
634228 20 8801
5240949 74 3454
5024310 8 3201
652049 38 8108
108433 12 5150
538678 7 2639
24628771 54 8630
2953983 65 3233
16495348 90 7702
28617735 20 7874
243470 56 4605
855030 25 2242
496639 39 1954
2109431 26 9316
10646077 91 8070
989753 73 3253
1041034 96 4838
773267 88 8857
1 42 1082
19879048 85 8855
1456702 62 2093
15348 75 1583
64369 84 8484
7037358 71 5775
8767560 14 6055
1339567 52 2111
223352 61 1114
577116 55 4044
451747 37 2587
1 73 326
29734403 51 8210
327 57 156
27878 4 3053
12359196 77 5075
28033 24 996
3315221 90 6025
3078 1 54
13634047 85 8033
2315675 90 4122
29859632 75 7962
490695 59 4026
8789132 88 7662
2760799 54 9511
41007545 67 9673
24124009 56 8124
61328 81 7527
2588542 27 5967
6305738 40 3506
23678262 67 8007
676855 37 3038
3992157 79 4963
102621 83 773
43111683 6 9996
323847 46 1195
1276713 38 8919
2554698 3 2589
12186 91 2478
36720246 82 9863
10153627 67 9160
580735 6 2913
338946 48 1793
15045307 63 7244
28898 93 859
20170872 76 6753
12907581 87 4981
256764 81 658
14178897 75 6252
1255153 57 3246
6257026 51 6374
4282670 44 7631
9609344 17 7515
3127927 28 2539
37885105 18 9290
1295518 28 7390
2113 70 1584
37183727 58 9116
8688 79 1577
158610 21 8093
553583 50 2444
15833241 89 8308
13185 68 2237
954724 34 5945
3742281 42 4663
25019 73 5237
5701911 77 5828
3678072 97 4438
6017883 96 4620
7801 9 4016
739622 99 4018
1242045 92 2874
358442 26 882
505353 91 7705
7140119 96 8081
25517210 72 7049
2813465 40 2572
235315 15 5913
616071 43 4116
858588 83 9959
22346928 72 9610
8887281 85 6462
14463 44 8859
44288 32 983
3148706 45 4714
950947 11 2823
5522211 88 8273
44155 41 4993
1257484 91 3568
23727951 8 8328
2104269 97 7842
3202757 62 4406
863701 89 5091
170944 62 8970
7457549 99 4529
978796 48 3553
461183 42 5560
1889053 9 2487
20538686 19 6464
382440 52 5147
791081 19 5659
2318093 70 5296
235539 80 5212
1075109 45 3149
23595 45 5623
1748866 20 6987
27888510 83 8720
2911713 91 8093
1797268 89 4186
17854 31 2824
82794 91 1930
2266842 52 3510
16669767 31 7929
23704852 45 7799
326551 89 3922
1030404 38 1808
6520547 50 9441
5321598 40 9564
202733 26 1648
2291368 94 4978
41143 29 388
2522292 62 2302
10503340 59 8560
24293548 54 7408
6299504 63 6686
166472 54 9038
5594157 1 6078
1 100 8944
71850 83 424
1 75 7916
300352 61 8187
3010398 70 3876
521468 4 6518
171261 95 2537
25215649 19 7423
20150 41 584
23479757 36 6972
12325003 28 6442
1900621 70 1882
228125 20 8085
5248663 60 3642
15284447 27 8230
6453876 21 9560
5769841 29 6072
892011 54 2209
6813292 35 4816
16872918 27 6010
5898304 73 5957
12324735 85 6070
3021334 90 2853
8350 35 4588
281843 63 3242
100458 13 1827
5337225 59 5979
94470 62 3086
5455587 75 3610
669295 40 2596
7176 79 360
2475691 23 6009
21994 39 1776
6750890 57 9524
3574455 71 2598
33574 22 1661
25359786 74 9013
1846308 63 6768
32308213 37 9494
3175918 6 9271
37710811 93 9477
9742604 29 6251
35607 41 768
2740297 70 8555
788929 77 9995
27186962 99 8660
18895050 3 7573
257113 73 9511
3972027 13 4785
2606502 89 5426
24861596 52 8616
16316098 90 8092
41781 54 1001
11726728 33 7354
100134 89 5836
1 29 1239
23864339 43 9104
7758789 18 7800
21187312 67 7386
30443093 99 9340
2622405 83 5452
1340339 48 3137
21923664 55 8956
10995196 21 6022
5619764 98 8393
29764101 55 8437
76682 51 2397
56590 40 343
7254326 35 4360
4207824 9 2980
891473 66 2818
436820 6 3314
37408902 64 9062
15622 78 6174
60082 15 836
139693 61 4193
6055651 54 4746
2432322 12 2755
10903835 65 6625
140644 4 3616
1030056 52 3613
10967716 44 6224
39730 94 2903
1082933 59 7367
4407578 82 3552
7317 62 910
36056591 80 9405
4877562 97 6610
627400 8 2552
7183372 58 8987
19994006 42 8676
9647156 42 8802
63281 6 2212
2452816 46 3076
16872819 86 7274
1 99 254
6070953 54 5062
191667 67 4748
2715364 47 2331
2031111 58 2426
11987572 92 8436
25290404 7 9509
8405830 79 6967
389875 79 2238
1682362 93 9298
3597549 52 4703
136592 72 1167
3999464 30 4869
353 31 3225
189989 62 3175
22702985 62 9796
6434525 77 5741
398298 65 6230
211229 80 690
306084 22 690
727188 52 3214
13007104 20 7796
1975884 48 4673
6138946 31 3912
24017614 84 9866
7822655 41 4980
1504044 82 2632
762490 14 1943
1551247 67 2509
1710584 66 6765
4797386 30 3223
3695536 48 3745
6799080 47 3793
8549442 78 6801
1629968 55 3017
67895 72 2149
1497396 74 1891
431753 4 942
32303130 77 9813
173538 3 5711
3356590 12 9871
5264922 85 3797
919890 51 2974
34760912 75 8366
4947875 86 3488
819207 22 7811
726643 47 1317
19630 52 4312
29317441 88 9639
132097 93 5972
69194 31 3446
12278916 20 7892
6946 19 1967
1565375 100 2182
1566341 18 1777
172314 35 2144
16858527 84 8913
1 73 1060
6815805 10 6013
903226 72 3134
711878 12 1159
8233809 26 8847
504114 16 4868
107542 65 817
15783503 86 6358
23539 30 1077
22113056 84 6655
6207083 64 5253
5076704 55 8437
673727 26 7957
1996834 56 8141
13855666 13 9499
466799 71 1702
951202 12 1506
91238 29 3978
1188758 94 2158
1928276 90 8393
20253890 17 8279
104182 11 707
31191193 32 9329
25941957 31 7293
13770099 8 8171
46691658 35 9815
315817 98 6717
495529 64 1175
5133159 27 5492
254054 79 3671
3928520 84 7447
17619050 45 7602
9054061 78 6844
15204601 41 7006
1910696 80 2387
25917733 68 8198
11232289 55 5383
670361 75 4201
22719171 64 8129
216397 30 917
44735539 44 9835
611787 49 1182
6872940 92 6634
972817 47 6275
6229 36 508
2037531 94 2491
2106989 91 3992
11851 47 3658
30476 66 8337
1111015 54 8148
1053213 21 1619
6172061 11 6970
184066 97 7112
19936629 6 6704
1960320 5 4479
6196953 10 4857
388474 79 1074
1365698 68 5555
866 90 8414
310223 64 1260
128867 99 2609
2340382 85 2640
3859111 50 5421
1558603 44 3865
251339 37 7826
4701053 38 4629
34989 28 6013
1501280 64 4800
2645497 65 7914
527403 46 6626
173239 50 2276
2315117 91 9868
33599478 6 8564
14889454 68 9329
922142 9 2858
237912 99 1552
368048 77 910
405559 63 867
1938128 46 2808
183755 22 3637
252049 44 1719
975019 1 1390
4920261 66 3914
518617 50 2583
5081742 96 7111
434882 22 3977
18506615 3 7918
45683410 35 9478
8140135 4 4283
1786587 90 2126
38732 68 4213
26056 78 1510
245159 100 704
192 1 2921
8229 95 159
1910585 32 4501
1239853 59 2979
13368706 54 6103
542692 58 1559
53617 86 315
111 92 1322
188907 94 1847
23194334 55 8573
8858472 56 8937
3569350 97 3806
497279 82 9758
613120 24 8293
8494772 43 4249
125172 47 2090
7843289 26 4517
50003 74 242
1937132 58 4576
204323 25 982
4157684 72 4365
1557675 63 3688
17043 82 233
30997546 44 9959
6980536 62 8285
194796 9 1322
16971 8 203
3681078 90 2794
85281 84 7191
601877 91 4432
4503070 49 8316
21779170 87 7322
22191814 94 8031
12960837 78 6445
2952015 9 4141
464411 36 1525
5829509 62 3930
784552 87 5047
17153782 65 6436
552294 42 4666
1987 87 2508
1120596 16 8710
47648417 74 9737
15036153 97 5565
151552 6 1253
678134 14 6148
19442794 54 8973
6440962 17 6399
812154 86 6209
1446334 7 7789
20894 77 942
1653058 10 2912
502812 21 1065
48707 68 3122
199993 59 6839
237364 73 4068
1025289 18 1617
2124100 62 2252
194196 51 7462
8425703 2 8156
1988404 30 5849
5705207 93 6308
709271 9 1771
1501921 70 2216
259637 15 5753
146972 72 1321
6669615 96 8884
4760449 77 7685
56500 46 468
1307455 77 1788
27345 10 4614
32728 20 2130
50972 15 1883
728081 4 3466
30556287 25 8345
103753 1 1026
610376 97 1246
1078332 51 1424
24120173 74 7591
4171252 55 5170
14712016 14 8524
5216685 53 6370
1 70 3306
15612758 28 8102
5608681 36 4582
13652218 8 7517
2330999 6 4809
1020048 69 2650
17514486 52 7425
608933 81 1485
9374084 98 5677
3139630 81 5539
269216 75 1992
285273 71 4932
3081727 99 7609
247932 95 7344
6219627 7 4015
18164432 14 6015
261896 28 1236
11723308 85 5657
166799 40 5135
67981 76 1826
3597517 10 3192
443327 49 2840
10955078 99 5891
162688 63 8868
6087535 7 6226
117559 42 1221
5340932 54 8686
2793920 16 4738
207242 93 2578
22672830 40 9991
1303168 83 9442
3460987 27 5293
1545142 5 2646
2378908 4 6644
810310 96 2778
1857053 3 3305
1761568 16 9331
1878074 32 2024
10708627 65 5278
3247411 7 4112
2709044 76 3365
5252456 93 3708
76927 12 376
1 100 636
159647 48 9852
8676420 21 6246
3684741 55 3067
18950 46 6131
259394 23 3162
51000 26 646
762851 31 6382
1061671 98 7532
4416348 10 5426
1474038 77 1980
2171027 63 2146
19821416 96 9241
9379461 87 4255
253053 29 2789
1852670 74 6985
3509957 11 6149
6936812 69 4346
481468 58 926
6971 6 4023
2417683 93 9586
33707 88 5690
10511576 40 7967
6977 32 7749
2223782 16 2256
1 74 8133
2280859 92 2692
69672 77 4241
1120494 3 5730
9109364 66 6188
11728 26 321
74896 81 507
130539 63 8560
14200 82 2876
89236 99 1185
13798636 38 8003
1260594 22 4077
5270089 91 3215
164644 97 5431
1034225 63 9690
92866 93 529
602924 65 6220
265074 37 4151
385045 88 3173
934377 89 3628
427489 51 3769
48726 82 2451
4179541 22 3519
8572891 47 4965
2731 48 1589
136123 40 729
35034140 74 9144
5625935 24 9734
1768757 72 7947
31552 61 639
1482746 27 3230
557 16 5540
10861656 61 6524
3963793 65 4058
6006268 65 4888
1684822 84 3535
429845 27 1556
13921 65 7220
2102666 17 2270
1265288 70 1605
194916 23 7737
20582678 5 6814
8057644 45 9845
1935 72 166
5139316 44 5467
43932 60 1099
18250533 79 6304
23312584 85 7992
1450759 60 2051
471559 60 9113
6568968 64 6019
459269 66 3394
918820 30 1910
23673695 23 8554
3932 87 3894
80480 75 547
32492 83 4011
2296504 1 3911
1098048 46 6989
4382470 20 6657
2412 79 4941
7750 81 139
17736797 38 8248
767712 9 5989
84776 94 4146
3415399 93 4589
319162 29 3617
23662 42 1644
9128592 56 6233
230769 17 4009
10352172 4 7242
2252271 37 4910
557351 68 1860
2812155 94 5584
6310 70 578
4302480 32 7839
6059313 11 9604
7756166 36 7397
18876596 98 6208
4957958 44 8350
508645 61 1759
34288777 44 9660
53774 22 1032
15299092 72 9776
18886265 26 7822
275 12 1679
22355229 52 9076
148495 36 9991
4319185 41 4977
8151691 95 8691
2106591 7 4908
571215 94 3474
1280106 90 7005
1604438 65 2264
2045446 18 3695
38161 87 9523
1279890 64 4600
19665725 8 6982
10297678 17 9408
2030008 76 6138
6435429 4 3757
5967696 81 6679
6574890 73 4640
19037593 24 9758
2266837 28 2098
33578519 96 9441
71324 26 9314
134829 84 489
13329119 91 5534
2931838 48 3754
19440534 75 7035
4500429 65 3490
586568 55 6722
2415924 58 7306
9674 72 4907
55151 71 4266
5835482 99 6802
460098 42 2370
38882 57 279
1727988 57 2019
1255694 98 1706
5315232 61 6872
1616538 55 7073
2466654 21 2291
20980580 20 7532
11896386 52 9877
162775 47 1762
12350181 80 4964
1270835 64 2255
2531192 88 7364
24162029 30 9248
8824953 28 7571
5632208 56 4939
839969 10 4208
2890126 37 3768
132762 18 6909
30514 28 6407
2425698 62 6196
8732805 86 4860
1223310 59 7087
1391696 80 5811
21783513 40 6938
473434 53 5155
36756317 80 9782
727156 71 1547
86535 53 2173
29663014 7 9180
12316200 54 7545
253247 8 2923
371370 80 6563
156012 71 9792
2999881 24 3647
275846 45 8797
3731555 39 6727
978152 75 2118
2095276 79 2758
109476 58 691
26380 48 2854
10146253 1 5979
10163857 59 6114
112742 26 4536
14849808 55 7174
421360 77 5093
269 70 8737
142271 30 593
33227953 35 8157
5914513 48 7046
14634388 54 9463
4663676 28 7293
11261319 51 9508
18195880 63 8897
3020906 63 9255
6163049 31 9417
1303681 56 3338
5394784 2 5594
5549211 45 4279
1563677 51 7408
2890570 56 6923
16715485 92 9112
7412750 75 9619
5020233 40 4943
254266 85 628
1307055 37 1990
1806774 70 6583
26312980 65 7909
1050653 57 1458
311463 94 920
7032633 75 5433
2675537 87 4803
7340069 38 8556
351084 30 1975
17494199 72 6767
5390918 53 8494
1198257 13 7035
1184721 31 2184
1342 19 3776
228383 12 7583
10903179 55 6088
400286 20 4821
4038560 18 6506
869516 32 5017
17834984 6 6905
2948564 46 4814
2061520 74 4348
589719 20 5964
491081 27 1093
1199280 21 1849
52751 48 1162
6774989 50 7568
149119 44 1058
1046618 66 5058
1096994 72 3082
4345 83 4987
155761 21 983
229163 71 955
2463044 26 2640
16078424 16 6512
1112600 20 5221
1657045 54 3789
12243571 55 8509
1494363 73 3277
602239 74 1319
14284176 83 6201
15193686 84 6137
4172033 85 6617
8277585 22 5797
13752763 75 9555
589876 72 4502
2549253 93 7439
31115871 71 9056
9327803 92 4652
7730 75 168
1216782 10 6708
8677159 28 6278
490927 74 7360
23052276 39 7176
3270779 24 4869
8775300 35 5891
5739310 89 4090
1400716 76 7117
35158297 71 9917
2228047 41 7896
35131067 56 9882
10978243 42 5597
2288514 90 2253
114434 90 6254
6050798 63 9244
71008 17 1598
2735593 57 5548
289857 10 2704
17589437 56 6287
778912 70 1797
23814817 63 6976
977517 88 5446
2716415 23 3054
1730649 81 5475
69606 61 5267
10173 11 198
1276901 99 4625
555802 24 2003
42344023 19 9122
305568 38 7301
9932552 25 9669
1247885 46 3905
879144 57 1564
3312624 34 9233
309728 77 5804
12477302 16 6253
2611388 59 4411
1 93 2815
4124351 61 4935
18486 39 825
1586775 31 2690
20274786 19 7510
15296749 41 5789
28186979 26 8713
704173 91 9069
2271 56 62
6964502 100 4286
30459 58 928
1895910 2 9472
557354 45 5403
1417530 65 4861
19512115 88 8818
3394271 64 3432
2116 55 355
10483896 23 5306
28655 25 5701
1677136 80 7061
521706 19 6035
28288335 95 7989
3272753 44 3643
6981302 52 8641
21376728 23 7853
128773 44 6694
13737 41 79
129629 8 2481
1772360 80 3675
135751 39 632
24353292 57 9491
1684153 10 5278
39216 10 391
5431492 90 4125
16537351 29 9872
13982863 93 7389
4929001 7 8852
100297 34 621
8529081 12 7128
1 25 5033
10347863 69 5634
1437246 45 2680
511461 73 9268
7819043 58 8685
1199556 71 4585
112247 56 2256
31864 53 6913
3818971 33 7646
11519870 48 8619
1 79 978
3969833 60 8138
115065 48 904
856242 11 3853
1370271 76 9906
1070438 90 3476
4471029 74 8319
1783711 81 3465
1190758 8 9986
4191681 56 6506
23228786 10 7653
783756 12 9820
7490045 54 6249
5195713 94 4109
3209917 84 5315
1181125 48 7932
31585416 59 9652
44270572 65 9686
2091965 49 2482
1213436 58 3267
6770644 1 8087
429253 25 4935
35377392 34 9008
233797 97 795
11032805 10 9781
15828028 37 9090
496941 42 8719
281046 50 1594
1973566 81 3142
965965 61 6922
44963 71 227
3731342 64 4231
1960653 77 2589
193702 13 1665
21506846 60 9855
7016791 28 9494
1550491 29 3460
542175 67 1038
1394 86 877
2710291 60 2713
2860 56 259
529576 50 4103
2583503 21 2984
4315 19 3233
16296225 60 9806
8418659 35 6735
120594 28 3060
7724 6 261
1614651 70 5786
253686 82 3561
156293 64 6681
743543 17 1956
9601 41 4290
251687 16 9126
12451251 81 9908
1230090 79 3695
8566500 72 7336
1253148 5 4671
34728 49 359
67886 50 2273
639155 26 2822
3542998 64 5426
2205 30 997
14737860 42 8791
1617 59 809
963719 50 1796
261083 39 1933
33933202 25 8141
606790 56 8918
47572 33 7158
371192 19 6460
818 4 2034
273686 36 1107
617541 58 6270
23250450 94 7970
3267284 17 3696
12752419 66 8752
19781 24 4923
1 44 6239
8622885 80 6367
4552372 49 2945
8375580 41 8952
3331996 45 4348
12006547 76 7200
41974 49 7223
14774408 19 7615
125262 96 498
57762 49 1469
6564 54 1626
409532 1 2834
55769 43 357
53445 41 482
4334345 69 6561
233221 59 6413
43223 71 7678
6529 49 2589
1 82 2629
26595500 79 9440
24554089 5 9212
32744591 69 8155
1818891 58 3037
12167876 57 5441
20700177 66 6582
2722520 5 2532
28420922 12 9846
33934493 35 9198
1248154 46 1807
875 31 123
2171274 81 3786
1752132 13 1990
4065231 68 4472
7167245 77 6664
5812235 36 4242
1722719 39 4357
10770478 58 4791
3248954 77 6079
14511100 19 8683
12798113 12 8938
2422020 70 3849
4970661 76 8464
2827401 70 8883
1560611 12 4937
77588 72 1295
10977 68 2170
8185751 54 5878
58068 66 2096
280631 35 3739
48649 45 1247
6232 97 9497
31160545 12 9589
1 43 2960
1910765 6 3373
190086 34 2862
250344 59 4596
27240 23 140
3958 49 115
10078020 17 5374
1 91 905
4001706 77 6148
1966430 51 4279
20321279 13 6527
114644 26 9224
1503978 100 1875
8515781 39 5761
373043 21 5474
2489655 35 2212
2345151 20 9092
228005 99 9998
4634544 17 4544
1517983 54 2641
766483 12 6308
2606676 34 9236
1956063 25 9972
53317 79 480
18039 11 300
2127206 56 3193
2334015 88 7676
485614 62 1367
337128 4 2409
49135 66 299
122749 4 4010
7436956 1 3883
10032819 43 5132
5964928 54 6296
716397 84 1466
7982 90 881
34743907 65 8318
7032831 46 4691
8735216 19 9369
47220 87 246
7574215 10 4212
21964740 39 8765
26334871 14 8458
2431579 73 5096
373903 90 1660
15847968 80 7645
5088271 21 6555
10178301 66 8643
244621 13 8161
6495181 81 5051
2214658 14 8449
2114 73 8699
5063762 50 6944
11988531 11 5436
4884914 11 6012
27247540 20 9734
7654337 68 4456
7876078 75 4313
9161624 90 6254
1982 13 95
20472 67 3830
14341473 39 5364
647804 43 3497
15385278 48 6297
9221983 25 4203
19869233 53 7358
37157172 1 9955
206196 78 925
6111964 40 5451
1612288 75 2746
1704302 89 7270
36288655 69 8924
4489119 1 5832
654671 36 8358
4961888 46 9470
159892 68 1253
194766 80 6482
801007 92 3762
532683 47 2333
6393368 32 5977
6459086 31 3844
19632072 4 6347
704736 74 5915
480435 51 1054
203982 25 4913
2038153 66 9463
15082582 69 9239
768268 11 2478
155436 45 1738
2291994 17 4434
8269331 28 6996
7833514 27 7491
18630679 53 9577
7199619 16 4607
5340493 50 9735
1492955 96 4943
48449 55 2188
22077068 50 7309
1354928 35 1582
309706 33 7409
279234 10 7570
1453099 31 5114
4383304 19 6784
2468967 94 6175
2104608 61 4355
560406 45 5493
92222 40 755
70575 48 3170
1049368 86 4930
26460531 49 7303
26215443 59 8016
10229883 77 6478
785926 85 1811
24997 100 274
134037 30 421
1051032 36 2211
12598939 29 8100
2880044 27 4143
21219 64 930
59255 90 628
611718 46 3448
11021189 20 4933
7659617 13 4864
2478529 8 3583
5598881 38 4732
2787369 67 6961
13993719 56 6518
63868 20 604
1066943 81 6949
110316 87 3586
108395 42 8027
124637 99 7295
689304 78 6874
3135511 75 8438
835 19 388
8370389 93 4551
9510952 35 6890
7933888 18 7084
156567 25 8168
49548 90 400
928491 80 9861
1640164 68 1982
7663959 4 6758
2080679 40 8181
1 36 1176
15501189 77 7410
2936636 46 4793
1802014 26 2385
3807395 27 4468
123691 69 1632
20504409 13 7393
5147 20 4060
760097 39 4756
27503100 73 7708
134 22 8459
1345588 76 2891
1085111 6 6209
518046 71 3121
8581621 61 9731
61006 15 1546
735425 37 4931
19522405 13 7052
13093738 80 9557
134724 61 2710
382896 72 2093
5469 3 2837
39203981 86 9404
2881421 99 4683
32245 53 6233
6858593 78 6807
1 80 1259
36632402 31 8821
127113 32 2204
1110110 76 6554
84249 12 494
63085 19 1923
4093799 81 3445
1 79 761
12324974 45 8020
3226541 65 4894
17770 9 1448
5075479 76 3934
3926680 95 3479
4125901 78 8856
1 93 581
30210844 8 8927
5302324 6 6805
10525975 31 8478
12395101 75 6074
9037445 64 4763
18402117 56 7549
6415920 20 7703
930414 85 5157
12101969 90 5273
10901575 30 8754
399123 78 1370
2434154 28 9300
219876 11 1396
4769139 78 4251
27630146 14 9059
7747 84 203
161288 18 1282
9708778 55 8857
888020 66 1360
20460 51 7411
648351 23 8266
684647 60 3073
1563314 55 7028
8437847 37 8728
1774561 7 6464
1731617 83 1940
173719 100 9231
989498 84 4624
2226503 13 3838
28332388 91 8113
28167225 51 8844
3766721 1 4596
32900311 94 8604
11736764 48 4864
5257064 32 8627
17250991 14 8363
8617 95 3832
8802309 84 7612
456821 100 1122
1302246 53 3933
13153202 27 7289
8561222 67 8898
32482247 35 8201
2519397 97 4623
355895 67 5679
509671 34 2324
1775193 87 8785
6368742 22 4712
110690 50 1940
23388024 99 7255
3099841 13 5458
26356238 46 7799
160557 65 6657
4246424 100 8870
27797131 6 9991
12960675 23 6315
3638358 70 4265
22245394 86 6823
296534 33 3726
133222 12 2034
183335 33 7866
11945 70 98
364121 58 4573
1512044 41 7791
27249314 87 7827
7349086 21 5049
535256 59 7883
1697101 63 4742
2452801 38 4804
603887 77 2752
7171558 25 8210
1978050 26 7957
193883 69 4685
2816851 49 4291
53408 9 6010
3005645 55 5291
2718737 9 5549
43555183 61 9561
244687 23 1221
11554112 18 8632
1 88 915
10594282 91 9981
4246921 4 4648
1555836 42 1858
104783 59 561
2363 74 760
8121279 53 9945
40998183 45 9488
986529 97 2228
1213176 50 2524
8553 50 2721
158798 69 1120
2339561 10 2473
8151104 11 9472
3630370 53 3293
8896715 91 9425
2940582 17 7689
8821350 42 6742
515649 1 5557
3030652 65 3273
904528 11 4243
13047665 26 9935
387917 3 799
4187061 34 9132
219712 20 677
467751 38 3897
5641519 20 5239
5304386 79 3767
1403824 40 3345
4299957 100 3051
44624576 54 9575
7992904 80 7026
3356 29 9054
274354 27 1346
5564895 71 7238
26697 91 1903
851743 24 1516
871516 41 4347
11326877 17 5851
16088926 12 8432
23502474 3 7752
8867559 70 8419
4589868 59 6369
15979833 66 8178
5112357 37 3528
141765 28 3142
8204807 68 4710
1 91 400
279962 41 787
409116 100 9193
7739284 26 5297
4688129 17 3135
7308850 78 4228
7708919 89 5729
133782 50 4714
19266612 42 7265
7793685 48 5959
7937518 75 5065
11426131 22 4945
5136862 7 8340
7418762 66 5037
30171050 39 8201
10943441 52 9040
4428753 90 6984
63538 2 1626
228625 88 2885
7764131 45 4784
1 70 1200
2393551 21 7057
5407241 70 9060
680806 95 2323
51524 94 2957
23029701 50 7694
8339222 51 8022
19521519 42 8657
301564 43 7278
2020 36 709
489610 23 8462
3089444 100 5435
497661 91 7501
4898316 24 4771
750477 55 1401
34889955 51 9158
150774 71 5813
933956 11 1304
3789562 83 3454
11808967 44 5337
1743293 99 5567
3287259 40 8009
551217 88 1725
1134488 80 1804
8082848 13 8171
2322 34 5453
12238040 39 8368
1 96 1382
7083736 33 9654
1014269 49 7708
494669 66 935
4729175 16 6833
7498997 36 7093
797531 71 1616
11370807 50 8758
17476484 20 6130
44615055 48 9513
859199 84 1910
1 92 2025
1819715 6 5678
9093863 32 9325
3413 28 156
98942 26 783
23502219 64 7832
4714978 63 4552
153099 45 8821
8101295 82 5836
24636039 78 8963
34449097 30 8275
3496675 63 6030
3254933 3 6335
7564946 68 5523
6239364 12 5446
96326 79 552
22459 78 526
13327807 21 5564
6907763 48 7815
2599605 66 2600
588282 86 1613
78565 89 2547
3408264 81 3174
1182709 64 5776
74805 60 505
10839220 12 9239
34577209 44 8669
170445 2 832
5369984 53 5856
2743164 54 8411
6161460 39 5818
495108 91 9413
131541 32 2869
43448 72 251
19156337 18 6611
277227 44 981
3169577 81 8297
13457902 30 7128
1159307 40 8089
1907330 30 7047
1306 44 70
6210 27 64
673829 42 7405
19031241 44 9174
11480069 45 5814
7189191 24 6580
2442390 41 3575
15133615 46 7836
34825 60 3196
1929946 5 2329
1 94 3783
30142 27 9677
153178 56 1029
22790998 63 7803
3715 68 2783
570458 61 3433
14062774 16 5990
3788598 29 2843
176676 69 1019
63291 89 1062
3402966 68 8186
4499946 26 4627
1857373 13 2895
2832369 64 3412
20106266 77 7568
6246536 73 4287
24770029 26 9212
70315 2 3343
5195113 58 6223
234251 78 6451
11909877 24 6960
5056433 37 5963
136355 57 1904
21411 18 425
646036 79 3028
953616 10 6933
3174304 98 3487
3056142 83 2766
1 83 3870
981175 27 1761
1099279 45 7597
1 52 80
1267818 65 3530
254995 39 813
86150 78 3030
507717 38 3881
92936 61 2280
27018441 28 8973
2355197 95 2359
21990436 48 8391
13845214 30 7508
30390533 61 9331
862117 12 2850
4472048 89 3277
8564853 51 4980
1471 84 3047
4811104 71 8625
29097 37 7922
47594 34 8377
12685341 71 5617
10546246 36 6236
2388495 38 7363
22353179 63 7261
944950 83 2521
111150 51 909
1565895 72 1732
1511971 34 4485
440596 37 8137
298261 89 3686
3100984 39 5462
22039143 65 7283
426975 70 2295
58645 46 7733
45032 37 518
6818 46 4594
19999196 66 8062
871633 61 1466
15157 95 1164
8006 56 693
5465822 75 4081
2427865 60 2837
30747428 90 8403
28293 59 3054
1042397 20 3768
166997 49 815
277393 37 2097
1 67 669
7970944 17 4850
2675807 57 3948
6785980 65 6808
10735585 49 9698
23930581 2 8922
39319 24 758
10257619 7 6960
611871 23 6758
21570 51 7167
217420 71 4375
3980508 36 7056
1 96 1173
818229 50 3758
71094 60 2880
3056056 7 2795
10154178 17 8551
1349919 71 2581
953519 17 7892
120304 52 3993
863651 10 7573
577668 67 4994
123197 86 892
9448926 17 5520
6888535 51 5909
8983211 74 9108
102928 89 3871
9027076 5 5760
2273966 38 7818
152912 18 4520
20708 57 4938
200275 81 2074
188803 98 1206
244339 55 3104
36156092 12 8526
179686 84 6223
29014159 38 7681
20011407 89 8206
3650253 48 5882
19731313 62 9779
7294994 65 3833
344408 65 1848
4571786 18 5214
54803 3 1082
29626 52 4192
26179 36 8059
2188166 69 3090
1746315 71 4483
169874 1 751
23744085 82 7351
5029530 39 4060
11337110 84 8299
1350641 80 3038
650610 25 1296
2225766 58 3375
10051726 85 6131
7017640 34 9818
17240615 95 9073
35823 12 3932
14200 1 5050
4017664 38 9077
2976566 1 6836
6184223 84 4240
2345292 78 9443
734886 34 8434
2480491 74 2828
12696906 2 8226
5567950 31 6098
3045703 4 3136
7423 50 1020
17654097 97 9528
540737 85 8735
2447289 31 9775
1288345 59 2400
5091959 53 3468
1051 64 2016
1 20 238
1613695 60 5544
16843001 2 7726
10835240 55 6216
4085968 89 5301
56630 42 3567
1464423 29 5522
18996685 53 8887
20038 78 795
146707 36 6770
157672 95 1280
1059502 1 1633
5097208 27 8344
8523460 61 6434
2312338 23 5731
293636 32 2122
826336 86 6459
34046246 33 9664
8591 56 75
33389067 7 9196
1293491 68 7142
10643503 93 7547
119952 45 5225
20979164 81 7696
1931713 86 2204
891374 60 6896
2620791 97 5204
13201174 37 6047
544839 2 1436
924 6 57
87384 72 9062
392302 37 5801
1385990 10 4763
19342 74 146
10453734 95 7384
1453613 58 3907
13987900 63 8102
26263 71 5563
120021 8 2820
24991107 21 8175
1127270 79 3869
5362613 66 8604
7138527 26 5662
2365232 58 5009
98324 91 8448
1918253 1 2320
28784201 100 8589
35377324 71 9484
1831755 73 4891
29482061 19 8020
8520628 45 4251
3463843 41 6683
1 23 1953
2881 87 219
11337720 3 6641
63662 19 2761
1701 34 2395
100085 99 4233
19522756 73 6386
4614942 96 6117
574045 60 2697
13927511 51 9431
4197495 4 4502
19718797 15 6423
166320 95 628
6350992 74 9899
1 86 6693
4678147 16 9841
9316204 26 8345
231533 34 1205
23156781 51 9449
3215232 30 8655
11753472 40 8921
172078 84 2858
281843 13 9253
20723 93 1012
755118 96 6320
1136610 40 1970
702340 24 1698
16089172 84 8979
23358194 71 9746
990593 2 8474
16405397 48 6203
33168728 99 8731
869592 33 2211
2218198 62 5515
5657021 32 9856
40099102 39 9229
23411178 49 6834
1017233 36 8179
1447586 74 9415
33316598 67 9734
1268689 13 4773
96072 54 1100
39490 50 8188
4629026 62 3231
21631 10 7564
319175 43 2638
31620 18 594
347223 71 3849
2081271 45 6175
3629 56 453
499951 33 8024
22554012 81 9640
2988859 71 2637
32294996 70 8356
8325184 74 6758
15175132 33 9044
871633 87 4348
12208955 16 6257
3406200 39 3731
2690081 17 3802
1211 63 5364
1966080 98 2887
122211 82 1704
1233685 15 3174
468792 89 8747
2862855 3 7704
1208027 86 6071
691332 22 4132
8142059 36 4456
16914 27 3048
208670 4 847
1956144 79 3695
1 51 116
701071 12 1487
130732 41 913
165146 14 6229
2965408 55 4484
7200836 79 9249
481389 20 2139
10158613 27 4945
118010 2 2819
269095 50 1216
10463404 37 6174
4437 37 383
10475259 11 7063
3244407 16 4974
8475435 97 4970
3555538 38 7174
1707206 96 5151
6471 74 2370
13040 92 1076
3430376 18 4757
31824 7 627
8397126 8 4441
8211342 90 6373
8733034 95 6675
563583 97 3438
8852756 49 6260
23320324 37 8909
804686 47 6336
14881986 27 8273
23302198 98 8291
10328321 99 5441
126074 58 1144
7268700 39 9002
3649183 91 3842
1243393 1 9728
313804 54 7563
12633694 77 5349
2822684 11 2519
13498738 82 8383
22950841 64 7295
1451237 84 1902
1356484 16 7207
15949616 61 7924
2844324 96 8505
163115 89 1089
51816 75 431
1940710 66 4967
21469 85 1547
4215272 95 7566
11687052 69 5362
13673 82 1316
262212 46 1353
1035812 36 3019
1053550 59 8848
33096106 83 9766
1265827 47 8971
242114 9 5345
114451 20 7614
10181767 74 4574
8827723 64 7045
78607 16 9354
1692423 95 2032
2560308 88 9593
16101536 26 9517
18835036 81 6049
5499734 58 4835
164169 26 3723
43273 87 3878
1991684 73 4174
167938 66 2623
5176523 39 4389
700945 6 2499
16951142 92 5919
607852 77 8473
1299847 3 8787
33743791 33 9854
4943 48 1424
1309 3 9047
167214 86 5200
1283204 5 4960
6368752 8 8699
807235 18 1378
3050636 33 2444
79217 95 4841
245298 70 7936
10230630 74 6788
1330539 40 2748
338519 90 7397
15162883 91 8521
7731207 81 7098
109314 51 3695
2269951 79 7598
61958 30 703
3103746 66 6190
77083 7 430
5868772 25 7922
2601176 7 2816
3623952 17 8698
10180723 79 8804
8256681 42 6759
1066720 85 1397
131106 30 622
15932034 37 6328
7410 14 4376
141927 27 5553
7091319 98 5930
77495 40 395
131382 74 1583
13819102 54 6735
327197 86 9788
798270 71 2999
1052423 80 2053
26503162 63 7293
27128233 19 8539
86902 52 412
4063626 48 8935
6134491 90 4748
2161784 33 9951
4159325 73 5914
13895 15 105
715711 81 5909
4413065 84 9110
440572 25 1103
1 88 2116
639368 97 8564
62870 60 1788
156967 55 2934
10231 93 3095
4384862 39 4636
24083797 8 8158
4314145 31 4801
31075019 6 9881
1 91 3814
3337993 8 3335
4391359 63 2904
2997745 16 6454
5375867 67 6259
2384548 19 3349
224187 44 630
1040326 84 7316
3414738 69 3450
24096318 4 7182
5193149 68 9426
2863291 18 3302
25097003 33 9670
352739 31 2320
9375488 83 6842
3039 35 712
984 20 803
758606 35 7280
2605746 91 9224
2265536 4 7778
27 2 7112
3809474 43 3218
21260 52 8265
40685617 10 9542
722092 73 1223
12508044 6 5367
17584320 98 6216
4536150 79 9500
1123855 68 4925
4199834 34 3411
605537 66 4099
16750742 53 7145
717946 12 1578
392641 19 9458
295 8 584
256046 80 3789
7259688 91 4144
4828438 31 8045
117586 60 548
23959 86 1274
3988860 71 8344
58003 32 1046
5361199 94 5697
6224553 80 5984
9834600 30 9634
131595 48 1161
30066098 28 8130
1182680 85 6813
999641 45 3417
276966 30 2686
7986932 15 6408
5198082 38 5417
7256248 60 8897
35723027 59 9694
7696 30 6451
13652 37 3258
1154904 98 4963
49355 11 1833
17086671 96 6234
23193282 91 7578
3563940 12 3124
11519972 19 5191
3258320 1 5219
7064289 78 6100
4397229 37 5600
804125 92 1300
15362 92 8791
16323 95 421
1474953 69 2185
2156498 42 4405
45906 33 3101
227946 8 8061
483364 17 4471
11699507 88 7343
152422 67 6498
1 95 5379
33121 33 5689
243592 45 9152
810 6 281
597264 31 1574
1258577 40 1518
9129689 56 9198
141508 71 8451
4856425 83 7337
395464 97 2039
36976010 84 8615
4640538 71 3841
14139159 100 6738
1102330 55 4173
4964132 42 9183
4752538 45 5395
3313699 35 3616
39083852 85 9158
127038 90 646
293353 44 5502
26640162 25 7425
8823163 61 6285
270011 16 1630
23254626 35 9343
12527749 9 5350
2643549 97 2382
24612856 85 7746
7744 76 346
8295135 89 7538
205077 71 1472
1908 58 685
2568 1 264
1823311 67 2393
11137218 55 4909
348222 83 2901
212811 22 1917
1654933 10 2193
1499123 15 4501
4786064 21 3889
11026219 49 6137
2681480 45 9939
49240749 85 9979
1 20 86
246728 97 847
21745162 28 8900
5395101 14 4192
15870088 15 6091
32550638 27 9405
5285481 12 6500
11015306 94 6531
2367103 23 3592
16563641 7 5901
12236226 48 5933
442322 73 1545
1 96 471
3177981 87 9491
15264569 19 9067
304444 86 6985
13275751 31 5077
615718 81 4741
2339462 70 6877
16505067 43 7517
2952598 29 4389
91397 96 2286
7319387 53 3856
1552066 79 4053
2085655 82 7430
477510 62 1108
12187997 60 6217
3184332 39 4755
162796 34 5076
28900402 26 9587
136509 40 7221
627053 82 3285
2434248 47 6905
3919789 84 2751
1088659 37 3422
12757460 32 5158
3047913 36 3889
1196404 48 1829
2395 91 949
2119933 81 6565
20876218 70 9541
417361 90 1262
127040 69 3708
30504068 72 9703
14982 10 1408
100108 87 708
37770587 74 8678
25915046 85 9698
28870332 3 9118
326776 22 6551
385847 19 4042
2249082 5 4978
1020114 21 2667
824689 38 3421
11472 5 307
2155252 20 2542
9962248 21 6957
218633 57 700
11916648 83 8642
304782 21 7623
86134 49 643
6077885 48 9066
989254 80 3624
46725 4 345
509347 99 5950
2034480 67 2058
15709430 93 6926
10414 33 2309
1269022 51 3638
958346 89 1527
166317 62 711
3886271 81 4515
987640 22 4398
7566548 24 4783
9745 29 720
1819456 36 3547
12293898 17 8849
11975543 28 6830
42365 2 444
7029613 94 9674
5236715 97 4712
4979430 43 6962
5976073 82 4319
8247916 37 7563
2825929 87 3230
11675560 74 9094
15540 15 973
2915744 52 4142
28257272 81 7831
745695 84 2729
1108952 61 7632
299257 23 9448
873861 99 3121
24524002 12 8626
958701 43 5069
6348534 80 7339
4997627 40 3437
2555049 91 2977
63994 76 4932
2349582 38 3928
3113 38 5970
1927973 35 2070
1162308 71 1861
6348 30 498
16973265 91 6685
5113974 81 3439
6509431 45 6010
22100 63 9800
22379068 68 8999
4826857 55 3756
23248619 93 7826
191474 45 1099
1487489 59 4961
383174 10 9826
300199 60 4254
15130953 79 9168
60312 51 4593
4461545 72 3876
25387 41 216
120877 71 663
24571570 31 7287
4296483 83 6853
609173 43 8557
3289 50 2584
164 9 226
9766221 6 5595
15333357 98 8765
703161 68 3236
1098180 45 6019
1173196 37 2018
9727115 5 7719
3782049 91 3348
397719 35 3491
12968646 39 7690
535446 18 4965
36393 85 6578
47545227 29 9665
22470617 77 6728
16802 69 3424
788894 36 3315
8023086 11 5558
444476 49 7803
440214 79 2687
2846663 54 4218
1028816 83 2497
363232 16 4352
36466975 12 8595
2177475 91 6617
236 2 2010
6113622 40 5960
19847558 11 7407
7446217 10 9728
400234 22 9982
9940628 87 6392
80132 26 1407
14069211 10 8470
1263787 77 4649
9624835 46 8003
7513030 36 4448
13473171 67 8888
12082506 31 6715
23647923 10 8500
9366492 86 6996
183230 62 1791
14447601 44 6163
6590796 36 8226
5738766 35 5744
7253761 96 8717
9598967 12 7369
1460436 66 2987
9965205 43 4767
5545294 86 6604
198499 29 2224
12944212 52 7055
4800345 13 5440
1446681 64 3798
169017 3 3709
21033442 65 8267
1 81 645
36692718 5 8983
93221 29 352
25862894 85 9745
101491 57 1808
24342594 80 7870
449977 38 9926
8193443 20 7796
25185289 45 9565
4651957 79 5681
69645 4 3382
2567156 80 9687
1032581 35 2843
1512228 27 5349
4224979 96 8998
104446 67 7939
444513 76 8286
33764514 18 9632
1 84 3967
12398788 62 6666
605218 23 3482
24800728 36 8133
142873 18 589
38740 76 2952
31701366 69 8045
4858243 7 7248
4019811 92 8925
281042 14 2274
19973 100 153
1023279 89 1491
29866488 6 8451
75580 71 5319
104318 20 643
5085155 36 4842
3470507 49 6007
8982817 36 5283
8441 11 1856
1187738 85 5602
2493844 19 8735
726904 27 5327
1208 10 9270
47247 41 1475
5544780 92 7975
687557 81 7193
3716746 75 4123
3001664 4 3417
236442 66 7858
25356 57 131
9575 83 8020
4075837 47 3733
3512860 88 6912
15643 89 574
2013975 13 7234
753941 48 2254
27489068 68 8401
8006583 32 6914
9336659 37 8698
814503 51 9451
7503895 5 6339
4010037 27 5421
12361166 61 9390
10492893 53 7099
476256 27 2975
37448 100 552
327441 53 1063
25068 91 2592
3770277 85 8861
25516140 27 8769
193140 84 784
35405 71 1978
1672376 4 2409
3317376 26 8606
7467521 97 5204
81602 60 791
52571 6 1710
238441 55 1623
17830145 20 7113
648803 63 4200
1316543 23 5271
1161 4 55
5449497 34 6701
2963040 67 5119
298128 33 7049
40472950 41 9526
951103 31 3695
692864 84 1654
1207342 12 8032
106134 42 914
29212082 29 9706
435618 71 8663
161919 35 2760
131686 65 5646
8855363 27 7934
1313669 100 6083
285430 20 3500
2859155 97 3026
575922 83 3388
449847 42 2954
4045 86 450
1868260 36 8417
12132788 52 6529
153358 79 8356
15142047 14 6388
6362 7 5064
3661249 48 4494
339781 33 4542
153845 34 2117
194408 14 1485
3437153 57 8849
65914 63 4316
11760852 97 4924
8789042 35 8091
146 1 306
163343 13 4899
25605071 5 8579
9849186 41 5087
363206 57 1850
56969 66 499
1751918 72 2805
4819167 26 5570
11894862 1 9188
3853806 86 3540
429065 45 3174
261077 92 871
1290625 9 4532
13507204 34 5820
961630 62 1418
243156 94 770
591992 98 6618
2063 22 118
1885124 23 9269
7877181 39 5996
12902017 1 9083
430819 13 1007
1299584 49 4916
384608 50 1492
2275815 25 2849
71594 91 8811
363252 16 864
463882 87 6278
24589857 73 7047
192568 22 3685
8678692 21 5991
8701552 89 4685
3204321 65 7447
1269049 29 8694
10936436 18 5534
20246358 19 8503
334824 16 7715
1350587 10 2060
598061 13 1277
2854406 71 3509
1186014 73 2461
945783 11 2071
301074 51 965
15031402 99 5762
180603 18 2688
2385107 74 3224
2260966 94 2732
15688198 39 8147
138117 60 509
23387 4 4608
114968 74 2939
2775492 24 4766
6680729 24 4158
34487 55 1400
10462462 91 5886
1320639 22 1942
698197 22 1531
4116196 43 8671
1790598 23 5015
4544808 39 4733
45147547 12 9849
10671332 57 7616
11992276 87 7147
4998902 90 8454
6144575 65 4081
191094 66 1295
7139794 36 6566
6942947 32 9236
11396 57 394
3495139 36 4185
6093916 18 5734
2283459 99 3142
310142 74 2072
341739 16 3608
2715324 86 8933
2576366 98 9985
19854141 20 8027
206709 80 3962
1312056 4 9970
4661719 78 5093
2243248 90 4026
402789 68 6631
9241023 36 5001
21477 19 375
937924 22 3534
16569900 84 9538
246821 30 1664
1990824 83 3315
34697 85 5643
6603633 28 4696
4370636 10 9807
1032750 44 4051
6826226 92 9365
2709560 55 4598
3758180 35 7542
28894284 12 7683
12933385 38 9199
4298969 99 4510
566606 47 8390
28567751 70 8134
260668 11 640
144969 6 4810
10649671 44 4806
12101 63 896
26974554 38 7459
8859 85 3840
2759391 47 2744
20099 17 7171
1 79 988
8769989 74 6704
178980 11 6605
5488450 98 7328
2228864 80 4873
4407564 18 6931
4463407 12 4333
593916 39 4672
7906138 8 6542
22938243 25 7348
69282 5 901
1456602 42 2210
644721 95 3799
20911 79 141
23726837 59 7882
10354606 24 9480
3969150 83 4146
1251975 78 9338
28368 32 3566
13354975 58 5152
1 70 267
57183 12 4601
31737 5 2233
4788 8 594
18528577 90 8006
512198 50 6844
1 29 461
1430860 68 2390
3045526 29 4267
9903741 48 9224
37638 98 1572
1574893 81 4934
910121 69 8898
24489695 51 7962
9466686 43 7320
6138100 71 5399
40045847 44 9570
62482 6 7684
10890358 23 7989
3140548 63 8284
2216436 37 5353
20847892 13 6417
243622 11 3483
31207686 71 9602
17831 47 2913
4239539 65 5844
10797306 39 7047
9559 2 374
562612 8 2790
3430763 94 9332
1659795 65 8934
37104167 24 9246
7164549 32 7836
1659364 17 2908
11594382 64 6247
41019 58 242
115451 8 487
8255154 95 8002
5436159 23 3943
2399 26 192
432966 70 2133
4570610 99 5737
13488503 28 9505
1 60 253
139998 44 3598
821377 78 4450
8646230 61 4331
28294311 64 8570
1 92 2883
35562 25 218
368967 53 3801
1195842 41 5181
11723 1 745
41410116 25 9277
3656118 50 2816
14252597 54 5727
8879143 82 5618
787072 94 3099
102325 60 5257
9481378 59 7967
275532 64 1610
4771823 22 3176
18973900 66 6473
6770072 1 3857
4843428 41 5394
49101 25 787
2006180 87 2934
4900246 93 8319
243815 78 3944
1243431 17 4019
112761 40 1876
30033 62 4454
82026 86 9314
44107592 61 9732
3807738 90 6695
137598 61 977
8471871 76 8627
16063662 3 5928
3497572 7 6060
24052489 5 9579
246798 42 1787
888488 84 1269
5871335 22 3497
165755 50 842
94486 77 346
12930595 56 6949
1403885 53 4579
48769 30 279
12097 73 1574
1190982 25 8425
2137061 49 4090
371926 90 1630
26473801 26 9934
166266 85 1181
668593 43 2108
556876 55 2973
1846513 1 9641
1257922 57 2747
16000819 97 7145
1152764 14 2932
4489866 52 4535
2511951 47 3102
5618104 2 8592
8372241 2 4801
22191143 22 6715
14895504 21 7366
176034 57 533
33450946 26 8415
3136160 88 5435
2287353 66 2514
4428577 19 3730
317052 8 7555
19378565 42 7040
22264 79 3003
39215 35 2272
167023 9 6923
986646 62 6431
5702592 90 4351
853037 27 3658
1288279 10 8041
10080580 64 7218
5195403 87 4698
32802 98 8616
14383055 100 5456
5256906 61 4395
880086 12 7003
858073 86 7379
19956026 16 6578
1075511 98 4637
3492753 5 3902
75038 21 633
7516112 77 6445
38729588 10 8726
711143 7 1889
10701813 94 5897
1685468 51 7163
5268751 29 4038
52976 55 1861
1389 34 283
168587 10 939
15131757 94 7893
2506958 45 3525
147793 61 7510
1980963 84 9554
3085656 60 2920
1799097 5 8295
124408 9 432
66235 94 324
32619287 69 9214
197240 34 1402
220913 71 864
3470615 68 7120
15337 56 4925
400569 65 1740
6401 6 1745
81800 11 3796
5365 56 958
1497282 69 6631
20895 19 612
14019287 90 6596
428300 50 1388
18391585 14 9531
27830632 11 8718
13882204 13 6328
768903 100 5711
622591 3 1510
1163641 51 8041
31490858 66 8221
3119819 96 3655
15129304 82 8002
748899 95 2401
155996 26 1721
1371549 52 2118
6467812 56 7302
21639124 57 9018
10819138 20 9248
2606122 66 5240
9161918 47 4467
219143 78 1813
637956 98 3147
16961388 24 6013
763698 63 2294
110057 1 8242
9009324 93 7225
979065 72 5970
1 42 1421
72861 96 3265
536405 7 3066
48701 7 368
1718971 53 4294
32606604 74 9464
1279439 97 3336
296824 100 1272
9316 61 2959
5370541 26 5246
8274904 84 9018
3477900 61 4895
2584668 3 7050
21813133 2 7421
11836129 62 5263
1 57 86
379459 47 843
2372179 24 2263
89206 68 983
46374507 54 9896
9101731 44 5771
14328597 57 6473
393883 27 789
2165592 57 3994
1082041 38 5304
15645426 41 6847
192483 56 1789
2975 69 989
68638 72 5133
21329455 74 9791
3505964 40 4849
26116410 32 7422
177552 80 1335
956853 48 1783
2770900 86 3219
1904283 10 3294
2727207 10 8124
338551 22 1598
1 81 6272
103584 41 906
13996224 63 7291
4364027 11 4374
584476 28 4459
2965370 56 4657
4273744 52 2850
4843229 36 5650
439900 7 7453
16694216 24 8973
8543314 35 4061
102915 82 4079
20252689 92 9866
7265634 11 9943
306425 69 3596
4015290 76 5112
1021363 12 1960
3573968 10 8922
41345165 82 9277
123980 3 398
578701 98 6757
14348193 24 8609
13386 36 1519
427432 82 4928
26941 19 1850
14215635 45 9375
28504995 62 9699
1443309 23 3161
1284758 1 5769
6593464 81 8884
1678767 58 2275
7086563 20 4643
17639331 67 9732
724414 18 1325
19432195 81 9483
12144988 49 8558
130238 61 2620
210243 9 4434
992621 77 3988
1865879 37 2313
8385799 8 4261
7688168 42 7104
852123 38 1952
23280766 16 9812
2615982 33 3086
202121 60 7811
6213475 20 4361
2724256 70 4890
773210 45 7081
1 93 179
555100 72 1746
5826 15 445
5458213 29 4275
251623 75 1129
2760190 2 8523
25262059 35 9697
13053988 82 6902
2008919 7 7539
2034 17 5452
21080633 50 8046
11416087 19 7805
8779185 3 4677
11737504 91 6503
1707262 55 2842
8628216 95 6824
588312 37 1541
12523988 83 8141
7087948 42 5779
229038 50 4106
6365797 8 7242
1684955 82 3790
3665545 15 2672
18915895 73 6336
1699927 84 7628
206180 41 6254
2326125 68 4527
658120 80 1582
4806296 5 7545
11105855 43 6535
39140298 66 9047
14867226 54 5885
43690 42 9866
18690911 87 7678
2469121 41 6774
19591750 72 8615
262626 80 2335
45948 91 397
20922747 90 7025
328837 71 6848
485 23 8464
2909 40 1711
3986574 13 3139
79795 40 1764
660706 22 1562
4416056 41 3801
15156878 42 7404
24099 10 354
87876 30 9775
21007364 46 9838
1 34 435
11580496 62 9020
1292056 74 2061
12274 1 3775
3660346 54 7784
20533 75 181
10653530 47 8268
1679288 3 7169
14293526 23 9034
2438512 29 2188
21483554 89 8012
14109445 58 9689
16839986 46 6374
36859 33 9647
330162 66 3675
8723 56 128
263467 60 5492
3853 97 115
40801 5 5594
32943 11 1280
233781 83 1780
7464696 66 4264
10460936 26 5422
2981658 93 6474
4206216 33 4739
3969869 34 9239
10402873 51 5844
9764641 28 9878
10842 3 5691
1758143 11 4725
753009 41 8924
6110 1 861
282678 15 3252
2768 39 289
6854225 76 5373
665361 63 8547
6891866 83 5003
91298 21 4344
13315150 11 8243
16026 72 3005
72960 60 539
15068 48 5307
13286580 62 6959
1898534 18 5778
13304809 62 5859
11903588 84 5092
200321 56 988
12102608 14 5468
5739121 81 4945
17150359 16 8073
13076383 95 9649
4224982 43 5200
25208358 33 8385
385741 57 1752
94844 6 3825
21399 28 1810
2902502 15 2471
644015 45 4347
117701 41 816
26153223 99 8570
3306 21 188
273506 29 1335
2724012 58 3686
1 100 3310
561809 34 2268
3681349 31 7952
19567577 38 7800
108982 6 1697
11672476 9 6697
490320 90 3410
1196244 98 2408
24259009 94 7636
12579528 86 7573
685119 97 3546
13806144 61 9683
1489194 38 3320
11287960 63 8617
7845 11 813
3142525 59 3793
5578155 68 4506
99843 90 434
3116795 59 5517
237273 54 3779
1341327 47 7849
138209 30 5299
10804961 7 6731
5428843 53 4822
3423351 41 2922
203180 73 8962
93827 84 9019
13465 51 1715
19158564 18 7656
1916822 82 6697
11061168 19 6638
101203 18 1405
13451 14 1337
1222696 79 3638
5895591 92 6911
1469356 30 7419
16425892 74 7184
10023559 88 9389
1482740 19 6124
1829112 45 9454
845954 19 4939
2033986 32 3016
1616834 76 9178
55973 93 281
25063936 9 7540
784902 42 2302
2964365 58 9162
9628665 91 9428
8430154 47 6563
3841607 93 7468
5831348 57 9775
1190967 9 2648
14615193 79 5490
1330082 44 3876
17942117 64 6868
283290 25 7056
33027084 82 8737
1196245 82 3808
9543723 68 7046
1 33 6198
316889 6 713
697805 81 1505
22209490 91 8534
1157778 67 3495
2537220 25 8085
10238204 62 7367
2657332 88 2302
13261695 48 7891
309641 44 7656
19119815 3 7270
15243577 90 9088
580077 32 3736
1013065 20 2653
12352293 1 9477
372019 26 2563
3071604 40 8724
204016 77 1386
183 26 60
2870256 56 9999
11393925 17 5812
305121 65 4495
630609 84 2052
18275929 29 6997
538776 99 2613
3572089 70 2605
10552 51 128
22280172 57 6590
55749 5 457
5068551 87 4450
2352526 4 9875
10797 70 1094
2475922 82 3337
8838 35 1008
104161 54 1186
3910017 93 9320
18029250 69 8010
232460 72 7006
2892775 4 2902
43492 38 7065
4529146 62 4293
9599224 56 4912
151750 50 9495
1888902 39 3036
11199693 53 7643
33962663 55 9788
40818 74 6641
50425 98 706
20071 95 829
8042609 65 7362
5917577 85 3641
35802 12 546
557998 64 4337
7343055 52 5866
1145893 77 3888
12798478 78 5961
14925928 39 8942
4611532 88 6646
21788272 47 6860
7780653 4 3999
1675452 44 3919
2369648 33 4449
6389222 33 7591
8275 16 8750
1046199 87 8729
6555994 93 4499
233180 77 9713
59166 34 320
10314716 8 8475
56381 21 519
3946323 55 3045
2347478 61 5733
377461 37 7462
4685169 33 3664
318063 83 718
580532 17 1808
192327 31 3861
5321868 49 3182
41693919 69 9975
15107018 92 9605
3879834 46 7477
11786920 93 7579
6192366 16 4523
19599 69 2490
2715996 68 4584
4969204 86 4340
22180390 87 9272
446676 40 3948
1207642 25 4953
5767798 52 3387
2831420 51 9024
105063 78 365
435460 88 6042
9069149 85 7978
4179 6 225
224400 77 5651
3293046 17 3566
543932 56 1188
305188 98 4912
10024977 58 7373
4196 44 580
12671108 15 7352
198283 95 1340
2838804 34 3630
2753823 14 8928
10043820 21 6136
2449184 64 5147
754438 19 6807
258 3 1327
502518 50 3591
14561192 44 7094
6356 16 743
14527626 69 8771
4402467 99 5746
33453 64 9467
24311487 72 9516
25018428 19 7565
1402205 62 6966
1871179 67 1898
8370468 57 9200
14982 20 5166
7602582 48 9478
27846904 11 9617
3943860 23 4088
3359913 68 8086
7289144 15 6319
5433572 48 8712
799822 63 4041
655543 54 1925
4230573 88 8146
363521 63 2228
5514218 92 4074
693 45 220
1116004 18 4791
199041 35 1585
11699223 55 7163
308963 8 6815
842995 74 1721
7066893 38 8559
318032 86 875
55546 15 6520
152870 32 8769
29794 35 730
18863784 29 8704
4866895 15 6229
180946 11 2134
1470373 70 1663
2882 52 69
5184315 17 4971
15711 69 138
659229 31 4835
384346 10 1476
2376532 39 7746
2840940 70 2377
40290 92 679
11957531 73 5814
47846697 60 9834
3501 6 9550
37126492 64 9812
235192 69 9562
5434443 38 3288
1065579 88 2411
50868 82 6272
545540 7 3936
41892242 18 9753
846290 51 1840
2200407 46 6237
5463860 97 6296
23913068 42 8452
18260959 7 8964
6404192 50 4158
9602631 80 5021
5224317 8 4036
5108256 17 8225
4369205 4 3323
785782 13 5244
405533 100 4363
514874 47 975
10031877 86 6214
12914 85 1242
107721 18 2184
16 47 2654
779077 81 1334
3520 50 3253
19578534 59 7116
6884244 10 8497
2075673 85 7820
2118206 16 3990
655606 51 5655
19022394 15 8976
423539 8 5175
4395027 14 9581
15590329 96 8380
24377775 24 8269
446760 14 1412
201240 62 9346
8788032 40 4996
2886261 64 4816
1471760 93 7474
894157 28 8008
1466 94 372
1118743 74 4037
372501 9 3721
5478061 88 3553
17470458 47 6408
2378810 28 5919
3799283 50 3646
5012986 72 7419
26441137 32 8354
23364232 55 7406
23609559 59 6978
20045777 68 8038
36418 43 245
15805 67 837
1149968 55 1749
4445306 46 3206
4020 79 1246
980868 90 5434
44388935 85 9800
23503 60 2044
964680 35 1559
13295737 68 7463
6824 43 141
41637 45 2147
3983802 46 6802
16897 90 2509
17561137 79 6309
2039191 84 2055
35730208 12 9883
408652 84 1277
4960954 7 4208
57839 20 649
143846 31 1973
1849579 96 4800
319420 87 5418
5862068 91 5032
7794 64 728
35724853 60 9594
12751202 27 9979
567484 76 7097
29075 71 293
277649 47 1378
2087735 72 3814
23858 37 296
1298555 64 2295
28748408 81 9957
3463679 45 3280
3930736 90 6546
17164758 9 7484
1344144 25 3360
6762548 75 9620
7259440 40 5483
11882974 5 7525
11989675 47 9315
952390 17 1310
1 5 548
4848180 10 6496
3073 31 514
8234547 14 5775
536199 43 1014
44634964 64 9382
2175933 53 5591
8557311 48 5558
4709130 26 8188
2058898 7 6564
10913110 96 5070
14885723 69 6422
33967 6 6279
3210018 54 3892
2674215 74 6716
6050 30 8614
1 68 422
92711 35 4294
192927 10 1041
423233 97 4157
13654644 24 9248
14505992 56 6059
3655288 8 4518
10092556 58 5142
320026 47 8184
2274561 49 8747
330576 81 2239
114144 66 1050
24008521 28 9902
1776929 48 9068
605333 69 4798
340711 26 2061
5067047 54 3320
1234 40 4867
2113518 35 2933
6039359 48 8027
19650110 15 7328
22315932 16 9457
1689685 53 6420
18152 29 407
1538346 10 2492
107792 22 1606
1650022 11 3699
21635 51 5873
39039 46 1438
244289 97 5442
142112 5 1928
28919896 23 8233
21008890 79 6524
6485280 6 5899
42936 70 1435
1165 92 1823
8396744 6 5987
23028636 9 7681
3525546 80 5790
62737 76 5394
35913 57 2474
18684067 81 9324
318772 6 1605
4709726 90 6157
2219873 64 8193
18933248 16 8382
27798299 34 8010
400769 61 3178
2059202 23 6242
1020128 14 5545
1991276 67 5714
6774323 42 9651
30328965 66 7985
561599 7 2273
471272 9 4717
25302316 61 7811
412094 99 1002
1 98 119
15861 69 384
1183240 90 2859
44305 89 6446
34442252 54 9314
18875934 96 6329
4720125 6 3141
1362451 59 3057
1844973 14 4670
3265909 33 2962
10148838 92 7587
1089059 11 6511
4367 36 4715
28323 31 2748
11464668 39 9874
4457936 8 6737
28442778 78 9322
3116277 95 3997
70303 93 1040
102349 54 1346
3445074 56 8006
9399342 54 8790
76518 84 1099
22398 78 649
11543283 78 6642
18327 18 601
75798 1 4683
24059790 54 8864
1478907 4 6187
318394 10 2452
24844807 32 7225
14073817 66 9025
11253308 5 8849
3531091 17 3134
17501156 98 9736
971776 96 9318
1 45 7539
268718 3 4295
3293 38 1107
11401034 77 6516
694054 12 4428
4174623 39 6516
1335186 60 2145
2872 14 2667
2475219 70 4647
2171218 76 3015
7317848 43 4401
105087 73 928
513049 94 3042
8877446 29 7823
2570257 52 4006
329580 18 3162
1 99 122
12083 79 792
3748618 92 5037
2093 27 1439
7805372 61 6489
1337847 91 1554
248209 4 4215
1473265 7 2052
919738 68 4464
18973806 12 9194
417073 75 2946
27043398 79 8398
26159 75 8412
183637 62 1306
4411335 29 7784
2979495 52 8019
987570 28 1600
13085872 22 8719
29059490 60 8214
404799 75 2132
5175252 27 5097
1417913 82 3363
220207 62 3016
297053 27 8801
96411 71 2594
1306 13 426
762603 84 8532
7563 26 364
20871 21 356
12141867 52 6416
6742695 30 4288
9247182 49 6844
1246506 29 2532
43088 50 9413
4417879 63 3248
27068706 65 8934
5514055 31 4588
48922395 22 10000
271518 94 8860
6367831 88 3616
469338 57 2571
14277363 100 9106
1705293 28 2179
5122812 95 3720
1834739 64 2016
1350828 42 4181
1497967 96 3868
93941 51 3795
5051393 5 8191
1589661 68 2410
21860784 28 9432
12677816 19 9328
4790734 25 9702
1290847 11 3878
341 4 1009
16794 76 406
12745825 25 5664
6698 38 1032
10670937 25 9498
1520846 79 5666
26983009 57 9716
193982 37 3278
1332053 40 5588
50367 27 909
2630337 58 3146
2020722 70 2649
5256691 88 4468
19785909 37 7492
14635434 39 7910
32246832 72 9305
3736075 35 3402
5586401 29 9495
8811542 99 4965
11220657 39 4925
3933549 75 6371
7765806 39 4131
6227343 45 6480
2167037 13 8797
835725 47 2353
8785698 71 6498
12176496 53 6110
49418 4 4472
13899 54 7517
183540 26 6626
3011714 21 3414
32106571 32 9777
6175013 3 6531
52346 18 5865
1913699 10 3505
10975 20 2068
1779401 78 5306
330387 42 3049
3514027 87 7192
814649 61 6694
6997432 38 6042
26465145 63 7948
3619456 72 9344
13760310 96 5913
175958 20 1548
721097 73 1720
21950413 17 9420
516814 13 3223
3554051 42 9288
20036954 99 8549
582787 42 1710
4391461 66 9448
12450 37 141
117313 55 5798
13369162 2 9222
64614 42 2630
109383 99 7206
34899304 26 8813
426661 83 5865
89676 29 992
833190 44 1634
6452 16 522
2887795 97 5235
2056697 13 4554
675168 23 7515
662444 50 1202
17321492 90 5898
2448267 46 2710
168651 47 7198
23813645 37 9546
488715 14 2031
5646260 63 3769
1879017 21 1985
1136676 78 1862
125270 43 1752
4603992 61 9213
2594354 94 2198
7026 11 1961
2682461 65 9128
647469 16 6232
7305 72 93
22553 19 1273
170215 63 1403
1783974 72 5006
9232 48 7203
2384981 79 5743
1282844 30 1690
145743 4 585
1715100 4 5740
2248830 20 2227
344387 82 8898
66062 74 6006
291473 37 696
1784093 51 7122
2724646 16 6079
5905144 53 5357
18109445 64 7856
6621785 62 9486
32871 62 1145
144348 87 1590
503608 19 969
17737571 89 9921
426539 92 864
2785553 96 6154
286256 41 9479
8672978 22 4779
20906442 70 7724
15865025 28 7648
720886 56 4449
4767218 60 9826
38319 51 9448
6760 36 2842
183586 28 1625
673641 58 4319
1757793 53 2561
4916617 75 5572
4794059 35 3214
531805 9 9571
12474936 71 5950
42942684 79 9465
18836297 82 9889
5150194 38 5045
856539 30 2324
21732259 35 9793
2956430 10 2390
1415471 18 1897
31871599 2 8176
6696357 91 5603
1112723 62 1570
47524 6 3706
11849970 3 5265
805278 47 4952
10019008 94 8478
4133727 18 6018
13997536 88 8129
747132 86 4023
3234981 89 2841
2605207 32 9932
1 74 2158
16999222 82 8040
19249104 91 7685
1557355 85 2782
127696 37 8224
1549173 64 2830
8633657 75 7117
135732 77 6939
19371103 38 7508
12265346 89 5898
679167 44 4897
58978 86 7280
2781796 48 4937
24979641 19 8985
3535854 32 4477
3527532 64 7360
331298 92 813
1320895 15 8776
3975434 47 9777
1082378 51 7878
378972 48 5625
5123285 57 6385
1481796 2 4129
1818046 5 2512
14692 89 2364
57685 1 4019
276158 39 6864
199533 13 538
13984965 71 8271
219551 33 5547
4394216 47 6273
2971330 61 2616
81960 4 451
9502 83 1528
6723323 35 6425
174811 33 6345
304070 95 4955
2951 13 3319
541570 78 2229
255166 99 2624
22314321 83 7353
2045296 54 6098
12671817 7 5289
8595696 92 5535
377215 27 954
3239150 49 8346
28586751 85 8633
1151808 1 5075
664737 24 1869
263311 37 3622
153112 77 2276
1555482 48 2648
22395631 100 7218
6954629 91 5750
3314697 43 8934
30567572 54 9107
10436631 36 8014
11911782 44 5442
1 82 3897
1000328 3 8771
2894308 79 5577
15415596 82 9380
2514506 97 4785
15964808 40 8085
23131097 94 8144
485205 62 1080
10810089 66 5354
3052 1 215
6823751 87 6416
2558616 24 2652
195184 81 1173
7291098 13 5442
110725 79 9246
5490587 79 6489
713137 53 5150
7682454 97 8658
4673577 67 4107
996292 68 1377
8154969 88 7612
21888623 13 6955
78350 79 545
14072113 95 7610
12096957 10 9710
4118015 64 4698
2192691 97 4404
4684961 94 7050
1873382 55 4355
3459380 14 9653
3473405 14 5630
2362 95 139
4540752 5 6368
86770 56 2000
23734025 85 9493
887758 18 6428
324898 25 5563
6561865 72 8232
295268 45 5762
26141920 95 8933
40360851 76 9203
406898 72 1634
126971 64 4840
4522172 31 2950
12961442 12 9107
4307498 15 3334
840605 24 5147
17447397 23 7528
1073221 80 1806
11644469 16 6090
918863 67 9616
189159 58 3292
529474 13 3610
120840 17 3085
16952914 10 8920
2606189 27 7274
1832908 14 6781
345897 29 4430
28493089 60 8743
520443 3 2768
1429111 67 9416
964367 27 8457
350393 53 764
4195306 7 8709
26127806 34 9828
13444766 33 6961
369889 89 2326
1176159 58 7982
34921608 71 8319
102470 8 4825
3029438 86 4538
14211302 44 6276
1867349 23 6601
53355 26 4988
11306722 57 8587
8326250 80 7957
959788 71 4294
7243903 76 4925
1179594 23 9775
12052772 51 5901
26127019 35 9322
574720 27 1941
5407020 73 4366
1743525 8 9546
9029639 46 5513
1 47 253
4649440 59 7719
22094 32 4577
5618109 66 5225
32710 63 737
4291110 63 3998
483224 42 8513
18383263 73 8305
314213 65 1736
86736 40 1435
2726148 13 8046
15531637 7 6680
12489087 67 6471
15491754 12 6417
2689889 53 2875
50751 9 275
9089016 81 4717
4057566 82 2881
320668 91 1620
51282 72 356
8806508 92 8270
266923 45 6858
145908 71 7964
1403582 64 2552
1540636 77 7637
1012803 52 9397
9081 19 87
946138 63 3311
720369 97 1362
2631817 60 9714
2154221 16 2574
123311 14 531
124329 5 2309
994538 8 1935
1140072 97 9104
1474963 34 3511
496376 44 2981
4217541 53 9864
180913 27 797
3643316 52 4633
5048578 14 8053
2408053 68 4040
9160735 24 9343
1176281 33 6074
4837778 34 7288
2855200 10 5103
7520172 36 5867
539853 33 4152
33082 60 593
3747632 89 7112
12382 92 3648
6578742 40 8995
3068738 47 4876
3306618 55 2897
13446331 52 9839
9962116 81 7720
372283 80 2839
3960857 2 2963
2812903 70 4274
4700511 50 6971
1208080 9 4621
10814543 68 8458
124021 10 6429
254226 33 4343
2692716 22 7867
1624192 63 6644
11714355 98 8909
1446954 41 7175
1903994 8 2255
4908736 79 9576
6340178 56 5391
7348695 82 4888
258686 12 2311
40875 22 804
115549 76 1167
1 31 1627
22414937 4 8902
32306934 84 8956
11825649 9 7447
10383853 23 7197
18104442 44 6112
3160594 6 7819
414393 9 7969
5394133 82 3907
1401091 76 2706
21833338 83 9390
707390 66 2567
25787 29 4316
8357237 81 4338
12941262 17 6739
445758 38 5685
23316313 80 7439
2777099 68 5819
360 28 229
32157578 25 9737
186792 15 1045
349491 76 1871
33565552 66 8188
25546668 50 9363
13338 53 187
4268992 91 3332
858316 86 5430
9975404 52 5075
9596950 60 6189
848286 23 4381
6644225 70 4651
13815882 9 6712
27418 11 5000
6935479 17 3794
96238 6 6624
1656 10 7637
257624 20 7585
4466141 1 6395
121998 20 1512
20783202 60 7691
5685509 64 8372
404969 46 2024
178614 8 1709
1418573 78 1965
389469 59 1725
13671364 45 7062
5099595 83 3409
7184420 61 5464
941844 75 7770
8762398 72 4413
1 85 8112
13836993 35 9651
632386 93 3426
571548 65 1679
23303675 100 9133
200041 93 5000
112877 23 2351
5634421 67 7174
687518 9 8475
2467079 51 6036
28755494 65 8800
1575270 58 7947
5213870 69 5797
12429969 47 6914
8576999 30 4188
1 34 116
3205226 39 5237
11488335 94 6009
1996371 19 1995
8813869 2 6981
23578005 52 8843
2685094 58 9642
4398806 61 3080
1810670 95 2489
1134792 66 4805
1344713 74 7150
13330486 89 8728
23565018 82 7458
2083381 52 6438
3441975 29 5141
374641 78 2121
120820 67 1443
4503 25 84
18450337 7 6121
4025346 85 9516
6236144 66 4735
4457938 4 8786
1 98 285
436924 33 4860
51952 79 344
409265 19 9954
16716254 35 9179
41905 90 4827
3430980 85 3435
1018137 60 5779
603620 43 2333
3400729 24 2741
2147367 79 8272
26071379 39 7802
12706359 72 6934
22928 99 5817
5966812 39 3964
1310457 52 2787
7388193 57 4659
34324 26 9069
1477287 11 3464
5905378 81 7254
1256952 15 4918
11934007 34 9297
3419104 20 7772
1383135 4 2760
2751946 44 9398
2580410 19 3723
140878 9 1205
223722 24 5968
40523734 100 9880
3149239 94 2868
44843 54 3062
138893 37 446
342018 95 2213
20237901 2 9696
2509232 49 4911
18689846 52 8658
19641106 16 9486
80011 58 465
3575003 55 6582
14912 78 282
13087500 19 5232
23616255 55 7515
20851080 55 8820
281 38 108
284704 62 4585
11971026 77 7931
315716 39 9523
187591 43 3577
15274951 79 8117
3572152 6 7982
412199 5 2562
2137887 47 3879
803196 2 1270
343050 52 1562
38559 33 1055
8916051 50 4258
126 19 54
2061818 31 4119
148698 39 8674
550062 59 1099
463633 100 4115
91341 82 3717
1 90 673
1519150 2 2376
7331334 70 4254
262765 40 1952
1676362 43 2474
517867 17 2748
4905170 93 6706
7151956 29 4443
720495 51 9340
232321 71 629
8957291 75 8311
19668 66 670
2633821 60 3131
901821 4 6220
3566116 7 3535
5414271 43 4619
1903737 87 1997
43918 93 8847
5935231 2 5994
29139758 46 9855
155631 23 5744
823178 45 2573
1474021 65 7704
3799992 86 6470
28949 71 8747
26288166 95 9518
1 86 1111
5281466 41 3654
3888263 55 6028
9134 35 2718
726234 35 8491
312891 22 9180
121995 21 815
3623365 62 9984
1768980 67 8309
1401298 7 2445
7446991 74 8540
15424082 57 9608
13029875 37 7811
7236879 85 4217
7365256 16 5847
12346 65 9430
1303941 82 2111
10200820 35 9898
16057 82 153
9674038 33 8251
91857 10 825
11850296 97 7512
6934827 28 9140
8310838 10 8398
11538153 28 9922
31738535 60 9667
111318 46 6813
1 15 141
1 39 154
26570656 80 8480
19577580 83 6986
789799 74 7356
7700340 85 4433
8723513 59 8018
1087071 66 1845
25568 50 1792
404600 44 3134
1060679 87 5278
1 78 1305
2114717 66 3104
4576284 31 5514
6815519 86 6553
36928064 70 9593
8991 13 317
4623111 51 4213
29020 41 759
7428750 5 8322
6246913 61 5596
375 53 3757
2632348 92 3151
544934 62 1903
7677677 14 6865
2728632 91 3394
3829432 12 6515
1 52 171
4848870 44 5987
9625236 15 7659
1909269 37 7957
7826164 84 6100
275901 40 888
724669 70 1973
643544 43 5007
2735356 64 2356
244165 90 1393
28448641 77 8401
1956992 88 7848
93014 49 370
5687814 41 7047
2756621 25 2317
88930 66 339
79432 51 3343
6041900 92 4167
13204515 76 5664
14619212 5 6561
20873864 25 6651
10682200 3 5332
343227 41 1208
131072 14 8521
26488 72 412
10833696 16 6382
1531182 14 9341
8816447 16 5118
20118 32 124
804645 73 1499
4197647 85 3345
2338006 19 2114
1517613 96 2514
31620822 30 8817
518 10 784
12481 33 2126
29643 77 6460
4013552 25 9975
1652116 92 2877
3051862 79 8375
9401235 40 9207
4941602 13 7754
183438 6 643
20488 29 1227
9466502 44 4872
31401 96 217
583918 25 8211
193265 68 993
30222480 57 7726
4310468 52 8324
7003645 48 8347
3541057 12 5420
3176875 63 9743
95827 23 678
310677 21 1584
761941 84 2269
5563136 29 8426
1305794 61 4746
188484 99 2467
1 91 101
5500 53 54
22691 94 150
21908012 59 9071
1173638 61 2554
26750361 7 9173
10718354 2 5075
100101 50 4405
7607158 52 8014
707888 67 2212
6795286 27 3685
1 69 2010
215418 22 3686
992993 32 1711
14453993 85 9175
979839 2 3139
2400804 62 5556
1292938 87 8110
298517 31 1924
110132 50 9568
5127866 15 6492
6168973 15 5544
762985 11 3525
27991 1 1013
470733 53 1301
5315927 38 6100
6874298 54 7678
2244598 14 6496
11632541 46 6030
166989 44 6422
2229348 10 6846
3019317 55 3950
7157670 98 3995
594645 46 3160
19475485 37 7629
205056 71 5802
1963477 26 5404
98381 24 2675
344184 6 3694
10969 89 4739
1351038 82 2226
234907 75 1513
3198653 98 2867
577685 31 4314
3617712 27 2712
22005 40 6505
4993265 51 3136
12942112 47 5678
8862820 11 5054
9816 67 2542
5373681 85 4484
11442844 29 7625
4298796 90 8832
4336897 43 7528
1 29 1099
911 40 5141
2240900 81 2991
49695 64 5415
71071 6 2891
822591 82 1468
762298 20 3586
95393 76 1180
307528 7 7769
15251718 15 6390
15849501 94 5747
119459 16 627
1005998 28 2212
304204 54 3167
1728321 76 4003
15179605 14 8032
36845239 20 9661
231487 13 1127
10038951 24 5006
13103933 85 5952
342623 47 1904
3567825 84 3346
567787 74 3164
662677 52 2917
10806720 94 6364
9360481 30 4540
4628846 10 4307
1445123 85 3099
5023641 35 8640
15155 17 876
12821 57 2846
1426348 24 3467
33807799 1 9154
633131 51 3311
263094 27 808
73138 84 1988
208397 47 1353
896 41 972
1 65 3500
1253178 86 2505
572088 24 2434
2462006 72 6394
1 64 263
10442284 93 7774
178661 50 3666
39012965 26 9288
13684 27 1076
41266605 37 9564
4578989 81 3829
149202 65 3918
613893 12 3155
29714968 12 9232
31036 49 330
40366 60 1530
2306978 45 3328
322203 94 1567
18215103 74 9954
34435103 56 9336
138125 66 7643
7718545 8 9691
642449 53 8757
2124 5 210
20941413 68 8696
1453415 16 1684
19447503 5 9104
2580791 42 6204
8556612 2 9171
937498 98 1465
3393175 54 9124
24034996 41 8124
15495542 82 6145
5681241 39 3352
1057106 88 9495
9339780 3 4475
729549 17 1144
168081 33 3673
10470458 85 5977
204586 72 1678
40751 40 759
7013643 25 3690
7011565 57 9454
76777 62 1796
627592 68 2440
377896 98 2769
121125 48 808
4310892 50 3117
7884982 58 6128
1628695 88 1782
35071 57 283
2802458 73 7261
656005 44 2444
23895788 13 6856
9314459 23 8797
3865514 53 7544
82678 65 5049
101753 17 8918
20596749 54 7893
35329977 91 9604
120355 37 1719
3118654 71 2713
4422932 25 2904
9756981 31 9547
1453363 14 6739
607686 86 3310
7905174 89 4107
359788 63 2600
6890886 65 6387
6731524 58 6635
6709061 76 5078
85785 42 2372
104028 35 722
2029272 35 7634
3452756 19 8757
2148503 5 3286
39584106 4 9218
12920089 91 8153
293703 7 9337
172714 52 587
42644567 84 9359
9786 92 1101
8131333 78 6939
15586137 60 8035
3654724 80 5587
783986 6 2804
5688066 74 4186
1592999 63 5829
20691 80 1851
6430616 92 7413
25536916 21 7896
564599 98 8894
1 95 844
174491 2 8216
24620338 14 8954
1329404 22 3737
1662320 78 2736
901461 30 4900
1202748 60 2986
5851239 2 4152
439758 36 6593
4654437 60 6150
421040 16 3369
1271622 88 2545
9172563 94 5769
16812 81 4043
141195 94 7351
666083 7 3399
513357 3 5187
49090 73 2720
2318639 37 6015
7243167 67 5965
5886489 35 7457
76589 34 1765
13503723 74 5287
239574 10 5200
7911153 23 4495
29606055 58 9225
2665344 92 2829
5886986 11 9055
16579833 57 6239
5028351 56 4191
18714912 85 8136
16497925 19 6520
10050 4 621
312954 71 1962
496454 22 4745
5089888 22 9378
4145928 70 3859
8858258 78 7887
1117009 55 2891
3978532 51 4492
53632 84 421
11380 93 944
64770 35 7337
4795572 36 3216
8252532 14 9583
6406 69 5018
2487604 69 8321
84252 34 443
2009612 43 3119
193401 63 1388
35354 47 2648
253399 11 1735
9552861 34 4801
1335649 53 4527
30743508 75 7957
11083258 75 8685
3566467 57 7312
395551 43 8253
7567651 27 9736
4483682 61 3836
3041374 54 6295
15901177 10 7055
10791272 31 6754
13500130 6 6981
2855899 54 7370
1 53 8500
6740802 62 5195
262556 52 805
6255794 36 7335
2082774 90 2279
7604022 84 5894
27401158 26 8372
2432642 8 4925
2041422 59 6946
37737287 94 9362
24141 46 297
39312 3 1252
3382539 19 2944
13230 67 854
7667758 92 4860
724668 68 7349
590519 25 4387
1812940 29 3661
43481 79 3469
2346735 65 2511
84255 61 1404
29983587 50 8421
692877 1 6031
1484369 8 3976
4351090 27 6906
747410 22 1456
16910172 40 8351
10051677 41 5003
12788329 99 9568
193730 53 3087
17427905 11 6240
3968513 78 3867
65169 19 2234
7176122 29 7706
5127036 63 4894
4890419 66 4170
1042401 78 8200
404988 48 5285
12307325 24 8472
33801382 52 8417
1154748 12 4708
1103699 4 8581
3003 13 8261
17340064 17 7085
110536 2 369
27488844 69 9167
196152 76 5550
208472 66 8115
1 62 8642
1177671 22 3284
117605 57 2241
61486 99 8506
822372 92 6703
1 46 967
50279 49 437
30562676 20 9357
6103704 40 7278
631735 20 1920
822960 98 3662
20263 70 1791
2520878 74 2389
845577 90 4395
20628481 54 7419
12263 28 2381
8899877 72 5101
70592 2 1070
1757910 82 3598
129976 61 6260
10251618 12 4714
5005753 4 8668
22491 50 433
450425 43 3816
12712 57 2243
11941741 68 8828
134895 34 2711
866514 49 1968
113813 99 3743
183176 91 513
193667 5 2036
6911816 7 6861
2216 55 71
451346 63 5783
638099 62 2670
1028558 73 9951
18271146 53 7844
8679800 72 4509
1339127 92 4166
1 96 220
610183 55 6277
5178560 63 8549
12113610 83 6521
7488136 15 7589
3127895 13 4185
542346 89 2091
422104 64 2409
99998 83 910
1365093 13 4662
6979238 74 9600
38039 14 5596
10829096 63 5560
7537690 54 4977
4439595 66 5073
2956191 78 4383
72338 56 545
4547514 95 6500
22884 77 2283
7286569 34 6971
1757593 36 9068
20779606 17 8357
152632 60 928
74976 68 7659
21652970 63 9378
299231 2 1440
106808 88 6138
2218053 21 3756
800104 33 6700
16609 15 2502
20995562 90 9631
13479343 33 9858
3863886 92 5421
11381561 87 5941
2248511 14 5465
240122 26 8736
2358156 85 6039
2464092 40 8208
101528 4 986
662855 70 1760
61423 95 298
21160033 74 8553
14479066 31 6498
10988434 5 5517
9841526 64 5760
7812878 63 8070
3830048 87 3988
1402801 98 7202
8716108 51 4543
305077 27 977
12168367 8 5819
13356100 83 5625
270652 69 5801
9646396 18 9808
8986411 3 5193
5134421 3 4847
6786626 69 7654
18256563 30 9593
33670922 68 8838
6584023 51 5273
13109035 71 6486
648695 21 1213
621285 60 4167
2633096 16 2370
82890 89 713
301381 9 1049
2765935 13 3505
6256 2 29
2998149 29 4252
32230939 81 8160
7287439 57 5053
8169754 97 5190
6795 43 219
4913316 71 7163
13154739 73 7340
2148861 8 6558
3888929 81 9797
458346 98 7971
16643431 100 7453
1972453 89 9160
128 3 830
170348 9 9240
1054531 84 2541
5442489 53 8840
6888764 100 3885
619035 33 7517
10755246 17 7584
3802944 33 5738
3756427 65 5455
1129782 98 1515
389052 17 855
1 92 7403
1404500 56 6882
1752 64 66
71723 66 6931
1485685 80 2167
5328171 54 5900
4203230 13 3874
40296 95 502
6713954 45 5354
28186601 27 7846
15772844 6 5680
1772597 95 2189
7707371 6 6919
644247 84 1607
86424 46 4443
23146 11 1268
4249952 93 4651
1960977 21 4338
3830848 87 8784
3064185 4 7083
514175 50 5036
7657922 29 8069
151999 97 2118
1 48 67
42892 41 768
200614 28 5552
508575 20 3345
2860724 50 5827
192683 93 720
4888422 50 6645
7280304 41 7310
3457 10 8643
6624578 10 8059
112241 6 5443
556283 4 1125
21108262 23 6862
13748622 35 5752
1154210 88 1568
10263688 38 4852
15391405 29 9950
100348 51 6481
5217 2 1503
531701 38 3637
1355926 15 5977
753022 4 8622
6865958 90 4992
7394767 42 5529
237 8 2023
7832921 44 7266
852882 18 7724
1030208 37 1890
2208045 60 3522
1129 46 235
12917025 51 7090
4676117 28 4114
3770 1 7576
2666155 97 5397
79306 5 644
3926713 93 8454
19756891 74 7960
1299594 49 6306
11342490 32 5060
2872237 66 2322
855458 70 1359
424582 77 4828
1 65 9133
1871 65 214
256 42 1937
1 70 982
139944 18 738
10800188 78 6902
1737895 71 3013
2980703 28 8826
5453189 29 4146
4049834 77 7182
1764345 54 8305
5592285 100 4592
11029693 58 8724
16634087 9 8630
2700481 90 3031
2822784 67 6501
6161384 92 8339
17408800 47 8350
1444 71 2668
8822578 91 7848
3941954 69 2734
4850601 55 4817
313223 48 1434
30470398 54 7723
16870 11 6586
2632908 92 5099
9790585 95 4437
6896393 55 6998
651200 13 1216
7014 89 8938
24217 65 1511
1 29 1153
5946398 23 4404
8026081 77 6919
254279 36 4155
40063017 53 9948
11059216 33 5359
3780641 94 4655
3569851 6 5874
6324852 1 9133
815754 49 3652
3389468 89 6304
38431882 53 9178
545379 8 4309
25236851 11 8528
802951 33 1874
5135017 66 4656
7450 81 8059
368291 16 8454
67452 32 1697
935827 97 4716
161334 10 9930
3079107 46 7402
1152513 13 2400
29747 38 647
107386 68 1033
733305 43 4469
9492423 11 6858
355437 11 8334
9243274 33 4288
9079184 27 4307
38308 50 918
258810 56 5518
2479 23 2496
684770 81 7619
16766954 1 7055
6341176 35 8321
31447882 37 8062
2588678 93 8642
12766 55 207
308008 60 802
22029 23 1463
725121 92 3282
4823959 11 8571
48 97 291
669003 24 7923
8071 91 1864
4861 7 1554
4841674 36 4498
560949 64 6120
2063143 58 8820
1232157 11 1586
6562203 84 6530
10946 25 7234
39289 15 519
215751 96 738
272978 44 2758
7429716 32 5423
14857100 53 9368
7713 18 3588
18788 70 8668
60992 80 643
19886 51 3546
2251562 15 3497
459912 12 8410
21170084 81 6661
124429 70 2122
1393396 44 7993
69667 80 1965
6700218 19 4339
318515 6 3226
2878072 52 5025
1384850 35 3223
19620415 46 7117
2274693 45 8840
2349204 85 9616
833087 55 1350
2233570 73 6120
7399757 73 6365
1258993 10 8125
14917 78 5357
2461123 55 2975
163922 98 2955
34122263 81 9145
15608330 80 9103
129927 82 828
64835 18 640
25080822 84 8504
75929 84 807
4267133 64 6487
42849556 65 9885
387247 1 2467
2610808 90 2749
13334 63 232
356 59 196
2569924 9 4063
4425552 72 6711
45598 59 847
22333811 55 9788
23529222 64 7937
6060613 21 6495
13821495 16 7861
2089963 86 5262
81921 96 832
85266 34 1450
167477 21 500
7363856 15 7284
26418 46 1660
5255434 46 6945
115111 95 801
487 2 495
3532095 3 3045
441163 82 1950
10717 65 202
4474659 16 6111
1827516 66 4588
17495266 58 9967
13093 1 689
13796349 14 8947
15043920 59 5685
255387 70 4837
18771869 100 7476
1729011 22 7573
83037 21 3846
5365155 30 4859
9308523 81 7228
742652 9 3245
137858 9 553
3969900 48 4012
777581 29 4124
10508 3 56
56432 25 3541
21441930 95 6803
4055935 99 6653
593384 2 8386
88489 38 4038
4010665 5 3176
2883356 51 4538
18680 43 444
8899768 99 8211
6898844 26 3621
5390734 40 8178
250107 83 3149
10144969 95 5383
5306303 61 8055
2743299 44 5253
419087 18 3321
851530 78 4980
7484297 8 5994
4245937 76 4277
21678206 28 9551
21644783 54 9455
1379339 38 6086
68248 96 1336
4094383 96 3549
38358943 84 9377
3439258 73 6485
823205 42 4942
150168 29 5585
28748562 65 8822
1 58 9479
10061 87 210
87955 75 6374
3973156 6 8151
428734 36 2187
270824 34 2242
34329653 58 8923
6211250 26 3617
12276898 96 8235
35980 50 7588
26562532 63 7562
197169 67 1426
1797314 5 2131
9413751 59 4500
9809473 81 8878
23724773 56 9461
32712 38 2067
99574 11 9314
6483462 16 6873
409267 72 1344
12019658 54 7051
5156262 56 3631
749922 68 1650
189834 91 1913
93995 60 1070
29083437 7 9264
6532333 30 6045
55178 95 867
2396879 57 2706
49645 90 4189
21120825 75 8120
2012118 44 2932
449694 39 3029
576088 77 9161
27069036 8 8225
15371804 93 7539
22285100 30 7563
4692835 62 4260
13248004 72 9338
555 49 346
1146993 32 6437
11547509 17 8024
438899 54 8219
13328979 45 7733
11264683 99 7836
1392244 92 8275
5686955 45 8593
2341441 25 8374
51055 74 1011
1554740 78 5943
26941483 46 7387
1 83 6978
75935 12 613
4461 7 971
35143 24 5042
53862 79 1194
770 35 7521
33500177 78 9678
1159842 100 2668
2171394 92 3319
91463 31 1007
462929 10 2423
2126973 7 4250
7165074 94 5912
16684156 18 9728
70692 2 537
144775 39 1997
1619 92 5114
685948 44 2114
1745853 72 2595
161721 8 805
1914663 50 3012
2518457 33 6675
31804179 42 9224
18372672 86 9572
1063183 86 1877
27336984 100 9574
718007 56 4380
4872018 10 3184
4007747 1 4383
34755 87 2720
19546940 29 6399
33009 88 4722
6063926 72 4832
2598639 76 9781
695404 94 4431
259355 47 6836
422811 32 2417
12590713 66 9859
3019737 12 4092
23896077 45 9474
33150 69 5712
3364179 67 8401
9509477 23 5382
121482 88 2068
12046815 31 5996
12938270 36 9760
3360199 68 6912
15743170 30 6538
361954 97 4873
3810410 14 6636
138142 98 859
1012182 32 3345
7351215 84 9524
189082 60 744
780170 37 9571
21224782 63 8330
14640 62 448
1 16 6316
1074958 59 2640
20999516 76 7054
749136 54 1686
6050336 84 6825
2601646 73 6665
1094410 22 1769
5239824 22 4409
343205 96 4547
2653 73 1471
300158 80 7280
7118459 63 4225
615779 21 3693
2993158 32 4349
12126348 33 8057
10640213 99 7619
19494245 76 7301
708740 87 1736
4727352 28 6092
8879273 34 6848
796608 52 1929
154222 71 641
19320403 81 7941
40231 32 2965
1520029 66 8367
656632 65 6467
438363 75 6281
4863452 17 5847
51031 65 2317
405346 7 2542
146709 26 9347
39489515 56 9142
878756 14 8946
227520 20 3591
89161 55 4886
1887834 34 5146
393326 85 1041
70293 98 4325
3302002 92 2707
4041243 78 4996
15760407 100 8129
14865380 57 6596
2132873 48 2285
5150145 3 3632
7305605 44 4890
8343 60 5972
6368950 42 6830
280574 7 6414
181795 74 5668
11592 34 81
92754 18 3282
5387359 27 8378
129096 87 987
1481708 97 1810
2096740 26 2458
4143160 92 8193
278601 73 2108
119876 71 1649
23899 94 3770
351555 4 1515
6536790 71 4132
1598297 26 4810
3890501 7 5137
1980894 18 2843
762752 69 1296
16304807 50 6255
388801 76 2050
1573292 35 5506
2652535 66 4942
10063700 87 4632
538318 21 953
125613 57 7820
325181 92 5872
8086 51 244
850084 46 3831
16239325 80 5668
53670 15 3426
11016023 88 8968
4059389 36 3183
5484804 40 9004
3944112 32 5496
3431696 34 6416
298710 75 1676
30205949 89 9155
22251887 29 7705
6886037 60 4829
13404786 18 5192
6767883 42 3879
3485515 76 9289
6092961 100 6422
18339730 52 7185
90 3 74
1131913 21 4057
844929 53 5533
8268 91 1919
1683396 72 3828
189457 97 1105
3718538 35 2893
549552 33 2745
9839 22 356
9316691 90 4966
66188 27 5314
1674345 89 3111
3924616 79 5920
296218 83 7742
3756632 56 5141
181013 54 1251
4776886 62 3310
9635502 90 7861
36846018 43 9494
1019691 22 6416
421073 56 1126
1 56 598
1813251 26 3068
6867852 11 8160
15843580 12 5835
1 81 648
43123510 47 9407
13472226 20 6648
178994 61 9535
9985242 65 6475
5481168 57 7131
1048250 7 5055
110865 43 3457
518600 34 5295
5690429 30 7031
9736724 77 7209
1069083 49 1452
13833647 64 6463
1198808 60 8604
9290878 89 9257
295909 76 9218
1302603 76 3129
3343 61 2782
1 55 472
7100 44 274
581847 96 3524
2211804 26 9753
54943 23 494
10531416 84 6609
342348 48 3456
22183329 31 7911
11245916 66 7547
13274917 31 6627
7871544 37 6700
32527641 67 9021
16937955 30 9511
821585 68 2260
4115501 99 4402
2562501 37 5800
12518800 56 7730
8025254 99 7030
448131 97 3032
3693965 52 3137
27062723 19 8979
2017378 63 2612
358485 25 3738
40231 1 6205
142466 12 1897
20713032 39 7989
11239618 90 9691
9383589 99 7865
3360496 47 3303
295005 70 3213
5597317 30 5748
4333454 53 9644
3495810 55 3531
8643090 5 5471
1115168 95 8049
707045 39 1556
23701333 38 7892
6085497 27 4770
450945 84 6711
2231529 58 4094
2536049 66 3671
23402 23 6446
366741 56 2860
413164 22 8557
1 76 2411
804618 83 3648
590009 38 3851
2015752 87 3053
5770492 51 3705
1 38 271
24048314 96 8866
141777 98 9028
14378776 22 9627
5495257 73 8574
1865731 75 3542
3775534 1 8587
196721 62 6042
4371491 3 3007
561094 93 3278
240268 18 8951
2146557 17 6544
3830929 5 5628
14120 76 1027
5201415 6 3634
957185 58 6919
8703992 78 7480
5250631 49 6055
24182942 64 8508
26748 99 289
1168177 58 6716
1781807 1 3228
8795 45 1686
8396193 91 7595
528431 75 2101
534841 74 1048
2172200 65 3589
489720 42 929
1235543 46 3070
592 63 4125
10774 56 1113
5407402 68 5016
3455470 87 3173
111783 43 5028
3044 71 1320
299128 27 1778
114426 61 801
7932379 93 6311
741544 34 3732
201970 71 1556
3355888 12 5819
11963693 71 5575
576705 50 6842
171751 46 8175
1761 64 7412
5564490 51 8550
555004 89 3623
28143455 50 9954
26125134 31 7554
1049405 23 4614
12264357 65 5774
256163 69 1141
14345 60 228
9680989 64 8373
2771257 24 4008
12470477 68 9817
1276 82 6223
7585017 7 5033
2279542 81 8729
327269 16 727
479174 77 9273
367382 96 3072
76734 12 382
9316 4 50
26377894 54 7220
5954607 84 3856
7029236 65 6948
11241571 90 7287
17166 58 1602
1881790 90 6247
507 79 1116
6828268 98 3960
3565434 83 4486
28305697 20 7728
2949531 91 3143
5744312 40 8026
2369610 90 2231
1 33 6805
1249126 68 5936
23513 47 7036
182329 2 2550
11917999 71 9374
89689 88 3646
155583 61 5230
1597817 24 5938
44724 12 1858
587756 15 6543
155474 69 2040
22473149 42 8781
9888021 28 4879
5080437 61 3421
15804986 39 6042
14254514 32 9543
15791472 39 9367
262883 6 7572
273376 6 1585
1456409 87 6879
10679308 62 6074
967062 51 5685
1044985 17 6445
1136941 62 6615
127370 92 2323
211817 92 742
18235697 23 6737
17467 83 608
69463 98 3501
7047579 90 3692
232547 46 3208
7398940 69 8740
45248009 93 9443
508007 49 2878
21261329 15 8249
1440100 57 9703
433495 8 841
341004 85 3308
6767422 92 5436
3007392 49 4867
4371258 53 7303
717532 46 8389
3051892 50 6873
325075 66 760
1571743 47 8450
6313644 14 3625
16464 41 695
1637082 80 2044
2327749 72 2998
3162 41 636
5975635 3 4687
189836 87 5637
860239 49 7087
5789716 5 4818
19140456 59 9686
720359 62 4305
22751 1 156
15032885 61 9399
6434140 7 9046
6354540 20 9443
5084733 13 9789
650928 80 7484
13591450 98 5615
542910 18 9050
10277312 60 6414
3147175 34 5977
4899 2 9762
11011792 33 5753
1846386 9 2585
22201306 5 7191
614354 16 6450
20803 2 2064
3692337 37 2828
1 53 2423
303717 50 7657
6728409 85 7067
1 46 69
1215242 40 7288
99317 36 3286
28452 46 2665
2145012 51 7226
1894996 50 3612
143507 2 1528
120263 8 2358
1802347 62 8216
6136262 36 7638
12819 23 722
4661300 34 8933
37588206 35 9355
700629 72 8958
4901718 47 3211
6595218 32 4276
12640 69 1468
5142121 93 9446
117391 49 1239
20562 97 808
11357952 22 5172
25974 40 678
12477273 15 7892
5866746 24 8167
718632 95 5727
24845223 1 8142
5840848 35 4402
25164659 99 9988
155259 33 3997
173918 98 1063
230762 5 9773
12282165 90 5231
5103905 61 6415
138171 57 549
2396326 52 2756
23386 60 1337
86474 69 8609
59438 11 3234
764494 46 4748
54740 88 9506
3464276 65 6722
1 16 28
413371 49 1030
4283 77 734
14820950 19 7286
113233 84 1770
1356330 88 9379
6630254 32 9445
1 68 2216
4915 20 5682
1665878 3 2308
14914029 35 5529
14272953 53 6780
33284466 65 8804
22085002 35 9440
14594201 36 6029
4017664 45 6539
13632321 79 8317
17994893 3 6084
3848381 71 3128
118194 95 494
2864716 87 6340
2073309 91 5186
808731 9 2355
197277 97 4719
2104804 25 2679
2299866 32 8529
788863 47 1351
7185287 51 8653
33181797 73 8550
175059 6 787
596627 25 1110
11636 42 530
2778726 95 9780
27564534 80 9598
3866540 18 9211
40869264 38 9573
36335 93 1273
712953 86 1396
1160167 63 4461
653164 30 5215
1130473 61 1618
15265149 54 8188
30404268 51 9441
1916493 4 8812
31380767 18 8227
1838901 82 2389
4726 87 2621
149914 37 1316
3661944 64 9191
1480991 81 2361
12922826 14 6182
16204236 70 6290
17195 19 710
19311027 36 6123
9460940 41 7959
1892901 97 2291
16695771 16 7318
15246796 79 7137
2610 60 1958
13933668 29 7044
244 53 1488
2164532 58 4560
4763633 35 3216
5651885 78 4228
3064507 31 5503
988203 24 6918
1546219 70 8342
17387493 36 7803
150260 36 4322
994242 69 4244
15494 31 4152
7131198 32 4404
4566983 72 4832
8593779 92 9312
27445903 16 7655
559359 77 7818
38677954 98 9152
1058242 10 2559
3590012 99 4039
18048405 18 7164
162289 48 815
6554633 35 7797
5166 49 1177
1004824 62 8705
364461 72 3706
60458 78 2216
13222631 31 7180
22183267 92 8679
26166296 53 8779
1008703 65 7110
6239050 46 9031
3732737 69 5841
7787793 54 7471
28107 64 2607
12441578 53 5451
23479555 26 9454
14611955 98 6297
30177 84 3742
39726 43 2639
5733344 82 6308
1064 57 5313
633046 88 3751
75333 29 6633
1725158 48 2717
3390449 93 6312
16772638 80 9925
4812737 86 8543
6209664 27 5337
3323477 12 8092
3919322 27 6206
894384 37 1275
865420 38 1898
2155494 46 4024
19561651 50 7106
4201223 4 4890
3551645 55 6144
22486 30 4824
3519729 92 3492
1433657 36 4723
843573 4 2434
214488 90 8057
25499 33 1828
151607 60 1887
4418069 23 7118
1325175 28 3024
6345121 77 8881
4308 96 2664
5007498 21 7240
34761637 45 9275
14365671 43 7723
30738197 84 9650
11730015 22 9807
3464226 43 7760
206934 15 901
236963 97 824
981142 4 2161
1367436 100 9186
4198853 57 4854
4988547 13 9553
29260 52 746
5730516 75 4964
1155890 9 3216
7790038 28 7124
1796578 41 9642
837682 27 1979
2600622 91 2544
1408425 74 1638
380613 73 8876
177558 67 4048
604837 28 1588
348350 83 6568
16315988 56 9069
6537486 37 8402
63555 50 975
995735 55 5887
6714 14 664
152698 31 3042
4833235 59 6500
26552598 38 8955
24001 59 386
8896283 93 6475
299924 97 2085
108052 38 5262
5246644 59 7945
79609 61 528
72664 66 1079
1 25 59
90571 87 9251
10761056 21 6948
5842712 5 6591
6551 54 2024
2241721 52 7627
8134 25 1132
216941 63 3468
254 27 222
17424385 47 9530
1214051 16 5813
412390 59 8303
2001 1 3877
21772288 4 6673
4863454 77 3837
7026043 88 9452
1145269 40 1706
155820 77 7013
78130 12 1706
6789602 33 8732
538615 45 6428
309391 80 7527
12848744 27 6742
1588519 50 2647
1528772 100 7198
2402281 79 5519
1766596 68 8918
18225310 42 6577
769627 29 1474
4380610 7 3267
16636 73 172
25864 48 4472
26064165 26 8453
2086143 82 7655
760648 33 5380
16227217 95 5976
46293 56 3108
474 16 9851
1961124 26 6107
274015 27 5990
45109 77 871
2804621 64 4041
218960 90 9058
3379337 72 5886
1694698 5 7183
822947 57 2681
45041 85 8220
17519884 47 7103
66013 82 574
6469498 99 9622
603 81 891
447565 37 2497
398715 37 4730
102204 36 8244
871166 6 3959
1 46 3746
1106731 91 4864
110802 6 861
109184 35 2704
2201948 89 2097
97890 94 5574
6687360 2 8916
31833 35 1307
24814876 91 7636
4994856 93 7248
199999 71 888
2205663 7 5638
9182 28 3034
6166601 21 8935
16944 37 1891
3430672 53 7309
46730 77 363
3616 90 1657
5854788 40 8648
10037292 29 8774
4989437 37 5202
436297 95 1088
269288 86 1746
946004 30 2015
6588651 60 6339
4655949 4 6849
5009194 16 6894
17409054 82 9498
126218 59 2564
821065 52 7763
4767766 74 5290
3293210 4 2536
5175980 37 4423
105901 86 2583
67269 27 2318
25477 10 3181
766117 99 6668
734434 11 1257
23521 84 135
6506629 24 9904
5497290 32 3383
124328 15 573
2631036 83 3350
1 60 3315
1643939 63 7883
5842992 62 4457
297387 76 781
1464943 32 8028
681198 38 6761
1835550 98 2891
19847731 40 7038
15881834 73 7254
34497 5 813
27400470 95 9338
408763 2 1602
5443698 72 6820
22735062 41 6949
5339 39 693
27293743 27 7501
41933 83 4380
137992 48 1431
90373 21 353
4193 75 6599
1 100 2809
472 3 239
200582 93 6429
704172 92 3671
181797 36 1160
469442 49 2130
4227889 22 8382
37366795 36 8676
523926 86 3127
2919179 73 3115
4967989 22 4039
45171 19 618
104904 70 2517
1035020 28 1849
1486519 64 2090
5075565 74 8093
1391003 32 9452
273457 20 2260
156705 30 9447
4162344 60 4839
2193435 22 3671
927 23 701
16021489 78 8413
105 40 295
31017 88 232
36028583 71 8942
128751 70 3417
8243421 26 8591
4554664 88 6312
5488814 43 3878
45129 97 642
34201 97 180
126102 1 414
1290944 60 3517
353284 86 3259
614063 48 5669
1410668 56 2862
104099 87 4154
1742526 80 4417
1621 1 102
1718443 67 8546
1756847 49 4580
6630555 27 4352
6407274 24 6023
964196 64 3156
29318353 80 8671
1350818 12 8038
8326990 57 7372
32720846 85 9109
2839031 80 2872
261062 8 1205
402812 38 4878
2130850 82 8570
5912210 53 6333
103149 12 3585
10462813 55 4801
12070232 25 5760
307318 83 6063
1927615 23 8676
22996818 92 7525
1547680 84 3471
347955 64 1704
222408 60 1681
1603016 67 3311
32553 54 915
7434573 73 6073
10694466 33 9322
525172 70 4003
2617170 64 3201
20014 22 447
3394311 89 5663
367232 22 6878
21961 37 4084
2451730 35 2619
2091269 6 2500
479069 72 7873
2774254 87 2444
49174 18 6670
1 73 2475
8074393 79 6495
8825667 87 8608
25307755 36 8045
10049731 11 5807
4019602 82 4472
3790682 42 9087
15701563 97 6056
20954135 99 7630
53873 43 371
651862 97 4992
293721 4 1110
12977567 86 9119
871293 10 8409
10729 67 206
3352540 94 9899
7876817 63 5537
94865 76 3684
74492 30 3281
1885803 52 2054
20005395 70 6855
2664404 85 5301
598915 57 5816
3430142 77 8132
130905 57 5534
1542 90 5250
11687097 26 7221
10854037 46 6552
3369674 47 4517
43026 90 1627
17359392 67 6536
436988 99 5514
251317 31 723
16444 26 461
1988535 19 3951
100768 76 4723
10142 4 292
5205305 100 4367
33874 93 254
1212704 72 2560
1230 42 352
1574584 69 3389
22503007 69 9580
190371 64 8660
2819818 54 4664
13743230 68 5716
110287 15 973
10875426 75 5846
12852841 83 5407
329189 43 8951
17670844 22 9294
3976873 71 6719
12833006 89 8046
8415388 50 7270
1222886 12 3282
4288714 96 6515
7359 11 97
8128038 60 4011
23016 41 2566
15800624 38 6289
1085353 34 2072
21070738 42 9469
40245696 21 9866
31854145 95 8891
228638 13 1312
9629186 74 7067
1 73 1165
576804 7 3807
6198629 47 6550
1198631 71 6564
35411897 78 9850
1310484 17 2025
12022172 33 8943
4710769 2 3489
29480 82 3040
5766451 45 3470
453866 61 2091
3008944 85 5800
8846178 43 6743
24594 45 463
334474 56 8236
16953909 50 8557
5047220 90 5630
7157071 78 5528
108885 40 3087
28679062 59 8859
4035503 31 3174
56134 2 1976
24385 94 472
1858387 28 2891
1942584 93 2409
17481 70 507
263079 1 2473
837349 11 9394
1439328 99 2853
301564 71 1627
3751626 69 3250
153468 9 1947
1244190 91 8624
3530905 90 3820
10856571 63 5742
1191953 47 2368
242 8 1313
113161 28 3465
30012013 38 9867
6759863 75 4249
4764912 65 9534
724228 60 9904
4545722 51 5191
10299339 58 6043
1171269 32 1598
2309625 32 6549
81227 56 5205
1169566 78 2111
52993 5 4656
5887359 86 9953
23978379 90 8307
864020 19 9319
1008734 66 4649
530400 50 1526
26829007 42 7806
13110361 7 6112
55092 76 274
2697074 86 8397
32322835 36 9531
1320022 60 4594
572422 8 4231
1143683 27 6506
4678959 54 6676
512579 12 2486
2308261 99 7305
41122522 17 9205
3573235 20 3638
1 75 3034
2428252 76 2338
5159335 83 3332
803824 48 2258
714769 61 5372
12228 7 5948
522626 70 1072
3924178 75 5833
4020544 77 9304
4845789 12 6348
2935706 59 5146
3392896 58 3593
1294516 9 7101
347893 15 945
101193 21 1669
3755987 43 9963
474730 89 1501
21071 16 405
500596 80 6580
3383224 47 4182
10824583 100 5090
116084 63 520
4156011 53 7103
27742688 44 7989
1078857 91 5711
13662666 90 6678
21000 66 5791
19991905 35 7937
1 91 8599
1946485 15 5170
402305 41 4818
4484717 26 3091
8833123 94 8178
2956428 13 2922
10670686 8 6695
13096 40 90
936980 57 2365
1540324 70 4850
3384130 6 4929
3373228 96 3806
11669519 69 7827
15427287 44 8616
151868 69 4919
57650 74 2815
21175599 61 7186
2112825 25 9048
20951745 14 9147
5056213 68 4217
14779773 7 6238
1013932 73 1910
22792322 97 7763
13723 11 1709
10974 50 648
10636346 41 4773
31248753 96 8063
2671953 82 2339
274984 28 932
107651 36 5349
1514688 66 9391
4708684 68 5148
57981 46 2303
445 1 1824
334250 13 1272
25785737 12 8611
17294699 83 9693
673968 12 3082
1294015 52 6407
575733 11 8524
1517754 37 2847
2193796 14 5733
214968 44 728
47551 89 6068
70336 87 1031
1713445 90 2690
291 17 72
2211002 43 2204
23719476 32 7114
172473 98 774
454470 1 1207
47902 75 7845
1526288 71 4176
12047414 28 8018
8422810 39 8577
1 88 97
1196306 99 6937
57644 29 3323
2470387 44 9307
155819 45 897
2349911 73 3018
6824277 59 7783
2198 55 224
1792365 23 1982
4720197 54 9198
468143 58 3283
5248057 53 4478
3718331 83 4450
282444 31 4388
26069961 14 7958
740976 13 3992
17454978 86 8740
17227031 68 7688
1 82 1389
35839569 81 9206
5748900 94 4576
42183428 59 9236
962095 62 2902
148795 84 3936
732388 65 7014
26545256 90 8072
2913494 34 6563
3728101 94 2745
1795167 2 2379
33020 96 491
211386 44 3931
4567884 38 3108
772312 38 2245
1977470 89 6253
330852 21 871
2836547 6 4892
1 24 1045
97754 38 713
11696765 54 7113
3893393 89 3719
1268454 21 5497
41085 88 4546
212193 89 1390
2471015 98 2711
5215911 16 9073
29005736 1 9661
55367 38 1988
2977958 3 8739
16551583 24 9933
30011794 88 8249
13491964 7 5256
422447 6 1041
16559 95 714
17450 63 509
904547 1 5403
1489742 14 2351
20898 8 3687
8427487 58 4413
613502 94 3587
929455 29 4307
904117 12 3783
4354 2 622
4731961 4 8195
8161 58 930
610 36 96
6088141 54 7412
268390 13 1049
6438411 75 4259
4895764 36 3628
10188141 5 7108
1181027 50 8931
27612543 51 8060
2196292 78 7836
2493439 42 2308
6895677 88 6798
3541040 23 3187
3018403 74 9420
2008551 50 8564
976256 91 8889
8081249 16 7311
597968 25 2186
1490864 58 4158
5058785 75 4963
161762 84 2109
1781235 70 6769
8814223 28 5327
19205469 78 6198
50812 42 935
10768787 68 7677
3132634 79 3159
4209201 48 9083
3321102 83 7201
20037072 63 8365
3778087 95 7396
189478 66 3476
45457 29 690
101258 14 588
7431 8 3696
2850010 37 3885
3673479 25 9306
11735570 71 5759
536629 37 4986
3237097 50 4906
35541 75 1036
667984 26 9829
168302 14 9885
1 55 7888
44683271 39 9823
16767 84 483
61472 23 5055
490194 77 3147
1440455 57 7038
12431698 90 5250
9008 94 734
3710361 56 2711
3273164 60 5982
5020665 100 6502
9363554 32 9792
5644313 2 4456
13038269 19 9584
11200597 21 7844
11371056 53 9223
462582 53 2457
60285 66 1450
695811 3 1354
197376 38 1887
28733322 27 9657
27484326 25 9818
12603756 78 5064
2115962 62 6865
1382651 44 2196
9242360 56 5314
18347953 66 6333
19566027 39 9289
4166191 57 3580
27877 57 508
12525748 54 8543
122934 44 1496
2567930 62 4770
2621000 75 6065
596891 44 2047
447591 33 1286
21941831 59 9577
6978459 8 3732
258843 89 1853
36376261 86 8940
397576 57 2137
252216 27 1112
3912232 90 4286
34297748 67 8859
265 28 376
29110001 92 8233
4214893 65 3815
2248683 73 3277
70772 62 1562
9845440 25 8722
18836 22 220
602434 2 5589
488967 91 4149
148106 21 8827
61265 30 447
17226345 18 7311
792404 54 7630
198698 60 1238
1680894 68 9253
8016263 70 7303
831882 71 1278
2891692 67 5965
4476827 62 5787
20487901 50 6853
57594 28 751
1000695 28 6421
18804810 95 8241
18966376 21 7500
537687 70 4822
24783307 71 8864
2978717 79 2677
1211879 86 3792
1113009 2 2010
404105 89 6309
20739975 45 6955
3252416 25 6438
5661561 59 3940
7289379 25 9263
32341361 98 9991
19009157 5 8342
528680 65 5689
575136 22 4417
254993 24 4020
10391 4 2037
774258 78 2163
671138 90 2575
15964669 67 7171
725627 61 4997
972914 5 1989
361305 58 1112
141579 18 1375
3210255 77 4495
7115377 96 8756
47459 37 1973
1443668 68 1677
419889 60 5783
5454395 12 3608
2798268 94 2689
23140636 72 9889
25980360 91 8469
20763089 55 9860
7739182 31 4770
18821601 49 9325
9328970 77 6089
56645 77 4443
9093966 78 8080
14621129 44 7838
717353 14 9142
10261 51 449
8937916 38 7143
4291780 44 5369
4872932 83 4368
100894 46 1840
7109695 77 4042
14119557 62 9099
513611 33 6885
2968827 93 7088
25509488 74 9934
26222226 14 7590
12106119 67 9238
851435 54 1252
9176 48 1175
1 63 208
121101 67 1071
4079 32 1898
9898875 80 6963
2183325 39 9880
3348077 72 2927
332071 17 1080
21840 57 9024
3783234 7 4963
11104 72 3083
28470 25 1048
2020854 80 4721
2801412 2 3163
3019389 33 8186
365362 45 986
2144820 33 3639
836035 62 9772
1777923 32 2996
358412 77 7116
11776 94 309
10299688 78 6989
14558287 67 5633
8959495 97 4189
2023840 67 3817
1274099 50 7614
30133521 100 9156
1027135 18 5160
745233 7 1529
35620526 31 9033
1 55 1155
5022455 52 4146
3054553 65 5167
12726557 5 9971
1671439 46 9699
801535 77 8230
9142 27 9582
35051 30 2441
3585527 56 7495
9775 12 150
8741391 45 6636
8923070 41 9296
9932259 34 5386
1 79 8361
3180024 93 2775
20214475 42 9723
124459 84 7107
10539437 37 8295
20875921 26 6791
1361400 41 7332
7455187 62 9921
8644748 35 8004
1883469 43 4212
18205667 87 8278
10244637 12 5763
139553 58 6762
17747457 43 7851
17076 96 2236
2710219 75 3058
4323149 14 4190
3119533 38 3708
59625 79 1807
1802503 80 2223
243060 57 3249
182570 38 6246
19153818 60 6372
7965960 69 5604
3718015 17 4262
905465 41 1956
27887 90 295
40197 90 5666
25301281 89 7035
5454917 2 6586
26514597 57 7817
18017 87 913
819141 18 2526
887480 79 4840
7104757 3 6418
11726562 79 7337
1 84 3711
2350842 10 3536
3496253 59 7485
225157 34 1897
2072989 84 6336
10335 35 3765
2652065 4 3358
219960 61 6023
42380 67 5970
5335995 57 4204
12322836 62 4983
829797 14 2326
424 68 242
8945024 50 4426
2279363 31 6539
23483870 4 8519
19996438 50 9928
8362 19 4786
22389 78 878
15350 43 473
21085655 72 7492
486286 99 9125
49091 75 698
2695306 66 5213
14998541 87 9961
13888319 50 6736
13222310 62 6257
13633708 14 5911
7760451 53 4504
522085 13 1124
5070775 70 7041
879904 39 2212
19400 81 6119
3052855 12 7628
457539 59 991
17142209 12 6989
638615 38 1635
18139268 44 9266
59441 59 938
140270 82 905
1955357 49 8484
15212215 43 5729
1800944 19 3800
3591102 60 7959
6297 67 260
28454 39 549
1829914 31 3116
39327626 10 9131
5230920 9 7046
1098589 78 3228
57437 95 5864
37200495 20 9080
11238490 81 6199
2003 58 6342
626560 91 1443
11215150 25 5650
3011657 3 7064
317452 32 750
6442537 65 7440
33015423 36 9156
18182 71 650
166609 70 780
38601 27 217
1684149 75 2368
7120171 80 6843
4253804 2 4354
29423786 33 9773
12136137 78 6967
10764468 74 5356
16219611 9 8212
15571248 19 9333
5198 25 560
13770749 47 8923
22061278 76 9622
10674194 86 9653
1 46 643
1436529 73 1821
29055713 80 9255
262695 49 1069
11539047 85 4799
2029095 61 2402
475717 70 9015
3636097 5 8754
221459 45 981
10036004 55 5049
5945819 76 5185
2943050 46 6576
17468236 38 7485
11742058 75 6316
33073432 61 9281
2109531 14 6405
3120 42 53
1637202 11 9320
45203 67 1243
2470005 46 7055
245824 75 884
15712112 52 7110
621674 74 2083
1363822 65 8952
3783956 57 5192
25259033 56 8659
337499 88 2349
1082544 1 4580
7760234 48 3858
8501 31 4892
43454960 45 9698
11281021 21 7608
1187951 51 2988
8034196 16 4032
23764 96 3517
373465 5 4180
15132725 70 6018
25932 43 4273
8540722 86 6022
1386012 43 2714
3462664 26 3232
3967841 72 9524
57492 32 1304
1614169 39 2155
5428990 21 3307
23388899 78 8830
2182775 7 3789
267963 3 8336
3132243 65 3218
2016303 57 6705
3908622 9 6043
11439806 17 6164
15722812 13 8675
1263894 34 3840
171947 9 6413
4062151 54 6773
57432 12 625
4852060 52 6115
3231 19 788
10212303 3 6656
345553 33 2972
2086617 11 6559
267170 14 1323
2031198 16 5761
6671688 76 4968
13525062 100 5931
26202 46 2517
2744241 40 4008
1211457 77 3069
459535 41 1872
22248 45 141
29405991 92 7734
204616 39 6500
1272403 49 4985
11709555 36 8952
2727459 68 2304
26801645 5 8446
6821125 78 4196
1882 3 7569
7768 97 2420
632676 54 1159
1674727 27 2017
1162501 98 1463
4431176 25 3456
2420161 57 4499
11553451 58 6308
20570282 55 9311
2410684 39 5030
206492 79 9088
747229 55 3168
13587376 86 6034
14965052 8 5411
397783 32 7669
12431144 24 5017
1 60 6032
8334229 51 6459
20249258 63 9276
1479139 45 2574
32894 67 202
248894 30 2909
7277444 81 6680
2271770 6 2634
10610993 88 4640
41752073 9 9407
961528 58 3291
332273 66 2193
20603 21 1396
3858222 83 7430
1058020 17 8024
657903 38 1554
682294 61 3325
18149 43 309
73975 51 9491
510834 27 5953
1383763 9 9796
18058502 78 8350
6038869 82 5166
7734380 36 5570
645277 51 1186
2790533 1 7446
4272769 79 4456
507471 58 6151
280136 56 1432
2184523 70 4435
23464408 10 8804
4402509 87 4288
1190733 57 4705
150992 87 7918
231073 94 3243
192343 18 1593
6444144 20 4991
1 66 929
1732159 83 2144
10368051 24 5643
4697311 55 3742
5307744 59 5137
5839189 1 6919
984131 97 3456
4935125 63 5618
6579670 30 9624
19942400 43 7686
57316 39 2634
2297516 71 7748
3735416 86 2689
34173522 37 9068
74646 90 2476
10168981 65 7889
6231609 50 7077
217399 72 4325
1616240 10 2529
23887 65 2723
9893562 54 9592
235413 38 709
167932 86 2605
1772024 22 8806
1779292 11 4975
1682850 63 9983
1426156 99 4769
152231 33 5893
266137 8 1213
2292776 35 4943
2518580 37 9604
32570199 18 8279
761711 61 2079
161824 77 8014
24481161 84 9158
2326714 73 9178
1758 97 5142
9235518 18 5061
1922560 24 3743
1063337 2 3903
1312074 87 6218
2999 14 1025
125341 38 2748
9477239 65 7861
2575982 46 3084
9907357 92 9111
3921083 46 3624
1525147 71 7742
10888729 78 5291
4782294 55 6551
20863407 41 6880
2950835 27 8472
18166004 6 7335
3421319 100 3511
744 35 6384
9923480 47 7243
197001 27 2196
864740 38 3188
19034116 69 8304
50821 20 608
26856632 95 7514
2612817 99 2333
23413546 42 8958
15626969 44 8096
1900010 47 4856
185468 45 2606
14783557 78 7398
33976941 45 8477
2340296 87 2420
4142876 52 3175
11166594 18 5736
155386 10 8682
20348219 17 8038
1164381 19 3623
891460 28 3227
68923 65 401
2199304 69 3551
118915 63 1744
12608867 52 7925
6628778 85 8626
3121006 22 2488
1862942 44 8525
60449 75 2106
1299215 72 6766
13001911 70 6170
3502143 97 2895
8158306 7 6785
861611 71 2532
402193 23 3357
2082391 38 4340
1343044 98 7840
6608113 29 4244
2284016 23 4211
11570445 13 4820
31773302 91 8822
44551615 81 9877
95735 70 2400
8001185 83 4760
6922427 73 8785
81 52 3691
761425 58 4640
1691099 66 6893
772251 82 6730
493441 9 3971
4401616 22 4474
1865509 24 7925
5870974 70 8795
1131054 57 2480
36030 72 3442
1852995 5 4827
250308 95 732
4683012 19 9052
1 96 635
6862161 9 8116
44045 23 412
2188931 17 4683
15453534 13 7028
1273282 48 2432
475056 53 5496
383 19 7812
26118988 2 7537
45101000 96 9623
15051659 80 9523
241762 49 7750
2500 34 3878
9577661 19 7095
13765 31 705
603929 70 1630
34889942 19 8366
188617 79 1030
15694 38 481
4918613 54 4839
140208 68 6542
1783305 41 9760
805009 12 2137
232187 80 1279
536097 50 2176
13826757 61 6006
46158 59 1921
18989282 32 6299
22091 76 4041
676917 43 2737
2539111 85 5956
38134 40 611
6830 4 820
1044557 87 9055
309868 35 1196
2678747 53 6202
37890864 51 9339
1618990 27 4317
13510 31 2810
43761 84 617
3106181 35 4924
16362957 6 8260
15284644 93 9631
966980 2 1475
23389 65 295
389817 61 1561
1847984 94 4784
3068287 5 4284
8958401 20 4376
2179655 89 2004
122938 98 2167
1 68 124
1861396 25 2480
24121775 77 8944
18297776 87 7110
942596 96 2250
174962 47 1268
1556082 40 4335
3755293 43 5523
2012272 62 9985
3860112 48 6164
34713864 97 8987
2482997 55 4058
7669938 2 4359
6954878 38 9213
26233 64 897
1295490 95 6024
81436 100 1516
1 35 368
4139773 65 5279
1312342 68 3873
9928932 24 9347
119508 93 711
3462234 25 6754
7341069 57 8089
720104 42 5579
1967089 9 4524
9125893 71 6523
427650 94 8528
27985144 74 8239
5956852 42 6827
16530549 56 8806
1156436 97 6940
91486 14 1079
1189300 41 2192
411996 54 4711
6219369 84 7730
906845 23 5643
823585 58 1461
20546428 12 7314
983427 23 2125
6705742 85 3852
5570865 98 5289
11665054 81 6093
288696 82 2465
1362817 65 7176
732217 17 9605
4218022 34 6138
9593819 16 7434
7198539 46 7403
471760 94 2452
17964001 29 7798
320634 98 9230
1534816 81 4265
2611227 12 2514
583560 53 1499
6671859 27 6407
544806 60 1519
82132 7 748
283506 76 1598
4927208 13 3272
18336848 25 9872
2008535 58 2527
40125 21 5977
7264535 39 8105
1 24 376
18462062 90 7410
5340422 79 3418
18327275 16 9738
5767892 75 7108
1319650 10 2096
244164 24 683
87960 97 1056
1311679 99 4160
2413808 81 2840
371024 24 8989
18434938 45 7788
2001890 19 2271
878295 61 6463
14504653 81 9153
33080657 52 8737
6479615 16 5851
1207132 24 2034
18125385 15 8041
1512554 17 7435
2812997 38 2547
4875881 40 8517
447529 14 5360
4816793 91 6893
962957 39 9292
1103 100 231
5402328 58 4342
434522 52 3813
11691 44 76
326553 80 2079
17132 18 2780
1149205 70 3581
4343445 50 4975
1 23 706
5173599 34 5303
282920 33 677
372968 81 6728
1471000 55 3915
4312250 7 3645
437340 98 1993
4039003 44 3362
33995 74 641
634654 69 4640
176669 25 793
1 99 1573
1051206 46 7780
12185119 46 8204
16579545 48 9687
12569908 19 9527
8228249 93 6115
16238017 18 7841
13442559 94 5736
10745670 22 4626
2098 4 900
31731 79 969
7478765 43 7846
2323156 26 2190
10471 29 729
855231 30 3391
855224 11 6544
16337648 30 7821
27921860 81 7804
177037 7 1643
5231916 81 8042
6509 20 343
12121152 75 7437
13624990 99 6462
5401792 38 6410
112038 32 1771
4906891 76 5823
4432691 19 3836
491490 67 1563
15322435 40 6390
418944 26 3257
10913243 85 8004
1658934 34 8693
7866727 51 6574
18465633 38 6295
1406 13 8539
9479306 99 7218
1977087 6 2229
9180386 64 6844
1281347 73 1876
43426 67 3203
5048270 72 7221
6547406 78 8529
665728 67 1725
5479642 31 7166
348 19 2991
9669578 50 5791
898475 75 1858
144744 5 5444
23626746 76 7344
730708 33 2746
32237 24 169
74599 68 3194
2312376 24 2573
393628 85 6719
632643 32 2623
672072 80 1258
11719538 82 4986
9296792 52 4279
4587232 51 5568
11590 25 2165
34924141 26 9975
1428450 26 3637
46413 91 1309
377579 42 6063
19239 46 4365
27922580 40 9671
91759 99 1696
4966280 59 6621
3359591 57 3345
3185782 53 9629
1044949 16 8412
7052458 34 6874
19816 47 140
4920 19 378
1069540 19 4311
9965618 66 8561
290654 61 2093
327116 81 8071
1569171 45 8322
12981824 59 9099
1653135 14 2249
62311 83 707
270426 85 4091
2603325 69 9605
16467 83 3695
3160724 92 4067
158389 10 5637
2519192 88 5793
1472545 59 6931
11392061 74 7418
10139 96 477
5232018 98 6940
9469120 11 8288
5001 8 1593
62849 7 369
6377485 31 3843
12583863 84 6114
1 37 520
3649120 6 6713
928031 12 8066
6800591 5 5374
336054 76 1732
16655153 83 6509
2281032 28 2533
29849729 85 9340
2425118 98 6125
1231246 30 4277
10024095 99 8635
3825921 50 2693
232190 17 4871
7151341 13 5138
489407 57 4950
29353125 32 8522
6960754 45 5605
190521 47 7993
5755 67 515
4284188 38 3665
792817 78 6578
2147577 85 3111
615636 88 1836
3255826 71 4823
4243353 62 3591
9826195 42 6200
8706957 10 4388
1797634 25 2226
7953662 18 8893
11708347 80 5315
98295 85 7433
585070 79 5006
17101834 54 8002
16844656 13 7373
1007196 44 1591
262102 58 771
419432 48 7318
1802856 4 2803
2502762 3 7711
1044435 57 3476
17698 99 946
12937143 59 5223
4970602 17 5712
6761321 93 3658
6352598 71 6427
871223 39 3279
2864284 99 4405
29523784 97 7659
25230675 48 7811
2995108 34 9910
166189 74 1668
1727624 80 5098
1844236 60 6603
1326626 56 3093
7163162 25 5110
9865830 33 4649
592526 15 1342
241704 16 1817
372987 52 7734
418194 47 5283
6301109 15 5943
843076 76 5615
238810 44 2395
259601 72 1503
9776360 24 7929
46132 61 709
6238799 78 6004
2810924 73 4732
646279 36 9058
15838164 65 8397
2884240 82 4083
1469056 25 2152
4261619 39 7541
14971025 17 6478
158548 46 1033
3825398 96 5777
23946296 91 9865
1 32 276
23889525 91 8311
2169370 30 3906
2843378 4 8464
789658 46 2892
573846 71 9904
15411627 61 6310
28852 61 540
79525 19 2468
139791 42 8419
8603056 88 4322
1246631 69 2754
40072827 34 9715
298191 11 1153
12664225 80 5716
647775 30 5834
8482 93 110
815639 91 2072
10134715 57 9748
529 25 53
738948 66 6518
13392224 37 7846
17565587 36 9463
50822 89 6126
17022367 94 6483
7652 66 334
9487106 17 7929
17276784 39 8985
23212851 89 9464
2534657 68 5862
1464387 95 2754
702999 94 8825
336396 23 3001
15905315 89 5693
1425151 76 5358
5457195 44 6416
30716 9 317
14124331 24 7914
8010498 79 4579
920758 95 1768
12425216 15 5154
4897045 68 7577
426809 35 6170
8449500 37 6310
3550291 84 8169
347863 29 1372
252609 51 1610
731353 42 8056
8557437 97 5539
608144 38 1438
496721 31 989
29567870 48 7925
2384995 40 7275
2659195 65 9581
1319231 70 3769
6650106 52 8999
22809156 18 8994
3541650 48 7185
12133 23 1184
196656 4 1297
930846 64 8930
3623543 32 4600
5104283 74 3601
24956949 57 8649
2459742 34 8391
129578 26 3958
62654 53 381
2544482 58 3392
2205278 42 8936
213821 49 7600
43990 14 2662
79376 64 6128
1081242 22 4181
4210500 51 9645
4560999 93 3783
22417708 34 9928
3442873 53 3284
2565039 51 9412
1981969 55 7247
91962 76 5957
14310 70 806
11307662 61 8005
2420470 70 4460
349142 27 3384
33167198 10 9630
300460 41 2608
7487 87 1001
4359465 86 8849
106840 33 1842
3190842 77 4514
2363810 4 9989
93138 88 1189
20304131 40 9403
160023 20 3387
1023804 74 2707
5767211 24 4516
6950692 4 4450
824 79 1057
7458713 48 7953
4737058 6 3347
5259826 56 5388
94303 75 4621
3362287 47 5399
3143633 78 6125
24895583 83 7710
7535187 82 8353
419808 85 1324
32670 84 9133
5278421 46 5675
1 82 4973
21893881 17 7694
11878362 70 7629
239232 13 878
6445595 49 6593
3244 58 332
1828762 48 2637
10087 40 1045
20273722 36 7512
204066 55 4518
9407105 96 5631
2618225 45 3235
5234231 66 7236
39527 15 5753
2160058 86 3203
806722 8 1786
12942111 60 6091
16681723 49 7335
14269838 16 8653
454814 90 1105
834332 35 1948
3722308 88 5384
282443 62 1237
32104324 25 9831
1258145 87 2146
4661973 88 4255
14358323 7 7163
16742979 23 8719
3333893 94 4142
21894 69 1227
658503 39 1180
211603 53 3298
126581 90 3049
4461390 53 3071
500006 99 1248
1 61 8133
37072 53 2165
3006854 6 3648
17684 51 1475
239831 54 6966
10040936 28 5685
6508771 85 7041
15255 27 9991
6438148 2 3983
21174181 47 8181
779600 8 1227
1227178 40 2677
653 1 1991
12540849 100 8712
846539 9 4937
16500204 75 8120
12280013 80 9567
8109352 92 5403
3721098 17 3267
1406368 37 4294
4815141 32 4675
6542322 73 6067
710124 20 1671
650290 32 3307
3527837 43 5085
5065246 62 7410
3448216 43 5672
23796 26 5805
17841400 71 6158
602580 84 1343
387328 81 6204
56406 23 611
4265343 7 7144
21542417 55 6864
11752709 66 7565
422197 95 3206
2558013 23 8630
342809 42 8183
3516606 10 3139
1368725 21 4292
1 95 338
150032 48 1102
1097172 83 4528
38151002 50 9457
795482 47 1191
15536904 21 6898
50886 58 8761
1241942 54 2083
946061 25 2006
10680430 90 4865
615219 85 9521
348438 4 2270
35005 50 4140
33963319 63 9771
507159 43 1338
12314160 62 9876
32783066 71 9780
8371379 92 5946
748030 77 2516
3117174 11 7063
97679 19 2991
235420 67 1617
762687 99 8342
912063 59 1256
1055708 49 3612
2336348 49 7530
15067849 83 7980
5889259 35 5687
2847359 59 3366
1576446 1 5474
10155085 18 6613
2578714 41 3254
10504549 21 9070
121706 54 956
71586 40 9077
1963899 77 3954
2596408 82 6751
27355 94 450
14985 84 122
1529334 84 3548
282516 92 6188
1135240 24 9645
29283429 85 9172
1041346 76 1762
4708515 40 3893
17683299 88 8892
1839153 44 5175
1025911 39 1335
5656795 36 3398
140236 45 2285
16957169 74 6047
9773781 33 8282
1 59 596
14950 1 430
615596 64 1502
6836228 92 4288
12014280 77 7483
816611 20 3387
13782830 75 7120
10385898 2 5162
712943 53 4699
7770837 17 7336
84063 54 3081
27817 52 7309
8163697 79 5319
1859715 76 4617
182835 29 1016
947212 96 1353
15945076 32 5936
1876457 1 6254
5193631 37 6078
81780 97 1067
5163679 9 7409
2114887 56 5563
1 86 649
12650694 1 9869
19565158 26 6659
277272 89 5233
24091782 35 7782
240504 52 4973
5276153 84 4247
106467 32 1068
9485 99 451
27467942 16 7904
60338 77 466
17494022 17 9439
1278300 73 1915
20668054 2 8927
118574 27 1378
15472723 8 8605
22457266 23 7210
1204706 62 7928
21144108 42 7476
10570697 56 5182
25492462 26 7924
373294 27 2365
5042929 45 6280
19964015 24 9679
37913 62 1803
7182263 55 9455
6015670 12 5907
347398 41 1238
2184224 18 3757
1929137 85 2529
1641259 24 2598
29463905 3 9735
1109307 45 8928
494852 30 9860
19521145 69 8175
1078187 43 2022
2926556 48 4467
4540491 65 4726
3019618 78 3252
3212 54 8911
2909357 46 3034
468750 30 1366
2971578 23 7110
32922 26 520
355625 91 3820
5329294 4 6094
3207 26 4643
61169 13 2813
22859393 72 8652
45679072 67 9487
1443617 35 2149
237305 2 1915
10113 2 2628
14088162 99 7838
5902636 58 5751
4254 90 513
24065909 74 8464
559551 3 6171
1 33 365
1523 32 1509
16811078 26 8806
700738 32 4808
3316195 51 2558
306530 30 8516
42491 8 1831
840247 35 4376
5007 35 2633
16355996 85 6950
2058828 29 8092
506520 88 1660
5548 84 5977
4999932 18 4009
44134216 42 9500
346804 29 993
17052572 84 9461
6591823 66 7060
12668743 13 7748
22171481 2 7733
2023250 41 4566
267700 47 5594
2936906 51 2434
781327 39 1779
33928305 82 8556
7094672 87 5026
54094 54 2785
30884 9 7627
224260 17 9165
457880 67 889
867435 12 2596
6363517 90 5273
198463 96 692
120396 93 5213
3110306 43 5239
1609082 82 7066
14779801 11 8400
2667 33 2553
41257 86 1004
6139648 36 7743
4211207 36 5867
22482417 70 8218
525284 98 1637
311873 27 2192
744087 48 1561
3465665 35 6416
10204924 85 5164
24523 96 1272
468271 78 1987
13407881 82 8479
4499719 21 9193
5648040 52 5348
3936720 86 5783
588958 1 6665
119751 74 1673
1374747 73 7218
149433 63 919
15145690 49 6042
20921241 49 6454
408733 59 1749
2915665 57 5417
31609 82 310
1061712 59 2106
977284 77 2802
2726551 87 5013
5025724 78 6787
690801 14 1088
621858 82 1456
14671377 94 5528
18774227 55 9508
1257302 17 6686
1055913 69 3258
4264387 84 4038
4449317 87 3547
1099487 43 1788
70538 60 400
10196923 84 8198
14824851 10 7572
16358 81 440
107802 95 2504
35810797 5 9509
11665144 86 7289
58473 100 5325
1707538 38 2118
9825212 30 7354
8976831 4 6145
10106 23 114
19859 63 3853
705199 80 7725
156377 9 581
152644 44 2682
2097974 40 2741
2494126 20 4286
32757577 64 9242
34593 68 416
15287795 74 5988
477581 99 8968
13573734 73 7366
3519024 79 3482
7918743 14 9713
9448504 82 5704
17397 44 8623
2088345 19 6928
13832736 47 5484
200290 35 560
1 62 94
1100353 84 4816
32401 40 1806
12445287 16 8627
816 73 161
6895748 39 4806
363836 14 988
24643380 16 7995
20579574 65 6595
21399 55 4967
2270664 37 4138
36306123 33 9032
14523010 28 9914
1 28 113
1206999 32 7515
15711970 26 6512
12928080 51 5416
57257 21 7182
1844181 15 2208
64800 45 1428
11956497 19 6849
853826 65 2200
4650853 26 5193
4878727 48 9678
14813543 81 6986
7632 45 179
3002029 69 5723
11867 87 576
307 3 2476
44987 36 769
3414683 91 6326
1205405 74 5605
296214 51 1249
1232 93 2510
9203449 68 5996
4703518 97 6090
5310633 64 5102
23287391 4 6882
3111104 87 9067
163314 45 739
14814815 43 9753
20546600 82 7498
287280 24 9823
43735 93 424
19527513 38 7491
1696 41 336
2681478 84 5130
1050020 49 5456
549356 3 9959
1147531 37 1919
24724098 62 7516
1072853 27 4006
4743426 2 3855
9426793 60 9893
1357339 58 7430
1235567 9 7276
31256612 94 9155
1 40 1754
66360 29 337
10827530 80 5335
39224248 69 9625
20478465 11 7471
139116 32 1813
18144614 78 8440
3550 51 4477
10900009 34 6407
2955395 73 3358
471738 71 1601
1217770 59 7803
28297010 93 8047
3089658 83 2484
35180 6 188
17565069 9 9823
46742 25 2408
8290174 2 5618
9151373 16 9255
21320917 60 6666
941497 84 4232
34018412 30 8254
9627000 38 7569
20883212 10 7942
174339 19 7573
888019 59 4299
1 41 86
1005585 77 8136
130691 67 1382
35298 78 375
69542 66 1071
3967074 61 3553
2854905 94 8498
5331272 40 6190
2645222 94 6127
12993 28 597
10109207 95 9696
2448413 63 2698
4505315 70 3096
25250341 11 8727
1826114 10 2393
7389225 5 5545
16786572 51 8676
278377 30 7769
16449466 84 8900
1908401 4 2646
23123376 73 8683
24142433 89 7862
866852 26 3938
1133532 60 7751
7722518 62 9063
30797 56 183
28948295 2 7831
7694253 87 4740
435059 46 878
1189137 61 1576
422236 26 3506
331722 77 2124
1961167 13 5778
1619128 45 7829
3939 55 1641
4350707 74 9290
13158077 4 5074
80378 3 1671
49837725 38 9963
82918 38 4513
33414 41 425
1951250 7 2968
14192317 45 9049
187950 12 566
3120765 40 3120
9872120 92 5253
360348 54 2396
416484 88 9180
17689069 87 7748
5600 50 851
305082 92 9199
60558 15 7536
404807 86 6434
15874799 13 8395
38762 89 207
4417446 80 9789
1539602 33 3236
15887331 86 6787
69564 1 935
284277 25 1913
614688 69 1294
62095 37 562
7413177 33 6390
116328 84 2416
1906949 62 7318
794475 65 5340
690540 76 1237
28061634 9 8827
3104898 50 7653
213545 48 5909
259503 30 3775
8899273 35 7782
159936 21 8253
21530 33 1254
244353 76 9303
34789342 69 8416
7591109 87 7434
13024365 44 5350
3074346 23 4057
23236288 70 7356
859566 57 1783
13311 33 438
1272187 35 4946
13206927 11 5091
307133 47 9409
489 21 4218
1063323 13 9315
3143287 55 4917
282282 55 3091
16730 64 454
3629582 28 5688
371805 88 938
13651647 84 5574
59037 90 1608
222628 52 4056
2402100 10 6641
180993 3 2010
32168630 31 8260
6282887 78 9717
334891 69 8464
35545776 6 9142
14083208 13 5704
7986218 78 4742
143399 56 5038
3919820 14 3002
7102316 29 3999
124900 39 1493
19032704 46 6271
1273820 51 2130
236863 85 1830
68436 76 7428
1105391 27 1978
417447 40 2472
2313423 5 5669
13944 49 3519
13377239 93 8093
12066491 33 5700
4986462 63 4715
4359082 47 7883
2058341 14 5306
3113798 60 9281
15712239 75 6150
935432 37 4492
7585218 64 4815
4065526 76 7758
214438 29 617
3587574 29 6230
1640630 15 2992
3690 22 2243
1495163 15 2308
6551926 5 5848
28559179 75 7605
1491929 50 2808
20155997 44 9655
184482 98 1392
3490028 34 7042
883123 76 4385
184028 64 934
345274 58 6416
5881801 92 8278
121218 90 2471
1 87 97
7671309 54 5971
6710924 98 3651
6213 11 2511
689 59 1486
1851283 21 6883
2082918 37 6462
5595327 21 3919
3641369 57 6188
139326 27 2876
6314456 79 4249
175864 18 7054
846419 27 4676
3827701 10 3173
29403385 12 8653
2548157 76 4577
657293 22 3299
11335211 19 6088
2190847 11 7807
2606520 14 3298
53338 62 426
6608125 50 8238
6966044 35 9376
465210 37 1219
8020248 74 9376
4702839 40 7474
2193576 29 5972
1497992 7 4129
16096 2 6456
1893138 10 2584
10998238 51 5226
1472788 87 3821
2102995 38 5561
4516944 79 2930
845819 47 3452
1393227 91 7334
802662 73 4514
1404207 4 3370
19002684 92 8541
23528539 3 10000
784467 4 3597
4741282 46 4117
1 41 61
16724772 18 9149
1 42 365
11920888 94 6760
3494606 46 9190
3858230 25 3472
600358 95 1553
1817734 30 7127
6894584 71 10000
6599176 51 7524
16506007 94 7891
5276642 34 5556
8423917 2 9346
6724341 16 7057
3565589 79 9282
2069854 20 5579
14681 27 7085
2194957 57 2324
666601 99 1886
227 18 84
671823 7 2241
479861 6 6105
63859 83 436
50890 62 643
3320257 66 3862
1196354 90 3813
11870 56 234
8074 49 634
2701177 41 3200
3717571 85 3345
395295 88 1028
7257919 96 4268
485801 94 2169
2145955 17 3735
6703858 68 5242
1446127 1 7753
670266 40 7792
6860230 60 4901
21918610 92 9794
891025 68 4131
8759 31 9190
12017612 19 5345
3901384 67 5727
2721339 58 9354
24375 42 144
2059223 87 7459
495055 34 3760
15766317 39 7218
8771659 97 6293
21300 40 1426
24861 87 2099
13917595 69 5498
1165355 29 2583
2769118 31 6799
9338 60 2203
5337553 79 5149
7080716 54 4895
1042 16 370
418 36 9299
207980 16 978
1694783 54 5851
69075 75 1004
5118279 57 4707
5214091 17 5912
250321 77 3462
2992374 93 3340
2376621 34 2857
99628 57 5913
736303 19 8263
3003078 72 5753
447358 16 2324
1 95 2956
3906531 1 5003
92215 7 4925
376008 54 7817
32022 12 340
135506 65 4574
54203 14 679
1541490 34 9920
7329563 44 4586
34809844 10 9792
70339 39 962
654390 28 7153
866749 29 2973
4286373 53 6870
12644668 84 9020
20793710 50 8217
26389 75 668
5494118 64 5619
307757 21 3080
513787 58 2815
8704000 62 8928
165779 15 4170
18957450 5 6386
3023050 14 2862
737547 90 2156
8313380 4 7712
149369 13 1312
79135 56 2973
1038424 77 7044
3087747 100 3973
1473073 53 3208
49207 18 9545
5682218 53 9423
3338007 97 5404
1893908 63 3373
4404933 18 8367
21612801 48 9793
2834504 39 4789
17247449 40 7068
11503714 9 7913
11681617 37 5087
9472432 4 4783
219531 32 1367
6037141 93 4337
22376803 37 6662
21901067 51 6888
2888902 44 2622
22278 47 1598
6519489 43 5770
136974 93 722
24243258 94 7750
329246 74 7608
1047 34 6692
2609985 27 4361
360 99 7940
27768087 86 9198
4561785 22 6095
566611 82 2025
1265041 84 2194
1286839 23 3568
1122797 80 5542
9678030 34 5449
47966144 45 9796
806564 76 1250
15598159 96 8907
2137133 43 7810
31300 40 9379
847342 60 2850
395026 5 6033
2090974 54 4714
1321959 95 9684
10761522 99 6999
3487845 58 6709
1188218 93 2270
1 13 139
37806928 54 9971
9489367 100 9603
13548906 48 5967
90015 15 1928
2402451 79 8478
7591 72 1365
11504697 5 8329
28255314 62 8215
3883918 6 4282
69632 25 2383
2562027 97 3862
3589988 49 8568
1131905 80 1466
28834 43 9589
755130 73 2152
1202709 96 6283
8079932 38 5445
4542674 74 4377
19025620 94 9066
10917906 52 5600
579443 27 7698
677672 91 1164
12615601 55 5792
75226 9 3613
33401 62 3383
455700 90 1394
56353 93 8419
69913 17 3539
7604889 26 7052
10446783 51 9192
3752711 96 4816
391 55 2957
206002 69 6690
5703119 14 8190
1039269 37 2061
289240 91 1233
10228322 45 5798
7902252 48 5371
943551 13 6665
4340183 93 7496
38581257 8 8793
4081627 79 6207
682061 3 6267
2421765 6 8846
33229 6 186
20924371 57 7738
45547 52 1527
31187 45 2746
8828604 6 5043
8281958 48 4705
360276 93 872
142064 50 5567
14608547 20 8142
3986864 19 9606
464529 24 7863
654588 70 2807
396 15 4452
15292067 43 8322
20897247 99 6408
1 37 3186
4719196 36 4601
9158542 22 9017
2152725 21 9304
2297518 70 2410
844233 6 2630
20326354 37 8899
3141337 27 2872
29225398 87 8087
875036 81 1591
630706 54 1713
20649715 6 7049
43104 93 313
9442837 49 6858
8870699 68 4842
8633812 62 7418
1408173 100 7485
16618 18 1050
626769 97 5060
3906941 75 6284
1 69 1508
341359 22 1661
22977348 20 9829
14761716 69 5577
5462277 79 6564
48040 51 4519
1311374 47 9707
9801812 10 7661
17972776 1 6681
10393715 60 7171
5613654 8 8237
159983 31 4277
239937 55 1779
11944546 76 8728
9752098 57 9782
24343416 26 8915
834023 98 6543
653157 11 2988
2898558 74 3391
32298465 70 9443
795278 59 7989
846504 90 6140
126858 27 3331
13347391 82 8248
2300300 21 6645
11803391 30 5064
81841 83 2073
173835 25 8444
7850513 80 8683
702056 10 9650
143585 40 796
14872211 14 7706
4416957 94 4650
25008757 83 9519
367270 5 4853
974079 96 2328
4207547 41 9991
475088 68 4665
238634 26 5679
4656890 81 5130
11880419 12 7183
350888 33 1404
98161 5 1667
2336400 83 2413
1443943 81 2574
5911740 51 3729
482075 77 6725
373778 19 5769
861915 61 2802
23318140 90 7091
742853 48 7842
23562602 86 9223
18553838 100 6079
511531 39 1568
1304110 74 3723
1254275 23 3379
649547 29 8564
69656 60 903
2957897 94 8558
4594748 96 3067
8324 6 378
18177 14 6482
19438 79 165
710281 25 1876
69379 44 861
5624979 10 9541
789177 17 2649
3393544 96 9359
26191945 14 8775
41717 18 415
47660 66 7200
9532977 70 9678
27175236 54 7645
134583 97 5780
1092321 2 1602
14504309 4 5783
487685 27 2742
1347871 61 7450
28650080 52 8397
1344129 63 4909
961948 70 3777
796923 12 5789
11464709 99 6631
32545 86 519
54870 92 343
13577684 40 6540
877753 36 1666
53804 55 935
2953647 57 8657
10336 40 4416
5977693 76 3656
79804 95 341
1337685 66 1732
31579062 4 8416
227866 44 679
40854 92 5259
3453 18 3525
3586 92 2543
3452903 92 3593
31392897 10 7832
4288831 64 2900
1190724 64 2388
22176938 43 7982
1829063 89 3166
9323334 1 9203
488914 40 991
61101 73 382
37659 5 896
215270 85 1361
35356551 50 9753
2033642 39 2553
1824436 66 3603
3240990 68 6623
2830601 75 2761
26949564 70 9480
293001 71 1188
18683094 84 6521
1914815 88 2938
12245966 51 7501
6849 86 188
3733317 92 4725
198357 73 1722
12375593 46 5141
2197 93 877
2122229 32 9318
286673 17 9373
5001774 9 5779
1340052 6 4746
673172 25 9580
71964 91 1715
6074382 80 9166
1020464 15 6234
24279 19 3237
180799 66 544
9025566 96 4889
2483508 9 9105
8623 63 7550
8099000 55 5975
1398375 92 3592
56983 35 365
37270956 23 9113
9618263 80 5290
21491113 20 7344
10848518 27 6449
1 91 3951
119607 79 4530
362697 90 2024
1344438 85 2503
29402494 31 8772
908382 88 1483
2302357 55 2299
12378343 3 8003
41238 15 2012
2620056 22 2740
17865 65 287
4870473 31 3919
54025 20 2567
14154831 67 9860
66147 95 1282
26638548 50 9811
18139459 61 8975
1612235 10 2243
614468 32 6179
8485629 15 4975
34768097 17 9699
42401 18 3812
4097069 35 7281
3933166 63 6783
11863 86 3141
313729 52 1707
9886 77 5249
5353270 27 3384
221134 9 2157
24366441 3 8452
25691076 55 7578
1328626 9 8442
3490975 81 7644
3138 7 3327
6793310 19 8417
6526810 79 6059
1646080 73 3583
842 54 249
1843957 69 6527
2032 34 3473
18325104 36 6255
1093237 65 3016
4841843 53 4367
6351807 93 4339
15576515 60 9069
3056000 45 4584
16318083 59 5788
8448200 35 4096
16023 37 347
2012350 17 2119
23813389 2 9604
22335464 21 8230
6744526 66 9114
15116 67 697
1657348 71 4609
294276 3 3828
3053507 78 8782
1493508 73 4049
16760 2 695
24158704 80 9761
2925273 97 3831
910477 40 2671
178824 44 1048
93048 29 650
18215 37 1271
2952496 50 2506
1 51 149
13809371 89 8876
5263217 8 7651
97827 45 9353
2627974 71 3735
14742178 69 6037
64 7 133
7468054 66 6367
1423951 6 2327
843483 42 9224
50515 62 2636
1967582 82 9174
42046 39 866
7568231 16 7848
743709 50 3564
5390785 51 4313
259176 22 765
2469704 17 8976
3629455 53 6778
16781 78 562
5237206 73 5975
342665 40 4462
318823 28 1447
504500 2 1251
10445837 10 9807
510763 25 3998
2748700 2 7008
4657688 98 7534
5920 19 7210
72804 27 4779
558176 51 1603
2849646 65 5582
20588526 94 6556
7554907 84 4513
277785 68 1561
1991964 43 8132
27474 22 424
15582047 17 7090
10437283 70 6476
10593784 35 7822
1457348 14 2832
9322945 1 5060
573917 22 5388
12075 4 7165
46737 99 3222
17103464 5 7424
1292778 82 6013
972734 67 7966
3281417 7 2614
4577947 12 7441
724556 24 8166
75167 41 3182
1109965 61 5037
31068978 1 8503
23012669 36 9995
1288451 7 2662
136859 1 579
5823916 83 8237
17944206 97 9488
99216 61 477
9258161 56 7777
23792719 20 7958
957428 57 6341
196706 94 3578
150997 86 3664
6565637 42 4696
1290058 90 2763
3020290 34 6137
6199750 31 4730
6953937 54 5268
16812038 99 7188
5200765 7 4144
3278122 60 4626
690374 52 4741
76003 11 3562
16893573 47 6598
2079 28 59
321480 47 3059
1787277 43 3415
25118964 83 8346
209108 31 5122
1707906 38 6213
865634 42 2387
97902 91 3884
96110 18 468
3366702 49 8122
859658 76 1305
1195076 10 5955
25894791 62 9294
8211907 77 6858
1099 30 377
4108187 41 9706
19764410 93 6529
34339 93 1690
3132806 94 4450
1570138 5 2697
619812 36 2926
17107001 82 8463
42288 82 1223
12020 53 494
858919 62 3498
34442685 70 9505
13788730 69 9262
5113582 11 9780
12609866 31 8734
6203239 57 3484
8111308 58 8582
20592160 98 9984
17883628 71 9368
178304 4 9940
70726 52 1471
30248446 55 8678
290701 81 727
5184608 92 7891
3383347 79 4154
905182 2 5448
88317 4 1638
508487 7 1898
5016571 10 7966
1168334 66 2273
952550 87 9252
396905 39 1410
461360 17 1040
4480338 80 4177
320858 44 975
6185499 33 9056
16162634 81 9492
981116 74 3387
10987837 47 6456
8575893 74 9513
168434 13 1349
62718 11 1219
36493436 49 9443
56491 12 1664
4251800 38 8171
1691162 16 9500
579255 31 3325
1399885 69 2533
7449225 28 6914
6627187 93 9877
3357 89 551
1319445 68 9985
1135194 38 1975
1 57 62
605301 68 3624
1 55 3484
253275 18 4512
28262423 33 9582
6309838 86 9390
146022 56 4107
4282559 20 7273
573019 47 6414
279672 72 952
124938 15 3975
3561805 90 3271
595597 86 5370
5529611 10 4432
47487 25 810
31534 49 312
1207128 41 2782
18840483 16 8406
5423467 23 5140
2700154 66 4977
203917 70 8230
22712807 50 7874
26027103 93 7387
11980070 53 6043
3823731 38 7378
1355142 28 1788
1431153 45 1906
19859038 57 9722
1033003 60 1865
33928835 12 8186
59837 23 7037
267316 39 1322
2761610 24 2984
12841473 37 5131
282730 60 6912
26046001 78 8158
509517 33 3677
9990437 90 5203
13739272 89 6331
64246 7 1762
819631 78 3256
659285 28 4044
39860841 20 9316
1123986 80 6969
1195395 90 1611
157643 51 980
3862897 29 3205
330995 83 6379
15054 57 960
128242 29 578
306154 54 1293
22756027 64 9989
17100339 56 8719
207985 21 4988
17027642 8 8197
7450579 23 7134
43314163 24 9426
22982043 67 6911
143810 60 2958
2748661 63 9078
280791 35 1420
319687 32 744
25238341 39 7712
8351449 60 4004
36745566 10 9264
5243819 44 5917
198143 62 3162
1390906 89 2644
13592 56 311
15844576 16 5653
2339917 85 2751
628168 61 2090
4872225 17 4306
8376533 32 8778
11508170 55 7306
1362421 75 6360
9752067 60 7046
817659 55 4543
21660 2 962
3643 85 6122
5427530 11 5900
802528 75 4816
1045908 79 2755
90102 90 1705
46199355 93 9596
1300465 60 5595
76084 2 381
147621 61 7601
4854148 94 8521
36429376 71 8906
326833 76 988
1100740 31 4488
964261 89 8683
1749548 97 2532
10456694 88 5177
8405871 100 7006
267102 1 2927
1909245 47 5245
5684654 87 8413
2768480 37 2796
518517 99 1482
1386858 79 6841
1771751 80 8075
75814 89 354
77526 41 1295
5900948 86 8676
3300303 41 2840
26165936 76 7488
368420 15 836
280837 74 3584
4019680 69 6332
4070765 27 4623
4148675 2 9967
30716214 60 8208
36665656 55 9355
44349927 31 9549
10095932 3 4797
14100619 68 5342
19973477 57 9242
5348257 22 3401
2096188 97 5600
761 73 663
2258084 41 2426
7758637 86 4515
5164023 80 7420
29685604 6 8257
45285 31 1401
12653218 14 4956
21333 56 4979
2186497 19 6277
12804719 56 6150
489139 42 1242
5683481 85 4333
3331643 73 9640
11562471 4 6174
1845971 38 3247
15926373 64 6565
32753816 29 8601
1772850 55 1902
11259 40 8333
27974 6 726
16591295 78 9793
6836098 17 7726
2518919 28 7926
641386 79 5940
6722889 47 7018
195813 21 1100
11277641 79 5159
634298 72 3635
1 74 263
6504435 19 3806
1148391 17 6734
357049 33 1373
1656865 10 6762
6717205 19 7985
2306922 25 3227
10032048 42 5537
21134254 38 8232
17350017 85 9305
1275385 29 3685
7271579 69 3824
23463782 20 9424
1722686 48 2150
22413679 90 8875
1 29 132
379391 55 9353
1 86 3471
10868669 39 7104
6198936 35 8751
5149578 32 6013
182782 2 614
7017455 100 4450
199084 60 873
3771372 85 4305
5053094 96 6425
543748 62 4113
5930684 42 3534
11001267 5 9158
42665 99 5193
764192 45 8542
608374 60 3552
1 65 1946
21952 15 4167
85786 3 517
1 86 354
17553564 36 8570
51312 94 4747
11160684 2 5921
593360 31 1395
3875403 20 2893
353843 12 1142
314600 89 937
2298013 29 3356
40245 9 1004
35838072 47 9943
893283 99 3976
6195707 6 3938
25345 94 7681
14103343 59 8211
743636 43 4541
5575038 28 8870
17812580 93 6237
10341500 29 6576
21322090 93 9150
10656525 59 4946
3397302 5 9487
53700 94 480
297260 43 2379
532818 43 8578
3161968 45 2727
17461549 45 6691
1417 39 304
84551 50 941
145543 27 452
1 87 285
3346823 25 4110
1747024 71 7379
13636944 10 7106
9576023 36 9374
3058587 28 3442
4032778 62 5837
18525835 79 6144
23555082 32 8342
11138050 2 9417
1890814 12 8424
955762 44 6382
392200 89 1774
124689 17 4756
11013324 95 7174
285340 80 2097
217072 96 7567
640808 65 2313
1829282 9 3387
23326978 94 7272
4854 35 1535
121572 43 4933
1476356 42 4658
2680363 57 9362
885739 77 6792
3718869 58 4753
24194477 89 9674
7054353 96 4533
1 67 293
3055109 5 8039
7285087 75 7668
47228 30 3670
2728104 7 8423
11102 15 2360
13001604 24 7388
26236750 15 9272
14841089 84 7813
1949013 100 3925
738882 30 6841
455874 82 1490
3227797 78 3844
18765165 63 9376
11467644 43 7467
195051 83 5544
567606 83 8246
19594302 4 7743
688627 62 7211
5034 3 3907
23552557 93 7114
457278 33 5964
18451996 32 6419
32202 88 2499
310970 56 4346
1883958 85 3438
1620123 59 2010
10510753 52 6442
696720 58 3384
16896139 72 7004
2827895 70 5315
5550170 77 4680
17323723 53 8407
2527183 15 7778
1 68 1012
114633 76 3984
442486 58 7698
15268873 69 9769
28205 21 2821
1190975 98 5917
5339033 48 6528
59643 36 5935
37328968 1 9152
7525882 79 8128
301584 72 1529
10169220 37 7044
10929805 83 6275
2313082 96 7458
845603 22 4092
1130722 78 1641
1 81 1202
14235805 72 7185
1911931 90 3549
7865136 3 5128
2445192 51 4791
26479432 79 7414
3553190 13 6641
102305 4 3961
3111 20 763
653755 69 7756
25953641 35 8068
30613 60 852
40188878 81 9322
489862 100 2908
325055 74 792
5174653 38 7288
16514997 75 5783
18655447 34 7645
5357066 50 4851
798436 31 4354
1446119 79 3820
420717 31 4076
425666 8 1664
716085 25 7262
357714 74 3487
301221 73 2803
4943215 17 3295
987266 98 2390
31385721 79 8579
147698 37 3679
5051610 7 4068
9315390 15 4559
310342 2 1923
108365 29 7882
3740587 79 7450
6237758 71 5195
17156077 12 5891
314058 13 7266
13342480 77 8101
1652307 83 2831
1 81 8317
4626029 85 3431
5181748 53 6082
60668 3 829
21882 33 1122
43528 31 1640
615039 34 6053
1181539 12 2263
4814996 57 9864
7614561 21 4466
19973231 91 9076
2573318 44 3343
2999302 7 8296
16678846 30 9758
5790001 66 5458
4629045 36 6285
516542 36 3312
648817 46 1978
2997676 52 6167
14586349 70 8381
27672723 30 7811
247464 21 4479
47288 53 3197
1439678 8 5391
614701 1 3739
1174021 7 8106
8156083 32 5527
11642 34 5426
225487 58 1745
992705 68 2682
52397 99 3690
12306588 38 9149
9131 47 9358
349374 22 2582
2474152 56 4052
214537 63 6066
11930638 66 7719
7254442 71 7468
7845885 67 8642
2838153 69 2318
7273702 2 5475
15368545 48 9438
1474306 89 2406
16024393 85 7528
375039 94 7771
4621939 74 7149
20541 85 6084
103709 3 5500
6857 61 4254
212484 99 3436
21078016 84 6649
39125 96 587
1776563 68 5416
17502838 37 9067
13804 60 2358
21166115 70 8169
16398289 52 6810
850283 79 1820
1820127 79 1911
21506472 82 9198
11853916 95 7374
2656534 95 5908
8221 80 9995
7291165 34 8754
27304 26 6941
24563832 5 8104
9751271 55 5396
17970 58 107
18331 42 9619
14004462 61 8463
598 14 278
68281 57 3865
2700 25 173
1015432 66 1660
1514176 60 1832
2140133 81 3012
3685252 27 8308
2371283 4 6308
595260 76 1618
1515422 46 9474
27734291 6 9067
836425 20 5564
1202932 15 9553
3067 90 611
5366689 94 5218
120945 62 3135
152902 10 623
330250 4 8551
147069 86 868
520281 3 3771
7424313 89 5414
3617295 9 7379
85922 4 1732
5850071 83 6373
825644 55 1288
549417 45 4197
3291770 89 5342
990463 37 1768
22363326 5 6784
83567 68 2302
8621272 50 6609
3406387 13 8216
2032026 52 4253
244411 62 7691
1111592 17 1421
241988 42 2413
237607 42 8386
1176219 3 1966
9338971 47 6927
14427407 66 7412
854449 73 1275
398173 42 7669
31007906 63 9352
209725 96 756
4432302 81 8016
6819217 5 5877
302873 70 918
21413 98 1181
80178 87 1674
3117887 50 4383
5081 38 679
3855896 83 3795
422927 93 3096
2508818 27 6528
3937587 25 7335
1 85 7040
76489 42 332
59928 67 824
5015992 20 3901
406584 72 1533
3117391 68 2503
2210875 36 3470
20911 57 1398
10709037 53 6274
143495 78 1243
9428408 17 6819
2066 65 7685
1275278 17 1680
13021 57 481
4256308 56 5130
86482 91 773
7888428 72 3919
14271265 93 5919
6342861 99 7171
2239401 97 2227
1985534 30 7091
41866 23 5553
374680 65 2494
4711456 66 5878
554567 79 7755
6510827 7 7041
8673316 88 7306
4339918 2 9680
726562 8 1490
13908001 99 7072
13070917 77 7120
11241972 31 9684
5543165 5 5645
68327 22 479
26657 71 274
51311 80 1381
2166181 35 7303
3498480 1 3345
3401144 73 4029
625018 17 4981
33521 41 3581
178746 91 847
5541832 87 6227
198241 28 1426
82 2 27
14614 97 8622
4386010 8 5987
127153 37 3897
15948189 71 7709
3695742 10 4462
7363989 94 5890
8568864 64 7109
1688070 34 6564
27971 41 478
11749532 96 7565
8993827 29 8742
518312 48 1597
12811473 51 5870
115499 63 7867
107 58 197
3633682 81 4262
106624 82 897
6575522 56 7245
2643873 50 3455
11428515 76 7145
23667183 72 7694
170750 32 1053
441982 33 6269
10445126 46 5382
19943917 84 7850
497789 14 1931
499385 84 9984
56961 42 4880
1945628 80 4348
13815970 64 7163
31820393 64 8205
3129712 46 9408
20057016 28 9648
21769619 72 9025
22558 55 257
3464110 12 5254
26116877 8 8490
75319 15 952
9056 38 248
1860851 3 1881
1405478 75 3238
9992146 63 5006
32630484 94 8227
368787 54 4520
43031558 53 9983
12591000 47 8612
506629 22 2250
7592013 46 8771
32173184 49 9347
515509 32 1970
9173448 90 5568
1705508 81 3102
4367471 32 2975
6794793 98 6339
26692 26 3082
3338236 95 6597
230917 87 9821
68931 49 1919
156425 69 8801
66649 3 2961
5300589 10 6468
12014918 15 5595
123000 9 1538
1487175 13 5824
2340327 93 4816
1 92 720
29873 10 1278
14136250 30 5384
21291073 9 6941
18760304 94 8964
4245817 66 3357
23358614 85 7244
9952386 21 4484
1163446 92 9233
3481650 43 5994
1 93 1225
5904901 19 4655
2050835 89 2548
19524858 10 7467
8409007 67 4510
8541026 33 5646
20803145 93 8379
45135 81 2012
13040852 87 8073
1166459 24 8218
14539686 8 8758
1 28 328
5919663 90 6715
445090 4 1376
73754 6 6488
183905 56 1676
48309 16 3234
1083572 22 4563
677814 75 7532
949287 85 2429
611933 52 9094
184874 92 2553
8603 15 6438
14811 85 287
196494 60 3123
1090515 16 3318
1481227 75 7054
170678 75 957
7400674 37 4725
16566940 96 9234
24532879 14 9612
8575046 32 4709
29257 33 798
764110 54 1749
3314 17 9269
167312 73 1018
1374865 51 3786
5766879 84 8467
256249 37 1960
6519484 48 9471
8014824 44 4332
440772 48 2628
17933 82 146
7226514 2 4595
7483332 70 7084
9149785 15 8304
10473973 97 5416
3788579 7 6933
490905 58 1388
12955688 16 8174
11232022 94 7799
53857 73 287
2616065 8 3175
21716780 77 7576
20321853 39 9386
6661182 95 4071
11506682 24 4756
21383912 41 9790
192051 80 2102
395649 48 4599
570 13 1974
333161 36 7936
44186180 12 9986
682153 57 1792
1516490 9 7352
24400202 93 8872
188243 40 1279
19271863 94 7691
33251801 72 8568
25960659 28 7927
6168769 55 9931
712174 96 7387
620137 54 6387
1 36 533
9609 62 9602
2012631 39 2295
2990380 48 2900
1050112 39 1640
158530 96 7134
6310503 84 7856
9848473 59 9508
15979037 10 7369
32146685 35 8813
452038 27 1438
1091 69 843
11638699 23 7986
18649939 6 6873
1356689 68 2236
7636 78 2324
17545 59 1029
38471 95 4201
2360046 34 4809
15998692 26 9958
222756 64 6007
3623058 52 4643
2172635 100 4236
10029475 65 8056
16312745 70 8948
1615060 74 3506
7709136 38 4680
7430928 69 5817
16319374 90 6443
8329 83 7132
1792589 76 2385
1447 96 375
1370526 77 7657
48 7 2081
439409 6 8038
8940083 34 5023
276048 17 5507
108465 39 4187
1 84 767
21583228 65 8067
37452877 10 9363
2117669 79 2260
4187970 72 4238
5547419 6 3850
12489717 12 8711
7618989 97 9423
12710562 22 8074
530082 53 1799
670066 42 8976
60617 70 511
35980877 93 8462
118658 96 642
1248070 36 4357
4715270 87 9745
15452870 45 5959
16364049 16 7456
30789 6 250
657705 55 4333
15148649 23 5540
3161739 78 5109
131276 89 6493
16665547 8 8534
487787 7 6774
1900360 88 4283
88841 45 716
1968010 22 5005
33307 1 3490
137911 41 2325
16036 58 1160
450011 3 1975
1040 38 5819
1436762 46 3106
14588159 33 9491
491189 31 4784
8403094 55 6468
3397919 41 6000
29608844 59 9991
1 32 284
3841700 99 7174
24627582 40 8159
2058248 15 4254
75885 8 1341
34457142 9 9343
515334 9 4636
1104180 13 8793
6782450 57 9173
2070316 46 7126
4340621 44 3372
15023793 75 5857
17252725 16 9208
28315 72 5766
2615549 10 2496
868544 24 1324
23567286 94 6781
1 13 1474
464600 61 992
12539962 10 7844
69792 74 5795
18906402 48 9188
7722870 12 7259
23455413 78 9141
8980603 99 9965
15282764 59 9263
20241227 51 9143
8287120 68 7422
2207487 20 3247
42151 55 5452
19822599 47 8525
742246 9 3316
180482 57 1515
25854184 81 7688
7730168 28 8002
228581 15 1465
30897814 91 9443
800372 98 5404
444772 95 1350
16199 28 6236
1884798 29 6035
507 28 643
75657 28 2043
3184282 28 4431
9616582 76 5143
9435882 96 6384
13727547 7 8080
7247902 37 5343
944454 2 9982
28169069 19 9936
14477937 30 6248
3753181 32 4259
27148 69 2152
889640 69 9427
17158966 28 9652
4350403 44 2923
1657140 20 2403
14291 17 1495
2046 26 7262
1 72 2946
22475165 2 8209
14456912 42 6921
22303045 25 7958
76559 69 4163
2918932 54 5795
935614 68 2430
19382046 52 7246
3547481 83 4809
12299935 9 6124
28999467 51 8478
13288 56 1507
585215 8 2275
654641 40 1655
79371 6 343
49124 76 276
252955 60 5797
170028 17 786
737394 78 1751
3474429 94 4721
21069257 23 7974
30108435 55 8128
3326207 55 3037
1 94 3619
8078291 11 9476
2079001 41 7393
4429908 19 3386
25478719 32 8302
4553365 24 7503
6783 66 6099
16566555 10 5905
5532989 15 8296
5180771 4 6819
12409494 24 9762
77514 27 567
13418660 9 6943
77662 1 432
12593765 18 5045
369262 63 3065
10106838 65 7838
2115 8 4917
12494 9 92
458354 39 1364
7290816 62 8856
14041648 98 7326
53297 24 7740
164634 7 4234
84057 87 2416
15741719 14 5565
22108 28 2010
214156 23 751
85448 35 7612
126563 87 3357
47728727 57 9760
13475539 62 5108
42264887 11 9310
9408796 44 5666
45411 99 1694
3541679 13 3306
892129 88 2502
9664813 5 5566
1301520 89 3588
534640 34 2160
20080427 61 7703
26783 78 1964
6862429 55 4956
2141869 30 5582
20932810 15 9896
1760513 31 6824
11342784 96 4986
5847006 63 4368
1 62 1625
57450 100 2887
9633165 46 5059
20148 44 2462
19959626 21 9643
3344599 87 3211
4477644 50 7160
6358973 30 5225
475336 19 988
2475405 35 9966
25827140 85 7176
782700 12 8702
258134 6 720
3124790 22 5454
1349939 16 6395
23241882 100 7562
3993624 44 5966
1126479 73 3471
1506819 15 3281
38517 98 272
1416588 73 8717
2470381 69 5717
10861625 9 7190
2664403 40 8871
3261280 68 9856
936372 28 4572
1 86 1395
17438 38 6159
912415 29 2877
2918730 42 3426
4785708 6 3778
3665473 70 3059
1867531 77 4848
6264285 78 9117
1844 57 2410
8380950 40 6815
2749121 18 5910
6101546 91 3396
1476454 76 1715
1 74 396
6885980 13 4377
4596276 37 3138
34292383 13 8509
1043976 65 1606
1522129 97 1685
618834 34 5987
9518641 37 7311
15765618 58 7890
2003303 33 8278
11535535 43 8380
128660 22 637
1137010 78 5454
20052409 95 9021
15520672 56 8954
231869 20 3521
415972 31 3335
181878 27 743
3396314 76 3971
415283 38 827
2487566 28 5508
1 69 993
11937646 61 5508
40631305 90 8996
53635 65 862
3506712 28 3202
474085 4 5078
34774611 22 9389
709681 67 6877
2057710 94 5382
4599840 46 6821
266138 28 4359
15313067 10 6807
8474557 21 9988
1109420 54 3829
881426 68 1855
803323 57 3715
2954969 71 2604
10773300 69 7091
28163055 15 9255
2368134 28 3411
4342951 13 6985
11202 61 7344
36088 71 385
137959 85 8300
5064691 72 7464
27017 69 3141
1007202 40 2498
7811438 6 4747
1118372 38 6145
1 66 5607
41235694 11 9160
3423649 21 7074
1688080 95 5624
403823 68 2133
15933630 93 7119
2189583 30 2908
13266149 45 5437
7919548 2 6335
8651122 87 8207
3234507 8 4291
4351578 29 3475
551866 55 1687
19620 65 5942
15194762 20 9383
326 79 734
8287305 89 6053
32310733 49 9850
5242657 31 3179
8956405 89 5404
10265311 88 6574
13473452 77 8602
7063813 93 7265
8213145 41 7147
6111245 85 8285
61276 10 4375
8465 75 1009
129385 90 4563
547049 74 1194
238201 44 3880
134273 35 9611
102568 93 2407
1 43 1030
12344 34 200
11903202 54 5491
1724950 35 6271
19507131 21 8203
149329 33 4444
73598 77 1611
836027 87 7479
2320913 44 9114
769390 5 3314
2585023 67 7104
10137385 29 6292
8943559 10 4899
37908 34 892
37283320 78 8884
26239668 82 8517
18095685 30 9446
19134231 30 9232
733792 67 4394
26644898 69 8518
8095287 75 5706
32689 73 6377
3299 49 381
87127 62 2516
4019575 91 4162
2864473 8 9638
53162 82 1399
11399134 48 9237
76626 49 1131
2985365 50 6147
10801549 84 6278
493164 60 2260
3167973 87 6428
1 75 769
1358303 20 3599
3280315 37 2625
5195307 84 4067
1106488 15 8540
2230 81 2849
44768 40 1391
213899 35 880
13430658 19 6078
4300154 4 4200
1032566 80 7728
14944922 40 9806
127399 72 500
1165686 70 9718
175912 80 1884
43895126 66 9483
6896461 60 5479
3257362 38 8690
657210 38 6700
415230 3 1814
1653909 47 4248
153534 6 1131
62668 18 422
8686 29 1150
1314762 45 5706
8788105 52 6030
9329221 96 7633
409776 37 2368
685990 31 6208
3693056 86 3278
1131469 37 1883
1 52 1877
419238 61 8178
5592776 14 8559
547138 18 1400
7651613 82 4310
26075602 81 7213
5699 26 262
2954064 64 4713
7786156 66 7773
32684065 50 8696
29437000 92 9368
3538149 66 3526
164315 11 1768
18803506 6 6904
10451827 74 6456
56260 98 987
534152 48 7521
19892111 96 6442
355691 45 2270
22562637 32 8181
2682302 69 8252
1687619 91 4607
18373 19 235
2277016 53 8460
1 91 115
8414432 88 9057
20749914 96 7063
328439 92 1803
11652569 30 6269
1212826 13 7950
25390 28 8997
1055155 63 6106
8733575 84 5106
184068 12 702
508341 28 1508
724745 25 4371
73223 13 1210
1731 53 96
6933111 72 7312
2807249 19 2795
3140931 41 3914
1 11 2303
19763817 55 8447
151937 7 1582
28197980 93 8926
15953300 46 5808
1285811 1 5584
8071086 44 4101
2197258 86 6848
3037004 68 6571
28320930 54 8026
889 16 2116
141889 32 7361
101720 86 2565
290611 41 2360
369966 69 850
1305881 52 5440
41570373 31 9694
1155747 32 6674
803787 66 1459
902006 1 8832
1151848 70 1500
2116850 36 3809
13260570 100 9056
10835118 85 5648
398959 85 5121
9408098 95 8226
8300922 47 8849
1113541 23 2958
7616683 51 7480
1235906 78 3214
3336271 26 2542
17938645 77 7012
10977333 47 4878
298263 73 3835
32635 88 9981
15991464 98 8885
278860 19 1447
996 20 1384
16276151 30 8101
1635113 53 5152
546855 23 5783
71675 40 2165
1599212 27 8023
280652 8 4992
759600 72 1309
1269203 74 1718
7049380 78 6621
36270 62 233
16504 23 326
9447987 24 6180
6736789 80 6895
2926313 78 7002
8516985 78 8101
7379082 27 4855
3336439 71 4085
7964261 34 6719
14765097 34 8465
41125851 5 9698
285316 42 1263
10458788 84 7211
1889126 37 3233
476664 90 1460
8909 49 1517
43241841 98 9216
73907 47 1598
7096133 51 9971
1461929 95 7529
10287118 68 5853
1776168 19 1803
100273 5 759
506264 54 1208
11385057 5 7264
4090688 63 5898
1534521 48 1798
622137 19 5464
771583 2 7461
2641009 3 6158
271724 65 951
19625012 70 8067
77948 61 587
1933 5 15
3414791 89 7676
603338 36 3341
346408 3 2250
3786 37 1306
1661196 53 2354
33859937 10 8492
1340160 85 2844
34589947 7 9146
34493 95 321
1 95 181
18036914 31 6135
128618 38 1308
5803754 63 7933
766237 56 3994
16066 45 8200
815254 71 3185
9547284 30 5875
1 69 72
1918691 12 7834
15043806 95 7155
1 99 5449
10494184 14 6945
304967 6 4448
364746 33 3291
2128160 91 2523
4435169 31 8962
9708229 64 5687
2364554 79 4870
357101 28 2676
9566694 85 7930
2727379 13 3309
12052231 16 5569
467884 37 3229
3514742 90 3865
1603513 93 4038
3908730 57 8744
25146626 54 8430
37386862 66 8782
2445590 11 5543
11195 68 221
2030321 95 2963
2819572 49 5567
25024928 76 7959
36668 91 501
3683124 51 6664
1944930 72 9703
12646819 78 7955
941088 71 4156
964486 99 4366
15386520 9 6611
18991561 40 6770
731828 20 5030
20446567 27 9322
2252 66 4056
2246904 51 2517
2314122 13 4486
4813136 20 5050
797277 13 9838
25879910 38 8251
1498452 54 2169
7123217 82 6179
3642368 61 8497
35367299 24 9243
524689 85 2939
820483 21 2264
20806813 72 7700
11060940 93 4875
261377 8 5910
393482 72 1520
2926711 100 7744
206231 79 8109
3391236 89 8820
6000341 25 8814
32081279 59 9296
1309043 60 2179
16046637 36 5608
13744119 91 7328
2727896 41 9534
135892 42 675
78746 52 497
844314 12 4045
2004553 65 7028
204715 25 8064
5042783 39 3775
6113698 17 6811
61942 25 1437
6931897 38 8831
1142756 3 7449
30803690 13 8694
8470231 27 7786
469214 92 8800
3926842 49 9700
186175 69 2338
185930 3 1440
1816728 28 7843
1128135 59 2660
705390 18 1432
719849 13 1874
368813 54 1742
411365 48 8936
4499702 83 7560
303005 24 1860
3139503 57 4022
45385 6 3009
32379987 90 8678
1871348 31 1980
6445718 12 5082
315342 2 1412
1326550 19 3852
143175 3 1323
77026 29 2280
7733470 91 7286
2893154 85 3242
5156744 75 9045
75129 49 570
692521 8 1081
5181055 33 6300
1798388 18 8492
17934131 47 8419
6916 71 89
34486878 36 8950
9426754 97 4362
47607 16 1006
381412 30 1158
3287731 68 6105
803469 91 1626
4579200 68 5960
1346333 7 7653
2223222 1 2466
4087278 29 8800
12000788 6 7055
34492038 83 9103
30168207 99 9355
11980248 81 6373
8905781 71 6647
28550760 23 9195
14294 26 987
851633 77 3390
23160510 84 7731
46726677 64 9856
3443831 76 2677
3072880 100 9585
155934 20 1368
84538 45 4246
24791510 100 8739
8197212 5 8050
557854 85 1614
24024924 22 6976
408741 30 6248
2619719 92 2927
1600884 23 2287
17465974 49 7819
17514184 85 9299
283254 50 981
4057831 68 3044
941051 63 2255
77198 48 8360
509848 69 9174
2659 68 2364
2468987 89 6325
78874 67 1443
11000520 19 5854
5892 99 455
76366 70 6585
64593 82 433
2371684 35 2715
15228973 58 7571
1127377 42 8295
307032 89 3136
3851125 23 2806
326889 55 712
286255 33 8585
4707717 23 5812
18163215 50 6847
6521850 56 7628
5233658 51 7612
1867443 22 2774
1 71 326
53007 14 374
11031 7 147
5582253 48 4282
11817323 96 4996
4818590 28 3126
45641 5 6424
1169453 79 2418
5961236 2 9281
14243661 24 6638
98629 27 1212
10238517 3 7641
736140 25 1818
2543601 46 7705
1444732 92 3752
9846096 61 8180
11614119 36 5365
1668 12 1417
1409027 10 3457
1385881 82 4195
2235139 98 3854
1 63 7166
26186416 24 7767
41188785 47 9873
1320205 89 1790
1120586 3 3353
30189621 9 8287
50017 4 3449
4784789 97 6902
888064 95 3268
9678054 32 4685
34564 2 6365
1664203 9 2220
1 45 8647
2131588 28 3342
47779 31 2234
1448443 13 6004
2991459 33 3478
7536112 58 3958
1147040 79 5044
21428519 43 7079
4350210 92 5946
4648 62 63
8053418 22 6452
3904187 39 5692
17133426 17 6766
1551972 92 9480
1186160 91 5722
4780362 5 4176
6647894 81 8759
3447829 100 5177
5442009 85 9456
6237582 79 5006
1 42 2081
596914 64 1777
1576695 47 4593
11558600 52 8312
9685476 77 7494
4798442 64 4405
2664382 18 8099
23917 75 1437
15385146 54 9118
676670 7 6587
188634 48 954
8205739 14 7486
8339751 94 6039
3559487 23 6450
3031308 29 4368
3571498 46 8302
967197 63 2612
911900 57 4822
4981264 99 4687
28628583 91 9232
3822 55 1367
511349 47 2234
15860184 47 5971
1279489 78 1603
2664598 98 3625
19589456 7 9903
78386 49 1215
2381690 69 8587
50085 70 944
3547697 53 9894
225 54 2542
33610 96 444
483160 63 2301
825251 33 6907
15627099 46 7647
256375 51 6555
28583646 94 8909
66052 91 3087
558984 79 2896
25596 57 220
1001774 56 3444
3338493 11 4507
1307932 71 3907
38544 31 5645
818242 85 2035
19908 24 331
7188875 14 9521
619590 59 3350
883344 44 1249
1769750 70 2616
3490371 86 8966
4323 4 5000
315702 92 2855
474957 30 4903
10627018 84 7929
611481 9 1019
17227281 13 7753
3598373 25 3472
185572 96 6390
10596331 67 9946
22247655 83 6779
19606980 52 8457
352206 50 8333
3496302 71 2916
13826623 4 6254
388883 29 2618
90101 51 582
4229118 84 5505
150324 18 1664
22888901 35 9596
19429697 92 7042
109462 80 4200
2389847 32 3740
1054776 38 8471
724814 71 3838
6138724 30 5163
407862 25 2649
38201 36 8879
6583468 54 8425
1608 12 1749
4196204 79 3082
7375681 95 4419
1317582 39 7495
3734106 1 3964
5505 72 7073
3614831 2 7011
443 4 445
11103394 34 4921
15399403 76 7596
4092265 1 5950
199404 70 2153
41906 60 6005
2295494 12 2140
198692 34 4321
8990375 90 6968
4231107 53 4249
37829656 40 9089
184370 88 1016
3227563 71 3131
7700763 9 9227
3276114 67 8072
2122930 59 2486
9846450 79 7258
1 82 2753
983900 32 3637
1900127 13 5223
1670168 74 3041
2544796 95 2710
10150103 44 5761
21981 36 8902
542585 56 1319
4880985 99 6311
653593 8 1940
515145 69 3346
18460 84 4609
1055358 28 1686
10951939 30 6770
256435 6 1049
1992392 52 3144
7551624 98 4898
55050 61 668
1366173 95 3424
256938 68 8409
1558952 16 2519
22922318 19 7507
20497174 61 9443
7200155 5 6369
11845068 17 4981
2741736 96 9277
669052 1 4401
277898 55 2717
4276426 11 5358
2002 52 589
221335 4 5281
1 19 143
663478 57 5822
128504 40 4848
23072703 95 9514
376 29 4048
15498273 92 7175
3538188 25 3161
19030362 33 6664
1273179 70 4117
42077 35 2269
14080802 45 6899
45585 48 1451
5834960 33 4894
1496010 7 4611
5814184 97 4058
3471681 39 2736
165699 98 1493
520 16 3037
36930855 58 9680
89389 1 1784
112956 31 5481
715054 100 3185
6278520 65 5050
16012690 44 7859
7761160 100 7206
1684795 72 6209
1277701 38 1585
616534 49 5737
847384 21 8881
9084134 21 5241
100249 41 717
648596 94 2507
13800838 54 7670
3053876 38 3897
132514 33 5854
2395891 90 2751
20825369 68 8804
67677 44 647
62461 58 3193
40817 5 4794
6113327 67 6422
1657490 26 2410
2966540 74 3011
5856899 57 7116
382164 14 8047
13636786 76 8196
18217779 16 6522
59430 73 832
4843022 70 7341
17179858 53 7341
142990 67 1678
4513194 1 5265
18049465 16 5957
380877 41 1526
135676 7 2769
958866 73 2692
16296057 72 6407
6925521 48 9331
149488 17 3342
1503386 38 4836
220175 35 821
13826277 29 7523
3761008 44 5018
2473677 54 2331
4361075 13 3968
5706032 37 3853
1226695 23 7078
7300627 55 4839
13462980 26 5441
1 66 445
10048749 1 8972
1497035 73 2877
2770771 42 5248
4819310 79 9974
865076 26 5753
8542189 53 6173
5540430 31 6247
9150368 38 9086
115861 28 7098
7297381 67 4370
588905 79 2480
1265294 94 5408
6042332 15 4015
857473 37 8301
108554 57 3993
1529664 45 2813
1235057 66 1891
596160 27 5630
18723499 59 6557
316602 44 1082
4721568 99 5091
7806214 44 4894
226192 62 8520
1873053 16 7796
4407773 42 8030
16207228 14 6335
420211 66 1777
334340 35 5139
347344 35 1160
6584365 6 6674
371176 52 5080
454335 78 2405
18177720 84 7277
15297657 72 6124
32532 47 8171
9461494 14 6475
5942981 24 6705
27737489 9 7347
11481990 48 6840
29374732 10 8354
1670036 94 3299
6338345 64 4996
1 99 1742
18373 88 372
22177022 40 7136
7430451 10 7209
8903761 66 5300
1103445 12 4160
12930 30 5755
41110618 61 9175
145391 89 1144
28315559 54 8520
193748 88 790
48781139 60 9997
21261203 35 7250
15222981 91 7480
24861577 26 7538
6096 73 8838
462355 71 9350
4658540 99 6902
42237 99 821
3043347 50 2780
1 76 278
8080764 49 8432
10144694 78 6570
1 76 90
33556884 11 9364
924 13 4855
3043995 87 6684
1855029 6 6060
72502 7 1430
1096178 34 3763
702864 86 6706
2128126 62 5039
1977945 92 2851
1 92 4124
932229 94 3765
557201 10 1371
57963 41 384
686808 36 5621
13987541 65 9152
73896 79 3834
1928819 59 1912
27930964 40 8252
10868021 17 6295
401645 94 5867
9150187 70 4287
543272 57 1432
13666870 72 6681
7183 79 440
14252678 57 9835
3537 33 913
2730033 48 5498
10107737 44 5964
1775797 96 5405
26928 79 1372
736 76 560
5080177 16 7906
2364 86 193
13179596 10 8593
10983227 92 5752
42603 26 807
2570431 13 8866
36303 85 2331
307287 34 2609
12096552 89 6527
7078190 58 4098
860617 18 9098
1306707 28 1815
35848 61 197
3801404 86 4933
5208577 35 8540
10004162 31 5168
1 89 1757
2703730 31 5996
570624 96 3565
363914 82 9427
32567 65 1471
1660451 100 2232
6116178 61 8355
15127 24 4812
12795659 11 6446
304804 26 5553
1573370 9 2322
547303 86 4151
965272 84 4778
18568741 86 8294
6803489 56 7898
10476203 13 7813
178382 6 761
18713382 20 9194
4914586 5 4463
1877814 39 6334
74431 80 4786
1851691 16 8298
5318571 1 8800
35845 83 3114
3435655 42 6901
8621194 35 5886
1973718 80 3282
27672218 79 8355
58129 99 1097
1732955 74 3014
109353 30 3095
16635 37 1373
1377337 36 3086
75205 61 733
979830 82 2392
4250365 74 4974
82919 90 2800
20312667 18 6814
1246867 2 6381
357368 20 820
1472918 79 2720
74674 74 8206
30188044 91 9072
424324 70 1997
17521 30 3781
3782153 81 6680
3384357 51 3987
12468764 81 7307
7316480 43 6226
1 68 5082
39238 46 1454
1309620 53 2163
8348698 45 6600
2988991 12 3502
503185 3 2982
11491846 32 6677
157557 11 8266
1181332 68 7781
378404 90 1388
9317636 19 6309
1760273 46 2424
14521353 67 9919
81389 78 815
4577625 98 2957
23559920 19 7358
16907694 61 6162
471459 71 4018
56075 11 416
5424636 83 7554
3562059 80 4668
1 87 8355
166173 100 4789
3327149 88 8101
16733025 14 6829
56341 80 849
758647 78 2878
2099470 93 3344
3580369 72 2759
8529 60 8514
2103622 84 2391
30976488 72 8494
289437 9 5878
92394 77 3350
6839063 42 3695
11146926 26 5435
1 76 6374
690167 30 7725
403002 17 3590
2148101 42 2706
2317958 15 8776
532336 55 1372
45937694 30 9871
8579712 92 9157
8353779 35 8324
19216164 98 8871
2151695 88 3150
616300 87 4476
14641 70 7559
170576 75 3484
2169449 40 7156
27760575 41 8531
554003 39 8698
9990830 53 9856
4642701 83 5681
2996873 16 3263
5511156 7 6585
6429 89 920
13617288 82 9325
3296625 49 6221
1176752 86 6036
10214915 28 7014
11574223 5 7307
718518 20 4564
133190 89 4030
149042 60 826
1 54 1449
602132 38 1996
13717506 66 5159
33312 65 760
42409 73 282
206334 85 9226
32137 47 2279
483183 31 2063
477330 43 1342
96309 81 355
483404 36 3248
36548763 93 9383
327319 34 5897
3196648 50 3923
13449772 62 6162
40320570 79 9516
307322 82 5187
2038925 66 3082
422237 22 2124
411726 12 3893
73410 79 449
1623078 30 6539
708602 99 8721
9738664 11 6579
59529 35 3075
150074 37 3877
1828665 82 3345
1 16 2988
704069 60 1171
1439 17 174
1 41 7372
1802544 76 8686
5379932 65 7948
5637904 37 3708
13142739 46 5348
8736672 88 9313
774569 68 1179
451212 45 5924
63112 7 3521
5456684 92 6893
1680869 45 5611
19278138 52 7874
3453236 35 9104
2383 19 5201
217176 56 1203
3581769 12 2630
4313815 43 3188
1608202 80 7660
5377132 74 5130
4569439 24 2973
573085 67 3375
542338 95 2442
5647645 62 7909
675422 57 4840
4547909 91 6750
2665232 30 7565
5454585 43 7336
19591266 100 7273
1 66 2598
4298725 85 3372
7909890 96 6731
2793280 54 2634
26587 54 740
8917292 91 7340
4874270 18 5497
686955 73 8168
587854 35 4729
3381590 4 6752
19661498 45 6468
24861033 11 9965
3459810 48 6068
1 66 78
272922 44 9859
4393567 95 7356
377867 96 1862
7376363 10 8864
11450308 88 6492
1946320 51 5344
3433 52 2338
3685424 4 4498
8702322 12 6063
86588 21 446
812100 15 1518
2998861 46 4898
616126 31 8953
7571620 12 4591
10994 88 201
553050 63 3836
5214434 69 4744
708816 63 1677
11850987 65 8779
3817350 8 4455
3433589 52 3991
2539238 89 7834
13986 43 950
2477075 98 2996
7370318 77 4669
1449598 35 7653
9702704 67 7146
10247897 62 7317
2196630 31 5852
7309220 51 4226
2916771 91 4172
6190659 49 6029
25150257 19 7612
1612370 63 4681
18144211 89 9215
1510056 34 2675
21184 71 237
1 45 164
6878367 66 9212
14690192 44 6483
17217518 32 8714
25478190 56 8128
2027559 23 3606
253887 37 1488
64203 6 970
5935733 3 3856
216411 67 4798
432124 98 7842
1573108 18 3015
111418 11 8895
100033 38 6233
194305 7 9638
1013612 37 3192
3198 94 2720
1263248 41 1530
359261 24 892
1437775 95 4000
904630 63 1305
153284 17 3699
9470139 56 5954
7971305 75 4096
318979 46 2692
9622066 47 6611
9109579 10 9372
767434 100 1949
2406720 57 2518
1098683 82 2786
2341661 89 3820
54418 53 4191
197629 69 8272
30802 29 1141
3408654 36 4132
4115320 92 5738
4949 70 1602
261976 86 2262
2065598 9 8709
160775 6 2196
8227544 91 4812
2276083 39 2126
134797 84 1928
87438 33 875
3064548 85 6143
6969 1 623
241982 21 6849
1192805 2 2242
13046041 6 5159
8832524 57 9488
3843386 83 4751
366472 83 3176
2488948 70 3181
1221787 77 6903
1223064 87 2610
9807153 58 4441
783880 44 9963
222055 2 6210
392709 36 9649
214607 58 675
29557128 77 9265
5205856 76 5511
842678 65 6903
2587008 62 4319
15048854 18 9925
20470744 34 7374
7832255 37 6691
21596007 96 8803
25714422 59 7201
3168930 30 3375
1 71 3516
1394251 91 4030
16728472 35 9462
621982 58 1145
1 46 8553
218 4 433
199331 20 8478
162351 80 5788
8314760 47 4366
10571170 82 9538
6193 67 1870
136983 42 9356
344259 27 3738
4086797 4 3995
11986888 65 8433
10844099 27 6164
6492078 85 7109
4287041 26 3264
17772350 69 8752
37693 13 283
595508 99 1585
3629788 22 4237
4889667 50 9352
104651 67 763
1 57 182
29296020 85 8083
24567 93 4501
3380404 71 8701
22068036 27 7450
318327 93 1172
2948331 19 2832
21514891 18 7590
3247087 13 6045
4341257 1 3999
136388 1 1410
489781 57 904
10702903 45 5729
100050 37 606
4876446 81 3154
348166 82 1958
118324 49 2458
2444864 60 3388
1127174 66 8838
9456037 22 9276
7494315 22 8811
1769712 72 4077
3665711 64 7895
5676367 47 6475
455599 2 2080
18384416 48 6326
6635462 78 6522
6003612 90 9734
34544666 33 9038
23982335 98 7379
21312 54 149
1188976 11 2603
426229 47 1252
10588664 25 8898
2334123 38 3158
9224329 27 9504
3045883 23 5632
1219524 88 8440
2140009 20 5427
1 85 133
469857 84 2103
43364 18 322
1864436 22 3675
10828599 96 7518
21103940 51 7338
567027 29 7264
5590891 42 5409
2555340 87 7404
754095 58 1568
8868655 32 4885
8730500 41 5493
25240 1 5890
24248809 62 9340
16938 1 142
5908262 25 5195
1 76 311
1 38 8532
66342 9 6469
13186344 33 9111
1540265 89 5299
277329 11 5034
9142105 54 5209
1874854 32 3267
34014017 8 9219
207661 33 7416
20854291 41 9298
4064963 85 5406
146316 76 598
1774376 52 6505
7060431 59 5902
21584703 40 9029
7599 36 2469
17137383 13 6982
5255140 46 7029
1069716 1 5217
25602591 8 8487
15789230 16 6221
3842795 77 9423
476175 80 9209
1210468 70 1532
211716 15 3373
193082 71 1136
1 95 989
14802306 98 7135
1244224 87 8266
2288416 61 3910
14038215 51 7699
12367119 27 7789
1 70 83
711891 72 8713
19322 72 130
1036078 80 2793
1 83 364
3189567 28 9743
5643835 11 6021
8235768 35 7946
2617400 73 8851
6375978 67 5798
10040805 91 5071
7553 2 104
27396 87 4537
99811 76 2700
4196252 80 5332
42661442 92 9334
8737653 46 6305
15889001 47 5620
66642 1 297
1034483 83 1419
349152 52 2117
242065 71 602
20395867 95 6672
17827338 100 7126
38136 26 1716
1188481 54 3855
442022 69 6574
1275548 36 2706
314486 36 1895
2606743 83 4070
10415215 5 7185
7824569 49 9836
3607887 23 8172
874509 72 4397
1521046 80 8539
139887 35 1529
2680617 17 7283
19207881 78 9699
631820 93 1891
6504365 87 6479
3670922 22 8432
1686244 10 2806
5594427 28 6517
9638434 96 8142
3372228 89 3171
8271530 94 8940
81013 95 598
4914434 30 8682
60463 3 2480
216905 16 7166
393862 31 1334
138417 95 1673
10426589 69 8791
42304 71 233
11832173 64 7612
1401927 25 3502
787521 89 3735
12370770 33 6462
13854 85 162
28147 14 2695
763534 70 6705
2475282 86 4178
505536 5 1338
1550326 23 7175
5570256 83 5583
114992 14 636
385766 22 6256
6442523 59 6703
57355 43 3940
16441435 43 7433
2384223 40 3997
844539 95 7113
1754192 71 1935
17353784 71 7204
1491815 21 7151
4274541 39 9766
134503 60 5750
434811 72 4237
691321 76 2827
29598332 7 8424
21608713 24 8457
31370339 73 8912
2456704 60 9352
2586834 24 4347
14042413 47 8201
59978 80 6496
1296647 80 6860
7564252 58 4314
6611040 3 8807
9491 55 7075
1632142 41 7336
205635 53 2411
493897 7 1217
23578011 91 7006
6521429 56 9244
959121 82 4109
2051279 75 5198
2652621 41 8801
3638933 87 6023
1881180 14 5307
2055572 85 3328
29702102 11 9269
2487971 47 6779
11157635 57 5415
8109073 30 6211
4136584 82 9653
16975287 38 8459
4315727 55 5769
2864371 77 2642
21704096 100 8511
14368412 99 5336
2851281 82 5001
2413195 45 2472
1822517 77 4357
10561468 100 5588
358 18 189
7427248 76 4440
1908207 4 1884
13314160 76 6183
680898 60 4219
9223519 74 4395
1036299 29 5646
1408515 34 2345
167658 83 5622
1005851 68 4063
133130 58 6786
2195825 80 7664
1730 80 1457
224356 49 2209
1409865 65 7845
3290891 87 4236
24070 12 3445
621364 94 4331
4392159 1 3873
803874 82 1909
1 97 136
1 62 3566
96250 91 2754
50049 27 886
1252988 15 4325
5766475 52 8452
415985 54 9646
159839 82 907
1482874 94 3127
10321526 18 7912
6431540 97 7893
11680254 8 4904
3152267 59 5762
11666270 73 8999
13316299 11 5859
18537 70 114
24586063 85 8730
23905665 67 8711
21113 95 2991
2044915 54 2989
6308598 72 5079
1 43 3751
2902485 37 3894
260725 81 2104
140113 69 3525
4183827 44 2933
10701407 74 4953
1344928 81 2846
323782 70 1105
2524 69 4629
53106 49 4497
126470 69 651
17417870 39 6702
24500 95 8481
1079205 14 4370
3151427 24 3804
24588925 33 9728
2998781 54 2559
1 51 75
242011 35 1222
38002 62 7510
385035 54 1850
6054989 91 9696
5283362 71 4709
209682 48 1210
195988 92 8703
493923 14 1482
101664 57 9116
2374113 26 7966
1 84 2228
15271387 67 8863
7160354 69 3901
478789 84 1189
2539058 47 7811
913051 25 6044
2402482 51 3323
6421442 19 8341
13683786 27 9725
3045828 2 6593
2377 37 7549
1190451 21 2874
18204 4 568
459343 25 904
662969 12 6960
14834895 11 9494
35306 48 5010
2149631 28 5243
19959032 46 9485
106676 43 3120
1299893 93 3118
2330054 26 6270
59580 38 777
17749548 29 9650
12422654 60 8236
1733444 4 5421
16418110 85 6258
77544 80 633
7016562 30 6473
4687613 60 6374
554247 3 2601
172526 89 2550
7953750 87 6125
5740456 25 4357
1039454 30 3692
2795755 29 3934
6221427 32 7986
760910 18 1998
381236 87 891
1765525 14 4959
21166408 36 7794
118755 47 655
601444 33 1192
4873705 94 5106
2131752 75 9300
39632 20 1006
20356517 93 6849
1773276 2 1827
455253 79 1269
2720 19 615
356255 64 9596
743358 73 5418
313923 58 2908
1536 35 97
2002640 20 3429
33261106 84 9122
32969 40 699
1538973 24 3147
1215065 33 9919
13282278 65 9048
18106204 98 8758
150972 11 714
772625 27 1471
127972 100 8417
8860825 49 7606
593975 59 6730
4401166 52 4528
16712387 4 7844
21991 37 4249
5498440 72 3944
1013636 66 5185
3632155 95 3407
6712911 15 5165
588729 50 9321
408992 76 3172
921132 20 7546
3711673 45 4554
16643360 55 6550
293206 20 2489
1052187 33 2867
22226199 90 9611
134041 16 1585
14965036 42 5602
1268102 67 9209
3986109 95 6439
128275 91 5141
1 83 482
4418306 56 4636
287538 21 726
15877210 91 6285
9953874 64 6524
60600 88 9793
6556891 30 7581
7076941 82 8118
13110201 28 6560
3771581 8 4892
27335 39 234
980070 49 2484
42461 54 2533
9816494 27 9867
14612120 19 8132
973964 37 1550
3949799 57 8747
78750 53 1413
6572765 88 3928
1059851 77 2648
435236 96 1538
38848013 61 9011
26365009 78 7967
294941 40 6859
5039551 63 8188
1472995 4 3622
2084361 11 1944
27252053 66 7530
15120787 57 6426
16192817 49 6400
1 27 3013
20084472 48 9841
209292 50 819
20855 71 9131
14036868 42 9088
10215167 28 4467
11097543 65 7206
6053332 97 5903
6049075 36 6066
3919208 35 3808
200846 56 5875
7857558 93 5640
1154802 83 3962
12929260 98 7725
3808650 12 4312
941113 98 1487
448627 39 905
1 81 3988
574096 94 6532
926586 65 4908
1121 37 1195
13571932 67 7941
130481 93 939
6730386 54 5015
679075 20 1581
172459 100 591
8269361 73 4605
198474 74 641
16053 51 5818
1759728 53 2467
3909389 94 5632
6703141 7 4002
510495 29 3353
225573 66 5953
4542 3 5012
192671 68 3241
10904 61 308
410684 52 7864
3672609 79 4348
6130824 71 3572
1 87 744
131255 39 3285
6013 38 268
1690582 87 5041
743714 29 2492
1873834 24 3810
4362991 66 3674
381551 96 2954
535906 99 7300
2816609 87 4950
9892756 59 9818
13184338 58 8210
11565604 3 5213
12411422 71 8745
22476 66 3679
99719 95 589
2061408 59 5144
23003606 48 8837
5778642 51 6228
310538 32 5437
8565591 36 7503
6007124 19 4836
2531259 95 6762
27876157 51 9258
233174 99 2698
3013837 23 4116
389192 10 1261
2712263 95 3203
11715680 79 5190
2018300 37 2990
9692683 12 5965
216028 9 7828
9004032 51 4926
543063 94 1609
8811294 73 7623
12894602 58 7284
3102150 55 2455
1454599 52 7696
72123 25 301
7261738 47 7517
42687 68 4827
172227 39 3311
182968 18 890
25487622 6 9165
104117 11 6177
931849 71 1721
24171 11 8313
6701971 74 4319
1169237 3 3746
6978960 82 5368
2220118 17 2602
4575 32 445
10684956 68 7677
995466 19 1357
1454607 77 2941
65039 16 6393
766891 46 1775
532872 70 4771
590021 59 6690
3177203 33 2471
9269805 70 7511
221296 65 4078
31225314 13 8078
24824 22 1565
633584 76 3070
8002247 22 5717
4946000 13 7093
354010 32 5726
736389 54 1143
2647928 83 7710
31524926 100 8462
3817922 17 5649
5469215 96 8756
20240772 90 9576
11634 17 783
20097588 64 7710
18664973 66 7070
26577440 95 9319
11586410 66 8475
1 82 746
1687863 80 4387
351365 61 9549
377096 31 2012
577398 49 2371
292123 72 3253
17668313 97 8488
17818021 30 6953
28339 19 1616
2496809 48 5890
630343 85 2779
6437 19 406
2337348 40 8789
12181356 86 6766
1376504 78 9003
2191975 77 8495
2136475 77 8663
68231 14 1206
36112659 15 9450
2615002 3 2287
9660717 97 4317
14494 96 3383
746062 32 1830
937025 13 1586
1923176 26 7772
891983 62 9731
10539575 13 6752
4255773 61 5417
19991949 26 9387
566713 64 1575
2520415 61 3913
1008133 30 8515
17056 91 6515
76581 51 5249
16478517 65 5644
706120 94 9194
226395 70 1080
8348737 29 6471
5324651 8 6493
5440639 18 5372
24106 3 3008
6110761 92 5645
22450884 63 8796
38155 23 1838
4042522 96 6383
22662863 13 7183
13774110 83 7871
646745 28 3484
7545169 35 7150
3984314 14 9176
35401107 53 8865
2853306 82 7692
7173442 3 6194
1610552 52 2399
106655 18 3976
34238957 80 9452
8153816 29 5822
16535 5 113
2212195 53 4573
438980 87 3134
1 81 3239
2035009 97 2126
17013267 96 8211
16676952 70 8464
7333235 32 4646
8506610 66 8163
348008 36 1033
22646 57 2436
11847 81 189
908022 92 1774
16509 92 2760
292946 69 2627
3586252 82 6244
18979058 63 7041
5918275 43 7021
3384951 36 5929
8532365 68 4971
1134915 47 2653
5224590 86 4703
839569 34 1632
181279 4 3858
55696 24 9205
2201020 88 3677
2263945 17 3984
77584 56 2824
8550803 93 8374
2691595 10 6334
1119260 13 2914
84736 92 4147
3529990 40 4354
10255651 78 5523
15088257 44 7324
14059199 57 8834
398282 55 2939
20790669 9 6968
13464686 28 6677
20227197 66 7796
7830428 56 7767
5464114 95 4515
442579 18 2050
10272440 18 5092
879721 38 9167
3730725 34 4956
8146 34 6376
6264746 80 3450
1930807 50 3953
30704 22 8700
24782 76 321
17357039 55 9253
26598340 87 7630
24719357 58 7746
25002437 42 7184
14999445 30 5728
1 25 147
74157 54 6684
11011421 80 5047
14162970 85 5850
76854 1 895
928913 24 1298
20067974 84 6787
651615 47 4918
11976 71 4798
1224322 70 1555
10221236 15 9700
362663 11 8685
22043 80 133
411382 66 6072
220474 43 5418
1 76 1129
1094442 38 7351
462645 29 2397
33696042 86 8288
234586 45 5461
1338040 6 2861
1063593 6 3281
221307 59 3262
7236909 26 6211
263400 34 1031
31590 69 221
985857 21 5886
4072670 64 5113
7999234 86 6666
488512 99 5955
9809 65 85
10914931 43 9313
900148 17 6530
10965230 54 5643
246 27 52
155309 86 1287
947232 82 4979
29793 60 1524
2830987 84 4338
6643226 69 5413
284695 59 6645
2569337 97 2185
3035605 99 7435
6973411 7 8984
20692106 83 6546
5576131 89 3876
4418501 92 8770
3223110 89 3117
5724966 4 6776
1881023 99 6365
1217026 92 3472
213128 25 7574
4609666 59 6779
24072568 60 8754
2831177 49 4854
263804 56 9514
5617 73 1611
406138 51 917
8316437 36 5436
19928028 3 9986
748086 96 1486
19314813 85 6287
35938 67 287
52946 68 316
11469768 55 8897
236178 8 8524
1 86 1761
15748957 95 9615
6763437 69 9857
6861223 71 4014
34957477 54 8274
25685298 12 8663
13041748 48 6045
3140347 22 5740
2065446 61 3188
31978143 42 8791
445 32 2383
19160312 90 6424
28816586 48 8067
188282 39 1594
2920965 78 5098
15385 56 9352
14406078 36 9438
3210809 20 3264
4916772 33 3682
3040522 55 7519
18397 51 4118
745142 64 4369
2070097 92 3130
24987985 1 8907
39127 59 2216
7435562 58 7509
3736302 24 9566
370829 99 2006
1547532 91 3923
10570479 87 6291
947507 6 3080
9055 5 1471
9640400 77 4654
1601287 66 6185
1731568 11 1784
2771063 51 5208
3008794 28 5749
2233196 11 4101
506046 12 1071
6425522 85 6043
4765152 10 5652
1084775 22 3127
472954 84 2022
22974287 86 8038
2386167 41 2501
5508761 19 3717
1253827 90 1797
19409195 34 6890
19752540 89 7300
85824 9 4435
11905 15 9306
76893 28 2374
30750110 6 7880
3602364 12 4925
52479 20 2741
1337502 38 2257
12043549 21 5740
2110804 97 4566
349438 57 2761
1119422 57 8073
17191445 14 8171
3853100 54 5382
22959178 92 9496
252761 15 839
821873 14 3571
2016505 20 4020
24504657 84 9204
4561359 1 4081
2790065 28 8728
75871 59 3790
31515 8 7689
667398 56 5884
118494 64 7349
4102874 1 9032
945365 24 3110
1947982 65 2649
1844077 13 2532
30397163 56 8245
298134 46 1110
22797424 22 9019
1175929 46 1515
2771788 17 9766
14115044 97 5667
853353 11 2779
455890 42 7417
7205648 22 3829
474389 75 7205
8490084 17 4654
1379779 19 8828
5476025 20 4506
13021439 46 5316
1832670 41 3552
308 3 512
532902 57 2996
57229 95 4260
3763675 26 4513
3029382 12 4638
147997 2 1294
2911 11 2400
441222 59 1136
369563 16 7156
17207265 35 7188
1392885 76 2317
194964 46 4814
9945527 35 7003
5431503 1 3825
850175 63 2465
266201 86 6710
17482163 46 7699
2059552 15 8725
14421537 49 9117
7746019 61 4211
348607 53 7386
13760696 31 5476
248649 88 767
2275854 68 3227
707442 15 9557
50414 25 294
138825 68 1040
1806942 53 5962
17873686 14 7574
5531760 22 5955
13834141 58 8316
193078 18 2239
3660713 25 5983
1686272 36 8425
1300117 19 3070
40516 8 214
8656801 97 4814
53688 40 987
7458 31 5123
487590 26 2556
2915417 21 7785
14562844 99 5297
11205826 15 6346
233954 91 4781
534809 8 3094
14877812 39 5422
2565190 75 3742
7541250 95 7482
9513 76 576
13424100 59 5235
7496637 22 7518
1299895 32 8335
1 49 5652
434816 22 1211
40886 46 414
214833 43 1998
1373819 57 8925
128643 31 1957
1009120 18 4417
2509362 65 7116
1 58 7380
3332490 45 9029
14568782 76 6673
3161712 81 9859
30208 90 5432
2169 56 77
7785836 70 4764
218172 60 1728
15245756 78 9708
10957052 10 8621
7720324 25 9206
11627125 66 9501
194223 96 2333
142544 88 8692
22521082 40 9674
19218237 21 6270
8393848 34 9697
2085963 49 9496
22233944 51 8844
2181642 84 4227
1 60 141
2943349 1 4211
738327 63 1493
606449 17 2441
319549 6 3581
43934 80 253
3049138 17 6406
1394448 40 9146
2160898 16 8171
7630 18 3736
47877827 21 9772
9626027 15 4748
247952 48 7491
54703 8 3023
7703513 1 7214
38780873 73 8952
2248140 39 4592
10407067 71 7224
1177322 75 4157
3455153 67 6770
5662971 90 4182
14998171 92 6808
1992172 41 6342
13019191 87 8625
1687520 19 2634
20714752 97 6718
576334 48 7600
1790718 11 7243
5472081 41 9403
9313935 9 4518
459796 91 1714
5193002 41 8894
7106714 21 3794
7783757 31 4011
44948 92 1437
4867552 94 8326
41412 100 710
1799967 84 3044
5826649 35 4862
755242 56 4937
51132 32 4869
612525 69 1091
10142024 41 6447
73614 33 2572
733645 25 1688
2893110 33 5449
26445 72 3477
2071852 46 5863
1369531 86 2320
17892 87 4248
377000 28 6402
19613138 52 7169
328586 88 2210
567361 84 3305
6290580 32 4745
479832 44 1022
156593 19 1018
253572 7 2611
22437298 60 9545
915557 10 2983
57781 96 1760
307099 28 8766
21927523 96 7857
2397803 58 2122
5889 5 19
7634 65 3692
11534094 31 4848
1107095 9 3183
7381154 68 9450
634371 46 1363
27396680 66 7941
242490 10 3213
73002 20 1226
6361765 74 7393
314962 72 1557
1952222 81 4118
10822419 99 6293
20506 50 158
11520 66 6372
1256708 92 6030
6094810 70 4784
7560417 87 5156
3445968 84 5990
27490 80 287
297930 87 9034
5018023 23 4528
9009741 86 9463
22665788 56 6940
149098 35 2123
5327272 77 8559
117165 53 1541
3402957 59 2858
1 39 5347
2319988 59 6270
1357917 49 4267
1692919 89 3665
1137901 2 6176
10143017 12 7519
953 13 2170
3152 42 549
5828 53 1051
600786 27 3834
4378938 29 4170
68744 82 1381
9028198 5 6743
2619763 51 6502
17458354 21 8287
1953 85 3094
2875781 56 5700
312068 73 1583
75739 80 1496
24975 26 996
7259932 8 5312
12051224 64 6955
561255 59 4513
58055 22 250
10121140 3 7779
7616326 63 6543
4409974 96 3575
1204845 34 3000
2898673 2 5913
16578870 92 9964
13981816 19 6009
13954255 68 6709
5061 23 5710
15910624 17 8905
4729890 93 5156
1324795 58 1948
109429 35 924
31669158 84 8999
17054197 97 8471
3351249 48 4652
25768509 16 9563
1909748 21 1906
1158 20 542
79665 69 1239
3861178 79 7267
1689998 56 2832
23336 10 2113
138325 5 2452
13803408 33 8506
579409 88 1012
51599 9 1007
27243679 65 7685
10029441 62 9280
224736 71 8427
3891640 40 8070
2083660 42 9548
97218 99 2918
343297 9 2002
3688020 27 2617
2004745 67 3437
62326 54 7163
3668538 46 3284
5380621 32 5598
8304865 37 9357
4311135 76 8338
187037 70 2697
9874 62 70
35593 30 1583
6423433 32 7522
254419 2 9304
32302937 15 9657
420284 76 1472
16516546 89 5715
432472 48 3393
32683937 1 8676
479685 98 5691
1431332 67 6134
155464 47 2229
449340 90 5512
540194 98 4605
28521538 7 9776
17656207 96 9007
648113 9 6790
10954616 11 7781
10692 61 87
11656 42 4520
69942 68 2843
10935418 82 7427
39414 9 483
1717989 60 9672
336179 9 1582
16086756 42 5657
17157733 82 6651
2304560 30 9037
287053 27 6513
32668 56 240
3826782 55 9931
22121851 34 7676
313459 38 6478
200527 20 999
19181797 13 9410
1680864 77 2662
817676 42 4687
22447800 82 8046
13147585 97 7491
16641678 77 9171
23029547 54 7104
6170084 2 4918
14832 93 951
11665348 73 7960
12957 77 363
1031275 54 1633
1949396 20 3137
5114018 35 4152
19681 26 233
765291 64 8899
624367 8 3394
452380 40 1066
7617 3 52
8232123 42 4240
8931843 53 4132
1864136 8 3551
370363 24 3255
1868758 9 4015
504274 62 3711
11829473 64 6822
13294969 70 8369
4094966 46 8306
851264 1 2529
50134 69 2481
4935159 100 5812
28779723 56 7627
3183067 40 2737
2332766 59 4358
5989546 60 3669
9259316 28 8047
217225 38 5248
10072229 41 6893
1538656 91 5836
1995 2 1006
778827 78 2964
9912263 52 6245
6327056 96 7040
114750 21 667
52497 22 3416
1755082 91 1857
4733289 26 4301
7540258 11 5301
750451 58 1495
34235494 9 8219
585634 14 1355
5121707 68 4040
1447781 32 5934
1936136 32 3682
2396549 6 4496
1059813 65 8021
356464 8 7953
270638 54 1251
1111492 87 2524
32591135 69 8347
14373934 73 6554
3809 22 2491
1436163 84 3054
15862264 89 7160
56719 5 272
6966739 73 5508
8155 29 2835
264087 18 1126
33417734 82 9365
5468815 97 6154
359128 44 5135
7985380 44 9649
3262558 100 7022
828968 97 5989
2262824 3 5317
717578 64 2467
2884716 15 9535
141972 46 447
996204 54 3356
6742883 77 5594
206493 9 4495
1144093 30 3778
6162284 46 6981
41882029 83 9530
571 23 2588
10856904 4 5590
4033601 41 5852
26039 23 1672
31860 1 5828
546651 13 9042
3803714 51 8514
929462 6 2800
2488625 45 3088
583572 3 5386
26262657 91 7224
45135 67 1153
7800731 89 9168
11776479 86 7998
53186 55 1280
453540 9 2941
13906228 4 6880
34853333 54 9966
3058833 71 8720
4370632 81 9095
14078 75 5135
17728331 23 6357
1211294 32 3299
15832315 90 9195
23955488 4 9906
27303980 28 7645
1327328 80 4465
3600208 9 8705
4135458 74 3466
1120771 64 4581
11582789 36 7797
6324990 85 8395
340 74 148
519185 64 5186
8922080 34 4823
8135421 20 6218
1625484 65 6860
2397 58 780
31486400 52 8400
1140829 56 4887
29928787 88 7885
5788819 30 7588
291975 27 6045
173297 73 574
5422496 38 9217
1704847 41 2595
119847 20 1979
1 60 2663
5105877 69 3477
2150409 40 7330
265718 97 2825
5167359 48 5621
571427 33 4733
2286467 99 2084
462464 35 7523
44211 68 635
2180720 79 3053
23049791 19 9960
8951095 21 5517
3558433 8 4564
4182395 74 3331
1 55 7930
1835453 55 7873
13717962 36 7078
885695 30 2154
3861810 18 7823
353824 66 5351
5794064 69 9356
940050 64 2461
14488812 27 8058
19057354 86 7622
5941925 59 7495
7001992 7 5116
5593054 20 3284
483266 83 2810
1624990 12 6232
27548 11 3321
16800932 32 7518
411751 77 3906
166751 74 826
173458 59 1451
886314 46 3755
11389441 45 7254
83855 54 4717
10605376 78 5302
24500129 17 8398
1706 79 2552
6365 8 529
1189600 23 6103
69441 47 7447
87756 72 3763
689686 42 1214
3155555 90 2598
3918554 16 5460
3438435 14 6139
402923 94 5586
820354 39 6976
458730 97 1260
3006377 9 7080
2936859 47 2705
2423533 27 5807
1093244 69 6042
4438044 6 3540
1787 30 1510
9921067 61 4570
2699667 82 4449
227610 24 1048
7315885 100 4856
18114339 73 9853
7498142 71 5069
14006741 27 5817
122548 38 969
4331636 91 3978
874307 53 1349
5329936 23 6414
6002526 88 4643
29743 95 591
5746425 60 6084
1668441 56 7034
1573753 78 8288
14169690 57 6204
180213 72 9256
4681805 71 5958
280492 45 1900
1039218 15 5609
947 44 5104
5348740 34 6754
22394123 68 7044
1396638 24 4717
13616922 99 5896
46902896 9 9952
1415173 46 7107
5964211 17 6339
3318079 40 6143
658234 9 1249
48512 44 1739
5959627 25 6139
700706 81 3833
2868 28 193
14778980 44 6153
16747479 1 7194
2764513 91 3163
2216699 6 8465
2343950 22 2765
26172 26 709
4216405 51 5855
3653080 45 3749
95344 91 6939
371881 10 1513
2206506 80 4009
12057557 60 8891
15872646 49 6109
19547986 75 6745
972524 40 9437
6609723 7 9346
3338069 7 3921
40515 51 455
3746366 10 6211
35899 70 1661
2931207 28 4111
402293 82 1520
5726216 26 8126
11837666 42 6933
304573 68 2902
17117586 51 5826
307300 87 898
18752086 38 6816
90877 1 2654
670341 51 1111
122493 94 936
40131 41 4752
391504 46 2736
3596956 52 5164
14146 12 4105
16476670 65 9094
4776688 99 5812
2492791 11 8270
3855179 83 6095
9371161 57 6852
37608 48 1186
937818 51 5990
10496047 5 7622
81137 83 2051
76755 91 448
1072504 60 6565
2869784 47 5126
834570 75 7914
2592694 18 3941
2974238 4 6685
23888129 63 6843
381410 30 2430
39718 51 1060
6247700 82 9443
14363233 62 5672
10505787 21 7077
1843666 87 9060
354257 71 7168
547787 72 1728
96416 16 1680
30668 99 742
15121152 14 6853
46583 5 355
22207 58 1361
35164766 16 9845
3277761 68 6298
332054 26 4152
35937 11 2271
4996513 48 4210
1867219 40 5556
1329525 56 5565
1347918 84 4502
2179911 93 6669
31653 23 8713
274 86 486
1002428 91 6187
2191462 46 2859
6539668 81 6438
33483154 88 8265
24768361 69 8296
13042419 11 8496
425372 57 1249
119247 9 618
19586794 54 8582
228898 87 647
18344582 83 8288
9758010 83 4321
442819 1 1481
4720795 28 5044
30896 12 688
629777 25 1205
1355 22 4671
28695817 47 9505
441191 11 6894
2413017 51 4793
5410608 91 5049
2767395 69 8181
3057775 83 7236
760393 29 3304
15744205 42 6581
2725450 23 4227
1623584 33 3480
412345 96 1360
12386650 30 9280
6519249 1 7539
1194891 92 3680
3989942 55 4001
124797 96 955
6709763 51 5052
25760 12 9388
21693744 41 9330
65520 76 5447
685619 76 7096
541194 64 1247
326264 88 3157
1222442 52 1722
432003 63 3308
104030 47 1211
8360014 19 7161
12914911 82 6855
18911 64 370
22644092 58 6848
577278 77 4557
17077314 20 6519
3169500 74 5490
167087 51 5085
7404270 71 4952
2891744 66 8297
880624 77 1343
7296136 43 4549
18234809 34 6208
12805104 74 6695
48486 16 755
3619446 34 8343
7326465 16 4062
35464 82 542
97250 52 2576
1456251 96 2277
7657636 33 5456
2056599 78 8662
6787697 2 6185
2144798 2 2211
18491130 66 8973
817035 81 2115
6860118 91 9032
229743 38 4194
6658252 2 7393
41234781 36 9942
327597 20 9515
45700 4 4453
22836421 2 9248
11089141 57 6275
120081 68 2191
5802701 61 3425
268742 64 1021
993740 38 6477
36105 91 1605
35536989 100 8647
21784223 91 7253
12419981 31 6951
238700 40 6434
765761 88 4144
20509130 28 8390
158356 91 502
631723 22 1065
1327555 75 8200
4220461 55 4286
5711086 89 3440
3978641 83 8418
957890 24 1764
10636137 89 7298
1331313 46 6212
154998 55 1022
2104659 43 2196
58483 17 6202
6137930 80 5094
40092988 29 9122
1546348 7 6614
1148589 86 8299
379688 31 1306
9333664 4 4545
1151875 74 2667
742566 53 9819
10136625 48 9885
305582 78 1855
634903 25 8260
4422083 24 8204
36490087 19 8592
1958813 9 4443
1154954 89 2979
57601 75 2264
21485529 21 6632
881716 73 1878
32162418 92 8128
1915941 20 1913
3800679 19 6018
13973155 44 9506
16320752 75 8445
16025708 85 6686
8942906 100 8407
557033 64 3507
62820 71 548
1811364 64 8263
469613 66 5114
9523223 100 6050
105294 40 563
1383390 25 7648
9739677 3 5951
13667 97 612
21310670 85 8040
43039089 17 9821
12089 43 197
4610 53 7801
1831178 3 3780
752039 70 3909
1400148 16 6908
35231443 84 8975
3915056 44 4776
6736594 85 4833
16042897 51 7656
120272 3 1216
522294 84 1548
4678421 16 4168
531601 77 8251
3664223 67 2698
3279207 58 4407
8028121 76 5845
4174660 17 8327
81073 9 1547
2538205 44 8309
14960875 95 6150
202728 14 1643
2332748 42 6944
170785 69 1731
161933 69 9726
1320358 94 1675
5168853 97 3364
15488 23 517
4625 64 69
371788 74 2555
4354 79 2113
17458455 87 8427
29677135 43 7935
882559 97 1631
925678 27 8829
81710 29 3380
37989 88 226
5743237 9 3641
24176754 7 7785
120656 18 398
239325 34 650
88526 23 403
5156 88 196
15360087 98 8942
5023750 3 5883
6116493 16 5268
256545 1 6988
38119916 92 9926
3976 29 2917
2995312 34 3561
1541659 84 3355
51998 42 1565
673379 55 1115
7553581 6 4146
25750552 90 9440
26143097 18 7156
592873 27 2884
10439247 77 8309
15183408 80 7381
10437700 73 9357
262320 16 7738
21064218 27 6920
92536 54 9563
4805 8 354
7208652 84 6122
2592824 79 2819
2399450 76 4925
524967 99 1606
27985232 17 9433
3000996 54 5176
15590921 14 5688
14847110 99 6896
608953 92 1448
2019122 65 2615
23547184 35 7600
18952089 50 6939
702172 89 5781
24396286 97 8685
21787 18 277
20358 72 9531
3801855 67 2745
19213207 77 8291
180604 62 9422
2264244 48 4071
2518380 20 3158
17406160 62 9330
848646 19 5449
185904 22 5206
7548054 73 4061
1 42 5996
208892 75 3306
2741725 2 2768
9848763 43 4673
21894800 62 6576
723036 1 1595
10845546 46 5208
6033863 24 6691
515990 80 3045
5221460 69 4464
534859 40 8766
10874088 73 5949
12936302 62 6982
4203288 61 2843
296917 63 3531
108978 57 624
1634194 65 5929
25698570 77 7271
4309737 12 5097
932811 53 1989
3219571 42 2489
639943 95 6536
1112994 53 8807
24539810 28 8329
11143624 10 6354
21997 21 1631
475 23 2875
11288387 33 5755
8528611 44 4588
49788 69 751
6071407 17 7413
571493 46 6168
5188884 26 5040
2984489 54 4849
9323112 3 4283
59944 26 460
24806762 25 7573
1785200 61 1839
449756 16 6339
5737847 49 3787
66139 79 340
1067095 2 2145
63716 70 6618
20926830 29 6459
2410154 76 9753
8442878 39 4298
4653 57 90
2896541 77 9133
1078281 92 6663
8463005 62 6495
631723 30 2382
3577184 75 6223
2343522 54 3250
33137354 77 9447
39454 11 2404
9575367 22 8999
2082577 26 2710
3890 35 1403
2526691 80 6469
262572 79 3677
5941697 88 6497
15247503 86 9323
830444 83 2775
3243 7 423
124050 14 3560
7348007 18 8859
570216 80 3188
405768 20 958
25558013 48 8918
56449 49 375
959952 40 4601
2432779 12 5744
52258 100 899
611080 19 1498
11526098 16 8432
3752019 40 2868
33566 94 930
11312529 23 5354
695949 25 1599
11175 70 1186
2844 5 33
234926 19 3154
182039 47 4497
9332798 85 9069
711923 49 3204
9139 81 7798
492961 73 1756
85218 83 807
3820433 23 8806
1453836 94 2278
524160 49 1574
3373339 2 5170
964486 83 5490
277696 72 3142
131149 77 421
1 16 341
7099483 86 3959
1458672 89 4101
10921892 71 8486
9836 35 2646
936463 35 2872
1 38 6093
4331 82 281
2067165 53 2747
69437 81 6644
314112 94 881
2483613 59 2910
6253498 28 9233
25703877 86 7419
8297127 17 6468
1386189 8 1875
16831472 13 6720
31902427 42 8328
3721788 93 3061
5834691 30 6698
2619104 28 6183
1 93 1250
2492228 89 8320
3524033 75 3020
6124405 7 8874
297762 90 4858
48110867 99 9771
15584676 21 8588
12522442 72 5307
1882756 91 3601
9461645 69 9613
893753 5 4548
3502254 50 6889
16532568 62 8230
660160 91 4804
3440580 63 3709
2298792 68 4475
11026148 91 4931
51458 19 276
765256 32 3560
11050602 79 6355
3169117 81 2561
23991840 84 6857
226625 94 736
9240881 63 5128
574890 39 1150
34274 61 2359
13024256 3 5225
29431336 47 9985
2749167 97 2416
31368 20 5784
444345 43 2652
256264 98 4676
8499132 40 5215
3037947 10 3867
1309265 7 2646
37181560 17 9782
5570380 88 3613
2718305 22 3315
57431 36 5576
989280 41 7766
2483701 57 5456
743535 42 3593
3585008 80 4008
12865380 18 7247
89477 12 1642
24781795 50 9474
23862 87 770
4144661 66 5147
34902855 30 9122
16575148 88 6297
14096 42 152
7362373 63 7014
1104962 73 2981
16706 31 2648
348342 8 1300
45438 57 5445
1571742 93 3379
634807 13 3827
528184 23 2508
490632 88 2627
598333 10 7390
2017247 61 3736
4689228 85 5758
4220669 66 7582
58028 88 1061
347540 48 1213
3711950 49 4748
13936619 77 5187
9129243 44 5478
2089782 22 4949
8682587 7 6613
16283294 42 8585
20588 27 1072
668300 92 1512
593 86 8799
2908507 74 5411
1375261 2 6848
1319871 72 5363
13567576 48 6058
203999 20 7216
85391 45 8640
277334 94 1051
2661499 26 7889
8754697 57 5325
8229482 48 4676
924 35 527
7405052 1 5576
404027 27 3715
25011560 35 9744
1654111 28 2337
4093 55 75
106015 95 9749
589987 44 1565
13259337 19 7139
417388 82 2308
20809 77 1226
704424 39 8357
15046823 50 5890
4507270 81 8325
143416 22 7028
216743 70 2498
19532857 95 9405
12403239 51 7238
13692053 5 7101
340775 79 856
25761092 68 8122
30499314 67 9860
140921 66 502
751430 95 1578
11412287 34 6740
416472 65 863
6722634 9 4709
1439986 69 1759
7252037 32 4783
28120321 64 8725
331522 52 2631
17803099 87 6996
20940792 100 9089
29132946 54 8322
1 95 169
11876726 7 7968
808419 45 3223
762965 40 5364
30593341 32 8687
7154230 55 5989
5458 59 283
121874 89 2866
1179193 21 2105
27297090 28 8875
14428339 8 7428
17561427 13 5896
1196793 89 6647
171718 3 1339
1461416 92 3004
217589 52 978
209499 8 8824
10639008 78 5322
5177830 84 8699
5510391 59 5593
2218269 62 2808
998134 28 5944
422141 59 5451
4176716 61 4211
754491 5 7430
4768335 38 7574
1 85 6035
12200176 80 9670
920 39 94
200062 64 3820
402211 90 881
7016144 99 3924
3629512 22 2813
631664 68 1200
5183443 92 4018
29642503 97 8076
12510890 40 9310
256277 82 2249
6580813 11 5171
40626659 97 9842
389410 64 1628
3943050 86 2887
8478638 95 8578
200922 28 6396
13953614 32 5282
2381913 43 7305
2953478 99 2645
19595011 57 7144
1743870 26 7171
487124 81 3223
2291883 62 2197
309161 72 6691
2537650 41 4065
3081519 16 7208
12063 99 1226
202281 100 1685
3097883 60 9106
1044 54 1510
3487749 61 2903
530768 36 4184
1306206 73 6692
14888966 40 5990
2303004 76 8773
26304 56 986
448065 90 1900
795866 25 2767
3436221 85 5437
13484523 66 7625
576776 36 5397
808567 52 3014
2517312 5 8388
2660679 90 5806
12483 44 2034
4296783 2 5330
8583172 68 5435
4983268 71 6288
454316 53 3506
10537488 19 7528
7806033 9 4850
12716689 83 7026
309703 12 4872
1294123 42 3760
26402962 60 8182
1694642 54 3954
16650806 50 6170
15742140 37 9627
23438846 42 7279
12556 78 85
16597538 20 9338
566454 79 1484
1216867 31 6512
1177684 45 3397
1145849 93 7618
32254807 81 8648
3522502 88 6394
28936586 26 9170
80406 38 4269
6230739 41 5296
3057676 28 7702
4283694 91 4024
1441577 76 6717
3239876 70 8354
7226212 52 7307
4814645 92 7613
5431570 36 9919
31477400 58 8406
97191 85 2916
8158 16 102
660226 11 3741
1054527 93 1438
16816086 7 6127
187693 88 1799
2045164 88 5780
655830 35 1546
23341000 27 9576
1031243 19 6713
2719005 13 3570
356809 32 2488
2051555 87 3626
18991 28 3550
944758 67 1923
5083894 29 9448
3418641 3 6604
4229303 52 4718
12094802 86 7915
22501424 89 6744
173794 55 1031
449620 96 1355
4244329 61 2832
1390237 68 9095
3601728 72 8761
16915148 30 7446
215187 96 2428
61792 90 1018
11342808 22 9023
2116116 49 5210
3682234 87 4979
50968 94 253
1253413 100 5507
24751983 39 7005
328084 14 5797
355251 60 3993
180015 15 862
167468 10 1775
11955253 72 8706
786333 42 1997
22203 22 1156
1 75 120
4204400 71 5428
300967 56 1924
1917881 64 2060
152910 68 3759
422746 91 8725
2979571 32 8927
475617 88 1188
1199564 79 1946
208044 33 3330
1954368 7 4530
28799 95 2049
15623636 98 8940
1376 24 583
4519432 32 8570
1873907 97 2616
46859 95 987
7465871 45 5321
86656 79 6054
16235964 67 6672
27493216 49 7480
5708605 78 8520
1597061 73 2794
124543 70 1104
1586850 10 2501
412987 39 3109
1981080 59 8393
81955 82 7133
3599629 13 6343
1261683 13 8789
396398 80 2131
7667529 84 4124
7739279 86 6208
9691076 87 6031
29255 10 2934
5595084 68 6166
1471045 40 3422
4179002 34 3503
1 90 1593
535926 50 5874
528554 17 6057
7501283 34 6091
2920385 93 6244
11078790 31 7924
10822683 58 4957
133306 6 2855
256908 46 4821
47691 95 981
1127043 80 6810
12959363 80 6108
3931362 65 3783
19784585 19 7049
1925347 69 7145
1537158 83 2758
3675472 40 4752
23668445 11 8066
3609465 16 8097
796453 63 2764
127316 100 1538
9876327 40 6755
905590 39 3839
120758 24 2848
370652 87 1494
567 9 53
5091943 44 4394
30643087 76 9905
1405646 3 1819
115304 87 1201
1059238 75 5776
1834282 36 3221
816268 72 7213
97655 3 394
24588149 44 8486
4317840 3 8899
2513421 89 9312
1747185 95 2164
1387567 82 6211
107824 10 1826
1913792 13 3797
1 12 306
167069 73 2026
854511 52 1970
117935 74 1201
1000650 25 2100
1060302 46 7293
4365595 62 7462
1704894 77 2369
17946534 20 8102
16116 2 4781
2315246 76 5187
109899 49 3019
41805 93 1046
25355235 52 9011
2451180 96 2269
3477773 1 6189
97599 54 8128
2787668 24 9406
9732 18 158
249759 69 7855
41297998 84 9577
435789 45 2994
2045929 54 5039
2236787 5 2822
1899155 1 8529
952695 80 1601
11810175 34 7574
6649881 72 3726
3071509 9 3154
57218 70 1588
11001403 60 6869
571657 91 1427
2709875 29 4739
9739536 14 8610
135569 31 525
1425331 2 9868
7373778 100 4882
14680044 72 7920
1335761 9 3142
692001 31 4189
7395667 97 5624
614531 57 8378
14091995 62 7503
14977272 12 6107
348034 62 4528
13947 42 7287
23788738 17 7314
20416604 75 9692
1062329 13 1402
2865305 20 4268
146981 83 896
254395 80 1502
10922186 91 8190
416211 73 6935
17445820 7 8952
14351 10 7391
1 18 598
1472926 2 4107
2965012 52 3181
8186612 27 5500
3079295 85 2672
539303 6 4703
5245001 23 7721
13369269 77 5672
4911755 12 6511
1672851 36 1861
1491091 7 2462
14167397 5 7624
950737 61 9874
14259473 22 6527
837698 70 4783
8205 20 391
30583477 66 9823
28223513 100 7423
4758418 7 8036
4193 8 4729
14107102 37 5784
2926834 23 6845
178304 59 4258
25566048 54 8765
12373842 19 5437
6146821 73 7134
98 32 8594
40721916 68 9265
113073 56 823
1 14 1627
256637 59 1374
2675595 74 3722
15384010 18 8891
819650 87 2490
2069961 43 8881
1 79 4926
7741469 20 4685
1374883 99 7208
5306095 19 9289
12221697 27 6211
13766985 70 6458
15583908 89 8943
13901577 35 8578
23371925 15 8908
1516192 84 2004
1958152 10 1911
53464 36 1836
3617 73 217
15417 73 328
108197 28 8061
13888521 48 7427
11235799 65 5212
351287 30 3591
10665707 21 5046
3752819 52 3595
576182 82 1504
559 22 40
2797629 65 4371
404990 21 9543
19561548 48 8679
6039639 50 4365
9738010 57 9433
5527454 68 8254
26188307 32 9089
163133 15 1264
1 84 495
8409217 25 8711
16473426 27 5745
1109187 90 8166
5927294 41 6243
282053 73 8871
1320 29 6892
4580239 31 4953
5814658 18 4393
4283145 76 7026
15927225 69 9313
3449 57 534
2892494 98 5949
138302 27 467
315533 4 792
6136255 28 7038
224288 7 9340
9018998 97 7341
6830410 66 6086
25120947 38 7187
437222 36 8024
920209 66 3145
224898 24 7239
1912927 87 9202
612351 28 1929
31685 2 2284
749021 64 5607
1300742 4 1781
1352199 84 6626
187907 31 1829
435902 9 2877
900563 25 5580
434876 90 4442
2887 59 399
1431162 63 2293
88105 70 3210
1 52 80
234394 21 3990
4198869 51 3123
1255718 74 4417
1802073 90 6042
4530 64 2201
198632 27 643
73879 66 6248
5234479 16 3942
3084920 14 2699
2906339 84 4419
53249 13 4676
8005348 89 5604
162606 24 726
639583 70 1366
3901152 23 3844
3569 44 3781
11991299 46 9986
1356355 8 1866
13473135 45 7014
1127903 36 3888
5071109 90 5469
313475 90 1158
2541334 63 2978
3388626 6 3450
8901 4 815
15547 58 661
1 60 6969
66487 7 5070
2040549 52 9523
2699020 50 5124
20995029 74 7133
1 58 503
602560 18 8857
8701425 19 4122
2805806 55 7667
210520 67 1116
2772117 99 3728
10375658 46 6628
4515624 83 5163
6411353 61 6586
408672 47 5076
6899140 97 5015
1307635 9 4710
2264480 79 6460
14829084 22 7270
4445 48 1166
30083750 86 7796
589822 59 3398
399412 42 1964
3332549 84 3402
233835 71 9281
2922415 49 7501
2025533 31 5289
2307842 57 6341
247837 19 3268
11436964 85 9181
21431591 18 9212
13432890 18 8405
120311 61 2112
284037 25 9215
605583 22 8853
2392324 44 2853
115912 41 1425
17580532 28 9145
9614 49 8422
398559 73 1545
40134 44 418
1128540 15 4045
13962652 23 5373
2646427 60 4338
529627 50 2464
10198594 23 5529
206494 39 615
4439 88 836
1849953 57 9976
23362 38 1393
562379 28 3049
26615933 79 7882
12615824 87 5405
5916727 22 5565
4067692 85 6262
1107206 49 4546
15018154 69 5962
3980101 89 7728
36078 56 6163
9043683 27 9314
13010 5 8967
1284498 36 1810
209846 2 3751
919768 63 1551
569276 86 1177
1633673 74 7723
8840881 20 8097
273525 41 7718
788151 27 1471
1158576 21 2413
29186088 55 9999
120351 21 5253
310659 98 9008
200506 75 6626
25916913 42 9346
1155455 66 8402
116249 99 601
1882922 5 7064
114804 97 2662
1733672 8 2593
657 3 369
1157 46 730
6700238 27 4931
22464716 39 6703
1 74 99
42382 37 214
22468 68 151
10040338 36 9123
238272 81 2879
6463 44 2813
16274870 7 7032
114565 77 1025
4837848 40 4108
77830 93 3922
324159 72 6497
609982 26 9439
3473883 1 4158
2543340 16 6976
322412 97 3409
109687 100 2228
615342 64 8116
1989 53 1905
2268510 100 2425
16009 53 8781
2764762 26 5980
7051620 75 4466
3118385 10 3398
3890 33 3230
27989 12 705
27069116 86 9977
473597 87 6827
3265144 94 5100
36778 45 323
79926 100 376
22753886 96 9469
3577014 92 2754
677321 67 2488
28965540 34 8892
1 57 1185
13794592 3 5682
182661 54 2427
392217 67 6059
21298972 1 7677
8300998 45 8591
24190836 28 8042
19981718 70 6659
10778928 42 9080
492004 16 1459
910585 44 3488
211779 42 582
897572 11 4088
123012 50 3145
117112 61 1143
14494205 70 8719
243823 13 1365
372800 76 4918
1718969 27 4157
4570423 56 9902
2067553 74 2762
371860 61 923
14215419 32 7548
1143643 58 5180
24294835 74 8330
10412 40 1030
3678 84 5404
797316 54 1771
1460219 3 8821
1307508 66 4809
241825 24 3145
5379281 68 5044
13251842 19 6625
485683 33 4952
263638 27 3453
123330 3 998
76857 89 826
13567776 5 8629
1 73 3175
11575140 17 5607
10564258 87 9231
73511 15 1160
403950 23 1316
220991 92 2899
11621 54 587
2790083 61 6822
57006 38 362
716499 48 4858
300764 85 1187
15691309 33 5874
281186 29 1076
1038805 32 8846
1199499 41 3433
3325409 1 2654
38667 66 323
6559505 90 3620
342058 68 1318
641893 2 1745
408709 19 1415
906121 42 4212
1606859 95 1761
4282867 67 9514
16712485 79 5927
92079 33 717
20881649 34 6938
5144933 4 9297
460926 89 4081
1 58 306
15975788 50 9479
21050 59 5026
19407256 51 8176
1213588 7 8415
13356108 41 6057
4547920 10 3091
38260 34 1400
1183 13 169
519563 52 5124
18870 33 231
3165674 42 8897
3001486 45 8802
12180873 41 7341
1706070 66 1810
1 69 323
7932646 26 4520
6782234 70 5137
121908 50 7355
39702542 29 9059
13943906 20 7048
347611 37 9299
10075480 67 4542
26378065 19 8758
325801 98 1072
5576968 24 5132
75145 68 6484
234604 17 8908
15748128 58 7723
5620761 93 4293
4252052 38 5162
180310 45 1790
1202748 38 1567
8349981 99 6253
1733405 39 2436
3677945 42 4082
788552 28 6181
1544869 82 2063
544187 96 4207
43487431 43 9380
476031 96 7835
310091 1 2117
3794416 73 3180
9581737 42 9144
201931 89 2376
699296 91 2620
400212 87 6217
10462034 6 5722
609733 26 1668
366415 12 3504
1286141 48 2901
233489 88 667
367766 4 1526
2460757 84 5862
11814 93 477
10591532 20 4530
290441 93 6638
3448967 41 4512
6251735 14 3585
1532386 50 6647
16722020 84 5817
332503 42 6825
29915 53 675
18560991 38 8985
51012 82 5979
148597 76 4525
203046 39 832
1630738 39 4373
67759 30 3938
6798886 89 9004
1796435 65 6500
21546159 11 8526
1077715 62 8055
88330 64 4988
14540532 35 8127
2748303 53 8004
2480843 1 9300
404968 68 2355
123223 34 7500
7297656 33 8995
334714 53 1874
97032 24 1456
762893 16 3124
437367 14 900
3240280 36 4111
313170 79 927
848809 85 8992
171205 11 534
204500 60 4299
500823 1 2851
225096 64 7828
1 61 9992
251414 52 9978
1611341 71 7005
11049638 66 8084
2923310 87 7417
16782 28 4675
478052 100 2646
4279382 22 8061
250062 21 5126
25273660 14 9108
212656 96 1128
11972 61 776
503155 50 1114
20100 34 9401
621115 93 9852
7302908 5 9161
4876208 85 4370
291728 56 993
113932 69 1268
5464617 11 7609
732547 45 5837
32309544 83 8252
165090 42 943
51397 83 404
210957 61 2324
22640 55 518
520443 12 8231
12869159 7 5114
9102367 63 6154
5269357 78 6902
29017316 80 8375
46627442 25 9781
6181 52 7546
22282593 16 8755
27822874 70 8649
2711563 40 5515
27389164 48 8411
418721 50 5739
14390 71 163
31171576 85 8929
9576 27 3846
444567 48 1417
24981201 90 7512
8328975 69 9823
4703383 96 5093
2541696 37 5236
1562644 99 3493
56560 85 612
3986700 95 8291
107387 76 484
26819236 63 9960
1729738 33 4129
22640215 50 8638
1 68 8923
5522032 21 5332
392953 27 1475
17357860 19 7485
241562 35 846
14909535 32 8439
20530 69 3326
1051035 27 9474
363403 21 2513
2754711 11 2318
214996 47 1714
890710 85 7402
1142108 82 8260
2532443 90 3149
1962 88 179
431827 61 943
463715 30 1940
8564868 39 4764
3993374 81 7303
24358207 57 9857
6941043 46 5434
580352 33 1285
17552136 50 6921
120881 42 2007
497708 12 2190
7173384 93 7670
85190 31 3227
3717151 40 3464
1934306 9 2985
12298 1 87
3761586 18 4112
14260495 42 8503
1422704 15 6441
595293 6 1343
5224243 14 4859
21035 85 402
163992 69 483
261859 2 4966
9395097 25 5589
21372186 93 6608
644352 64 3401
4854862 14 4313
1 91 303
105343 1 995
21204216 58 9666
4047896 51 4090
3876181 88 4482
33223559 49 8960
130115 33 6598
1818259 68 7057
113252 24 2475
2653 30 54
111887 97 997
9267446 89 7395
28 29 39
7202147 38 7222
2033538 8 9974
129940 27 2412
676344 76 3202
3561338 62 4990
42694 35 321
9679269 18 7943
332542 10 9409
30608984 20 9154
4929719 50 4206
113083 95 578
7812420 60 4435
1747618 49 3571
613791 48 4096
529179 95 8911
1 84 140
69449 58 485
620399 73 6293
660993 5 2606
1774055 57 8563
434954 87 9021
5083674 39 3501
4007053 48 2862
62135 62 1408
5121 12 7747
2700875 42 6329
1820989 89 2429
371103 50 2497
5961027 71 6530
479868 51 7677
4529479 81 8444
15675631 4 6277
67127 73 1440
4153379 81 5318
14396977 31 8713
986595 43 5996
54399 16 720
3284559 48 8238
2046211 88 2386
30860 57 1146
14632303 34 5873
6223826 55 4271
934491 60 2824
1 77 6900
1082779 43 5357
11891690 53 5065
527049 21 4302
1297741 91 1528
121805 26 3389
318425 98 741
4957338 1 4557
3016552 99 5299
1307 12 4634
9580221 68 4695
3993184 3 5264
7490959 3 5793
13239 11 3631
396283 59 3467
2077778 69 3625
854229 38 1741
2412442 99 3382
9137188 17 5137
545257 39 6237
10340036 74 4995
156916 37 893
1699514 18 4903
1663546 11 2640
363706 22 5197
1312980 1 2001
3022927 1 9532
84148 14 2831
1797443 2 4008
18035575 14 7997
600295 23 4083
555 92 7661
4433672 18 6012
59169 45 314
1127141 21 3746
183313 62 557
737531 51 4481
1073678 73 2281
22040556 61 8640
2411325 21 8206
36802371 66 9227
6451358 75 4501
724148 98 2727
1364489 76 4732
2567592 49 2865
3543211 98 3125
2250342 97 3130
1584284 64 2879
3405865 43 2960
1222850 27 4694
1 28 6546
2149221 5 8660
7615503 71 5262
52605 68 265
966955 30 1611
11368785 70 5107
838010 4 7451
535273 76 8202
4328859 68 6170
214073 46 1784
719006 20 7556
293448 22 4260
2305991 93 2415
12223778 50 5751
17396185 13 8700
6015613 67 6202
1599650 85 3066
320988 21 1713
2883911 10 4446
6662831 20 7072
1267008 19 8673
277430 30 1244
30456 37 178
272031 77 6241
7194623 76 6586
28675475 3 8896
6114372 81 4157
4976427 18 3115
9855192 50 8977
4448800 58 3180
5733779 78 4708
712052 39 2691
753696 85 3044
19868 94 3043
22608823 49 9519
4305315 93 5019
4365526 32 9637
13895053 6 6064
797807 93 2122
9906670 43 5395
10927323 58 5640
2502209 21 7199
4270062 23 7523
340516 2 848
2401188 62 2614
7810162 75 4325
1741865 55 2281
3485880 50 6531
10671716 64 9542
16145 35 9777
1452965 39 2161
502680 99 4224
1 82 8614
7505520 18 4348
146952 81 1187
18922743 74 6350
1081564 80 1463
1470019 89 8759
12022162 64 7675
15720607 93 6113
7105231 65 4088
5819526 88 7530
19483 55 3919
4732615 75 7750
1 65 1436
1403202 69 4153
11057668 35 4702
557572 47 5587
2935857 100 4214
13030191 15 5919
13317390 55 9307
998130 22 4181
5491379 26 4215
8103586 19 5019
1697307 56 8592
131304 41 5623
775556 18 1663
7213772 97 6328
2676610 97 2412
13234250 85 8956
871842 64 7524
2233799 58 5133
114704 28 1312
5093706 6 6690
16678191 73 7862
5803777 87 6494
1613292 1 2474
275403 20 6665
551672 23 4121
22333 76 8529
284767 5 6906
25358679 22 9050
19897147 49 6698
4445575 82 7201
25146990 26 9180
1 50 1688
369694 24 1609
12119274 62 6384
40166895 74 9883
305641 8 6522
953162 72 3099
1961698 41 3116
39396 69 7563
10174181 63 7404
15984 94 469
19471014 58 8834
2645 95 142
15349 35 143
1659669 5 6085
3860786 26 3376
6554694 59 5537
6922 50 294
645552 93 2760
1360498 11 3131
83627 94 1336
2083093 76 9087
826249 17 4027
11450910 79 7558
20841790 17 7056
226353 99 9572
207996 39 1821
19436655 70 6211
6764739 31 9318
1758480 67 5310
31643253 97 8352
7722754 65 4454
8917648 48 4848
26119422 70 7325
196099 12 7831
464504 16 4376
6697239 80 7222
1155141 55 5720
684371 42 8720
58248 12 507
13401918 53 8524
2611042 26 2560
29224 67 8466
10706 70 7659
12090 46 1042
2007330 16 2539
7836297 30 5719
5594284 70 8628
47828 35 6090
1452761 66 2638
2826247 41 6324
200563 69 6603
1737395 82 3862
7519779 37 5864
1178207 90 3629
3480 78 4779
292208 59 6607
12325922 69 9446
5756068 5 6020
9466868 80 7227
1565429 25 3616
17325652 100 8427
12790 1 200
2667888 37 5938
15684867 99 5735
131566 12 1850
2716651 29 6162
2939538 6 7027
11639001 87 8362
486345 22 2959
7101251 47 3736
6104365 53 9091
593993 73 3992
4898221 44 3108
994881 56 2092
63950 39 4302
65687 20 448
15659508 14 7005
1435816 68 1958
6823946 71 5236
3459636 28 5434
1 67 396
5987995 96 4567
6166616 59 5515
34371 63 804
40610 34 664
8292 66 235
562315 88 1265
24567471 14 8725
211520 19 614
8210399 66 8589
1 28 2125
2655154 76 3460
10015 66 844
494001 37 1555
393241 40 837
28500755 24 8524
68130 36 798
2085867 46 6654
3353021 42 9100
253853 14 947
17594426 93 6918
15870682 36 6051
25942494 22 7522
1180015 41 7626
14597656 33 5346
138898 10 4324
12924983 15 9782
327988 55 6625
1177516 89 9562
9395015 4 5558
223839 44 1962
1444808 40 7897
19515246 44 9088
3190113 56 4400
7553801 29 6021
364313 63 7563
22682945 68 6701
12620544 63 9878
1022836 31 8024
7214819 7 8706
197659 65 7559
5502680 94 7464
91887 30 2967
4585544 39 8770
632887 94 4800
6351826 91 3962
10065583 34 4757
302453 91 7303
121486 5 914
17708 84 2232
368962 37 1400
94295 82 537
1194037 6 4920
4518481 49 4316
30664 44 1874
10142217 96 9180
1970 41 2639
18551111 29 8399
1 47 2487
3411971 94 8170
101104 19 2574
20754 41 690
494898 100 1925
16653 100 2542
910621 5 2034
21618807 74 7803
1964609 98 6241
14259604 91 9070
350865 59 2447
3405735 52 5453
10322288 89 7745
1006725 61 7433
34136411 66 8330
15130865 75 6582
1059 22 2484
748028 91 6444
14109889 69 7957
940210 80 1675
48321 92 8494
9716604 10 5471
13206968 67 6073
971927 8 2732
9380627 90 8915
33241089 11 8972
13632 59 584
8645257 8 8298
33477078 61 8990
520327 78 4270
1587520 47 4609
16056813 56 5580
14600946 41 5771
847563 78 1885
114594 23 8607
1466246 68 1914
17649315 18 8104
3433068 34 5955
1956460 28 3438
392051 17 2140
187848 25 941
1361611 22 1679
28993 90 1531
8670 80 5473
1360617 66 2372
31281694 57 7999
2970201 52 2547
9587765 53 8177
19808871 5 7708
2605712 62 2728
500272 8 7109
323682 92 2127
421678 46 864
37786 1 456
1664488 14 3384
3453712 5 3363
15339058 29 7709
638 92 929
8578937 17 8966
20734436 6 8561
30714 29 2312
185194 43 909
480349 73 1565
10369955 83 9984
568310 77 6983
4602957 51 5343
49421446 22 9968
4646552 52 7806
4827825 30 7011
187036 54 892
17173913 36 9186
1950185 83 4985
6140 8 894
20396573 17 8736
32495408 63 9251
3890457 54 4715
1194815 13 5119
15456 41 782
7342074 83 5970
6906946 30 5436
4922 19 947
101769 94 1195
169831 65 3062
36754152 36 9686
7828169 86 3868
255795 76 8509
3771855 33 4556
3049298 96 5305
1673090 73 3093
22144308 34 8112
5423976 40 3520
5829605 68 4523
6048121 94 3590
1324166 77 8172
11604528 34 9482
204107 3 5483
6288522 31 7928
314066 40 2722
1570733 22 7407
11237426 62 6464
2680035 11 6225
30883507 97 8092
265941 62 2521
31335479 48 8215
49309 35 6844
105458 35 3257
2393587 45 2133
29291763 25 9800
13947970 71 5920
1671747 73 2456
3233891 29 4281
2834614 27 4847
2333008 35 2472
3087074 65 8529
268694 12 3367
1082448 26 3682
17023830 91 7153
29512821 32 8111
1108121 33 8428
14301482 63 6007
438749 36 4387
5335802 27 8816
4887617 39 4742
3875674 25 5869
6987354 51 3884
225292 44 1140
459096 53 862
564927 66 3708
14707753 19 9632
12258296 19 8936
5190372 49 6720
240088 92 7187
156381 59 7639
363934 61 5140
3519131 74 6957
971370 100 4986
696231 31 3847
16708202 4 6097
1 88 1759
373884 48 1043
509158 14 2495
1051458 15 2544
59713 97 519
1934532 68 2897
38182866 87 9786
5693039 94 4302
116811 85 2355
2524798 82 2518
1335624 55 6914
2573146 63 5122
1052 64 2673
26276075 44 8315
8502951 92 6272
1558428 5 4241
4554497 98 4506
1869 90 145
694955 15 1306
53076 36 2222
406501 56 1305
6826009 46 4024
28807 14 909
1 56 5533
11757083 96 6742
1593917 12 4118
1140660 1 2790
661115 46 6387
64662 2 4005
6370 21 2241
5339398 4 3849
58694 31 4581
9412 16 1370
966440 77 7863
6902361 82 7805
9829249 48 4703
16474455 100 6738
12015164 42 5883
951944 5 2221
107476 39 391
17654 39 5216
898246 40 1395
240069 73 6308
780378 31 8041
6803452 38 4241
14932201 60 5981
6394 1 4523
4472828 4 7522
57381 66 1260
1131696 25 2961
214256 97 1963
2065289 9 2322
4862741 8 5262
1104451 31 7310
80776 65 527
11190770 49 8410
1778111 10 6150
22840814 90 9218
438315 6 2633
857150 48 3210
25526704 39 7509
10275034 8 9333
222216 1 1503
6712144 10 7415
103136 43 7577
1264082 34 3877
8314269 12 8902
1352011 61 2249
565451 61 5970
486965 52 6677
11059708 16 5678
12264838 73 5413
18807711 78 6158
12462 57 1013
7067533 79 5788
16052312 100 9691
3762550 14 6091
14276527 22 6018
30773963 92 8158
3877 40 3151
2254646 58 9817
22716154 63 9587
185835 43 559
749048 54 4458
131687 7 567
5824312 30 7256
26618952 95 7348
23044 52 605
1092721 77 1722
70086 29 3215
19069 45 298
95776 8 1474
20321 78 144
3563525 23 4542
8532335 96 8115
9837425 72 8390
683619 12 2862
2355587 42 6777
31250 95 1831
906039 83 1331
5179282 53 7009
17665343 51 8652
106689 80 5235
506683 49 1258
129787 73 1689
7602865 39 6594
1697772 4 1913
19542 98 380
15268778 77 9023
5159888 52 5662
39493327 93 9159
1947594 68 2207
608914 50 4686
22226 19 2867
18504889 95 8872
2403129 60 7680
351351 37 5115
67471 34 3639
3805058 63 5304
6464125 70 4631
327091 11 5335
16946 19 174
745745 35 6141
4611248 47 3575
792798 75 3454
68300 4 396
1943510 84 4292
3302535 59 6036
28125 65 6819
25481793 26 8458
736920 40 2609
5759737 1 3418
4783758 92 3335
4446569 41 6238
176634 98 2416
490726 18 7092
3174121 2 9640
6901206 52 4040
5683156 17 3813
7051664 98 3978
2588522 5 4185
678509 29 6886
8064114 17 6485
505385 30 9152
1 74 1471
379014 85 4964
6146433 10 9216
211879 34 2305
434954 100 5037
4761481 81 8275
224372 89 575
414871 79 6245
35288326 26 9212
683266 22 9475
2531 65 179
2736095 69 5010
5792962 67 3891
27254443 17 8518
678788 1 2515
5443206 70 4009
5188702 20 7662
77805 52 8179
10465660 80 4535
5781676 71 7331
16152991 86 8142
21088375 60 7995
18803779 23 9043
10679972 90 9510
25102 10 442
10844111 9 6502
5947 35 919
12771326 79 7197
301349 87 8459
5810487 56 4955
2510439 94 8039
1370709 50 4165
3703744 10 9392
303595 19 2697
209580 13 1214
13264 14 684
1019946 29 6199
27960684 39 8674
4368775 83 8947
12628415 100 9539
5964641 85 3993
396640 92 2576
5616166 75 4487
11544660 46 8936
5077571 26 3839
5859095 66 3801
1004526 53 3590
188750 5 4719
5538870 5 6098
16019 20 1453
1019956 55 8329
98512 60 7183
7027206 64 3810
222395 99 4671
307963 75 4168
413255 5 6182
7503945 20 9341
7960259 68 8867
477613 82 2832
9939160 65 7202
645583 76 6044
70126 40 2264
4831960 62 9562
7752 82 2056
25438356 99 7328
1399684 59 2407
457863 94 944
11744085 45 4993
19214165 79 7178
11396550 49 5507
146052 34 4009
858664 99 5857
710175 65 3941
2223444 37 6095
1715873 35 3747
4029737 92 6129
153352 48 3186
911 43 481
90565 52 1371
341119 34 1711
7990 45 402
5994287 63 5559
4300725 2 7806
413 25 78
1582473 30 9874
5100274 59 3213
2990923 64 3177
764728 28 5007
1501596 79 2135
938 13 1399
6011739 35 9741
13432532 36 6760
3462730 53 2595
1156149 44 4563
17121756 19 8264
158932 82 6191
1324603 32 2918
27463871 32 8027
1690837 23 5780
9435 80 1817
18190798 65 7990
1094818 57 2876
323430 56 6565
17704507 45 6507
1807782 93 3084
18696425 61 6618
604519 83 3603
24416 47 2912
311397 54 5381
2674205 65 4019
1 61 3662
1051205 80 3473
32510411 83 8436
1 84 987
15746 35 1378
1733703 72 7523
5688737 70 4733
980581 48 9727
453662 58 1400
15213 21 5086
29239734 21 8483
3501546 53 5964
2781730 86 3397
35142255 92 8433
46906 11 3706
199739 27 536
322873 20 1109
4925704 62 5621
3176796 70 3035
15242 57 349
3658443 45 8507
298631 46 917
159562 55 1367
883 100 1153
9815702 28 5008
590720 49 1873
378453 34 3753
1492609 30 5741
23447 89 757
6782397 32 9308
17862 71 4343
535728 5 6769
15180801 27 7607
89559 41 1946
591198 23 9216
4511457 69 3924
2964445 90 3974
943356 77 1691
10855352 21 7988
3062 11 900
2637161 23 3518
10182178 33 5162
1273 84 3159
7594009 69 4789
11467 25 5100
882990 41 3437
6217 57 8783
965786 78 2305
3433996 46 5093
1314131 48 4518
56694 36 7300
1017954 52 3075
1595358 50 8063
15201418 52 9504
1686522 57 4690
301868 7 5961
38872755 57 8742
6763926 76 5662
5538 69 1699
4870 46 58
9745187 56 5537
64341 50 3769
7406227 88 3964
5939505 94 4545
1854938 36 2823
70812 94 357
2844534 60 2664
1270078 19 6762
1965008 2 7459
8195060 16 4859
259689 32 1046
21072235 55 7525
2652487 5 6672
2228995 14 9760
39627683 28 9797
2342894 51 2860
140421 89 1930
17902519 49 8438
8685439 47 5223
41549 13 277
762173 28 7547
519878 17 8083
136442 36 4238
24642053 86 9375
20280947 92 9046
9853676 50 8460
11250643 61 6080
5178103 36 9828
6082552 56 3857
17175501 43 8439
1984775 68 8894
54245 57 649
5289227 89 5421
5098997 6 8599
392628 87 931
14569175 37 7370
164242 100 5416
20932268 97 7609
3239189 61 5361
1829672 43 2096
4844 92 1949
2480114 66 7406
7247534 66 3788
34417287 10 9589
1864954 78 8730
20264070 59 9787
41304688 19 9431
340244 73 1951
4869380 47 5080
2007001 1 8259
55598 35 841
15084316 66 8451
3406283 39 5896
16350673 58 6364
20851932 92 7318
33478766 37 9187
580553 46 1759
66032 52 2768
13814938 64 6483
2945603 47 3112
6113510 74 3706
19802708 99 6206
7611383 97 5999
251685 31 9536
1127891 43 2259
335652 3 954
3031320 7 4766
20723786 58 8735
126576 76 6997
2539232 18 5871
1723363 55 3907
6883931 18 7636
1025697 51 1362
21979 38 6953
6749594 96 4216
4845 68 283
492456 53 1020
26603353 44 9768
30133643 47 8890
6081662 43 7938
204069 48 1165
1184413 57 2566
424179 34 996
6216117 73 7561
145609 22 6554
35667388 2 9966
19156 84 2487
16039921 68 5631
1108616 39 2803
65458 78 3891
4701971 83 4696
6335812 38 4694
2232932 74 5090
3167525 97 5042
1178610 76 7881
1119983 46 2195
1224535 97 6077
350731 57 7807
45279030 24 9893
2092097 50 6589
15659653 84 6829
15290395 74 5745
304477 35 794
3104092 35 4382
2091341 62 7221
7314224 46 7975
20432392 5 7783
1507700 75 6992
1 84 1738
319865 92 8318
1317648 85 4770
81897 79 2138
5865452 48 6896
5081732 92 9007
344049 30 2684
2955647 13 6467
1857031 80 5972
4482328 49 3349
14217994 68 6662
4681131 70 3380
55461 63 600
7099862 64 7461
13785259 24 6726
92252 80 9486
2171992 73 8860
4867859 81 4951
2797109 53 3588
882750 16 2975
3480133 44 7989
5860078 18 9130
2554805 23 2661
756855 11 4625
22700363 39 9599
6686341 98 4289
504565 32 3406
10262072 69 6766
18747172 36 6592
1889393 72 4152
70948 22 8237
191442 74 2597
834634 12 8733
67740 57 2194
6544820 29 5802
4296193 54 4199
192170 41 2035
2214058 20 2363
1879531 93 7855
195861 96 2561
2625992 84 4076
1000199 62 2728
2381 32 770
2640597 43 7301
9588337 33 8462
126868 55 2092
28899985 26 9497
13618354 8 6424
13812928 38 7604
9382308 49 8294
5932678 69 5992
175287 72 1080
5240531 51 6368
4971803 100 8415
19456 71 3252
491230 33 4787
491331 6 5004
9639239 44 5149
11721 82 4070
4853181 18 9607
26735555 53 9879
48625 93 230
14047536 96 6251
1 40 581
138144 10 785
401870 71 2751
11424 91 398
10150471 6 4627
25366940 91 7570
7840839 32 9525
11773 76 894
2656733 92 4683
121213 28 4384
17929721 69 6965
135014 55 3311
1765808 43 4929
81302 8 8250
120833 60 7953
4281765 76 9728
9589396 52 8891
16894191 68 9065
2148427 2 8569
12671 56 103
24705599 29 8897
4688272 22 6067
1657401 39 6009
178848 78 517
6165095 98 6922
347169 51 2899
1939073 75 6404
373465 5 7268
315955 12 2450
3384444 22 5991
3245373 93 9145
600498 61 7147
16289589 15 8982
8295112 19 8012
710255 67 7798
1718654 33 5973
1014068 3 6461
16262633 67 5663
983557 68 7150
1761525 35 1995
7369061 14 9687
4538070 88 6002
2091379 45 7411
709061 56 8494
4860842 61 4644
23859673 43 9580
3806861 26 3583
593467 11 5641
559832 54 1034
19127386 8 7203
1815183 82 3121
100636 82 1346
103094 60 1040
21757824 54 9948
6737113 56 8786
1385727 7 2326
10157 86 1516
8282305 34 9376
696905 52 3097
2215237 49 2033
8154988 98 5672
7577335 19 8421
88816 90 1054
773787 65 1551
110 51 9649
2126266 21 6948
1 59 1426
287991 52 3449
2586250 89 5974
1977495 55 7610
18226301 36 8715
11081 27 3271
2065488 99 4184
13886248 32 6695
89138 71 1072
1986651 91 1900
15284709 100 6825
5733932 34 5228
16735852 55 9268
4327004 97 8075
4458439 87 8697
5446753 24 4778
27859976 68 9476
11821091 49 7504
5058223 96 5375
1506339 21 4930
30779160 63 8663
191027 72 4475
14367 25 535
110312 13 2829
22125147 98 7641
528024 26 1223
2053196 1 9423
6452913 30 3567
8339696 44 8183
17155642 60 9804
680351 60 2208
1459828 52 2897
1027217 23 4976
372651 24 7024
10744901 65 6878
17734007 18 9716
1107731 97 8852
57818 60 747
9789031 51 8789
1 14 3934
4537054 40 3853
142994 16 3084
605227 55 3723
1119776 10 7315
1074964 93 2680
148225 21 2528
20072184 33 7336
23064 11 1223
762013 100 1271
10607928 65 6807
4292222 36 7172
645230 85 3181
1720817 47 2405
4560453 80 2967
36412073 91 9060
8666718 1 8264
92910 28 8876
4920408 78 7942
20464460 25 9145
20152941 26 7266
160885 53 2119
409594 97 1825
23540377 23 6971
2916958 83 9149
19626285 70 9832
7520 1 34
1190776 51 2167
801694 13 6461
4392728 81 4039
9439334 9 7935
1808915 93 2337
317833 46 2211
6460451 32 9313
237740 70 1262
3259956 86 6048
1126863 78 4502
5308760 97 3954
1787193 7 3138
3959308 59 6268
16977808 1 8496
336237 36 2392
1992305 83 1904
201989 5 3314
18934110 15 6675
133209 21 6439
5393564 13 8841
3286211 85 9438
3696863 23 8587
11047854 25 5339
4073404 70 3015
67742 22 1938
828667 59 9177
1375 24 5196
77073 81 7946
22480913 14 9909
582575 89 2771
105426 2 6090
1259170 58 4624
1844128 69 1865
37507 49 3624
41973635 14 9692
12086101 90 8891
12726268 50 9057
3740191 43 3964
36378971 39 9201
25278428 37 9203
12525178 95 8457
162683 20 3888
2356757 60 2764
714928 46 8351
24491903 18 8693
2082801 88 3623
169620 35 1562
15291619 79 7619
9072166 78 9598
15398733 87 6024
364891 81 5115
3574140 99 5705
22455718 39 8368
4479183 79 6774
2443513 13 2757
200204 24 4315
6997679 73 7051
2729050 10 5273
18143424 76 9928
1754571 9 6785
49086 65 2934
15326368 51 6717
12926251 41 7023
9329229 63 8111
5510326 36 9110
12469918 75 6915
359411 97 7572
54385 99 762
1039619 82 1558
6727746 20 9003
2515688 96 5786
4557 50 3216
9483 77 6025
1 85 5009
2599857 52 6548
14203453 78 6395
1033555 10 5156
6033415 19 3522
4238723 6 9462
2293692 85 2096
2735322 75 5874
11429641 54 4987
2671367 93 2567
7419710 28 8791
37583 58 218
836490 76 3725
6230 94 1591
16728461 53 5991
25114 76 881
342496 80 1635
1575651 45 6339
1 45 73
1208994 81 9190
7588502 37 7335
1925740 80 2913
1498 57 5905
13361233 14 9955
18163539 30 7710
13798624 32 6190
8411854 31 5210
1232244 35 1520
1 82 811
28608 16 1324
6213621 16 9454
3453472 47 3116
25267160 66 7515
5656719 96 5927
6969560 72 8628
487028 63 2191
148201 2 8342
8734569 8 6587
872 34 61
200366 28 731
417143 3 8129
33258188 84 8781
1601349 1 1972
1209629 19 6683
6328561 86 7649
4325847 91 4871
114428 97 530
187 28 466
513957 94 5978
121738 31 4669
3220369 58 3216
12229715 13 6612
40433 66 6979
860204 41 7566
5263530 18 6524
5604115 22 3360
1 68 417
4880733 73 7605
320260 32 7151
138252 43 8866
1464521 65 2196
5888582 77 3671
169837 74 9608
24338 64 571
1699949 37 6925
4946080 83 4288
12573214 100 5766
33414 91 742
420048 30 5174
5704999 2 4275
15650508 48 6069
11298722 13 4945
22214687 78 8194
1050301 89 5457
4000068 15 8704
1 100 117
1638211 22 2046
6741651 23 9549
3516218 1 6599
76310 45 1250
31947349 7 8578
10468 20 1992
9074189 27 7127
31499598 53 9168
1882172 45 8663
6404014 44 4676
754403 95 1704
847350 6 7809
1 31 317
11074368 71 6784
6359585 37 3531
22885084 67 9662
201280 45 8826
2933211 46 4665
6239809 41 7119
186327 100 9004
2561820 96 5747
24075079 80 9635
14055175 60 6302
411415 74 1180
18537137 17 9344
14668058 69 6832
31874612 89 9778
20821145 33 9833
1 55 76
103953 46 817
18380653 85 8408
565603 29 1408
747631 80 7725
102108 57 3724
18488 60 252
28979 36 4682
10413688 27 6827
393580 39 9392
12707571 8 7284
341197 2 1115
15260140 98 5539
17434 88 5655
1519241 16 1873
191788 10 2946
2132648 76 6498
912759 3 3229
1987320 94 2611
258025 2 3415
25945748 17 8061
1151227 25 6717
9186 82 1620
34555 45 2954
32211963 56 8414
64711 94 5094
7426665 16 7170
4645631 32 3393
9743674 9 5934
7504579 52 9771
14556 60 175
26268659 89 8366
8179710 34 9201
12613364 27 9661
4889742 52 5376
2161590 32 4259
18920703 55 8901
1189753 52 1815
127441 25 3306
768791 26 2686
933213 30 2205
7008835 50 4907
1355851 3 8552
603272 4 4464
1 61 2383
344278 52 1726
6115624 79 4273
29940980 38 7842
1982870 49 6940
14831258 7 8483
4641739 14 3047
28959138 85 9553
542730 74 9434
1512692 43 1967
25092257 61 9239
26042818 69 8928
14784161 7 7679
365551 42 5489
30510943 34 8589
1779855 4 7686
1213109 41 2812
2752689 85 4404
164512 97 4302
3384939 59 8031
15300884 20 9987
7343365 24 3935
34399025 80 9465
13999294 11 9275
358896 59 3678
5392038 98 6851
8330083 73 5892
22353471 24 8814
3501622 100 4331
897652 73 8926
13653057 13 6100
242771 1 3847
9337655 91 6025
61125 87 285
1556314 3 3329
12290761 38 8398
1631903 11 4702
29610545 37 8703
3895118 25 9888
603290 67 1926
44921 81 3451
1215906 96 4197
3454787 67 5822
978369 93 2331
6376652 24 6136
521697 62 1842
269261 24 4213
15878105 65 5744
3636711 54 2983
69624 33 1143
21124 37 2169
5755349 4 7747
184503 94 2525
156220 2 1391
31972576 58 8656
274034 76 7852
1162164 32 4482
8867363 73 6163
209182 78 931
3792132 31 8551
146591 51 3690
11293099 48 8686
490167 77 6437
4826811 74 7221
25595149 13 8632
176544 83 3097
819480 98 1903
39865 9 1366
43327 93 2464
2338376 28 5577
24369551 15 7580
15642367 51 8514
13362897 89 6180
35924 51 8433
3039995 57 9263
25939557 95 7930
886195 17 6950
6544310 11 8812
169735 45 4179
1 89 661
203798 19 7302
689375 46 3085
4868560 39 5200
4921421 71 7864
3189180 42 4207
447889 31 4812
9285835 82 9515
21316631 8 7406
15924200 17 6801
116042 45 553
21486 74 180
40792884 40 9878
21723014 13 8938
22076396 74 7965
1272806 86 4167
9032492 77 4877
1670875 99 5210
655841 25 1253
121261 74 5100
11106713 77 5774
3494329 12 4965
1704441 40 8692
13516732 54 8308
3663 5 100
18808851 17 9647
190297 92 4028
11984103 91 5097
12614016 6 5004
8052016 45 4873
344 9 159
7414606 3 4404
40930493 75 9778
40392953 2 9112
6798859 29 7468
171879 2 4305
165570 85 1605
3066808 23 8587
6443924 93 5661
502586 67 2053
6950 88 2150
479990 11 1237
743686 94 5938
8999949 10 5033
15497021 18 6720
1451814 36 3454
2432741 14 3213
75894 54 1193
12107904 69 7071
11279048 34 5355
425448 47 8335
2168228 45 4692
31420934 83 8437
7585732 84 8060
2697778 5 4617
2155125 67 7694
148290 67 7435
5318334 74 4280
50362 70 1517
5752571 93 4950
5622966 75 5088
14478811 51 6641
4687206 9 5373
16498514 15 8485
583607 78 1713
2352307 79 6645
20146 19 172
15045205 47 7746
20760324 83 8256
4362442 70 7980
3334331 70 4454
625446 51 2702
25885 94 2814
1169765 61 8630
308817 68 1516
40184 65 290
27892 78 1319
27904590 67 7564
419382 28 1359
51046 82 953
3664488 72 6172
26211302 30 9254
18568130 59 6288
22754218 32 9974
13722552 89 9395
35017902 50 8404
36608295 14 9136
885461 89 2254
30209914 23 9053
368373 28 2517
2226360 60 2661
2724771 16 2901
16693 78 1471
5736214 57 3774
6704547 98 3989
1894511 37 2398
284355 30 5033
3556377 74 5782
62566 90 1128
7834431 53 4135
13383863 73 7010
405129 22 5000
111418 8 4873
12838 86 1132
1082084 44 1601
4341436 45 7756
173056 5 7080
485106 2 5624
1 55 1576
1818825 82 8887
320019 52 2688
17299827 96 8339
1 45 7739
26380545 97 9527
3190933 2 3835
2501 50 121
916894 64 4319
75530 38 1838
9840362 32 6883
898559 20 4965
6577638 14 9431
5080 10 4995
1727214 47 3750
3318375 68 3469
270988 43 5649
499153 4 1610
4765738 15 4074
929394 68 1834
559822 26 1991
41038353 97 9295
9248 15 614
943293 92 1984
65963 27 961
1 84 219
18352 12 1179
5832414 24 3342
6527856 75 3935
4782381 65 6505
31038882 84 7834
2329563 29 3143
1539134 38 2976
10142724 5 4611
6817447 67 4053
16161652 67 9299
7035608 45 5634
286947 23 4167
9135261 33 4425
6302576 67 5326
3665588 27 7346
2704913 21 8711
664824 35 1317
254895 90 2130
17927044 9 7599
920155 32 3337
30988553 65 7780
4910063 28 3378
3342160 5 9066
28645480 25 9417
12769656 24 9355
63757 66 695
1055826 44 2107
545890 51 1992
656796 73 2145
2575811 7 2290
514782 8 2954
656673 32 3998
3415681 10 4764
402769 70 2556
87421 25 4020
15500007 20 8058
25227780 98 9994
9859635 99 6042
4760124 18 6311
6425542 69 3789
17837184 33 6326
372526 83 9937
20784306 20 9243
7541451 86 5224
4216092 53 4231
16083654 42 6542
6657827 72 5414
4425465 13 4701
6704299 8 5265
6123198 41 6300
8401440 22 4495
2544441 57 4208
1104908 33 1722
1923288 20 6402
340759 56 8073
1026942 37 1528
10429010 100 6548
1 75 105
143885 45 4999
462252 19 978
1 40 3995
142435 92 1673
450036 96 2475
34327022 56 9772
1000449 29 3555
3940987 33 6472
2582419 5 2249
11287118 56 8176
6361263 55 9998
309348 90 5152
3852 9 2589
18929434 51 9363
11191426 45 7576
1500159 74 7920
3537247 70 2625
316338 59 7250
27470 87 633
420299 83 3431
9851602 42 7743
9502233 31 5940
112519 100 8286
5641590 4 5204
399924 64 2096
23018817 34 7648
2276675 50 7615
5489786 3 4531
1 64 1698
245092 12 3706
2389277 33 5252
1182125 54 3943
6093974 45 4130
4663058 18 8055
1217225 49 3374
3218298 8 6924
21872145 83 6788
2383854 84 2338
6969575 2 6550
12363296 85 6623
15771348 51 7346
692513 61 1738
2660142 25 2585
18889981 90 8698
8249889 63 4801
241715 8 9921
22493715 99 7899
10435049 26 4694
11424553 5 9943
3036140 94 3917
983519 93 2725
5286 3 6433
25719980 19 7280
3052963 46 2411
565391 16 8464
636210 50 1529
1220348 49 3632
4270298 14 5020
12280822 68 9086
6464 69 7060
16707848 40 6672
138274 59 5087
5085762 45 8309
68545 9 3507
3455178 50 5304
8939550 94 4156
14971928 3 5836
3172250 31 9198
3424080 96 8686
10641 78 114
316050 51 858
1770323 75 4003
1543930 62 4922
5970863 40 4664
18912 59 2519
15854 95 309
54774 5 1285
11473659 9 4972
1855217 37 7818
25634653 7 7258
23007226 57 9014
15150598 5 8434
2707059 57 5665
2566503 22 3056
18324361 28 9968
147897 55 8250
2509286 31 8211
12178663 68 6980
5976509 64 7613
607690 38 3548
10277236 42 6452
1255 50 499
5949384 12 4124
231141 53 5919
3543705 26 7991
307 22 113
1155 21 104
20185 37 858
21438616 48 7408
33136639 29 9606
8843090 32 4224
9241295 33 9519
5141939 22 7251
2355135 59 4519
1634278 34 2259
421373 54 3189
1891746 90 5454
14639794 18 9436
14285014 28 9719
25902410 64 8381
673300 52 7622
277210 97 878
572770 32 6153
205824 37 5618
2322030 7 2463
16320 31 2078
10008407 73 5526
3902349 48 9155
3969620 39 2799
850825 18 5497
8339991 75 6095
148971 13 941
518638 42 3067
1188 14 321
537434 55 1660
1 90 6499
161877 85 982
1377476 32 3124
2210245 10 9369
2957257 70 9406
1 50 1049
6759 41 4856
2957668 38 4607
9471436 54 7013
6744145 77 5150
3002266 13 7710
2510778 46 8126
743395 59 2824
71245 52 5559
8802827 63 7900
570236 100 8815
15722 11 8463
438767 27 3726
14101942 94 5428
86390 44 599
178012 47 6221
2293974 95 4731
851351 93 4246
1855971 72 2933
943386 68 6264
523992 100 2851
309598 67 5392
4107547 77 6392
10356523 74 4452
186274 33 810
15031657 17 5774
275 31 3185
18499192 97 7689
53033 100 7650
15294081 72 5541
1188795 46 6380
47826084 76 9760
32999 71 3110
2458290 49 3969
1369330 21 7743
81235 4 9038
15060 55 6193
436082 70 4670
43075943 25 9668
11898 43 381
3485846 60 9174
541825 78 3035
215126 19 686
25748528 93 7104
6039743 17 6469
719665 28 1966
1505 34 645
7862910 10 6022
6229056 57 4509
747 99 3036
1225890 23 9033
1597006 94 6871
1100105 27 1913
128808 16 2318
7158157 12 8836
7132781 14 5254
1942270 71 7153
18927890 9 6393
7770 30 1947
5431951 51 6790
3076908 28 2932
2509074 31 2611
405464 10 6125
18200350 19 9839
121822 8 2246
433852 4 8739
1133832 94 9333
553542 63 4611
5645825 84 4254
22064254 70 8993
17585593 93 6394
73296 89 2703
644992 59 2137
14029679 76 7501
4261796 2 6505
7242234 94 5030
1688785 24 4179
217636 41 2531
5291592 80 8087
252928 55 754
487212 70 1210
2030 86 4571
74294 68 7106
1130738 17 3115
4307 32 217
5709727 63 5570
1186896 97 8693
736265 47 1728
1185533 47 3234
3487442 1 5352
30948651 6 9965
4666077 89 6264
2495608 91 2439
18110 78 3311
36851114 61 9409
2315688 93 3183
16934725 93 9155
559463 54 2320
26454580 93 8594
195032 56 6834
4523048 96 3622
1628255 34 2184
2465386 24 7431
1 99 114
5017 31 1945
1 98 1762
7074570 78 8486
794015 45 9523
1 44 272
2462783 74 9510
3201283 31 4735
523594 80 7211
7386200 6 9246
2039018 38 2769
12209620 36 8597
32420550 34 9313
881074 75 1649
20151475 63 9118
1748366 77 4537
4017016 68 6196
883538 21 9192
2643265 89 7948
679102 55 9639
124924 77 410
2555702 91 8436
36303326 53 9498
1766081 10 2495
9695246 11 6163
11042256 92 4693
878044 51 7149
6480402 84 6284
6818564 55 9644
99641 93 394
30397 8 2151
1372001 10 2396
17191 84 1422
155448 47 2622
250127 83 1110
1094559 25 3739
18994 42 234
287881 32 3445
81350 29 1201
11062 14 156
49437 6 313
5463 72 2597
11137872 43 8354
8860120 75 4577
9514610 87 5968
40702 56 1024
5152409 76 7699
2279088 86 2158
3122404 32 2852
2822770 8 3969
12676337 2 8478
14016951 56 6805
2933362 58 7211
352 93 3101
534210 65 2891
813852 7 2031
50407 71 581
1 96 1384
24928356 80 9540
52852 8 1574
27577436 51 7867
29018785 64 8172
1897569 28 3751
1652305 92 7944
24366710 15 9956
78453 2 9385
1 69 2807
27338794 97 9488
36465795 72 9295
423571 4 3504
22070 34 373
2331873 91 7940
4300 95 338
491746 39 1292
16178053 27 7597
10807442 5 5730
993076 70 1992
2102054 78 2834
94468 52 536
4729891 5 5604
434886 61 3062
1683133 15 4752
7081896 71 7516
898771 49 8037
405050 56 2136
786304 41 4114
4524668 23 6577
9664264 8 5570
3114625 59 5648
20777542 32 6908
348 71 1251
35926 67 2861
18855722 38 6393
5663724 86 3813
1707977 7 5638
2570969 57 5923
14760 88 9493
2251243 76 4901
655511 49 1213
271943 27 4804
40869 22 1019
72435 6 4558
462870 13 1703
5261516 40 3370
9257914 53 4381
22320 95 189
4062815 28 7741
10163304 60 5170
10077 9 160
14873 12 6071
1192254 10 8784
489070 12 2184
2806752 51 4990
33901 99 4290
330582 36 6589
4174190 89 6430
6968549 98 4885
517825 40 1386
11073 94 2113
6825921 3 3770
9034452 43 8756
15364009 2 6071
3536026 57 4656
708826 42 3059
8423499 56 7701
5836 98 292
879277 91 1334
112831 93 961
8567 1 322
113309 2 2469
7868703 1 6256
254028 72 2150
775252 3 6320
22677606 69 6644
2065043 71 6809
183182 47 928
10787456 21 9840
2586396 37 4117
571797 34 1420
406406 3 4453
5414564 25 3578
900165 24 2994
4940899 33 7876
5299522 93 3656
556115 60 5072
1119013 62 2768
3444467 35 8827
1 17 1941
16723046 8 6626
11082525 100 8034
5806644 8 6772
21188888 1 7140
853254 28 2871
1749355 67 6687
1775046 15 7149
6717343 15 4384
142837 64 4452
7388694 78 6413
32330095 42 9012
2395284 99 3168
9954929 82 5904
31228 81 3412
13695 47 2511
5125683 15 4232
1175914 40 1769
110 3 5733
10035446 40 9709
69241 89 2179
15691758 30 8048
174844 43 1529
3566166 42 6037
547741 19 2715
1364786 70 3957
35792339 27 8665
10679 17 2011
4462757 26 3385
28870466 40 8443
765462 46 5523
66321 14 4459
12639 74 577
1805345 20 5033
688252 3 1204
3186959 64 5641
132946 62 1184
136955 19 5209
22209356 85 7664
131845 44 3902
10755691 81 8374
1 62 3701
38901 50 3563
1295868 86 1583
814081 91 1598
12868519 60 7700
2238927 61 3337
2149436 19 2268
370084 79 2079
989893 50 5101
6545409 94 9343
7963224 27 4592
2199469 94 4988
673570 69 2455
395652 40 830
4480666 86 3581
4783 5 2755
26647448 94 9200
27137 50 3525
42032 40 313
1 84 1468
1133636 23 6204
1 19 9191
507778 46 2067
313776 51 2494
825705 94 8748
5526 17 79
15690037 27 8748
4160718 48 7790
666050 30 2161
1516341 62 2072
5530 20 4965
5686869 27 7152
1 98 4068
806889 60 5493
112426 34 1322
29080 32 3196
21974039 1 9494
3768796 9 4252
409426 38 3734
32108 20 352
1797261 43 4663
3449046 34 7686
4538128 3 3390
29189712 62 8069
4252180 78 7044
1 54 7864
5895565 71 5533
310506 85 4342
833327 83 1381
301980 8 1640
153212 5 1379
1480 57 224
26588 95 288
21016365 7 8162
15797260 31 6469
14477924 79 7152
6383730 93 3966
9480154 7 4489
11050735 23 9961
10110 29 911
9954368 76 6182
2234562 78 6214
11894042 17 7026
15004187 98 7638
95081 59 5993
35985232 13 9774
100368 23 2903
31807889 57 9971
1323907 78 1678
19786978 97 6560
11404427 64 9274
7808911 67 7850
3445088 65 9217
156089 95 544
6092 87 252
155132 40 2190
51305 32 300
9592 76 627
34913 72 494
10135 45 459
178147 96 1085
494285 54 9255
525629 12 9841
1641493 54 9662
2350 10 55
128578 7 2286
1115329 83 1805
1398418 52 6410
5209510 45 8748
238776 43 4736
94335 39 2482
6859694 39 6982
256478 27 1525
368889 3 948
9576768 37 5589
53506 31 3987
1352193 11 2544
968404 94 6217
19675 40 5441
1445847 84 8937
118228 67 4648
123030 3 575
16073677 5 6496
13171 11 143
23218334 16 6870
25656564 60 8893
943003 33 1377
3163 15 755
5326434 58 7857
1 72 798
16881009 41 6075
32423 76 7100
366088 70 4458
13099957 98 6571
8955502 19 7510
165301 56 8491
2701909 28 3128
2417189 39 5211
14887328 69 9008
447044 33 4372
819641 68 8464
2878 43 3580
5543928 21 5976
2645 73 151
14162999 93 6427
1 33 269
1749221 69 4570
5412 72 2918
1582129 25 4817
4985859 65 4589
548389 28 4697
601380 40 1504
431030 28 1569
28519884 99 9188
3667085 23 6803
1183 37 3096
231990 18 3047
2624927 31 5358
2095225 2 3373
792755 71 2018
12189841 44 5356
21844564 70 7206
24514 83 2862
578356 30 5419
15838636 47 6391
21239470 89 9478
22458364 75 8707
722198 6 8489
291 27 6163
8412845 7 7462
2864875 35 2535
50549 20 241
1958704 16 4471
4255324 90 3057
2114 10 1891
3903 18 163
1667219 24 3480
8370445 54 5610
608988 90 3475
5571051 25 4248
42008070 53 9653
6942955 31 4255
1209523 17 2935
36072563 13 9568
21194487 67 8137
375973 77 2920
32735820 18 8091
54439 57 428
1471894 55 6092
1462612 37 2902
34882 71 1790
256714 40 1634
1613247 35 4084
5823353 9 5715
1777356 18 5714
834579 27 5062
8565173 57 5180
3054291 84 2875
2321203 28 4147
15379 39 110
2253481 8 3060
12282625 30 6835
85265 84 448
352155 93 4003
2345126 81 3936
21001821 1 7925
472136 39 8309
4488153 57 4826
189 45 1031
15200723 85 7439
1 94 1121
3783249 66 7633
728 22 150
13069857 38 7002
18012622 36 6977
387156 68 4211
3207 78 8481
2150743 19 6866
607945 25 3832
33885919 86 9432
335654 16 8569
6372011 34 8640
1 61 2707
4285172 55 5136
73634 60 441
643838 20 6399
1351 65 2225
3061405 55 8441
2556743 38 9894
3274828 83 7205
18622252 18 8810
860732 63 9402
1 95 757
35009053 97 9324
11721 81 3841
9528340 48 5647
11459270 81 7154
24469 32 465
2622204 93 2384
6095852 7 4154
54364 17 4854
5702863 86 6333
38733793 41 9947
4817399 66 5475
8240141 94 5778
4653975 7 5149
22712088 26 8525
13204141 12 7469
5542 21 6097
14015935 33 5783
970381 43 6436
172482 74 726
2684673 70 5129
100904 56 1127
11963415 52 6879
2094186 92 9700
7260 49 123
1 84 342
20772250 93 9596
12072069 67 8452
1433440 76 2227
6454115 1 3778
11874745 67 4907
3681419 59 8825
871827 61 9125
1072814 35 3699
1779798 32 3959
333270 73 7872
6702932 97 4268
29889387 27 8206
400177 40 849
23384423 100 9922
23988 79 508
5587655 17 3409
4067735 36 4701
675787 66 1123
2014994 23 6777
7779776 24 8863
31417579 78 8596
3200487 75 7885
66342 95 4381
5203713 31 3650
9942125 45 5593
3865157 60 6267
6579422 49 3555
622463 55 5070
11391 21 262
5455183 99 6714
8828152 52 4726
2425474 38 3685
4211 57 88
6234322 70 8820
8956380 75 8869
2650 9 4780
11361580 19 9297
8897981 94 6723
143851 5 6302
7389658 56 4111
65272 4 509
18120511 62 6859
1626168 17 5108
281536 51 3654
1553835 92 1673
754931 50 3157
12929419 45 5815
39975 26 2324
3941754 10 6130
12857200 81 8610
194751 93 5113
2322947 19 9461
11683090 15 7457
2697805 48 5316
1705593 79 2713
892857 82 2139
10658042 26 6015
324365 91 835
1 90 1905
12530845 4 9579
11084624 23 4778
59715 5 6240
1729303 76 8021
87766 44 1622
16493939 28 6785
1736182 26 6761
129875 19 1463
109959 99 1110
8155511 23 5623
3592972 27 5484
3461579 1 6161
852838 50 2459
339516 95 5471
26063266 58 8490
2148940 25 5042
111 23 4046
4110810 66 3568
107903 36 2620
18385 79 9624
2649 73 7387
10904597 63 9251
17813 26 2310
25082164 71 7513
47247 30 2209
2369629 73 5088
31072 82 4298
54494 7 399
29074438 76 9717
490231 97 4055
11661679 32 5614
3242569 41 3639
129272 72 2468
1370512 48 4411
750700 90 1495
2355597 84 7065
4736175 21 4359
5957902 76 4549
1864564 51 2263
11111899 80 5761
22640838 33 6760
31707 48 2413
2252352 9 5667
28472 3 1230
1597901 39 1979
16520421 61 6444
1152889 71 1831
9840282 81 6555
191266 62 750
42828 6 5700
21921566 78 7652
2480734 86 5789
769236 6 1661
1249509 13 5279
13335672 62 5376
4711659 62 5973
1794067 10 2263
725217 99 2200
1306721 61 2502
195515 78 6090
1099760 20 6084
2901482 79 3971
6310 30 1825
5077393 94 5769
601296 72 1552
26538961 16 8229
17857827 26 8461
1266317 79 2293
43254190 14 9723
369646 55 1680
862310 89 4433
11043 28 8681
1178674 52 3143
6830248 42 6468
1868253 24 5402
12194896 60 9089
1 90 162
643614 30 1144
853398 65 1893
8455 56 520
416 8 5586
16640745 27 8269
5797808 1 8531
1722183 68 1986
1257076 60 1555
812577 68 1324
17717126 65 7919
26560882 36 8697
2026836 34 2705
2080903 16 2014
511667 11 1303
1917948 87 7563
4640136 44 6249
34256 58 520
2089986 39 5321
12462958 80 6671
723415 47 3705
611900 46 1900
631314 59 1205
9606161 55 8677
20249 3 157
261085 41 4550
2061755 83 7770
11012483 63 7159
34276136 43 9701
7818064 33 5273
60647 78 1940
3013216 38 8954
12453859 63 5581
990129 37 2500
1712295 63 2910
8617709 73 7883
1055 96 5715
377378 65 1457
1313568 45 4642
13034444 98 5260
3993544 51 2860
728201 77 1358
27305795 56 8972
724201 29 6965
34247823 28 8928
8125560 90 8835
6793663 30 8911
684851 44 2247
29626779 92 9752
38367 8 669
10800830 73 5795
60689 33 7071
542 12 1669
4716763 96 6858
775335 37 3854
3488697 57 8069
562616 37 5779
158270 29 1634
3726945 49 6517
15012841 82 9931
357961 86 7522
38179 24 690
376568 91 7337
3674802 23 3101
4250971 37 3276
500735 5 2027
1876082 40 2804
8849557 35 9348
308240 59 761
3811 90 2823
867513 57 1393
8268072 13 7724
1231884 58 5069
577482 91 5343
2738778 30 4834
755392 68 1204
726494 72 4136
28347 61 2175
1539883 78 6968
1369352 54 3001
29770231 42 8044
1484616 69 2233
27184923 55 7359
27555738 82 8924
1751338 72 2522
5812870 46 4572
2755668 49 9370
5699967 27 3295
809351 21 2195
7602389 16 7185
5620304 16 5235
9658846 84 8687
1092240 41 1415
8718499 97 6237
5773130 75 4031
4127192 71 3798
18019778 50 6106
309873 50 4815
5612350 36 8065
238547 2 4201
284265 63 2098
7380499 2 3828
9700102 61 5321
1 98 1251
2027363 64 4091
37140 91 3476
65695 71 900
23991837 76 9170
157456 21 2571
249125 64 797
370679 19 7043
8120714 94 8855
15020605 47 9758
5429339 57 5625
129676 27 7910
80691 36 1580
5680591 32 4116
286257 58 5007
1782007 92 3359
8583752 34 6966
2981602 87 2472
1750541 100 3766
35028403 42 8973
3251095 41 3851
22322922 93 8843
82339 42 2098
7968747 68 4907
636791 36 4157
336069 68 754
37391 17 338
27732984 47 9638
168323 50 833
6925897 65 9837
5189641 35 3560
104475 93 6453
6308233 96 5784
10978 83 218
1134877 47 5316
47980 6 1231
737988 56 1329
8862892 18 8531
18209 66 112
9074456 62 4488
1179130 20 3732
10967166 64 6889
16862632 1 7469
504607 87 3457
635996 82 5414
680442 49 2229
29091509 63 8068
1482072 50 3370
15976458 81 8699
1957079 48 5025
583666 67 8722
2013936 64 2575
4486901 97 7160
42829 51 6602
10857448 7 5023
391023 58 5971
464438 29 2689
253989 20 1559
161012 68 608
2278 6 939
5771483 62 5791
23956163 8 7456
13948959 98 5239
1382940 98 8093
10702597 72 4652
5128 32 5441
28148 83 963
104325 36 8556
107226 75 1602
79499 70 437
3943780 78 4149
129411 3 1301
710092 79 3518
1462743 80 3369
2556595 75 9313
248178 54 1162
1365497 1 3056
3621153 59 5679
619212 49 3262
5500635 10 4705
1 54 343
17737206 75 6511
3662711 27 3407
1727820 45 3576
42646598 4 9935
3691843 91 4184
646285 54 1431
6527046 17 9454
20062444 50 7207
1424378 77 1939
18102979 35 8985
7224140 1 5575
15906575 45 6790
3662686 52 3122
1672684 5 6045
10906840 10 9825
2860972 51 3929
22130369 35 6670
27118198 65 7814
14183264 45 6784
265822 61 9179
1 84 2710
3769694 35 8471
1933623 46 2673
91178 18 8392
17860165 94 8289
1060775 66 7366
1487063 97 3536
539887 97 3447
2634494 59 2601
3562550 83 2897
20012490 67 9441
900689 45 3043
6737193 15 8188
1051948 31 7758
255909 49 1027
36258639 85 8528
30170337 84 8454
7506672 29 8350
5277727 38 3245
1085715 62 1829
4017312 73 4260
19483216 48 7143
2224715 98 5835
21870871 55 6594
2159717 22 5653
3637 5 500
2288934 68 2064
3777770 97 4542
763309 74 7483
23129056 55 9389
369964 25 1382
146013 84 1409
22056450 93 9696
827627 68 8186
3793723 58 4643
8458 3 4669
22521875 86 7700
962860 24 1823
1527980 87 1664
21950664 67 8542
5501809 79 6889
539032 64 4107
6619661 97 6397
6284003 70 3678
1122742 73 6494
209894 32 1986
7020360 99 7921
8162372 1 4609
1627669 92 2964
39561366 11 8961
83819 52 2630
4560921 5 4050
5686664 8 4941
2051863 57 2960
10820 97 3278
2881656 9 2348
9131 7 4178
2263496 51 2350
8386597 23 8739
27587215 63 7595
418 57 517
2972710 55 3201
12520 43 6998
2181322 33 4600
8415614 46 4077
4266759 41 6100
37238 23 216
32395 85 2713
7320797 56 3908
13650544 3 5130
2638624 90 8908
1549990 27 6150
9085677 73 4962
6037862 48 4962
2940388 57 4417
134248 57 1418
2713702 34 4303
3134243 44 9735
289860 28 5152
27167250 38 8575
1090 20 658
8638986 6 9757
18993 46 164
7474630 4 6296
1739710 8 2747
1084974 88 1877
7821 18 6642
900534 49 1797
247351 12 9104
25754498 79 8501
23332525 82 8349
42637 19 439
843873 91 2026
19757 31 4274
17580653 63 9056
32552054 63 9762
855730 72 2604
1636909 89 8348
108789 15 6736
1619236 95 2644
1182890 55 4122
7076 45 253
1 26 768
16345781 80 6851
1567120 57 8924
4403997 1 5834
1248588 91 9177
912 37 3381
5810910 31 3904
7934752 50 4672
145080 80 682
18160868 68 7688
2146628 31 3165
432836 74 1145
12447252 89 9364
24967140 5 8241
419466 87 1320
43035483 70 9771
22239377 3 6823
7753359 20 7586
37622265 50 9043
1274177 88 1651
742 13 158
7798880 12 6972
1 54 286
408981 42 2275
1 90 712
13944185 12 9303
3552340 32 3331
9184265 20 4474
15539389 49 9756
34416 34 938
2407262 45 2607
15445307 94 5507
14387942 83 6521
1585932 44 2946
3876041 29 9301
4755915 59 4575
4277588 61 5183
11979941 60 8843
3257074 56 8672
2152750 46 6048
2101036 3 3675
956136 49 1501
7477687 94 5408
6614102 85 3654
4557672 2 3874
371181 71 3955
495362 20 5904
13888216 66 5607
263461 83 2476
209101 66 5745
1163560 18 9314
14768113 75 6352
12199556 61 7401
5093149 11 6446
1420002 71 2613
41187860 65 9196
24766 52 3001
2581608 12 2648
2082139 69 2268
97353 31 2304
6523227 49 5097
127292 57 3489
3652258 36 2707
6185519 97 9815
27500 74 415
37504911 34 9243
6622214 14 5875
4879349 21 4858
7651485 46 9111
13275454 1 8424
5117147 29 7342
8657751 44 5653
6419 22 6613
2541738 62 5317
20315030 32 8514
4636925 88 4968
1340601 99 6192
8113 33 392
1287243 93 5272
65110 50 1381
5939537 40 5737
15088 33 2690
693734 75 4551
588009 52 1818
114308 41 1312
12887877 90 9386
1930003 8 3646
53366 57 689
1731268 35 2859
10260615 22 9391
4086025 53 3299
217894 74 1866
3714659 53 6406
15705312 77 8398
2406019 53 6725
104007 1 552
133174 85 1891
3459 52 8176
4165689 90 9929
12865754 90 8631
1818815 14 4125
7827982 80 5679
3143082 69 3611
3878208 75 3194
7094160 65 8755
6514595 93 9815
16399286 52 9883
9260274 74 8476
431113 98 1422
27728884 41 7550
12879037 3 8432
4097475 35 7342
5253431 37 3534
1000464 82 9685
14761437 100 7457
5246304 79 4181
2582782 76 6457
200939 49 7716
2173689 58 3453
34236913 31 9062
452390 97 1009
28726676 89 7997
22976577 4 8720
1767820 17 2482
14290342 9 8487
7889154 77 7812
23964747 11 9356
164066 71 692
4210268 75 2912
19736117 66 8085
2516515 70 9211
311 84 1011
14637925 46 8145
28019923 28 8161
1285615 12 1611
2346887 14 8358
1943050 52 6214
5574 27 3835
1735692 45 2612
131167 80 2468
626665 46 1059
506618 28 6411
2066304 7 8024
888543 18 1835
3471854 25 4244
15504408 7 6566
319780 58 2285
976358 54 1729
41205 48 371
1035419 53 2334
4188647 33 3846
700725 69 2408
31994317 76 8272
69875 95 2409
6319146 48 3780
1318681 96 8498
1244499 67 5976
3504427 3 8371
4200079 31 3094
187159 37 576
16562266 82 8572
443635 99 2966
3320596 18 5818
476856 89 9571
541495 64 1177
21447788 82 7008
3151783 52 2842
20644899 53 8580
7288906 31 6326
6669048 63 6901
1 51 588
1 39 143
468545 15 1296
302919 85 6055
59784 81 864
827626 86 6057
21095011 21 7197
108351 96 1709
24986 89 2617
13836257 91 9365
2155959 58 5273
365976 20 809
24465 23 730
6429751 66 6002
1311696 50 3450
16909735 41 8336
2140561 5 2694
190001 67 886
28704626 37 8771
28970836 17 8575
4252575 15 8700
7170632 26 9558
52633 2 2918
3965562 44 7293
257813 36 1925
12626590 37 7775
258248 94 714
7939596 71 5290
401433 42 3240
8424 94 1295
3780253 85 8718
1740570 97 4449
1768805 6 3085
55455 84 407
5314677 61 6179
596316 96 1397
1 61 939
346730 43 3506
2157899 8 3164
1291668 55 1829
23075192 24 7752
913073 61 4306
13522261 91 5864
6452536 56 3949
21850 69 2043
6349900 53 3702
18886552 86 9211
1493435 48 5010
17667888 31 9230
4858898 46 5013
1969413 98 2011
5847397 81 5084
17763417 65 8605
107806 31 1757
7278377 68 3780
59400 95 5539
142913 75 3882
132583 25 1982
1520216 28 8402
648 20 2179
235311 79 9296
13962610 11 9418
2944933 85 5069
340636 30 865
3925368 22 8464
11618 55 120
1063183 46 5608
1 90 3419
9797 54 5049
10585 4 3305
3607122 79 5858
2349185 53 5432
6130437 67 6910
97163 40 4601
152046 82 896
14328436 17 7798
1219753 35 8423
171613 59 5352
1 46 147
3913116 87 3364
159391 49 628
957117 27 8610
35666064 52 9967
34455325 70 9012
1660970 28 1875
19418744 23 7686
13356 12 2326
8935512 3 8036
3237526 46 8118
1 47 228
29129324 53 9401
5038112 96 7241
1668589 63 2737
476876 38 1074
42748431 93 9937
5910049 49 8962
1725959 71 2138
753131 83 1721
711018 13 3809
15913 62 300
1460652 68 9539
170174 93 787
3613624 93 3307
43519 70 2623
1042622 8 1454
19417102 91 6980
799881 65 2628
175177 56 1638
841161 31 4162
1636484 98 8429
9304008 42 7414
3309043 26 2954
869691 79 1684
126748 49 6780
7832134 95 4441
11835 10 1024
8024975 38 9278
10312 21 8470
967 49 2012
49542 87 458
5226147 20 6895
18378611 50 8000
1225214 80 1509
4499936 72 4772
1450363 14 4220
8173676 19 7677
9562544 79 5384
357847 49 1573
281788 67 3446
50695 15 600
219891 1 5812
86145 32 344
1124071 63 2631
1393671 34 5281
1 40 6659
2000618 20 5436
2602032 71 7124
30194 71 3844
227078 59 1613
1 86 1780
9765012 41 4378
11456 80 562
1046570 42 1755
222231 66 582
558670 94 2230
1 89 595
82729 71 5039
27047 20 165
84751 49 1351
165637 88 648
14262080 99 8583
870454 44 8722
1337575 22 3257
9628 73 2250
2875470 63 7222
47699929 5 9832
7712276 43 5875
3620837 63 6997
331379 6 9351
8206096 43 5496
15000726 60 9127
4601754 71 9988
12735933 54 9054
1054375 33 5145
2210503 25 2890
391955 62 4226
845036 37 1387
11194 23 113
4101 91 1368
24296121 18 9400
3197 81 2057
6420476 52 3965
1725462 60 9976
9495005 52 7029
22928 78 9286
333535 90 966
6884994 25 5588
601604 100 4500
14749193 45 9743
24028 61 2351
5401932 80 3213
17502223 26 6885
27248895 56 7875
19041303 27 8811
38342 16 1385
648955 72 5047
55551 72 3119
523011 68 2564
7778393 92 5282
22120 16 1579
233112 48 4166
12648065 79 5387
1563828 14 1764
4421322 37 7835
10204336 63 5461
1 91 3493
27305382 3 8416
16239202 27 6173
1 83 453
1196529 87 2550
262124 93 4649
343119 7 2112
34353652 72 9806
1618035 53 6037
695367 41 5892
28474012 54 7744
169913 54 1648
40525 31 830
8588972 95 7202
194235 64 2806
1407071 59 3752
323185 28 3286
654780 83 2741
1405150 13 5842
244538 12 3979
860995 82 2287
373401 68 3954
19831749 19 7951
77652 35 1039
15948279 70 5723
1280380 94 5998
9566873 33 7505
170459 7 4155
30349838 27 8010
1825682 1 3344
16027314 39 6132
300180 76 6998
24925633 100 7697
1566575 66 2103
6076619 17 9158
424298 31 2609
226586 48 4001
132460 46 666
90167 76 1790
214427 75 4816
7382139 33 4177
408579 72 9759
8340383 11 7447
98410 17 3676
33601615 38 8859
1147828 9 4699
4435050 63 6231
588 3 351
4849070 44 3537
63634 26 5180
9235 31 1288
1545208 14 2774
16852904 64 8649
1 70 5124
14958901 39 9484
6254555 95 3531
6107377 87 7756
589117 78 2236
3376303 81 5092
674928 27 2236
17278287 52 7676
245821 1 8236
605200 53 4550
847291 68 5602
161073 57 2062
12473263 48 7579
505 2 2431
4936478 59 3328
15075 7 4872
1119678 33 5427
2094598 80 8062
71781 14 285
3742 72 3406
142271 93 1212
965129 48 3138
7507495 56 9503
12804155 2 7698
2094260 27 9985
632491 37 4581
196403 45 8434
21448 15 973
19815099 80 9486
40926239 14 9757
755598 47 5429
367893 73 4789
8347565 24 5198
670871 61 1842
4826024 50 3007
34386046 97 8919
3464372 28 6181
14422821 63 9636
1870924 17 2792
109487 10 4453
7055358 75 7458
1732862 49 5599
8206829 45 9699
16995306 42 8513
7289 39 315
1215376 100 4128
8166990 50 9095
3958230 71 7041
29376231 49 8090
15320774 25 8955
4854472 43 4300
160512 96 5916
7725627 14 9966
15193425 21 7838
35808633 19 9117
37301799 94 9776
1390098 64 9086
122659 16 6166
5652988 11 3821
2142799 80 2142
11177202 3 7356
2246519 81 2469
2485176 44 4273
18622123 79 6385
3113790 70 2543
22956014 79 8480
6052924 28 6436
34899 16 2592
5197256 41 8271
1225275 44 4003
7425 52 89
10333373 10 6518
82681 89 2839
4591436 77 3793
27195721 50 7367
13828996 84 8224
1174247 91 7723
2829925 88 3430
32018384 83 8391
777150 15 1148
2816254 71 8276
3113692 90 3702
538460 44 1490
13182347 26 7566
6169462 89 7714
149807 90 470
101822 34 3119
9789201 44 8221
6877466 81 7502
3242034 63 9167
4734926 62 4491
11658912 17 6273
2827111 39 4079
560523 13 8101
3636910 99 9564
15500285 16 8155
4786105 64 3272
36955 64 766
2950 86 1892
1904880 28 4485
1544371 31 3134
1 66 3656
3547974 79 3083
31496 63 7480
3266653 59 5036
7236125 38 7193
796907 55 1481
11833015 9 4986
2789133 46 4776
27941094 45 7828
129610 17 832
2026227 26 5671
328911 30 8559
97872 80 1277
3833402 38 3643
184893 72 1760
192618 86 1923
11446870 54 5955
5296162 40 4960
2198976 89 8270
10901780 44 6667
17209307 20 8768
1496880 29 5692
9521748 18 4786
2629353 3 2632
1748579 75 5693
23132270 81 9070
801985 99 1281
1251884 59 2539
459362 51 2930
25268815 71 7107
28484648 30 8165
2239957 76 2888
90731 16 3986
3015 19 5854
21941024 9 8759
1985136 85 3038
5772883 37 6494
677291 95 3513
21614900 97 9033
4232219 43 9596
773222 80 9845
822524 57 8121
208335 87 854
8069873 39 6395
20289275 89 9804
13950056 17 6902
275644 61 9051
5237738 57 9008
7870488 87 5700
1919097 92 2713
2127708 15 3032
2526072 13 3898
432774 29 7233
16457279 62 5944
61940 61 2715
290768 100 9634
345145 21 761
34234 25 1196
85100 11 1195
1 76 4580
21608905 19 8095
10580130 52 5790
393895 19 4859
3358930 81 2993
10476003 49 8733
10756778 97 4829
2972488 37 3759
16846 70 460
21269700 7 9327
12560954 16 7684
1034371 63 4682
21562 83 664
68389 42 291
1555650 84 7368
14814419 70 8183
9946301 13 6693
2149449 39 6877
27588 92 2330
7419 69 137
2203426 91 2758
93486 76 740
75245 37 686
4091232 27 5207
5499333 49 9518
538666 51 3684
1184356 67 3320
17111149 86 8827
17283748 3 8008
3530 28 235
13841659 70 8997
18085074 35 8976
3251006 28 7058
8283785 4 4658
11405 40 85
1666192 86 3551
28564024 42 7904
3074880 41 7183
38306 47 4053
284080 43 3265
46691 75 762
144654 79 1707
3713085 34 3172
129557 20 776
3489074 10 5923
10018053 22 8302
265993 58 1274
45197 77 1263
706055 15 2421
6203698 14 5400
68007 57 290
466096 33 4326
1773154 52 1879
286436 60 1233
31321289 94 9274
1759660 68 6027
64395 45 991
37162712 35 8605
39678183 54 9703
871901 65 4397
329839 86 912
6766788 8 9413
15390165 33 6291
224138 90 1707
3684320 23 2666
2633857 56 2422
11231201 16 4852
127290 92 503
491012 84 8570
4478597 72 4666
31592123 55 7905
30813031 59 9465
4118059 81 4737
21911 7 6296
3847866 21 5228
2040532 33 8113
1299601 58 7437
5508684 81 3668
3371168 95 2928
15867942 73 6160
3420111 82 4448
1029997 34 4229
3094 59 1017
13632 39 836
10176813 49 4672
159406 17 468
1 97 680
43253 11 521
2752034 77 3286
930749 53 6051
410263 23 1519
14871119 75 5833
6472469 18 3601
20380654 51 6609
13149 92 859
531997 27 6559
9543294 98 5739
1876969 65 3705
53539 8 2630
2757517 60 7215
22603493 33 8319
1153047 76 9777
843232 60 2466
5853105 65 8499
876184 56 5972
1538885 12 1875
14725558 92 6038
21090 24 455
3147769 45 9160
8689224 29 7118
62911 13 481
26585 56 3588
4774407 95 7546
1453792 27 2999
8856106 23 7118
408986 89 2219
12129051 66 8312
105456 2 6517
1941738 25 5678
583431 99 9043
21817912 53 6839
37147 1 779
6627716 84 4338
16338 79 1093
13419590 48 7219
18838884 66 7006
1991087 61 3170
43453 100 2778
109539 27 726
3874242 31 4432
33589 5 408
5532923 65 9220
12226607 95 9308
144019 69 4575
10094118 62 6399
21971429 87 9410
7179102 76 8295
11055478 24 6712
38921431 43 8939
19524465 39 7619
23178 26 612
1 29 8263
2511086 79 6781
7493910 92 4446
8451886 100 9323
6054609 40 7109
2391198 99 7405
2171192 13 7753
529002 82 2725
60535 6 1390
384051 8 3112
159341 41 6704
18358740 36 7125
26746821 50 8872
2280478 4 8053
5567351 31 3834
1411115 1 5530
5362994 15 3805
547037 9 3485
1657173 84 9371
14378240 68 9310
14366598 7 8743
895664 32 3349
15333824 29 7152
805447 60 7852
8792403 50 7350
35177752 73 8618
2138093 57 2199
12076412 99 7965
8138000 47 8545
22754 46 155
5426 71 5341
3666547 87 3500
41281616 7 9007
1 46 3162
551412 86 3995
14333320 46 5488
32384 48 662
1720024 40 8295
46390 38 4427
26821590 40 7412
14294994 43 9910
156242 36 2826
655104 60 5576
1366426 85 4647
6495606 31 9296
4006547 22 5491
38996 14 2967
2141299 43 3828
1 78 2942
170173 15 1240
6902471 54 4459
16160847 81 9006
2076779 37 8340
492579 41 6107
10127 28 76
11712 88 2088
442288 96 3445
757612 12 2292
108787 9 8248
11201016 75 6543
17276327 10 7906
217762 93 1390
1009 5 4757
26801 45 4945
1963420 88 2314
2024245 66 8738
29809406 14 9131
23276 37 2961
298105 33 2003
28483214 22 8697
239362 14 619
26191374 51 8370
1056482 30 1720
11953970 1 6064
5505717 26 3913
8329253 9 8714
5500531 3 4639
9457061 9 4301
814925 13 3421
3344096 84 4208
11249553 91 7120
5949553 85 3368
1179129 63 3319
780311 12 6770
938644 84 1419
11061 35 557
369187 50 6901
405395 35 1582
6446 46 558
559204 12 3026
16417671 7 8498
3443542 43 2882
9622773 1 8526
4470235 11 8793
6726 29 102
415259 16 8703
5713002 92 8042
6440 39 574
1926 53 138
6989870 48 6254
457466 12 1735
2192638 19 5528
612330 22 4673
15258783 69 7128
126730 53 1673
419039 95 3257
44100 87 307
1 31 468
113349 36 2336
291606 86 2176
1 86 2884
160693 35 577
5444453 88 4658
17211983 80 8116
15625421 54 6068
6314784 55 6683
40684161 44 9408
7819157 85 9523
1934942 21 3214
1 79 2572
13925739 54 9567
9145102 13 9817
61248 59 6608
20749 7 5472
4247 12 282
2831109 51 7551
16434621 60 5770
999289 59 1971
346783 91 7036
113065 42 847
1 41 750
657 4 801
801701 44 6843
147307 60 5642
15697 95 1356
3633652 84 2690
14815083 68 7520
426897 85 3029
3783667 12 3069
44560 29 1121
1806831 32 2396
3122869 5 2957
137663 45 6368
23138441 14 9540
11245076 33 7600
4324804 18 3551
1318549 45 3093
5165179 7 4238
763807 62 1566
81503 3 3051
620385 87 1155
335797 77 7086
1912951 48 5852
3204090 43 8822
533565 32 8025
1212929 23 3620
6941003 25 9906
5833077 91 8278
18405036 6 6228
1 95 6414
266896 32 3479
2424593 85 5174
130119 18 7389
297953 53 802
17060650 76 8617
631291 65 1686
17590253 6 8460
1824871 50 7886
3543961 64 2673
11502 83 5698
2172305 97 4266
46232 17 2145
814825 4 3483
1700522 61 2901
6056160 67 3709
20830231 79 6573
2309319 15 3637
7239787 27 5107
1827660 3 4003
11300728 64 4750
1436034 31 4231
5600936 50 3624
1139160 87 9429
85053 28 6983
619666 84 3383
2226956 37 4317
1216408 10 8645
34995 70 1270
1911709 87 2458
2433959 73 6309
282177 90 6650
287934 88 2518
260182 92 1556
31878 28 968
242500 36 876
62106 87 737
14639 84 470
4432465 86 3634
3017965 75 5262
7351845 55 6947
16020206 24 6871
195230 43 4444
174271 57 6360
148386 83 3753
23975 71 544
469867 52 5717
4955944 55 3413
746243 12 4702
18796129 63 9893
393404 34 2266
1639110 34 1759
106821 83 2477
3254835 56 6391
18085683 34 6815
173481 73 842
155858 94 5235
481741 18 2539
10064352 19 8387
617545 50 1199
11669825 94 8789
521723 35 6945
1971 55 8402
5721592 60 9312
26973346 2 7672
33347 38 249
3663021 99 2915
2559657 37 2950
393172 17 2007
2044294 50 5723
3382324 56 9096
4160722 45 6681
7153342 9 7383
5311059 96 5657
1410323 74 1627
142534 90 6058
4353277 22 8977
82204 88 720
241043 3 3937
1876141 9 2732
18947488 66 6288
507092 2 3238
6616231 42 5211
7533032 48 8604
3306752 55 7413
5282232 75 7649
1454077 91 2965
45717 25 7693
1926422 97 9196
12605028 63 6814
27018726 38 8644
83445 97 799
218790 74 1210
27085487 53 9291
2351658 53 5368
2232951 59 2289
6270067 95 4208
15418385 63 8939
16544 18 258
13031408 54 5137
84508 44 391
67252 86 2953
186658 78 1682
428774 75 6900
16900486 99 9639
2848359 74 6456
15039574 41 7129
1006702 97 5063
14959875 43 8298
787553 53 2146
659033 77 1969
55880 17 4682
2512886 73 4065
2508 90 4625
15037058 50 9124
997243 75 8999
2117538 22 7929
170933 4 1602
3367630 53 2751
89 14 244
1666636 10 6349
5480332 63 9745
3109599 78 3574
1379368 1 4915
221483 76 6960
1145488 27 4434
424268 13 8091
15480633 14 8095
13853491 8 9396
111939 57 1794
46719 1 6456
12176980 73 5311
523770 72 1842
1895006 95 3868
228827 6 578
46169 22 227
4690841 52 7533
329077 47 1486
24370970 15 7258
2445 64 1035
354831 66 1864
498500 65 2366
1431730 58 6057
1 62 139
1249332 25 9369
1879253 86 3922
1562147 10 2719
4823166 7 8938
1951429 46 6329
1 94 7312
11830825 8 5354
6154559 80 7678
1163567 32 6431
14766958 86 8444
136400 44 3585
2795125 50 8079
18931 41 1855
1003300 41 1501
20803867 60 9101
15173099 37 8796
685935 71 8891
19182155 59 6308
975771 96 3018
257415 83 3265
1999379 77 3282
11480993 51 7130
5390019 24 5343
1006148 84 2751
3382944 8 9446
38362586 13 9625
2927434 75 2435
411070 76 2823
3009958 58 3782
16475530 82 6820
449255 6 3513
2959576 2 5403
4821478 2 5794
686069 55 1869
64680 57 772
4734065 8 3762
464486 92 1279
2190035 25 2815
24326957 30 7882
5001 92 1101
2686811 20 3099
1397 15 1490
1 51 466
239988 57 2527
3283497 33 4016
6022429 21 4538
11906033 14 5193
13916 97 422
10351682 71 6035
8072681 19 3967
7441698 42 9945
223095 49 3885
22745 92 2965
1423446 73 6788
62736 80 786
8812362 80 8644
4693986 55 7148
3619 90 166
8192097 43 8141
2137713 100 4959
8905834 72 7139
2480858 43 6740
9539657 81 5437
5613450 29 8974
438418 62 2988
71507 61 784
2646290 21 4924
12634397 90 6338
13026532 44 9138
58237 88 3192
796002 69 4142
15235337 9 6775
17168 24 2723
37771 28 824
6413655 47 3573
26862890 35 7298
2193496 52 4552
1519627 13 6712
2075815 93 4403
8373 18 261
4029582 60 6703
909934 52 3445
783283 64 4815
2374305 68 4911
163291 66 1669
99159 43 8426
397363 44 3803
31151785 50 8607
1823 26 3790
8856476 89 7296
1321962 9 5913
113206 94 864
1396728 24 2166
9413274 85 7586
9762135 6 8593
5613876 90 4054
1235192 16 3074
15272645 89 9377
1 92 154
6350379 42 4632
76606 34 930
2478347 46 4350
6664913 35 7268
5604261 64 4401
11988631 32 9078
888946 87 1802
2674097 5 3556
6456833 38 7210
3711324 10 9610
5889560 3 5267
6299208 32 5958
3896159 86 7772
23590 43 5502
24972187 86 7831
437750 98 9561
442582 18 931
8718621 87 4302
30391826 67 9279
4855670 8 6971
2988130 77 8104
277630 45 932
9854219 23 5508
2023987 58 9993
10123298 2 8022
1126314 18 4726
3104067 43 8443
10678315 57 6575
6141219 53 9307
7449183 86 4774
1121715 57 4435
19494056 74 7748
29029504 33 8184
2977125 97 2875
16153610 80 6284
190380 51 2893
18026602 98 9973
64819 21 2293
28222713 46 8192
3271972 52 6501
2304129 38 4668
314760 40 6723
25185588 60 7120
19196021 94 6930
58630 91 6107
18143756 26 8652
37812686 69 9200
233455 65 1144
1830723 1 8957
1176817 88 3763
1154712 67 4144
873254 76 6819
6071661 91 3455
3129420 50 2734
6092648 73 7101
836683 85 1688
2938 1 64
804723 1 9615
1932578 31 9594
142814 73 1407
1324977 62 4774
10946897 52 8615
451638 45 3595
144188 60 3765
1184482 68 6325
649807 39 7850
3828408 37 3337
3292162 68 3131
1327384 52 3170
12359281 78 9474
80888 44 6609
556451 69 3316
7425204 57 5797
38888772 14 9511
150419 86 2571
4786996 63 3092
670097 62 5791
24205 38 6494
4618468 91 5220
19016022 47 8141
84262 19 1857
1844929 96 7180
27892600 17 8485
29992367 38 8249
1379572 58 8641
43664 61 8895
124864 14 680
1903777 65 7845
3696031 69 3280
139386 82 676
88511 30 633
2817846 70 6306
1 53 9868
629344 7 3491
30075464 15 9919
856206 84 3626
2732036 1 3100
2511678 38 3111
2013349 97 6849
3876997 35 3105
124320 55 1343
954030 53 3454
2730941 5 6787
1718525 24 2365
6236 14 2019
3858 32 1411
1380588 3 4807
10384690 7 6831
14217035 88 6110
18481 95 1564
3978484 71 7006
57897 25 291
24918795 49 7086
12094 58 5542
20150667 73 7281
7477861 73 4012
16900481 12 8542
382327 26 1960
13760774 91 7500
525824 93 1983
18474745 13 6272
428466 27 1305
1052039 1 5589
1783 86 1003
17113911 83 8600
3406071 94 3760
563871 54 2290
16174086 75 5959
3117695 3 5244
26662489 10 9781
1317105 71 2681
103543 13 500
10459367 24 4945
5000806 43 5527
9686203 60 6081
19165291 25 6780
22229432 86 7486
1136274 35 6781
3875187 90 3378
1066430 2 9806
15799257 5 5707
2017928 71 2516
66583 53 1349
2411103 65 3276
11445 5 2604
1375419 71 2530
3207403 68 3738
33806167 19 8143
769809 38 1998
2658601 33 8069
1134674 22 9516
885588 27 6050
477701 97 2402
1555981 36 8657
9399230 34 5785
2322107 66 2267
2827216 79 4732
14809812 63 8097
5381128 57 6848
201479 93 540
172863 47 6197
2160091 75 2045
901500 72 3188
97308 73 3767
80595 4 2522
3984634 7 9157
2120886 4 3801
722263 95 2170
2577136 42 4944
28193463 94 8608
1469719 26 7661
3144844 61 3211
1 90 736
2404956 1 4188
54039 67 2664
89604 17 1478
81909 24 8845
1320225 29 2063
4186322 30 3794
150299 14 2744
12087897 45 7659
2025355 56 2093
734582 8 1593
1 95 1694
19650516 70 8536
108936 36 886
21685 20 9364
946930 42 1485
2514012 36 2606
8235739 70 7699
11222483 93 4943
1966278 53 2888
10019687 8 4875
10722338 88 8034
2388241 62 7360
11215245 98 6596
2219322 24 4050
5479376 59 4005
10547810 29 5519
843092 21 4649
25799918 34 8703
2179225 99 5669
299714 42 1699
3706911 26 9382
13500535 97 7414
3739450 34 5504
28923303 86 8988
4103659 73 8547
12307294 5 5614
24732176 9 7060
705928 89 2085
2331018 66 4462
397086 24 4290
4826619 39 6055
2088863 80 4378
22232316 100 8140
14977565 80 7180
40741 55 1240
108473 29 2635
1087735 82 2296
12311193 14 9631
10648548 8 6813
1 85 1038
7711190 54 4902
424174 3 7859
1001994 100 6370
6431679 2 6907
8052415 13 6592
376231 80 1524
1783769 62 2095
1 64 494
21108 62 3882
22298 13 1634
2225040 91 6451
916357 41 1398
16510993 7 8519
21201 72 1727
21472794 95 6726
7419093 11 9253
7016227 6 5506
5045426 16 3237
1264367 36 7028
6101870 17 3999
4283310 65 4393
14634023 99 6668
565951 19 1516
11996958 38 4983
1160255 28 2049
3844668 59 3269
647986 87 2360
21118474 40 7075
1136395 36 6093
7498088 68 5062
6433114 84 5327
1373529 13 5645
5864029 63 4886
330716 81 7239
3529657 55 6920
1 23 350
6111084 11 3644
5061047 92 3219
18635249 29 7570
9424490 18 8443
4103285 91 8316
3748540 10 3956
8889430 48 7020
402600 37 9970
14386309 53 7570
4011752 70 9069
1264059 35 1683
441895 60 3683
1105782 15 2428
2579597 14 8834
114591 76 1357
655313 58 6024
1 99 396
6230892 64 8189
11541926 52 5104
3075959 36 3227
367672 91 3520
1250572 2 4664
512107 99 4940
25106374 81 9156
6620079 61 6720
2980008 23 7041
9286963 72 9304
396256 44 5790
167129 30 1473
27544343 64 8976
3355320 44 5903
191566 48 2990
8980 22 147
2060863 92 6389
2663488 63 7745
2053233 72 8372
48353047 64 9781
443790 96 2226
15888453 1 9792
3573833 80 4001
13309904 55 7276
3561746 82 4638
22220356 7 7621
10545 6 82
2880167 71 6074
3184557 72 4309
48802 81 2876
533235 10 4426
1163248 37 3773
128834 67 4242
6829024 63 8072
13376487 88 7141
628160 87 7096
366380 47 4273
5732664 68 3477
27746543 98 9592
14382265 60 8019
7904705 50 7271
5738895 52 9483
3040497 26 9308
1341984 29 1709
1 100 848
2261079 66 3761
402465 47 953
1 24 3354
1918591 36 7251
4887863 31 8428
2122765 6 2534
8407249 43 4504
2895812 18 3288
320 17 281
1258400 52 5652
9166030 38 8022
15891 61 6902
433137 30 1399
375458 81 7208
199574 83 659
19193770 1 8790
306799 43 835
26621399 48 8645
1 73 699
192014 89 8858
2063412 41 6305
21808879 5 8504
1125329 67 4018
44350 8 1633
1443458 28 2524
962360 54 6914
1950497 53 5471
4129226 62 8533
438131 46 1004
7212398 44 7725
2796063 41 8650
8892810 70 4504
934898 76 3782
2262120 77 8642
2697125 39 2396
4956591 12 7663
1219881 75 2486
25828258 51 8474
54090 99 666
1730958 11 5769
3320189 53 4509
273785 2 1599
3503126 37 6443
1152779 79 1528
8084990 41 9479
30985184 16 9735
8090239 14 6071
1 74 5357
11762205 67 9100
80689 52 1263
7658 98 8204
1066612 57 4469
1186885 24 2003
24603 65 184
4848037 25 3031
33356098 85 9901
47225758 26 9724
4876169 4 8629
5488304 11 3481
61326 33 272
329533 17 7745
100281 30 2631
973885 44 8913
6336 95 6564
908907 9 9135
290597 11 6585
10732670 40 7437
103275 62 377
5097735 29 5049
100347 27 1070
9465299 11 4867
346374 51 1840
164009 65 7350
107923 21 6073
2268486 82 7757
12316815 49 6654
8851013 51 7665
142349 18 502
11379127 74 9683
3119657 6 8963
31795270 97 9202
20852 44 348
39691115 61 9199
8549 69 2078
426196 51 4075
348291 71 2950
4361822 40 3075
2584360 5 3128
638381 67 3879
13940 10 3204
779956 96 5932
9481085 46 6110
162209 66 2772
23641845 83 9114
363025 56 2804
6797998 3 4639
3378022 9 7426
1892705 52 7307
10866673 6 5156
7126751 69 5305
1505594 73 2891
8511380 60 9428
4197554 100 2895
4121219 72 8809
421240 20 8344
18362276 23 8546
60300 38 675
284308 73 1907
1297661 68 6391
10707517 47 6980
5816724 51 3449
2082 29 5880
3087806 16 3103
413075 77 3644
7682729 46 5202
1034753 90 2520
19554 5 105
133935 36 480
10867081 58 4924
6409864 55 5315
15619 31 1509
85176 14 8097
4536834 25 7764
24847253 56 8365
16351962 45 7541
24378508 5 9190
1 69 339
17755 3 199
40524 84 976
8272 15 7346
3763769 66 4708
2334349 31 3985
28030251 96 9590
630769 76 2892
2803155 71 7947
8760253 1 4982
7638454 19 6007
6331 68 555
1699465 67 6831
8265362 8 8797
529983 3 3098
23666577 8 7024
1989821 83 4014
1161 55 286
2028047 51 4885
31293115 73 8326
183291 61 1754
36210901 27 8642
1644329 41 3300
112114 12 1106
19014028 57 6782
42617630 65 9785
9883739 90 5022
28364441 84 8089
1776006 54 9969
3985464 62 4571
4089503 33 6913
4240907 79 9172
3673548 13 8606
1289395 82 2581
6197391 63 5988
12929651 25 9089
11674258 64 7719
18193 37 6096
1170795 98 5508
6609678 71 6728
1332966 59 8913
42337896 66 9380
3556358 17 3449
4104426 64 6624
7011836 83 4456
256773 75 3902
3441667 68 5849
1751180 82 3572
155380 57 8033
1 72 3536
2562 2 1471
872948 44 7494
2574108 65 3355
5572820 48 3721
2662124 63 3637
8584498 54 7289
8495159 82 8677
2131 26 117
146531 15 4561
3520865 90 2554
327550 99 2673
2119615 4 7409
115728 60 694
4224998 96 3990
230643 10 952
2897481 50 4138
5835842 61 4649
4900558 15 5982
14225 53 2105
8336 58 9705
732158 45 2649
2990217 60 7357
1523799 78 1835
1 63 629
11061837 73 7963
4060229 94 7161
9412818 44 8389
1725194 90 2131
3134462 44 3139
8319801 26 7418
2155615 41 3144
3464866 51 4674
535760 73 3201
11676115 43 5284
531299 87 8666
8476998 20 4601
2881607 31 2938
826009 48 5301
1401502 19 4257
38930 5 585
8559334 72 4410
279469 30 812
4877202 28 7952
60339 18 2311
65231 3 2209
2969233 62 2583
116678 90 6630
233227 81 735
182 27 195
70921 17 6644
27688717 98 9217
22298055 10 6769
222940 1 1257
9958417 59 4535
7530482 31 5654
1 86 5221
60772 74 6158
3411118 59 5054
57911 25 1346
5527229 14 5791
1264184 47 5956
4782135 13 4156
1258255 70 1500
21782456 4 6719
17848447 71 8080
311506 31 5258
98783 33 4969
77437 51 4755
19159 11 117
210465 69 4875
1167579 72 9839
4068677 10 9893
6599025 77 7265
57742 83 537
3527 22 472
800763 61 3171
67087 96 5287
13596477 66 6970
43105 29 315
3488912 3 4808
23045 61 654
52229 43 6272
24462524 37 7658
4359541 100 4484
136371 49 576
1553014 72 3104
137968 81 9333
11122328 47 8666
4317832 49 4917
9028639 55 7492
10609 61 1119
1823846 54 3364
3608000 90 9561
4192875 8 9587
32234 21 5278
363727 89 1536
86372 92 5620
995766 72 3573
617519 84 8018
149196 81 4866
1562954 31 2050
4524072 36 5314
131780 24 5078
16982249 12 6030
11870606 25 5476
6794052 88 9183
3371862 27 7264
8140 6 667
2379695 75 8062
138261 39 723
6261279 74 8974
20466325 80 7262
99156 39 1223
36592240 80 8555
1556227 56 2075
10680442 5 4526
1681450 85 4797
1987205 40 6197
1898988 6 3028
1942786 89 5742
3345422 8 7807
5932273 16 4488
35068 65 9376
11248076 19 5670
9341907 85 8007
5457251 30 7199
1145760 66 1692
3349413 94 7434
130223 91 1026
4271407 23 8576
2465386 8 9104
1583239 9 2282
946509 27 8931
6758 2 2013
7780251 7 5974
8075106 71 5285
14252399 38 7389
1420349 56 4656
2587257 2 3838
7267 30 3239
2032131 84 4632
2283881 51 2112
50966 58 8665
7065291 32 5298
23739227 100 6869
48877 50 6740
7938192 4 8472
92742 54 2981
1 97 8407
296523 64 8068
1 84 6783
24512250 99 9507
2178612 30 2341
6360927 44 5361
2175232 81 2193
74064 12 783
2264477 49 2265
444474 72 1446
3402153 16 8290
2509965 16 3164
426554 93 1827
1020588 50 1406
88510 70 3055
20807765 81 6936
10771274 43 6196
623262 66 5896
12066981 21 6563
268661 59 8974
1151535 53 8273
1909 69 393
14763 44 4149
5830091 95 7767
907469 37 6436
4590348 88 6189
363474 13 2281
3601097 51 5769
20273790 12 9904
6658740 43 4932
1046488 62 2106
3105053 78 2624
18943 62 1184
5022393 71 6070
657312 35 1952
1806 56 1226
804910 17 9267
3008 4 8222
69861 46 527
4790774 46 3610
153896 18 6362
1 88 136
9745959 46 6228
1071489 23 1543
13114055 59 6999
10918388 32 6237
939059 92 4928
38900220 63 8885
8989627 66 5578
3052850 25 6153
666985 33 6714
318470 92 2149
615506 52 3175
14499 59 5211
213084 78 3166
1 97 1730
43950 82 207
3441 31 97
345675 38 8615
66432 56 2352
11553640 24 4879
18332788 99 7100
558328 30 8162
291616 77 5324
37882 64 737
15978449 95 7972
22097390 93 8208
206141 27 7937
81877 24 843
10999896 74 6171
22934606 81 9054
33083182 90 9274
508567 49 1659
2485215 51 4743
446160 10 5714
159228 78 1254
938126 84 1478
12481003 25 5578
14225473 62 5458
6718351 31 7363
2485394 26 6605
8441133 69 8525
7905780 43 5608
12749342 94 5131
7900562 78 4379
28069600 92 7826
2285262 96 3152
8072513 83 7728
16207050 58 5616
119639 71 2471
9609 33 837
19041641 43 7675
3017341 19 8230
192124 74 1616
5058632 33 4850
25381215 52 7570
53624 79 337
70969 100 1071
3987394 57 3115
8257255 31 5046
3875137 46 3786
1063804 79 7531
11732714 86 5407
8871900 4 7076
4573346 17 5159
35574 36 2413
5561936 83 6688
602005 27 4184
10245107 2 6164
1141459 13 2467
6598807 74 5012
1104540 99 2242
3583454 39 4387
26790828 18 7278
2955249 60 3615
27984132 18 9656
4856282 44 7135
802699 89 1897
4216218 88 5517
441718 33 3545
28189 73 150
12512024 95 6774
90778 90 1257
97134 23 5866
7570598 46 8528
415422 45 4738
1504357 86 9773
3627274 62 5436
1803169 69 5058
14459007 21 9714
2135 75 4929
17526357 50 6711
176284 44 8806
9634 97 394
1045945 84 3001
12003145 20 8959
10131375 12 4692
1126483 1 9151
1849 31 7545
76390 44 4731
707274 69 3039
32254991 35 8842
2011 45 5898
3889928 79 4856
16816247 31 6647
17358127 4 8959
546979 10 3850
8458971 70 7730
9073123 17 6969
5027498 60 4565
96998 72 531
19201878 93 6498
5834531 54 7626
130572 74 642
168290 43 7727
14930132 53 8727
44557980 46 9978
243167 55 1598
259407 67 4501
3319861 100 5214
9613233 57 4311
110667 9 3069
6978663 100 7005
11914768 48 5657
60660 9 1137
583197 84 1260
7681890 52 7094
215175 39 686
11592504 98 5686
548685 78 2395
29259242 77 8193
2171412 96 8718
486382 4 1129
3279290 17 6716
3158054 84 8025
20069886 10 7373
12403103 71 5095
4947174 33 8751
5131798 46 6814
5920079 9 4476
158558 77 8664
391781 64 1482
2368638 26 7079
3158621 50 2864
676075 95 2640
7201133 42 6435
23245767 62 7212
4997 43 1894
11117553 49 6527
3702082 11 9914
12716387 57 8203
2906316 34 5094
1762 47 742
299519 35 9029
22204014 64 6872
138507 75 805
16974234 56 8479
6012942 100 7238
4388531 82 8219
695277 45 2042
3706080 56 8990
111970 67 3034
7790771 66 9008
1 47 60
4612820 91 9061
30501 94 2145
2056947 61 4188
11405 93 1181
17492492 33 8195
2082 11 8671
15723067 9 6937
133280 21 1979
8355749 12 7399
20719391 15 7158
3488 65 81
12083881 47 5589
3072032 67 3383
2249387 80 3765
27493 12 1395
37051615 85 9499
2519301 80 3809
14148001 89 8886
67760 38 602
431679 38 3399
602015 30 2708
8987549 77 9302
3384662 85 4112
35133275 78 9815
6099275 75 5356
3573361 29 8055
225212 13 2884
1316 55 398
1937947 87 2094
883493 3 2735
7887637 49 5609
451771 55 1558
728549 85 1283
9487855 24 5193
5260152 90 4013
211794 91 2011
14156241 44 8045
3026623 5 4651
2728778 70 3129
565862 34 4232
17140902 96 9846
1299716 47 8509
2696473 30 4727
4558034 68 6814
89965 54 1993
113802 55 2385
2143288 93 4200
6116615 1 7839
22456 62 164
8355 87 4875
3653866 44 9320
9329230 96 6914
330822 40 5372
1 78 1918
237917 35 1495
18627283 59 8767
64614 26 1986
8942625 66 4975
968655 64 2785
80480 18 432
32089247 19 8302
1542154 4 9417
766279 89 3392
1220662 74 6766
29601971 4 8505
106564 32 2666
4259014 66 2891
2446939 34 8715
68840 8 315
3602442 7 6768
1643765 5 6051
16040668 20 8126
431339 3 7860
5172858 62 7548
929989 40 1323
462451 57 906
99360 24 625
75514 52 455
1713188 15 2904
16663545 24 9197
8166 77 532
14986 5 8807
96342 55 1408
23246963 70 8474
20876 81 998
37870 14 9800
75209 85 7639
20333901 30 6521
26852 14 1094
5256405 29 4286
11295315 11 5728
625017 32 4960
241087 4 1041
19001755 71 9599
2928496 94 4631
27353333 90 8144
697535 22 1739
1772979 30 8744
298090 35 1265
4143404 24 3132
17126000 55 5881
58374 16 5338
22879778 97 7918
9564931 5 7135
9941694 93 9753
254346 100 5392
11863259 43 8020
174836 27 851
1960371 55 7231
8095081 66 7982
26356 61 183
1420 84 1205
337262 46 8920
28787426 68 9758
12358962 58 8565
1 69 9552
2318 48 778
9883986 58 7231
5469064 66 3464
27233 95 5256
142181 45 778
109241 65 7290
23422 64 277
2033283 32 3676
1863435 6 4972
1809056 48 5290
59063 62 2892
21838951 15 7426
2347218 6 2942
1161778 71 2788
16213455 94 7580
106617 99 1512
3679554 51 7040
435215 87 1993
25199 18 2678
286920 54 3579
16308162 57 7983
1047341 65 2085
1335 16 668
3426 65 1216
16530 54 1516
5133683 91 9686
795183 78 2206
1774905 74 7476
3636668 33 7024
78396 81 713
553272 85 5547
2467112 87 3105
454139 13 1403
16913814 81 5830
132210 99 2011
5631239 70 7361
420 36 1284
5041915 71 3904
4952735 26 6344
1364519 67 1619
114045 65 4323
557643 51 1318
1286145 47 6056
124130 23 3790
34729 13 4164
19486663 16 8764
499 1 1185
799456 5 2890
9321 17 1303
88303 46 1507
169868 46 1033
5278300 29 6405
1 25 48
11473083 63 6359
143533 100 3868
6807967 69 7141
7999218 17 5348
4482389 4 5826
20048075 85 6960
9926242 13 9731
5359122 2 5687
11337172 19 5446
10270284 88 5553
201635 17 4153
2252546 57 2837
3511766 92 2849
3824996 66 5053
8535 37 1720
1418313 73 2670
22533400 89 7261
1539372 27 3007
1 65 2017
268534 81 4820
14302998 47 5317
27335 42 2090
24010219 55 8807
8817418 49 5066
1150577 77 8208
1362286 46 5462
564121 10 3509
3636684 49 7875
4726957 46 6262
2128246 81 2679
11489039 83 8322
1058824 72 2157
1356183 61 7138
3880 46 244
8521747 94 7820
2548514 38 2883
84291 32 5540
37095 76 5107
30017977 27 8230
10522 31 1436
8777331 17 5410
37 13 1413
25046563 69 7101
3882959 14 6935
1101304 50 4019
8355065 11 7712
1917037 44 2271
3050950 28 3599
20574218 12 9388
1159590 35 5189
4422939 56 4883
275283 83 4958
7619152 17 5511
5346520 37 9828
1930093 77 5433
512194 70 8553
12160297 47 7191
61297 8 3430
2200379 43 8999
305878 64 1059
3575 68 1888
1049028 65 6327
6636817 36 9581
5379 86 1585
1 90 269
770676 70 2640
630148 66 1273
126695 36 6411
191814 49 2337
10951004 30 6838
16971158 76 6693
144017 71 3717
4669848 67 7469
7841 86 8678
1316895 100 6727
336528 37 792
3370495 87 4329
2414578 65 3129
4409 12 805
1924000 2 8214
13006405 6 5845
18846248 39 8813
7193697 95 6887
14028821 16 5277
2638805 88 6289
489280 96 4468
3178020 5 6939
208013 89 1337
2187494 93 6823
1421783 51 2770
84188 2 1170
388965 96 2079
914652 33 6475
180435 56 538
44615 58 4765
4689834 70 7423
8896976 76 7952
19524761 58 7296
1146427 57 1923
2587326 23 2338
240540 78 5792
585455 28 1607
2016111 100 9833
5373136 42 4187
157127 10 4418
2585943 26 4437
16580685 91 9990
430421 99 1877
856743 90 5146
1 68 84
4514837 91 2938
13368187 83 6037
1389525 16 7717
3390451 9 7852
1551401 86 2062
4702629 57 6902
1120067 22 2145
15324861 41 8840
4211376 63 5372
1 56 290
846674 20 4940
272442 98 3673
101679 42 8749
4649278 71 7841
1135497 68 2940
5863 71 162
1446612 82 3354
7948 26 759
1572823 41 3556
1551365 76 3215
976653 18 1403
14888034 17 5813
603196 76 1390
14412543 89 6980
38776037 27 9070
17196 89 3543
34456 3 522
78131 85 7495
8778053 54 6134
3124 60 71
12976054 34 7678
7375757 40 6644
3972194 13 3192
939171 12 6594
4508937 42 7870
343411 50 1114
10325 83 2871
369958 15 2971
7353858 2 5282
10181020 5 8293
3069 73 2073
530146 82 1163
1 62 871
3408764 96 5867
9281500 70 8251
4821265 2 3218
22493005 22 8274
2295714 90 3798
835235 67 2498
8609740 29 9752
7809348 53 7466
1 70 543
1690205 44 3350
10536701 36 5878
6883604 65 8034
1377278 18 2067
5923699 5 6820
7778309 44 7796
14616995 44 7499
355386 54 751
9158108 13 7478
2524014 72 9750
9278104 35 7849
4382 95 388
2795683 69 5776
70862 28 920
11172855 7 8949
11432405 38 5766
119354 3 3850
1583572 83 5992
2916405 78 4474
460184 99 2297
3771336 98 3524
10657809 42 7665
25206085 42 7552
19951873 57 7015
16179 42 4074
1443960 44 4311
23437580 38 8754
10082019 99 7843
4617053 48 7527
5709796 83 9463
297607 74 1004
52635 89 6336
6233793 70 4368
1464567 50 7627
1396926 80 2262
3032 21 9172
26460 95 204
42039239 24 9994
36107 61 459
8425198 89 4922
4761477 13 3153
28511754 42 8974
726160 41 9333
864970 61 3771
1270420 7 8230
1507393 96 6730
1057889 28 5773
1479978 83 7977
3830 87 320
3986708 71 3117
24527995 69 8631
662737 95 1672
355531 5 1018
1501778 99 5954
33017 55 1130
2808867 71 4821
14556475 65 8482
622571 63 2046
1020381 56 1493
1764630 68 3065
25541062 3 7996
100055 52 4172
29748 86 3427
1264144 95 2604
1 53 788
1049172 51 5801
27204219 42 7520
240983 34 9849
12529 43 75
4500710 85 4047
33082348 46 9077
3620308 63 7925
143737 15 7053
1114224 84 1962
372023 66 5687
19878103 46 9470
10802693 4 6357
1061467 16 2242
2776535 84 6001
376038 6 8580
16184379 79 8190
2192001 3 8954
767 77 520
8254279 69 3975
1221549 95 4862
10956111 55 5259
907345 82 3566
939878 23 6555
898453 12 4841
13792567 43 9175
173669 45 543
111067 88 748
3030085 79 3965
9041822 100 8490
1536403 72 5940
4692916 54 7239
1663264 27 2165
43618 87 1896
22727859 10 7540
15415829 64 9161
3153549 85 8428
1961357 63 4347
1076751 65 1387
158103 51 1022
392899 19 3098
175990 30 621
3527377 63 4735
1 84 342
7289217 23 7382
860661 16 4624
10557152 30 7759
4189423 12 4412
2201088 33 3413
11638779 93 6711
5838766 48 3605
14354821 36 7156
240478 73 1051
1657180 92 7070
7087240 62 7683
1226658 81 5221
21070606 62 7789
1979642 73 2866
1879598 7 3242
1515936 47 1656
14136 8 141
1231785 78 3103
424954 7 2532
13658109 39 8335
600605 34 5041
12041 65 3899
32316055 36 8851
268765 1 6314
6638384 10 9756
1823704 21 5936
197411 84 2198
34642700 27 9400
25822848 38 8192
2964618 39 5406
17348 18 527
33128725 24 8313
1319995 3 6519
6717448 88 8604
4412447 76 8134
592699 75 2849
3260686 88 7474
7351757 85 9519
427435 70 3395
995428 87 1704
31390430 45 9894
52651 80 9498
4364047 11 3547
973993 15 4642
1547323 2 3499
15373570 41 8920
615971 25 5723
196217 17 1762
18481366 81 6925
29261 84 275
10945869 8 8762
17393263 53 9423
14285 67 247
6086383 82 7248
14883066 54 6403
11982 41 6873
46717147 54 9645
4814912 35 3416
38066 63 5164
6375 50 4351
3026975 31 6578
32685 99 1631
18709 69 362
4235389 55 8074
35244 56 8238
1869788 74 9449
230974 84 9688
466173 64 889
1087316 42 8927
333111 100 828
308743 49 1046
71814 17 1400
942616 86 2420
1372382 85 2290
3772979 96 3996
2001224 98 3951
3617930 21 5909
573871 21 7627
4899 62 2523
9368032 30 9428
1 95 648
13261550 32 7680
418333 26 3639
7928234 90 5141
16845684 37 9823
790755 29 1600
15037926 11 9893
226023 42 2085
1394873 56 3481
7958691 27 4420
444614 30 5988
1592801 10 4335
555140 91 3680
38773578 21 8751
1777382 46 6200
20764025 78 7418
9822922 86 8446
211820 32 3096
15601 96 3144
1 44 4183
6238770 18 9795
409194 62 4731
3170016 72 6827
11125594 13 6361
487628 69 1169
6001 93 794
6510412 90 4392
1178303 73 1592
262491 85 5818
655132 68 2833
3479822 55 8250
497755 56 1225
321683 96 3004
23579 96 251
1 84 119
8890430 85 4157
6097 42 272
16659066 9 8981
42587935 10 9830
31941237 37 8117
6696739 86 9301
408800 73 2609
369366 95 2311
765442 67 2504
85325 9 1532
38628 71 645
330015 42 833
34210144 45 9269
13955630 94 9129
2925 16 201
9292958 66 7389
2130564 19 3530
1875686 93 9920
426741 71 7544
21224360 31 9109
1874505 55 8045
8097084 22 3966
2649 43 1269
2681413 89 3201
2623368 20 8819
25594681 57 8453
12763474 67 5081
986987 47 2878
30771665 42 8894
9239277 15 9111
16622 50 88
4219333 99 9131
476299 31 1726
24092940 83 8147
2437973 79 6299
9863196 63 4802
37772954 79 8981
338536 49 1037
397492 15 1512
4430 36 853
8902929 88 8877
828084 28 2388
442 52 2108
5451647 88 9745
3703492 45 7078
10108324 40 9940
1062067 85 2222
308671 94 1544
546833 4 1076
18123919 68 7889
22162930 8 8620
423580 83 3336
2026490 4 3582
625823 57 1658
27882 43 2116
17203443 38 7739
430009 61 6307
4028416 95 9561
5117617 62 3348
1682322 94 7139
200814 1 8208
4193955 74 3431
742717 74 1327
1536957 7 2338
183976 82 2070
2764 31 34
7518083 20 5259
177140 37 927
10133730 99 6421
2244970 72 6777
35117716 12 9259
3578354 58 3590
19697767 58 9180
1037889 93 3203
5673550 55 8738
6608512 4 5027
5830818 2 9565
1993927 95 2482
6212156 60 4462
4370937 27 3653
27380 62 175
11379087 2 6440
589103 96 7693
52444 51 2359
3451915 71 7857
85094 2 2541
508247 64 1474
9280607 49 4552
7420936 35 9503
5065 95 442
21105334 71 8823
347898 40 1035
26508344 78 9368
6489 59 3468
17277005 99 7195
3667 87 5059
176477 61 3561
2896 61 465
3177724 71 7093
247147 11 2066
699316 49 5852
15494668 1 8270
108646 6 494
2651865 80 4148
383946 67 3425
3740244 51 3443
183937 22 1931
2886683 89 2913
7582549 12 6847
361533 51 5488
1169811 66 3249
328350 9 4327
1272948 8 8299
248650 62 823
169507 86 3775
21507043 19 7401
430193 35 878
14137 58 2947
8162430 72 4116
1616 8 894
18976654 86 7231
1774941 45 3794
13891048 69 6227
9015 13 400
75589 23 9774
1 68 1020
117043 56 665
8940145 41 4259
14161355 42 6023
1354864 94 7562
4965211 31 5011
10381493 81 6898
5396126 24 3825
232 40 191
2089110 74 9180
98591 53 7357
578561 69 1843
23221 91 320
43895056 35 9383
26482798 40 8757
5501329 76 5425
14695609 96 7927
9290872 34 9597
18920971 4 7985
1155730 12 5083
1850852 21 6378
1379523 87 6116
1989416 12 3620
3078874 13 3544
8586 36 106
288925 82 3533
3189487 38 7341
11693833 91 7821
832890 27 8711
9268894 12 4232
5799166 48 5182
12816180 70 5422
682629 78 2078
1 97 3700
2522807 39 2788
25581219 98 8872
135577 53 8265
2857455 38 6236
10588569 63 5403
4360558 39 5206
534555 13 9283
51581 48 1186
273863 9 3980
2006065 41 2536
1872 50 405
1379497 35 4272
1095655 37 1443
14472867 97 6975
16191918 29 8967
1507 68 1095
31075 75 2031
5346202 64 8526
11657260 40 6602
4542403 16 7385
152139 29 1159
3286426 86 3522
8690297 94 4530
8765621 61 7435
15644 66 5556
1846 97 490
5698536 11 6342
3031084 28 6207
796683 3 2621
322635 73 7149
13485 92 151
757204 29 7339
269782 77 4413
382216 20 2922
970029 2 7233
125775 71 8515
174830 90 8510
4108174 65 3180
651240 20 3141
259048 5 1666
20485504 67 6563
4461660 28 3958
770072 33 1450
8667211 70 9746
2274770 47 5938
1882 42 2355
1987632 51 3410
6074137 79 9394
1 92 6611
5346 2 9950
1358252 62 5597
8410 60 1572
3178146 69 7824
15824659 20 5573
223549 93 3699
1753973 33 3948
2875148 63 4293
6347276 61 4439
2354116 40 8042
118782 52 5323
3023407 36 3928
4475167 36 3292
2703653 50 2946
456274 18 874
8391341 58 6600
480672 98 1225
1403216 44 3591
139778 20 669
10909777 66 8254
41297 18 1553
118876 34 6530
20657722 98 6344
1383583 50 7910
97368 38 809
9136080 19 5452
59969 70 296
14038 45 1031
1341573 44 2131
28568 30 2643
776491 38 1563
59580 78 1625
11994173 23 8400
2381397 84 7129
3026550 75 2730
3519647 39 6377
15647997 7 6172
454052 72 1367
7419031 78 7690
2088 94 1104
14264681 3 7112
46282 58 731
2143822 62 3493
2966437 67 4012
6431285 10 5734
1191026 80 1778
17948864 31 8585
82877 54 4458
52461 76 421
79139 97 2163
384315 91 1558
1875196 86 6911
4472666 28 4291
770515 68 5575
1197338 90 1616
62647 62 1021
25787599 40 8761
6505161 19 3946
6824812 75 8187
17853327 72 9994
4617658 15 7058
11963056 53 8393
4349241 93 7098
1823134 25 9873
13043481 59 8336
10363956 15 5545
742265 9 8418
12582960 35 5071
6470730 44 5479
3284332 14 4464
39829 16 247
1547308 90 6373
25494597 65 9148
2383066 27 4767
10788446 48 6434
16975236 11 6448
9291378 16 6499
3678143 56 3623
2950 47 5800
644158 5 4595
56489 70 1963
363554 26 7176
430292 33 5257
50793 77 1334
5474605 33 7101
1177402 33 2710
20530 43 615
329336 4 1208
2456195 24 2548
2436750 97 2357
7895836 56 8428
6099172 2 4301
29455624 15 7689
1 90 1976
5932816 92 5674
3078880 71 5132
27637759 37 9043
1572882 31 5536
1826 96 8461
18500701 94 7134
466699 89 6826
981695 63 1775
3032349 26 7402
241662 56 3694
165086 81 6668
6744288 82 5188
23297500 20 6814
1486299 93 2344
5722292 42 3691
27050231 30 7832
8938286 78 6790
7699 92 1082
2506032 72 6171
238699 3 1245
4779069 87 9109
16714295 36 7454
1381221 45 4417
2785349 49 7594
12401201 87 8919
10997981 30 6331
5286240 21 5070
191772 50 9536
1865355 53 2954
6761795 33 5955
18812190 40 7966
106470 55 1094
2389579 26 9306
3329332 67 2636
12590529 56 5945
3507652 68 8562
27576999 94 7342
1 73 100
1894840 37 3835
246340 91 1787
5671393 3 4772
1009742 26 6678
525024 65 1931
11113739 92 7508
6274840 57 4135
532809 51 1151
2405345 40 3846
164451 50 1118
13774680 92 6540
378171 87 1708
25047549 37 8140
1320281 48 3166
18091587 79 8448
4123223 84 3960
6129865 74 7027
7884726 4 4134
1619493 100 3583
2067505 85 9813
116160 97 410
4469074 50 5880
33925 87 198
2529645 94 8572
7602147 8 5681
60991 32 8052
672448 89 3328
28991937 75 8009
9625384 79 6749
2274717 94 9044
45197807 60 9866
59097 26 2080
8286621 23 9639
27476151 46 7475
10000359 41 6806
2176973 69 2248
16899663 26 8806
805342 8 5450
1549641 78 2257
21922 4 224
8824106 41 6480
12564 70 171
264237 59 906
9024074 63 9980
7269965 1 4445
4961856 96 7791
155983 25 701
50893 83 1696
294877 50 8565
1916264 12 3145
4416 26 385
9198451 10 5182
18115011 20 8077
725 31 284
21146 62 175
252457 18 965
213138 96 3980
14480631 48 7862
960543 83 3395
835205 23 5762
1652972 20 4936
20895 14 3676
74369 37 573
970910 29 2496
1010428 82 2864
61788 77 1556
12657419 26 8351
20346278 87 9406
304005 65 2831
7476 77 487
943310 61 1533
18001875 29 6309
3487807 97 4391
7412682 6 4054
5681687 86 5368
339932 62 7656
2356990 46 5258
7844361 70 7481
5986712 91 5341
1249586 72 6565
40462895 82 9042
231 9 174
70947 16 436
561062 95 1960
2545472 36 2694
10798016 31 7466
1405198 71 6863
3197381 29 8403
29682 15 3627
284066 76 1341
19623498 14 6409
3227101 10 2846
41287988 99 9904
2130860 67 1969
106982 1 7114
3014738 34 3742
14155142 68 9552
6227812 66 9538
8089582 55 9474
15710316 73 7700
1179830 92 2963
1815212 4 6329
6137827 19 7216
4140496 47 5308
5877689 94 4468
12242455 89 5604
1283298 15 4066
420650 25 896
7939747 93 5971
13878425 50 7769
10850610 40 5518
1213478 1 3723
54489 45 733
17811030 47 8909
6646433 95 4133
9382193 74 6666
40101 93 766
900921 80 3898
1 30 130
8127 48 971
292729 92 4227
2625496 73 6719
93926 99 521
190788 52 3417
13844466 19 7467
984756 83 6765
374300 65 2160
482172 71 1060
3341915 75 8561
8233283 70 9647
19394443 87 7004
17913755 96 9323
17816661 45 6967
712395 20 4890
1889138 45 2953
25307325 29 8585
15398874 82 8950
30324866 3 9813
3133497 48 8464
37495 2 2114
5602740 98 6230
16787728 66 5930
6393573 88 6991
304496 33 1612
13492041 71 7249
5648476 72 3295
4616067 91 2974
23932384 8 9486
835987 56 1538
3746591 63 3761
29139880 97 8855
2003671 65 3211
52704 42 1978
243941 15 1596
5060061 14 4064
8919861 16 9980
835005 80 3930
25544789 27 9496
2503071 52 4027
47464 10 1142
873952 33 3435
13760717 50 9475
3491784 13 3701
1140935 41 1805
426255 77 1776
4004 2 585
868827 77 5714
13583363 21 7620
56633 38 1902
1344571 91 3561
5466005 31 6293
5867018 94 4949
10304145 47 4815
38839 31 1731
6208329 6 3433
19536018 58 7666
523852 20 1971
3659008 5 4308
2872078 28 4049
64543 72 2862
479663 74 2982
6012188 45 4285
4370068 67 9792
1 67 7948
796254 96 2872
1029988 41 2574
1 89 392
3426442 19 6804
2873705 39 9534
118872 11 1939
5060011 12 5831
179782 61 7911
7973079 46 6857
27975 23 8700
14048944 28 9509
4491127 57 9816
1400813 40 4938
3385425 67 7130
11305180 88 6294
10378837 95 5909
25073057 18 9753
1388172 15 7639
80451 52 382
2259316 97 6616
556718 98 8281
2651431 14 2633
20062748 12 9931
992 48 498
1274650 71 1851
9532868 46 4592
73328 12 2863
1309607 10 5463
2354 66 375
11066253 89 5157
1832 63 4614
27202 58 2557
22269960 65 6688
433503 67 872
9143 91 3971
3098 18 22
170852 62 8032
15985077 72 9759
539295 93 2169
383071 79 2836
1666360 58 3467
1836221 80 2506
21645 20 402
2112625 98 6658
5194395 49 4693
44891 38 225
8753 30 136
221979 39 9726
32 25 3395
1398565 53 2696
7455835 36 9736
22257059 10 9660
99650 43 3378
468316 51 2416
4432747 57 3185
7159081 57 7685
14802439 37 5595
680442 78 2912
2235586 5 6341
29575718 12 9437
1598062 79 5254
24503466 87 9421
4230995 53 7151
18665251 49 9664
2386375 39 2621
4794778 7 5921
2151479 7 8868
10315 47 1955
15463217 23 5460
10497409 71 9767
286019 72 747
4143183 48 2877
6672 2 9908
1083592 92 1809
4062306 94 2806
1494819 94 2239
3386780 84 3397
13517022 4 5829
14560996 58 7811
437009 79 1837
3812607 65 5451
346866 100 4878
10076598 18 5942
3204679 77 6512
2241164 52 7574
12229888 35 9953
1283382 75 5564
1989666 48 8671
6733769 56 5640
16997548 94 6151
3330904 70 9846
33035 28 948
88121 22 1541
3405986 94 5276
7419467 86 8473
242676 48 1527
48643 67 7122
15733960 28 8811
1913915 21 4103
562056 35 7061
1547340 89 7694
13510023 89 5313
231849 55 5160
4107350 21 6542
4639131 60 4246
5465134 46 6196
2970999 54 7090
14700 64 4533
7053591 83 6402
37342 92 4477
23087 5 1397
6786267 52 5042
3641278 42 8462
23537 59 2111
1785768 20 4018
9540874 40 5952
2202365 13 5487
3493997 44 7626
86703 38 7473
17876134 38 7803
9241 65 391
15153759 52 6016
1 9 6806
15573554 9 8511
143227 83 3607
8284733 37 5492
8245615 32 5900
273975 39 2202
135023 50 7864
37778299 48 9785
4551 59 8631
3464 39 3435
18220991 46 9790
1881634 56 9434
1127494 13 5432
188723 67 719
4537 71 1377
12368966 86 4940
33465468 6 9454
3486 68 1966
267610 49 729
1069917 66 5207
92658 79 1286
10011833 30 7306
1627 34 4737
4294498 84 9785
3143043 86 8198
134385 24 1200
2027242 21 6736
2559413 12 6136
13011844 94 8951
14685 65 2762
9072802 31 9373
206019 1 4615
1171838 22 2330
1446506 27 9032
880006 95 5846
476071 58 8588
2881447 100 6245
105078 6 374
9107629 4 6922
4688663 33 9177
10023742 16 5294
40148832 72 9857
20523701 84 9166
1 40 2529
22522545 2 7424
108051 78 1038
1 54 124
11968055 12 6770
6997305 1 5272
1341815 20 3128
10410162 24 7868
6169517 93 5412
11266 42 862
7588695 44 9178
11236809 35 7256
1 94 469
14665512 2 5564
8575854 45 5844
9332742 77 8831
1860546 10 2395
25118275 23 8471
2563006 99 4358
118452 33 1628
812 32 1156
4642864 24 9628
791165 73 4561
1921590 37 9523
1397 5 1149
1049271 5 3823
4472073 93 6411
35280 98 215
438296 59 872
15101246 87 7799
264501 19 1534
12750677 68 8664
1521511 92 2017
554819 70 4315
3238589 35 3446
1264590 35 1873
3400593 42 8697
5103342 64 7068
634228 69 2647
156623 32 8501
3061375 23 6219
2252678 8 2441
20272747 26 8924
629058 55 3498
1 64 784
3029033 93 4356
15048230 8 5908
72120 58 4192
1 22 9862
42446 85 273
18986325 26 6196
6181867 72 7414
254 56 459
224436 88 4547
4164700 63 3536
225555 42 982
833154 62 5972
1353295 100 1771
1029921 79 5384
3037614 53 3935
279717 31 1575
1154534 64 2108
23429672 51 7200
15097761 83 5602
8124100 78 7803
28217766 10 9107
5493 18 4560
4725 30 2028
1304861 59 6464
19463553 71 6882
2350293 79 2114
6573 3 7963
20577254 100 8844
940 13 5055
540454 56 1918
1326510 37 2429
34765515 54 8781
46777 100 3085
102716 59 7401
389681 75 9285
283126 50 2595
68184 94 603
20983832 28 8439
1587875 18 5585
6052908 35 3913
41424 38 2425
180993 29 1141
15929258 6 5996
2627590 100 7817
33853470 52 9927
21459680 100 7877
1516240 64 9847
1548 56 1516
620431 99 9740
21400313 71 6618
22660655 75 8898
2982281 65 9610
34524245 71 8817
115108 67 1312
1601656 62 2806
11591124 47 6074
849613 33 1600
253329 94 654
60294 5 4190
3295960 67 6310
6252428 3 7827
44750 46 1200
614923 39 3401
6734991 9 8244
1829 9 4785
1116377 92 1630
4895012 63 5354
27847248 44 9626
17748250 12 8059
120384 8 6054
481118 94 932
343537 35 2972
290336 36 1202
23585428 15 9041
2081059 69 4987
480108 58 3180
53 53 2088
252596 23 4758
39132372 10 9901
32484056 24 8443
2206669 17 6081
17110496 75 5921
1023062 45 4222
51594 26 9894
22307158 10 8212
9384013 67 6326
11798937 1 7090
99311 76 6137
1337667 37 1654
207995 66 3363
12251457 81 9503
8904694 78 4533
4322460 25 5227
6940707 2 9816
1586581 35 2087
38129 10 2115
264553 5 2238
73929 34 741
3368639 15 3467
67817 3 1047
10296258 9 7412
4909218 94 3412
757264 9 1657
22071118 60 7539
7836068 87 5093
48912 94 1761
2216703 73 2510
404012 55 8921
116125 39 4626
2815648 79 8713
1578358 50 6958
11140 87 97
19595714 46 8307
8077704 25 7284
805805 29 7395
9995465 71 6880
2680185 56 8549
2819164 17 8899
45362 67 8006
169704 95 2607
2061133 16 5094
125985 4 7152
26009703 92 8089
3584821 67 5173
118738 38 8291
177656 76 1894
675310 70 9889
180569 52 755
9089260 65 6783
61946 53 564
9256780 8 5039
16507 55 4609
9885256 53 5548
227804 51 764
3318002 45 3114
308303 51 1334
499459 86 2438
20601013 60 9066
35121933 90 9890
437603 20 2152
2611258 27 2550
6990750 77 8798
16109230 27 6738
307799 96 1407
298893 49 4527
4682818 86 6792
8552943 43 9350
10781 4 285
13103990 42 6231
3327372 14 8441
1893221 6 2634
7163551 73 3985
5732654 11 4178
5843789 41 3755
342984 36 6955
288834 35 1170
350688 3 4471
10590004 27 7235
89735 19 718
9519866 46 6932
5021643 5 5638
1504911 47 2028
2138 2 2694
12602540 42 6731
2697270 8 3527
405253 87 7166
19929854 92 6543
550031 70 4336
39591 18 348
830800 22 4360
3032043 76 4638
6239655 75 5848
61850 70 6537
10762900 14 8914
1 78 9114
217807 21 5898
1435637 84 2557
9091373 17 6841
1132230 87 2286
8664 91 8237
12117250 32 7232
12583495 41 8019
5796264 20 3679
32723 70 186
1293121 91 3596
1 82 2356
15791594 89 6949
1873 34 193
45900630 54 9723
9804871 77 7101
132288 90 585
36028255 6 8571
1 45 1729
5977971 48 5966
11980164 47 8216
29356 97 440
6087951 23 6989
22502467 43 7254
8259082 5 7757
26264942 17 9132
503945 17 1989
354 71 1342
31102916 51 7907
400610 20 9691
8500345 100 7154
228650 51 4340
3314423 90 2958
1131932 34 3168
35672992 83 8707
4493990 84 9605
1006 2 2852
2802 19 226
10208989 65 5114
25374379 10 8927
2683378 2 4334
39442521 80 9314
6059081 56 7065
17983251 3 9609
637155 88 5894
14872099 86 5987
1198734 14 5706
21477742 67 6600
82131 34 1084
15632776 21 6854
17323392 24 9449
562997 94 7689
1013177 3 2685
490234 6 5522
5869902 29 7912
502651 62 1234
9256 72 5381
6029610 98 4202
7017729 45 8047
17723072 16 7245
511187 86 4741
25973 32 1296
276971 52 2663
4071982 97 9010
9354 52 277
10769789 96 4626
11076 38 899
1512946 50 4794
1048383 71 6892
61613 38 1190
703806 84 1579
5522076 20 6696
3327228 75 6706
1728134 61 2052
11847441 16 8876
66297 77 1096
19985499 64 9110
5738346 56 6449
3757865 23 3535
282751 59 3196
2798250 43 3136
6630747 8 7949
27131248 35 7762
860 61 2114
4609642 58 9384
4709346 22 3482
82141 61 522
395548 19 1053
9370674 38 5406
136775 27 605
20969367 6 8776
9110394 71 9356
6594215 15 7227
5921098 14 9051
8178350 28 6209
18877286 38 8452
1833164 77 2155
7488554 67 9148
7449 78 1891
10361499 70 5539
1 93 8618
2597569 42 9777
13039202 4 6086
3023883 37 2435
2617681 25 5965
2166974 53 7817
1506784 98 4512
10541303 26 7401
1 90 3405
22004 42 540
51427 76 2705
713264 15 4030
22277717 70 7805
1 62 2002
23882 89 1013
31871756 52 9309
16270633 50 7067
837460 83 6201
2609118 43 8042
3286468 22 9472
1782480 68 9476
12463746 51 6078
14032386 38 5202
21679 46 1351
65026 52 1332
18455386 65 8058
1895354 91 7286
713376 87 2226
137025 28 1632
6370972 22 8604
14399096 62 5641
22717717 29 7201
19246576 97 8994
1454789 69 3422
86740 23 4452
221400 38 8033
237025 53 3364
1122643 35 6048
33297 12 249
465 15 340
12492198 58 7554
118000 52 3699
1 32 1414
27945726 61 9466
266310 33 7357
13313780 18 7301
9163773 53 8654
11435591 12 7704
1637705 81 5078
116127 100 7259
22109710 3 9276
7861223 42 5641
305220 7 912
8394438 33 4624
4613759 12 3623
2139689 40 2739
13450512 18 7347
1763816 61 2717
3139067 34 2672
2532856 61 8834
347510 85 9593
1452921 4 6617
413416 94 7451
154864 37 1179
38248847 3 9398
1629772 69 1915
16737095 90 7469
1501185 85 2009
1872898 43 3573
13516189 50 9812
7449336 14 7602
9993 31 1355
227466 71 1092
17672340 8 7964
2409351 10 4027
3616248 37 3888
3004424 98 3137
7637206 7 4233
86292 85 698
35696485 79 9762
13713501 45 5319
9645188 4 9539
78563 32 1267
1823022 19 4524
319685 63 4920
387879 96 2598
9982151 69 9685
619225 87 7573
37089 56 2841
4541927 79 4235
8313976 54 4727
847510 42 2025
2253850 80 5074
651254 71 1195
5044923 46 6076
204731 83 1393
4126440 64 5632
1112273 38 3078
351252 24 4722
91742 59 3485
1305720 54 5709
168970 48 521
2150701 63 6695
861782 84 1231
3490159 83 7861
238916 51 1038
6511332 80 4033
355985 61 5827
270283 47 1223
1316473 69 6488
452209 86 3878
5066323 37 5032
70841 9 1163
21200514 18 9760
12578260 19 6534
708901 88 5238
1894748 24 2151
60486 80 4643
7995451 89 6393
39026786 2 9708
2125641 38 5077
41 36 5987
9396509 24 6136
3067370 59 8622
1197612 6 3684
6098736 29 6898
1357518 15 7783
1476480 32 3392
13583 64 756
19711330 2 8247
2875711 7 8949
3216723 4 7824
161304 85 9214
10876209 49 4964
4899810 46 9716
2306365 69 6196
24875868 61 8278
9769593 73 8535
1160581 95 1910
338903 73 1612
45569 45 6721
109648 81 1893
1290877 4 2338
4442282 39 4331
8437031 16 7111
690035 16 7052
824662 74 2805
136821 16 1884
42606 20 1273
1485519 40 2569
1073674 100 2101
392930 3 2479
1676773 82 2096
9936948 97 4586
392653 60 1702
7846 33 5628
637958 93 7918
2824303 25 3530
2427 22 2155
10890513 11 5498
2749750 89 4371
31963604 51 9205
166305 29 2418
3362706 16 6572
1566618 7 2147
26851299 41 8550
10885413 70 5510
1823770 80 7954
499472 55 2683
3413419 79 2952
37841513 100 9675
12415009 70 8582
2055227 87 3064
3508586 41 5844
238243 81 722
17145814 32 6815
323135 43 1056
10154408 61 7829
2557302 20 6957
33983 58 735
1082187 3 4013
6650988 73 4223
6267260 42 6019
18551066 68 7773
5395996 77 3258
6072767 10 7932
28548803 89 9625
120542 70 7002
8233767 7 6880
8119612 75 6866
104756 62 1331
5068784 62 4202
821582 79 1769
24103741 96 8509
1820023 93 5060
22683958 72 9749
830537 37 6818
71820 78 382
2584597 33 6413
22550622 14 8532
16744060 46 7241
205844 11 3287
803 12 1633
131869 57 4720
1 27 850
9061659 4 5610
20383297 72 9463
501975 63 3299
7147203 56 4872
495294 55 3342
1943460 72 3482
424 89 989
550485 13 2051
12292892 17 8677
7596422 29 5550
157842 95 740
15871169 75 8126
3900988 38 5739
1258486 96 6272
4429166 96 9431
906158 37 2358
25766173 77 8495
156876 65 766
5452292 19 4194
4881648 100 4438
3443450 83 9196
109756 66 3113
5444021 10 4060
36436 30 6609
187313 46 2523
29069289 90 8007
6273388 31 5472
2760695 64 6060
222688 2 5459
41440147 59 9941
5329196 76 7556
46904 90 5327
470543 69 8339
3904 37 2409
4530300 25 4559
20990061 42 8716
10895514 87 6179
27663907 23 9508
379291 84 3954
4129 77 3326
1 93 130
50477 31 8027
65378 74 3199
4026110 7 5792
7066058 43 4210
7490500 44 4328
1107257 12 9649
15835145 47 7781
408325 16 1873
25758833 63 9063
11581 65 2652
1822160 58 9286
104539 88 1352
1543475 9 4417
547486 35 2001
4015801 43 6772
4105033 64 3699
167008 47 1118
6452380 63 6847
1811350 31 7094
301034 82 1199
4297526 46 7650
70826 77 1355
530157 28 1081
2878706 38 4470
19642 47 119
2568906 1 4335
223938 12 2453
4759632 66 3720
4892100 65 3948
502739 35 1062
2188476 97 5482
29751 91 344
880053 98 3086
472197 23 4521
21166950 94 9536
11969703 94 7809
15397889 2 7975
93781 74 607
68238 2 752
46178 30 2140
3125454 2 8631
363625 83 1235
6872736 70 4530
817739 67 3293
3333348 50 3161
3036659 25 7462
932665 32 1472
2905933 21 9129
18179661 31 8376
5823533 44 4743
436124 70 894
8141883 87 6468
97547 45 396
31775652 53 8548
1293870 96 2825
42235033 50 9474
868848 43 1397
9452851 76 8347
13944 36 226
2923445 95 8710
7845612 59 4533
16800 27 228
1289 87 849
1405 42 568
11485387 15 6443
8146852 47 4532
1136725 86 3515
11332964 79 4963
83676 59 689
195673 55 8181
7514076 19 9799
33603212 87 9006
13007949 24 9497
9745574 74 8370
2461859 61 4961
1740700 39 1876
43467 70 251
5948789 65 9993
1080000 71 2145
74686 32 3806
18680 42 8477
2508426 23 5803
42689529 95 9765
45755 22 7301
4094436 80 3721
376150 45 1288
66379 95 432
167457 34 1207
45792 27 6186
11238 35 433
375222 35 1705
1539031 41 6826
527493 84 2013
4874965 76 4858
7619135 47 6279
41383306 59 9354
652770 5 8594
1799331 6 2976
24125593 65 7266
178562 67 4804
2067248 56 2299
14939062 33 8662
11917164 78 9816
2438 99 201
7755487 19 4157
77015 15 835
25953488 91 8735
3270295 30 8112
1606170 96 2346
2112749 11 2937
960310 66 3105
3960448 81 5572
3451230 93 6830
10985537 86 8943
4956122 54 4167
11860068 80 5083
231997 41 1198
110225 17 786
6279123 20 9469
1941638 82 2273
1321385 84 2072
27174564 85 9980
29038 46 3115
13866392 86 9709
24104833 92 8166
77826 28 3474
1108051 15 7721
16210754 75 6008
1 88 7448
12301892 17 8148
3605470 38 4439
188334 27 2906
635154 34 5956
1778227 5 4654
19720836 13 7856
17388599 17 6850
960645 69 1315
23584435 2 7083
6565438 27 5313
47104 52 376
538063 99 1991
1087587 16 5250
11196393 84 8186
10099247 94 6844
82777 9 1982
3331039 47 2562
11877489 27 9771
13288 13 4966
767705 36 6425
22234 37 308
12304790 44 5366
9378073 57 6882
1862863 19 3841
457288 13 3310
19999198 90 6848
9105716 77 4747
4596182 44 7657
902248 19 3604
130 19 97
181469 96 2874
4720928 40 7363
102750 68 9792
6965967 56 9078
1912867 18 5856
5835482 14 6534
15867935 12 9198
41074409 55 9984
337998 24 2022
10108262 90 4739
20314220 73 6618
541106 98 4156
31022 83 5767
537030 80 2441
13817911 58 5683
16441491 96 6730
386867 35 4000
6942971 32 4620
1970938 3 3146
4683745 54 3003
214 12 929
75112 12 1262
185339 79 569
974455 18 2444
209479 43 4338
1045288 88 5683
117234 39 938
12004392 46 7284
4361235 89 5081
2539 55 4036
2224002 53 7916
37014057 66 8688
127778 61 1155
47798 38 228
413704 75 5894
63399 45 3560
126970 34 3729
1001050 93 6310
12170 59 675
7278 4 45
35399993 57 8958
10637139 76 8962
1499117 75 9195
55324 76 1215
6044279 64 4106
113548 14 9977
16777443 93 6141
2061268 59 6877
1134142 100 2505
2910590 91 8478
9727340 97 7239
532517 59 1825
72191 70 2034
114922 55 730
29746118 41 7906
9991007 48 6549
149362 66 1152
220543 6 1946
194464 21 1396
998771 54 1436
4288235 4 4152
909818 28 1969
3280542 22 3038
11034301 16 6514
11144992 80 9497
95339 12 1646
16045702 89 9634
43880 76 684
927603 73 4623
31320482 38 8271
83447 63 416
1331358 77 2127
40628293 37 9795
5085234 22 5885
4273656 77 4679
551448 56 2244
1408802 100 3379
10098422 78 7450
63913 9 5940
3262385 66 3224
305947 22 3107
31138749 71 7893
23179633 92 8212
144540 16 4496
1690830 27 6671
840227 64 1516
1094442 60 3506
64712 33 1705
4592542 71 8446
8512108 70 4702
19515521 24 7230
4697953 98 4382
5916184 22 4384
2744103 1 6767
34049621 86 9892
1599675 38 1829
2500964 39 4578
3140 47 555
18158626 53 9404
85425 51 8454
10060783 21 9118
14445562 46 5592
372538 36 4650
1 71 2618
4117258 29 7160
5630057 18 5949
22819285 95 7327
576585 43 4974
29663 23 8027
12780 32 335
12619100 74 5655
6620688 83 5531
8535639 54 5868
4878148 57 8821
6511730 37 3815
4294996 12 9793
2474123 50 5729
62950 7 1219
11979420 67 7541
1540 93 8834
203842 32 1129
18687959 24 7363
9735475 4 9356
164761 22 6285
1319632 62 3383
8118967 57 4043
3588446 90 9141
190248 22 664
4784918 51 6805
8109161 22 5246
1 98 233
1246476 86 2518
177753 82 7368
579697 37 3324
4978561 88 3357
88037 30 4024
1052441 94 4070
3119344 88 4443
459730 19 1636
404648 78 7376
4789638 76 3210
1 56 96
1 89 4611
8342244 74 4414
12639003 44 7647
380993 74 5928
13993814 62 6173
1771856 27 2918
96866 54 401
6467007 54 4173
161071 75 878
2453549 22 3556
7738488 65 4273
6273096 37 4573
8218363 72 6718
1728487 68 2744
393036 76 2590
2097959 29 4069
1 10 3280
2024791 73 4312
314930 75 3444
28324 74 3393
273268 95 2327
6259257 71 5804
6472562 90 5421
362452 19 5170
2846279 65 8508
14130516 69 6327
686694 63 2173
142780 99 4146
7804 33 1370
6894342 36 6544
7659556 82 7079
1000859 88 7013
1513755 25 6427
671400 35 5484
2750123 83 2772
25889 64 422
1961171 54 8248
3766304 34 8018
1455555 97 3954
4210 41 8953
1 80 261
611118 52 1105
93072 63 3176
430073 80 7222
105093 94 2632
76296 48 556
29523287 92 9364
9265705 15 4705
1880413 82 2082
23564956 65 9377
36261169 86 8856
9339830 87 4695
9508357 91 6488
388657 35 1483
62175 75 5349
19601807 34 9260
5496196 96 9569
87745 64 2022
4396244 82 6458
24523 86 1506
58602 78 6333
9885383 92 7099
1098473 75 3566
2797533 19 7562
3657406 49 6074
17534349 97 7187
47442 61 3881
998147 88 2874
11624949 11 6642
181123 100 730
1712 22 461
939185 19 2402
2990283 76 2584
18884337 18 6934
36614 94 8848
223588 15 2458
5008611 28 9268
54490 87 248
5379251 83 7146
3214712 62 4232
17785109 76 6256
28520168 77 9250
5057501 18 8896
1477682 90 2063
1115148 60 9357
481768 11 2475
1728584 58 3414
2955701 100 6219
4128564 68 4661
16291 31 6443
4905796 67 4904
1138315 39 2865
36474 48 352
5690673 31 7946
185692 31 1626
11715782 20 7181
112537 43 9141
19573 21 1578
5321 9 4545
1558567 13 9123
235338 52 2999
26881847 18 7520
152556 26 3094
1378 55 364
17431 5 9041
13317982 32 8851
18904076 86 7656
28780783 25 9214
3774296 16 3237
660860 10 2101
6793646 32 9904
2263886 75 7108
7878626 27 4529
66316 92 960
6851 90 561
44915076 96 9615
517275 36 8896
6068172 95 4263
659734 7 8068
3326189 56 4504
196563 14 7619
1666504 54 7005
56289 5 296
2483740 41 4424
2738756 35 6569
754822 16 8996
30927 20 1820
1567168 59 6327
112327 81 1831
16271685 82 7357
195109 85 629
3680 64 1402
1534524 14 8036
102921 68 674
4022337 72 4778
4090 43 4957
1049856 46 3559
10573901 81 9384
13160175 34 7980
521 23 107
46324 15 3344
3301322 23 5113
1426966 77 8959
10264195 83 4844
167326 17 8191
16500000 22 7797
2055467 46 4089
46133 96 4001
28628 94 8179
181136 56 1391
29073540 18 9547
11 28 52
443303 40 1124
1 23 4766
193461 41 5844
12882885 30 7481
2200813 11 9410
1583999 24 9545
3291460 26 5291
558226 27 4604
6817708 4 5894
6686079 2 6366
2737339 96 2985
361033 81 7489
2909765 26 5421
618370 68 2188
6685915 73 9952
372621 14 1004
1766820 58 2526
867 70 3748
12111109 11 9032
7767223 17 7031
131820 62 1363
1 85 619
299194 53 2054
889480 65 4380
13687628 77 6517
812933 57 1343
18868286 19 6252
204189 85 8465
19278240 75 6909
61887 83 2970
113112 28 432
1 53 993
644360 40 3485
308807 9 7117
30403514 65 7829
129859 25 770
4774647 26 5128
244043 76 5969
7748394 38 9082
4586139 34 7422
42881 49 207
732931 59 4083
63502 23 5978
628 6 270
1350825 43 5783
22697 100 6273
269544 69 819
56144 15 1155
16578027 22 6401
179934 45 6160
19601 85 3521
10352860 94 4716
4075805 19 3857
20553509 36 7388
6451877 7 6720
14075099 95 6809
6220076 31 5647
88455 53 4176
4345542 47 8369
8811160 11 8311
66249 22 369
3014683 82 8283
470680 99 3521
726475 38 1802
666960 66 1430
1794831 68 8421
26910119 43 8790
323295 79 2402
94426 49 363
17026149 17 9234
1508699 44 5579
245657 82 9634
795 61 624
15448 74 240
81312 83 781
940566 20 6818
65877 14 1095
7789648 57 6201
1208712 63 1610
111548 39 2534
2883419 65 4388
4244351 74 7511
23606 25 309
11201 100 609
1706477 44 2778
1155492 37 7689
14876071 31 9620
639699 25 2087
2943976 79 2908
6743832 69 9693
18500891 69 9938
2620556 60 8346
3835202 22 4933
312495 78 711
130140 8 636
3113558 95 7724
89122 40 4529
636156 44 1160
16112793 69 8774
8025133 39 6173
21848995 100 7051
307054 61 7034
274934 95 2628
8919202 94 5627
71074 51 1690
172769 38 613
1323434 43 1572
594266 7 9885
519635 39 9295
18863207 63 8813
2728880 80 3336
8261815 24 6014
8973774 71 7509
98366 65 4581
1054391 7 6049
110586 78 1007
90566 36 671
329826 71 808
319607 43 2573
176279 60 1893
9984707 36 6453
148843 94 522
1279703 65 1871
15235980 17 5615
14844581 69 6055
291109 27 754
40300 12 1021
6292187 97 7804
27168855 32 8118
17815 33 130
441 7 142
14709854 71 8288
10649 35 4628
897071 33 2072
32217 99 466
20317184 15 6873
254654 97 1697
203532 65 692
2267 85 872
1685842 82 7129
61317 22 8347
259081 19 1502
5402279 39 3555
984966 60 9142
6796690 66 4741
14389877 57 6018
23059230 1 8444
6566227 50 4501
7590930 82 5815
22332035 44 8790
3547227 42 3142
6357 33 211
4270788 58 9807
150757 9 2203
268556 86 1894
14738564 51 5826
182168 62 4240
8135497 2 4831
90470 63 3323
775439 35 7895
1087778 52 7409
20836 16 2421
58555 65 1568
4251321 92 5463
4983456 2 9820
1987015 57 2837
1653779 30 6099
3355831 20 3900
1016278 51 4972
180440 96 5841
3952486 11 6792
1647862 79 4969
22176142 58 7572
2775369 79 8571
20198313 82 6850
254721 91 2457
4094020 45 2771
26346 93 854
88299 45 937
241634 52 5235
67009 66 1378
35657 5 2009
24110 81 7767
2974896 18 5201
16047601 4 8847
783788 1 8116
8483607 74 4333
1652427 70 2605
4682398 17 6022
1148188 20 4129
2260005 22 8562
2266917 14 7780
261710 56 629
23550819 61 7443
30798 55 241
1436135 30 7733
6761716 55 7592
1331892 16 2246
3407227 91 3109
1 81 4691
786916 22 2582
784061 88 2629
923468 8 6110
205518 31 2087
9079630 78 6471
9847718 76 5310
12515 39 93
15717687 36 9190
9702 59 143
34590 96 2335
232385 90 592
29378966 23 8466
96855 59 3231
4250100 53 3690
753280 6 6812
6535776 53 5349
4448972 13 3944
3271688 13 5675
23977172 68 8602
821370 93 7644
4602531 69 8135
19147369 41 8893
16459 33 958
9582250 41 7507
13593536 5 6735
1804399 40 1884
24607918 60 7603
1192058 20 1959
26614931 90 7785
491554 43 2137
38319 51 1732
917740 82 9394
10496762 73 8107
1144190 93 4468
638341 86 1960
13179039 72 5348
17981261 58 5951
549110 85 1850
2766448 51 3335
1 47 8152
36695765 68 8782
143537 39 968
259401 52 2995
14099446 13 9226
288893 93 963
906272 12 8038
2012724 86 4034
10200845 11 9868
3304270 68 6827
1 23 1637
2210307 2 8483
28134685 15 7823
1570885 40 6208
2916355 41 5294
14842955 53 6238
22694035 14 6648
4676632 5 7705
4351705 6 8693
12362119 3 6782
3032996 73 4358
17483265 40 7406
10029032 89 5443
4020 16 130
1567689 73 3883
1230266 68 2121
15152816 42 7267
18718160 43 8278
2334537 32 3256
169555 9 5377
4339563 54 3345
29114867 35 9117
8106002 59 8062
7350163 14 9071
162281 87 602
19874250 19 9716
4507803 97 4680
116850 82 586
59832 38 385
25576937 100 7245
1423926 26 4972
1563951 51 2975
2983186 73 4633
10761286 91 7038
58385 60 4543
181128 37 1057
541945 86 3143
9444719 58 5036
1645752 47 4366
4162146 88 8174
1438017 15 4108
2405912 10 4239
777835 100 2019
9347002 7 5171
1947649 17 5548
335627 49 7200
1368335 14 8929
506302 47 1672
5478111 10 9568
4651068 18 7951
2074720 20 4550
405087 38 1616
13544036 32 5383
3361919 11 7101
16294830 78 7833
1073626 29 2417
140606 22 752
2355473 47 5390
342442 13 954
6336480 69 4145
774545 79 3559
34923268 67 9291
783171 98 7652
1666096 99 9008
782655 9 1380
10030009 21 5756
316509 16 2030
228299 27 1339
83671 86 843
1 25 7527
11005552 56 9210
226692 47 1301
3238675 35 2819
391371 82 3027
27510 82 293
31197163 50 9794
4222062 30 2988
69338 74 2178
94547 20 731
242860 9 9560
3535285 23 7337
1114323 78 2864
579437 38 1235
3230629 79 8697
252460 5 4721
7010442 3 8076
173539 39 1100
28935242 67 9113
1 88 171
18590065 94 6132
22903 62 598
1 96 4705
2069909 94 9571
2259381 53 2250
450191 65 2201
619843 95 4310
597 29 33
3930926 63 3129
305481 11 3663
2411513 95 7091
638294 81 3025
4151865 5 3604
6374 18 435
5510926 62 4426
1053405 73 5410
120543 41 1453
42535 30 4090
2629295 7 2856
1017364 55 5134
1748425 81 6173
5392014 19 9167
29248253 2 9872
16088952 99 7354
433650 4 3313
104008 57 4662
23522 93 163
112938 24 4743
12167923 65 7109
20994758 84 8077
11626409 78 7048
3669176 67 9480
10963300 59 7797
8249108 34 9223
10786094 51 6568
534900 35 6726
5769536 70 7234
43091473 39 9241
10590845 48 7000
18324381 27 9684
208586 69 4964
6486751 21 3605
136096 96 3423
12010487 4 6871
1166346 25 6548
290303 84 1134
1246899 29 2089
1637986 54 9101
5703732 87 9889
21544 92 1525
12083251 86 5278
40145 77 5565
2058920 45 7393
632556 62 2297
57053 90 386
39561265 61 9630
3585091 97 5603
20243164 51 7293
261842 76 2933
15924749 2 7578
951860 17 3353
537256 46 1822
47220240 69 9726
22251777 66 6617
9910486 72 9026
1909375 100 4041
2812918 24 3387
9034 86 7504
971074 85 3659
16774885 11 7958
24677389 21 7902
1786542 61 5692
24985943 84 8728
8922836 77 6329
432014 76 8587
12986053 22 7019
12682 5 451
7802564 92 5024
343304 37 3109
1199363 52 9318
280592 89 2343
4651 54 806
160580 23 1576
26550 99 1654
2139287 12 9326
1526571 41 4896
13613 50 3436
606892 86 1008
7478852 29 4359
22098849 89 9472
2402134 83 2972
104848 74 6797
576106 35 5403
19671570 76 7400
2704855 38 8215
10339567 12 4493
5006915 62 5016
1991004 50 4315
11379 29 2302
4587235 98 5051
7294 1 3114
254239 57 1893
228417 19 1637
96089 27 2825
39924 100 2758
40496283 34 9266
6395866 60 9651
2601687 66 3803
5283784 15 3915
12269062 71 7314
1580852 26 2870
23265 86 4951
133867 9 5203
20270015 88 7926
8354 12 116
1 84 463
11945 38 859
14 38 810
1377133 60 4396
263430 85 936
5451977 76 4669
2675483 53 8851
13727924 54 6060
8160359 45 4466
1967506 6 3117
8799 48 1970
373595 31 7240
22681042 54 8154
1201 33 5552
5883969 74 6651
823633 17 3049
9666022 28 6557
9402320 99 4305
8899520 31 8849
64771 52 824
1606604 6 1784
113589 4 2163
38152415 88 9147
550 7 36
725609 48 1215
9528975 95 4877
4463630 31 8860
44147490 77 9305
1542355 98 4002
9779881 50 5376
36035 55 2121
1004809 58 2848
1107898 28 3211
2802328 55 5866
9550060 36 5646
514796 97 8739
16428349 21 9333
848752 90 1589
1172971 88 3328
333595 74 4119
36737212 17 8873
55596 25 8446
4579378 25 3523
4339489 48 3994
7099970 82 4577
2709602 27 6298
49437 60 3666
2035371 43 2421
8315582 91 6610
9203297 3 4973
28971 26 212
596 28 731
771948 59 9698
10880 26 809
8281024 23 9398
320327 50 898
85018 28 2462
1946230 90 2163
6223965 29 5319
6761128 49 7467
889668 33 6840
4427 89 5830
10428 75 2359
1757025 94 1957
5437336 68 4356
900409 20 5446
16608203 62 7719
5940387 77 4816
3138846 99 4469
22084 77 7163
349845 66 3475
59055 6 261
1986750 31 8760
10261386 65 5389
42619 69 2333
220793 55 6192
4677751 44 3082
73676 40 2618
7113561 55 8371
27258236 40 8486
2054481 18 2071
551385 20 5774
1863154 83 5313
40 54 936
20924880 49 9421
1702093 30 2495
7006020 53 8775
116 15 109
202287 66 8736
37963 85 4559
3654985 4 4987
20146222 23 6679
2320783 20 5627
704226 73 2944
33277466 98 9821
21345 50 5816
1766524 49 3707
1158729 12 3747
12158740 61 7372
333134 41 1556
41230 80 3064
1930782 58 5888
1146282 7 2723
2962581 46 5141
2896603 13 9487
2325304 33 4868
1003134 29 5030
815625 93 3552
9860362 62 6007
6760278 54 5236
573584 73 4899
3452826 100 4565
481381 44 5380
1051563 95 1847
4755444 3 4841
2502136 82 5050
56301 58 9759
3218360 31 2977
285721 91 6038
6295670 30 8344
7135299 19 6762
277170 9 4687
1930133 76 7568
15867649 40 7641
802530 67 2003
237206 46 4456
7227654 15 3823
324815 20 4801
5231082 89 6624
7103565 67 7834
325137 1 7077
4864547 1 8790
3420761 88 8836
6842 100 2118
2837950 71 5388
174682 75 6216
3939718 63 4705
1262475 55 2348
10075 66 9519
19145674 68 9859
1670620 49 8984
25150262 20 9027
421664 32 4734
1826343 21 5938
24176742 94 7329
461533 90 1843
1 37 6906
6361689 33 4718
1065728 35 5813
2905325 38 8556
229645 75 4649
24888041 15 9407
476662 66 7031
4795572 65 6186
912381 12 2899
2435632 55 3551
1391846 35 3473
1070477 14 4498
333415 29 1462
1845972 74 5878
308659 85 1025
10369756 84 4491
921833 8 4115
4719533 94 7304
1616094 39 9773
12891582 37 8696
3265383 74 3582
3244248 87 4118
7378849 4 5803
1086554 73 6540
9529 80 1744
11087355 21 5337
4937 82 598
27384312 7 7771
3808260 69 5897
17210969 6 6489
15116783 81 6605
4551537 91 5712
175949 58 1354
23151 3 4458
1044375 80 5944
5790273 63 4863
1168828 25 8442
5610595 25 3282
1858934 20 5475
12147 34 1338
2238904 24 8242
11334351 58 5342
3028235 41 3947
34900 75 198
624459 27 2307
6973729 60 9864
17277502 62 8669
55887 64 454
27682895 94 9540
37869 34 203
851839 76 6129
6426988 9 8476
471211 61 1237
8862649 4 6317
903280 32 4614
1 93 2007
341366 83 9690
15851 50 2811
31236 98 1172
8418176 24 7914
8979074 65 7953
1170556 6 2614
77012 2 4673
22437469 87 7792
932 49 816
29725004 70 9258
22767178 15 8989
4336972 19 6995
2714410 45 2518
29931061 1 8544
118171 25 4704
20707 67 917
2358115 98 3209
5031007 13 3835
44832 82 2316
6449130 47 4366
4295107 3 2922
21591029 82 8632
2598470 16 6279
1547160 36 2156
1792756 32 8836
3339139 31 3733
12569051 25 8982
1303039 19 1669
172338 21 9040
418580 50 1575
169985 99 9998
334072 7 1821
2407016 91 5427
7065861 86 5686
36992735 48 8969
1 96 358
3450018 90 8621
37243 52 660
398829 8 2668
34155 14 2214
4595508 15 3024
11022 49 2845
590697 89 1468
851372 38 8284
1678847 8 2551
784136 85 5452
549745 51 1351
86350 44 7883
85267 91 1189
121448 65 1508
176444 17 9994
20154 70 199
8530 60 2505
1443839 56 1763
10013276 42 8126
57060 75 1651
5303464 92 5861
11656484 13 8557
30734 71 2835
44536 16 6877
11968331 29 7781
45559 32 401
200923 58 3119
98431 83 8877
192584 29 4503
620356 30 1134
6996356 11 3982
3933230 42 8522
333468 94 8275
14170118 43 6719
16551753 81 9415
1725504 34 9083
28725 18 988
27542114 79 9821
4928548 18 7903
16845315 67 9068
14362940 71 5329
798654 37 3231
1535887 24 3530
14624100 51 5576
611285 34 1545
9434724 47 6558
22438113 100 6903
563935 23 1181
102542 17 8652
2895675 13 2634
713384 93 3168
262260 42 2128
2450542 62 5634
1742099 58 4945
13382176 46 7489
15335740 11 7657
23228686 71 8574
190117 32 9582
262583 63 6553
20596275 12 9516
2745793 51 3212
190550 15 2768
1573441 15 6022
40591 64 773
3918563 23 7428
1 99 6660
3237526 30 9780
11730898 80 7741
1 25 1890
391037 43 848
6662701 47 8193
10478344 45 9566
1493130 35 4895
13883998 48 8818
1702850 76 9555
4490005 10 4153
17911 77 5330
686260 67 5525
75030 80 1750
18220730 90 8497
5859086 64 9856
5974084 12 5458
21982731 40 6713
8090313 93 8764
29236133 94 8336
88954 52 4790
2268150 53 8001
7148404 20 8799
4829278 37 3258
147 60 1684
131362 53 828
15812 44 528
590199 4 1298
3082640 5 2668
4302512 68 9371
401865 47 1469
8307187 31 8286
603557 84 2672
8806035 36 9292
5800049 81 6377
34249 81 6888
754501 99 3215
559574 3 1971
8042865 6 4138
4435295 25 4152
7241189 94 4800
11161859 78 8890
46859744 38 9754
318722 13 9281
2639017 63 6543
171360 76 586
20439710 66 9269
106043 43 1905
1802659 69 3307
11140697 16 8874
100920 39 1226
6014564 79 5407
9161060 53 6070
82493 91 813
188080 97 5469
1 41 6135
16884988 95 7862
191153 21 586
76701 90 350
8844223 25 9955
2428250 15 5354
29298514 92 9732
154910 13 3575
22143058 66 6794
15916 18 2947
888229 22 8048
20123925 2 7467
118197 77 6946
46850430 34 9946
243818 52 761
1311388 54 5326
1703415 75 2242
3438650 71 4626
257504 65 1263
15161 22 1122
13856639 77 9322
1943787 34 8151
32647 42 224
95983 29 2234
189655 86 1595
637085 8 1330
3525875 87 7520
412349 38 1182
437944 43 5570
20294308 27 8314
2464 44 475
72783 3 1134
8813236 99 9479
19414 84 192
236559 28 7390
612283 46 5787
22654070 24 7632
1581573 57 2557
42851 33 3716
13637037 82 8033
171306 95 3944
3777359 84 5212
10874 28 5046
149510 44 794
7409641 18 8415
1646 5 2643
5779347 21 4893
1395830 47 4076
10571463 49 5851
2169075 36 2007
6022 99 7528
736110 74 8293
9761092 46 7237
1437959 36 4106
36086 79 634
220583 94 2358
1 90 5074
30294088 16 8944
98943 19 642
2465252 99 5725
1 94 2796
7267722 70 7434
5631470 73 4266
24099131 26 9908
3873 34 1038
782969 49 1856
9773693 97 6513
18088132 21 7393
1199153 52 4253
16787512 39 8100
5552185 53 8803
542645 83 1811
40322 5 5383
2619367 24 2365
7883695 75 6615
568235 62 995
13942443 22 6734
6535117 73 3601
10448959 13 5119
1346561 27 9172
6108195 93 4824
4945241 76 6650
36376 43 245
5154472 32 4052
1848 8 149
15505694 78 7234
3310899 49 9176
24671711 46 7235
128766 65 2768
2045856 52 3825
175767 52 4472
11697211 34 5079
6873325 5 6282
17668491 28 6565
2785021 99 3008
6960108 90 5594
10432869 27 6311
4467200 83 4245
630232 100 2019
2128533 96 2072
344083 39 1136
10060950 94 6670
31721 44 3923
459633 65 4255
2739 91 844
214504 37 1221
162685 11 852
2923267 60 6446
3922300 92 6545
102481 21 2870
12075029 73 8462
46949752 67 9987
41910201 46 9371
923256 73 7452
127072 31 3395
2298374 23 4882
8634015 12 8625
184163 7 6681
604386 51 1532
30856904 73 8523
3703402 53 5907
1106695 77 1729
673221 66 9724
1776660 7 2555
383849 89 7997
4471268 15 7388
3102 72 450
29521473 7 8653
1907975 74 6811
3798502 42 4400
3885933 16 7171
1 92 306
14764468 29 9347
5569565 41 5938
1393825 16 2291
12172785 51 6016
8298 21 1222
1838433 39 3164
2601901 33 2209
889264 68 1889
2712541 28 4875
4090716 10 4551
10286341 14 9477
5175641 29 9193
130569 7 1646
344417 88 2723
5573441 7 7521
313980 47 3247
15455234 26 8554
3887584 90 3524
658501 25 6569
30340361 7 9565
39359737 69 9311
304454 34 3795
19036790 12 8994
5544714 58 3489
83111 29 9402
309114 35 2246
15973291 85 9291
6772736 45 4502
537182 13 5633
5862637 92 3762
115706 88 5870
3664751 56 3285
8168576 73 4275
55341 62 9996
12714 34 2119
7605443 47 5080
3670940 41 6628
1098 80 6148
67696 93 785
3670350 52 8670
426889 10 9307
6116759 58 4347
10351800 14 4927
12323575 43 8197
22196 92 4219
1882999 3 7408
499 89 1843
114960 94 6647
17317 39 5279
131904 77 3855
1639295 50 7623
4763047 58 5928
220051 24 8068
4355343 81 2962
1536089 2 4206
696497 45 3041
53643 94 361
54780 55 4460
760254 51 2487
4417582 52 3651
1 73 354
6823039 31 3720
16592332 71 6830
2937862 12 3159
738883 97 2142
569640 16 1593
31224 79 4939
1 55 3557
40038768 98 9706
1077705 90 2026
1760993 89 3437
7006748 36 4169
125221 18 3460
1 94 3801
99716 60 437
102614 16 775
43688 76 223
4711027 67 7118
426207 35 2198
6261874 54 7245
212168 34 1014
224320 63 3906
734058 62 4864
3359 18 87
17655107 79 8412
1204480 90 1738
16806563 65 6426
21421660 14 9341
13232715 55 5521
713058 85 6246
486700 3 2135
2177 84 3366
26050342 5 7732
5966157 83 3677
14081858 33 5647
1748763 4 4757
1295736 79 1976
212832 41 940
7977666 94 4671
1 80 1048
53023 24 1956
1965112 68 3040
37545180 6 9325
7575121 63 4253
7850645 60 4478
34054779 67 9835
503121 32 7124
2733195 29 7710
3447586 17 2911
1208 63 432
243241 8 990
147456 83 2161
654 69 632
319214 2 3507
24426 39 3702
384586 62 791
3252128 51 3381
3901757 83 6353
2123151 1 3226
288046 84 972
916143 46 7628
470707 10 901
614720 40 1877
4421557 46 3668
22117 41 2084
17908 46 210
1667267 18 3865
1585793 33 5177
294101 26 5751
1842011 87 4064
576557 13 4078
7030599 82 7553
9363 76 157
27308666 89 8270
22930240 69 9578
11664 52 7793
4771190 58 5124
12386536 26 7264
6666196 59 6484
5151 47 139
320295 100 5042
3187740 62 8936
6909693 11 8270
89756 20 1496
946013 2 1629
1011056 91 4070
6430531 76 9860
1340622 99 5780
57665 42 577
1143794 82 5220
363850 79 6192
11691 3 8649
2268150 6 8166
189118 72 1998
22269085 74 7994
10576989 63 5620
679628 94 6470
4975 93 1487
1617585 80 9843
3782498 86 8089
123890 89 1636
109957 42 2185
1712245 54 2571
785913 19 1413
569858 80 8647
3563673 37 2823
246106 52 3915
2685567 28 5404
26825707 98 9639
39478643 99 9758
41342 16 496
22653605 13 8839
180827 74 7549
1321339 49 1681
159982 64 739
4344060 31 6363
5217544 99 4647
33025754 95 9592
491625 62 2369
266645 6 1357
8685521 93 7213
6950225 89 5270
19440577 56 8110
1460393 24 5915
18489587 82 7639
17292 38 9945
1023522 76 1438
1689737 43 6854
4659909 21 6055
1305225 83 4366
259386 16 4586
2853782 60 4490
16151056 25 7512
22359644 76 6771
1 88 1534
4161424 49 3066
2017205 57 6372
2384571 37 4205
1550542 48 3899
1 36 694
11191854 22 7934
1079590 34 5106
1 68 2584
2338060 4 2859
9679 65 4929
80179 50 6787
19362088 82 9905
57888 88 1495
2635169 97 9470
1 54 7061
33908 92 559
8919747 28 4511
15681367 68 5834
32509 5 520
7995 41 595
34777337 70 9618
41391 39 270
1181612 67 3743
805422 96 1281
874403 30 6906
2612 47 3569
685999 22 2178
2438132 50 6371
1644846 29 3959
2949788 35 5177
2015490 14 2210
13132080 23 6186
3157118 69 6136
13129939 11 5818
4768200 91 6093
191103 17 673
101123 1 402
11513821 78 7648
682287 57 3616
2935030 48 3681
19244304 7 6771
1476502 52 9424
24481635 48 8600
7378045 30 8127
680834 11 5839
2293800 21 2659
1722032 60 4567
14911151 82 9261
1374530 100 2294
3011620 34 3378
3784822 60 8932
4032738 81 7508
328240 53 6041
12246695 4 4905
1579743 89 3086
24192 29 168
22455917 35 8779
706775 77 4040
104092 21 1884
3471830 74 5578
3851732 72 3869
9093247 19 6490
914458 72 1761
20116 49 3291
246 25 897
5672544 75 9307
17099905 36 8445
6541193 4 8912
235314 3 6328
1010571 61 3713
5392773 81 3196
9685244 19 5888
349559 10 1120
261098 37 7680
25990072 39 7562
913861 67 8438
11661743 93 5847
5323457 6 3682
2409859 39 2333
335412 25 807
20404095 67 9916
902404 5 9491
1000421 79 2381
25267069 46 9119
5449 3 96
1640 28 4279
3602252 50 4081
28880338 91 9193
2809698 58 3377
8696935 19 9909
314913 61 8814
576741 84 1339
740079 52 8521
2633517 37 2935
996242 61 6200
24741786 50 9967
1 66 532
1536818 28 3306
9598573 28 4848
5336612 38 9191
27364 37 2299
6928036 27 4259
3061553 58 8456
11516167 21 5245
6003515 6 3870
6698510 68 8707
18989528 50 8127
302 31 226
13850953 72 7650
8157010 16 9470
15339011 95 6149
28566326 67 7509
291790 68 2680
479236 93 4871
20762840 58 8070
1 93 2397
12173146 34 7244
9803597 61 5379
475506 61 4982
5326824 2 4037
10713056 69 8560
11511670 25 6073
8615994 83 7114
1919646 31 2793
14661239 23 9238
15079717 99 8112
298662 88 3957
961998 21 1360
3649943 54 3379
4649444 96 3272
408762 80 7983
10777907 18 8608
4696866 69 4279
1 57 129
6186601 35 7612
2008095 27 2257
167592 61 6923
3173364 94 4247
1807553 68 5761
847088 7 4554
13320267 39 7596
3589345 86 5608
2403048 9 9155
1200554 34 1565
8561686 1 5432
232240 92 8590
1721595 82 4499
817172 70 4232
317900 37 7970
12254365 81 6342
3643912 75 8850
1773814 7 4399
4063744 89 7485
4591740 94 4198
2713547 45 9203
29901 7 596
142298 30 5165
13076625 98 8144
55815 10 3458
783983 27 1704
5951107 31 5758
729703 46 1661
230651 11 7731
399589 34 1782
612762 88 2341
1153563 49 1578
10079328 19 5608
3047600 35 3609
4444901 56 5512
6929707 29 4273
403954 31 6122
4586155 90 6058
5541122 70 4856
8735215 22 6425
8289429 28 4007
7168 19 819
7686142 98 8276
6376144 99 3755
464518 71 1203
85356 66 9762
1 81 5188
42636 7 3873
3628132 96 3370
1088 21 1009
1579748 2 2471
202717 54 917
34602246 60 9125
6875 27 883
290008 3 1508
654492 66 9783
28236229 72 8190
1688342 83 3948
30743 11 260
1425021 2 2012
78831 15 3136
11751436 83 8682
71807 32 280
9527147 68 5739
3079698 86 8568
8430801 27 5757
7803290 30 6834
31068278 5 9681
186594 51 1292
28448696 39 7554
3480336 22 9697
122801 40 8676
3865562 13 4243
17173419 57 7853
621501 22 5988
4746318 13 4260
3763836 86 8776
4006891 22 5791
1883018 16 3318
3771143 77 4965
455917 79 3596
10897277 28 4971
33176 98 253
16656965 30 8856
8207268 43 5756
505419 42 1551
2406680 59 2539
5772839 69 3488
2533637 69 6955
5466 32 5222
135269 16 2221
459700 66 1408
569230 56 3607
12318535 94 8017
242346 37 1015
37397 66 6833
21236119 66 9848
10494989 17 5914
4295786 8 8380
86506 43 1008
28571191 46 9119
8718555 74 6632
12939 14 129
13180908 33 5246
280912 80 2158
1171465 83 2064
9932894 55 6421
3283033 20 3414
273144 19 1253
611426 73 2404
1534691 34 5116
50347 53 2346
2403951 34 3085
334245 19 881
193307 67 7563
7132466 7 4018
835462 5 1579
3974549 94 4113
691755 65 6042
2197838 15 3932
59078 27 3260
2597047 24 4973
105808 8 6515
14256323 2 6902
8536554 16 7955
21898781 17 9109
10810668 11 9827
5527820 50 8495
1109048 36 1519
1035931 58 9546
3635856 3 2692
10957 81 243
20533686 32 8539
1163985 83 9463
4554976 9 6019
3410187 86 9405
20151 92 2562
26525744 43 7974
7112194 42 4812
4979605 34 4091
5112860 91 3486
6824343 76 8102
359488 87 900
407854 46 7047
1018 1 803
4028461 25 5960
5459832 27 4734
300983 60 1322
3516702 34 3677
26852995 7 9107
2648175 81 9998
1103257 62 2962
10681845 76 4803
1 85 2121
4424532 78 8843
566 81 791
11868811 29 6962
2583102 42 6242
868698 84 1885
502448 16 2856
172810 19 3838
923107 44 8852
2969342 56 3804
1047537 62 8127
721513 27 1470
1851399 31 6651
70086 72 348
780804 93 5182
25267776 68 9301
16453684 15 6590
19023700 96 7413
341243 63 4914
44389 84 1466
2232210 30 3185
7569 71 1861
23237163 86 8889
54123 56 1429
16759705 14 9583
3354926 45 3978
269902 99 1540
4532106 30 8636
945598 98 6331
8540 29 38
46796 84 9397
83374 90 1348
6453817 57 5553
4062314 98 3582
1344926 6 1646
85078 25 678
17746438 38 7013
12092648 23 9156
9542416 77 8672
3666141 43 5566
7509 53 2477
2144357 86 3750
6066625 20 4492
14887175 4 5899
14741534 10 5549
9649847 82 6422
740660 41 4794
938153 21 1465
245544 23 2336
997158 11 1379
3089438 38 4926
59553 7 1297
1856967 25 6475
1399636 23 8898
27205692 81 9086
110380 22 1190
3780250 12 7421
932878 91 2656
4940977 41 4070
752888 91 1703
701654 32 7848
130802 7 1701
164066 55 1292
20063104 34 9745
212728 20 2527
28958177 45 8951
1311324 35 7937
817913 55 6571
507749 1 5033
673284 69 1205
25595 45 7120
11159 85 9655
7655724 59 6186
12577757 33 7556
18584644 86 6026
11598747 78 9862
11075395 46 8223
7885549 75 4783
12940915 91 5758
366280 32 1069
941960 52 2435
765244 26 2357
259922 52 4540
100715 68 2956
5786 97 536
1039 47 587
3374470 85 3962
1470074 96 9268
15569836 10 6432
1310220 58 8599
9370 25 75
505368 76 2516
60138 32 499
27527451 86 7993
114396 10 824
588154 70 5315
1775689 77 1876
8908894 33 7225
1702 56 179
9033101 26 4396
90699 4 2294
2370 40 4566
13502416 37 5920
1205916 100 9954
12391355 1 6686
7776 81 4135
657613 56 1304
195610 23 2414
378275 65 1787
5160643 32 7495
3828974 33 3634
367035 21 1507
8070411 78 4777
849537 54 1379
14227491 98 9216
696170 45 5093
6147822 63 8214
167848 48 1550
2881710 42 3791
9707009 35 5363
1 22 5433
750558 25 4706
1485360 73 2319
177052 85 5313
762108 26 2331
41147 38 7676
873744 97 8980
1 74 919
5758527 74 9744
11316840 29 4831
31143226 57 8028
4965743 48 8903
5362647 96 5878
5945 76 1498
17457801 27 9846
2485039 91 4997
1603588 54 4487
647898 23 6916
248991 47 6890
18097564 8 6596
1850508 81 3012
1182602 98 7577
6136916 34 4372
11701282 86 6972
137643 35 1077
579715 68 1906
10762336 87 5633
2666 72 345
5782138 23 4309
1856 7 629
5189281 15 9218
1714664 9 2739
23079208 5 7334
8429029 4 9162
590891 9 3245
925373 84 3004
402427 44 1064
13511880 14 8236
42104671 78 9457
306263 50 9832
15650 64 487
27087979 90 8259
2887784 70 9211
16982 23 388
849787 56 5492
45048 59 7791
853772 79 1993
26367184 70 9260
7442286 75 6234
769603 79 5311
770036 35 2135
178844 93 3551
14190437 96 9519
10755 6 186
4883104 45 6459
11858937 62 9533
10388076 97 9738
5942 68 1163
9921268 2 7320
8124134 40 4867
266636 84 1345
3148 71 706
23786772 18 7131
11343 6 1278
2522744 73 2498
409112 100 5320
1359826 45 1720
110137 87 8417
3020305 84 4671
2986752 21 2942
17387 27 785
3605634 7 4361
11195 75 2096
924496 71 1436
16309580 13 6096
283105 15 5846
20997965 82 8297
567578 97 977
1060501 76 9129
13736366 85 7381
9373276 31 5238
264005 25 5215
5789214 18 5048
709161 16 1733
13647 41 304
801865 45 5415
736625 26 3468
1105164 48 1750
31298 78 374
12949789 75 5680
280891 32 9479
23277682 21 7239
259293 87 3340
2021661 90 7398
2061194 29 8431
1837937 5 6963
347623 86 5139
7047088 37 9348
19020262 99 8422
2666021 13 2238
10745181 43 5975
588637 54 5385
143206 68 5753
1154 9 2151
15758871 34 6920
30200 51 224
3128 61 7641
6157044 38 3972
2938075 50 2529
9352453 77 5207
1156020 50 2187
4800034 68 3760
3499672 52 2996
148173 25 3049
76937 16 1850
7110466 82 3676
32130737 7 8263
18055 86 1579
3979225 3 2913
2334055 73 4911
1629997 48 2824
22385714 55 8667
3613116 92 9212
27380189 49 8894
3398066 74 6595
41953828 19 9834
4199314 31 5055
8637913 48 4534
4492413 86 3155
2031216 69 4164
1386522 29 3341
18095340 30 8054
2188992 64 8106
2437 4 6908
14886949 73 9357
6572893 27 7700
5133373 78 6308
144062 44 3223
16202430 48 5717
911985 80 2538
9552087 62 4507
5749399 9 4439
298722 44 5340
777956 31 2113
814206 57 1687
45061 3 662
21963221 6 9410
882035 82 2053
5005666 34 4655
2309085 71 7737
19201962 54 8331
206157 60 618
3117962 21 3803
5948491 39 5642
3473506 2 7058
1128 16 8382
1154585 19 3664
22493059 61 9046
135632 46 3051
560438 41 1139
333740 86 9102
1124443 46 1983
42491 74 1379
12762665 79 7425
3390433 47 7447
16110210 41 9118
35522911 84 8449
3106486 24 3035
1329865 22 8713
14902156 90 6713
7181453 12 6530
29285159 65 9168
4927 14 317
1 76 349
18461067 31 7701
1791514 69 2758
7441296 72 4512
9582826 65 6279
1 52 69
10939710 80 5629
172206 32 2188
3078529 77 4844
218118 39 1761
21108505 76 6746
2133361 43 9231
1042538 25 2706
2841773 60 9201
10598292 41 7219
519065 10 4748
978639 74 2335
1132606 6 8787
38300683 12 8720
8652965 90 8151
1 65 1508
5550264 93 4163
1584831 78 4654
2077 1 1739
16811735 69 7423
195978 87 991
2848105 77 3447
5117544 7 4501
65492 93 2405
26500 89 5463
865032 78 3215
10270 21 1382
6226827 95 9074
2450 77 9820
1567880 48 1683
1689162 22 6693
7729339 62 5328
623651 73 1474
9987486 64 8459
3414905 50 3180
2104 69 214
32372569 84 9194
7279983 42 9488
2820582 25 6613
1128765 11 4471
2198684 74 4154
227782 24 3436
16583930 13 7095
34208076 26 9774
1207861 49 1669
76248 58 3276
34978015 61 9195
27060884 52 9389
270759 18 1357
2307161 90 3332
1393591 83 5029
1534 99 4084
547328 10 1380
6553948 43 4901
17055879 23 5817
3217929 87 3893
32765720 92 9461
4781566 57 4986
4558 87 234
1898 54 2090
40237972 86 9665
1 11 46
27590751 32 8283
1186844 16 1762
313223 82 884
113410 46 393
12401621 47 5750
7078485 69 4018
820 63 1050
412246 34 962
4713068 37 8374
54908 58 593
2785068 50 5350
3677276 39 3487
16936430 60 6139
2546162 38 6563
4176872 11 5045
166649 28 4635
342020 97 7517
2426 18 4161
47231416 78 9829
5009434 28 3859
25678712 8 9915
64681 92 1443
2900073 77 3540
8786963 85 4604
29593383 36 8315
5715679 46 8199
801090 63 3439
13845044 61 6370
219407 37 3311
1277473 56 1886
19804779 87 6327
17933375 37 9179
863029 96 8912
599177 83 6149
13150421 25 6295
3545 98 2311
1439904 55 9772
23071948 99 9621
35955 84 1604
32029189 82 8057
772583 12 1612
16548768 92 7018
5829388 51 5186
1576767 54 6979
27655231 64 8780
595651 94 1236
1584253 44 4583
158198 29 4280
34302331 73 8788
13303037 41 7167
11727490 85 5278
34453709 66 8941
87459 97 515
10461979 39 7973
578966 83 3604
28235163 24 9343
559794 31 6432
18793770 32 6979
1724004 31 6408
600449 93 1081
1 92 234
861236 48 6651
6497374 8 4120
6630 15 26
15407453 8 8035
2917190 37 4645
940571 15 1636
1 86 1040
231875 92 1968
7793 8 4613
330604 94 966
11945861 42 5551
76011 96 1951
22334500 58 7801
4240460 1 4370
376044 57 1582
16245593 5 6180
117967 88 1787
12506764 50 9773
26344549 43 7980
1 97 801
1228129 53 5322
5071987 1 4579
2416469 32 9934
432921 49 1328
10130883 77 9087
159769 33 9375
2368092 18 4466
3478273 84 7608
562913 13 1912
6019 46 65
7687863 43 7956
1960066 22 4181
1 50 6850
129712 82 1990
1274683 61 9398
6394150 17 3982
73693 95 3309
8538563 79 5822
12283325 4 5113
203042 33 694
3464397 16 9556
5807 38 92
9625478 83 7319
2825736 97 9503
2469879 22 4025
6868 92 2617
9322833 46 6580
16239174 12 9593
1312539 51 3370
5324636 78 4679
27229 54 594
5125466 61 9470
1 57 4215
5011914 58 7414
2991465 73 2603
1671198 11 4253
1 69 2731
2999885 50 2428
8889 70 1620
6361395 24 8262
271144 29 781
971568 1 3170
278921 75 8058
40749 58 354
4842992 21 5501
6511 74 279
2136283 63 5983
431716 87 3149
114 8 8395
16094710 20 7299
238235 48 7953
1832467 46 9339
9472629 84 6335
191273 24 1885
900627 51 2786
798926 64 1361
61311 1 547
9425240 41 5503
7434100 33 6470
20575849 48 7480
33816 49 939
412281 26 6182
221569 84 4875
260304 47 8246
11088969 72 6737
10775166 82 5547
415875 58 4916
331426 77 3624
1160515 20 2629
1029414 70 7228
51194 70 1473
2110997 13 2868
1283261 61 8075
856327 75 3766
51292 83 8307
11697676 37 6513
400675 98 6727
13936089 73 9489
5930369 7 9943
3085075 23 7271
16430368 87 5924
10401689 38 6699
11227466 62 5873
120386 87 652
40194 67 5215
11396677 5 6892
3243537 92 9788
13195962 3 5490
4173308 20 3508
1 87 1573
414818 80 1329
44090 36 215
23124100 8 7475
13887650 80 9315
373528 3 1288
17273082 53 7773
5392302 93 9800
359386 31 1406
85413 33 2297
1 78 83
12889891 6 5779
115714 98 6503
2285471 24 4489
312393 52 4190
766555 46 8857
444609 37 2260
24984026 26 7582
565731 21 6169
403401 1 7816
6227981 94 4250
384858 7 8915
7316432 21 4088
7522581 93 8093
3165602 31 4779
4307355 54 6103
5951959 82 4562
1805307 49 2716
438874 74 1682
18281743 18 6595
471936 52 902
4745822 83 8087
36775 26 2738
1273756 65 4841
3787022 19 3256
25117866 88 7281
651462 32 5863
2673146 99 4738
749651 96 2269
944782 21 2753
33323434 98 9867
11894478 47 5786
903465 69 1748
2443397 37 4752
1502350 97 4380
649937 88 1673
5961 24 123
675 33 1041
39182 27 861
3340495 98 6261
6021395 6 4092
10332972 18 4952
118601 69 741
181195 36 915
39137 11 521
3288327 8 7714
453481 9 2500
1715527 8 6351
268153 22 1120
910688 9 5960
3010888 93 4127
327345 25 3903
3304957 66 2997
9245764 24 7793
15948 88 2505
1890426 34 4440
2460332 24 3181
149931 85 1635
64457 83 897
6166434 22 3488
1024685 11 6859
274481 35 2718
917768 91 4649
9981 8 3801
19828963 4 8006
926028 42 4657
1737937 91 2160
7432542 45 3826
343098 64 3344
124513 71 490
19167 3 643
820215 91 3097
2888153 23 2993
6920 43 241
712543 21 1463
1596476 62 1724
1476509 47 2110
510936 7 6233
33370 40 290
3592632 37 5701
58751 80 5420
7889347 1 4352
484780 64 1026
27611902 80 7557
53850 24 1078
5841215 88 8328
601207 50 1172
643 28 390
28370074 7 7894
6397559 17 5790
1778881 8 3997
110955 28 2405
10237317 8 5848
19157162 31 6320
8989635 26 9428
6684383 45 9729
20363226 62 9226
185974 92 583
11697 52 2043
5233409 82 7317
4240217 69 5968
30490 36 1744
9917637 87 7407
18233 67 3369
270248 15 7787
1898387 93 9250
4414540 11 3036
8785997 78 8181
2323794 30 5279
17272 85 116
5596799 46 5673
9471 63 113
7491927 98 7408
7224307 57 7024
176939 6 3321
977197 81 1992
9228165 96 8477
23049 98 2482
24290324 14 7344
8100544 96 4198
109231 63 2216
29998 66 631
2624167 30 7436
16454402 78 6266
9978488 6 6047
2455987 13 6349
504977 87 8670
1039293 13 5745
4758875 87 7945
108248 1 3842
9809 15 9542
3046602 4 8441
2081613 64 6198
15958482 95 8360
8372 57 6209
5899 36 323
522051 36 1442
3590 34 2544
12881667 95 8598
723659 28 1147
766657 73 4641
1106556 46 1417
10215116 96 5186
212909 21 6778
576647 67 3411
807013 29 1781
224876 25 1499
4085385 70 4424
3544352 67 5085
180946 98 771
11444 59 1712
4161995 41 5980
811863 65 7588
8482260 36 9621
22022383 22 8805
12986336 49 5839
1935870 80 6348
10004458 76 8714
56854 86 1446
5169029 49 5041
549108 41 2111
9065444 81 7228
2963752 95 7545
1521433 90 2794
6075794 61 3910
15062598 8 8365
12275454 32 6332
2231251 40 3630
5163943 36 7633
7242253 66 6209
18558772 15 8246
38352377 32 9466
11922358 82 9201
519298 39 6355
1019917 27 4959
447120 38 4499
653905 27 1265
6186041 50 8782
991677 54 3669
1229290 69 6222
7171809 22 9929
7512 70 7398
8701453 24 8897
1 54 108
4625 21 969
19154832 57 7256
27828 88 7187
20648 46 502
939 13 127
1112625 31 1535
1333856 10 2297
16853288 33 7976
23101042 51 7513
1716841 48 8653
5821424 34 8835
25985791 79 7806
7044455 88 4573
117468 79 1451
7307366 66 6297
4223672 4 7653
7048542 36 8404
7192788 84 5079
341259 92 3057
10392701 85 4549
3487599 72 7597
15981556 43 8553
440202 73 952
19612 52 581
816674 96 2993
212330 41 4810
47391030 11 9886
1606894 60 9191
118689 45 752
9483383 95 8643
1340690 88 2997
340240 16 1225
994863 7 5382
470835 81 928
1 52 5465
6340 72 996
33864756 80 8524
8229024 36 9592
5452022 51 9811
5604 68 1287
300696 6 3839
7846 94 7521
87962 11 1160
42659432 76 9380
3057362 40 7227
403997 41 6093
36971726 73 9560
559517 98 4411
3600750 1 2750
4957 16 9486
605072 56 1700
47089318 56 9748
1340813 73 1992
19928163 65 6224
1346567 52 1573
44747 11 2881
12146042 14 7353
17955873 58 8742
11502 52 110
188636 83 3270
10447099 6 4601
2826658 96 5420
5354921 93 8888
884135 28 3618
3399758 24 6426
56222 61 9766
222891 9 8416
10263548 61 9144
4849048 82 3291
72370 84 1069
16772835 8 8445
3653433 27 9693
10885850 72 4664
41710 36 3265
24132157 38 6881
1061541 56 8358
9073288 19 6144
20229 50 148
11375757 21 6502
4510940 25 4598
1493593 36 7304
71933 71 1561
2620745 88 4801
10100638 85 6291
84933 63 2557
444 76 7690
6650667 63 5733
3337911 60 4568
744511 22 5399
2627349 78 4493
211140 98 4542
83289 95 1551
232428 42 849
21129 1 107
1549981 40 1861
146742 39 1398
2471736 38 2281
153925 27 921
22975 81 395
212502 71 1192
2659967 57 3704
1 57 405
52387 5 2069
10665513 52 8640
17444083 4 8483
11570543 100 9542
712644 1 3394
22805902 21 7253
19859095 93 6745
1216020 7 3326
2224259 31 7770
4088300 91 4001
214994 54 4085
5769314 68 6990
211563 93 700
9968080 27 9045
6482530 19 4008
6433853 97 7222
42693 17 1807
15625361 56 9707
5864852 8 5690
2878 46 1438
20612526 8 9693
1 68 4606
2039053 96 9143
20524748 82 7194
5092 77 3189
1026623 1 3701
67123 49 632
16344 23 558
3851542 66 3031
10181843 91 4982
39018 67 1097
99826 15 883
133505 38 1332
14781000 93 6640
9959284 32 6931
2682069 89 2414
152595 80 472
20805102 38 8723
1540741 36 2554
1271644 39 6188
9917885 29 5816
5712186 77 3910
16053657 42 8748
6717292 4 4697
466998 84 8625
2623905 91 4072
5190173 46 9262
517141 27 952
147052 39 9147
251504 94 4935
648729 2 3427
1231911 72 5405
6128839 64 6017
3794287 14 3282
665053 74 1479
654948 89 3507
416357 95 1016
3082584 40 2846
11760616 36 9441
32054167 60 9521
644815 56 2235
912987 90 3772
1016801 44 1587
10273341 36 5904
1371888 8 2249
475719 14 6874
282304 10 2125
5281863 85 8771
1 66 1533
9200 90 241
5815339 46 5266
229260 80 585
157740 37 1598
146934 93 2615
211249 94 3684
233502 19 1246
10353 95 418
666828 75 9259
129154 58 2607
1237703 9 1573
5907759 61 9660
241827 40 616
251996 51 698
24922596 94 8308
570815 55 1691
1 63 151
4030622 8 6997
10289 58 6569
14548756 65 10000
221740 25 9731
14391331 62 6595
17703 51 4639
488479 20 1804
10230258 55 5977
410612 14 3810
1314346 66 5463
2442572 30 4608
5242307 46 3749
13966255 14 7633
17974074 25 9431
1733405 7 1987
13577742 29 6333
9869791 2 7194
39439302 29 9237
337881 8 5301
4043476 16 7613
627062 27 5921
21806305 62 8061
1483465 46 8066
6655953 93 3686
5781507 40 3892
663880 100 1958
994348 30 4550
1129604 11 6870
8624412 99 5643
7772 91 103
4263661 38 2948
15533 100 7752
582392 55 1067
10614109 84 4610
317092 9 4070
1 74 1657
25293633 72 8170
3054531 49 5248
15234712 93 8776
75927 45 474
9010 70 7957
45140793 59 9415
5424263 52 5712
380702 91 5680
15494 92 1607
640465 17 1931
812899 61 1683
4257732 66 7949
871474 8 1963
23723797 33 7423
4387784 42 4318
3981111 75 2975
12207 45 2041
11654358 81 5201
6378881 79 5794
29471664 2 8098
5780133 35 4674
24084329 62 7030
14418182 84 8546
1771 64 1650
73658 7 7457
2603019 70 7923
3632 97 180
3689296 18 4577
550000 94 7686
969649 38 6046
49535 76 1575
12416941 95 5892
2725570 83 7985
4914409 88 6249
289773 26 1412
2545106 25 5833
28848 63 9090
2465036 11 8536
45491 69 301
8864813 81 6715
1370656 89 6332
15754 3 156
346234 44 855
129261 37 5522
1497169 26 2688
314131 5 927
454265 57 1117
6327061 93 6847
5326 39 1333
1098 8 639
10586885 68 6876
1075595 15 2149
3416924 69 5775
2869278 24 7443
1 60 79
5802774 55 7706
11229 93 719
9965736 61 4653
31388076 70 8181
52747 52 803
1298 97 4190
193629 45 624
436580 53 9641
277598 96 2113
295549 32 4481
658453 53 1780
896809 70 2689
8899339 35 6496
13427931 50 7656
629217 85 1831
6569083 1 7026
76809 75 7747
1017502 10 1975
8596 15 226
1688967 38 4496
6721324 57 4028
15871610 70 9919
2315225 16 3356
120700 20 4305
7457514 9 6343
7806394 93 6011
4915463 24 6394
1846112 26 7270
1493578 72 8711
18487472 94 9181
2342884 53 4088
4170083 46 7760
5527864 98 3269
8800312 60 5267
2383080 79 3189
7990016 52 8824
2368 42 137
2555750 50 7809
543547 79 4552
361199 41 2641
641 44 486
11028 48 1486
7053651 75 7958
774218 81 4357
3499277 7 4834
4009636 99 6172
35261470 18 9976
6463931 54 4894
1368341 7 2977
1777263 45 2707
27658797 63 7907
2221773 85 8301
79484 13 1300
138981 93 4667
102225 48 934
6870798 33 8717
12860 75 1554
1721778 99 3835
21739047 54 7183
1386601 26 2290
13076 20 5951
737702 32 3057
11941416 5 7306
576450 35 1899
1002994 23 9278
26845662 66 9565
16024557 79 6388
19351631 52 6265
89692 69 819
30666012 26 8381
14433602 98 6430
1 65 281
2781570 79 8160
5044993 43 6247
707319 85 5815
1295798 8 6329
82438 19 3280
361529 84 4408
1576440 4 4108
164313 82 1805
10966739 52 7112
3105546 34 4821
827192 53 2295
3405046 84 3787
315334 77 794
12397038 70 4953
15555556 78 8274
6346756 87 4869
36779 55 1052
571310 20 2431
8194415 11 8401
37588998 99 9063
23260 76 1392
21477 29 657
6085761 70 9085
7776231 34 4521
832677 45 1899
2597530 88 2577
1197388 5 6996
1402803 82 4534
7761602 69 3936
7580205 97 4164
14361 82 106
26330 61 805
10061904 78 5139
42556871 51 9555
544405 49 2858
16130 19 7048
721314 29 4614
2120833 66 5710
3188152 29 2597
125360 4 5803
38080 37 442
359525 63 8353
239850 74 1097
25270975 43 7129
3328907 6 5141
6863417 55 4559
426316 23 8259
93116 88 7422
38858838 34 9464
1702931 94 8942
1970435 68 3792
28807942 39 8800
2276506 19 3708
259913 61 1201
1207172 72 2349
1608606 16 5249
2365448 9 4808
1984888 32 7210
27378 99 8093
42265933 66 9726
19770619 96 7581
1 96 1624
4701046 66 6011
4340729 30 7524
2031258 8 2346
1454333 25 7765
16938449 62 5826
934381 25 2402
967540 94 4086
112646 59 3287
8410525 71 8500
140458 3 758
8935 43 1153
1034246 84 5031
2844983 2 2836
6016476 52 8178
2508027 61 7141
2008276 10 7767
1 54 2479
2531699 8 5365
532573 99 3957
218126 63 1819
6014972 21 3755
5553 48 3387
147195 71 4111
2763056 54 6898
15044773 68 7452
10451 64 1709
1939937 76 6669
9475 88 4935
22375166 46 7873
1682574 48 1826
100227 21 961
2856679 49 6853
2380221 77 2374
155338 6 1197
20954131 14 8163
19462876 19 6597
427963 15 1575
6310 95 445
4524075 49 6027
8124227 17 7776
8214581 52 6149
100047 30 884
396113 27 2396
1645790 29 3434
77338 50 5197
623073 51 4859
105517 51 1417
37008 29 3614
1043258 3 5605
217158 61 861
203441 19 4760
19813866 86 8437
4716754 34 8908
555505 22 5044
134650 38 500
2505362 20 3475
5115470 16 4044
7241445 70 3884
8945353 5 5829
10539917 78 6233
4803498 56 6264
6571839 37 4937
9526873 40 6940
44788 96 962
8984890 83 4939
1810900 100 7933
3599045 68 9194
341767 1 1134
2425238 32 9101
540146 68 3015
1380584 74 2399
9278990 58 5811
1316304 12 6758
17325466 93 6632
397555 40 3387
85100 91 481
13289927 91 6915
14476197 53 6419
1712070 85 2750
3960047 91 5013
10129371 62 7912
3477546 48 3574
16432334 73 8944
1279455 92 4575
12307114 38 9438
91241 4 1865
145401 10 3895
4702587 58 8824
15249 8 6666
21974983 41 8766
7991833 63 6526
3231915 58 3133
1329067 85 4199
1037947 77 4951
10566878 31 5332
3814172 27 3026
234230 72 6999
1118753 95 7631
897223 96 5051
618203 3 2082
8996375 90 6514
1 25 168
6291687 30 9919
15736 81 431
917995 91 6268
7983320 35 4475
259734 21 3365
101342 15 924
4349511 54 4331
31919 41 449
8227 41 614
668761 1 7979
14223490 44 7165
87241 26 318
53256 34 484
2508 14 772
15466119 48 5825
4124173 16 7778
615240 31 3389
1874799 9 9653
367814 3 1817
1232174 47 7010
6120739 90 4618
705734 94 5811
30153967 69 9908
1756918 39 3701
103024 33 8482
478839 15 6544
11220 63 825
952359 14 3765
182003 20 3302
16605724 4 9480
12955951 79 9435
233039 18 1231
3463866 40 2981
37163564 99 8610
2185949 47 5083
1004099 30 2171
22796889 14 7689
3809106 85 4493
573467 86 5440
13366 87 2269
4138256 48 6375
337708 44 728
3662126 98 7090
511507 72 4005
2949672 68 3371
112753 24 8492
1991316 67 4661
6118161 96 9621
5198 9 2060
317076 75 6122
659093 89 1460
595650 30 1793
13584752 30 5636
530112 1 2950
7776855 11 8060
19915687 41 8712
3438310 59 6055
884978 4 2250
2195791 38 2653
1500815 25 2812
2321039 77 7430
42488927 82 9834
364441 44 8655
687980 95 1476
1659968 8 5092
3770324 60 7456
5297011 97 5735
2433171 50 3171
195964 75 2707
17947207 29 7516
1841913 43 4923
16751299 61 6767
33408083 19 8887
2484441 57 7949
19492005 13 7904
182006 70 4985
2801942 13 3717
23938 38 153
3960900 83 3594
11962 38 2745
1981002 44 1943
4959843 22 8414
47571144 4 9784
957076 48 7574
3201631 1 6731
40725247 17 9792
509500 52 6281
4888577 66 8788
14162756 53 8787
893095 25 7200
25468486 2 7943
9265 4 3803
6026 23 5227
20271850 57 7103
565190 86 2535
136571 76 2371
804882 39 4198
397617 91 1295
1 63 6153
22504492 14 7385
3110284 34 3669
6584117 68 5133
615196 51 3296
2060126 6 2089
18262409 85 8182
686784 30 6528
10566766 24 8111
602319 97 1809
5957129 44 9582
1677500 4 7037
11061 94 866
15369 86 375
7842562 17 8200
1651717 14 7556
1031916 15 5541
44464 55 5329
1360302 76 8237
1098148 14 4385
2118013 23 2658
1863027 63 1834
46277 47 1009
3054350 63 5766
19823980 98 6467
1 30 499
8000504 85 4559
11160498 34 8000
105155 44 1835
337442 3 9831
39099686 73 8780
5597984 30 6959
10583714 61 5173
4208143 50 8657
381943 12 2155
1 87 7203
3412938 33 3750
29288480 41 9739
57672 56 647
1439 22 568
426439 28 3864
3410573 15 6329
1 66 1911
80416 68 1059
4420197 22 3917
7705242 75 4296
494849 89 973
16281927 57 8453
35649 43 2745
21484332 95 8304
628723 77 4923
6263641 72 9297
1692160 27 3301
7700562 93 6234
446233 64 8542
17865879 34 9289
1022339 9 1990
2558249 61 8345
16527836 71 8184
10891967 13 6473
9284 41 1033
3481763 42 3878
3012091 58 8802
30799 17 1017
2949615 37 9121
6030274 86 8967
464242 54 1641
79767 12 2510
1 70 1641
12271856 7 5821
128197 60 5835
4591046 19 8965
1 92 4053
19459083 93 9568
6726391 90 8552
10172238 45 5067
4094006 15 7043
5113264 57 8378
1637 5 6695
20522447 10 9565
39257 46 4966
895277 20 8506
235 61 1276
252504 91 5544
1403505 20 3348
1851265 24 2287
1552387 45 6745
659551 96 1272
1521713 36 6903
40249794 80 9452
1587947 26 4358
672457 70 8399
19231280 55 6282
2290143 34 7544
19414181 19 9558
17869186 47 8792
18971 80 1090
3761076 49 7101
584010 47 997
17496517 84 9919
386961 21 4082
793589 60 9355
8054976 52 8108
12997090 41 5907
11336525 61 7830
8665394 44 4915
1942923 23 9421
27237921 10 8016
1 49 66
2 5 3584
19252739 89 6484
12056515 63 7506
20548875 53 9873
1343982 68 1874
16649647 57 5737
1150391 15 2247
847930 37 6006
2849014 20 2806
33967941 60 9546
1201475 59 1454
2364553 14 6756
128704 78 5207
5591261 75 3445
15499825 42 9798
3221525 4 4890
503377 64 1005
11835858 80 9656
6073935 30 3424
4324552 8 5170
530191 51 2347
11164474 22 9830
826071 61 2642
28421232 36 8131
270454 15 9834
877741 39 2959
1883648 5 4638
67833 24 648
2053480 16 2738
2219526 15 8451
3691923 56 3305
598365 9 1227
787602 76 2928
1 90 2006
19864889 57 6939
38506 72 2103
636524 43 1560
14692 29 264
565937 72 1635
669714 66 1632
7937 7 394
1366272 7 9210
3785646 71 4382
17708907 36 9317
1537036 13 2128
21117657 27 9149
7147459 50 9823
8142820 54 4648
33037056 93 8283
22537439 3 8298
8461447 56 4068
13222484 95 5251
428840 55 2767
2035682 61 3731
29539465 38 8789
2994729 62 5338
138383 27 544
8087932 25 4614
2152639 74 3385
4370 1 481
965 78 1005
1900970 16 8774
13393 46 3942
312694 58 9255
11105992 22 6969
10831384 57 5008
2586096 1 6462
523152 94 8059
8815 5 206
1795745 13 5131
3757441 44 8365
3878738 63 2768
31778147 56 9891
14981603 75 7402
456133 69 4547
336096 74 3156
4457711 16 6890
1320 69 556
3819759 10 4446
12248919 53 6871
242098 11 6139
375136 49 1504
2112597 73 7220
6978 97 456
176127 49 5714
285 5 1069
1385159 31 2609
19960120 18 7884
150717 50 3186
286395 69 4152
36170 25 253
602158 31 6072
5633898 84 6848
1177006 57 2876
3765455 19 7811
8807301 82 8266
712463 25 4302
1252191 55 6889
83949 16 1034
979193 85 3610
11772645 56 8460
2760472 64 2936
165380 64 6562
17776881 63 7660
24699 29 9412
1166496 7 6055
25674467 30 8761
32555 44 3666
4979135 48 5842
596598 72 3681
4089 33 296
2760978 66 6860
32125510 40 9455
632346 57 1406
14639 68 157
174269 48 1271
63312 30 1125
2614 4 47
58529 26 425
12651099 30 6267
10769565 55 6159
20208227 69 7663
3200587 34 9271
287637 97 752
524772 88 1341
3674977 79 3971
2393351 32 3726
6159292 91 9245
14484230 14 5840
1312786 97 5819
14665660 12 6825
8838170 50 4706
13074 30 724
11145221 98 6194
2484917 55 2849
12378610 97 7163
18327982 56 6867
918495 11 5468
3166607 61 4175
9016169 47 5391
733145 45 3055
4761150 9 3177
15899744 53 8854
14470351 10 5586
2716630 12 3111
2810067 61 4350
2408658 1 7034
23662539 82 8829
18565778 84 8467
29144374 12 8055
1 18 86
175285 50 9547
28570784 12 9864
3690262 56 5450
283201 62 2035
1240583 84 3965
57914 27 737
120724 84 2819
5842316 4 7245
1026969 21 5419
792 79 1244
15537199 58 8472
5932 81 131
111867 71 1936
3109 60 187
647070 91 2617
21671816 4 7419
2552095 35 2821
11179085 71 9460
29494004 64 7700
26527112 76 8821
28236 77 349
307863 42 2689
5539725 17 8295
36533904 94 8611
33557342 55 9960
80984 8 452
89123 37 1217
500076 24 4661
19551703 59 8752
3243196 41 5183
2724448 88 4648
6223940 1 3747
4307306 10 7459
377534 16 5969
6158049 22 8634
84316 90 1086
255730 6 1167
7453275 11 7255
1128 2 5534
19325222 46 8905
1096699 16 2336
2227459 61 3244
3711862 66 3408
669467 87 4694
8196883 78 8472
8855296 91 4250
358839 77 1793
1913756 43 2836
4678105 82 6811
37137 61 4770
2392455 10 9899
709758 43 6797
8443124 77 6192
6754983 24 6615
3515711 4 8030
1120492 77 3839
3852725 41 6161
65351 48 497
38533 40 466
301195 20 1181
1310295 29 9709
71480 39 2740
21801859 31 8046
1367543 18 1853
3792597 81 2879
246728 27 1204
3747192 10 6470
431306 81 4930
3482923 70 4060
546987 67 1568
720540 5 4181
11752047 73 7731
13793 64 583
24175990 54 8086
1186684 71 1887
83367 29 589
33772582 67 9538
29168 33 200
4630 25 6725
1455785 31 7794
2393785 59 2270
3847820 47 5307
1 74 1897
129791 36 1070
14870126 91 9503
15414084 78 6297
1865474 82 2119
3880556 56 3355
17551 61 1599
2550396 6 2827
38970 12 9852
6061797 12 3554
5005951 62 6752
10595040 5 9661
19726695 29 8363
741952 4 1265
6602729 86 4635
9283822 30 5648
33213567 58 9915
60599 13 2785
355095 29 2366
105818 86 4563
9484173 71 6399
2039597 3 7457
2619133 72 3561
21026966 25 7940
4072 93 8112
33547 23 163
12683910 88 7970
47729 52 283
1511 31 6799
1596124 61 9315
104861 4 838
2777660 8 2759
9053231 94 5238
409 32 6284
15032099 25 7945
1154630 78 5526
12477310 98 9634
22686301 31 7002
301457 98 8346
426 69 2255
424090 4 4560
312963 44 735
13269190 52 5076
11939236 23 7246
4893345 11 8662
9390458 33 4824
1086552 82 6864
2221517 100 3934
84043 13 2892
274079 42 1644
2583696 85 5335
3103127 71 4378
749499 55 2388
2096851 89 6232
102985 52 981
27941 19 508
1436564 87 7617
190995 73 898
528594 66 7817
943185 78 3787
14690439 53 8366
6549494 52 6784
6155175 17 4616
21237978 85 7445
2190246 65 4034
1252181 97 6777
104867 69 959
1005555 48 2367
318468 16 3219
3446563 37 8194
6794877 94 4918
1565316 17 3210
10549 60 224
1927797 42 5938
20605878 54 7901
2774485 14 5679
6394567 29 6147
28607687 63 8862
8382440 70 9580
2790995 17 4616
6943511 33 8291
5717 64 126
2311811 70 7810
1929260 83 6018
10270992 23 5328
1321565 16 3569
7787669 67 4859
29560852 63 7829
2589761 86 6079
1085987 8 4608
27120086 85 9906
1884089 59 5243
353315 87 6749
2028237 1 5356
375735 90 3268
2389669 18 5371
1636836 41 2376
6732805 49 4304
3420300 1 7325
11044720 37 8646
8784609 27 9696
338121 87 1072
81205 78 5769
21764398 77 9860
1094629 70 5388
8221196 85 8036
39689 91 9289
29305 26 4719
524112 61 5810
1690570 47 6312
94002 28 376
418032 67 945
83555 67 6215
2033433 84 2084
14718832 2 6218
990394 56 8771
4564346 69 6681
8790374 52 9285
2232189 53 2714
1407762 62 6378
11358050 52 5682
14716064 16 7627
2006539 85 3252
16303585 17 7767
69924 64 1659
2081294 90 7000
5421671 57 8821
2313753 98 3402
10129 6 630
2311237 16 3899
66738 54 397
27456879 86 7807
35 5 6290
793510 93 5110
20047727 26 6933
730559 50 1264
16136668 91 8957
12795345 72 8965
13227453 85 8523
2914815 7 3004
25986894 38 9198
429863 59 6598
1355731 27 3430
27157001 30 9738
207032 12 2348
1041222 47 9875
473528 50 1135
15930940 100 8724
7709226 86 6266
815731 58 4586
11939232 50 5821
3353835 47 4842
5290793 91 7034
160490 62 4075
20366830 8 7838
489335 63 1938
7728844 90 8207
15044439 41 5902
13695233 73 5189
6422902 11 6407
67268 1 5426
749017 65 3575
1 79 192
708733 41 2714
256158 29 997
1988430 8 7507
1791603 82 2867
15790 60 315
232076 9 1962
8085741 98 4711
1043843 6 7902
6585460 85 8112
7776 60 2873
3593025 61 5219
111143 29 1841
20983592 15 7393
3440 95 1460
890080 66 4611
6601875 79 7729
15987461 77 6515
4165726 61 3318
15995 5 2431
5045963 30 5536
43129 39 1454
1094222 28 6241
193693 1 719
37494705 55 9558
11194108 73 6822
428663 42 7653
1683178 64 7535
4442632 80 5201
6798278 69 4242
1082930 71 7923
230 8 2179
17835404 35 5997
8300553 24 9232
621033 26 1179
119062 64 1117
37485 44 237
375546 13 796
1530905 97 3224
144 35 159
285483 89 1181
965925 93 2233
3481753 27 8719
8509775 82 6302
209351 4 5631
7168 56 4791
1079146 100 2354
4849968 54 3668
178757 51 3398
11694378 25 7341
11178389 7 7249
38499 99 6712
503907 61 3158
5368008 91 4080
184787 68 7035
4322270 72 8189
1668476 92 4723
985157 43 4509
16515867 67 8834
157623 67 1366
57967 89 545
120441 70 4203
48846 97 388
100894 12 1456
23281112 40 7230
392060 21 4197
297920 36 1766
1192797 57 2660
7371075 42 8379
1583450 9 6720
7149827 52 9723
214026 94 4057
7193426 32 8523
3057869 6 3216
333 93 2939
5993809 21 5336
6430573 47 7536
1077584 92 2567
8011826 93 7786
10153910 92 5777
6482678 14 9007
15146 33 4349
1036470 22 3931
4708949 72 4045
1000537 52 1813
28008 12 450
98398 44 1765
9476520 31 4371
18861728 88 9112
8883385 65 6078
32092884 43 8757
1542689 38 8682
49448 27 5319
459836 18 7789
9568727 67 9636
12665992 52 8317
2099318 60 3256
157545 59 683
429100 65 4029
23637 30 8578
47117 72 9946
258452 78 7133
1101049 30 7718
1753099 3 2062
1822507 1 5693
20441367 76 7691
10227276 92 9316
6165476 44 8775
3839 45 7914
1863572 34 3161
925066 86 2480
10386717 34 6380
8689972 92 5219
7352596 54 8464
9013166 59 5310
3061960 2 5783
649298 76 2661
27830056 40 8251
30189879 47 8604
10239 15 63
5098070 71 5801
12565226 68 6968
5456496 94 9482
730139 42 5554
13077631 62 8142
17829 12 7688
355931 14 1168
104432 86 1330
9075932 16 8973
1 56 218
26264962 75 8242
6972935 23 9169
189670 67 8679
971317 49 5521
2362197 93 2325
5734706 100 5969
23085410 94 6928
3661994 39 6144
3295840 73 3640
4002165 70 4537
12833254 20 6018
10882 34 1263
45487 76 2904
211964 95 2900
41845444 91 9647
1277506 6 2790
1944866 45 6435
1 82 7791
2983957 29 4521
3053709 62 4966
2381442 37 6735
10995387 57 7073
17623 91 5450
38055371 32 9179
8763843 48 5830
9284803 86 5852
2067584 88 6433
8018771 24 6494
6679732 85 5012
18220062 32 8858
1370544 78 1973
37351 43 3441
3379906 47 4453
1055363 60 8969
47656231 74 9949
39262 73 1094
18549893 36 6326
4173754 93 4392
38584421 98 9171
8651641 77 8276
18917014 40 6522
1 98 5205
284819 26 6750
193794 54 5657
437580 13 2392
7891185 93 8600
5693741 3 6242
608810 7 9897
31672 8 1016
176998 45 3237
27421 43 7533
146211 65 933
11031882 46 7890
1332418 52 4729
55016 10 7445
10325089 94 6822
1058423 16 1821
1654067 29 4816
145265 97 858
15478159 51 6623
21512259 35 9751
1712426 97 2163
18157726 57 9518
23265302 47 7895
20923 64 6293
1 84 830
437961 100 1319
1381910 80 9013
12731339 40 7195
1 53 694
3851 12 4403
25667925 95 9914
39855494 31 9940
2834515 80 7252
420764 26 7128
195800 36 778
7254629 90 4945
6859501 26 7173
1293004 45 9737
1095497 42 1698
1646410 54 3463
3697080 34 4001
2237682 39 3686
409553 12 4632
919375 56 6966
97240 100 4849
11397980 48 7763
10794246 30 6924
1040617 65 1926
1542371 19 4574
2532720 38 4841
314219 26 3697
633804 61 1288
1160764 53 4439
6080077 27 6961
24163624 41 7429
201732 36 2050
10147 29 3791
9085958 87 7203
11141992 5 6400
23718645 12 9395
2737083 39 4397
49154 11 452
30575 95 1767
176306 48 3268
1 37 939
35438 71 2136
19535152 4 8562
31830 59 331
1445502 41 8788
26349024 4 8873
3873044 2 5842
6396932 33 6660
104225 26 1459
22564 46 1569
764534 82 6613
1 76 162
2028726 20 3509
415212 34 1932
1541952 34 3214
22670 86 685
3798553 18 4621
2345510 32 2526
1 63 757
15491700 11 6294
116895 63 437
19184559 17 9706
2602420 64 3105
16756602 4 7411
2246094 66 4526
20202 65 2534
3074175 38 3325
1432716 38 6521
86132 79 739
364562 87 802
27177256 53 9178
513545 62 3235
1446414 14 2633
1483758 4 4871
192357 75 903
2795202 43 2814
3395378 95 4554
296802 75 7798
36255 58 5142
168752 27 3986
23938241 92 9240
5835808 49 3893
3282879 9 3427
59252 42 4091
8001369 49 6250
13324974 99 6178
938645 60 3425
14583287 72 9424
6284626 69 6429
97326 82 868
1227859 95 4017
18442 95 2172
12829637 19 8748
891465 50 1960
517094 34 1313
1259583 19 3934
1581886 72 4859
8552473 41 6264
998338 7 1725
82027 2 1346
155739 34 1297
673641 72 2722
7572521 15 6090
18902375 11 6172
173972 54 2293
4726326 74 7102
2094 30 165
8723261 50 6045
31591391 60 9569
4345145 36 6119
13854257 53 7740
32141 68 1469
3160045 32 3878
750037 52 6198
19657 23 2084
16097124 63 7499
9159196 4 7869
6876844 77 5485
25138 42 837
1223793 86 4494
4948266 46 9821
6573074 49 5742
356878 77 3356
2706378 19 8033
748697 79 3514
1191993 6 4283
30976217 24 9822
17517067 88 7797
8689179 42 7739
13491600 20 5958
302503 38 2414
9749975 53 4488
11923294 42 5365
5485940 28 3305
15858749 13 7671
9549740 21 4620
3478 26 8413
19510859 45 9913
2131879 3 3147
14959032 32 8859
30680 7 751
39272 6 3068
4358611 86 5251
11866 66 7091
11052825 5 5029
223408 37 1438
16501 35 613
2846418 22 4451
1880465 22 2429
21955565 27 7029
1 58 478
11999735 89 9677
314453 42 4864
138713 87 726
14950790 22 5482
7103668 93 4829
499497 92 2559
39401 65 316
6299169 74 4972
5044230 54 9608
1226551 28 9531
219711 34 8767
10812236 38 6703
10948865 81 9558
480771 88 1387
7329901 23 5356
31510000 73 9182
5701418 95 6697
29523 1 302
11167412 11 6003
516641 82 942
11738419 28 5903
196696 38 1344
49842 16 465
1814730 95 2104
6881111 44 3668
166630 79 4973
1704556 39 3308
6834540 81 6306
709114 98 1213
2529896 52 4256
10762173 93 7116
49818 9 1230
22575152 62 7456
4340717 40 8309
1028615 78 1533
233394 49 3855
4067560 46 4389
31231311 99 9884
1457629 16 3211
29426 97 2481
2279461 5 7952
2505452 68 2564
2341709 31 6709
2155951 1 9142
33729648 43 8353
743824 90 3595
11091271 77 7511
120119 91 816
8010118 83 4448
4621155 35 3925
13970262 69 6218
11292153 93 8770
1185924 15 2877
35536900 63 9656
5094 24 5298
22878357 51 7957
908386 79 6141
1010391 89 1632
754979 74 2433
827318 38 3043
1 80 4705
2059 11 7977
2056810 91 8413
1813704 12 3125
18729405 27 6764
4348302 40 8423
4487448 64 5745
245849 34 4281
589631 25 5672
46734302 38 9609
67986 22 784
45171 89 8928
23799414 27 9242
16950826 85 7410
5498067 46 3718
9421846 76 5894
11128360 48 6259
3808716 1 7868
161963 7 3404
30590806 5 8932
1 91 2834
7516281 23 4067
2066314 81 5890
25208 49 160
94763 19 3608
14185607 71 9350
10470502 40 8162
679442 2 3198
85866 10 2507
300864 13 3679
15313018 19 7969
12485699 23 6329
14307557 38 8266
46332572 20 9858
342563 5 6193
502049 81 1208
37531332 88 8607
2194983 60 3218
983566 23 1801
3178338 60 2674
430597 9 8566
84047 88 4559
8920766 81 4214
23297471 92 7082
1258405 47 3048
542990 58 1982
31807150 99 9595
2867880 96 8437
72730 41 1339
214387 84 761
2075741 10 6922
15154096 58 8014
1 60 164
147757 10 3444
147063 14 7613
4377597 22 8409
21202215 73 9301
10888 91 902
10970883 28 8490
5339722 85 7669
10447906 36 5718
18589958 37 9295
9910959 27 7004
8523023 50 7702
798454 37 1238
323874 9 1493
2620416 78 8150
95855 64 814
1195361 32 4737
6029551 1 8264
11196513 24 8247
444982 57 925
95005 65 2062
796778 50 5868
8587170 12 5212
176201 76 4972
181400 32 3310
22145 46 157
1391022 64 1920
88513 25 4462
3549112 85 4632
590043 56 1079
12755 41 8050
528612 12 1526
4248286 26 2867
6818401 47 6387
4263443 94 7957
1876794 74 7232
1193206 1 9739
18572554 64 8526
1291627 47 9623
5409433 82 3548
34473930 81 9896
448642 67 9787
156130 2 2889
7903 21 859
4360385 89 8478
7750663 88 4697
6207231 68 4238
2266831 33 8907
451314 1 6332
4938047 47 5537
5713967 5 3564
806987 78 3054
1141797 73 7787
22865 2 591
690316 44 6680
8768020 5 4614
14233128 90 5751
2761711 64 7185
49447 47 463
4193190 100 3472
30898523 44 9557
10128251 95 7723
9963046 75 6453
26663056 17 9831
5648342 81 6508
16808719 94 6873
5320652 9 5879
56298 38 400
18058874 2 7123
1 52 430
9089069 82 5906
4885430 7 3645
28335375 21 7575
10628064 46 8390
5710082 62 3339
28783963 66 9285
1407687 27 2002
5253240 36 4654
3786584 75 8610
188956 12 1273
682354 85 4730
2015177 52 3727
30245 35 1705
79087 31 3159
4296731 28 7819
98518 1 887
2688452 65 2466
116103 59 1219
451698 37 2379
2276804 7 3012
12619 96 146
5244578 74 3466
7506545 18 4161
1461923 12 2010
417067 93 1707
24506016 14 7601
39861907 6 9747
74641 94 5504
12333604 85 7274
12666420 20 6123
21287763 70 9651
3798330 61 3991
4233921 55 3106
1 69 163
2071321 44 2269
172358 29 1078
732180 42 1464
1234816 54 3150
1454424 66 3324
1611507 65 9053
4528200 1 8302
1028094 64 5122
75021 68 6998
753277 80 2687
5565436 58 3744
3176404 59 4891
1584085 54 3948
568448 23 3276
792019 51 2431
15952184 37 6891
219 79 1153
1282796 40 7483
11917697 83 6991
735381 7 1466
17244 82 431
575631 70 1538
31870064 48 9581
34069216 14 9776
5698497 80 7755
1278095 63 5107
19934074 74 9187
3307 1 108
32187877 98 8359
337245 96 4223
5342337 5 3549
1 67 1673
4131 13 39
17072881 81 8444
14902602 48 5792
1724518 33 5704
307973 4 834
2235779 3 4691
6553570 61 4251
1581514 73 2760
112094 34 565
10638252 53 9599
811839 83 7355
30750 5 404
3415829 22 6263
914969 60 4178
12890168 59 5570
1955820 92 8743
31756810 86 8674
86184 64 424
549244 50 5690
20250209 99 8821
332521 18 7404
78121 80 670
53157 59 2777
2651517 15 2448
10748 34 166
12706397 77 5759
359428 99 1987
2294556 72 4388
681631 38 2928
4949 36 981
1 83 702
17306972 22 9006
4940936 40 3262
11279 31 6283
1106162 51 4916
66901 99 331
2224727 31 4798
11132857 84 7765
1367740 83 2721
328013 18 4425
201118 63 4557
36542432 99 9437
25071321 88 9913
13225 4 173
3810359 10 5850
5068649 32 5117
3267450 29 3616
1188559 59 2421
38427 36 2355
156566 86 7655
1521110 85 2049
40375935 21 9795
32889411 75 9232
454808 17 3812
3927385 96 4963
158779 84 5279
17461084 74 7726
27205981 19 9240
2909275 87 2437
1533846 83 8121
1347496 2 2883
1448236 77 8979
30306681 22 9224
10190153 64 8531
2598298 69 3242
10742905 34 9546
39608 43 605
5467183 62 8859
9090906 91 7639
18839781 50 7929
9010 73 113
9816899 57 7967
22250 24 262
3685264 30 5542
861330 48 1647
1227724 52 6127
271976 55 8558
21664893 54 7342
390132 27 3813
4774030 29 3868
173009 78 756
34012 23 7145
297131 33 8187
665430 6 7749
5800918 14 6275
9241404 85 9676
23601 25 7426
5667188 30 4354
13008 98 1883
46261 13 219
1975137 100 3366
2802726 24 5871
492212 60 5214
1021522 19 2128
4597836 20 8139
16838504 51 6320
425521 20 4159
566316 71 2467
1367357 56 5257
9874337 51 6139
101788 77 5692
27722865 32 9955
13812146 3 8087
3541781 33 3418
9563644 67 4716
22235454 62 7400
241928 10 6687
429482 28 5459
8693804 54 5128
102169 31 387
933554 53 1453
17937333 69 7446
12588276 46 8373
38453 14 271
578690 22 1384
12724090 21 7296
1386599 44 7713
11890650 47 5776
749584 83 2033
2580269 52 5024
4060232 30 4922
2199631 8 4733
18055 45 1126
10465885 88 9055
332646 27 4622
3851147 70 3590
41893976 10 9575
14638672 29 7358
6927923 96 6054
48643 59 312
9410444 71 5386
8544 8 106
5054410 51 6025
338098 34 1602
4041599 95 7493
17180800 59 9872
881591 19 1490
2661518 42 5233
1969146 47 2449
511477 20 1855
5316064 53 5061
4849158 49 5171
21406367 59 7066
32633788 1 9674
774405 43 2880
13128430 85 9795
5894138 46 8500
126034 94 1263
3485727 93 7214
219791 84 1917
332333 11 1279
6911373 77 5380
10969777 5 5713
3793830 12 3292
1823117 29 2825
342382 22 4367
3452391 62 4036
3723509 10 2663
1557209 14 8959
13476889 42 8133
16138219 6 9599
11907754 67 7438
2304343 78 3894
3346069 54 4951
111947 21 3065
6627268 93 3976
24737168 93 7397
10228283 55 5831
331768 28 1549
20214858 33 7074
5755405 81 6506
4869694 63 8676
20206 28 2898
1934432 41 1957
800360 15 1166
2185571 53 6666
504027 48 7458
12380493 83 6801
167292 3 584
272234 28 6786
331803 10 2633
14848508 62 6516
6582445 35 9629
162185 57 5359
1168408 78 2076
9518242 90 4925
16439557 1 8285
9481801 39 6358
6843865 31 5070
203424 43 4903
1687152 47 1941
8904 84 820
75086 32 3349
1803971 81 1841
1251168 32 6649
4450 67 713
12737827 22 9362
75555 86 1927
3349002 56 4177
3728260 71 6949
1122 58 1194
107006 9 2360
3658650 26 5749
6950885 81 4910
555815 7 3677
107535 35 5435
139995 29 5412
419301 15 1666
1990498 12 6737
242447 24 9572
37501 79 1393
9811 58 6253
8151263 25 8840
25254889 13 7735
480113 46 1344
10528566 20 6593
29511 17 9588
990866 74 2205
43908 64 542
3629673 43 3255
6426333 52 7884
14303030 79 5567
15715091 36 7327
326499 64 1166
3836 46 8680
3232625 9 4082
518062 98 2075
9777 80 3457
1273041 4 6588
4157327 84 3701
1720986 45 2236
40 7 400
230116 50 1996
3300645 75 5191
4918708 87 5836
2633577 35 3061
9020 32 55
1866981 47 2289
825486 5 1608
3455198 70 7325
138854 50 494
22052 44 5705
1137 7 223
6148111 40 8834
2808151 84 3564
2492072 26 8572
2115930 36 9032
7461386 12 5812
882150 43 3565
11787652 86 6610
36117 29 270
354185 65 7517
1213147 9 1801
5690888 54 5170
3938877 2 5907
29121 18 1052
2566167 40 4208
4981727 100 8849
3664468 96 8052
1789856 41 2928
36560882 74 9408
16665070 100 6207
311706 44 1215
4409727 83 3707
337442 46 2084
779468 24 3131
503043 14 4013
7472394 58 5653
1723423 30 2571
2244116 96 8232
1 90 9675
6078036 95 9109
1877582 98 5082
1 76 559
167181 6 2556
930588 28 4590
3179015 67 3725
599520 38 1508
42356162 52 9234
211992 92 599
3922 85 2325
1609 9 547
10540927 17 7500
693305 97 1714
611404 56 8705
2561414 59 6884
1 39 8064
8498982 58 8327
10074996 34 6420
9105513 7 9942
7381 52 7357
27051883 10 9121
181873 3 624
5028564 38 4128
510257 3 1550
6848316 39 5496
592824 23 7096
449919 19 7661
53521 31 7733
363938 58 2563
997566 65 2955
548870 91 951
1136503 97 1554
501591 85 1236
10840853 74 5754
4206142 56 3676
595553 61 4607
1219223 16 3427
3324288 9 8368
14600540 10 7406
3996160 99 3058
5007 13 8311
28717612 54 9102
10019485 93 4819
2603514 45 4711
1754 57 727
1060299 29 2822
33662 16 2897
3774502 39 7347
12668401 45 5875
65745 5 1023
2030603 16 9378
685643 46 2412
20115 72 7806
9848986 83 5599
2106906 80 2073
311506 12 2835
70961 62 5289
241421 65 4284
2264958 99 2822
2695295 45 6611
25551 91 9935
28498654 76 7901
48476 46 315
2041592 90 9316
7881434 71 5153
12901670 100 6477
5723893 14 6902
7073268 45 9013
1368927 68 9342
6681853 40 5935
36837492 66 9458
106480 57 741
225612 4 5208
1822 74 9989
1864147 9 6735
268616 53 5579
9901 90 142
506402 89 1532
17512312 82 9942
504413 94 1819
687523 25 1317
10849945 9 7030
1636832 25 6463
23482 34 5078
25119 68 654
6631973 70 6278
25523271 9 9023
3411283 11 3396
313814 30 7742
9406 86 715
11124452 10 5023
117252 92 5533
18052761 18 7694
7276688 35 4416
101567 21 1730
33732328 75 8889
8999616 43 4636
2537005 5 3095
495865 64 2160
9733963 78 5019
3052075 93 9108
50551 73 4932
26431 97 867
1 36 1321
13469409 96 9253
18674276 66 9190
41223857 17 9955
2248170 64 5808
1626205 67 3633
22526206 16 7955
29395429 49 7658
339433 85 7301
536184 85 1105
21025726 61 7266
5431998 83 5402
10706594 40 5179
965575 65 3590
6228819 10 4668
17775 13 6655
221098 98 1256
265685 53 6055
30903451 4 9072
162363 89 1136
22088773 20 7384
241884 59 1000
6989611 43 4375
43459 84 761
5184 89 9736
857507 68 3213
2613236 69 5677
1566985 4 2745
19744945 61 6347
4193915 90 4109
74551 28 1162
6080418 66 3605
7873404 95 5387
5642181 66 5249
1 31 133
621322 33 5598
2137621 65 8203
430066 14 1269
291443 27 3316
25007002 40 9181
32913406 61 9628
467261 50 3069
1851379 28 2507
20848803 22 7050
16993732 75 6799
3150171 3 8394
474 3 2575
5822361 18 7252
3169386 35 2994
569590 19 5504
1040395 39 6136
326837 33 2741
31966 42 212
3176978 47 7201
322841 24 8345
348644 23 934
23895392 70 9395
14561606 45 6558
2873 20 4044
3175025 59 8685
2804 5 133
502695 56 918
1698368 38 7811
2338550 77 3873
9428772 33 5219
27176242 28 8150
1454 99 219
425428 84 2045
7859020 50 5541
2999142 42 3387
9552667 18 5456
3666001 18 2933
7445691 51 8512
10505420 41 6075
1050499 23 6371
542273 84 2545
23450805 85 7570
13529535 82 8840
17594181 58 6846
11015053 93 5122
295703 65 3175
20022192 34 8958
8471545 30 4206
65058 76 1087
943502 40 1392
1494 77 131
20808089 93 7498
28025727 30 7588
30103630 66 7680
3935789 73 2832
1327365 13 2614
5024657 43 8687
4625648 39 4980
29412388 67 8370
7547741 1 7008
637082 15 2142
3350378 91 6527
6016 73 4660
11599537 48 5368
6004855 92 6734
2497650 90 6929
498220 40 1193
542341 67 2853
1558134 72 1919
15523087 62 6931
1091388 71 4993
1719951 90 1815
9367 61 9478
15252740 53 8045
1784781 68 3071
2309130 44 9272
1082212 19 7504
255630 58 8835
5725913 5 6456
7146173 67 7256
26519483 13 8605
508140 70 7898
924395 2 9630
8804811 67 7685
185646 84 8667
1811550 67 3628
10159964 45 8792
240352 24 752
17043359 96 8501
15871904 47 6002
189014 74 6640
98688 79 6357
14919432 43 6470
799891 86 6148
8216311 64 4957
282681 74 1123
3605 97 5419
13716 61 4145
27055241 27 7763
4037851 78 3808
2040202 74 4039
14483557 82 8657
21389448 17 6958
252792 13 7984
3636538 54 8345
6481968 100 4085
2012348 61 3765
12193975 34 8712
7861317 61 5605
10060486 35 4442
730501 64 1201
25524639 49 8099
1548781 72 5939
14218931 58 6220
24545 60 1063
15103535 56 5549
15891808 20 6029
2456619 55 4014
6072935 10 4938
4381260 80 5073
78779 23 5521
2644 100 333
541254 37 4788
1 98 2458
257796 75 3086
2404614 50 6672
352894 68 1630
3433653 39 2735
166696 90 978
1378631 43 6492
1562360 49 2666
8692167 99 8916
1581695 33 2289
216912 30 4213
363956 88 979
12015277 28 4881
24066507 16 8333
592613 64 998
10904195 20 4753
26792657 14 7479
25266 95 6625
107808 44 9284
1271953 46 2295
3259901 80 3378
6598241 84 3600
959323 78 8438
1334116 75 1734
6254819 24 8571
5898828 56 6319
246945 44 663
138325 34 1917
28690 51 157
1546071 15 4243
56551 7 2626
52105 82 646
130903 59 4223
17353790 85 9753
3409880 42 5784
9509503 1 5898
2193555 60 6033
5933505 31 6809
13955780 10 5838
233350 82 961
4580600 47 4003
11470752 27 6677
14807485 20 7970
529859 13 5894
3865716 65 4109
14648 81 836
1775226 4 3954
16070 31 192
8802462 74 6116
7182095 91 4607
146126 41 1622
50157 68 4837
17044946 81 9282
2777739 29 6975
2785747 67 6077
2476836 68 2706
7520982 22 8820
702142 51 8029
108230 20 3025
6833056 6 6299
4942627 21 4075
6947 45 1066
18271988 92 8184
36012168 11 9067
18886 9 5181
5946705 60 6616
628711 46 1699
6561968 6 5382
7467409 6 4959
97651 86 460
12575266 98 6264
18162 99 5838
1794156 50 8851
6703223 76 3660
3651166 27 2771
