40058
4533978 25 4832
5431432 98 4038
178958 18 9533
37377180 17 9653
53991 26 2790
14212559 84 6337
8335898 81 6887
306469 44 1301
4404274 26 9369
5743546 16 6483
13138930 78 6178
17368142 82 9699
213629 50 7803
49505 44 433
287262 8 865
4123577 11 7774
23369663 84 7479
200248 24 2099
19364738 75 7524
17077705 53 9098
3076499 51 2729
2388395 47 2707
2566518 47 3407
11261817 38 5287
1385861 43 8346
5744183 53 6368
9292662 44 7476
2092230 94 5866
8071895 21 5517
879875 4 7480
1541221 2 4397
11771028 96 8238
15254 69 479
6266052 7 3957
10072928 48 4741
16905428 58 5950
181865 74 2012
32956680 19 8865
2292707 4 5694
914544 81 1316
7796650 36 9170
11920404 65 5779
35379601 50 8601
64198 74 4470
5025775 58 8994
4362685 97 8871
216529 96 1724
593077 82 1316
3928 28 219
7069960 15 9117
15848095 38 6935
13907030 92 7153
362291 8 1837
337872 25 4186
3829347 78 7631
4492446 24 9225
213564 98 2014
25969574 94 7944
1027729 15 3052
14908248 80 6838
284177 93 2566
6468988 62 4251
7126 53 1293
345147 19 3331
11714529 87 7904
2908171 36 8329
3372203 45 9194
835272 28 2046
1069294 11 7209
1294704 89 8332
64216 87 324
1607617 36 7271
423002 72 1959
3873404 88 8256
216514 92 717
2758418 13 6821
794194 44 7418
16515299 47 8379
2099022 98 4747
1088294 82 2455
7881184 98 5336
3515556 49 5947
52599 18 467
6100359 65 3701
26094 33 3535
1335227 31 9412
2194219 45 8311
6954772 96 5764
34134 82 7757
10946 89 1862
7222139 51 6602
453093 64 1036
1688835 56 2271
627489 2 4099
4171737 23 5361
1989418 93 5070
12421191 36 6727
14174557 10 6216
1468015 8 8017
164123 26 1488
21870956 78 8502
60658 82 1366
18278620 49 7162
214503 57 1575
11992178 27 6584
3580240 31 4184
6482938 37 5485
2276445 18 4343
1855093 72 2484
221264 52 9806
2597990 52 4945
15551396 26 7017
25405 81 613
22207 87 490
107383 88 6054
530951 46 5350
1129297 21 3498
2226 30 134
82211 80 9712
8946 32 667
1934243 44 2926
20691 51 874
618162 38 1470
2687257 81 2486
737592 22 6999
1818124 69 3673
73433 92 3274
14387561 26 5591
8207647 54 7059
5699527 19 3733
20502866 21 7414
1055729 97 9700
344585 10 1177
2932893 20 7966
29108091 95 9088
162474 11 485
8302815 90 6303
15834897 70 9370
77801 98 5409
22448748 13 9671
7799205 40 7806
7728989 84 4807
22402386 98 9131
6929873 67 3995
91521 78 6749
1 61 3683
278567 46 1884
21255981 14 8462
4379587 41 4649
518299 7 1624
222807 30 1247
2688742 31 9561
20188747 20 6925
126214 31 4777
8238990 18 6227
13711385 2 6477
3954968 37 3650
26433314 1 8295
65395 24 4728
823387 32 2885
351623 70 847
1 88 980
34068855 77 8813
1251760 17 2289
2730892 41 4585
3371789 84 7027
321436 30 1301
87469 17 8127
1948069 78 9145
37435 33 876
4554851 20 5883
6570008 49 5593
10527494 88 5899
21204627 92 8736
1603972 33 1800
1183 11 38
1305331 33 5065
11770 1 75
5709 16 1649
28448 93 2196
51875 37 3555
2018636 3 2031
395908 84 2592
539784 99 7213
2239637 29 6009
865465 30 4098
1326539 58 8964
321208 1 892
547535 55 8606
9108238 53 5877
745637 38 4798
178212 34 3855
9171760 32 8754
2780878 59 2404
2943609 50 4202
1374714 40 2501
1434733 58 6480
32971361 66 9134
37900281 71 9173
8465875 66 5220
28300 18 6255
29346014 7 8619
136457 69 445
3802418 50 6700
139465 14 762
16904182 37 8429
11253 49 201
23327474 29 7125
36182411 17 8852
8987 57 5742
18587927 82 8611
9924369 69 8984
866200 11 2158
260574 38 1360
7968321 43 8251
4219017 4 9405
526324 50 3274
1262523 88 6672
2666505 99 4569
1 79 4440
8957366 37 7073
3505530 3 7465
1327345 74 1548
2356643 42 3036
778012 99 1831
347203 69 807
2072704 42 9421
77162 69 562
2949175 56 9442
48438 18 1169
9170656 11 5993
849465 49 1580
10529136 96 6123
2221428 68 7465
1286954 91 7604
170890 6 581
501364 34 6341
893968 80 1463
280655 93 2995
18292915 92 8011
4833615 85 6804
2630 84 1588
547270 48 3051
8165451 6 4780
19490540 81 9902
15327994 29 7526
289517 91 5545
181853 25 1287
4064989 43 3367
15497 56 136
8228143 41 5583
2713670 91 6179
1317794 28 2926
4088 27 256
587309 71 5916
937362 1 4901
1 73 3428
851998 85 1750
250848 19 1651
66171 89 5644
24892379 88 9937
740059 20 9320
26315410 93 9044
10075 6 1875
1 98 1926
535849 5 3300
437181 27 3074
964994 45 1505
756087 80 8117
166792 47 3164
4690444 22 3560
182099 53 4263
8669121 93 8993
286042 86 3129
14507749 6 9455
11802 100 265
8986329 84 7072
97300 86 865
15406012 75 5561
1901250 17 6120
605999 45 3370
19541050 46 6974
518471 81 1470
7774 80 341
1941752 37 5012
9143991 11 7479
24591324 20 9799
22523531 80 9703
6602 75 399
9666018 52 7290
308772 31 4193
6098821 57 7326
4794275 9 4644
2210797 49 2897
5451863 13 4018
3738740 8 3367
95771 40 7326
2994000 15 5409
1275923 26 5760
11292453 63 8179
2376718 15 4968
20791317 68 7984
992887 3 2281
1205973 97 2854
225282 63 2068
1069808 6 2598
17357232 42 6110
1235506 79 3928
19186871 22 6920
16052230 15 6113
14020895 78 6276
21050970 46 7578
2318254 98 3020
3635548 42 6094
26838225 55 9026
1691876 97 2601
1 52 238
315736 46 2093
1660901 5 2625
253999 90 953
17411099 41 7137
1100367 76 4143
9846311 92 5371
4637702 81 6526
2521318 2 3492
2164080 59 2795
5230315 31 9475
189897 85 2092
15016994 23 7275
29697019 24 9609
4082694 48 7950
290831 75 1376
31760631 9 9357
1795784 99 7807
6316267 7 4545
28492499 49 9207
482799 100 4277
1 29 8392
7158976 100 6953
4068263 99 4369
8358352 13 7783
4250535 86 3864
2577639 28 5371
389842 56 6961
6364020 73 8519
3998763 46 9263
3936154 69 6995
27750386 94 8304
113986 51 1727
2494287 40 4220
764720 43 3025
34927634 69 8316
13229 78 7271
21840614 24 7543
483407 88 4801
13483017 37 6670
5326787 40 3435
8603829 85 7217
433680 9 4489
6787549 75 4137
29307639 77 9278
1938710 45 9371
3646473 84 7213
13604826 46 5571
1826622 22 3224
12535965 67 9695
136466 40 2537
36065572 10 8568
1427041 97 9783
163783 11 3527
291492 95 1565
22444 11 7794
17712501 60 7353
14362691 17 5892
932759 62 7319
9238375 15 6364
23534806 70 9530
11695799 9 5791
28940 62 158
1 93 2413
1567568 1 1815
1185112 37 1944
3527793 67 5645
53932 38 1991
286231 32 7814
1458 46 1681
100475 96 835
2940312 29 3734
1264398 24 7404
1 8 4756
33179916 1 8099
1297394 80 2446
9565318 92 7417
3828807 61 8669
7683836 70 4681
13362553 87 5216
5777539 14 9283
1275504 43 4080
537044 40 7634
1461023 34 4084
591825 24 5830
29263937 52 9441
2545464 36 4934
7441516 80 4817
765705 72 3075
1164500 52 1430
341064 25 1586
37724047 73 8772
1804239 91 6600
5889774 24 6691
79814 56 1588
7063624 41 9599
5493664 70 4342
1583785 95 7056
12232968 3 9349
4169205 39 5304
17831164 17 6866
278695 69 1337
597 18 979
229274 15 975
3501634 37 3377
755233 1 9893
27028375 37 9602
135076 62 2385
25847168 7 9757
14325182 91 9065
78708 97 894
3927795 68 6425
73027 21 289
656984 38 1759
13537063 64 9693
32549471 17 9481
1186565 95 7826
191537 22 1279
1480262 5 2330
311833 80 8078
445640 1 9421
12599553 62 8570
330291 13 1405
2326817 96 2519
21399 3 3239
1 72 189
6617440 19 6632
598468 52 1579
27074 63 8523
3077883 56 2530
2841025 35 5022
8461601 58 4239
2277458 4 2165
73902 59 2450
9849315 99 9934
3207365 13 2898
178921 33 6501
1 10 1683
10834756 50 6818
4016603 84 9022
1725993 1 2638
193531 46 1623
862808 48 7607
35447643 21 8385
4601544 29 6025
545695 8 8415
2629195 64 9419
10744705 40 7102
28069814 49 9605
1081228 67 1998
266063 70 4463
17296858 67 6562
893154 73 4178
55384 76 830
278931 35 7806
913786 48 2058
3623027 40 7359
8396491 56 7950
26674414 2 9842
1254552 5 3439
580875 100 8492
2398431 96 8395
11042818 28 8970
1283756 83 3166
9502097 80 4598
110020 94 913
226860 6 1652
8382070 88 5202
2269444 83 7352
1596926 14 2681
15623287 37 5491
17830 56 731
820866 78 2002
158000 83 1311
2980240 88 8871
2457256 35 2604
623309 96 1894
71082 62 2235
104200 52 2937
2970384 71 6558
4 12 1658
1427313 55 1835
96657 59 3580
307581 23 1427
1294523 51 2661
2396965 84 4507
6809098 66 7353
1468052 99 7043
435755 98 1645
17566552 1 8042
4084358 14 5827
5005602 76 3927
11090339 23 6151
8534346 60 6055
67317 61 2626
27037 28 2131
20732363 82 6791
5442500 95 7428
1 98 297
1740811 17 6615
10064215 36 8021
241941 50 4051
71534 19 4859
1668375 90 9848
632054 35 7381
627518 13 1299
732175 43 2373
2593647 7 6062
1164021 81 1585
92034 81 543
9427819 9 5817
66782 65 324
22077361 4 8493
4406 100 628
5909737 56 4091
120276 32 1605
19920 61 541
285030 23 1010
4322266 42 7004
61501 58 855
6071512 85 6175
513611 45 1813
1 78 4586
1899796 54 8358
353492 84 2839
509465 67 7993
97828 11 5137
1625774 58 5594
4073686 91 8001
514611 80 2535
7349068 57 6217
5227811 39 4121
121695 26 4261
35378611 1 9574
390101 67 1826
91752 89 8216
6693832 6 3994
22073356 86 8638
1031852 35 7497
540558 41 4362
1055474 36 8298
291178 94 920
19419693 72 6413
119146 41 932
8099300 15 9421
189850 99 2404
5293430 43 4675
6262809 40 4759
761491 53 3061
5583890 22 4823
58756 89 591
1029305 22 5164
4786182 26 3887
269478 88 7405
13169170 7 5352
6569101 20 9026
17843576 85 6157
39568377 61 9675
2075318 43 6217
1544629 76 9649
4493061 69 3701
10589830 86 5013
11748 68 110
3589949 24 7194
24821626 28 7307
6899089 40 4156
11321095 65 5959
4050008 13 6104
4073468 51 2784
1379 92 467
4033204 38 7793
1581532 86 9884
2790838 33 8030
1735989 55 2663
6817283 39 5064
3028702 99 4198
19165494 72 7944
1 88 746
28247 38 2577
3823 77 3989
2079109 65 6655
928895 82 6002
11407214 89 4942
21816458 86 7748
1337175 55 5338
1650367 48 4488
3949765 62 5441
2197092 94 8296
3685 48 87
24544 61 3179
98738 21 8886
8342 5 58
519418 39 9511
369077 44 3339
3164477 33 9581
31479890 80 9388
390827 92 6369
2780564 40 2752
665434 14 4333
17853562 79 5942
14288913 92 8827
1 61 121
10544435 55 9428
1 53 570
699449 55 1517
89457 88 3310
24742 67 5741
329495 86 1863
456973 47 9405
279310 79 3453
4640270 17 7527
1449681 20 4862
2704657 30 7619
37316017 81 8848
134422 47 7051
6311459 98 4715
23551560 93 7555
83983 19 7258
4317540 64 5429
354 43 6499
4886852 15 4686
1 53 531
17650115 40 6559
790536 74 2230
30422620 85 9566
39049492 15 9818
11810460 13 5395
5466203 84 8786
28373 72 4457
3350038 19 6489
4932158 89 7582
2239599 65 7343
2091262 99 2638
1522558 67 8058
5372 30 473
508141 25 2382
3730003 13 4853
1582465 62 7263
17729352 75 8686
8534041 30 8843
10672965 15 4930
20754646 23 8004
36178 6 4551
7538759 6 4162
31662161 62 7910
3276801 38 7326
7709372 14 7431
634235 60 1233
10000035 15 6472
218144 51 1918
3917606 47 4979
356092 98 1341
91304 78 1213
707571 74 4379
8975324 82 5611
12385989 5 8667
45264 90 841
2058650 70 5412
312329 54 1811
6161 5 71
69683 2 431
2963840 10 5058
12445 86 497
32186 80 1035
840655 98 5529
134736 37 9907
2759319 100 2456
2577929 7 8512
7513691 73 4755
19397748 21 9532
23948835 4 9305
1366037 72 6051
4045219 85 6091
12909 7 114
9280017 5 5710
3596 92 4537
1281 16 2528
1930876 29 5475
7883 23 140
1074 73 685
2310889 95 2565
527792 30 3768
4251981 60 6166
107319 94 6984
45984 85 2189
1367964 61 3549
20065335 76 6448
3473335 92 7487
987866 21 5678
25951386 50 8458
2292673 13 2800
1023500 78 8788
2517 85 1043
22739 25 1303
24576172 44 9323
207 18 7504
11620795 27 4818
8000 97 7673
2270278 93 3529
28190326 20 8129
13826309 25 9926
13754356 10 8831
7828617 71 7607
3096299 29 3461
1021017 7 1855
2341425 2 3076
14030202 56 8531
31665759 19 7967
4522770 35 3589
4679556 38 6543
831170 14 3559
3094683 93 2651
21947230 47 9273
5974137 37 9148
381510 5 1769
289004 10 3141
17320 15 1113
12458959 1 9577
14990029 70 6955
39738 98 343
463481 4 3119
45865 47 675
3880895 90 2942
10496825 92 8026
182793 47 2341
4803657 67 7187
35668360 18 9025
18838680 55 9511
9743 49 56
2480123 20 4210
1036869 76 5696
97145 22 873
4820594 90 4231
4825616 4 3967
514775 24 8295
3735721 5 7906
422179 19 8322
656 8 46
7392914 33 4542
1736 19 4170
3024097 45 7413
12764413 49 5934
1716866 31 3674
4713580 23 4948
4830532 92 4813
1908058 75 2026
13281 69 3764
1747799 53 2419
2608629 69 4518
438438 85 1514
42818 15 2051
303601 96 1149
1513056 94 8158
579366 86 2181
3089113 74 8680
5086275 43 5777
1435549 80 2997
33573301 3 9280
973490 7 3933
8572429 16 9689
12573621 85 6073
6351584 51 9094
25479726 45 8787
681538 61 3419
3942397 96 4034
7710616 96 7110
4771134 48 4386
17405112 33 6456
2839 80 1266
6465189 49 6576
381925 39 2416
5303422 60 4358
2079275 87 2169
1 51 132
8884263 91 5097
16314 73 380
1538553 46 3638
4281803 16 3682
73729 28 482
257359 95 3980
4145829 42 4697
12530614 95 6480
153486 83 6747
4253653 59 5554
2374360 5 2366
6420802 32 4773
9491479 53 6662
184878 47 1157
762938 50 1694
1 28 626
2756 7 2250
3010984 76 5186
18013561 3 7551
27735493 99 7824
22760512 99 8851
12318016 85 6120
5200159 97 5461
739117 64 9935
1127470 35 5961
16154 25 170
31215 46 1855
419 76 1597
3223938 12 3199
5694481 35 6233
32978164 89 9834
2432687 93 5418
1873188 84 3237
7390471 4 5162
2618721 78 3069
884 17 166
33718833 100 9009
2964599 73 4877
16063819 44 7897
922690 30 8176
907055 19 3735
1455861 10 5957
8782858 47 4456
122127 49 7378
1456996 6 5657
3571637 21 5094
9446560 81 9106
6195997 9 7555
29460408 29 9908
18982276 28 9212
18811325 91 7290
130560 41 6712
15774 72 3593
8024199 31 5811
27235615 26 7919
1 45 1319
278064 26 2176
2341253 58 7779
1459525 31 2182
52636 33 565
2302886 56 5157
4469280 63 6348
25451738 53 7328
2099617 3 4872
920 51 1057
708174 28 3111
1025131 41 4357
20294 81 120
3966345 56 6579
8324811 80 6654
716 33 1463
1290852 75 1701
14526516 8 5667
458740 59 1816
2025101 16 6890
414411 77 3935
8479719 92 9257
8587710 37 6396
1983767 32 2193
26772047 60 9349
2162842 91 3179
3410327 29 3352
793190 88 7448
757350 55 2160
4205802 40 5268
5462343 10 5795
28532341 27 8715
11091799 37 5971
13 23 7217
5899110 64 4691
545673 35 2051
26291 75 3872
1982333 84 3194
17289 31 2176
19187267 30 6842
11805666 20 5641
205077 82 681
1217089 86 3434
1253545 35 2175
173600 87 6228
3578277 45 7394
1056193 35 2349
21398250 75 7565
866681 50 2162
9139449 12 5895
13290990 78 6558
87306 79 3934
1021267 97 6683
39186196 94 9780
331991 16 8661
11794746 46 6034
21136 74 474
13436276 72 6099
236743 55 4254
2469163 29 5914
532844 42 1787
258228 29 2409
6142837 36 9075
8109482 98 5423
6394097 45 6286
29566 59 2288
15532777 41 7158
11939205 83 7173
11289229 5 6439
32726757 80 9172
11258434 34 4908
3842174 63 7521
425362 25 1006
4502 65 1605
19809394 64 7395
2952225 94 7917
573925 86 2662
235818 8 2277
4069629 72 5641
475016 31 4656
1 86 2206
7769073 49 9013
1 90 175
12770438 45 6165
279671 33 1341
62875 7 1038
2984414 25 3360
3512535 15 3764
5783535 94 5886
1044336 45 1472
23596 27 772
2046845 78 5587
551548 30 3361
7360374 68 7971
5961609 35 7962
4536489 38 3219
16604861 5 6366
2815591 99 9566
871824 11 1804
961080 48 6732
3284153 5 6496
13550445 72 8045
213643 72 944
1 83 310
20987 24 613
151960 55 6216
1192289 12 3948
174018 85 4668
3597179 59 7275
72420 56 512
389502 41 6636
575725 62 8829
8367 7 610
4317775 63 6044
515009 19 6500
70236 37 285
895539 33 5915
9128395 99 8345
3016667 48 3760
30325375 63 7806
101566 14 7604
3531119 12 6801
1403 58 288
3027222 61 8119
22119952 69 7281
383769 8 4553
1163130 23 1634
3703761 5 6715
18467 70 292
72 7 3001
929684 27 4900
45948 75 705
53158 27 1059
18432094 67 9953
693742 13 2510
4318421 94 9757
611463 19 3915
23804 24 3047
1028051 24 5085
6448113 3 6907
471632 10 4187
5901027 98 7559
1 45 223
3730844 45 4171
17552718 27 9523
5991968 55 4295
374013 34 1278
530322 9 2095
114649 82 4107
811906 55 1641
2409934 85 4733
6255082 57 6410
9106222 14 7118
18953178 36 8662
869971 70 2376
236559 68 1829
10873607 64 8475
8409844 84 7729
631092 95 4539
2111303 95 8307
23519316 54 8527
216384 96 2280
8052088 56 6941
5584101 99 5813
1 92 1643
2355530 54 5062
41448913 67 9830
148276 44 3715
238528 72 5040
346579 22 5178
7837333 1 9808
2603686 25 3397
10993426 14 6048
340454 68 3405
3796999 95 7869
294258 44 916
5998040 57 4112
159313 65 3483
832653 48 4960
1322883 13 1573
606024 23 5165
2973304 55 4019
117410 23 602
483129 25 1243
924260 6 2289
3925777 95 4860
6190276 92 5717
269814 22 8556
816961 96 7564
5040490 32 6080
26963 74 1271
3049964 36 3616
15633 9 4640
14262508 24 7318
4923432 15 6929
2610530 7 2837
5695 39 682
1034694 25 3124
2116286 21 3035
1488615 1 6886
595489 44 2705
17389320 98 7013
21999742 36 8739
354652 32 7665
1 25 673
469922 35 4407
91486 85 2173
11250496 62 4785
83480 7 1455
577396 85 4014
4840725 17 9834
120982 84 1519
5048521 77 8717
256827 10 7700
11406458 82 5873
274239 41 729
1030364 88 3033
16444690 38 9596
25149122 19 9545
31120750 4 9191
34384547 96 8384
3492207 21 8491
14649351 33 6983
1114419 42 5957
11465242 49 8418
1880981 93 2756
426400 1 2043
143719 85 1300
2289645 25 8398
13586275 62 5791
1740547 70 5285
6565200 41 6847
4231134 61 2856
24664032 78 8153
317713 75 2534
583265 10 7742
4085340 30 9343
21935288 69 9889
715850 78 2267
1169863 40 1599
884017 36 1429
13873476 74 7478
44472 81 366
845548 16 1846
1 99 1065
19055620 27 6728
308179 13 1657
490409 28 2289
13352542 10 8636
6828000 9 7229
34786 78 287
8807082 3 9690
10244115 34 6053
10881412 2 6680
113010 75 705
4928417 13 3400
6716042 53 7705
3011513 17 3704
3081964 73 2613
5945161 89 3401
59812 47 7861
8628340 31 7123
3445530 25 4357
622292 29 1250
9857034 49 8504
14783604 35 6145
312547 52 1615
1346636 22 9831
2891 28 1371
3243095 20 3492
10279403 90 5401
19432806 8 9445
40061071 49 8991
6635394 90 7212
732112 37 6722
3495684 54 9049
157358 20 1101
100361 87 668
2021717 5 8750
22594478 18 7416
4062836 71 3931
2772678 81 4416
5712755 81 9596
263173 44 1724
322777 80 8282
192641 76 629
7285239 92 4558
984900 39 1363
18521260 87 9384
6561483 44 5850
33709393 68 9911
3012744 86 9137
3969850 41 7978
6126044 100 5741
852442 72 2320
6861302 84 4620
3089085 89 3816
858547 11 2812
8868 81 535
193900 82 1594
1241 78 1798
5792 53 603
4372173 66 6639
1311328 68 3435
1292159 32 9652
2685136 14 4077
50468 32 2827
28420 81 450
47318 44 351
104753 8 888
2017732 95 5195
3421 22 1074
289998 33 4774
9664374 19 7336
4360674 33 5029
8581156 74 8981
3749978 29 6230
4442598 75 4867
326237 67 3062
3141121 80 7038
403031 93 2729
4978362 50 3685
975550 42 7214
5740990 54 5031
97470 25 471
244757 93 3515
43841 45 2685
15805409 55 7122
476941 33 4407
16590210 25 6899
19808 93 5142
2107314 69 6399
583962 61 2175
4540720 13 4830
792533 37 5073
5666263 32 8797
18171776 32 7628
352401 71 7615
31045566 45 8140
124822 40 448
6961049 81 8840
1 84 509
86203 9 1366
579561 12 1785
17419 58 206
7946844 45 9111
799488 24 3306
14812049 3 6828
11062141 64 9333
1 85 693
8975354 61 5153
1190280 45 1949
219827 81 872
25491636 1 9454
1205589 94 8624
15042217 87 9127
123927 83 563
18959035 8 7669
277123 51 2996
2345426 94 4322
834957 23 2161
2308569 88 3938
1442599 29 5109
698899 39 7614
16657496 84 9588
2160334 16 8243
440085 55 8362
6254947 5 9068
2210143 28 5918
8862598 14 4437
54159 68 4687
15577162 98 9274
69362 29 1009
209117 25 935
143314 92 2719
4585039 44 7300
440283 21 1479
916705 5 5679
1033650 32 8636
1171973 98 4167
435283 16 5636
5205422 95 5165
1539797 56 1825
34038282 44 9057
4911012 57 7750
7697409 92 6390
4967 1 1232
202357 48 942
10355673 33 8271
7348108 7 4920
2445701 53 7445
4129759 85 3037
1857129 89 2523
8392874 4 9327
17288 42 3849
7 7 9845
4849424 71 9812
660040 81 1869
15639747 7 8719
941771 22 3195
3581624 28 2893
3092954 27 6445
1002537 68 4219
10496081 83 7545
658315 15 2225
11298 40 6384
5961933 74 9672
1338 7 934
66451 40 1225
82672 49 424
415377 77 7110
4151164 68 3525
2390745 100 4676
11287682 23 9081
103879 98 633
284073 86 1244
1349729 40 1579
118910 4 4639
146140 2 9654
222146 89 3753
1213119 48 8636
12396623 14 7677
3073424 90 2715
17741231 44 6612
7129980 37 4306
933451 63 1844
17959843 8 9963
16068908 51 8804
943138 53 9178
1519966 64 1808
25860692 71 9818
7249149 50 9849
4723373 17 3923
142874 50 497
3896080 38 9798
16104381 55 9039
151294 97 2047
1525255 63 4833
781882 94 6522
57733 36 1017
49589 80 2838
8713894 61 7942
2146448 42 5433
10168097 63 7066
1741802 36 5961
321073 34 1112
4443813 40 3765
4353945 71 3874
140046 81 4588
729675 78 5511
11002789 19 5680
23294670 96 9370
16953810 62 8560
8815954 11 4740
5498705 88 6604
8564754 93 4434
6316815 3 5440
9071462 97 6413
3519558 5 5895
938416 75 2097
1581422 99 9869
6938759 66 6038
3763727 81 5986
1789622 7 3878
58211 31 2305
8207108 85 5064
14563279 88 7968
1004464 15 1714
167053 38 1579
2976 7 1035
26876197 44 7378
1491997 98 5388
30971640 93 8323
9435212 44 6537
1642789 59 1981
54787 26 1296
17283 4 1144
217468 17 3469
4220334 3 7791
36598945 35 8493
21849 40 946
6952 33 1374
2559574 62 2661
64213 19 310
106924 2 406
12132 37 1482
580333 25 1244
46505 99 749
6133205 47 6638
213013 8 2874
42442634 50 9342
36496881 22 8637
9336577 19 8401
18222572 19 8154
6628252 43 4463
4501996 53 3759
35577 50 5456
5402029 90 3509
952710 37 4033
1507192 43 5071
9388 33 1606
21535783 84 9683
3471990 69 3334
41733516 52 9825
1086436 57 6149
48215 50 1077
34328026 37 8644
439103 27 870
19289273 73 8578
230694 79 1015
11170905 91 5991
978781 83 3679
17126622 44 9003
179243 32 4376
10814492 87 7752
3753658 1 9115
210473 71 2981
512552 15 6885
5466284 25 8084
1277334 26 2813
19423098 71 7864
2130278 87 6267
100800 41 1436
5268131 22 5338
30516803 80 9292
1396320 46 9854
7856769 67 9618
4773526 85 9352
2018698 72 7203
22810570 20 8944
512301 61 8953
3097947 17 2963
1390 1 22
417459 95 1239
211755 96 676
6106374 88 4536
11514283 20 8168
801386 3 6352
13565223 1 6105
9140885 93 5645
3755811 6 2935
13067410 64 5765
553959 94 7536
131773 2 2995
18351686 3 7529
5266863 14 5324
5875081 23 4583
915676 91 8224
6816648 60 7521
2315252 76 4865
9145225 18 8342
92226 66 659
738861 45 2640
1 69 443
7635097 6 6758
182846 68 5853
5758244 72 4364
9164899 60 7572
286423 65 6133
336272 82 3059
4437410 19 9329
5974893 39 4391
409953 26 5521
10313632 94 8782
9745909 22 7655
1329719 82 2041
436902 30 4666
2778011 23 3201
4338459 22 7330
2231772 14 2158
2125378 15 3260
10817026 76 5720
14586272 87 7398
1238004 74 4719
105893 76 1180
19669834 16 9273
16546097 18 8792
9057392 12 4437
2754087 22 6260
7484958 97 8064
3642233 80 2741
857336 32 9830
232519 92 1241
31037483 20 8870
5718 64 221
4167935 79 4538
246007 46 2955
8415833 20 6253
19265203 68 9886
14202884 85 8651
882224 27 1583
1155399 95 1861
203673 30 1605
211749 64 1251
1791049 41 4866
2964396 81 6571
25777748 66 8221
44305182 20 9970
3008878 57 3278
67925 37 370
15371067 56 5696
18522 62 399
5957007 29 8504
28436 4 1299
37375676 13 9282
3479202 68 3879
3583103 9 9863
680715 72 6402
913257 68 2062
325774 82 1864
27794300 54 7616
1847038 59 5051
2780117 16 3666
4203583 43 3056
2844769 43 6153
2203 94 500
5341240 14 5294
172339 68 9115
22867315 85 9683
11228369 66 9489
188092 55 2730
426879 35 3878
15687643 5 9078
6612650 63 4251
63222 65 8112
884878 95 2500
2673 98 3982
4779539 68 4511
595802 51 1439
897705 90 3510
19495729 67 8600
21086 87 530
584555 45 2390
188793 96 1896
17478 91 7064
10950027 19 9404
3914611 11 6910
858314 34 1554
292165 95 771
77258 52 5545
2416369 22 5560
53246 81 775
420 51 960
25387291 91 7367
205798 58 873
21394767 85 7303
10610 100 5863
202247 12 806
306743 51 8929
64547 6 2038
24549963 54 8423
252855 85 2614
1077248 30 6269
4738 6 458
2201743 21 4453
3735039 70 5206
2634169 38 5514
54850 45 249
2551723 34 3178
9253181 55 6188
2965239 64 9663
4851159 66 3105
4648602 35 4180
5460384 47 6197
805113 93 2493
5920811 86 3718
4613553 3 7887
600788 84 9111
10172507 76 4742
456597 66 4537
1529395 15 4371
9680903 22 5426
1076572 83 7543
2905287 70 3683
5678308 47 8355
8451043 9 4698
431695 43 9213
1599142 34 5006
451671 5 4045
478890 44 5225
287249 55 4754
1939944 1 6807
7897605 13 4849
1494606 64 6780
1394895 65 1869
37981004 77 9169
6116 7 486
4355350 33 8548
60333 59 302
7724765 64 4902
1579850 28 8927
9291812 94 7404
901889 94 4017
191769 15 4070
172446 19 606
734931 46 5519
9011322 37 5658
28042211 72 8654
1809071 2 3950
107234 7 384
48693300 39 9988
4216670 45 3441
3617697 94 6106
19964 13 960
8720627 98 9888
997674 65 5260
17235493 42 7048
14990 87 291
107665 76 1361
208504 41 5092
4718125 65 9895
17822559 41 9306
73546 52 3519
218182 10 4944
2924343 57 8002
34313 43 1102
94511 80 536
8011849 56 9325
667224 48 9214
1150 33 4187
772981 85 2344
4636041 39 8777
2824163 39 9404
251350 37 2055
2287261 49 4673
1524451 36 3625
3221880 47 3858
5045606 39 3640
215388 99 4110
10789 87 1827
1395195 57 2721
1489417 81 3036
1605255 96 3053
2627986 43 2806
2776778 26 4001
870803 77 2095
3549978 11 2865
6718814 49 7681
6342573 9 8081
856099 5 1555
195629 89 1346
8889951 91 6627
119784 44 2177
48895 67 322
22753637 62 9029
979362 80 5102
4840593 66 5669
10557886 8 9727
1423045 2 5309
11794748 44 5849
2454976 49 4013
849675 67 1302
21869736 66 9447
26951378 81 7349
140938 4 1150
866484 24 6642
1 77 5294
617515 1 8953
24507364 6 8522
11655 91 204
7435187 93 9300
608316 50 5107
19649905 80 6340
6487 41 913
13931 56 181
10388590 22 4915
29173619 49 8042
32141168 22 9535
1222927 90 4081
1839392 88 2087
8970 100 4802
2518687 34 2530
999474 8 2582
33216422 45 9535
6119659 74 5805
235992 57 1141
11291827 16 6405
531894 2 1606
810705 31 5935
1 74 853
559212 50 2735
1525045 59 8850
1860956 39 2576
36941 96 972
18395500 83 9013
1392439 44 2553
11773437 31 6124
10795550 60 4836
34017087 51 8535
703250 75 4103
235404 29 912
8609064 78 4425
3496493 29 4490
188361 51 5802
920317 88 6292
16330903 73 6112
816882 75 1830
38020 67 3599
507023 4 9251
483356 61 1598
8034992 83 6700
277488 10 6492
5806 1 683
692536 97 2395
5868394 90 5113
18008 78 9849
3269806 27 2892
98524 57 4825
32333 46 2626
10502194 52 5945
214497 47 5266
166065 73 1209
90425 68 5349
5604909 93 3785
37904261 98 9037
648171 28 7723
2059350 80 4548
5342034 67 6197
171639 82 716
22521 61 3137
1271300 82 5488
1052704 6 9315
4853956 92 4617
4478596 62 4826
145980 47 1000
852966 51 1256
35281737 58 9380
4192418 24 8701
142060 48 1030
5266396 18 3770
13803894 31 5848
569991 8 1111
19632642 78 8173
33221843 97 8489
3593497 92 2901
962223 55 1887
24224149 68 9808
1529385 40 4404
1663970 34 5263
1333292 5 2082
12986182 7 8465
307471 87 3981
21251 52 4505
883587 19 8903
154281 45 1658
53804 29 8643
37520 87 909
40163229 28 9542
1510021 19 5457
1581431 80 1948
3427760 64 6275
7856341 69 6261
21012311 90 8648
23559977 63 8048
26631602 9 9070
4223677 87 5646
17344 23 1720
8560482 74 5038
967958 44 5100
5094 25 355
1 73 934
56590 94 2136
9069661 98 7804
3708093 89 6985
9447405 80 5010
9266914 60 5451
3514158 60 7639
226432 68 4488
35070934 53 8933
15234413 75 8938
76260 66 9946
1495737 38 3493
1360061 52 6182
14612905 82 7789
4352997 41 6111
14177669 71 7025
343448 21 7970
4797859 58 7937
8088664 27 4292
357767 42 6495
19286124 89 6263
1 57 5070
5261459 36 3237
26248 92 1243
40327 30 9705
498 68 9566
9123835 22 7284
66351 2 868
33511809 57 8172
11968305 40 5776
230155 17 1126
14032 11 122
5948 16 7923
34136 43 883
207238 91 1014
1188729 91 3419
164144 52 7534
100742 76 6762
40740 25 9942
16348 89 455
499089 95 5715
1382824 90 1606
4569560 18 4317
18887356 32 6700
5911244 78 6829
2400286 48 6957
965400 85 3699
6804182 6 6832
14384806 50 5355
18921945 8 8359
285471 15 1006
4292204 38 6993
1183841 87 7541
544536 33 9912
1353013 66 6703
454011 17 2392
139017 5 6350
37142791 55 9850
336119 82 765
3446494 24 6784
33587215 46 9628
4807776 48 9697
2067265 70 2623
95647 61 546
5507175 16 7449
14006039 7 9488
13731 57 2988
10486939 97 4819
78216 95 2245
18057733 44 9207
872993 76 4343
18348114 78 7290
1499087 82 2975
2030427 44 2316
4889639 59 4537
4080856 60 6499
841832 98 4403
5218432 93 9455
45918 28 218
643983 8 4092
11935827 20 9071
1313352 12 4943
23003799 89 7940
3017273 87 2706
86138 34 7412
1433990 55 2256
825711 87 1435
258589 81 950
129533 17 9657
293045 90 3462
170874 43 3001
23337972 65 8706
58812 43 4684
12005640 25 6280
655595 99 7489
59468 42 1056
7111097 67 7239
2052 37 2923
333755 26 4061
9108889 27 4358
1559540 54 1722
386783 85 5975
2594580 91 2657
3417701 2 9108
6022734 8 4519
1220621 33 4735
228658 96 1512
5946932 77 6117
10439453 23 6001
283904 39 5037
621060 85 9295
3152025 55 5491
12463757 73 8521
13706079 24 5210
11808409 65 6718
2798557 100 5762
17118192 17 7436
8300 24 258
2675123 42 8403
2256982 8 5480
297263 64 8887
1 44 2838
4378108 90 6282
281470 86 3695
147067 7 1291
8459763 21 6035
188693 84 698
292411 3 2343
26932608 81 8019
180692 42 3369
611301 14 1619
319884 28 5141
2895297 32 3280
23613 70 3769
1377519 26 3775
598996 44 4045
80343 35 3858
21593912 30 9282
13983082 96 5208
1 51 9244
1 51 1434
2733662 39 5108
737577 80 8466
317176 87 1243
38986408 21 8735
179022 13 5455
785174 54 1881
6451294 21 3549
5949859 68 6913
3438623 81 8973
8914020 45 4921
111822 15 956
2753210 99 8435
30887310 72 8150
6723802 26 5247
1503778 28 2558
29411 52 6480
17482308 19 6916
9184943 18 7048
10306 57 1104
38616 92 420
1186372 69 4602
25447891 61 7465
3301558 66 8938
11601311 68 9132
118065 40 431
2116415 27 2083
22681856 6 9279
5817711 55 7048
2170722 34 4407
30912226 56 9188
10993 19 241
71121 35 1531
1033786 12 4473
323994 6 6373
1 90 468
92308 67 4956
2845134 61 7578
534182 5 1149
11643756 7 8640
3813083 57 3689
9702192 2 5950
1429708 7 7362
2108070 82 7418
101091 20 6715
32574 51 9508
198723 25 7134
2910116 55 5030
206947 78 924
3274011 48 2578
9287827 1 9262
2787927 73 2319
2208158 91 9894
6721594 67 8101
10968272 36 7814
1017020 47 3288
208967 82 1660
9621959 19 8246
5128844 99 4585
747009 43 1681
27358170 8 7623
832905 57 1384
890542 72 1826
869304 67 2601
12085035 20 5781
14948651 96 8002
10358529 47 5616
17927504 91 7414
271 96 356
1573622 37 2668
7832111 35 4912
11586782 42 4765
23187982 84 9319
424900 3 4061
49285 43 338
3680996 49 4803
4300 19 6339
9452318 32 4735
211205 49 1304
24468192 66 7548
4304186 13 5107
99535 19 8117
10639322 38 5885
5637685 62 5192
4869098 8 5081
1483966 20 3731
20628553 69 7491
5554641 67 8050
573 100 241
17221 39 6219
4778349 84 8821
827677 81 1400
11587559 60 7659
10017427 74 5549
32061585 83 8989
14893897 49 7283
20792 52 255
6447663 62 3624
1271410 100 2643
20328 57 3629
968951 33 1837
83430 77 1018
4046177 13 4315
776374 72 3513
3094593 97 7111
1172280 83 1868
18838105 27 6660
36143 81 7110
8718685 42 5985
12080998 58 9552
20251544 34 7890
1191785 42 2784
1403099 34 5403
28635902 40 9346
6146243 27 4348
3921 82 171
5760676 7 7506
485111 14 1140
5399240 93 9418
725154 69 1478
35184 69 1772
1924574 8 8699
811620 37 2453
447226 52 1072
2535921 98 2464
20720305 9 9849
1449142 58 2190
1203441 69 4121
45339892 22 9505
287114 94 9996
151737 33 2782
63093 37 597
513 1 631
3556928 41 4765
72379 46 425
3747912 5 4894
5580 80 820
1222417 86 6070
17752922 22 7912
1221 77 1457
5480072 26 5561
38241 78 239
5300 80 6868
748 24 1560
590797 93 1189
241928 46 2608
633887 26 8239
5210208 7 9253
17228442 52 9231
841918 67 3318
962906 68 1383
5763319 56 4879
226914 72 1644
15200278 27 8561
1508999 62 2169
14831044 78 8260
1257297 5 2363
26554 71 2055
8540 95 1201
14653 45 175
42570755 21 9795
1 68 122
14554 58 1132
631080 75 2366
261965 38 7784
444093 94 8600
1 39 223
8193109 46 9849
1 85 1383
352266 71 2035
6261261 47 7394
83346 2 2319
27637703 27 8373
15711415 98 8723
17937670 99 8800
9852186 39 8735
4285645 91 3008
15054165 67 7673
2870812 88 3019
22228 83 265
5624096 23 7481
570299 55 1482
14232203 52 6369
14127 72 7623
93987 44 574
541528 29 6327
11219203 33 8317
505990 98 1123
1 81 995
112748 18 513
1709085 27 2513
51138 87 3091
12158664 24 8789
670751 95 2921
36324 42 198
29639186 28 7750
15822861 49 6665
21942 58 1861
90921 47 530
23890200 73 8906
1123737 46 6660
451567 99 5596
172837 65 9427
14005708 38 6936
159231 1 1930
17525946 29 7443
101635 57 742
1588715 25 1699
3705565 53 6404
5517806 78 3518
20752 12 227
5729421 36 4113
213543 51 2023
232394 10 1440
5145599 5 6341
9392 73 231
60254 58 381
15922887 11 8731
14292374 98 6905
15289 70 4771
400500 40 6217
13899933 23 5689
502989 28 2353
1 69 76
431574 90 1488
3223394 100 3512
4456374 14 7579
33923 96 5047
221797 62 5997
16608086 91 6216
21903110 12 8962
663529 56 2749
9510483 87 6099
11603399 19 9326
942710 60 7112
2994056 76 8206
42960394 86 9475
226366 4 759
1556066 71 4451
119375 6 4261
446899 66 6841
11002696 40 6830
15547 8 489
9412824 66 6554
890 10 286
7172574 49 6518
3435053 51 2974
830032 49 3445
42260 17 6215
6861033 48 5755
12034025 93 7935
418395 56 2307
2456613 28 5889
2442556 57 4807
7337380 44 3962
7003550 45 5201
18573177 4 7589
3702727 91 7607
8903405 94 6246
1697832 40 2767
2294545 30 9405
3313 40 5514
18297743 79 8845
9603263 29 8011
9793027 19 8007
1489 61 4219
446506 74 1572
832514 65 2906
271282 77 2810
10351212 17 4551
973706 54 9286
13151641 71 9921
862553 65 3898
3971700 100 3682
1242772 22 7104
201290 28 578
94339 77 376
3150124 83 3474
601060 57 3042
1286331 65 2855
200821 33 3324
14528013 38 8672
107092 22 8667
292359 30 3085
9889 1 514
4249206 36 4828
15043675 67 9288
26557 99 4501
4591755 4 4839
18190619 46 7970
21577371 83 7082
14779173 5 5368
31179557 26 9052
20542547 37 9792
337720 96 1344
3603533 78 8384
1592105 81 9176
1299972 89 2004
350983 73 1112
1068379 73 1513
2312308 79 4246
188540 44 971
659301 77 3277
198118 31 5112
3226287 54 7324
5674357 85 3806
871993 97 2309
1064394 15 6776
17862939 60 8918
5472438 93 4378
12696456 6 8043
4657 43 1490
572011 71 1013
3393563 74 9883
17784056 90 9378
2276626 96 2978
1390220 59 2210
22089777 1 7984
11439219 59 6640
2055649 3 2106
9113268 29 6935
3865560 81 4083
266988 97 4137
15595752 88 9032
1190787 56 2051
40220 46 1898
164311 32 4506
1006952 2 1424
149939 29 5080
2285 41 549
4764348 44 8765
1 97 2740
3823561 80 4468
8588654 63 9073
2158294 93 7288
20453565 67 6462
542909 31 1527
754186 56 9874
1562363 35 5774
10463734 33 4924
5025 70 410
43151 97 3229
9013909 79 6398
8025 36 258
2326605 42 7830
15391 100 176
1661623 74 9808
1433529 76 3398
9974231 42 7778
2581603 67 6479
955377 47 2376
11278543 80 8964
29985293 49 7780
80566 18 1125
4116624 44 3417
597483 85 2655
3461517 14 2588
188708 62 1095
310182 91 1108
2457375 42 7407
49272 10 4707
23617 67 1818
623499 77 2052
19644596 75 7066
860850 74 2210
2404659 89 7875
1 44 761
2526523 81 2628
3687329 28 6884
235434 71 3235
207525 10 5054
5867688 79 7430
6451573 44 3987
7044548 63 4957
3003582 60 3969
2537113 48 8607
29861 14 6499
5200351 91 3503
544650 93 1448
155083 70 6565
34691565 4 9538
25053233 87 8193
21071200 89 6421
601210 41 2385
124784 36 4072
3597119 63 3488
238060 4 920
391430 51 1534
1505780 20 3048
29996337 63 9934
8478607 48 7260
9973878 6 7551
5445984 13 6231
6254449 24 6422
18958718 33 6318
838726 65 4122
749603 75 7774
16296328 93 6475
2790066 53 5193
755687 86 2186
194155 85 1535
941243 99 7259
929937 9 5535
24289273 57 9852
2925119 75 2381
1375250 28 2585
37731064 2 8679
1 81 173
347891 51 3717
46258 23 7496
1437733 16 6129
16932914 99 8293
177870 32 2487
17042987 78 5766
9377748 45 4340
1356786 80 6836
3649915 96 8603
6966971 59 4535
13186310 28 6537
10647334 53 7175
8966283 2 8775
29867 74 757
3623919 69 4219
4840703 44 4459
932279 16 4549
8270904 2 6238
7842 31 47
8036206 81 6256
18240560 27 8614
32498697 31 8134
315430 6 6400
8613924 90 5124
7872110 53 4033
312436 63 1967
21123910 56 8047
39630 89 300
25335519 23 8462
24702293 68 8451
35417438 76 9509
717036 82 3383
1693872 98 1881
2366503 11 2160
9864540 36 8232
21378123 26 7987
55635 62 5124
421287 59 7230
6942629 65 6812
9024032 53 6892
1579597 100 1896
6517397 61 4897
1411956 31 9238
1757708 4 2959
812705 98 2379
1304738 90 3075
1838350 21 2180
5516 57 906
9501104 79 4518
932660 52 2652
65086 39 1309
836734 95 1846
23239 76 205
17087 77 2715
671039 35 3591
3114831 68 6105
7972270 66 5401
3069509 97 5070
7133301 62 4160
1175 23 2591
2450710 34 3645
285945 56 2520
4259501 70 8205
7320362 78 4514
593022 22 1423
591521 83 3051
3373033 36 3790
559829 97 3091
5272450 20 7255
36936 54 688
1831144 2 4253
809355 65 2384
1169779 75 5547
2973623 4 9933
1637171 17 3896
857761 71 1231
198284 90 980
228177 6 1427
29221 38 327
597914 15 1682
940689 24 1723
280105 94 9093
2598202 50 6026
989337 62 9959
969881 44 8259
15057299 1 6968
3351098 69 3142
6667 84 3584
12128738 51 9601
1217 21 31
784141 65 2087
3719709 48 9739
1778075 7 3911
14254805 11 5436
1100684 11 6665
8877262 17 7288
3486180 99 3613
3005698 8 5325
1555569 90 7915
8342369 44 5721
399582 84 4728
1 82 448
2696927 69 3442
1026313 26 2258
1645275 68 3509
3296 11 1133
9765390 92 9316
2331817 31 2938
5277614 36 7711
4723070 27 3623
2193667 76 8726
3891493 79 4564
85985 50 5544
8918 74 3057
100962 79 517
12523530 84 6668
266278 50 1184
6938862 57 5736
4840436 2 4569
11790536 23 7774
1359037 34 4150
1540603 37 5905
3500608 30 7744
7475761 27 7195
9119692 85 6269
81776 94 2980
32975012 31 9328
32007 27 302
17215047 96 9981
3874 61 7665
8357673 59 5696
12925 28 144
544363 74 7709
27609884 95 7765
187753 41 3344
28643 25 1969
53388 99 1555
14698137 40 7639
23328 62 7354
5255681 19 4245
38278 54 275
13554670 48 9604
3202253 97 2870
12322474 85 8304
405225 68 3380
15008679 99 8775
6610446 64 8092
12632876 30 9004
6627 24 34
19858951 50 6494
5141824 1 4076
2563 28 3878
1770887 87 2561
9110215 8 7627
3344229 41 7513
7777546 69 9579
20097925 71 8989
312479 34 1038
9272290 53 4402
4282406 18 7316
2628150 9 2856
80977 96 789
15246716 73 7589
100384 100 4187
370129 79 1280
273445 54 2349
392851 71 2677
110141 60 1482
1401944 94 5770
1175676 88 4657
1 66 172
3110125 74 3304
4146081 77 7147
476702 40 7120
258007 55 7134
32826 20 1866
688223 40 3670
41667504 84 9528
396990 34 2355
27123539 6 8226
1011415 2 3494
7891464 76 5767
106695 93 7726
1807878 100 3742
357146 29 3105
64970 36 426
1444480 61 5285
235638 2 1378
9136315 51 9563
905336 78 1716
3661143 23 2968
5379839 22 7965
16611887 23 6883
10211 41 2524
4623282 68 7377
489 52 1532
1 83 414
36076444 67 9263
2923446 26 4140
66723 37 624
1785408 2 4339
2201672 81 8689
3583253 23 8482
21005399 55 7885
11130316 23 4955
780718 29 3016
13116528 40 8858
29637 8 8088
3266273 12 2627
59502 47 782
102142 57 4521
3261702 70 4569
103493 53 4340
22613417 26 9810
21715304 99 6643
20397037 71 7969
2034703 1 2046
737090 78 3422
61310 41 1016
6896513 31 7492
1 100 3617
265859 13 6884
219765 62 2779
19072184 69 7015
186383 26 6725
121185 89 1701
29016921 84 8928
7049889 11 6897
7477947 61 4792
25075120 64 9510
2684677 35 3590
12811 70 349
4518 9 3081
15517164 16 8052
60029 89 3737
32332902 63 8623
817 8 2453
961771 45 7855
577238 83 5610
79910 67 910
4323915 26 4160
1509108 74 9938
649 40 123
2224600 57 3155
2787783 75 2385
554037 32 6723
947 53 133
178787 99 607
7117532 5 6284
12667206 76 8717
2331654 66 3647
1518197 92 3458
3189622 31 7856
183796 23 660
1512 12 1705
15351 39 537
8076294 69 4185
3864550 6 5642
1373744 67 1587
25236734 35 7353
2589558 54 6463
1296313 83 1650
283478 83 689
165551 93 7158
7246699 19 5229
11727233 95 8781
8136990 58 4503
28602186 75 7653
763156 77 3801
7536308 2 8887
1421904 36 2378
22999100 77 7214
845932 79 8953
107362 22 3231
16342001 88 7376
13014888 3 7313
335604 100 9793
73004 38 4742
28171 43 775
170050 82 649
2387985 4 7074
228732 97 676
2063039 99 2616
28761155 53 8882
454464 33 5702
1328663 46 2644
3615775 79 3144
27976078 67 8411
15865189 50 8731
6645851 62 4179
7825 97 6137
30564313 24 8206
2659733 28 9755
30199765 27 9057
124164 32 4033
7269815 80 4626
275566 89 2115
498700 24 5185
2748194 9 2384
24843741 33 8575
7937072 2 9494
5004877 54 5195
1508838 8 4619
2289054 35 3838
4298276 51 5358
571614 71 4602
14750870 34 9272
1005238 10 1482
5163615 26 6563
446 43 264
6293190 36 4883
6100561 39 5947
7164962 70 7020
15610 4 197
859073 5 1974
8077 46 918
1116067 13 7472
1087104 47 3252
16872075 95 6201
579730 28 3286
4987084 59 5609
6364470 52 5366
1167081 20 4166
12505956 68 8052
990165 46 6679
479110 66 1503
3210597 16 4187
1 99 805
3273393 16 3859
6615794 79 7029
4677646 83 7232
258499 95 1106
7355256 68 4284
10201888 54 6466
14404 7 98
8169396 41 6310
1999442 19 4391
25432620 23 9471
11223333 62 9195
52311 25 980
7289681 22 6658
149780 70 2135
20355368 90 9916
1060557 52 2296
678471 52 7614
8439629 91 5385
1080531 75 5925
10284677 32 8504
3400820 94 7230
13140645 52 7959
7705805 29 6041
1940108 27 4616
35806019 14 8888
4162171 52 5355
32692715 68 9661
1899556 98 6095
299218 74 2407
2250718 72 2099
972907 67 7778
17689485 15 6375
15975351 77 5788
248023 8 1194
5059908 99 8720
173557 23 8161
104891 20 598
304180 76 2875
23682 41 8139
12818957 26 7384
1910600 76 2299
13965078 81 8705
172116 59 2804
885524 32 4663
4698008 8 8915
74016 37 2239
8654332 27 4874
232395 25 1166
312380 27 1513
15397441 18 5695
5898697 86 9104
5401668 22 6146
4049011 71 8781
284553 100 683
1767028 10 5641
209094 6 9941
2043024 72 2259
26701331 31 8412
4066146 4 6844
3750925 55 7708
38107335 68 9145
1003149 20 2503
7020512 51 4573
2930967 35 5744
18200 32 2822
892654 48 7512
2257599 11 2536
7474186 47 8661
740 9 9595
2685586 24 8123
5244971 14 9777
3007484 96 6792
385219 79 4708
4030705 29 8297
6794615 77 7455
55890 39 7500
7314270 88 4096
2590466 91 2614
11207816 47 7096
14583015 33 6679
22325601 64 8062
161780 75 909
18088265 6 9934
17610747 8 7000
158741 45 2083
10975840 49 4896
1506117 91 8093
1188119 45 5918
13523 13 569
2590878 25 6248
115484 98 1517
88387 75 1878
436389 5 2053
7507502 1 4249
4049230 93 6563
20389408 11 7856
2784319 18 3563
1080988 15 5799
222248 96 1040
333431 91 8441
1623286 92 4418
142890 23 2775
4143265 93 7044
1459456 63 4884
4712955 12 4293
8001860 75 4968
10430563 85 6962
611785 1 3367
9580810 39 7786
5904 35 4804
496765 28 1186
10436553 89 4589
208119 69 6133
7066602 34 8195
12502 7 1146
735615 78 3268
2786601 15 2300
4185093 52 9255
4100062 29 8205
6128495 41 5374
9705680 34 6741
5590682 61 9296
5384147 22 8724
588612 45 3739
12719737 55 6409
341353 55 5808
518835 72 7494
4512507 34 4817
1876509 41 4383
643743 48 6329
12078665 16 6501
8503578 60 4247
4042333 36 7633
26217 96 1818
436677 89 7030
5570707 70 5855
14770432 8 9136
141120 9 735
307946 68 702
958009 35 7078
7359230 28 9777
2538268 67 8653
1492997 19 1716
147789 10 1377
1263 20 383
20112955 66 7006
27544623 97 8456
8495553 9 5600
1 76 5575
2393087 73 6179
830786 85 1572
6503595 92 3697
509340 22 2834
14016122 50 9234
1 68 1827
9824383 80 8031
13364802 35 9412
1056023 49 1659
9728579 88 6756
1452015 66 1801
8068592 20 4122
4136240 84 8465
13327 41 90
190635 36 732
1 75 388
963233 85 6091
1102743 88 6362
2166045 30 6260
24450566 82 7151
57792 26 4002
5593098 16 3666
2727191 35 5972
7982415 85 9976
395695 16 2531
21036 99 728
808974 88 4168
21159333 94 8910
980865 42 2092
3008 17 5766
801178 57 6600
13407524 4 8979
9871381 65 6187
312554 53 2498
1269786 8 2338
702125 98 1935
8106 81 1135
13581932 94 8951
3796920 18 2752
884958 83 2492
17659554 22 6655
6577419 27 6580
11799683 92 9595
3198176 100 5115
159160 16 911
7814076 9 4849
12208664 38 7323
1995666 2 2342
156237 45 2637
531255 47 8773
9749065 100 6396
21979631 82 9375
296395 43 3041
5443703 70 7846
14312422 52 8349
19331499 99 8402
42263 38 8044
199041 63 6181
40963 21 450
22588 61 821
9194134 9 4277
7545800 91 4654
24820626 15 7016
558526 65 3856
25380289 49 7808
605936 27 6934
832446 92 1472
1678089 38 6634
21920802 84 6665
7078944 42 7570
14723501 85 7907
725433 77 5061
725953 73 8265
12923894 39 6874
10322339 23 6893
6798 11 2488
32922232 54 8488
661458 26 3167
11139 54 5339
13881464 24 5299
4587100 83 5505
866214 9 5048
1640 52 4937
2857497 55 9569
1334374 61 5318
2247807 47 7035
294393 57 9768
3891369 68 3451
19728925 21 9426
36367921 12 9528
551705 88 1700
2628492 67 2967
7333410 2 5343
1 61 112
43642 26 3032
9331 30 5621
725922 95 5977
1990856 82 1938
11459149 11 5662
341885 25 5663
1440091 95 8758
12357731 76 8396
3174444 15 8923
1393570 46 5401
102752 65 1294
4476549 77 5092
158827 34 5891
35250 41 2047
2180437 21 7737
30214530 82 8199
23843 65 4188
4740971 71 5231
1043217 85 1576
33771 56 4350
34211245 39 8681
8473426 18 5929
11914894 85 5862
416589 91 2661
9614612 79 8589
2633538 38 6107
96482 96 7218
982749 14 1559
7790633 56 4528
251298 7 2970
1313446 13 6166
1709314 21 5527
2045617 17 2820
27546865 55 8006
1335659 80 2257
44170 87 8275
2764698 44 4492
12504977 5 8164
10128318 42 9725
8106153 1 7411
20941851 70 8503
7691982 58 5276
1480378 61 2126
86 12 202
127403 51 4120
1622568 52 8541
19276410 5 9385
2930842 99 6651
1613457 4 3656
9507702 43 5251
4069864 42 5416
162721 16 632
838660 60 1572
2270182 21 4987
71463 48 1174
14411364 82 7478
25912532 99 7304
9707818 47 9828
603128 93 1378
5429969 73 4887
24905 44 841
790173 8 8249
2059937 94 4734
10541695 61 5138
41086535 64 9194
2239508 30 7973
8216101 88 4199
3012730 81 3445
280686 90 3387
1411537 33 3572
1677079 29 6278
4415 10 503
801242 87 7426
381101 48 1004
1658590 32 9366
138790 44 5018
908703 83 1392
29441013 70 8070
1870554 100 4260
21158089 17 9277
204330 53 4574
25175980 89 9160
26711944 90 9537
14884481 20 7680
14928 25 250
2210795 53 5765
199475 16 3309
3346911 44 6713
7893099 47 6580
158605 88 1546
6007136 45 4216
30386910 88 8887
397365 31 2886
1988427 96 3090
187 23 868
18378799 22 6063
5615401 37 3581
22260 67 459
40885 82 314
735528 86 1457
821597 46 1814
294057 13 6140
7764440 32 6372
6373667 63 3962
1319621 39 5060
2901590 17 2552
1174374 98 8522
1341919 37 2002
4424906 79 2930
1677433 39 7312
11550675 9 8550
26587954 33 7537
6313259 25 5265
2674603 87 4934
11227594 81 5745
76037 58 1646
2233913 83 2798
16591611 37 7794
18644384 54 7198
1052456 60 5586
1007444 45 8929
2389987 74 6011
387629 5 3741
64138 38 2300
8056873 100 6824
1324494 42 7034
18802 83 2185
108689 26 777
13060434 94 9850
10848519 4 4742
6025856 87 5067
17186100 57 5907
903644 75 9134
3148151 31 4407
6367384 70 3646
806014 5 2737
195763 61 5569
1909378 90 5725
1 91 163
1727907 62 8225
2106916 81 9148
2054986 93 2096
797123 57 1920
1286391 88 7183
1717614 47 2613
173744 78 5309
23929884 69 9996
1381462 17 5975
184593 28 8397
13318111 92 5244
1335221 16 2556
890755 94 8203
7733327 96 9045
918948 12 6347
3552234 20 8139
114569 81 7680
1991334 78 8919
2712298 66 2676
1638442 20 7788
1 66 731
1 57 159
6675325 84 5842
35288911 26 9350
20835222 7 9700
4242017 79 4213
40906 48 878
901716 95 2865
1084621 11 3788
1938755 30 3690
1695386 26 3208
1845316 51 9490
723544 86 5667
72730 40 1309
688501 65 5538
10128520 19 4545
222159 69 5252
137316 32 1712
3169151 87 6782
5086109 17 7888
26715973 82 8809
88151 53 660
584008 10 1120
152418 2 3142
2284110 3 7297
1 34 9319
3117912 2 5537
162814 74 7516
29211479 78 8003
133493 92 1645
289185 58 8967
2287225 77 5765
436801 95 2841
771501 34 8410
11807791 92 9606
20643 11 7874
1726553 60 5129
215114 7 819
16510672 12 7673
60557 54 1854
10395776 53 9498
568029 67 1941
10907 93 856
2307182 92 2134
22374097 54 9328
74334 78 3430
11580566 4 6129
367009 52 832
11406647 48 7914
2780224 25 6050
6265004 42 4721
2082195 61 2959
2999392 75 7578
48711 84 5040
11017952 78 6436
1267019 5 9272
9044802 63 9162
8833534 48 5203
6131299 5 3489
490289 92 2324
1455745 39 1753
84449 21 468
434635 58 1812
203183 14 1112
122924 43 437
3523145 83 2875
5821096 75 3369
642095 54 8427
704664 76 7264
22571841 24 8960
1353917 42 3846
694345 14 2603
33985 97 1322
14710620 23 7609
8106288 57 6113
3295165 89 3902
500399 88 5276
271801 17 4678
2038973 58 2591
1065099 4 1458
278204 77 9849
16939020 48 5731
29887805 21 9357
20954288 14 9292
120165 21 3369
17797632 13 6388
558897 93 1115
589019 63 1982
183784 29 672
5632608 18 5798
153995 25 662
650998 1 7809
1366987 94 8519
747705 49 7646
2621223 69 2525
2855897 46 2847
5157717 68 8713
66838 99 5401
11558768 38 4965
8193785 30 6862
30537308 8 7871
27836941 8 8828
946196 2 3496
41731970 66 9107
946774 63 1812
1 87 3952
10627656 72 6142
1999322 89 2557
3203158 33 4988
3203461 37 5774
2069965 74 2847
5347231 72 6147
10768 53 6253
8256 58 6328
7277893 86 4474
6361325 94 7971
3462317 74 6097
14116297 35 9673
21546 85 7491
5009625 79 3177
89287 57 1847
35972 48 5884
5329074 42 8559
1225419 95 1529
1074612 78 5565
16557378 48 7768
34301 25 1238
1777240 95 2053
20130190 49 8658
10864005 19 9304
32635914 77 9415
619651 49 3339
8798765 2 7536
5365851 54 5288
39662 68 1447
35836 59 1185
13263708 91 6337
38072080 92 9755
21366 31 365
32756962 43 8090
2137832 31 2551
1860948 80 3268
1691853 8 2040
385407 78 3363
1766 70 937
72782 63 5421
1722534 92 4075
17552419 1 7821
4484028 88 4046
61907 4 2628
6078372 96 5751
5365111 12 5381
718597 76 1340
470228 62 9218
7995405 98 4622
1171333 81 4601
374584 10 3578
27443180 2 7536
792137 51 4954
412 34 1557
22587 7 4952
24587544 100 9344
6101348 48 3458
57289 98 1276
17139313 90 8587
1848461 62 2161
8967 96 930
12456941 36 5869
2343803 55 3089
10207402 4 5740
18342720 24 6026
205398 82 878
414254 66 3104
706627 4 2577
864157 10 1898
4990 72 7994
13295158 99 8748
24562554 27 8560
7796 15 624
11907363 39 7102
4004801 57 6785
2217884 99 3430
28734 80 2807
2385814 87 9514
19479592 40 8614
56350 77 412
15492 42 3686
591 31 1045
640779 66 9180
14707647 41 6872
9747185 69 5452
30935710 71 9419
15500692 11 8644
3525250 2 3454
6300142 83 3984
9693691 88 4741
4975881 21 4740
8750 24 791
761156 10 1265
8935842 69 5606
20599051 75 9547
2244093 28 8681
9341782 24 6068
215017 99 9290
1862337 51 4884
19752209 65 9892
356133 18 1006
590683 97 2817
8246596 87 5869
9784385 28 9887
87498 78 1216
6730340 91 9919
3602700 83 2764
72414 30 887
22067410 42 8037
76265 35 5549
5008 5 25
117712 50 2686
20032752 18 9504
2711583 95 4344
203377 55 582
30887240 76 7967
3655008 68 7870
10720602 79 6789
10180294 20 5106
714344 27 8779
1769163 94 6019
1044445 69 2523
2869104 6 6054
24862 16 5653
4920 9 8265
852 13 1303
18741762 67 9736
2150351 71 5457
58697 20 7662
8706386 68 7022
16307174 85 6188
10805064 76 6619
6330 21 3348
1882060 4 8331
6026568 90 5228
879963 67 1279
18029 17 768
1990569 26 1912
987548 32 4583
4880209 99 4943
24536 6 751
6270887 24 5011
34862 8 1812
2365417 54 3572
127271 71 5652
5816 11 2456
31598 86 225
192 8 5119
17709036 27 7237
85206 62 3234
18632235 60 7364
923412 13 2358
1 73 1566
9941082 35 8516
36746782 95 9656
14742 15 204
18886 48 1633
10936918 65 9644
8374645 13 6926
1940518 14 2347
279706 49 7316
19677045 79 8634
81441 10 548
4541122 58 4317
146005 94 2790
12627615 47 6830
4368363 27 4000
91749 56 1031
3004579 76 2925
9753135 76 5280
439140 5 1419
1703321 46 1837
7683608 8 6271
5694803 28 5413
2127663 17 6884
1355370 82 1567
3729292 77 5562
948420 91 2281
14885886 97 6356
513581 23 4924
1624974 4 7416
10587876 55 7116
6042874 91 4280
1553544 96 2142
5130709 25 8345
13017653 2 5692
25322192 41 7952
15256707 51 6403
319217 76 925
175088 17 530
25091 82 949
4639 75 7977
814118 26 1562
555710 39 1298
4744032 52 3375
2509269 61 6740
249447 69 5669
8962506 58 8936
18515259 23 7780
6396154 64 7856
121418 56 2331
553338 2 1437
71643 63 8246
188513 94 1447
803588 10 1196
13520 27 976
2550828 92 4939
824778 24 4016
397709 52 2683
1804123 13 7574
21218362 49 6846
79501 76 861
1019160 71 5179
1623238 18 2391
16133858 45 8832
709203 98 4788
115568 76 2253
1821577 90 6436
4793 25 179
1761335 35 9290
1616569 21 3534
1 75 1413
5568518 87 9504
854946 20 7753
3629070 78 3033
10578017 67 8222
39906 16 3215
345285 39 1879
23036793 22 7540
9356046 23 7694
3435139 25 3239
41944 9 766
1536308 75 3110
3037213 22 9069
1935819 37 8522
35264813 18 8633
130386 4 3590
7197012 44 8556
12714591 79 5411
16596147 40 8401
2586633 25 9559
3407715 56 9404
6148532 56 5492
1004386 47 2705
55918 14 1279
1 41 95
5197536 69 4642
3252195 71 5820
447352 65 1480
434803 83 1187
2623433 69 8257
5792564 77 4207
6645471 50 7941
265126 15 707
1225867 48 7363
136959 19 911
381475 71 2319
1501563 12 8075
5121797 18 6242
41301 78 314
11860219 15 9504
1582664 66 5386
2634599 22 2388
8082963 44 6762
5128 93 6169
183063 81 1750
10392464 85 7615
4592068 60 3042
172631 21 3132
10145631 51 5378
41619111 56 9729
1498289 47 1871
5789 87 2448
79165 4 911
35421029 81 8985
94784 42 1017
21900549 9 8976
174738 89 1388
1869846 44 4652
1376305 17 10000
15418466 44 6300
36634 64 1532
154198 10 2564
2517 28 707
856481 87 1229
1987007 94 9329
3243085 97 7203
718500 87 4538
5176 86 8483
51064 84 553
10219820 95 9195
68893 79 1034
13731883 30 5834
525193 1 4452
352363 53 1300
499519 51 2233
2233159 56 4192
93116 20 8130
16686989 23 7622
42350 15 9247
8733198 96 5668
13110101 97 5197
148524 96 637
2608210 8 8988
7423783 43 9046
7268821 64 9829
152419 23 6007
1874576 40 3213
1621901 57 4651
20095024 12 8692
1572395 1 2155
302109 13 3037
111413 41 480
565251 12 1708
444216 91 1388
11927323 45 6092
1427887 78 2143
68963 53 6580
87589 65 3237
1255372 56 1739
7662674 45 5693
965846 92 3721
25361667 64 8199
3013 43 149
1259941 32 7240
3612170 24 2631
3615921 59 3480
812701 83 6864
4523396 24 5970
269347 71 1206
277533 50 4865
26058 54 5940
8162162 86 5219
507259 66 4168
7030985 72 8526
2782344 14 4550
1364323 36 2067
75569 73 827
42385237 69 9322
353316 41 3957
27265964 7 9069
592393 42 8672
14460320 46 9620
2761985 33 2847
461102 60 1713
3802775 97 8901
57179 41 450
19880 82 4245
208759 93 4603
55044 56 1933
186517 39 621
6357 50 127
124015 97 593
5024101 43 4700
10095 39 2558
24126 15 1570
3360429 80 7664
3300774 30 3637
648485 72 6510
34 1 725
40061 76 493
4464762 89 8481
23792244 100 9265
10730327 56 4921
759005 65 6184
14916651 71 7769
7416 86 5924
5267 93 352
15477 24 4059
15226685 58 7238
6400032 23 5253
20794845 71 8304
28810 29 673
903991 100 3330
39202137 100 9827
1714821 15 5477
166447 24 6719
4942989 41 4028
5546785 96 8046
161955 68 3501
11603475 29 9049
40956 1 2150
19635323 6 7096
18476981 66 7540
4930503 41 5295
5811492 88 5179
20513877 22 8964
15250100 6 6054
1 82 661
2935 20 74
3201456 14 9994
6680642 65 3587
3002030 4 2470
886872 77 8422
25843 64 7779
971905 65 3556
25749452 92 7688
9231862 90 7830
26595 46 1043
2606453 54 6513
11195 43 348
20949 76 3149
1268225 28 3639
1282730 11 4128
264156 83 755
4049024 15 7531
13006990 35 7065
21962855 44 8901
107716 2 6233
455752 63 1492
1135618 82 1697
769816 92 6047
513390 81 4992
15253 33 1644
15218018 38 8193
566019 100 1659
1727792 97 2925
511369 14 2411
69806 70 9015
49943 30 7742
983888 28 6720
311893 9 1748
448685 19 1330
40663 15 386
4997238 16 3694
3048821 84 5733
2587581 77 3025
35074508 81 8944
20466670 89 9588
6958951 83 6729
53309 28 387
5297390 27 3969
19055616 65 7762
1 61 196
20745381 80 6731
837599 39 3778
13818827 68 6164
402825 36 3324
185838 41 2119
5930754 46 6129
19011966 1 9021
3296476 68 8751
1221668 37 3478
7457551 14 7601
6569705 33 3544
78027 36 638
490499 51 7453
90459 80 4491
10441726 54 4763
14528247 49 8236
5122996 22 4791
60346 7 6713
45992920 67 9850
4815449 17 5175
21205758 62 8608
126515 97 5646
5992503 31 3702
2115524 44 2153
3061516 23 3084
3233034 40 5074
5587902 87 9438
114913 35 694
4741618 16 5357
5014095 82 6669
644331 43 3245
2948 7 5447
3828931 35 2723
3759080 89 9962
3637052 15 3630
7323406 77 6403
1559813 59 3036
73897 69 310
19193441 51 7587
658004 93 1065
5654369 32 9265
3086646 73 3247
11735093 38 8415
3633241 53 9462
503843 62 5449
12252449 23 5048
25776537 42 9777
12098803 66 6984
79752 68 3466
2716987 66 5370
14847158 27 5377
407217 98 1277
265610 62 1583
5169011 53 8417
37249 74 1779
1318710 69 2691
1419693 64 6686
1118790 45 2722
1021263 37 1691
37266695 74 9014
5212894 63 5273
1863446 48 3905
9891227 99 7619
1280388 52 2051
5090549 23 6747
1990568 1 4491
2129034 31 2484
458114 82 1423
384926 44 3156
1 58 8089
15923025 1 9587
2931939 78 7086
277112 93 7713
1594398 24 8153
3393045 19 7272
2389 14 183
110115 74 4394
3411195 20 2682
14597175 1 6735
2406279 80 5565
891644 60 3395
9750898 70 6821
585865 100 1839
31494 7 989
12469455 59 6416
125219 84 2052
2399191 85 6022
2026117 46 4656
1984 14 16
3572659 22 5545
4348800 48 3816
149936 88 8538
4745358 7 4657
6602635 70 4335
2262111 98 8883
4312886 60 3441
18994789 75 9855
3449707 45 5712
1954983 43 5948
75392 65 1115
2334164 55 6991
245018 69 4351
15888515 21 9808
4104069 78 6912
3497109 49 8434
231041 16 725
1 33 1978
594955 12 2704
3974124 37 6325
16129231 76 8741
7148073 72 7536
5392588 87 9472
557776 74 7061
1924700 75 3252
60936 91 398
5105 39 3530
13746718 44 9381
3119830 80 4612
16598698 78 9923
21620911 15 9052
311997 58 1612
20169088 66 6863
1662642 98 3087
594075 91 5030
2511210 84 8583
193068 19 987
758938 71 1149
2769513 36 4659
2286752 86 6296
26765596 85 9583
768648 66 1623
700242 70 5949
4540033 20 3555
2471586 12 6577
428375 97 851
11780594 28 9524
2433907 46 4210
5080896 96 7703
4361343 62 5395
403735 40 2765
7206353 84 5103
4720157 65 5617
1312007 45 1756
21227650 43 7450
4080144 22 4874
374377 32 1403
3274489 86 3256
5495580 11 3912
1660025 58 2848
26573 41 8599
6089426 45 8800
199192 99 1160
2075305 92 4876
3505144 9 5377
1004435 99 3679
13483091 44 5635
736058 18 3702
5290 48 1536
17725274 73 7761
3799247 55 3242
38042429 57 8710
432014 71 922
21129670 92 9749
69976 24 1433
13833370 88 6093
9927544 36 7490
2832496 61 3192
7457757 56 4357
46026 56 9420
419401 91 2798
3003806 72 2804
1013838 95 3628
12463385 59 5469
1103738 4 5189
402430 69 2306
3925606 92 7852
66546 99 4657
514856 89 1425
5004145 91 4430
949135 42 5170
3758866 92 6780
67304 13 654
4667724 48 3765
400826 69 6042
59296 22 1390
1 85 535
1317021 58 3009
46591 13 3673
97671 9 487
83792 91 5974
454544 57 4517
362917 52 3542
93552 68 2965
43514370 41 9877
498001 93 5457
711793 35 2376
97320 81 2928
2377276 38 5251
6756141 38 9227
2723727 25 5695
6736444 57 7082
355883 37 6969
2564478 93 9223
309201 12 1327
4802009 1 6011
66433 100 489
304435 73 6703
270351 13 5249
668327 3 9388
586437 59 6600
13988327 32 9678
2850764 74 3918
662697 65 7167
2895424 12 8019
41722067 75 9361
3669866 32 3858
3611712 68 8788
160782 27 1604
77012 79 1409
1069030 58 2447
5574913 65 9819
11456892 79 7565
6970149 97 8445
6110741 22 4627
368297 97 6479
11339981 54 8125
162109 92 922
13864948 49 6020
12823491 56 5966
8276375 27 5255
37299585 58 9243
26794298 8 7932
5906616 80 6376
15530563 61 8845
1323208 41 8931
7671074 77 6825
2984108 87 5271
658610 33 2918
1138628 56 3794
2170948 100 2365
3569307 79 4553
11735 28 6954
12618856 48 4996
1 49 524
984053 86 1481
43702 5 4372
3500911 16 4657
3926302 80 2936
31547073 49 8461
6628860 92 5564
22883075 65 7680
9576413 27 6809
391106 71 6780
147669 7 825
1 63 3212
639110 89 1718
33742 65 2822
8939043 49 5246
21329018 10 7126
2098527 10 1949
5566819 17 8021
6189013 11 4714
3846293 23 5115
32193 56 4211
11119433 25 9412
25770637 12 8165
12852114 55 8146
3270 74 1997
9186404 7 7997
125412 88 1432
20308540 62 6851
2240476 23 4928
84648 98 1669
43913 90 713
23693 64 693
22825 2 3686
9671633 35 5987
287478 13 4410
2122497 13 7853
87204 22 1298
2764787 59 4692
1181738 49 2504
202360 6 6089
8804266 90 5308
966249 52 5224
3020677 56 9303
4793110 34 3663
2773457 62 4821
1344459 98 8705
198159 23 553
1242670 36 2690
41783337 28 9900
2438791 52 3646
14290 8 7261
74382 38 1382
10144792 30 7672
5436305 32 5597
11355 40 3803
8943087 49 6999
309891 93 7224
261473 61 2048
41954847 92 9202
22466 31 9191
7624065 99 9722
45751 52 709
2510160 15 7977
14635 41 515
296251 47 2076
27652329 71 8338
121532 74 458
9417344 44 6585
854284 64 1520
1723772 80 3287
16442954 17 8602
322331 16 1240
53203 78 2529
2687099 62 4384
1768058 23 1988
101720 19 395
2722954 100 8260
1282876 59 5921
5793572 90 5435
3503 10 4840
553486 64 6351
1266894 85 2164
340069 8 3450
326 77 252
1237182 29 2969
2103172 80 3736
107972 38 487
17899755 76 9195
5791619 93 9329
55318 52 570
1491160 69 3997
1948820 9 3771
1290 8 185
22725843 79 9425
2839279 15 8859
130566 44 575
864915 46 7537
15332250 48 7966
2237179 34 4117
1930292 33 8602
3649 90 8510
17330296 91 7705
2030741 7 9338
32241 72 1303
1 31 1403
111170 37 1247
11401503 51 6666
17388745 18 6146
11299961 26 9666
1 60 72
423068 5 4760
2497465 38 2876
5613849 75 9846
6277843 14 4890
21091 87 5948
3240754 92 3112
7858624 95 9155
6491587 49 3511
23502256 100 8680
3240824 80 2646
148885 91 6631
81790 74 650
962414 84 2951
24142651 13 7329
494508 40 1641
36113490 46 9596
354568 11 5889
1612559 97 5175
1025907 85 1390
940766 58 4876
4980572 85 3067
8299465 15 9747
93537 1 901
32350071 49 8309
1 80 282
14150128 37 6755
13551170 26 5656
696784 62 1192
1028104 21 1640
5106276 64 3782
26638105 22 7492
4250169 6 3194
2579691 77 3530
9028340 48 7296
3264217 9 9826
14582547 43 7812
21538651 72 7377
235560 25 5451
1673284 60 3828
32801 83 8388
19023389 86 9503
1082008 30 1690
10865214 25 6252
12462085 46 7073
24621587 57 8457
18796045 46 6704
167027 60 985
198922 46 6088
422361 88 1518
125004 62 3598
5118418 11 4287
25446469 80 7204
5163436 26 7113
7397898 86 9729
12682031 71 4977
371369 40 2401
12214039 42 5467
213661 20 2612
1385034 66 2336
20813058 99 9789
945796 50 5405
1163897 98 4079
11546487 34 8683
1363536 56 7941
7486721 6 5568
7049656 76 9979
2554123 82 4017
1491887 62 2197
12398851 22 6616
23312 85 2228
3852972 4 3774
113095 41 5882
260654 49 708
15742304 64 8743
546047 5 8619
4066 72 6336
2907752 59 2969
477547 84 2942
4969829 7 8972
20581 31 4663
30819 71 3135
1 63 320
6798385 83 6012
625894 80 1106
684723 52 4233
12279215 43 6478
2416521 35 5817
25454783 100 9207
325053 99 4804
389820 93 2482
4445612 18 7123
5386774 82 3500
785426 89 5278
190773 22 7280
40677 37 679
13916334 16 9870
188953 62 2366
1282 48 9551
35309315 79 9631
931298 85 6497
7632018 10 5287
12436 62 4058
567569 50 7676
11946154 84 5657
12847861 67 8718
12977524 6 5072
5136162 66 3147
3304918 44 2769
10693 25 317
16647784 91 6280
17950645 8 6553
1 39 1051
11527 31 1905
1747339 5 5169
123542 62 2171
104472 81 376
279406 13 763
63870 14 8208
698 47 204
694869 21 6797
112772 1 8787
1712239 39 1818
1224994 30 1797
6638513 52 4415
34875 76 376
3365740 92 6381
1 59 288
2902709 37 8872
1358065 15 7606
372043 81 2850
2333578 32 4875
3649878 1 7054
1637960 74 3223
260113 10 1537
293867 29 952
4983608 53 4135
121511 13 9263
47536342 50 9652
2279062 56 8950
17915847 33 7680
30960136 50 7780
26327376 24 8631
16745066 21 6687
4048627 78 7424
2037006 74 3250
766910 90 2723
24643548 39 9198
185280 61 1755
1509195 69 1806
12164183 35 7222
1789892 48 6535
1362428 14 3452
3831445 45 3029
3397422 22 7368
3298 32 113
2631596 73 3677
3050 54 3722
745432 6 2833
45570 36 1478
422468 48 3751
2251131 32 3272
40895100 18 9545
9255026 65 7135
2052343 60 2411
133714 76 4122
1632065 46 8012
8489287 32 9607
4975071 78 8276
1275780 2 4045
4352030 97 9025
902609 67 2220
8317556 38 8239
4618418 26 4689
2987270 51 8454
33460431 70 8823
1966737 1 8202
2503513 11 4455
6031508 56 4366
9108787 35 6648
11206104 74 7920
4199666 79 4469
6316306 99 6704
14047297 97 7298
7657097 85 5660
472820 83 1120
403 42 230
8684374 19 4797
2179430 93 5615
23377 14 1156
4523 2 4
11176509 93 7833
12847574 24 5052
1127571 3 5420
2214851 10 2032
2332703 83 7283
865340 36 2812
13611416 77 6077
66172 31 609
7982549 47 4780
11439958 52 5132
275646 61 7192
92415 54 891
2390659 96 6322
3898 92 1984
4049990 96 8466
610074 78 8222
11654259 71 6596
5501 44 3683
55250 65 4671
22162622 70 9489
557478 78 3127
502672 8 6810
647901 59 3153
1806576 14 4873
2077039 24 2462
59781 3 1754
267860 58 1027
176526 93 1863
1113885 27 3707
40777 41 7235
245488 66 908
399854 25 7636
854286 19 3296
14781214 63 6369
3212152 89 8962
44929 79 257
2848258 31 2837
214011 72 4162
1027521 50 3932
972063 95 8719
1752 3 104
30371351 46 7974
20156640 31 7973
1422481 84 2008
3391529 97 4124
19004099 9 7486
3064417 4 6174
2418149 79 2159
151624 18 1473
590452 77 1674
7118 40 6757
21115 6 3915
2719782 39 6106
4997745 59 9627
12979130 48 8778
7682 44 387
350447 77 2706
349208 64 3283
4116150 27 4673
2437014 48 2563
20781971 68 7489
30613362 17 8535
360604 89 1231
1425379 31 1862
2676446 22 2298
19142886 3 6770
11451314 59 5434
1836 90 695
79120 23 478
30627 1 1432
30309833 6 9686
21002135 58 7428
27886 2 175
426 7 1910
764945 33 7030
5755494 21 4618
1073730 77 7097
2687211 35 5654
10680064 72 6891
6876736 33 4054
4120683 30 4413
12622291 35 5189
2038125 58 2544
544153 93 2284
6283380 83 5139
7029801 91 8780
28288619 46 7881
1489111 92 2690
1478535 97 2255
3272195 80 4345
1371874 1 9087
40536 48 673
2951063 87 5024
365910 52 1519
13253234 23 9344
45072 49 1133
10928030 55 8067
2344444 62 4732
1074478 97 3554
5248481 47 5081
1401800 4 3209
4257220 63 3062
4087256 11 3915
79345 28 916
3280148 46 3769
13983131 60 7962
11347039 39 7471
4456500 95 4601
30707848 59 8808
728265 16 8940
2036001 45 2791
2597408 12 2293
252174 33 846
63955 11 3648
13412378 63 8941
3159923 31 3072
1342594 68 6625
7107739 43 6544
4193899 43 6753
20884 51 5592
2238388 39 3634
699342 50 8071
23213797 88 7283
9256587 73 4329
166966 89 7540
1136807 100 1712
171934 53 3100
363 5 1249
11812917 8 5596
28903202 75 9223
4346055 51 8081
1109892 99 2196
12825605 43 5559
207339 86 7304
12258 35 616
14072 34 258
377333 12 1389
288940 18 1731
22215544 19 9911
1409271 87 1970
544090 91 3862
8150914 58 4523
21134 1 140
6730064 58 3819
33120662 66 9339
17290 60 291
1004 46 689
18958194 7 6524
2708338 37 8749
30942838 57 7805
76244 40 2460
482288 9 3309
564807 55 2667
3666288 97 3183
8074293 58 4783
97115 14 1130
902458 96 6343
7846003 4 6183
17923806 61 6334
831182 66 5572
4552332 77 7399
2172678 14 6446
24871789 36 9981
2629441 75 9983
184604 3 5468
15267412 26 8509
1498156 71 3297
17171555 85 8014
23546881 23 7093
3392 100 113
154082 51 5104
4831 29 1005
12704288 60 9477
442822 32 2041
363738 61 6563
2010 39 80
22427954 44 9376
7582960 83 4530
7282305 55 4462
1312137 64 5910
261309 44 634
6583060 82 4480
797358 3 4497
6981310 72 5616
166008 93 516
4394629 67 8183
22616946 63 8309
939986 6 1271
576364 95 1535
9820861 73 8373
1901790 54 4538
3509148 41 9056
70827 82 340
1 91 6063
7664444 81 5867
6598797 77 4534
4170563 98 5720
129182 100 8493
17114230 46 5789
4637954 82 5413
2314725 27 6132
1082209 69 2481
114578 54 2764
620654 80 6632
80783 93 1467
1 98 552
19457648 68 7196
2417073 42 2791
271314 54 942
1 86 6006
7381524 21 3921
43423039 19 9447
5236128 86 8481
382869 61 929
1023240 5 4212
232636 2 2265
347749 9 6758
23574440 54 7230
556233 52 1238
1 86 316
1873306 71 9152
20580725 44 6393
11484506 95 5485
5118486 83 4715
23749608 81 7416
219942 19 6967
1537875 75 1975
13566406 21 9340
18955894 7 8960
6687883 49 5438
126512 1 460
1 84 1255
71060 51 6158
466057 95 1813
4376548 89 2898
1063879 64 7252
14315640 98 6510
1077588 89 4135
31696519 78 9603
8999085 62 8791
2370 44 1436
1 82 3610
355534 33 1393
5718411 39 3926
1093875 39 3191
12234551 12 9367
7074738 29 5876
2343246 54 6692
6748565 5 9252
842079 59 9250
29005921 42 9162
24414 2 905
194787 6 736
32908 95 262
1023425 98 1796
1143491 25 6571
1618678 64 4226
5632260 13 4620
30521265 8 7879
7513336 57 4287
23871967 6 9798
24876999 5 7790
10146097 90 6289
14660292 57 8611
3576953 84 7680
25180866 91 8200
106180 90 1691
78037 6 367
1153958 67 3941
2522058 3 7819
13178365 81 5586
1809866 58 3086
616631 4 1382
96205 23 1239
8780571 16 7517
39080824 78 9083
2788120 8 2391
215015 28 764
7532959 15 8571
12443628 95 7862
1050487 82 3136
561401 45 9976
4413548 97 6812
318723 74 1114
69808 15 3019
2128 8 398
33929927 20 8572
505466 27 2429
7874036 31 8868
1298505 96 5452
11080468 55 8529
41964 70 8963
2059770 17 2950
459439 35 2450
33816056 2 9152
1200139 59 6758
2028733 70 2355
6336799 20 6632
1734388 3 3500
1025960 81 2808
36880067 11 8658
199874 95 1695
2844042 90 3989
7892694 41 4787
32772 7 1572
206659 32 1194
5418116 45 3289
2787056 26 4083
7070 3 608
8427431 18 8237
6270777 67 9358
835588 44 8408
3324673 10 5347
91931 82 2739
17872760 87 7788
8937352 2 7197
988127 80 9583
1 99 206
1431945 14 4434
27457840 88 8813
152577 16 3532
412097 89 1749
15031 80 557
13872695 44 7706
4107300 43 6120
5000672 87 5675
6085320 80 7033
459174 57 1161
8175937 79 9322
18217 8 2886
2776181 22 5526
6804923 89 6880
2789158 5 5789
2117784 31 2270
9317270 15 9222
7522165 48 8769
9644938 83 8366
288202 5 674
308289 40 723
132608 84 3376
3692195 24 9930
5799361 24 3955
9758 47 413
4573131 50 7659
24480601 88 9794
6203349 41 7370
7838772 26 5122
33063 80 455
3041731 33 3649
26839622 85 9708
4873949 42 4518
3060618 75 9278
4527040 65 5205
3185164 83 4063
2731075 17 8970
323470 13 2766
1946441 30 4871
440662 67 9057
13270479 80 6112
4524393 44 3800
12606 18 145
1526764 47 3319
23075999 94 7685
17115 30 241
235947 39 5208
174667 68 6996
66037 6 7419
1285219 83 9181
21048802 29 7979
3920262 37 3964
53976 59 875
1063726 96 6720
1445 63 1383
337247 67 1165
291445 81 6275
20972 51 2903
8126 55 8531
132583 23 2940
269438 38 4192
5380763 89 4881
1178040 90 4501
45691 13 349
15082769 28 8846
732131 80 2787
25174763 49 9422
1468455 54 2005
5103513 99 7201
2171127 38 1988
1777665 37 5256
39614778 97 9828
35404 14 565
5507220 3 6051
20335558 60 7564
947 10 1444
3560797 71 6918
10488231 68 5679
66533 89 2049
173479 57 784
30404 10 2558
13692369 20 6342
17218047 28 6215
4763258 38 3849
1 82 524
23153 76 3933
5528394 91 9742
1761444 51 8201
799346 4 5102
86585 16 1229
1912848 58 9326
53882 17 612
328133 25 4725
78454 97 6602
1209893 15 2044
29196997 5 9037
6995086 74 6811
1477458 18 6071
112903 60 561
17689 97 149
11057294 65 7608
1248189 58 1652
4422507 36 6235
1808506 33 9825
37142 16 9189
558902 14 3992
1703085 52 5264
7458986 1 7412
18097703 78 9266
7167178 56 7821
38430580 29 9651
178981 1 4117
656284 4 1110
21022 37 7585
2227 4 122
2828528 54 3194
8032045 42 6115
50827 73 1468
11253238 47 7722
397120 60 8626
554850 89 7036
6770865 37 6337
587166 6 8755
1579028 90 9704
109101 37 1664
13378600 63 7865
8826467 73 7505
28719608 11 8177
633419 19 1591
5507229 73 9850
6302643 32 4841
24450 36 1514
2501796 68 8740
7242626 47 7127
2851678 4 5058
1883018 87 7040
390310 34 6165
9833215 65 9630
7214 34 3028
2207475 53 6643
7713476 68 6306
2271040 69 3286
6326542 19 8758
2846822 24 6799
19851726 92 7718
12362 44 8134
27975733 13 8138
2565078 59 4682
2337230 55 4803
3972668 71 3406
4211042 82 6203
4649781 47 3845
22232846 79 8337
10190662 91 8962
82427 53 1876
116416 84 815
29379095 51 9646
24974 10 410
6872442 45 5306
31613835 100 8218
71697 97 1397
3383418 30 3424
38521802 36 9446
7210 51 391
5973194 15 6376
7287953 63 4191
43655463 28 9274
4712436 82 3989
93024 17 570
254719 35 2490
39875 87 944
666684 50 3294
22308866 65 9349
6834195 8 7103
314341 59 2475
4376068 15 4589
14637186 39 7508
6415528 84 5801
9279984 74 9768
5719393 51 3706
3026799 100 3492
650522 33 1953
1137647 20 3149
3651022 35 2798
2112048 92 5627
3801762 72 5761
7099464 73 9742
4765178 43 5316
501941 22 5976
21475965 27 9285
3629621 7 5211
395696 3 936
696 60 8400
28833 55 6856
894896 20 1508
2356389 6 2167
3779370 70 3606
325433 2 5607
9744786 21 8940
694746 65 1729
2010522 55 4607
37030692 26 9153
488965 68 2759
1785831 14 3040
363525 8 5152
18347964 85 7112
2532610 55 4560
1556169 40 4945
369833 100 4326
963821 32 2723
1480172 82 4693
1 83 1057
13015510 57 6669
1428602 94 3748
185148 4 664
6881 45 4234
14528 4 531
6441351 21 3669
13640426 28 5182
430535 63 956
1771369 31 1935
1114744 61 6849
11217204 73 8912
4795525 76 3123
4579281 73 3489
28145744 73 9916
8834614 18 8451
12962477 33 9827
104877 10 2308
2194317 89 5825
68243 3 1324
14977248 64 6134
3522857 47 6974
2699343 15 3207
82728 82 5625
10655926 23 5212
2269907 28 5304
324615 31 921
10396548 36 7514
27104316 3 9672
841195 56 6058
140720 91 4186
176318 30 961
1891992 63 1905
21040027 52 7422
10052 28 2845
3189253 75 3920
2978294 11 6484
7837305 24 5886
31256062 18 9282
224803 70 4192
18556221 53 7915
2809607 52 9197
2291116 70 3162
2371290 12 7668
26950961 31 9699
1344052 53 6407
7761644 50 4013
2240688 86 5194
50879 17 399
5676123 58 6142
5791664 4 4184
3141596 67 2717
20696525 94 8913
2986251 75 9983
1894195 43 3795
2500 60 3312
352444 37 6811
15603773 94 7468
486973 50 7121
1629337 16 3444
265758 24 9643
3488912 93 3642
165600 76 2469
11281243 30 5712
4824472 88 9932
1292663 51 7368
40996 17 874
380370 68 1211
191157 71 9284
17207605 3 9463
1359798 96 7774
3085435 31 7479
33905311 64 9407
304287 58 2724
883033 25 3417
128189 71 5059
5184994 79 5892
63729 21 1189
468875 68 6322
5314467 52 4091
504940 93 8987
2329 53 424
5504444 78 4079
22637190 68 7831
19472727 46 6191
3232707 83 6437
100071 43 1141
13348750 67 9217
3948941 57 6445
1520523 33 5972
1 88 1798
1637645 79 4801
11961 30 4143
77439 72 5247
2918920 63 3652
1866051 52 1946
30765554 31 9644
254057 100 2025
1553685 74 3155
578101 56 5616
5943023 20 3584
3298425 95 5520
959726 69 2090
1879405 44 4293
84270 63 8186
4383044 18 3124
861977 72 9249
16248745 89 6777
3537584 46 8265
3730540 41 5552
19586002 87 6715
281693 88 1271
425997 9 2427
446501 24 1319
11480228 30 4905
26075979 54 9477
1127976 24 4660
2982902 23 5403
3901888 65 4298
1715329 87 7305
1431785 38 5193
517096 75 7370
1 75 1292
2201604 38 5780
157342 82 3017
1 70 1079
871808 65 4482
296121 24 763
33210883 32 9660
19486016 29 6929
5852734 95 3946
22931 67 1243
320538 29 4285
1124611 64 4861
128595 27 1909
3713619 51 3815
1950254 56 7008
120890 74 9456
31094744 6 8428
6591700 59 4574
34819269 55 8477
735632 99 8336
896835 92 1989
15292347 12 6567
8641484 23 6749
5585 76 1644
2290837 78 6020
3406565 50 4316
1817680 50 2613
5479795 9 4883
2057166 59 2896
10640852 68 9413
1680859 89 2338
721803 80 6202
22017647 50 7971
1502400 18 7883
32490526 36 8855
334380 71 1433
433361 85 4886
23786 75 6699
1870514 14 4108
723039 17 1582
3273892 60 7534
1441847 68 4866
1694251 31 6015
5670666 46 4066
25514552 50 7650
9948609 11 6974
680446 74 1624
108183 27 5283
5482685 41 6226
799938 9 1228
571161 64 2348
9091843 39 6378
4966824 64 4356
2075297 76 5560
6764980 63 4075
26207870 97 9411
2456 20 322
9131439 56 7459
354636 34 2102
328872 59 2542
16705781 16 9984
205760 58 4503
11355712 79 9980
1665879 26 4976
391407 58 1479
9039546 56 4397
15576941 92 6905
1610483 20 4869
131645 26 3298
330026 6 2890
22247810 70 8065
33548 34 1932
32261078 14 9072
678894 25 6883
11308354 55 6021
5520236 59 5046
833 91 6736
89590 73 1507
15600288 8 6263
11270015 91 9926
14328 20 141
871241 44 2033
26009784 33 7839
4120436 28 3987
3983594 22 3062
384103 7 8863
1102562 62 1891
10591 56 1103
3815490 94 2865
1457245 49 4665
1371036 4 8958
33894 82 5582
1308553 12 7553
13559579 85 7374
17707696 26 6192
174859 99 1113
35848375 35 9217
35394959 55 8364
420275 79 1466
2023807 70 3365
8363714 57 6941
22099513 42 6904
10505777 3 6554
431757 20 6342
1963455 98 2125
2024394 68 3330
18174 7 305
4437563 50 3609
8436 30 1631
4634016 92 4639
527450 68 2302
453694 92 2868
825349 98 6100
107983 46 510
38691 10 533
863659 64 6974
1560025 23 2482
190752 81 589
456591 19 6137
18266 54 2264
13723494 48 8181
182672 48 3293
402430 50 2009
3989213 35 8766
1 63 507
5886333 75 7370
3178797 27 8657
26312045 73 9734
16751896 58 8042
7271 94 124
1539136 30 4082
3608396 24 3088
213865 45 2006
1574854 23 2747
5511516 78 4843
22313505 18 8776
22005 33 2801
3626882 82 8830
1328254 65 3256
1951367 33 9285
1 94 4009
119138 99 582
4560 7 37
729052 49 2508
5462332 91 6511
4852831 35 5012
69593 77 1901
14646549 14 8523
8446940 55 4841
13958189 11 8529
1831576 88 2110
620301 37 8923
1255364 83 1727
5408604 18 8809
28716784 4 7850
4440566 62 9445
7492703 51 9838
7977681 95 7302
623684 56 3502
44027 36 367
17600816 53 7820
2175808 40 4609
1691467 42 1839
1152920 25 4620
13510112 66 9587
40012 59 647
2920886 76 2805
1655900 67 2232
152224 93 611
37318 17 334
570555 6 5943
2223104 43 2925
5684257 19 5630
1039271 7 2212
62129 68 5967
1275571 22 2051
59862 81 1585
14302058 66 8567
339632 84 7096
8809980 46 9932
136327 99 1547
5185941 20 3194
10385675 6 9184
14463 27 209
3769865 41 7764
6442979 45 5124
3358475 66 7689
37510781 99 8815
16603 23 8211
159238 27 3220
6483660 17 3592
4446655 56 5496
194055 44 6246
223538 92 3724
28456617 51 7519
21053340 87 7746
6393702 15 5761
34743989 71 9034
252097 98 4322
2632315 98 2423
365695 71 6530
139 84 540
79807 30 611
8862382 35 5898
4334 37 252
1030146 54 5692
8148061 57 5998
4330485 78 6317
243483 4 2219
19780095 61 8360
6504191 90 5567
4133624 44 6637
22439422 38 9959
2217 72 3312
1372296 25 8760
15827792 19 5755
791701 42 7396
617957 62 5001
2908955 60 6527
6020918 75 8505
5514552 9 7441
3253889 89 9380
877303 16 4684
2486085 65 3014
1218500 92 9912
8943709 30 6045
185064 24 1527
3095563 96 4009
364768 81 9346
5734 2 1372
166061 68 2492
206566 56 3774
1079693 57 3454
512645 69 1024
438944 41 6603
713280 15 8840
6252475 88 7256
6268467 50 4599
8115450 33 4424
54239 92 361
4592826 83 5518
36322223 66 9371
559937 22 4946
1029705 83 2980
4710465 67 7380
1 20 51
9790504 64 8090
16258937 46 9715
37835420 85 8744
1483270 46 3185
2696218 82 2587
2643035 100 6606
18261 80 3288
9882012 6 9426
708159 96 3504
5912464 83 3427
746425 25 6741
566966 51 1383
543 15 3124
6405670 47 3905
5446 15 457
14141397 22 5965
936911 56 4763
439975 92 4036
524651 71 7026
1557894 37 6254
4601056 14 7591
12777362 90 7960
5709113 94 5986
3959812 40 8049
3928905 47 3357
24817667 87 8088
4433 76 346
2602040 74 2313
82679 14 939
2261213 68 3812
1598628 62 7336
693994 1 1497
4908617 80 3812
769069 55 4473
5107875 12 8393
11124754 36 7300
687144 97 3272
8859 41 4914
926192 32 7645
1 79 1611
51599 59 2621
36422437 77 8951
21486338 41 9268
560617 76 5217
24347 80 2083
986738 81 2055
19790618 7 8835
415429 26 1037
52527 51 2620
3378400 21 4302
4952308 69 9378
17204162 76 9802
42362 44 830
4348092 51 8935
7303 36 1258
2414457 55 3663
65045 49 266
3119079 77 5449
377127 68 4474
4198448 7 9112
21787727 2 7546
92871 35 367
3887925 24 5792
25876031 36 7386
9736052 15 6147
11026218 38 8149
21040419 70 7133
1220018 4 2009
12502979 95 7539
6177778 95 3942
919432 100 2737
10256785 39 4560
731142 7 5505
882095 74 4818
2203909 40 2422
1169694 85 1775
14175750 50 9859
1686737 24 3916
25609606 32 8272
6790548 20 4703
1255554 42 8474
515887 95 6095
42680276 82 9482
6859 99 339
13508469 95 9040
2306820 64 3784
378017 24 2819
103119 23 582
28629277 32 8384
1930436 49 2313
68834 47 3411
266881 80 3879
369 63 5325
4849 49 9723
4879178 6 3630
12664228 32 5431
245318 81 6840
1802648 96 2688
3050665 83 6109
17562106 28 6702
29999 95 311
4570333 54 9826
241561 51 4072
5895853 17 4860
11869 49 1964
8948580 26 5890
1915 91 3512
32641 98 204
1231138 52 5684
2794450 10 8350
1381205 80 9167
32102178 27 9310
25371364 82 8286
7996085 90 7488
599423 16 6453
2906409 96 3023
48503 65 326
2950452 78 3205
38813955 38 9204
21523940 33 8610
13323010 40 6491
10917310 54 5457
42415 35 656
122831 72 1030
97729 15 2800
1394295 48 5149
3226 52 2129
4296859 19 3033
293324 97 6848
810331 25 8232
1929585 70 8402
16380768 11 5947
3051153 9 2984
5346396 45 8415
2663676 99 6994
1836833 17 9879
6399248 74 7550
1571451 11 3258
11001244 64 4892
8363 14 1169
78244 75 3599
5173955 22 5382
12357772 68 9514
8037430 63 4526
6147448 64 9624
745861 69 1302
345468 57 1059
495635 80 1220
16055386 72 5599
9859938 14 5077
668460 36 1096
41143110 33 9018
6134776 95 5478
706835 30 9511
3304329 78 3637
1527154 31 4483
8729236 24 9881
5072275 11 6964
14422425 3 9795
277917 96 713
2325986 11 5980
5915259 43 3904
123201 21 8657
163 33 6644
10072379 59 7185
1576629 15 2163
29465391 22 8016
3461160 16 4104
8369292 8 6140
18530219 84 6560
16098557 38 7398
1365051 92 4535
4139913 72 4190
11967870 29 7009
2194 9 16
5118351 77 4902
27960 34 726
2702128 53 7261
40913749 21 9137
4159144 58 4546
3379737 79 5449
2332272 48 2472
2190371 57 8601
2845306 56 7601
2236554 94 5089
11188197 8 9148
16343199 81 6499
769909 72 9823
164034 32 3591
5674668 92 6976
9898781 58 5041
1926349 74 3123
19640072 72 9511
1439965 70 6675
5150668 69 5825
978381 30 1727
87563 42 2420
5531939 21 5154
16949931 61 6664
263445 44 1464
25108 97 1048
5047187 54 8228
103391 34 2532
983107 62 2275
4734638 71 3538
1301047 94 4844
2800002 18 6317
11217078 67 6637
183325 27 3099
214349 84 3897
2843073 39 3119
17583 74 417
787432 91 1312
609560 75 2959
4179743 27 5527
26269561 50 7179
12414843 6 6349
1639827 63 3426
13047 55 8948
19111301 37 7543
2551807 44 9407
121614 76 548
145249 69 2852
817715 39 3374
451590 52 9576
60910 29 392
8047975 47 5058
1812856 8 8492
8780224 100 7566
8697 23 5992
7424102 18 4658
21523 37 2498
5043499 89 7781
40710 11 211
2821438 69 6147
446743 62 7496
1688447 95 5531
4479006 17 3158
183989 86 6386
6975080 69 4291
4026763 49 7546
4887632 74 6025
356123 80 7241
16430 7 3553
4244460 35 8399
774639 74 9531
95709 16 1284
2959739 83 5215
2312583 30 5277
111495 71 6089
11933431 16 8788
2666524 13 5854
11009 70 299
3934755 77 3019
3550593 81 4131
139892 18 4791
1 55 246
17902968 68 9187
553007 55 4508
211975 97 591
10183500 71 6301
40576 80 393
4411958 66 3717
5316597 77 9581
28056968 1 8003
10765133 100 6441
732243 4 1297
8950935 95 9834
1058471 4 1360
342396 22 4996
114832 74 3912
24468 95 3030
2788153 74 2873
1763 83 8868
1128 24 5848
3982915 35 3967
182557 2 2129
6191945 81 7922
422188 99 4713
3384645 84 6051
12062638 92 7754
2604621 19 3660
30138 86 366
7303483 31 5011
12782872 37 8820
87758 90 578
196944 27 1748
21595657 3 9254
2280584 68 4536
25325880 34 8656
16616038 96 7575
17571 78 735
31084 20 6142
6711374 96 4127
4976821 77 3698
4418948 37 3130
441802 21 8905
2953300 34 4801
9304817 52 9741
108599 32 2201
1239815 97 2118
42793 10 9420
14451129 33 6865
214 44 2494
28812212 46 8833
961791 85 2099
1 93 1432
134829 31 1054
7255276 74 6570
2167330 98 5341
1969800 93 2188
279460 22 7114
7997 57 98
51052 17 644
14945864 33 5738
25681534 31 8924
272330 46 9924
234681 41 905
180868 77 1692
1686185 82 9640
462495 20 4273
362461 98 2761
2754513 50 8930
11321530 40 7278
3634804 57 2878
3951942 41 5301
5640107 1 5025
28940 71 8457
12391085 64 6020
23069009 81 7259
5271469 51 5113
2068573 66 1981
250182 72 1175
650722 73 2053
38338584 58 9560
794431 4 6888
256456 73 3069
113631 71 536
1721547 70 8136
809063 97 6687
1093932 17 4470
16282764 91 9986
4902732 45 5634
1831527 6 4842
641863 77 2535
753003 64 4020
2192850 93 9844
14169 26 611
101997 34 1905
10873132 38 4617
282594 62 9280
6888397 96 9575
94199 81 714
1 45 697
7005 2 147
424518 27 9275
3141603 58 9318
942858 22 4918
12285856 97 5993
1 80 394
2156203 14 6607
2546836 49 3738
9975 39 51
2327589 39 7666
4908293 51 3498
47440 60 2033
682053 69 7300
8099 7 124
431464 44 855
22743811 30 9762
1505568 16 8504
2937 58 379
22227643 2 7835
1409111 51 4740
79479 5 3495
4276247 70 3451
967808 74 8089
361605 62 1667
11732459 89 7610
309036 41 1387
19023654 63 6455
1118552 52 4958
10936031 31 8764
500740 91 8581
1755713 27 4651
24663774 61 8519
1302968 10 3209
38364360 5 8958
1418057 56 2949
1759686 40 2497
4001988 32 3608
39409690 69 9228
1189839 67 5820
3436305 51 2994
23406 36 660
11573964 99 4776
2220744 44 5026
18842910 100 8903
1576817 19 2798
1322764 88 2142
4241343 59 7160
456520 66 1710
34049 77 629
430263 98 1213
15592707 96 7223
15550826 57 8081
10842830 71 7566
6287863 36 8280
19529030 91 8804
803671 9 3053
346083 86 752
8697539 95 5426
16054290 62 7165
1805610 5 4375
22014993 75 7485
2134529 80 2624
2355163 68 3780
6637 29 32
435256 92 3438
10515484 27 8638
320608 13 1125
14137960 92 6017
496099 59 1527
415416 87 1196
5678035 30 4048
1076952 15 3345
706 13 680
2654426 94 5609
3796157 14 4525
36272 38 9338
9081823 18 5908
52233 60 506
944880 32 1347
233317 99 1310
3069 3 5979
6928484 53 9558
36598117 48 9897
131707 74 5579
3109858 12 5873
1 100 2951
272434 100 1690
12988619 67 9678
28 18 2086
631547 93 3510
1251 9 2669
626079 13 6295
16189283 14 8741
2480869 96 2362
1710638 100 2496
11283694 34 9754
5178 13 509
157022 80 7340
96078 6 1392
1512016 25 6285
12612 98 1610
2586851 56 7050
1330034 26 3610
28516910 62 8027
27406 95 841
8974782 32 9210
4340742 4 9102
8213521 50 5614
1014 37 5453
2539523 82 3076
862758 62 3549
492664 16 3448
3831340 16 6087
260518 91 4064
9753748 65 6114
1006579 70 4621
4027568 44 5745
1981399 21 5572
1603215 38 3310
15354 34 86
6727255 24 4521
26434 68 1635
21196302 100 9945
366055 57 1516
4189833 5 3573
1117548 8 9646
3525552 96 8079
7142451 62 7144
4275 12 444
1462514 40 3496
5857263 86 3538
3847207 43 9504
295568 97 1688
22150 82 284
8255798 56 9617
10500558 69 8195
10891 60 2152
2320980 27 2961
345514 11 2672
626295 10 7151
5807024 18 8245
3690 65 738
1356667 62 7218
84669 31 1360
188318 80 3646
1106978 90 8602
32058092 84 8215
1 86 261
1601375 52 4218
245047 21 845
1520261 70 4964
1 71 512
1007801 81 1882
925650 49 5906
13233173 81 6709
837340 63 1440
20204951 38 9158
7440487 7 4935
13150951 86 6087
155022 26 7466
1580426 69 1698
255186 66 1601
108465 36 3638
18568330 57 8226
1041246 93 2980
1340842 81 4247
29669483 92 8640
133689 100 7555
17654875 53 9909
1164165 62 1885
5717559 51 5344
18535351 14 7765
1905549 82 1940
619490 88 9481
10678767 68 9754
27073 11 3808
22122712 3 9717
1485537 70 7165
7214315 74 4204
1118087 97 8291
48896 72 1692
10564 39 1929
267874 17 5785
1128607 50 7414
5485398 93 3461
11886177 99 5233
10083160 88 8592
7847880 98 9840
847394 40 1593
297011 36 1161
2894713 80 5391
601259 31 1698
2126050 35 3372
74404 79 2683
19657 19 129
2552016 90 3990
358872 48 6378
21727179 30 7997
70631 65 408
619288 7 4139
4658790 88 8916
27088 96 6091
3560729 62 7994
10777754 50 6687
7257968 46 4176
20835 22 2381
5280373 3 9254
4417240 24 3760
10719 87 5015
56434 30 3966
818855 19 1309
103547 87 398
14273542 27 5530
25742412 77 7593
11301 74 1339
2540612 89 3416
1017714 97 8059
5313233 22 6434
38303 95 4055
2617008 96 2410
963929 82 2318
18206448 20 6315
8844293 20 7486
20875870 99 9399
4596253 97 3704
2171643 83 4088
8495934 1 9912
2906953 22 9158
3664188 60 3856
2167790 98 4134
953960 49 5036
353 9 233
2336037 47 3729
5230831 15 3389
12618636 42 7217
1325046 25 4445
1770315 93 3088
250928 64 3721
271961 13 3894
663 3 5681
14837296 82 5944
1667966 99 3999
37029188 5 8921
293266 15 2043
1469139 90 8091
27906 92 847
27511 43 352
5756430 92 6847
78838 17 1429
2172619 23 3113
1483056 12 7143
159134 13 1503
1 82 5970
16347563 5 6586
582197 59 6025
4837572 26 7069
32564089 96 8654
1929667 45 7373
4429552 96 2989
1541438 96 7334
212171 67 2044
1328629 43 8245
6527294 66 5501
36044095 50 8833
1167540 20 2405
4907390 65 5183
24826628 58 7581
209413 43 1022
16256 11 700
44784 64 714
208427 9 929
1 70 919
6902862 40 6223
1152639 9 2560
7438 4 5040
12184779 15 6185
356449 58 3239
8938900 67 6907
1616 50 742
4835623 45 7238
8437838 69 4692
24451023 49 9277
707755 30 5613
20539786 38 8362
1035399 51 2619
19606529 90 7050
2538 16 2998
342602 71 1915
4165624 91 3126
311394 13 4608
3540420 73 5081
854863 91 1842
639990 97 9481
17146973 59 6362
739736 21 3311
4454400 58 6567
7854463 78 5821
4409507 34 3581
4129588 21 9034
13737986 92 8098
18755046 77 6403
1587790 83 1860
13980817 53 7247
4111 69 8740
19699 64 2118
317016 99 753
108123 37 2777
16862903 92 6045
920713 14 9244
2447379 25 4498
191777 18 2298
844491 17 2919
2440774 74 3828
27269293 98 7861
7250965 46 4669
8658323 40 9133
24388112 87 7559
315103 80 8385
14541 62 1324
744977 77 5799
18772 17 5468
949358 28 1898
20730668 43 7533
13984406 52 7240
212883 14 1563
25477792 74 8531
306835 18 6356
21682401 78 6774
6187934 50 6512
214080 83 1697
2892587 67 3330
2406056 91 2382
2891950 25 8411
2159789 75 2833
374485 3 2059
1 56 917
1107 13 354
390171 57 7138
92771 18 3195
183005 59 3733
25565958 89 9582
4672678 33 4159
5034125 24 8642
376237 98 6687
620426 67 3700
549726 11 2998
1283695 49 4409
763981 29 1428
1526260 77 5059
1037159 49 3326
2334032 75 4064
128397 7 1313
3440719 29 3873
175831 20 2075
384202 22 810
55076 3 667
16379 41 1698
723948 52 1293
275559 15 2116
8192544 68 9284
2794770 56 2659
200729 30 5476
3315196 64 5606
3933795 75 5583
23412021 74 7435
4321203 35 4979
36047 10 4808
15276997 81 6877
4649849 64 5929
7885017 84 6637
365724 17 1556
12939656 7 5178
2888155 80 2363
12031745 95 6783
1783128 6 4003
19849918 78 8333
3375877 26 3319
1573404 9 4805
2857766 50 5006
46947 95 1109
1 76 77
7981 17 166
2629311 44 7928
496514 62 4836
1434371 88 6803
3978355 66 4870
45606 40 2929
1282039 49 6447
11993561 17 8521
311448 44 2590
1297082 11 2008
988773 95 1527
61828 97 2027
1313873 55 9502
898315 79 3442
18296151 95 7773
33653091 46 8286
9436364 69 4464
1 89 1898
751376 38 1222
10180091 22 8704
969842 61 2553
177474 59 2460
5083517 79 3579
4820945 41 3853
7887694 85 4734
16400806 39 5894
13319012 77 6503
799186 59 4216
10562232 72 4569
411507 27 1618
697902 1 2940
53790 23 4447
314013 18 6321
11634724 82 7505
2828117 6 3628
9582863 5 4369
1133672 27 2979
7424099 53 4787
2856770 1 9002
1869361 51 3023
13400 49 584
330193 50 4256
330105 84 6349
8315412 72 7464
17009365 76 9130
7439533 45 4577
235960 33 9747
1850945 30 2229
14136286 51 7049
3125282 14 2839
1076037 6 9429
1387054 31 5810
674886 71 1308
26277447 18 7550
1 73 1115
1301919 82 2247
10833229 36 9405
721408 76 2580
1236510 100 6572
20846 56 531
21318105 36 7887
124533 37 1012
4197963 66 6096
10668789 88 9817
24016 32 3350
121642 34 470
6982276 66 7580
971651 21 3123
1058304 63 2871
73845 81 1866
41268194 66 9269
4591513 57 6818
19459531 73 6854
821481 80 9576
5346595 86 7598
1 100 4425
7108888 87 5315
7845538 52 7820
28964426 5 8245
205375 19 1082
739973 71 4466
1864 13 411
1275234 2 8391
3201755 51 6779
67309 85 1663
4725656 86 5277
26 1 311
7629334 3 9742
7714862 60 6554
340077 98 5189
226964 88 6996
8284529 59 4190
32037678 6 9289
11158824 12 9924
4742284 21 6869
29799566 76 8803
243103 14 1675
28630414 4 7879
275766 55 2578
78064 13 1043
2159058 51 5519
13633 1 66
1059681 45 6956
2310120 60 2496
21594758 56 9718
56829 82 4314
43198 100 5369
22165895 47 8249
75943 35 2974
2000737 70 1982
2245974 47 4449
1992289 9 3590
9312329 73 7712
458996 30 3102
1635949 80 4536
10360714 57 9237
22610861 100 7445
33143 35 5056
38986 8 1211
3757472 44 2946
292124 91 1684
632511 6 2142
4806916 64 8000
103396 70 771
2623116 73 3888
2236620 96 3112
7652169 90 7805
1358888 87 3225
2738580 41 5931
218428 93 799
76978 42 4998
29733 93 6442
258492 85 1644
1221102 9 8839
649850 98 8973
6572973 93 6712
1850444 39 9233
204014 96 5939
36638987 23 9055
24598 93 6308
139926 34 5229
1998305 98 2697
810598 80 5838
69632 31 4809
1391655 73 2281
398683 89 816
826146 39 8503
1539425 85 6810
233867 12 8226
1664475 35 3302
12315382 22 5316
3493350 58 6919
114352 8 7057
1015761 59 3458
160930 73 982
783893 12 4424
7835746 46 9445
15027985 2 8281
77221 93 1965
17716192 54 8062
758042 40 2638
3618293 32 5993
39770 67 351
364543 8 4150
6982954 18 6199
224 91 1487
10196243 41 6998
1091308 41 6966
8222 47 327
1390699 78 1735
21153 84 128
54573 100 638
107804 84 1050
14245829 42 9888
30147185 2 8884
33709 79 1273
71659 76 6519
2772850 4 2368
710623 44 1498
2939196 96 9155
2963995 82 2961
18585818 31 8730
458117 60 5868
832258 53 6260
2129178 48 3615
634481 58 1198
1023074 78 3889
2071864 30 5939
5116956 94 6394
397224 29 3263
22647972 44 8372
47311 63 757
38464580 47 9763
23369125 21 8911
2731746 65 5619
458663 40 3852
2190828 27 2596
215967 61 590
180873 71 7072
11708332 13 7079
10107453 24 4606
120929 77 2807
756506 59 8779
511518 34 5067
5946909 38 6924
5460369 31 4310
2470108 10 2791
5199302 16 8097
13274343 55 9303
715213 82 5993
5369942 4 3705
2479602 46 2642
8330947 86 4931
1819639 12 8481
11384665 65 5802
2797752 12 9649
4309817 87 9809
3430398 2 3471
271511 86 1867
1536660 56 2204
4490031 84 7129
1426839 16 1627
29798430 25 9166
8113483 77 9114
688 72 2991
10350216 34 5042
2915427 52 4855
648947 70 8606
8685 94 177
1188976 33 2166
22031 68 7879
2540866 10 4485
7896680 28 8305
8092979 96 4615
11397190 2 5297
14090649 17 6180
11620226 37 6290
1350737 71 5895
942249 30 7233
9790548 75 6800
1329361 4 3555
3909855 83 9103
3033367 66 4223
2780810 63 8033
29808039 68 8762
8208069 71 5860
546925 92 7740
178036 21 505
91628 86 3220
12147 1 398
1181552 69 3873
27859866 23 9041
32835 61 5137
1364932 57 3079
7688426 90 9164
24363 46 1645
200092 53 893
61014 91 3871
441024 13 1762
7183050 92 4030
25680 18 1618
179852 65 1040
6701681 95 5001
3315026 25 6079
992981 61 1376
654713 24 7078
6289185 8 7559
19891822 13 9300
10984546 10 6488
29977514 85 7761
10933111 15 8509
1 68 6164
436712 87 1955
107 30 1544
7506324 22 4306
131886 76 1689
4121391 15 3911
6917 16 7802
29984 16 156
5702764 32 4638
258 14 225
3574620 20 8022
3770 61 1399
26780 91 636
62738 74 1911
51531 6 345
10327295 27 4955
303875 70 2531
16385240 59 5646
10538110 3 6981
10667844 65 5199
14691597 42 6460
170902 97 699
236939 54 7025
15215439 62 6948
272304 20 4498
8642771 15 4242
1 73 4213
7756868 23 4465
1934359 26 8751
113117 51 2320
3459112 76 8601
751570 25 3038
23484234 55 6980
1076320 26 1416
692569 91 3259
8172871 20 8112
6438509 47 5364
10133 58 7304
6765439 20 5994
106363 28 975
4820 13 936
323463 39 2935
1947825 59 3047
14315632 75 6039
2535016 87 9761
1434600 12 5720
235649 88 807
39891995 19 9937
5217420 52 7670
896928 81 9169
16457109 31 6119
114589 37 450
675847 64 3767
858812 67 6203
1889540 50 8446
316430 41 4209
12179741 62 5693
115942 83 1200
9442 3 44
5237429 1 5113
15327882 8 8714
6262874 89 6027
779890 56 2431
245788 82 5725
2153477 78 5068
19690906 29 9911
4459599 2 6597
9189 94 136
1956972 49 4217
139735 16 703
4117317 87 2952
2450769 28 9138
239813 94 2820
1145618 100 4474
7638958 49 7640
3140556 66 4295
77061 7 403
1861085 66 6242
1998252 56 4558
644492 16 5816
4245 48 520
1 29 233
7247 84 883
1386076 85 2186
1158879 87 5372
1877161 54 2309
34358557 53 9122
20529 84 4178
31148032 11 9161
1569157 9 9240
6290172 64 5255
45472688 79 9938
479348 68 1624
6688838 76 9699
15757 69 4724
32833311 23 8427
495427 39 3265
2596940 85 5450
6679 68 135
81187 80 832
49953 25 267
18818968 52 8987
64936 40 289
5154614 58 7642
492487 67 6413
29481441 71 8277
2523844 55 6299
405634 37 3390
626928 32 4592
858527 37 4618
26179275 96 7395
1745268 39 6387
347831 55 1086
1178537 22 5343
31453 76 4114
69764 59 505
221928 66 3947
1537505 94 4463
1346741 36 2617
154797 43 5875
70644 2 6876
214 9 81
1681762 69 7602
1338752 40 3787
547651 6 981
6184588 58 7244
2243901 7 8159
24042262 65 7127
89512 97 360
3371407 28 5882
452227 48 5769
98879 70 2302
3348 67 2123
79207 16 9377
1007427 6 5443
3214694 36 6661
90896 84 383
3016683 54 6390
516269 44 8945
2508201 56 7582
1860871 91 9362
10188511 100 5289
908944 76 4939
1652290 37 1888
9706768 41 5055
5700230 97 4166
10848 13 3538
1920637 65 7473
10298429 14 4551
107949 39 1000
516665 38 5930
38069020 14 8832
16742260 4 7602
46667955 21 9831
8173346 33 5550
20297720 99 7544
29250353 1 7819
105299 82 1163
11346021 2 5764
3348156 34 6986
977 27 1747
22399154 10 9870
334907 46 3503
1972538 48 2604
126754 48 3309
7677269 45 5287
147578 34 3337
8631317 19 9222
8740735 66 9227
140241 73 1502
115059 56 2513
30256 96 2966
10424938 77 8207
7854392 35 7760
565130 25 1312
1148223 1 2894
210973 87 1993
8761571 74 9908
1838415 83 8372
2721438 3 3436
3306519 56 6008
148028 8 6802
17995960 91 8653
3266071 92 3247
2784240 100 3665
6024718 33 8680
6138372 6 7434
42212 77 4077
10282368 17 4970
35621974 62 8676
271402 53 7151
2535061 25 5109
3053922 87 2560
882832 82 4100
41608066 68 9992
1 72 7509
1631226 64 2725
16924863 59 8225
1611768 45 3285
16250926 71 7650
581130 53 7534
8298756 76 7579
79387 69 2548
326058 78 1846
7370061 35 4991
3903471 58 9071
7211356 91 4842
1692402 28 8645
994121 42 6634
712047 90 2421
5164907 91 3762
4428549 54 2976
26862835 28 9203
3771606 100 4275
328936 4 1136
64419 90 1789
246083 78 9743
1100490 31 2002
1011412 9 6139
1182420 16 3233
2466390 45 4192
5784451 87 5493
1148509 16 4360
127 18 7588
66719 71 2167
5851268 98 7379
15659892 22 6266
868696 6 5294
28833249 17 7865
5942625 85 6797
5969089 52 6445
2890709 75 4287
11871227 19 6956
569225 95 1078
3431914 17 3167
21786787 1 7353
1054648 76 8330
48508261 7 9759
13419252 65 9168
918729 93 6883
1219487 15 3296
1987847 16 5561
1225332 79 5886
4162309 76 4952
11898 91 844
868367 6 2168
15395181 38 7032
6961832 42 7962
1910926 90 7910
3657595 52 5463
2733885 66 6251
5782419 33 7350
31201672 3 8869
17168235 8 6475
92338 50 976
5389187 72 3638
10266863 20 5877
365020 35 4935
3893873 59 3504
6458 58 2353
306264 21 3682
916245 93 6056
15878 5 189
22816530 92 7615
130991 49 920
1 77 256
10954651 10 8983
20486709 63 7201
31770264 66 8040
1 51 354
20999606 7 9008
1978543 83 7020
2041667 80 2602
81392 54 6055
8254548 2 4563
19946424 42 8983
6557357 43 3975
1 80 1409
661777 94 5267
22089369 75 8241
103061 74 1866
9093736 13 5016
1466800 96 1786
4004108 47 6458
434860 96 6146
6064887 70 4481
340511 38 9049
3119731 26 6809
2508 14 5489
9281700 15 6556
7502784 77 4463
16761982 80 7165
15017585 95 7379
2580346 47 7866
583690 90 3157
1199173 5 7308
5069696 64 7571
100547 50 2688
2512972 89 6047
1647920 57 8936
25564858 66 9423
5022730 9 4140
2875290 32 2356
13611392 3 7920
106072 17 4368
7250273 15 8241
46504 60 8334
1024410 60 4582
521448 53 2561
19820328 68 7733
38601 51 233
198411 3 923
1257062 25 5583
315522 1 1496
4386398 46 6470
28049746 45 8261
50898 6 486
2351546 92 5324
61427 31 277
73 50 593
8830021 27 7884
13166967 28 7393
4666754 97 3205
331941 82 6575
126411 12 9192
1316293 27 4843
18796308 45 9494
4622 3 2832
1565669 76 5438
38195937 75 8991
4451 17 7709
6207915 50 7930
21623 99 1412
14523675 54 8451
989891 44 8415
1309597 68 6534
7712008 82 4910
41949 12 713
3885547 24 5882
894535 73 4630
252641 29 807
592721 91 1253
9829021 23 7278
7738652 63 6809
479631 38 7669
14408 39 2901
5822646 60 4287
126125 43 8703
712240 47 1882
11387895 64 8588
33558 17 716
834505 78 4307
3428375 88 5561
10428230 55 6027
344733 6 2195
146796 5 6284
77 6 8517
3571659 75 4240
4164505 99 7349
164482 30 1394
730103 9 8593
29486996 37 9097
56034 94 247
824 28 3149
6610553 66 4644
1478606 67 3610
7447232 82 6309
12275190 30 6734
248586 48 1298
10943177 62 8745
13142111 55 5739
71502 1 4078
7758601 80 4622
26985 83 2588
21880322 24 7653
43167293 65 9690
36204287 43 9113
14519134 1 9565
405274 39 5694
2614148 77 7094
77461 94 491
1 33 662
10044973 95 5750
15159782 60 7056
631384 71 3746
305423 58 4887
14873752 79 7791
1006125 81 6004
7764596 37 3844
766253 49 1734
681475 38 7639
10708712 77 7928
23887393 77 7228
1841068 45 3362
694087 45 1651
80121 37 1034
773522 1 1959
1488213 23 4886
1525083 2 6617
2134 36 808
2787887 23 3099
2284865 45 4832
1056707 67 1595
5656386 72 5192
801478 76 1963
1239728 38 3158
23814 18 129
436823 14 4324
288866 58 1213
581064 73 5013
3971 32 1682
244674 50 1782
2664729 14 7823
5297644 42 4212
16573 41 601
499134 11 8587
5110157 78 7259
763077 22 7569
9616533 63 4490
7258612 16 6997
3223898 44 5310
721815 14 4709
174536 51 811
20433812 6 9234
1177000 55 2098
35346161 18 9056
17949869 27 5951
28983460 96 8150
21570311 62 7693
7552297 86 7714
8397 23 74
5083296 78 5321
3214552 11 3679
19126793 29 8360
5867267 16 6842
30550296 12 7753
4789169 91 6409
2834940 15 9607
270845 86 5273
2040992 26 5573
14422401 3 7468
2840590 95 2559
1074052 41 4203
198111 39 4939
238775 63 4016
2256870 71 2367
1733440 92 2442
68149 69 8701
4590095 47 5429
1 62 1651
12729894 39 5032
1521436 28 2334
25449066 36 7266
1 84 3156
11669 36 1016
324471 16 871
14812431 61 8127
24962814 56 8019
3470415 39 5024
2859861 61 5962
16027433 45 9533
7020148 10 5089
132362 27 5019
551920 41 2127
1386474 79 8920
25404590 64 7902
1222546 89 4926
4280632 97 5083
12210766 96 8653
6118060 32 7139
70013 93 2941
25147094 75 8270
667932 14 8075
162279 19 4815
15826122 36 8050
3327826 31 4715
1571269 20 7871
2504996 55 5632
17024460 21 9415
19316260 100 9321
4446 80 827
378568 73 1207
273353 15 6804
3103504 100 3489
21083 81 9274
1011512 66 1750
8410204 54 5878
1956922 91 7401
563547 81 1479
9554180 60 7247
1015107 35 2656
2640 28 1472
1 87 4836
1635 25 1956
2005 15 1113
809588 76 6061
187387 40 545
24874021 44 7456
12100136 69 6900
10760819 75 4707
8177894 99 5588
1777200 37 1924
15903912 77 8459
4298285 97 3146
12912289 81 9453
941153 71 6518
1 96 2866
523167 92 6245
22687763 80 9036
713507 43 4105
3039414 35 3173
1131721 46 9006
2914746 11 9283
100347 33 1366
6153751 42 6554
2846919 41 6756
29430051 34 8383
7180272 89 9759
3129829 74 3283
1930064 17 6294
446830 18 1613
1426069 19 4743
4207442 36 3060
53796 58 3160
75158 3 471
13349592 2 5574
2460417 46 3785
11538158 75 7832
11479063 63 5369
81989 52 973
14819 90 239
337457 72 8936
2284723 61 2812
5452351 64 4767
5465158 61 3742
311173 18 7542
565283 60 7544
8668173 25 5149
9653352 50 6579
5697623 1 9486
1 8 206
793180 92 5911
1040350 12 3414
6815938 56 4968
13932 22 91
15974179 33 8023
2973299 84 3204
53447 10 946
14810499 42 6085
280084 31 7791
9246770 20 6854
10076976 98 9303
25710185 81 7190
7677006 63 4854
21122075 34 9009
24839320 36 7714
11344811 82 8311
11952289 63 5113
19548 95 2128
35741 16 924
2542564 87 8624
33152290 88 9686
659414 52 5450
15392062 23 6446
35989331 26 8827
4035161 21 6179
6583 10 870
371740 92 6357
118906 48 1177
368286 33 3214
14376661 4 7067
2617104 49 8360
3172822 55 7266
794889 28 2993
5715126 34 6675
13195678 1 7837
2687417 32 7971
190756 41 764
633786 31 5536
4248273 70 6723
478048 62 2327
18125034 21 6230
515729 99 2785
3735443 76 8504
7694568 49 4215
46796 75 4719
888357 66 1599
8033213 21 5683
58173 77 510
94472 5 9969
12208536 2 6775
6295862 1 3926
28273 22 645
1374187 53 1678
4296871 31 6414
374960 76 5428
101274 6 902
978253 71 2168
3812565 62 5181
5809459 43 4538
1344313 47 1952
425265 45 9597
1650727 26 7172
3258486 76 7252
1287355 47 2519
144482 57 2245
4287215 1 6209
12514 41 259
3414963 12 5607
36250706 13 8747
51140 20 564
14904951 39 6964
269065 48 1992
47582 13 6829
15393652 24 7521
15390139 9 8780
6707821 52 7953
3811919 71 5133
395328 35 7160
85073 23 446
644101 74 4169
249220 29 2873
3414896 56 3530
64380 83 541
10863216 26 9288
620362 86 5017
10871324 50 9172
73413 22 5185
11335993 90 7101
9243013 17 9179
4340358 22 3394
20918901 83 6926
778835 66 2244
3110701 65 5967
774343 87 2066
3062 92 1571
1267230 48 7899
19345524 21 7292
12151463 47 8048
1699645 23 3896
11563 21 8367
5510550 7 6525
19599 62 270
78138 98 5052
32892294 8 9107
1 88 808
25292470 38 8401
1 5 105
5817734 80 6790
6098100 57 4000
3392824 21 8317
12248433 37 5960
1080 71 3852
4984208 43 7401
3299820 65 3840
12566 90 290
145852 14 2536
3489 58 2064
1423539 23 4221
505958 79 1596
7528080 12 6261
752915 84 2487
410755 62 984
864671 28 1277
53379 91 3064
481744 79 4049
6846731 46 9241
1317430 42 7940
3341236 70 4616
35800682 41 9297
121 20 361
2126977 77 8228
1036649 49 2695
152204 24 703
3373701 83 3023
192630 20 2551
1 43 108
6719115 96 6345
284430 13 764
32380009 40 9491
73183 87 1209
1895 19 90
2161863 40 6566
27569406 13 7839
4947051 40 4097
14051817 51 7462
19898 64 2651
19380079 4 7096
1532092 52 8950
517425 68 1986
34261 66 4163
633391 62 3775
67706 15 1342
2078937 93 4269
883609 44 2692
7555113 30 4787
15645554 95 7793
1611659 8 2913
171924 57 3381
292875 2 1745
6894392 40 6547
593067 94 3769
230639 93 1811
167892 83 3002
1504073 46 3586
612480 90 2569
107543 95 3649
1701062 93 9079
7018551 63 7807
25439038 57 7635
8403710 10 8497
5320327 27 3354
660873 82 9913
50232096 45 9932
30074685 65 8396
28140922 45 9100
4993 18 7621
8617767 27 9161
57266 10 1090
8015543 32 5379
1109706 49 7494
17031075 89 8213
450776 50 4144
216305 39 9503
316434 37 2716
1581102 35 5191
6807820 79 6143
22093739 87 9623
11794284 5 5631
67959 45 380
341355 78 2666
4209415 40 9286
826699 56 2263
4016363 71 3195
778955 21 2470
2298498 15 4912
2662028 84 6327
25612589 39 8623
3079 85 110
10153665 71 6460
421883 53 1530
1251205 73 2636
1453256 76 9727
27315 45 4663
6349720 12 4804
1081905 13 6917
36755216 50 8616
2203954 62 2678
165663 85 3170
971364 46 3898
4284971 71 9424
36655670 95 9181
11478694 62 7303
3514806 21 6834
2563847 56 4742
29180378 63 8308
6774281 46 4784
2075557 43 7986
530780 67 7114
16428131 40 9681
233066 93 2459
687715 21 8080
12352471 86 7212
2959298 22 2782
109861 92 3001
145816 5 1436
539826 19 4085
7706380 12 5218
72480 30 6128
1807145 83 5746
520933 35 1334
10539306 48 4553
5025293 23 6437
51995 85 3813
746611 5 2636
35955 32 1946
1043 52 1817
7141852 39 3881
2734655 16 2571
10263018 19 5236
3801638 97 7958
18030105 19 6061
6455633 66 6441
66060 24 1085
2472919 92 3183
28094565 43 8331
65327 17 5356
36836 12 8102
508393 95 1012
3510 4 3306
27935942 8 9992
700543 67 3975
547349 14 1865
8319 2 3070
12870 37 2087
25413 58 923
24497 56 159
25854 99 1954
29164802 57 8319
984729 26 5508
15427650 35 8720
13551588 33 7356
13378717 51 5228
21485 82 1615
1 86 518
334550 81 7765
23769 92 3522
11763347 71 8093
27670248 69 9819
9824969 59 8409
1162446 100 3690
297771 6 1900
9895462 71 5251
2605897 10 9750
1328830 80 9126
2046522 28 3445
3275868 7 2964
206379 8 6414
27025765 16 8750
7186093 22 9315
92882 31 6852
372810 41 2894
2883657 61 4011
88685 40 2416
9849 88 2481
2852481 61 9463
1099502 22 4043
3813732 15 7742
4899127 26 8808
558579 10 1456
18570693 25 7300
809117 16 6705
1300292 74 3264
6323921 76 5420
5856808 78 3325
9258810 41 6278
2281417 10 2704
227521 25 902
1997070 72 8794
1699579 50 1937
232079 74 2082
20039 30 326
3225526 5 4392
22364222 46 8860
20371303 67 9680
28224 90 3630
10787465 74 8425
498773 24 8540
42715 13 4183
4588 60 68
3513210 78 7419
1 96 303
7738445 94 9569
119798 19 425
420771 77 1154
209547 21 562
3795653 80 4510
6023420 57 8425
71596 13 1404
34093088 55 8709
12828421 27 8254
69017 29 1800
452410 19 4312
6472423 11 4312
19879728 46 8282
121506 26 866
17797624 42 6320
18602 81 9976
819621 37 6993
32298037 52 9944
167981 25 659
1351111 3 5170
312815 15 2176
2954 40 174
1556556 54 2328
53963 32 496
9561353 81 8227
2453090 25 5510
14380173 53 5489
4616631 43 5266
3424071 25 4681
4108371 6 5645
121582 91 976
243253 95 7982
2066139 13 5873
380991 7 4784
61389 22 5001
9648255 64 8469
9214797 35 4768
129753 10 3256
825858 98 4586
11183711 73 6034
5013750 14 8178
20392905 95 6589
505788 39 8476
2399026 51 2409
9853733 22 5096
4182216 4 8899
41552459 59 9339
2436721 72 6168
5970267 73 9069
6392069 74 6499
788265 15 1954
193317 24 1187
2805121 72 7532
6749958 64 3840
472082 2 1643
1594 65 2134
4335004 23 5214
1335496 58 1612
7446795 78 4217
23139883 38 9063
252036 82 7858
371 33 9559
1955784 65 2698
72600 62 503
2558 87 2538
14881 39 627
937178 53 2658
987328 6 1827
2964660 89 3007
1063227 27 8964
1 25 2064
14662172 45 9002
145380 41 470
3141437 1 7271
289613 59 8963
166268 66 2314
33083739 95 9791
115193 43 603
43433692 70 9652
145610 74 4479
1129315 59 2028
408573 14 3293
12075043 59 9206
93673 43 411
11076565 3 8715
884055 24 2445
13483099 33 7530
1153000 63 3471
945760 45 6782
169906 34 1966
29190645 96 9962
2681201 62 2733
4259280 62 5191
332099 49 8499
5345106 65 7006
4083774 22 3099
2516519 96 9161
15727603 40 9948
1991649 78 2258
5573542 28 8116
6585000 29 6022
1126637 73 5295
2637147 95 7949
1165549 7 6865
43471 69 3839
11460826 52 6847
2439835 73 3403
23452960 16 7949
3208237 10 5296
1 72 9888
15238616 36 8475
695088 72 1499
14315519 91 6489
209683 2 712
1150291 75 1937
762154 75 9112
512285 64 2189
3190937 22 5935
4129 79 4168
503560 84 1793
2516365 6 3006
7082427 8 4809
1980886 57 4559
258378 40 5532
12249269 28 6402
3921620 24 9318
53332 46 3036
6103591 26 7834
1934348 74 2995
99347 37 4456
2800849 3 2761
7247521 69 9833
10136154 15 4538
2068847 24 5907
15625864 15 6281
19959091 51 6539
26409286 21 7906
2390 15 863
22262263 93 7011
3528273 92 7965
6327386 40 4764
5571264 96 5307
2526715 63 6320
71240 68 685
227312 69 5646
994415 88 5911
2490 67 936
15704954 54 9235
4642512 26 7534
5206057 97 8166
1129307 92 2973
2034484 66 9926
10408 82 7753
28282598 30 9601
3884 82 898
148704 82 1066
44929647 17 9847
20732093 80 8186
6801574 53 7786
11326623 17 5743
13942676 91 7387
30154277 13 9545
5334525 1 5821
7849646 97 8838
42759 26 3684
573371 38 6296
22356 53 738
14782303 18 5858
830910 19 9167
3695256 53 3097
1413 89 3761
13797420 55 5226
13275933 80 5933
243588 56 4627
1101467 78 5466
3014581 51 3616
3458465 16 9395
673674 42 1285
1511335 32 2333
4684396 3 8076
1 87 1869
4020699 22 4509
22495110 16 9817
524763 51 4181
4024366 48 7538
1 31 7248
943976 20 1565
629159 20 9373
44979 1 2332
504544 72 9333
5275003 63 3588
175419 5 718
3318091 51 8251
1398761 50 8004
949634 63 7973
11876802 51 9889
10501444 56 7490
5150 59 772
6532059 30 3970
3024547 31 2409
1000505 21 5399
1 68 247
109704 47 936
13684577 77 5413
545194 55 8847
30635050 34 9050
1502 16 1066
396734 18 9044
12766744 51 5745
346835 35 2136
12290 34 1802
902879 21 7510
1151390 28 2072
4077245 6 4406
200564 98 3117
443522 99 2835
7792242 75 6747
31522466 93 7854
4842955 50 8773
6677417 23 4412
2697585 91 2670
27022944 89 7512
50927 47 5639
25629950 32 7376
1502621 31 2840
38769602 83 9764
268475 92 2581
505 1 1451
647435 45 5175
479485 55 1798
4185573 68 3057
17935 24 2300
3375871 83 8069
86170 31 1471
418551 89 7346
36174982 7 9622
2595340 77 2532
8813484 79 8505
7410530 86 3767
26758 55 548
98865 85 1358
1654699 15 4774
1395689 6 1989
10289976 42 6731
30620 31 463
13755823 61 9783
128947 51 5874
1354 81 8079
4186845 21 5280
1705910 78 2781
10208990 44 5253
14604474 58 6802
758462 33 9971
1367009 33 2892
33646874 29 8540
307825 62 842
9118 90 577
80525 24 1889
3900529 72 5780
588534 48 1028
7481790 37 5674
8442 86 424
637 50 2986
1710324 70 6183
9613533 96 8946
4445288 98 3442
3298759 32 5496
749473 42 2264
9991731 73 5344
68672 52 4804
11224101 5 5444
1311715 54 3190
605657 78 4464
27453 33 1472
1 84 1659
24655554 87 9696
7303857 92 3883
12419537 55 8995
14944430 46 9281
7823701 26 9148
6272048 53 5458
2581303 36 3880
8861671 66 4206
14338 67 4896
289925 27 877
12351 4 445
42167 6 6801
2238166 43 7521
84100 23 2856
239666 64 3644
4336151 88 7340
1 44 63
81930 46 6869
928015 18 4957
5288544 13 8731
10261 51 2392
43389769 90 9884
14512158 37 6677
9499124 31 4275
2548156 37 6443
250525 7 9124
72491 42 1407
20759396 46 7350
25656 61 2886
9363 78 122
2483945 52 3853
384299 15 1174
13945637 58 8402
7205994 50 9978
3574 11 2829
15943835 10 7558
3296 36 55
4138582 48 6081
6134038 71 4496
16343815 54 8097
1665188 34 1889
1 53 1651
49239 97 731
7653187 57 6979
290046 50 2584
57463 15 256
5858553 13 7369
13046837 97 9318
20789618 41 9953
33179 10 481
37255 41 373
802292 50 1408
64243 53 555
24162652 18 9139
5095015 64 8635
165165 68 780
694123 69 7475
2905324 78 2319
5954054 32 5441
726653 46 3627
4602123 27 3972
2085905 80 3930
342304 35 6836
524644 100 3525
7233968 16 5847
348624 99 3016
1701160 34 8803
7486684 76 4819
1162134 23 4916
153695 87 8418
2637749 73 7914
1 29 1125
2319678 9 3325
11476272 14 5140
21008474 86 8656
1069850 46 3806
54491 16 2048
4221054 34 7107
690175 69 1527
10124 68 4731
87497 16 3988
5706243 87 6112
3326434 39 2908
140063 36 664
1185665 65 5733
5626303 74 3686
14269049 70 8191
17218295 55 8001
134181 64 7777
355013 70 7405
20805505 37 7668
766021 27 2052
8043374 80 7878
14114755 12 8172
4563777 62 4445
16280582 10 8807
47184 94 1115
253698 83 5589
11288759 87 8864
11761615 70 9846
1924 44 478
53613 49 626
2877412 55 6770
4141047 75 8133
10465216 67 5217
1437505 5 3269
1455754 67 4126
375124 70 1127
18227872 61 7796
19210 36 9604
401077 13 1685
5807498 88 8854
638860 60 2988
8618999 69 6938
30728823 85 9409
18063 88 209
685311 51 1719
3431 19 1138
1212285 24 3926
74985 19 7008
97663 55 6473
10126389 64 5143
20945199 89 7178
23506401 24 8279
27260892 39 8397
573657 1 2386
1718947 91 2170
17082822 27 8545
19811 88 489
20215 1 2915
19393281 33 8028
16552 29 486
480995 20 2010
8333991 35 9088
52410 28 1601
650570 7 4797
7867193 39 5203
20288393 63 7681
2978184 97 2996
22680303 27 7778
13056445 3 7443
2567164 27 4779
1035952 68 2953
2553200 7 3535
9547192 13 5732
396480 25 1020
232569 77 3938
549539 48 6132
2497 30 450
4085244 99 7814
779 5 8320
9747768 91 7356
33070502 80 9163
5018254 13 3951
113760 67 1340
8569996 55 4809
19846710 68 6251
584403 82 2802
12815428 49 5151
941290 43 2606
17941431 75 9554
8021230 45 6345
844498 53 1792
767344 65 1342
2171016 47 4882
2978289 95 3725
7677 78 5070
871748 56 2982
19469820 94 9032
38628262 33 9082
297556 99 2599
4539037 86 3574
3947787 23 6946
13356841 8 6160
28193666 48 8924
19131226 77 6534
83284 33 3390
964704 82 1491
23708885 10 8482
4027220 52 3844
3721015 98 4433
1095781 30 9839
1927983 75 8855
5712986 21 4489
30775058 74 8987
1722911 22 2849
252132 67 962
176985 27 8236
1 93 171
4471 38 271
41451 86 2155
81035 35 660
3963717 38 3530
253687 42 1740
1673060 19 6011
9901577 75 5780
3866338 95 3161
81967 79 984
9634164 37 4494
1977824 10 9160
472670 4 3140
5600114 30 9888
5065 52 7969
3748189 67 3359
3304349 43 5434
1022468 83 1708
19707608 66 8108
19077 14 865
1173724 72 2230
1214 90 1971
4518630 39 6140
857876 43 4325
41677 38 1887
1400971 91 6208
6641205 88 5038
985535 43 9757
4376328 4 5486
165921 60 843
83627 78 6876
711127 22 1861
13681113 45 8417
31055612 99 8748
729498 83 1961
13168626 12 5466
121106 39 3308
2250514 71 2092
771672 31 4401
142 92 3314
16715078 5 7455
73758 27 872
25573399 18 7940
6423 71 277
374397 69 2641
17555784 27 6301
102198 76 3876
1861734 83 2092
6380955 24 3572
208235 93 1223
2389529 59 9587
42401 19 5824
4535362 38 4106
1 51 158
5746093 98 7478
1840017 17 7963
15696125 80 5640
7388829 78 4721
29030043 74 7796
399284 96 1978
1215159 90 2703
3079275 87 6132
16218531 33 9352
50419 41 260
25074 6 2338
728761 25 1474
132459 69 5842
17420342 72 8717
8179 28 8235
1866755 89 2945
73142 59 5133
816538 35 1630
6690959 62 5576
1202899 5 9450
2085499 6 4189
10209086 40 4875
244205 14 1516
10887523 6 4653
1 100 247
510856 91 2758
16366859 70 9982
6697749 39 3630
2243546 3 5768
9141473 13 5608
3827675 63 5888
22836 96 152
425548 22 2222
16058946 38 5988
5245723 26 3845
29690374 61 8328
219985 45 835
417881 44 2729
3651192 76 3900
326453 39 3350
32553914 67 8536
27142852 37 7613
7144934 49 9276
2782719 31 7679
3028535 29 3341
26899410 22 8373
1909 74 6903
181128 78 8387
3581435 27 3789
895812 64 4061
4694351 69 3208
3988626 77 5696
14609801 17 5455
3418801 62 9376
1663627 60 7937
171450 45 949
719793 26 2167
12677785 98 6266
11296619 6 7536
5969353 76 7933
1107880 12 9952
196035 35 8346
917646 43 9762
3497249 33 7142
373856 52 5813
83931 79 684
2128044 9 5536
1164590 75 6085
10505559 75 9661
17150054 89 8997
1 75 4072
3302489 46 9317
1050270 22 4183
931143 35 2667
6706395 13 8392
1091842 74 6024
2030615 45 2386
5106267 76 8538
577418 87 1971
192526 14 1006
830384 48 7317
500202 11 2223
14267 27 8860
1 69 3493
3920191 65 3635
7682869 87 4292
841203 88 3081
19780168 59 9114
19757598 40 8011
3312583 11 5305
455756 70 968
45064944 16 9523
1996100 56 8148
242491 87 653
230567 1 2738
12376431 15 5152
14050175 74 6214
50942 33 730
15826623 65 9697
25270 54 3171
1465070 1 4583
4686554 84 8835
1117092 86 3030
13360693 39 9186
787646 89 3159
1844643 25 5388
9665239 19 6595
1 80 306
855472 36 2697
2694640 12 3085
822617 15 2454
1724746 74 4583
746908 10 2244
171155 59 2348
341532 45 7445
1104476 67 3313
1178369 66 2461
287383 62 6046
118769 39 1484
8906803 10 4900
2421 22 1267
548504 36 1007
5374689 77 4650
401633 69 1150
1444830 88 4282
202072 90 6431
16416 74 550
407120 9 2196
811870 65 4964
1193596 2 2071
460217 51 4131
168176 59 2202
19342718 74 8956
3956 59 1357
293844 76 1560
2047007 37 2948
605774 6 2102
12541578 6 7095
4640644 32 3123
149263 60 1802
9705 81 152
538013 34 1756
2741093 33 3546
12723607 17 9435
1485318 90 5521
7932909 86 7933
9415717 46 6763
69493 57 1924
89056 95 857
134131 69 876
14476181 44 7337
20349 51 2702
345396 76 7714
10792 32 8348
3162335 59 2918
321539 93 1005
12646614 24 9408
2107319 18 8238
201590 92 5375
13804734 9 7478
3693255 68 2701
27934325 47 8871
2567399 54 3469
74472 19 8533
1008585 46 4220
30702708 11 8369
101180 97 1048
342411 59 1639
1 94 749
518 41 50
13919406 91 7783
33032374 2 8068
392443 19 1783
565549 73 4430
2871667 38 6223
2842707 26 2555
30992749 28 8547
2625341 6 8738
498705 43 905
5786 10 578
25288 68 4067
3378659 25 3218
2711 10 3195
280933 85 668
42877550 36 9346
209854 87 3066
272874 40 8784
2584051 11 5343
419713 71 874
759 25 1945
16843059 10 6295
18507014 83 9761
3973682 58 3121
2319 28 9795
192693 36 2694
1910082 43 2424
17940325 32 6226
6272043 42 5848
1130884 65 5742
3369 22 676
2931009 49 3014
468513 99 2995
570656 83 2504
7043722 71 4252
11194 44 2686
500202 71 1266
2969763 76 5038
1896 26 207
10566512 30 7204
960848 74 1990
1704122 65 3563
23429589 35 7885
7158541 77 8832
4103462 59 5858
129913 43 1451
614578 51 3501
3580486 28 3937
570543 48 3631
1 71 1098
1 77 4370
895443 59 8277
5425316 51 3681
2544507 60 9894
8090022 10 8751
19174516 64 8459
563944 11 2018
4275964 22 6420
100729 42 936
528897 98 5992
260443 33 9233
17333377 4 7563
10425077 71 5172
1601870 7 1965
612411 56 2739
3405630 83 9753
1050079 82 1801
2637126 45 3990
36622 27 1697
15670654 61 5740
12487934 31 6043
17965 100 433
6314610 74 3904
313259 70 4857
2795623 9 3181
2450 13 3036
503097 55 5341
1463616 13 2968
4247049 13 9937
4274939 64 4958
11576272 35 7296
2217524 51 2927
281679 48 8679
19371619 1 6989
868079 3 2216
21813406 18 7235
268425 59 4658
9893045 71 5626
2034320 96 6213
78701 51 3119
60439 22 2459
2890755 79 3178
289959 84 1384
7302 45 63
2534550 4 3850
315157 66 2907
1 90 6896
442911 27 1180
1226509 84 9608
21883543 60 8356
752387 62 6179
175948 42 9404
52318 73 281
1 98 660
553720 2 1063
403948 63 1041
9212351 11 6142
7916503 98 6811
242791 3 1114
258686 44 8964
2310497 50 3324
20100 99 162
1515692 43 3423
75945 42 9851
18900 2 8109
23456804 41 9674
34252654 8 9053
3967491 11 3079
3134271 32 9618
1056700 90 2338
201723 83 601
19374579 83 9509
2188754 23 2845
2577285 11 9421
7778020 96 7748
7103716 84 4670
119 67 128
12125658 58 5781
2958912 29 4801
12598967 42 8884
4392254 74 6704
2187450 70 6673
1 51 251
229674 89 923
14041249 60 6774
10320255 7 5664
1354887 6 2418
7548415 17 7384
13280527 12 5273
28462700 66 8218
26713 68 1087
15201315 22 9859
13727339 32 8339
346 32 75
16489354 89 6050
8950241 100 9504
51318 51 2783
207947 22 2226
2586344 51 2551
507278 84 3059
1 79 300
9821827 81 8912
78554 9 4140
30080543 23 8086
4979806 53 8374
6583765 38 6640
4118728 5 3821
35145174 90 8579
24043706 16 7543
4065875 23 4091
53992 53 3903
711933 41 7056
1169342 49 3372
1 95 8182
2134193 100 4349
501689 85 6458
15695711 87 8101
4653 43 136
12474645 58 7120
617457 51 8571
510197 26 9569
577288 40 7816
5274142 73 4274
16031998 20 9441
93723 77 5378
124714 12 9232
236792 15 2022
6638109 32 5028
18307651 71 6164
6063 41 1577
1890753 26 3046
1 64 3554
599790 48 1400
588965 10 1954
9147418 74 9951
398681 89 1376
1069977 54 4941
275344 14 829
5225117 29 6809
1699305 43 5304
3260123 73 7311
493584 10 8002
179320 89 1355
41030 56 329
11448269 2 5342
576651 12 1092
1245718 79 3303
807149 43 8971
27033065 80 9946
11909229 34 7652
41177 41 1238
6709402 3 9135
5419 9 9261
346567 74 2959
1248703 18 2811
2719635 97 7565
37761 70 395
1608862 3 5721
237516 45 1341
735299 27 9982
20719583 49 6383
804879 19 1419
17356560 25 5952
866132 43 1736
108095 53 1064
1 57 862
976326 42 2587
7475660 20 4786
1857028 32 2507
4142916 49 5053
6228692 3 8414
10799415 97 4667
662706 50 5566
396395 87 925
519150 7 4697
13301442 41 5497
5009064 68 7600
2036055 27 7166
455160 23 2396
795709 34 4439
6042733 8 4258
3390 37 49
86308 86 9838
26411412 10 9689
20129217 82 7250
804671 51 2388
1133439 66 6896
1012918 17 4691
13806165 48 9031
7667 69 172
1052294 98 3050
77209 7 8356
2670533 87 5895
824029 98 8384
2711 39 876
5868150 85 7464
639296 97 2601
3307842 96 8517
674985 48 1171
15214608 60 8408
9143772 82 7128
18477062 68 6358
18928170 73 9835
4307711 19 7787
122243 51 1459
4126944 38 2980
132978 96 1626
10882336 54 9027
23422972 13 7928
1 37 242
15118 10 4389
16024751 60 7411
83957 88 7835
7880550 80 5640
226662 58 638
11244026 91 5580
11152365 12 7511
1806626 68 7822
230835 34 2295
1011204 91 6671
4077477 36 7642
34267334 45 9665
30126600 19 8537
695291 63 7747
1830333 40 5287
21902995 45 9386
310143 90 7152
6974542 23 6255
18046116 82 7201
20611354 88 7129
23023858 38 7327
2210319 46 3587
10039452 15 4790
7597 27 569
3995241 41 3395
377884 88 1409
6790459 15 4819
211287 6 4347
170538 18 1000
13782363 92 9828
2844435 65 2780
1013797 24 6102
338819 23 1708
41569 18 923
124410 22 4851
3684909 63 8196
423934 98 8117
11090949 45 7706
16449431 11 6203
198321 46 996
1900283 41 2423
17975758 65 7404
804593 64 5562
228055 5 2212
11444197 69 7472
8895 77 204
917900 91 2555
25515 19 906
2318417 27 8555
2446248 72 6746
3030 50 2427
10791099 53 6113
1936559 6 2338
985718 85 1780
8980297 22 8377
12528665 84 6174
553516 57 4784
121236 75 989
20785704 19 9671
235147 72 2131
4624800 25 5245
15702341 90 6873
19912 92 416
1199650 67 2484
54098 8 2611
5299675 58 3825
309334 33 5799
40202 27 492
958575 39 5252
3602600 18 4437
5495799 63 6060
966615 22 4834
8559 64 77
3382733 82 4599
1604392 66 3271
4152848 88 9595
368491 23 839
1965638 37 3002
16300856 26 7523
587774 37 5110
31196384 20 8080
120353 92 2506
11638707 50 7711
134662 50 1505
9049375 31 6267
11867416 12 6395
27870192 4 7844
1121311 52 1777
4277196 37 2942
1908 27 267
6087 1 110
61799 63 3277
8333 34 1718
1361037 40 8020
67242 59 2248
35896120 56 9779
483068 89 8248
4042 27 539
9820975 51 4924
19287340 58 6209
23087849 69 7025
4860174 21 4120
520918 59 5113
40955 42 4772
99192 32 5379
3063069 12 2803
183894 53 850
2309765 75 2102
519455 46 2489
22278455 40 8028
39935436 61 9722
158243 21 6251
27706899 48 8369
117308 79 495
7226707 49 6834
1 68 1168
6634019 36 3867
6981 1 1384
7252150 49 9918
12890546 38 5784
1852664 26 6393
2287315 20 3943
687313 68 3266
151667 82 2354
11114 81 9996
4489 43 4264
5926159 58 4902
979928 53 2787
6045783 54 6219
1404142 36 3112
14620434 100 5695
19395 2 192
16973 66 200
2371067 24 6151
226569 11 3445
7414278 10 6718
801231 45 1923
5100531 84 3433
4223333 85 3722
1 82 2106
4242130 64 5738
6617066 83 6066
17392480 92 8942
1 78 427
28421721 40 8645
28056309 43 8295
655390 61 8480
19086403 83 8077
282352 33 1432
2883930 78 2419
3268131 58 4928
12322908 78 8295
259715 2 1448
15949397 76 5577
761879 32 4165
16244 85 344
808850 34 3472
6510301 94 5168
338557 68 4693
384876 99 4303
219287 50 6793
306 14 1753
6301811 46 6495
1737835 88 5969
483213 24 9063
14864891 75 6050
1 56 635
351405 37 765
1399142 16 9637
91742 47 3102
3354945 68 2794
3726439 75 6130
3662192 9 3382
325560 38 2985
22191206 37 7345
1 85 206
18757 42 1598
176633 57 1454
594667 3 7419
804775 5 6653
111101 54 4134
1452884 50 5879
1842130 15 7134
19735704 28 8059
6280702 37 6387
11011097 72 9130
3700857 40 7723
10960059 37 7112
39497715 14 8833
7583921 36 4321
16641266 36 6329
702881 83 3205
4033814 81 8556
19998407 58 6893
9713660 100 5369
7945284 35 9176
22021 48 4709
10855928 16 7064
24045344 7 9900
227614 89 3360
4229635 89 3593
8714909 74 8992
47573 27 1325
1823 17 990
6233416 28 4723
4407962 27 4769
3841471 49 6276
539084 96 4841
30347397 40 7997
5907029 37 7733
655206 26 1530
146611 63 1253
10128609 72 9261
236673 27 1103
11259135 47 6897
634 71 227
22269 88 5321
353993 50 781
734 23 1019
110204 16 5865
114812 10 2800
1 97 4999
81865 34 4536
5473681 69 3311
3997644 47 5423
8255103 54 7174
2588233 8 6682
1 55 55
9189275 66 5486
17961472 95 6816
4196265 19 6712
19136758 18 6940
3949413 83 4134
18422279 20 7564
117815 95 877
1217529 31 2244
12223548 27 6769
11859988 11 6366
6680532 44 7367
4211 77 3889
1992179 5 8951
302582 51 6132
2082679 45 3173
3222909 14 4401
1903123 29 5091
145673 22 3803
4430865 81 5797
5491393 26 6064
4978748 85 9714
18169310 31 9446
77926 40 377
40976115 53 9306
2132558 62 6608
23729292 73 7218
616386 36 4059
4701996 78 5447
2048670 35 3169
1434939 71 1683
11905580 59 8969
9995094 68 5719
106310 67 2162
592185 64 1797
781271 52 1430
587861 70 1141
40195 94 2495
921721 98 1576
1804245 48 4299
57793 43 1000
7992546 26 6509
4555 19 3987
3344670 27 6762
5854163 53 6270
1 62 422
628732 18 4153
629573 31 1026
857897 96 1275
533055 22 3008
162976 57 1031
3116 79 116
3685554 98 6310
2167758 10 1999
7679397 24 8425
817949 44 3612
123544 96 3120
3118828 92 4983
7447936 41 9561
2740109 35 2352
145813 10 3521
34019 42 6405
27773452 75 7885
62914 11 745
4795 13 733
198817 72 5001
3871 5 781
997351 99 2455
3386350 34 5607
1974599 71 2160
130336 85 2732
11004 9 1254
4173865 83 8497
180099 51 629
11908318 29 7190
1246914 47 8789
81096 73 564
3072911 82 6112
13608688 74 5929
7116255 5 6128
10649097 89 4671
4337031 52 5886
27288466 64 8750
89139 2 2036
188756 84 616
954480 76 3338
8356168 85 9858
40671940 2 9576
7045164 25 5301
1929853 81 5586
3555124 13 6904
663491 62 7437
211648 31 8690
1 54 6531
356487 27 3127
1248950 51 2988
17361602 23 5955
3448559 53 5645
273359 93 5794
275530 40 1650
6646619 98 4469
24120733 29 8245
219257 68 1521
2593222 90 3194
16139722 54 9206
2933521 100 2701
1092245 40 7148
21296821 71 8426
9598747 7 5627
19488524 66 7028
17 42 1169
9660146 64 4426
4235723 4 7205
23594009 22 7341
17617 23 248
92517 80 3576
13046189 6 5414
20376032 84 7039
2387449 17 5876
804139 55 3518
21231508 89 8074
113005 18 435
10290906 78 5103
1 85 610
26317625 80 7257
1282324 73 5872
1157739 97 8357
3077177 58 5289
17601144 75 6161
3229785 31 2876
6952623 80 6242
259379 97 676
3039854 66 4659
73799 19 946
10664120 31 5328
632415 73 7943
1963552 7 2150
36090 40 1569
6486922 95 4819
3936076 40 3392
1117995 80 5781
309615 24 8923
69706 65 370
3130882 77 2812
15071529 53 5606
13603372 32 9436
2275445 41 8498
17322818 10 6091
20141727 81 7500
2502171 81 3881
857773 36 8829
5225239 95 4116
1595490 75 8817
25904087 51 9127
17153130 51 6432
192079 16 521
1485397 62 9351
239059 68 2090
1830 56 3363
1756633 56 2565
1 94 255
1249203 38 1781
1 83 112
586961 92 3199
131874 79 4911
2712476 88 5128
13796013 3 5682
18004518 19 6954
6881663 84 8169
37517888 37 8901
2775128 8 9729
6902527 45 7267
2452072 40 6797
8856352 97 5494
2694257 77 3135
1976453 81 5612
2436837 30 3567
6038068 75 8340
153781 80 6473
2230202 6 4468
7770606 97 4502
1992407 41 8289
130398 54 660
6713 65 180
14494519 60 5984
5601841 30 4438
43043 19 267
5443298 43 4178
4842817 95 5348
140123 82 6387
3870696 36 8649
28607301 23 7779
11672655 9 5971
381096 56 7697
15802229 28 7118
1 98 3163
3091596 85 2552
1 90 161
712 2 142
22914656 32 9423
17510402 22 6616
25596398 41 9846
16732 96 4949
15715488 22 8313
148815 10 1035
1429590 28 1669
12376377 52 8899
254205 40 9723
2227792 65 6805
14424112 39 8083
26557718 1 8959
203235 57 3521
14277784 71 7148
4705860 13 3931
28689399 76 8111
8232705 23 7780
13346805 89 7387
575492 14 1719
138963 54 647
7836341 17 9504
8043136 97 4933
29049 46 6285
2469698 98 3026
47044 80 1882
9797 71 103
4461596 53 7473
4197922 23 3990
5589535 9 5848
1215805 28 3637
31572511 71 9208
27742 89 4464
17356101 39 6372
32703807 36 9175
23559022 70 9958
18906825 91 6843
12500838 52 9336
1 73 358
12807898 25 6800
1910094 16 6297
171691 35 8129
4743860 83 4117
22428325 56 7148
24631602 37 9948
1367435 24 7008
1524873 13 5236
201982 2 1411
2046049 51 9577
975778 58 9682
15841 9 6864
2592004 74 9635
2902398 68 7148
1428416 81 2840
283089 42 2837
241093 82 3105
1528415 49 4041
6860478 52 5731
32507153 13 8747
20196589 31 6877
21176 70 329
840722 30 3174
970789 63 1436
675466 91 5728
84463 72 588
5287190 9 3716
3022953 75 9045
7138976 24 4576
312683 50 6070
1 18 9734
3209085 32 3138
42928 78 622
2137248 35 3013
1416550 47 5826
531413 31 1217
410602 62 3524
7224120 53 4785
8368132 88 6254
27198219 3 9388
3134021 98 7376
16880303 43 9405
1017268 46 9863
187536 41 919
1334277 50 4526
3808364 71 3292
4505958 32 9519
2424914 68 3388
1018689 9 5987
1479216 17 9459
1301986 26 9195
1559154 36 2033
6818655 35 5558
2787211 24 4276
162950 50 9515
335777 87 1875
418952 73 4386
457245 93 1321
9396473 1 5288
6365999 1 3720
2676631 78 2910
10154930 90 4801
20135015 55 6908
6261060 74 3644
511 74 5540
827391 75 3579
11935709 74 9858
1894723 3 1923
57528 27 1887
35515459 82 9805
15901636 53 7651
18573309 60 9200
1638812 72 2417
27150 58 8951
12780804 71 5385
1 91 237
105281 66 508
5327035 1 4224
3670555 10 2824
1303665 12 5333
13513321 9 7431
2451289 50 4554
17792 25 208
1718525 29 5605
6936663 27 6854
1546869 3 2489
16142531 55 5948
3187673 59 3929
48196 74 2594
700626 80 2366
7002777 47 5298
3896715 2 8074
992149 94 1676
12099013 81 6731
200821 85 565
1087642 13 2919
1279196 8 6686
5189 39 683
2106841 78 3777
8621367 13 4842
18955919 13 8578
15068800 45 6611
3919130 84 9862
3585588 64 6497
38283 25 1630
3447 26 8200
84128 65 433
5600539 38 3576
6291133 100 7465
22367 75 3712
361041 66 3185
19106422 4 7363
5136962 74 5633
15986 14 8134
520936 87 7303
3013740 34 8160
1693598 73 4650
52348 69 2056
2779917 68 4511
5612693 30 5087
750749 10 9374
16394561 73 9058
3453843 86 9335
148143 64 3157
2080897 94 7184
75314 4 7101
5746 40 4764
8715544 85 6845
117081 65 1065
12211300 31 6358
4033759 81 9017
63053 81 386
33421575 7 9812
3514026 59 3047
3135371 14 3954
419547 22 1015
2982920 50 8002
14258718 61 8680
1272860 18 2398
602059 74 2463
12004134 2 8249
1891023 62 9773
966626 81 1650
34755388 36 8336
276365 67 7989
17656270 4 6357
41572 59 3636
9047419 49 4176
102538 92 987
11422928 90 6304
2473727 46 2403
485173 51 9574
836990 67 4330
2811531 53 2488
2320490 37 2945
2596002 51 6031
230952 30 1587
1031991 13 3668
9524850 14 8924
2142549 11 2326
242678 96 890
1546720 98 6978
4514676 66 8906
107017 19 3557
8719273 73 5953
495705 53 7806
5953 50 2917
26143090 80 7781
13782840 88 8208
521630 68 7647
1681817 26 9409
9535158 5 7709
4596899 81 4993
2897911 67 3709
13912409 9 5213
8360248 27 6841
1161375 32 4183
195983 6 659
17677118 44 6783
22861086 46 7880
5917347 44 7533
4470 17 5514
793037 44 1333
2870257 13 4978
1123569 87 2751
5938684 67 4191
21100796 4 8216
8997853 9 8228
510325 47 7325
61605 78 4001
2772 73 388
23273606 3 8505
323834 34 1116
3666468 92 2765
37580956 3 8621
24315954 42 8465
3654648 47 5418
8903255 47 4438
10020760 54 9505
33401454 89 8629
267461 91 2873
947309 2 6433
36214729 87 8554
3624370 6 7555
1 75 4064
34459 22 8323
1635218 20 3672
1328142 93 6179
638459 89 3310
1847603 86 7400
8649 2 8488
6087768 22 4193
1077887 34 8251
294582 17 1025
25875 38 1242
360774 100 1286
330766 85 1293
19024738 98 6955
4176559 24 7456
682021 46 5792
8634761 51 6351
165469 39 1550
58851 72 5035
541347 66 2947
1203184 96 2126
12918305 62 5238
1070903 79 4769
1722985 34 3845
18427807 9 9547
628459 50 4097
200872 84 3650
1283376 34 5338
8364208 8 4385
21090279 13 7498
1167315 35 1811
15065698 16 6488
603101 8 4442
19862 5 112
5882863 70 4881
9841262 16 6723
35642939 74 9385
1 89 823
47891 95 8197
47180 17 1289
249615 57 2091
8670991 43 4916
331966 41 8035
21994072 55 8200
2852471 29 6716
643161 79 2106
78420 45 2664
532915 62 965
3121350 22 5487
39806684 67 8973
144575 26 2521
1020376 32 2632
166233 71 2192
17505449 43 8079
1104424 50 7650
7581711 14 9810
4309172 17 6351
14616804 16 9824
2138737 18 6012
609715 77 4072
174780 61 2429
406922 61 3774
25355 45 155
2247462 11 3027
2293408 3 6848
8555685 72 7345
3986291 99 3357
4444005 2 3947
7992940 89 7849
1 93 447
1284735 15 5279
127654 35 4054
16241 97 335
908190 93 1830
10425921 42 7830
131432 2 4638
26979477 87 9671
2565149 78 5334
1688647 83 8990
938309 62 3026
1000743 66 3563
30000711 75 8989
4032380 28 4025
4984263 81 5149
262102 4 4717
45011 77 663
17621646 89 6286
10071756 56 4818
888220 96 1943
26157231 34 7845
4305170 21 2962
9336709 16 4405
379062 16 863
2645669 52 8486
1733384 10 2859
4002791 44 2926
20350311 80 8916
39648683 87 9511
10023813 28 4930
8804300 40 6240
1315767 94 6555
5867983 78 8240
5085 42 8609
2317775 36 7871
12255605 60 8630
15198912 22 5571
757391 15 8944
2888733 78 5314
2420068 88 6117
4953067 53 8805
13432 17 4483
37957363 74 8636
2008685 58 8867
2875022 51 3490
802370 38 1419
7014 28 6568
2366820 88 2395
109759 27 5473
10070989 65 6773
7694 1 159
18059201 33 8129
11986336 78 5679
53434 66 573
36579426 89 9433
25066463 5 7787
85398 70 455
5363530 75 5211
30065 49 453
10554852 65 6307
1075883 7 3980
13863909 50 6802
127979 8 3890
5876499 76 8067
1 45 7440
624259 66 2816
72894 59 4329
135888 6 6203
2143626 31 2121
216600 82 2850
417753 37 8464
1502669 14 4270
43381593 16 9310
177920 2 9284
1162273 34 2380
364392 9 862
223592 57 913
507274 10 1461
126362 1 8007
2727189 10 2955
12743714 44 6231
1576350 76 3214
37842 37 3866
9535898 80 5390
1579830 22 4827
20593 81 313
7498901 15 4011
5716558 2 9623
2344032 1 4522
17654536 6 9127
1 36 3117
10512 18 2923
7822325 15 4727
577838 13 1822
1537504 55 9649
2366914 33 6620
106166 63 7440
1 96 499
3043429 63 8961
1034850 98 5866
2428448 64 9159
1312905 89 2526
57199 63 3862
137624 70 3879
241005 58 4616
13565617 24 7614
1755775 71 4740
6509854 22 8757
3946330 63 7405
88299 68 5518
1457342 56 6978
14717599 82 7150
6138362 28 6056
23573 42 879
4729782 99 8749
49755 94 4985
208075 67 877
2679776 81 2435
9483022 14 7867
4198 34 1783
728052 77 5999
8663859 41 7988
528086 10 2085
11750294 69 7888
2070504 25 3551
2418793 39 3825
309208 88 2175
2352804 70 5757
3 2 3904
1 76 6297
2030715 47 3257
4682345 5 5354
15035147 39 6942
811312 83 3860
255954 50 5865
151676 5 1947
5721946 71 6685
330465 70 1234
18176826 55 9599
23748442 47 8165
21338746 54 8802
135967 12 5247
1600608 95 5119
5424296 5 4092
16960078 100 7742
12986772 67 5140
3217762 78 6553
3185 76 355
4334952 48 3208
23585 65 571
515260 96 9271
87995 73 774
1409452 55 5024
8032 66 435
250817 12 1153
429851 59 5134
6865536 74 7119
1145208 24 4166
1200409 73 3996
5741034 52 8150
2127795 54 8551
477183 75 8832
835443 98 2083
1557846 21 7958
849663 60 3637
224736 71 1166
1720456 40 3848
10960713 55 4957
60150 71 3434
116986 10 2733
1117943 93 7499
759248 46 2712
349144 10 885
12717764 21 6545
34595 15 458
7508663 73 9428
2170 88 3115
319511 97 743
6859 69 3864
1325823 4 1572
1465985 53 3540
426 40 50
23162 30 2401
1561332 91 2291
3305843 4 9927
38379 8 281
319264 32 9286
2504946 60 2396
115965 35 947
71529 70 685
2736235 21 6709
887968 15 4979
203521 61 1788
3450018 25 4320
4007 28 408
6240045 88 6808
601644 86 5167
241528 46 2879
42497046 100 9499
2811117 32 2689
25978217 60 9419
6682767 4 9455
15936160 75 7042
89753 63 6823
8315302 71 6070
2519103 82 2790
2450 27 113
8584291 71 9240
149297 1 3382
3673 20 4949
1839 94 1314
3061520 22 2656
16150153 98 7655
11642 61 5520
15267 5 915
18553459 62 6874
8613491 25 6902
822395 89 1612
8197224 71 8668
485785 45 1439
592 66 810
1169801 82 1724
93861 8 3820
1212484 75 2633
13398272 20 8112
27631457 47 8278
12166 75 380
178874 50 4214
1639114 27 3155
785101 94 2145
448 20 2331
967723 57 3437
18152 27 4966
1174245 26 4622
12274 93 471
18723373 72 9180
224970 11 851
6398376 82 5343
1615 85 2538
6717 26 121
713907 31 5033
33197 31 4693
86256 94 3869
7290182 18 9880
1071649 3 2612
1 59 4835
420416 78 1520
2993 23 252
74763 50 9090
3465571 16 4367
12422 5 95
13369129 29 6030
1648612 96 2421
2128457 69 9634
11753750 16 6675
443333 60 1583
240779 59 867
4722726 78 3623
7626522 62 9922
1458516 25 2751
175106 51 8940
2323049 98 9261
10353906 53 6340
9170382 78 5160
1262240 96 8720
14191737 88 9769
3804440 25 3775
5124607 93 5187
192206 30 8256
2269093 71 4933
5551435 58 9308
1104601 100 2805
15678 21 6718
14976677 24 7643
146460 66 907
194528 64 4526
5750851 33 4235
297013 95 957
1760420 76 5674
4557021 99 6237
30079595 10 9180
790032 1 2755
10958456 78 5927
5202948 66 5520
4331765 12 8195
14519098 81 7751
627557 26 3865
28077163 9 8225
4786962 83 4776
3710893 30 2688
1981782 17 2346
3897 11 7202
5794693 64 7075
195089 51 8553
1 82 905
28424838 36 9444
12628052 36 7859
29801200 42 9679
232253 67 1609
44615998 56 9411
64744 93 382
1765541 2 9305
436628 82 6717
1877539 77 2271
3561702 71 7485
2945511 95 4951
5757027 4 3319
4266821 35 7907
19815 39 2188
5569361 96 3853
26278 6 405
1 53 2078
5369 4 1089
10613583 12 6243
204143 96 8617
93011 74 3811
7417239 84 6124
1349090 5 9551
8281418 67 9940
251337 85 3935
798511 79 8396
1610681 73 2976
877777 61 7182
787899 76 9641
24497459 10 9151
23433691 100 6776
884 44 158
10460553 91 5736
12477504 78 9828
32514866 49 9104
303346 4 4566
1308226 87 1766
28122 86 7983
18500621 66 6539
393781 42 2233
12904071 78 5253
4108778 69 5542
43323 69 1985
15051 24 3922
1696012 10 2963
9149172 24 5304
4865574 2 4931
1020456 67 2250
27276671 93 8737
3239965 80 9971
121789 41 1159
6815124 89 3830
13162436 81 5699
61626 7 3349
9299142 44 8668
167764 92 8468
3967929 42 2935
2460072 39 2459
14755675 60 6620
523 30 1053
28926330 89 9740
4290494 36 7195
2520606 1 2300
20405393 88 7405
2494 32 778
119187 46 1793
757304 95 1973
1098432 7 3124
16591083 64 6049
1128178 62 2744
5151980 99 4282
15889693 36 8275
240875 100 1426
87095 47 3634
12416653 31 4921
1671216 80 9686
3164489 34 8381
26952908 53 8062
924324 85 1345
28646744 94 8443
567365 66 5778
20597497 44 9167
1665222 63 2025
7361615 36 5535
1376788 98 1569
62403 68 409
4498108 49 6763
7315733 35 3943
6227415 58 8409
20863645 15 7792
5753875 16 9177
1 76 7547
116750 77 1379
50684 67 536
117699 100 2739
1464752 72 2052
4893421 64 5950
565478 6 2245
2923320 91 3189
79565 61 6677
13460732 10 7143
1012836 11 8929
21641 34 8354
374 56 118
222683 24 606
733700 40 3211
121944 26 4512
2242901 38 3131
9901412 55 8816
293 20 2294
8692261 52 4290
2661366 74 3855
135979 51 2700
2186347 1 2959
28977993 15 7682
826975 83 1689
8046231 82 5899
357429 3 7949
16505560 81 6871
200430 62 6059
41460 7 3981
1436850 3 7396
548169 89 4207
7065434 12 4085
60965 32 1202
17749 52 429
19317690 61 7454
14595881 95 7466
306481 82 3092
154763 7 996
70031 85 743
19736 34 4870
997166 84 5583
5312 71 90
85819 46 3095
855470 80 2227
7928835 36 8732
600948 26 3587
12852172 42 8416
216561 49 1475
9003365 2 5385
28468908 22 9077
2364550 33 9967
3638500 39 2687
1 46 7478
6130005 48 8662
526154 78 2879
2441353 20 4887
9411959 78 4359
2491661 22 7232
42058045 17 9904
480299 75 2713
49 15 1617
270716 15 4811
502090 31 7896
1 58 1221
414301 60 5037
973 10 1162
24001 44 1046
2538165 42 5947
1451474 27 3954
6740196 29 6554
6917209 43 4902
17682085 62 7055
73242 63 3090
16036002 29 8140
66472 17 2575
24785245 33 7450
845655 30 1641
2012426 51 1914
2246254 80 4958
345479 64 1313
13282147 72 9549
318561 78 8854
28765 39 638
42626 84 868
27566393 92 8340
226450 56 1812
3832292 70 7362
1 79 2345
9914667 77 8294
1672175 1 5855
6655799 35 3551
688594 39 1664
2508386 46 2564
14807717 41 8193
668721 57 7865
4968771 8 4574
15614468 34 7579
5948315 72 5654
2703076 54 4239
586983 96 1099
3162694 29 5186
321883 28 8008
1496742 80 4767
6081921 11 6756
339147 25 1903
6225071 32 7932
24870 66 3407
14798294 74 9759
12319584 81 9315
381084 55 7822
4220860 5 4783
21163234 9 6599
9522 37 1399
34117731 53 9260
11072535 7 5097
9374863 14 4657
7294976 86 4780
1080418 30 1567
18636274 89 6733
2640320 86 2479
68312 86 2088
2756196 47 3963
16122 23 1302
35670798 67 9253
12258977 28 6939
25042 90 167
4840188 93 6753
12041843 52 8634
19406 88 521
384128 68 2625
22749 66 7964
18818255 92 9199
387275 6 818
20733142 39 7104
7798311 82 6443
3380894 23 7594
2848733 12 8777
1671539 82 2576
1015120 22 8038
823363 86 3873
4141059 38 8083
1619086 28 2994
1 93 416
34137592 55 9122
42746049 98 9796
6372973 75 4213
9166114 62 8200
160455 87 2024
20909772 42 9775
6906292 92 5981
1788990 16 8212
642969 20 1058
16545 9 99
32196 14 179
3901543 18 2770
599399 24 4386
3995745 2 3813
942397 53 7709
1 60 7443
46469 93 1037
22391167 10 8069
406572 36 3003
1673 1 28
36513960 91 9576
481144 61 2025
26798322 32 8909
615535 6 4846
1185263 81 8152
8303336 7 4352
161130 62 644
3829985 18 2942
8099753 14 5391
3925557 69 2889
3724465 67 3757
927755 60 2415
4591422 41 5653
1862639 27 2759
3005823 33 2666
12031454 54 5075
2211941 19 4664
4573664 66 5328
21238701 30 8780
4490 48 8278
2030503 3 4120
1085667 41 4992
25363062 4 8331
2900917 15 8783
28593 49 1672
25952694 48 7353
3026709 99 9672
3004598 68 6215
1437200 83 9598
4118487 82 9488
178276 33 1406
1 66 66
360723 6 1942
277151 40 6471
491774 17 1310
672423 7 7102
3228893 47 2739
317534 97 2192
1702 1 26
5457176 82 7350
206536 70 1554
284780 70 1618
219845 13 2371
10984250 36 9593
5877234 22 5553
4484319 84 5513
16321424 58 8896
25182189 53 7773
8424777 29 4449
3579575 51 5060
24110369 75 8995
3866294 64 8601
2820645 97 3119
8692280 20 4623
14156 98 1153
3561333 50 3782
2599351 17 3332
6119 19 4506
14213005 6 6384
2565800 11 2383
770600 80 3324
133655 40 2755
5338974 44 6275
8888315 35 9486
196017 57 549
13547802 9 7176
14416078 50 7262
2965019 67 9762
364744 99 2782
128263 74 703
35923 55 1838
19021244 1 6553
11175240 62 9041
246947 94 5869
33960 8 1819
5822109 69 6078
296535 84 4053
28153030 2 7992
34002 66 4100
7605329 78 5092
139291 43 2097
373510 35 7146
6536410 54 3535
776343 84 2044
5831212 93 6888
5382765 58 4034
80227 63 336
3928051 8 2952
3538160 37 4436
1 79 2895
7326395 63 5355
13901 84 1793
352682 22 979
1765189 42 8041
12275682 39 4884
481718 1 3348
4721206 21 4787
580124 15 1568
573088 17 1033
263338 59 971
2189515 48 2333
3945341 90 3253
497911 87 3635
7260620 13 7726
1395 33 1482
34651937 30 8648
7273063 58 5183
29261553 26 9172
1190374 44 4217
2996328 34 3620
465091 84 2645
8112110 48 5051
13766089 93 9022
5757652 38 6070
700765 12 1342
1878378 76 5463
112532 74 4316
1352644 14 9605
12989994 74 5605
18460874 100 6338
94552 91 1349
382505 52 828
3876489 15 4999
4319637 89 2980
5750 79 444
6072854 23 4683
7094 54 554
3035452 5 8278
371209 63 2009
283410 60 2063
3933675 6 6999
2043779 66 2131
724024 60 1224
3586 16 2077
172519 80 1281
9113477 30 6362
416704 17 1191
3501 68 3751
12949886 66 5462
6632590 5 6262
1 97 3072
1036995 53 9792
1810446 27 2779
8797596 43 6816
3041464 44 5558
13146 3 1946
46124 45 519
6208097 100 7350
2075241 73 2062
10770884 4 4961
328209 36 2156
30540 46 4804
12069213 38 8080
1053985 99 1497
23340535 44 6909
12097835 81 8714
422545 7 8831
26720162 97 9844
19418954 16 9920
5522248 40 3985
962265 13 1405
38565734 31 9081
2503399 38 2936
2819719 52 9645
3186650 10 6673
1117233 16 2051
486520 17 9254
1016736 34 9545
5648249 76 3675
3505882 64 4200
217633 15 895
306758 55 4981
990231 11 1448
2468404 30 6524
2822000 80 6406
5638224 93 8869
419692 50 9188
185012 16 4014
24207103 75 7558
217981 38 1736
244782 47 1905
319378 64 911
9939052 44 9989
2965328 71 4954
8635570 66 4851
5192357 96 7979
210250 90 4896
184954 10 7164
5148106 91 3516
32018920 93 8200
9016584 43 4901
7395895 84 5647
1 86 132
11044038 72 9802
102303 11 9369
1421311 63 1629
1 99 452
30642337 36 7960
6607524 62 4521
220330 84 3325
4283565 32 8201
327150 49 5694
9617277 27 5272
4005079 58 5971
2424663 12 4790
696126 57 1759
10751035 68 8614
21284807 72 8099
3453410 12 7211
12579414 52 9931
6572476 47 3709
219813 15 1973
15042749 40 7708
7367 59 138
1 74 688
23680619 37 9559
24005506 10 8794
1139788 13 3762
1623439 52 8479
148737 23 7860
3463795 79 6329
3309680 94 2564
1353618 68 8693
1 83 457
23583286 22 8097
2531593 59 4484
4095077 29 4958
460224 76 3262
1420379 6 3680
5117314 25 3579
8439 46 188
1989273 20 8069
3840365 48 6413
6470172 9 4802
20806345 90 6361
42541 19 1763
2295395 35 2702
21742076 65 8240
2237 60 1693
43993928 13 9491
71513 43 6082
17535 67 149
15745 69 239
257082 15 9016
134424 55 473
11961114 31 8166
18130 100 6197
72713 60 6549
2629259 37 3755
21964 66 245
4864447 4 3246
2558717 42 7450
119092 3 2653
3822039 59 9698
6971186 59 3812
17115221 92 7951
254131 73 829
8106729 11 7195
9061715 68 9243
5655054 36 6394
17480987 87 7851
1820869 96 8158
853041 34 4285
743399 36 6028
6624801 65 6033
1274056 7 1755
2353936 56 3625
50521 12 221
5490880 17 8012
1896476 50 3387
22222023 24 8335
24777 13 3663
4643068 77 9104
14910347 4 5879
2027810 94 8633
499080 60 6564
64679 25 2450
205229 68 5846
2996456 96 6677
1068760 62 6643
24039203 68 7439
781792 37 3059
5892374 99 3673
85406 79 1967
321118 95 6285
4796398 31 3805
41626 75 464
1708226 20 2006
1052040 55 2688
5422208 80 6526
1730 15 65
481625 76 9827
11509888 81 4759
3105348 22 2724
668517 11 1944
26902806 44 8533
866249 37 7408
10475026 94 8422
8640123 16 5390
465202 68 1477
6406802 89 4936
1951479 8 6393
3277723 6 3568
49435546 80 9893
9572 75 860
1286997 55 9219
2099522 65 4433
20830858 31 8343
3527215 25 3618
6810810 88 6023
530943 78 2771
3755501 34 4197
13637447 43 6007
2108 80 1268
5132980 49 8721
4347606 99 5931
155595 5 1050
30381101 39 9799
1715625 95 6311
1029027 25 4035
8110690 23 4750
2851148 69 3688
1059576 80 4201
29262747 72 9979
493878 73 2040
587235 83 3125
7493821 62 9916
6400405 42 7913
1788604 59 5796
1138103 41 2160
18244707 86 9025
19412933 97 9186
73677 18 4352
1 39 400
56097 45 1542
2998224 62 4047
7164438 37 7179
8930283 96 5140
1502790 49 4894
2776867 26 6924
11651627 24 9615
110894 4 404
8316429 82 8445
1636055 69 3159
2452891 80 5273
20812 33 352
692 35 91
68658 24 967
3532349 83 5202
790096 100 5758
2787 9 6496
10367512 79 9745
2584259 34 2606
65949 79 425
431615 17 2009
1176123 43 5032
40279246 21 9631
1 72 2361
134787 85 1353
290434 73 8522
1871914 10 2538
23415683 89 7976
37697313 14 9965
1208665 25 9438
17227701 30 6223
9859922 54 5677
1 59 271
148115 83 4136
3609391 98 8604
13319152 19 5798
394535 19 2927
96504 13 562
173400 23 617
14180220 69 7982
3217176 15 3040
2765700 13 9124
7435951 71 3803
15186 49 3407
474301 9 2252
12762675 69 6649
650878 58 1827
2599837 29 4242
1855124 86 2915
9937509 82 9785
4001093 87 3909
2486269 20 3184
12958135 53 6468
1150594 15 4420
3504 7 678
169256 92 3899
106806 68 1975
6176013 93 6750
15408079 86 8259
406117 9 4223
364092 70 1516
3815376 84 2741
3973143 47 2752
3387111 76 5541
89387 85 2466
65254 7 600
12214173 85 9420
386015 24 1980
124818 83 966
2342039 21 6643
7201604 55 4117
198353 11 1267
1356244 23 5134
7763 99 4562
34167 25 2496
4023565 33 8312
2198487 34 7759
27445331 94 7552
985877 33 7548
4306465 51 6933
229421 46 2157
203897 52 8702
452 43 2350
6334802 28 9534
654577 4 3156
157546 57 2286
824387 14 5042
13598 23 5728
50319 22 406
1207060 55 1591
29324637 91 8696
178923 5 7739
497253 11 1429
305713 97 3426
87267 66 3599
434753 15 2579
1530174 7 7961
6658056 34 6411
989296 18 2334
19450005 83 9779
2173748 45 2757
262933 82 6234
544291 28 1039
7542930 100 4886
8759411 26 5288
7769969 93 5153
508720 47 7544
2074902 49 5681
371070 80 1271
59288 69 581
9215617 19 4786
2764666 67 3118
49460 43 354
571667 53 5497
871252 64 9049
15344 55 3237
354431 66 3495
19103268 49 6333
14816440 79 9482
2723698 79 6201
231371 17 4100
4684127 46 2997
1 50 134
3412345 89 7288
258236 59 1243
224736 76 5520
31018 89 449
1 60 206
59240 51 3521
51809 43 401
3403524 21 4028
5511227 92 8935
4507779 83 6007
27719927 34 9361
5301449 64 8737
807415 35 7394
7582114 60 4384
893 16 223
15085700 10 6314
117171 76 7302
10772813 27 6751
258792 21 6983
942877 79 5234
3032902 3 6310
918528 70 9963
11020769 71 4820
1338076 12 7635
1204899 34 9878
5213 22 3959
2786136 92 7631
93092 73 7401
4568245 6 3569
181485 5 5476
2020684 69 6677
29557488 86 9114
170718 76 3035
27644 94 2218
30720 61 212
843937 51 1915
10932947 71 8058
3536649 64 5685
2758317 58 3375
27854808 60 7708
245103 66 5996
8967504 56 6186
10896807 13 5374
25319256 18 9270
7670632 62 7804
2785555 36 8558
221070 45 4556
10689518 95 5938
121192 75 1467
1 60 176
7947998 4 8540
3859514 58 6228
2950514 18 8805
7361219 41 5191
278580 54 1970
9022436 74 7126
4565084 46 3335
952526 53 6011
810451 33 2824
13612388 80 9013
24183312 43 8977
308423 12 3283
1782027 53 9839
31564528 32 9715
915656 13 3641
26008767 63 8164
20577540 91 8289
1650417 49 2110
1201931 9 6996
3327820 32 5333
7742735 53 8456
27667460 64 9310
20508962 23 9439
5818736 18 4455
30374 7 1318
3209879 57 7440
7101822 38 5447
13870605 7 5180
38661142 32 9463
9549058 20 6438
57339 23 9001
11072367 10 4932
1 73 383
1608777 38 5100
881531 56 5507
5162946 61 7040
30079266 22 7683
11575830 33 6189
494718 34 1552
6154387 51 5847
1650978 95 6660
921961 15 2869
78585 84 4422
9456581 56 8900
6410806 4 4055
504174 79 8035
1624304 90 3733
21347857 48 7314
8211550 84 9000
94202 33 1409
14685411 71 6662
33670 64 440
13229015 12 5406
16163023 84 6601
14370347 90 6133
1098715 38 7814
6063692 16 5364
153423 62 644
232 22 9691
16191645 64 9210
627865 32 2482
1 57 5946
10645691 33 7522
4139537 23 3445
20094481 45 8021
1099587 44 1641
6540085 95 6732
1490882 81 3842
3573950 74 3255
12355 10 62
1 69 7133
9740 10 1426
258021 53 634
11014971 66 8097
3906929 93 7333
2906182 3 3102
10020 38 178
62551 72 5840
71709 67 2109
3748601 34 4956
722244 26 1507
6667128 59 5188
44666805 24 10000
5597685 49 6365
427068 25 1133
263723 24 5504
286397 98 5164
13839638 66 6889
6099671 8 7373
25369 47 1411
577023 14 5919
12298203 1 6613
30928170 44 9616
211390 43 4003
1897630 98 2205
55745 84 393
456674 67 1000
2196371 76 2006
7928245 32 8728
653286 70 2059
6166272 83 6569
410284 91 7228
3576523 42 2740
2919300 81 7377
977950 65 7310
20090369 39 8299
595145 27 1607
2952546 6 2510
1 64 2422
120624 8 9630
3044681 45 5314
1291242 83 6350
1409 73 4184
1562757 9 4359
3890806 18 6035
32562 66 4657
9075 69 2913
3783719 4 3820
1 69 492
17783 43 263
1024681 48 3489
134022 95 2428
1121629 89 1591
686623 35 9031
13701024 100 5578
3119981 21 7404
19476472 76 8691
33930 61 8869
143667 52 1055
18468276 50 6626
1231 70 2535
26919578 56 7557
19027209 54 8020
101800 29 2052
1758461 84 1877
3246866 68 5156
12727192 77 5811
18341414 38 6994
4884723 83 4134
856893 75 4402
1289188 38 3448
8567 30 2791
12789818 87 6005
196040 36 983
9573719 52 7794
242839 41 1910
29399560 40 7577
118735 42 594
709665 27 9072
4714865 87 3487
9257575 13 9648
40013735 53 9524
11015 1 1161
164649 62 4878
297975 51 7328
5096248 57 3794
16843128 99 9601
288012 44 9867
561950 71 6452
13617854 89 8372
331639 55 3379
22161577 69 6874
1171145 24 1650
3413084 9 5201
3236535 46 5364
9481840 14 4543
386009 74 1900
17169976 55 6132
4023125 36 3718
6818839 23 7702
9304681 19 4400
428442 61 1105
75600 12 6224
247127 85 1023
1736634 13 3003
12314629 31 5073
42547 69 2356
42212 43 918
28875511 23 9643
2671097 73 4785
15978025 17 7034
49328 52 406
3130061 60 2981
18052 97 156
3887 20 1672
307470 35 938
2468922 20 2448
21046 95 1211
73920 85 588
3431076 58 8993
44837771 71 9589
14559 65 199
892979 41 4536
74180 31 8720
10571112 75 5294
3144 52 270
142829 70 8468
9235 72 203
403727 12 3685
14012802 19 6687
2751726 23 7837
124196 45 7300
7849127 51 7536
4344775 19 5844
39388083 34 9179
11028886 62 8417
7709860 14 8537
4607226 31 4415
2494931 27 5455
984668 60 4076
161122 28 1669
7691638 23 6095
4428228 55 7966
6790522 85 9819
11862616 38 6630
4847927 62 5722
3831949 24 3864
77969 68 1064
12948 19 2197
16107766 33 6019
790118 60 4240
24963349 37 9658
5767137 71 3871
27478 96 639
2076638 91 1959
585001 31 4160
511340 100 3620
879647 43 9757
171 10 4753
10768925 51 7888
1750768 93 5049
332476 41 6550
6397954 92 7435
91059 85 1280
12936 8 1380
160196 76 3672
1795459 24 7211
5670295 23 3333
3092 46 5712
1195089 99 2967
4993984 18 8354
1235835 11 7455
8854272 44 7736
2664729 72 6385
12851384 78 8758
903233 16 4357
6606637 8 5163
627886 76 1603
135753 20 5067
6110 48 90
3325721 95 5013
42667 55 972
1143896 10 3578
1347013 52 9962
482435 91 1366
1452396 82 2480
49374 13 9290
624037 28 7524
11178271 96 9652
1478937 97 3332
11279868 99 6160
251492 77 3517
1086977 68 2564
17923170 37 6668
2954532 37 6341
3606916 52 9275
3480946 61 9100
146902 46 555
20972 63 3343
895138 30 4792
10295290 44 9132
748224 71 1839
1281 50 156
30072471 71 8094
737477 62 2343
823676 74 3065
686663 43 2873
21346297 27 8568
4754377 61 4587
2258122 55 9431
4450969 49 3998
57344 37 2807
2828058 31 9016
54271 51 2253
1247351 39 2514
26864602 1 8889
1344809 54 3866
7455521 34 4109
11819598 24 9298
185 47 438
205872 56 9888
747731 84 4959
186512 54 3929
2132998 32 6977
981618 27 8967
10382748 67 5330
5443410 29 4523
349056 52 6741
14049000 72 5262
28792 76 7076
130252 60 1246
6548637 89 5571
908 28 1623
13980876 81 9120
5954821 35 9672
312163 47 6268
6034798 65 3477
2028666 75 7448
445830 30 3198
714632 11 1817
1334146 17 5001
4103031 57 7086
9821970 41 5609
10574494 8 6801
65877 39 903
1411366 59 2069
21793948 74 7338
8233649 79 5039
18087596 16 9828
1319231 46 2172
1067424 65 1646
1478049 11 3697
2635171 18 3514
313835 46 7039
7175324 27 7239
33853087 46 9407
10585940 42 5655
16053107 16 8354
40056480 70 9501
13739794 3 6881
3742963 88 3626
384648 24 2452
2969 69 464
22410934 91 8104
17803290 13 9715
11697437 51 9444
1060103 100 9790
61446 17 990
3169588 55 2685
11541 16 1095
1279480 36 3444
128551 45 477
2647467 88 3921
1708247 92 1942
12412848 27 5036
8404393 27 6365
8133563 69 7304
2921579 45 2620
8655352 46 5748
4453768 97 3739
3235620 67 5468
5011337 1 4758
6309921 23 3635
2525277 50 6755
1791 57 2543
148047 68 5700
6233775 80 6556
8506970 46 8241
1 75 85
7392186 43 9289
120344 10 5740
1883295 84 4457
47245 66 1106
93973 42 1711
22184346 1 8048
35583691 62 9477
2208819 62 4858
81808 12 2236
1364751 98 4040
55134 85 8726
819422 85 4779
103628 72 6481
11440013 78 7845
1217433 33 9895
19264714 64 6168
72349 55 1461
1540584 14 7498
1488425 32 3974
20147 45 3592
21469441 5 6801
11499 71 8450
684424 69 7654
10100494 27 6048
1430 67 266
1795685 3 2399
12467388 4 7276
3658323 14 4840
248766 61 4406
15341 73 780
15411984 42 8882
7188776 78 6006
893769 90 4728
2108923 5 2314
3427529 17 3573
11767 75 9441
1 33 341
272345 72 4941
182369 56 5747
4745483 72 3662
3809339 86 7110
2135670 52 7998
69937 74 4679
8346028 1 4505
549003 95 1002
779303 38 1327
20489913 38 8980
177407 15 1465
26480493 17 8651
2782921 58 5499
541175 71 1850
17021277 98 8895
1728115 35 6390
288403 40 4175
1929 84 102
13885785 45 9250
438231 98 5709
2267776 56 3359
38736649 16 9214
197753 17 548
1 89 170
311769 95 6175
3867 11 790
61271 62 730
9818735 41 8196
205293 28 1341
150681 47 2530
3979552 76 3042
928510 64 2592
205109 62 4989
7262715 41 5547
421235 26 4012
170657 41 582
99036 75 7688
110217 85 2253
8959 46 81
155233 81 711
15649 38 279
100890 81 361
264748 33 2586
26639970 79 7620
2827505 47 9402
1859230 65 7451
32402 56 2799
13700133 78 6431
4256093 39 5872
2809572 19 2273
29830 74 234
2039293 64 7232
1917263 98 3248
4834586 45 6016
13094395 80 5692
1839847 97 7324
285290 56 2343
42132 65 914
2297182 85 2264
4687366 16 6915
423309 41 1448
2296358 58 3968
7870919 6 9559
1 88 2082
26012884 4 8001
11758660 57 6812
3652553 90 2788
10647 67 2952
2948266 83 6688
1428376 53 3783
3467903 83 7310
1356638 33 3933
19867796 12 6588
1305926 69 5437
4012269 83 4922
23651966 34 7439
3680577 69 2670
5280597 52 7592
28142337 32 9091
959954 36 3556
1390865 69 2119
595083 33 2761
1409142 69 2819
1483832 99 8539
11186320 23 4794
11234486 23 9922
208 1 2703
467404 82 5690
4922182 87 7531
423102 36 8016
565 76 7078
2194145 12 4239
1718753 35 3274
728855 34 1749
184199 16 1645
180854 59 8901
730831 3 5290
71592 39 3952
23185882 39 7112
3172991 91 2542
219613 56 768
14464988 27 5981
1364528 49 1836
6027571 82 6701
12669508 61 6405
16902785 72 6489
834329 10 2967
429468 100 4136
456114 28 1009
760045 25 1824
2582079 14 8627
44720301 91 9988
1224171 2 4298
440817 77 3065
11964922 31 6719
23476335 77 7700
69924 40 1507
9068654 27 9285
55967 49 4588
3910704 87 4934
901821 48 3217
1 99 1294
6871881 36 8980
1033019 60 1608
600572 5 1024
2320 24 222
136234 99 2171
4485360 88 8634
307960 3 892
192518 37 6873
1587155 43 1787
851804 43 2695
55537 24 2275
199858 77 3385
9604127 83 5120
237165 30 5570
18521880 8 7672
8924048 92 8876
3782006 49 6772
1 78 1589
8705 18 2971
654594 71 8922
13063592 50 7058
25204 63 219
2847826 96 7419
2215159 6 6705
226358 86 1155
23089790 75 6822
21596839 17 8268
4277952 61 3348
167273 51 7145
417117 49 1513
44264118 83 9804
248255 93 879
7975 99 728
507025 82 3403
95758 1 957
121814 83 7916
16095097 12 8147
1035162 59 2084
7455427 57 5008
13159 20 677
820822 74 1948
229531 81 4034
76400 20 877
368429 38 5779
4118558 63 3187
14165766 14 9933
6684 24 40
29372 34 7807
24062400 42 7548
100458 97 719
5042170 33 9477
756669 100 1527
4264496 29 4274
86093 4 2576
6734 26 2851
6265258 99 3875
1744957 97 4203
4639361 39 3871
3106877 43 4867
30780941 82 8643
105008 48 8740
8906 36 123
599236 5 1472
43995 30 676
148102 31 8632
12242551 39 5288
2393228 86 2940
18061306 40 8380
77486 46 1972
19381042 94 6516
355398 85 7072
1 99 2312
407900 23 1190
4375765 74 6040
1115213 44 4656
1 54 419
7987102 20 4720
3018074 49 9827
1829448 8 5022
398446 91 6613
13908407 17 9920
16116 71 2261
781513 20 7740
1061281 25 7124
223019 30 2651
39754 14 504
13683 62 5372
1728002 91 4170
222921 35 693
14832560 38 7861
1056408 42 2149
177822 32 997
6199518 15 4737
34634656 6 9882
7053563 48 7310
13688532 57 8780
1 100 927
2499193 67 7397
11116115 30 6255
3696081 32 7252
405060 40 2228
20195177 36 6509
31052 9 1830
10469 47 4519
4689562 59 3428
2888054 62 5178
11787 2 5742
1 86 130
6379400 76 7750
9738383 46 9559
5331242 65 3907
4202887 59 6035
22311399 58 6955
2505359 86 8623
1074082 76 4576
1902055 3 5865
9438496 86 6121
2481290 46 2289
25937185 79 7140
3661993 35 4252
5387 43 1590
582168 95 1920
536944 23 1179
9548 47 4664
240306 23 1114
550 27 139
71665 41 5196
5813821 7 3621
36495 3 587
507055 29 994
104200 43 3755
38435 80 8444
8953730 14 6121
2474561 32 2904
702376 30 6780
7424973 25 6486
5138135 12 9353
14356349 46 5429
1741996 96 4685
133952 28 1358
3226048 13 9825
2095613 27 5113
1169514 68 2987
116885 33 4324
15481290 67 7577
7318355 40 4000
26031124 24 7128
367188 95 4530
8538492 65 5709
1437582 84 8318
8474495 96 8668
12119 23 2462
85459 60 4832
12840823 5 6149
13497090 43 6600
14163 60 1280
28480964 79 9678
3117 48 2917
6455842 48 7544
31790 64 1404
3824889 53 6665
2914873 36 7568
6176369 80 5725
365584 43 3613
85023 40 5516
1626902 16 8075
157544 88 3659
1383260 79 8102
4274197 53 5918
28403456 5 8386
17460 50 3583
1453306 9 1659
33 7 1385
82232 60 994
312975 34 5497
317750 14 8912
427695 98 829
30114 17 425
667814 13 5174
77281 21 3667
24691669 8 7927
306973 45 1594
12136666 59 9513
389 20 407
1704330 70 3765
1147679 9 6688
278992 37 2580
14435832 92 5962
7061087 15 9649
9365447 29 6532
558758 1 972
8911811 59 7271
3973488 11 9408
24399117 16 7044
2551909 71 5208
19559 12 388
10269530 46 4625
355352 94 1540
877082 7 2281
2019196 54 8777
4756301 73 4511
515841 56 929
4602393 67 3515
2045030 97 3746
6377 13 1578
26549553 19 7438
40468 93 1850
47073 81 350
358974 59 5470
1966 19 3478
18454104 39 6788
1364743 79 2237
1116594 86 2165
2851139 7 7873
6608318 9 3899
5750254 78 5492
482684 93 1267
1497949 3 2500
2684387 83 5085
395771 82 3556
23951237 62 8548
4642 48 5480
35293461 50 9304
5571610 38 3495
9877442 35 5195
2906168 80 5662
13109292 42 5247
1 60 5718
1257175 62 3043
8709982 43 4093
37518859 57 9615
180278 3 2060
212753 15 657
42500 42 7803
30052542 14 8245
700758 97 7094
21905506 5 7733
159093 7 1569
1011884 73 4732
3225222 61 5964
34880 18 273
2335058 27 4173
20147999 13 7692
4168 96 477
2321616 31 9844
2821690 31 8464
73451 37 732
1318885 12 6522
1085296 45 5834
257691 72 2135
8760 78 715
2179729 61 3606
5495732 13 7274
2767791 2 3963
12793398 96 5495
22868969 64 8075
119580 93 4692
1370819 23 2147
274938 18 1254
3789739 22 5240
27002 48 3092
18511138 26 8267
4285795 97 5406
3890235 56 7538
2049 68 202
221884 33 583
306041 66 1811
27761883 17 7655
975024 50 2094
15094 88 169
6501056 95 6783
16579 30 2345
389965 20 2085
399445 45 1232
2874 78 952
13846925 94 8011
1543962 45 3218
9245495 14 4837
39424435 67 9020
270614 14 1411
1469380 22 2786
2542317 98 2387
1822135 25 7825
4926 84 166
27361828 97 9116
221556 68 740
99363 16 1672
31612240 72 9092
5595294 77 8404
34686 18 1140
159013 45 3407
7167892 79 5437
3839 75 4472
31546730 46 9355
2989131 31 7122
5065681 49 5439
26104300 23 7947
8381797 87 4973
386988 96 7067
2826048 15 3248
258429 82 1454
887143 37 3563
2758 5 6559
9671735 1 7917
4772145 48 9400
16350790 4 9353
6698 41 499
218403 23 2894
22499919 48 7216
926299 69 6681
701670 57 8702
14132369 3 6712
57027 80 343
2533735 52 4386
628913 45 2013
21051884 16 7649
6452607 76 5499
4409186 27 5317
2639293 90 3116
34629 10 446
1999829 22 8731
65803 78 697
535246 47 4294
889613 27 8936
3922121 71 8002
48536 14 1475
56204 7 9365
16134 88 6910
1242343 3 9831
271206 82 897
1159278 3 4873
478576 53 4633
12464110 66 9454
202891 67 2615
175427 66 645
1369568 24 8407
6496677 33 4614
160261 74 1412
1089769 47 5535
2143128 100 7126
527945 59 994
442267 42 1960
2831419 62 6219
1313566 5 3053
491926 21 6222
13203798 23 8076
146543 3 530
751554 10 1645
8972391 78 8968
2630498 22 2865
49338 50 2690
3720 52 8302
214024 32 6487
960955 6 3507
2669331 99 4715
6962 15 2995
358573 32 1323
510248 69 4272
9124554 22 7361
737023 70 4038
308922 80 870
28606580 62 8772
7931346 94 4591
44523928 86 9843
6495939 92 5076
41552614 72 9367
8133917 33 8752
14110378 66 5949
4762 51 170
3048520 49 3926
10149516 97 5165
595256 89 9865
5997871 43 5464
3848838 40 3426
10789235 7 9710
43936 16 1082
5189 95 6520
17559663 1 5943
43327529 75 9559
1788857 100 9299
13042124 82 5441
67364 70 556
4064579 35 3236
840765 40 5368
301836 37 711
1 83 3635
6474328 36 4849
2444121 16 2654
12290006 59 6876
1 66 1471
299976 94 2071
5186673 77 7128
11658283 61 8336
631845 38 8709
1955138 48 3307
845049 79 5634
2018682 58 2072
1706355 45 3706
43388 30 217
693113 53 1199
2104339 82 7836
1807914 61 2575
64517 70 3316
4142514 26 5774
848 9 412
5576698 22 7393
279306 38 4190
25232141 13 7737
461764 73 1031
2077877 5 1943
975233 26 1890
7375549 26 7397
13277073 94 6754
13830192 27 7702
576056 50 3022
10118139 78 7436
32298898 75 9877
4715424 78 6003
3973 65 3098
9676100 58 8584
9411310 99 4846
3391360 55 2698
25740333 61 9626
8874851 36 8555
50510 93 2112
363214 72 1057
13872933 46 5249
1846654 31 2644
9594538 25 6159
2396024 69 5119
17191 81 7763
12082245 6 7020
172056 2 2595
4206923 58 8211
12583220 26 6209
380111 52 6728
959303 47 3037
6004627 68 4091
228 11 4904
22117840 20 7907
8640756 7 5784
12664067 17 7581
922783 30 2092
10419288 7 5792
54094 57 1651
4192458 2 2869
75482 24 9076
1128893 71 3374
1031883 83 8619
37106 61 186
40058 12 1267
34468 72 5514
14074333 14 9257
3763348 59 4937
513467 66 2496
23100 91 352
1707029 17 2350
658594 14 2699
15670421 89 5701
534934 34 9924
1654810 14 6273
569024 10 4246
7546 93 500
1 50 5817
5114155 25 4834
1615131 95 2002
39743864 59 9824
7604358 10 5610
7278538 83 9614
3683445 85 7250
3044400 22 8155
490 72 225
167979 29 1686
178288 17 1507
113535 55 5033
1 99 1672
10763 86 2303
745593 68 4537
1517977 62 2562
7017379 86 6499
54356 12 963
98350 88 5503
1665384 21 8792
2328773 9 2645
21113792 93 9500
5775818 3 5697
41220 5 7694
662284 2 1227
25410 51 1178
122767 39 3633
315985 35 1836
1 95 282
30946740 28 9262
226064 66 4138
5044154 96 5609
375651 68 5420
7961920 67 4824
185436 3 3560
11713130 24 7951
2793533 44 8917
1018323 40 2760
40240 50 454
1260283 32 2865
203406 49 3751
1923462 72 7458
3207244 11 2887
437968 48 1129
7151950 73 8080
8570 5 3920
1813055 18 2036
507 57 2983
17412278 24 7882
13221775 33 7729
8804957 36 8911
72917 11 2771
126975 17 580
45293 59 705
7041416 99 7701
6914178 3 4837
8390556 72 4835
435052 50 7182
8814 69 511
1590091 21 1687
19103 46 1710
226170 21 1764
793203 84 4316
9230588 41 4948
1453925 78 8626
106116 34 7889
2710297 32 9087
33864821 46 9979
84641 35 1636
370 6 603
1114232 57 4422
461624 57 3271
2142886 28 2426
59192 48 861
607963 44 1810
45035 61 374
3669069 9 3600
7957139 3 4326
2469050 77 7351
901444 10 2009
2111454 26 9580
224740 70 1429
5229 57 817
2521580 30 3648
31690 11 359
4415240 15 8165
2095371 25 5547
7510008 86 7181
99656 52 2840
24578601 43 7367
17107 68 137
7565656 85 8856
19929918 27 7275
116394 6 3885
4788964 53 3716
3959509 18 3322
933761 43 4662
23079953 94 7490
8056385 33 6082
1325358 26 7495
2393 48 533
459745 75 1577
2370818 86 6784
17583397 70 6920
951111 14 3507
6202144 80 7267
10376 9 4528
870225 44 4231
11848609 13 6536
16272295 80 9021
12627399 48 9734
15349848 65 6029
17651194 37 5851
17979153 53 6882
148706 21 1761
612132 58 8019
9956800 44 5984
590504 59 1241
3798830 95 3509
4470339 19 3020
5324240 27 3551
215628 41 8716
489632 28 7083
2544193 79 6556
500584 20 4802
1442019 88 2922
1553873 10 2628
2737992 97 8503
12712840 71 9495
20972639 53 7175
404580 70 3116
1028072 41 8918
610621 46 2074
84850 44 1191
3576212 42 3573
111733 77 1622
1503867 96 2310
1058756 48 5440
256 61 3260
226985 64 4007
112491 43 2173
2387327 66 2533
76806 43 3500
6054037 69 8536
2123531 81 7636
625080 9 2016
28046548 100 8709
2820496 10 3707
98562 33 577
3766091 86 3135
297655 28 7402
144553 9 1139
3107320 45 5132
8024536 80 6333
319047 59 7072
8954356 83 5728
39874196 61 8915
208346 31 2211
911271 75 7827
910815 68 6073
5899938 91 5524
9087837 40 5841
20472164 44 7716
18053052 98 9462
42650 3 2987
26199079 54 8452
5024602 49 4603
150621 2 2056
5137841 82 6765
1573181 14 7549
74778 68 306
3692033 72 3559
16617420 85 7051
427508 28 2713
1 74 269
4726754 91 3163
10970730 62 7605
46014654 87 9644
418491 83 827
10634688 93 6609
178092 56 9922
26875782 23 8811
147425 95 1389
12536592 92 5252
2565275 62 4154
3461552 96 7784
3079742 62 3934
16705176 92 9807
142832 68 920
19225657 89 7312
146323 81 5535
3562947 56 6048
7835383 91 8287
1549681 4 8127
16704 44 252
2434901 16 3383
75 46 133
3524120 87 6413
114673 77 664
3873585 18 7757
1938781 34 8224
1 89 3716
955128 68 2589
1902266 83 2832
14949651 41 7985
224863 27 4946
2214943 62 6221
7913627 70 4754
2625296 5 6444
13568 88 3851
2163000 97 2074
15979326 5 8432
318866 93 6593
64568 6 4710
1366255 40 4859
29081428 41 9838
18857900 74 7728
1 88 1310
3593579 33 4340
5161640 58 4376
2786768 43 8121
1494864 44 3075
389192 17 1828
19860 64 316
40692 56 5013
380723 4 884
197810 22 1837
4605377 39 7448
40061675 11 8886
12796578 94 5457
140193 82 1993
3783778 27 3598
2739158 68 2828
6519125 24 3991
267971 7 4741
2384512 17 2607
3176263 19 6717
129683 1 6736
12066613 67 8503
287344 39 1939
1 94 3800
754765 78 7670
200612 7 7015
3446134 24 4385
2341391 13 2088
954603 25 5320
2743167 56 3346
6970276 84 4161
17127576 4 7370
145841 54 1858
1032352 31 1530
30387586 20 8903
541828 95 8561
22494337 52 6900
348457 57 5473
79842 21 891
10958 26 1898
3377257 40 4443
1824180 47 3637
771602 59 9479
6490842 28 7234
732592 82 8320
4724870 90 3794
16130385 74 8006
25045010 99 8618
5086389 12 6019
5258301 18 4483
2443564 2 2172
2205822 3 7924
427902 92 5267
8176667 37 4027
121049 12 6386
11904352 66 6645
35412 68 297
36666 90 7600
9036733 20 4310
176180 55 5600
1 91 3995
6262351 92 9557
2770328 23 3285
4897013 54 3253
80428 62 748
1415557 75 2929
464875 81 1032
7215961 19 8312
2032582 87 6360
1115179 54 6121
1820422 41 9769
4550036 3 7541
5440798 74 5588
21633763 78 7705
1951232 12 3961
396060 38 6813
20972250 83 7636
19477241 23 9681
1093 10 1043
67763 8 5959
11595024 6 7994
1474979 85 7792
226755 46 1495
679106 1 6523
725641 45 4236
22015834 2 8428
10447538 81 4553
10122793 3 7398
8012779 92 9493
62655 81 7687
11054414 47 7129
50881 37 3007
385713 95 1182
779396 18 4392
42483432 64 9557
7031435 26 7942
405193 4 1896
5570307 58 6044
407801 23 1591
4043274 97 5511
1 41 5382
3914450 32 8640
2451734 9 2929
1187071 10 4656
1 83 106
14237246 9 7981
16788571 62 9396
4248513 46 7483
14788209 21 6121
1 34 173
7494330 68 7543
13275691 53 7164
12506548 98 9758
367110 25 7318
58549 17 326
18778454 49 9816
791233 84 1485
5971 21 475
33587 53 1820
140117 83 2637
1148508 9 4799
1618024 58 6893
97045 84 6280
3233954 66 7548
58036 77 843
37509945 96 9100
13156524 3 7173
44444941 50 9943
14228225 53 8360
27544308 31 7522
80315 27 1614
15801971 60 7583
15185842 52 5480
11186767 70 5534
798608 58 8913
11655758 33 9351
16251536 11 9146
7875796 92 6004
25974560 50 7330
229240 60 9275
63887 46 8707
7059325 75 9853
301627 23 9425
40102120 77 9540
799529 68 5240
2952435 53 2756
755044 50 8565
18356334 94 7261
1578862 9 6628
5970138 80 4578
35273758 54 8638
11066454 82 9989
8009683 18 4546
22244759 77 8328
9322627 41 4698
46690962 37 9899
200276 69 685
1239773 58 9241
36019113 46 9354
221185 70 841
18752079 36 6037
23005482 34 9496
686445 62 4872
79738 54 2379
2661638 20 4679
15556300 61 6591
189704 21 629
72794 94 9235
564624 24 3485
10673578 30 9239
14881096 73 5692
30874633 44 9944
2714907 57 4462
1039772 68 1612
927 78 1388
5387731 100 6043
45667965 46 9649
1400789 23 9889
7139192 45 7284
4980580 2 6743
21538135 65 9425
1782 58 4937
1019961 80 6181
4082812 98 4659
34729686 53 9000
20930 11 150
153100 34 547
4095484 7 5093
269665 56 7080
27775986 71 9470
1627555 63 2471
67508 73 610
13654505 37 7863
117245 93 9795
1436938 47 8707
5111334 92 3379
2864429 5 8773
729744 43 1727
43315 83 9124
1674972 21 4456
9576693 10 4531
30905767 17 8957
836736 42 1833
3024063 3 5117
4645310 62 9485
30882140 51 9859
5864371 1 8686
682855 47 8117
39416144 79 9973
22602853 97 8000
1428147 12 4428
495 35 594
9615 23 6647
267300 52 1554
37605909 50 9863
8147273 97 6316
2225328 76 4253
4938673 42 7919
9837784 73 8030
7709735 71 7976
132916 64 8525
1397119 32 2401
4302296 92 4667
7606 15 750
3814703 26 8678
487414 73 904
20746 60 4068
44192976 27 9939
6347366 5 5600
38112 74 255
31254 90 733
1054159 92 2052
6572154 9 5500
573908 33 4132
2040186 93 2078
1375153 27 5842
1748326 47 6612
1404074 7 2220
35384142 28 8911
97785 65 2846
841182 67 3680
54243 89 8196
24975896 42 7764
12995658 35 7826
459540 95 1226
1695853 59 1986
11043388 51 6010
3179741 63 4237
4927396 14 8570
24946037 38 7208
10063 44 114
18940508 56 7834
5861453 63 6497
1879234 28 2233
18736625 57 6289
1132727 4 1935
7503509 83 4190
263591 50 6332
13345331 96 7787
2237153 81 5524
704305 11 5513
7095538 67 5294
33376199 49 9734
1931003 26 5816
3570474 22 6269
332722 95 1579
1388700 36 9833
121777 64 4557
251266 89 636
13787161 35 8741
624974 75 2602
1742446 49 6976
285874 80 685
1506436 74 9283
16174289 50 8373
1 78 706
2464312 24 5184
2893 60 529
228346 29 3793
6975292 87 3868
34943484 72 9336
7053 27 4653
3172948 21 3299
8437639 51 6080
26016008 22 7556
22786949 97 7187
1394429 71 4459
19160060 83 8739
147262 86 1375
2516128 95 4944
7327676 9 6727
846561 68 8607
3466433 57 3029
432349 44 2935
1530126 33 2651
127942 41 2922
11036412 44 9565
1726225 27 2081
112789 30 1305
1459767 80 2764
13789929 59 9082
7449861 75 5117
1797943 97 4025
89707 71 4728
200092 3 2242
3293254 41 5232
12034005 23 5656
6451019 44 8868
10635628 11 5515
3212054 88 3226
1 60 4511
1130181 27 9370
3575 15 2181
1044523 38 2697
761491 73 1838
21302 4 118
11021326 74 5174
1432978 32 2947
11534 67 1625
11670205 56 5476
3265723 14 3531
6711678 42 5096
882295 13 3400
18410027 35 6696
5281359 45 9520
310514 80 1797
7497051 72 5800
12589 37 105
16751288 65 5764
5778413 82 7441
1138371 29 5564
3697708 25 9372
8179453 33 8616
792390 38 6968
140139 31 1888
29582864 18 8450
905755 32 3285
27255 93 439
192373 87 6410
853488 86 3318
295522 13 4104
3471451 40 7503
190519 83 1799
6982568 79 4118
135949 72 543
137 2 1420
579490 73 5373
10068441 93 5539
31812912 55 9450
8968 70 1988
455691 15 5040
4365 3 2117
137069 38 3084
14853038 77 7524
4071658 18 6356
591456 64 2586
5800619 54 3895
210464 74 1022
3526779 68 4613
610426 90 6426
6566131 5 4481
6902414 9 7137
534605 31 2365
3044767 15 4754
9903 71 1919
4284080 7 5042
7227854 18 4515
15375788 26 9321
3445888 94 3871
286912 98 1498
3768089 13 4749
21187181 22 8284
9842 45 715
1100774 7 2824
74832 57 547
5729961 95 9662
8647632 60 8459
29026 78 444
1776146 89 2594
4423 26 44
7347561 97 6276
12244441 96 6617
437681 40 7258
29847013 52 9077
3404596 51 2941
4058736 39 4242
382285 12 3798
174616 100 963
2578610 58 2986
741822 27 4477
7717747 87 4203
987332 33 4554
2879459 46 9289
3464858 30 9871
1792439 38 7433
2274956 80 6406
11818 39 1424
556 97 9924
27684147 75 9085
1721517 32 3493
334680 91 3293
3889073 55 3831
56658 11 6863
34393 14 4060
4098253 4 6405
704391 44 5602
19651506 75 6548
55796 83 323
16127711 27 7757
5249617 54 7470
441914 63 2029
25350198 97 9402
16089816 87 8156
28297472 88 8407
78748 17 890
41635305 41 9254
21994 55 7894
5972994 52 6412
2297354 78 2515
1949701 12 4316
1976973 19 5034
786825 94 1698
41524 20 3561
208797 30 5055
1601002 22 5527
2163985 17 8615
1 24 1001
776494 19 1247
2155962 47 2054
1749874 4 5794
10595769 57 8235
6376098 7 4324
2448545 29 5225
4160623 10 6809
931415 35 2625
375925 96 3662
13526943 73 7426
6406 17 589
1048226 20 7222
3570233 10 8211
681976 14 1700
1499966 64 4813
52396 66 709
486997 80 8895
1412210 80 5706
12088637 83 6073
269803 86 4416
203905 79 4008
3774261 58 3888
1023404 15 5291
5252398 43 4536
120207 9 2401
20196280 93 9014
6791764 18 5845
486931 82 8363
41742984 82 9281
454146 62 1827
695762 24 6963
6037191 84 6521
20565632 54 8168
22135681 96 9986
3618086 100 4087
116559 75 4423
1 92 252
4889591 35 6241
1827153 44 4662
2058618 90 2064
74820 44 783
374331 64 3746
958330 38 3523
5383665 43 9693
1602299 97 2448
27010610 27 8785
1717099 15 4985
453831 31 1027
2000881 30 3015
14361398 16 8403
1343804 52 7510
14042377 57 8159
1 70 88
939482 86 1995
18601382 97 6254
100286 6 8967
4459804 24 6116
544450 76 6290
16851372 21 7913
91607 16 3734
2569168 25 2871
1270630 33 2375
9004 91 1034
1960912 20 2408
935478 47 5022
19234 6 359
23428881 37 9930
84208 64 913
5627689 74 5490
5319826 10 9237
1189776 19 2313
11142639 66 7422
10418 44 5739
1096088 42 2133
8081622 36 6792
19289208 10 6336
397048 32 7254
260768 69 836
816552 24 5257
1473336 9 8006
3809960 72 8647
400131 84 6577
1 44 343
620869 98 3222
3121433 95 6828
77636 15 791
744971 71 4851
181197 60 1474
410248 9 860
1585099 34 5271
2340748 84 4553
11772626 17 6282
9737949 42 9011
13458504 32 7346
2253484 30 3456
48199634 39 9768
2144113 94 4877
27983 66 298
1236071 92 1635
114250 20 2589
6640973 63 6393
786220 21 1583
22268712 49 8493
36068650 24 8462
7221253 5 4905
17535021 69 6540
1249332 15 9218
33481694 6 9290
15405677 10 8304
1127799 78 4082
339324 33 9093
9964695 36 9005
2393077 26 2439
7455522 16 9688
402146 43 3122
1653184 72 7942
1032778 6 6148
470670 58 2835
16178682 1 6332
4708759 84 4823
21290200 5 6815
22908720 45 9163
10504427 63 4645
12690353 78 8307
269762 6 6092
24220259 23 8805
8619775 17 5079
3588853 37 9645
37649019 46 9057
766727 20 6362
14130236 33 8164
1419 18 8774
43067 87 1094
2190622 14 4850
1934438 12 7792
240489 80 2114
536923 49 1504
4866060 48 4437
12533745 68 6054
30309835 33 8836
1031904 63 1420
658556 62 7029
23632238 21 7493
1 87 2957
15930473 37 9685
51323 63 505
89239 71 7163
11318647 75 7182
12042 88 8889
389407 15 6709
19146067 77 7109
716514 32 2073
5336046 76 4225
2448 1 4784
14611167 55 8292
1427133 27 1943
379134 48 1322
31632 8 1985
92778 4 1673
92801 49 1495
1 30 4024
2796627 55 3377
4673343 45 7004
2823071 20 3357
3218046 45 7047
942960 14 3304
2478948 13 5602
403048 86 1059
1308521 93 9606
16556 65 3968
7381361 66 4867
1214376 12 1715
84147 81 2002
8200024 9 4342
3160249 25 3288
2291632 23 2468
362521 58 5925
1940589 29 5520
1921063 30 2976
2154859 99 7078
26272983 54 7961
23612 14 183
4091846 18 4067
1391795 28 2749
1173236 87 3339
1972258 31 5382
9172680 81 6349
1140786 97 4929
7525295 36 5008
427830 16 1337
28043 89 1273
245 21 4665
2092351 41 4824
973929 26 2843
611192 80 2252
6462424 37 4687
3404749 75 5193
51246 49 740
12935019 73 5830
1359 80 1083
2880143 82 6343
329480 24 2444
5461517 61 4852
5995 40 41
522779 24 1169
44016398 71 9405
406114 29 4417
5135540 69 5302
1566804 42 8215
21541436 86 7151
16545024 27 7133
434217 42 5827
32071095 86 8975
3689387 44 4148
2002 11 22
4184757 1 6165
18456801 44 6992
4858232 10 5408
6613513 20 3713
4394983 20 4503
907928 33 4809
86473 73 1078
1075979 9 5533
4089717 100 3140
3538704 55 7103
9150552 56 7347
7965792 36 6742
6668240 40 6172
2412456 13 7118
9404143 26 7044
263949 46 1164
831827 19 1596
8445352 65 5795
6126757 89 4639
1583647 19 2911
1036 35 7847
31953678 54 8919
1320204 99 1825
373 26 525
2138649 43 5703
10265934 95 7072
1654821 59 9277
2590987 74 6383
9777987 92 4725
2474958 87 6713
2212663 3 5260
7303339 95 6417
580472 51 9599
9794995 12 8564
20931570 90 6779
9819179 17 7904
12632005 2 5851
32278342 52 8513
6374186 17 4239
3153616 44 4174
12244008 11 5756
3081564 54 6270
6610421 38 8106
1033 37 864
7170577 6 6013
22253988 56 9719
32192213 35 9513
35133270 6 9018
99985 9 450
92370 22 1976
4130696 29 3257
10939583 59 4688
281331 81 1558
1979051 95 4128
4665570 65 5177
1229839 22 1773
20044597 94 8385
4751044 36 3341
6153486 85 3686
2371775 17 2366
17564024 4 7987
1676284 64 6807
9911746 45 7293
12939799 14 9564
9089419 98 7972
17944 48 1400
2022495 77 4095
429271 32 8539
69541 67 3381
2582451 39 4954
11267114 79 6881
3922626 13 3260
15058348 64 5595
13650646 38 6993
1281182 94 2473
16427006 16 7899
175923 92 2990
4628458 47 3712
1 46 521
166839 91 693
4406006 47 5090
3619559 9 9584
403705 84 6541
5244 52 4266
1100879 77 2308
731595 11 3503
55880 73 329
2461261 89 5555
17387412 89 6842
441126 13 4304
7782923 21 8587
41603 51 293
7376408 3 5230
1128774 75 3106
71999 51 374
885063 10 4079
46697 22 8003
536581 45 2751
2180524 71 2592
10113442 58 5994
3194876 100 6686
5568491 70 5710
175880 65 890
25465974 93 9829
399570 65 3455
3777504 1 9940
720255 67 4305
2630062 42 3437
267965 89 3276
14801513 17 6429
20889270 54 9606
8808715 19 4793
19429250 33 8890
550844 33 9725
639542 89 8097
1 42 3495
593826 44 7718
29854627 100 8546
3736510 46 8383
4343141 42 6189
5839932 12 6693
19865476 12 8933
7465159 73 6004
1430626 4 3441
830221 70 6666
3018400 11 5071
89420 19 335
2439836 29 3288
114936 85 1183
4624944 81 6490
4415075 68 9904
21610831 69 9355
878402 68 7947
36671865 35 9335
4176017 7 3853
616454 61 1810
81921 23 652
3184279 90 7651
11717491 24 7850
164985 88 1441
1740038 45 8567
7379509 61 9000
481050 14 8564
1813357 17 4140
12237535 99 8029
819497 74 2670
3361179 59 3221
2761886 24 2363
344559 40 1260
284690 81 1317
2620737 81 2970
2308611 87 4429
14396897 27 8752
2805271 60 5365
1983265 97 9294
835657 4 1587
2168452 70 2679
761976 50 4782
5222584 94 8299
4365793 3 4825
6264086 34 6494
32616251 14 8443
4266477 95 3178
31513472 52 9151
915750 100 4082
2631302 30 3283
18896 14 241
22343071 90 8612
274556 96 1813
466666 29 894
11609088 8 6923
47931 53 4444
87843 56 2644
2561 13 367
101926 32 463
11103 3 7657
18995731 11 9218
7746367 97 8063
12289035 38 8021
306299 38 811
692774 63 3634
21062350 35 6497
255312 61 1178
2967605 16 5073
172606 64 1511
1742089 40 6633
7645854 47 3824
27140645 5 7923
1546487 55 2476
136134 67 925
1560327 37 8461
65021 8 1758
145638 50 3914
308323 54 2605
49798 48 6307
529296 23 4302
14828915 42 6272
334008 69 5233
140021 87 5594
58752 28 2922
15076891 69 9780
41682 54 1915
1 66 1492
6864243 71 4521
42748 44 6201
1888090 82 1923
7770261 75 4947
28894446 35 8244
11593119 20 9918
2748092 63 7225
2691237 23 7515
121134 30 435
5437056 72 6840
7360 26 99
21398 52 1216
10987463 32 7858
3817703 66 2715
17789038 42 9410
35965 92 4408
378871 56 3023
2901335 37 3007
311325 60 7271
17878018 51 9835
435260 31 1167
4074878 23 6504
128333 41 5163
66425 76 687
71462 100 3815
42759 17 5294
1379282 46 2248
892 61 6160
374960 65 7239
6920678 55 4160
1910243 38 7727
796482 33 9848
5235751 81 4141
260186 17 864
1636305 75 4276
26578542 58 7579
17641803 34 7719
155197 45 2610
477955 62 1803
2653008 39 2394
32796 41 9035
405274 99 1271
1 40 477
1853483 34 2488
248918 95 4982
791872 95 6985
19770433 42 9531
103379 44 1446
64102 84 350
1016788 58 1848
14155 11 1065
975554 26 1416
26985549 38 7856
73544 60 6761
25912326 98 7709
10053 77 200
1079281 43 4674
9001129 1 9488
15068 84 4121
2981934 25 2385
10107715 79 5354
4581914 68 3465
1485184 75 4718
2108367 64 7613
4691947 21 3788
609617 66 1073
178480 26 9781
19414109 35 6186
6350052 37 8460
320009 92 1371
588587 21 2048
5807341 32 9074
721701 64 4755
19839951 51 7021
12823908 83 6044
316506 5 1823
3309 48 532
878274 50 1420
6696085 85 5852
1961150 5 2886
9434485 82 6359
241022 80 628
811231 97 6718
52954 61 257
893794 96 1370
277131 79 1213
94958 14 661
13629140 7 5255
20511390 81 6932
2831531 2 3588
912183 19 4651
4831829 70 6774
1761260 79 4552
77455 19 658
22744058 51 9489
8018019 93 5310
15601538 21 5672
8425609 55 4610
3737927 82 2923
576649 68 3663
1665411 16 6089
5160552 100 4726
3160777 11 3493
813301 58 2108
6314584 58 6934
1 41 8814
1009201 23 8688
3018 64 558
1194241 32 3924
143316 44 8902
19 25 82
34584 55 618
5293298 46 5853
2355834 96 6873
8528334 100 5490
1313165 48 8828
2827951 58 4433
2210461 71 6390
4944129 39 5142
20936927 7 7930
6508789 5 4591
474185 64 8967
3544266 82 9048
100234 49 4053
8561277 17 5034
13055866 4 9315
3942829 83 7836
33430 72 8281
1283333 5 3827
1677557 94 5920
22757 69 4080
649207 47 6157
8660 2 523
14954514 34 9482
1041166 35 4564
15835957 10 6265
109111 57 2174
25895565 35 9886
11184128 10 5396
18782367 29 6409
7968108 39 8106
1742137 20 1945
223335 52 6478
230437 68 599
10427844 9 5623
24017431 51 8339
816494 38 2378
29219 69 466
2325766 86 3785
3211598 10 3954
16400631 25 9898
26381519 33 8477
1277350 60 5194
9415159 15 9805
1418018 24 1736
1 30 77
227153 68 6172
1470197 15 5052
18772337 33 7720
1039129 52 5907
752708 57 2020
11382155 44 6593
18595274 8 6852
4268426 28 8737
6985226 94 9567
16456 21 1921
2884458 56 5346
934321 27 4956
261958 5 3374
4343327 46 6306
11102410 10 9618
8023 90 1187
45497 21 693
39292 57 499
7094660 78 8761
1 91 5667
6736368 22 4113
115929 7 2035
86053 21 9221
5626 74 6236
507222 90 9866
19991705 12 7792
3837241 13 4342
52997 56 233
1722379 25 9501
892036 46 3177
128 67 7567
16596602 97 7500
434055 100 1887
24937 83 5564
793136 56 1695
13789558 88 5532
3978296 75 4465
2745532 17 5262
15128334 77 8229
1146555 56 1819
18568398 26 6568
77526 89 3474
984595 24 8019
20972921 62 9323
9958051 82 6787
44931 16 394
23999011 94 6888
1475110 85 4203
12186 59 6905
233141 33 2154
4115985 82 5107
22704644 49 8074
11188957 62 8164
5472371 38 4140
7121730 58 4217
4523191 86 5097
3823086 1 4376
837 74 9345
3868191 20 8671
25494229 76 9590
2072612 75 4749
112920 43 6818
30755848 69 8997
5284212 42 9907
4478315 67 3022
16634358 53 5907
7689123 26 7184
1 72 120
27606139 51 8183
920314 70 6343
6411969 5 7082
22085164 43 7916
8225837 56 5993
1 12 714
771129 81 2145
621226 44 4116
9622796 82 5582
335245 16 1346
3358427 57 9553
9768 34 241
5533379 66 3383
6334184 9 3611
2815612 68 5054
367542 26 3675
1955238 96 2237
19712768 90 7271
3143702 30 3372
431433 28 2580
1662009 34 4374
5220632 17 7540
18083968 35 8668
13354355 23 9640
6545321 69 5567
1531826 37 6827
14661992 40 7379
8025726 3 6768
10088014 95 9145
1503601 45 2653
5965880 20 9763
69091 36 5643
134311 65 2941
4274785 92 5004
8380729 15 4775
870789 17 1892
9038361 39 7939
3495808 53 6425
2868726 17 7141
122066 82 888
3312990 66 8378
43188 37 2233
15933083 51 7407
25332 53 445
206041 88 601
203185 48 9270
822709 39 1449
7684714 25 8594
324868 33 4128
7186488 60 9911
7446318 83 5033
542633 35 1010
556863 24 1835
12074969 29 9099
43841 7 1327
121614 82 602
6230638 62 5416
32022220 86 9229
11686109 23 5049
1337391 16 3835
5528488 47 6189
17720 49 292
5931667 98 5482
1325157 18 5334
454710 7 2382
7369081 71 8962
46313 4 8167
1432715 81 2036
10190915 10 9623
2459566 85 4405
2199236 88 8736
261323 49 3125
18140610 71 9485
593970 53 1649
164460 24 1011
18975025 90 9788
16687826 46 6502
21720 8 1650
511022 32 3532
34124717 3 8853
2413478 9 5929
11679813 81 6399
96815 8 9377
870126 12 3959
1 95 126
3959519 76 6149
67626 41 946
1035092 39 2037
1562998 25 2133
23033267 6 9094
21548509 15 9264
4901189 19 3615
2523056 46 5830
2969859 54 3464
1431 30 291
248540 85 1799
65956 32 2365
4401 76 557
18518249 17 8429
11015030 72 9054
16384133 36 8192
3351 37 8400
10735481 53 7008
2179998 67 3890
14961 66 1920
2546283 83 3058
5151454 28 3491
22252915 63 6684
1347698 98 9018
5921897 40 4499
470680 53 3816
458693 2 2232
154683 26 9899
546315 97 1646
2560593 81 6368
92632 31 674
56450 19 1493
1062016 22 4174
696894 95 3639
4493622 54 4353
24254147 40 8500
402307 87 1207
18526118 72 9632
117713 69 2001
1178069 50 2816
622526 57 1614
3673930 47 4336
1337609 15 7810
265552 48 3602
2089284 41 5492
3438037 92 7339
90778 61 533
1191972 81 1464
9769778 43 8880
4523310 53 7624
502101 63 5914
1 99 4807
32517 6 4367
3214684 78 4542
12388726 31 9281
1873359 35 6353
433104 77 2329
15534131 70 6886
967521 81 2423
589996 16 1030
637730 52 1232
2777302 31 6599
5475181 42 3888
4966173 38 5729
212538 56 2134
8600082 30 7412
4052034 83 5575
11788157 3 7347
7602123 14 5565
1363706 93 7380
55728 77 479
6117522 94 8774
8038274 82 8287
20481 26 3766
18925080 72 9436
1134067 96 1620
304932 17 691
830077 75 1484
457322 67 5431
5543901 35 8798
1418652 80 6450
1810592 72 2865
3131597 82 3362
4632570 88 3459
1798697 45 8247
3590275 65 6574
4513740 45 7281
1681479 93 6160
1683040 59 3505
161205 97 5490
22204439 5 7647
9432013 30 4443
655137 84 1183
50140 65 3011
6199710 88 3485
14160147 43 7660
3522615 46 5298
4040439 92 3760
44241005 40 9403
31978971 87 9795
2267 8 580
1790 53 5500
1746148 8 7566
9582 85 7979
48062 2 1601
65780 83 5129
11893789 12 8953
2216175 34 7314
2674767 12 3042
375735 80 3535
2086 23 315
127148 51 8341
25188527 97 8660
220527 99 2188
2167206 76 8010
15513968 19 7651
2168 27 3879
1993321 2 3171
1584262 81 3610
717139 41 4842
14253310 30 6307
1780690 21 9509
7224030 35 7180
37971637 76 9679
2841931 8 6672
2797192 21 7260
370658 98 3655
4081732 46 9681
3174420 57 8975
8535983 13 5451
20708877 22 7130
5656336 76 8806
397077 89 2186
19658335 16 9240
639357 92 4133
236871 28 9653
1646764 95 4906
51735 6 534
27210 52 7540
107333 9 1807
1525926 75 6056
324605 71 1093
159838 41 5168
3208820 41 2434
2001273 7 5865
1405440 54 5507
6144028 30 3792
10963 69 2123
57424 2 1358
10494 22 56
16018963 75 6466
90867 15 7414
3455725 40 4749
103647 43 751
1015318 36 1615
40462712 27 9629
4776074 63 3397
919541 62 7090
2431523 87 4513
7313317 94 6684
193861 21 945
1292775 2 3263
105849 20 4550
15377566 29 5652
2477310 64 4195
6886340 30 5619
1682227 69 2740
13351574 11 7287
3311202 68 2559
3259 29 127
2330512 18 5449
610477 28 2711
13223567 54 6468
1439851 65 4432
4772253 30 9071
3198914 35 6884
1680003 58 3348
4954505 75 7336
21688 70 1435
718953 100 5411
58233 46 4265
20439215 12 7212
1373028 10 4426
24432896 98 8130
1 86 267
38020754 83 9026
13237492 41 5949
658218 77 3889
243522 22 2963
2911546 83 5801
12431443 99 5562
10315284 74 5628
12270424 66 6815
4511407 34 8205
10102356 98 9464
2042 39 78
13386190 16 6250
25085638 48 9208
482220 28 5395
11033 49 183
12841360 84 8708
1165869 43 3731
2350370 38 3787
8089970 65 5994
1888441 86 5617
26742 85 292
6947024 11 8066
281723 15 3390
376843 49 6889
5034580 42 6160
2796727 2 3107
12795996 17 8127
34346 40 232
3923366 48 5935
241839 38 825
88 66 3107
422875 98 7764
627126 100 7884
7656144 8 7946
5157040 85 4033
1461079 94 8329
9694235 35 8852
15049129 96 6035
3024768 36 2511
50987 37 814
331086 43 4683
4364804 54 8008
8337 34 1662
2123178 92 4245
551759 87 1301
2616691 27 5097
159354 49 3251
3965103 58 5531
5839 54 1970
7077041 20 4578
371713 75 3332
14584436 80 5813
11319893 15 6305
188271 46 836
3345947 13 4978
1721982 64 5456
1650051 26 4844
3633284 82 8148
1663285 32 9238
13370 4 2470
85932 53 2229
7932 40 1232
4939 7 7612
18791581 45 7268
14263437 49 6210
5039 95 2003
306054 14 4815
29740 15 285
7083914 72 6661
1840 23 730
6593 35 287
14068351 33 8541
15452395 70 9546
104126 50 1067
7490030 4 4914
300048 29 834
4905 73 116
64338 100 1323
303024 28 7391
7805563 84 7200
29387 30 9329
3627814 88 5440
2782661 91 3883
6018858 76 5633
12598404 69 7641
158110 30 2949
178062 49 2242
259744 1 6251
9294125 100 5046
140127 13 7390
4147152 73 6773
203199 86 2337
8368959 92 9793
41516973 15 9932
1736740 91 5525
16796362 2 6925
731019 59 5505
1894880 30 5204
2419073 86 7064
789061 18 3372
6183876 2 7593
2831691 67 2701
768731 79 4802
3182330 54 4857
584862 3 2056
5992014 47 4752
10927804 3 7276
3358511 68 7554
9377551 88 9288
16920661 42 6067
9019 31 5120
16226211 47 8909
10682123 65 7269
30927038 27 8650
602982 84 1492
41624 35 191
17781038 27 8437
9283086 67 6863
15317837 25 7681
214918 23 6823
5103446 21 3453
19381 11 194
5530792 97 5916
92873 28 1276
9860411 78 6438
63286 63 7433
27188614 12 8096
10589057 12 6484
4471693 92 8712
5933416 70 8390
79573 5 859
3343318 61 9301
346989 61 3488
4343885 34 4227
3062371 98 6145
392139 74 948
9043978 100 6293
574297 74 5624
7735100 80 8631
2291967 48 2865
1841680 100 2770
8298652 80 8420
1979453 55 3764
19156387 1 8982
25436 27 413
11990453 30 6174
426713 80 2246
12475360 44 9605
91885 25 525
3060055 19 7847
1 61 3489
4536775 29 9236
8034164 93 8772
1962213 64 2623
248797 69 2099
158564 29 6267
9879421 62 8697
1053375 10 2220
25975145 22 9692
222766 90 5944
588351 42 5145
1939175 48 7981
418694 15 2143
66035 52 818
11076960 100 6854
32673364 70 9491
373643 77 1603
4440977 94 9468
1519888 43 9137
328627 12 3916
625440 3 3861
15894335 94 6387
1506236 90 1837
53101 18 584
463321 80 1099
21356292 72 9378
4297414 97 4823
19304945 33 7236
9199624 7 4957
270730 31 4182
18536458 15 6551
177276 76 1591
200856 61 1636
3116977 50 9446
471209 24 3207
21275 55 562
1553039 21 7767
1 66 4520
12660864 51 5292
140692 80 6003
4822762 37 4633
96875 38 6062
2769118 24 4742
5891 9 2310
37179866 30 9910
8289026 42 9897
276929 31 8925
14492968 33 5698
12932873 84 5266
324825 81 3850
14099 92 684
29801001 79 7937
1459164 49 7762
4610580 66 3285
3658405 60 4571
15643 30 2347
20176859 63 7041
70049 94 1799
4291888 86 4082
2221008 61 3084
81110 83 1260
130293 54 1871
2495978 39 2812
158464 8 7546
77318 42 361
2184192 15 8719
116375 40 1325
21830125 2 8091
4222721 78 6622
2988895 17 2450
570508 100 1152
2618628 15 4706
232949 20 1618
211412 39 1044
1269855 99 9068
5667488 82 5885
18273 78 3522
211608 89 1038
6495 7 702
7119960 46 6001
7123846 77 5920
3055972 44 3051
83595 52 1500
718008 16 9277
174314 38 1224
18914615 80 7045
571748 80 3273
25960659 71 8315
86807 10 1761
126814 99 1472
1880568 23 5640
2235485 90 4221
2355778 91 2128
35472 60 4244
1 63 465
1490818 55 3892
5823092 86 3752
1395422 63 8069
2184754 67 2957
2081768 50 8218
17662330 16 9992
447774 73 3040
260769 28 8893
9862615 82 9340
470301 58 1260
383992 90 1810
5479311 41 5280
15420715 5 7272
7571959 45 6388
1349003 23 2424
7825224 13 6856
28036579 47 9321
87082 31 6053
23407 26 5292
3105977 92 5049
42564 28 5108
3194232 78 3842
1233018 100 5927
21706142 19 8959
965563 25 3868
135576 98 432
27669 87 5668
152367 51 2777
9757088 47 9842
3727325 34 7196
11581302 64 6856
1905690 40 2150
9073056 12 4450
4826780 9 5888
11892369 84 9332
3415080 82 4338
2396065 65 4242
9932477 95 5059
15438727 2 5872
127665 29 810
382843 54 2451
647953 59 7730
3110 32 57
1426926 8 7480
286884 10 1020
818635 43 2121
35426 69 2266
322256 48 1891
2418389 8 6155
7347061 47 4368
21497 68 1153
11374274 95 9531
794616 68 3133
1042001 54 6647
11092054 33 7003
492460 52 2015
27494273 96 7525
9788816 3 4906
9620908 68 6458
67445 8 868
5947752 58 7711
6825391 44 6456
313930 3 2423
11631089 11 7085
499439 78 4220
14188912 94 7641
384561 17 5728
520199 48 972
13093366 64 7111
5820542 28 5372
3399627 41 9351
9455973 18 6542
117616 42 748
26851892 95 9635
94901 73 7599
118132 48 447
1631781 39 3684
129986 52 533
225804 96 1565
6319593 14 4786
707236 98 1913
1026120 25 2621
14126719 49 8648
752979 49 7831
1388654 18 3464
1 90 2483
219418 97 1148
469273 58 7452
529752 51 6945
9512010 91 9739
27203 7 1290
8217974 19 9409
279699 30 7504
1347045 11 9881
25930 12 743
10379047 89 5303
951931 88 7201
38214146 19 9170
83346 25 8121
668665 19 7646
6549901 49 8880
5499603 62 4129
14978631 68 7729
5495532 87 8663
495339 16 1086
16614990 2 5716
357654 77 2655
9878 30 1554
122840 54 469
469357 89 1445
2875014 31 4091
1871100 62 4264
232957 69 5548
1044068 6 2383
1 79 102
14243 27 1860
10918785 100 9289
9672117 63 8216
3090984 54 6354
1068635 64 5437
47724 65 9881
11443592 10 8942
1117098 58 6269
472882 64 1189
17534225 99 9864
2328522 33 3948
6776881 44 9896
5717417 16 9147
12991879 62 6257
325700 11 3342
1062641 92 2767
2583708 3 3656
2204 57 145
1714196 37 2598
510555 22 2064
73809 13 2532
1295429 29 4846
558001 3 3855
4879669 71 9793
3459886 24 5724
16993574 29 9323
9204911 65 6167
1210365 62 1462
1203631 5 2050
126277 50 587
99377 22 2885
10653674 55 6664
16842997 21 9969
2194701 60 6172
759683 74 4173
182157 14 865
3033 45 301
731550 43 9968
1232096 100 1842
12001469 10 9564
5071301 14 3384
16800185 36 8176
116141 58 504
17499 87 617
64165 49 2793
788225 70 3260
3691665 78 4185
346685 69 752
4716852 96 4198
678002 74 6884
101621 13 566
887685 68 3900
944147 57 2199
203090 68 1866
7794734 15 4155
6422589 25 9438
2636 76 396
221021 62 827
14234512 30 9256
221578 7 1708
2418218 29 6018
339972 36 6290
20731 13 5050
34260732 78 9343
1585275 64 5392
146731 43 1668
67576 84 6981
1037980 45 5121
3189420 87 7687
116630 33 5270
17991439 33 6253
4426199 63 5743
4502411 7 5094
7913423 3 7646
3911494 39 3842
11677797 24 5303
4590587 11 5375
1062323 2 1378
1993172 66 3399
482020 69 1414
642552 1 2912
2436605 98 3686
2436167 22 4299
1752847 30 4085
121886 39 3878
11042997 20 5689
18630 2 6477
12129698 41 7476
2929537 51 2521
8199181 78 5042
738546 15 9615
798659 62 1701
3817576 57 9933
10745467 70 5598
8391986 7 5733
11997622 67 4938
684891 36 1112
1817578 85 6779
1088804 10 3274
720059 65 1624
604327 44 1596
21434469 33 7946
83534 69 561
1954760 62 3370
133730 32 647
4897808 64 7118
2421094 18 6291
9945331 33 5394
287430 29 6522
1 27 6471
7669645 13 6814
3285699 26 5083
11031321 22 5515
3029 44 234
2129683 28 8478
1306999 15 4121
244729 72 4654
1256909 64 6117
29540 52 5478
5686254 96 7064
6497022 4 6800
15806 76 2842
88378 9 2258
35098441 88 9431
6661302 46 6603
332382 25 4224
37136 94 647
133385 14 5833
149422 35 2128
22830896 3 6906
1114777 77 5866
27506014 59 7980
8190878 39 9250
16788609 34 9830
542056 1 2093
3996136 33 9173
553878 92 2305
20750331 9 8585
65098 9 1751
11001368 93 9546
110645 22 1019
22995348 73 8001
509323 95 3133
31045 95 182
18093638 15 7849
2948870 33 2432
5096516 79 4958
3516527 95 9080
191228 8 7272
12582692 81 5038
3950103 65 5583
1518428 17 6006
8863548 92 8781
19895247 67 7019
788769 79 9461
14881 45 244
3021875 55 4494
249147 75 1235
171696 35 6147
25714261 92 7740
40260 44 281
9348 40 7596
19669 58 2427
5369657 16 3574
13321068 39 5786
7534 79 1289
9128852 40 5896
5092576 6 3235
561192 3 4777
34948439 18 8269
9123576 79 5448
24533 87 441
724349 79 1228
61777 80 5324
2679 67 620
2314048 53 2933
4164679 32 8653
24172 57 4479
47662866 32 9668
764566 69 4692
4081058 89 6773
1040551 32 1797
98314 75 2470
11129220 51 8822
28102295 22 8963
103373 31 527
2939904 59 4846
1 70 908
2793376 94 5306
909665 71 8291
1273102 37 6766
274953 85 842
71345 67 1404
927536 54 9438
465 4 643
20202812 70 6708
3614674 6 4252
16044679 100 7734
1866974 56 3725
4384953 3 3264
2568891 25 3147
951211 73 4030
92550 38 3874
1124484 20 1716
20074 51 381
29022505 76 7866
116006 18 7664
18327097 10 9820
3840939 18 5526
3657319 34 7766
2684062 84 3767
30479 31 1492
3600210 19 3379
99908 100 1580
28645063 98 8235
9931 37 4800
222172 18 7165
34922966 38 9003
6786230 69 6855
22253835 20 9336
505509 84 1365
189 36 368
13776 42 1226
182625 51 6229
1356502 81 6885
14275785 95 9508
1 83 180
4248993 62 6453
9010285 21 5939
8554371 43 4791
1 60 3516
2339427 56 7710
631717 70 3045
13161337 29 5584
1492098 50 2252
4004299 54 6947
1925362 44 3715
23402620 17 7260
20591676 73 6726
4250946 44 7136
839624 23 6383
19783557 55 9062
1616531 18 7064
6100609 40 6856
18415129 79 6034
22326241 19 7390
1116352 80 4127
346446 86 3306
34984274 12 9477
12275219 72 8927
2271695 47 5227
1004736 63 1405
10717296 54 7894
597493 98 1534
3118587 49 3602
1 93 372
4901224 40 7815
10104 94 4755
25441 66 2535
13532675 56 6211
1069221 85 4345
4567621 100 7544
5817305 56 5018
1389692 3 2602
55651 53 5011
47289 25 7011
3647 34 1214
57040 34 3966
2503157 88 2418
3517881 50 9215
4685789 86 7292
27629 92 9622
17654364 56 7889
2028715 2 5844
478573 69 1192
17759198 62 9410
19492643 41 9477
1327038 75 1536
1393986 95 1893
3506331 22 5356
438685 3 3727
90905 97 5515
10209594 25 8154
894552 25 8462
12649525 44 8313
618264 88 2337
22293940 35 7925
1192735 14 4450
130515 85 1175
14785793 59 6272
129994 85 1874
2844036 3 2914
45057 38 977
5143497 40 6032
4207805 50 7314
11746 1 2561
36708721 30 8951
14859083 48 5959
265264 16 3722
4148185 80 5516
13361169 96 6217
304983 13 1381
8840528 27 6009
9167466 7 8399
854284 55 7222
6221213 40 4452
129647 86 6096
553372 3 2564
26704481 88 7431
314887 24 781
26912 29 2237
3772041 22 6314
795951 13 1295
22863 46 1170
20852609 26 7221
1103265 7 1461
33857800 18 8359
328164 30 754
338135 91 9915
28995360 41 9253
756836 13 1734
718903 47 2588
1 93 8870
6658895 72 7435
9512314 28 8848
492597 79 9803
6912429 27 5306
934920 19 7327
104956 66 630
5894294 90 8208
6271 74 1556
766159 75 1186
9028439 86 8694
15143298 97 6979
105906 49 412
3165964 21 7574
1727731 67 3751
12126199 88 6544
1005784 90 1932
4592444 13 8882
1596392 69 3016
1769648 81 5951
5916 56 616
543263 43 4802
33457084 42 8125
11973525 11 8120
2116046 49 2805
20553053 42 8215
10750984 94 8655
422190 54 4688
2947204 43 2809
30181 21 409
22984 95 180
2887540 54 2932
431364 63 1009
2560 52 1428
41781026 56 9496
13342899 99 5913
26555 84 2408
4108198 16 4291
4641114 68 4176
1417941 6 8687
471281 50 2148
4520900 83 7434
3584887 20 5180
2392546 31 5401
13034438 91 7236
1481445 44 4923
9933026 92 8100
6615396 31 3634
1 70 121
11989130 1 4803
7579378 60 5373
8002779 100 6683
45865433 13 9555
7670227 93 9479
4525937 5 8081
4627934 5 9715
4800590 1 5326
8237 81 7688
1437 99 198
71345 38 4501
13566274 26 9513
4068523 69 3868
371 52 599
27065829 57 9730
305365 35 759
444050 80 4958
254841 95 2124
820004 66 4464
3862105 98 4455
79250 46 3899
435723 73 1602
337348 84 3918
2028048 56 6419
178916 96 914
3340470 97 8614
13418810 66 5732
1 82 126
4805841 84 5193
490603 27 5345
8538224 57 4969
16058 51 366
311094 71 5524
1235807 65 8959
8276405 30 4153
11375805 41 6496
3981052 91 6511
887644 34 5699
1549635 28 9449
5501772 4 3986
5661574 30 4651
3785000 5 6311
5864 14 758
1192256 43 2268
2222326 77 3053
10695513 94 6792
408210 78 2336
5760923 57 4683
13103 98 2598
1484934 22 6595
1 50 551
1672040 1 6936
6502025 59 9293
16547296 90 8036
75215 77 2255
3487445 57 9113
1339962 44 2263
1 86 1646
38253 52 689
630919 68 3619
154401 50 1827
282528 86 9965
2942912 72 3571
37635 30 2783
3633329 67 8061
29871 95 1134
25254760 14 8688
4778 30 6045
4234512 78 3333
3360 35 259
23352228 74 8271
2386203 91 9319
12160190 13 6887
574148 92 1412
16282089 96 7784
760660 36 2391
791 13 1100
132063 83 5539
554796 2 3235
9963810 38 7881
1961073 85 7806
817793 96 5732
6011389 91 5343
3113778 98 6193
8221 3 3244
1234815 78 5710
1643984 44 1898
23776243 80 9668
15085 21 172
19860473 22 7476
1770057 9 3718
1015918 63 2459
507853 23 4577
152154 51 923
5613 79 84
13609744 53 6804
7313867 99 5298
7581590 88 9480
43685765 91 9576
4252 55 71
3829417 26 7205
1513394 32 7242
3871 23 6335
20257869 15 9855
1938670 72 3948
1549523 75 1938
175465 5 668
144511 59 2908
18981920 97 7759
8511168 90 4293
10577 74 4062
1 57 6872
3432186 4 4501
25487265 64 9983
7279770 9 8996
999241 18 5755
282712 79 2614
2519923 10 3847
30607320 23 8053
2863112 3 6343
514927 23 3348
155560 75 813
16357263 44 5858
16526344 88 9495
40 8 2662
26896897 68 7360
13241876 64 8192
37 67 4332
5751490 51 7822
3009784 86 7428
17005864 99 8213
8991661 38 4799
6903437 42 7100
155985 98 2194
5310381 75 4968
12019401 96 7208
7499 56 62
1 77 1299
10866 84 150
286735 92 2847
317657 6 4101
3919806 16 5155
10589554 57 9466
34520 62 6890
14708 19 9310
19924675 43 6265
154 44 214
23633218 4 8501
30877906 76 8198
15967307 14 5713
5584599 4 9024
142032 32 7550
2867776 60 4733
16329 68 260
23181285 61 7782
5139673 95 3132
1505028 54 8126
123197 25 3475
33046941 78 9831
18326045 61 7197
29492236 44 9457
895085 95 1838
1821554 38 8032
36461 7 1340
5097 86 7699
4006 6 1491
11553661 75 5578
335448 41 724
385144 11 785
2955145 27 7339
35349918 71 9714
14176750 57 6001
9914504 77 4764
2378032 7 2635
412802 65 5063
288904 34 2040
2544895 9 9399
517481 92 1462
6772836 35 5402
2141987 64 2059
2714883 47 4553
63056 76 2564
1723415 81 3342
1 73 8864
77707 69 1934
703467 55 1442
1013740 47 9061
844057 68 4697
526117 90 2665
36323817 98 9799
79931 8 7378
11875 93 880
11271809 1 4796
118674 69 512
84602 41 3556
1302098 99 4053
859460 59 9932
19376044 43 8232
187543 31 1477
524563 22 4268
468 42 63
4715415 2 4556
2733646 39 3402
10237469 67 8847
165286 28 1996
10384556 48 8518
5730806 11 5206
15231058 8 7963
24076585 42 9551
1388401 57 2137
1756871 99 8236
5922936 45 4539
15605176 85 7291
104783 59 2112
1239174 42 4111
3196295 92 3627
431734 55 1369
65840 35 771
9450943 14 5800
214086 30 1514
19073624 67 9884
17862343 52 6183
4258572 10 2829
1852308 20 6689
4234795 32 3016
491719 79 1892
9275786 67 6740
122016 84 4690
428194 2 1905
247395 86 2416
185366 4 7621
14862460 19 6442
3186713 61 2988
5844944 10 5703
4460253 92 4559
47801318 78 9935
9070 42 327
5544352 76 8770
38445 28 1772
4393360 14 9531
8815241 37 8862
4885438 93 4404
4478070 4 3275
402197 78 2227
28605264 98 7984
1589012 30 3842
29110442 65 8189
19106028 21 8096
9446 12 1298
164030 74 1912
10297335 1 6127
1497344 52 2020
3342867 4 3339
69851 29 2145
97440 87 5094
3918 8 9172
4322787 97 3101
1823886 40 7494
1 68 4322
4638160 42 6428
17053671 33 7719
582 22 38
7150557 26 5669
10696200 88 7417
1455220 63 2025
52009 85 3237
137559 99 1583
37203090 95 8784
206121 5 5439
6580758 5 4007
1255308 17 2060
1880238 91 2407
255411 33 2133
18407593 60 8825
7330 3 56
2317727 96 2683
1028618 26 4220
10198526 75 7530
407425 37 7641
29376 27 3361
1 89 262
2580323 78 9622
8192 10 193
28774630 16 8824
2644777 5 6794
1 97 2041
2042545 62 5441
15299269 54 7242
850084 63 8200
103691 92 2913
20279361 18 6883
581 5 956
5962102 49 4366
10967611 95 7630
5115748 52 3763
101341 89 1728
37566 54 351
4226185 40 4596
6727475 67 8877
15931 16 2670
21441 22 3267
3256859 21 5398
30685281 9 8229
14977111 48 9229
12755452 71 8197
9447894 67 5397
33434329 16 9064
2872883 29 6419
1601132 85 4354
4750824 38 5384
65451 61 1440
13404872 10 5817
15526 58 936
257818 62 846
645183 40 2472
1068800 96 4784
4012723 98 6625
1077637 66 6508
10347642 91 5330
420874 44 1230
6361 28 30
37097 97 5543
68020 83 332
186865 58 3511
3344933 13 4792
581553 5 2106
574 69 102
4638 88 1607
14635051 36 5890
4712802 94 6792
5399956 32 3273
246140 5 3951
3368601 27 5187
374693 73 3546
3262154 42 9132
7135603 50 9589
1 41 4884
2943479 100 7121
944533 61 6388
19752395 45 6567
4204844 30 7693
128138 22 459
91386 65 424
1806 37 105
857186 29 2453
33442 74 465
12750945 46 8015
846258 7 1531
38889387 12 9212
2126204 45 2480
784761 97 2404
856079 88 4863
4592381 71 4173
4103356 44 4653
1 56 9931
859746 11 1253
21425881 55 8226
27344564 58 9245
10169943 19 9990
1344151 74 2183
5895836 50 5680
20516902 23 9609
10224 60 127
3020287 65 8445
9527557 71 6374
2671728 37 8758
877296 91 2462
815556 73 9759
9263197 42 6760
5124289 77 7095
74907 65 1290
7812935 68 7462
8938850 66 8670
3923623 37 5694
2738 22 37
542547 65 1292
9658914 62 9755
5759296 74 7964
4591269 29 6746
241972 14 5947
150367 71 4016
9995986 83 6879
411774 24 2214
8026 28 869
96166 96 3841
11306159 65 6162
3640 30 2327
4881342 14 3197
23271 88 2746
7464767 100 5513
3267 33 185
142320 89 2763
211821 78 1188
4724707 33 3045
4765086 36 5021
14640417 15 8417
104693 31 5819
1146358 21 6907
462954 39 6198
15533505 21 7734
2863284 88 4269
10386452 87 4539
5720493 36 4999
1125 97 920
11170359 3 8698
810769 55 1199
38615092 72 9635
7632997 24 8433
5246357 37 4739
864705 58 5243
12944 63 6812
4421620 88 3519
20989246 95 7310
137505 54 857
367221 14 1163
2051818 23 5621
1 59 9561
3053 10 913
1138744 13 2154
660748 79 2392
13952219 8 5272
3055890 9 5023
1266039 22 3499
2281304 17 2280
12570069 95 6538
1783085 44 2595
3244105 71 4485
1285635 31 9163
11567 23 5388
4287394 96 3160
3902167 91 7666
26794361 97 9707
9119519 28 5470
2327923 92 3940
48805 1 2266
44634 46 1844
380881 12 1522
807875 12 2638
5625397 98 8426
1874453 83 1866
9923305 90 9578
13459023 28 6591
10904857 60 5950
500181 46 4504
972345 38 7524
4495877 7 9868
8361768 27 4917
49256 46 981
1904581 74 9164
2301001 44 3205
1016231 47 3633
18529764 67 8925
27971 100 4449
298705 68 4026
64969 42 5496
541272 72 1117
139081 1 1506
6196973 56 7127
206578 43 880
6742328 73 9207
17301536 59 6031
2619017 9 2732
330102 32 3165
3081225 71 3805
21603619 43 8059
1600910 23 4718
643153 95 7330
6135644 74 4594
1003296 26 2724
12358532 18 9543
20027781 74 8663
22746916 21 7320
2342004 58 3840
5962 5 7169
662563 9 4931
25475282 74 7614
10885799 87 6552
23946575 97 9753
6234674 95 5675
104805 39 6146
217822 87 3861
138092 77 4809
15324 100 201
6011744 81 6376
1877204 48 7634
5447298 42 3566
419788 14 4849
240339 55 8038
1260436 89 2268
5222 59 1445
1449399 13 2573
11618049 47 8423
351934 5 9323
2032577 87 4311
955675 34 2033
105629 12 1930
34260835 88 8222
283858 90 773
486802 91 6133
3655544 73 4036
16316 38 96
19829638 28 8101
54339 3 264
346262 51 1179
41662 49 606
660445 64 3296
1410588 96 5154
2279676 48 2687
1181919 78 8870
1266782 77 2912
71918 11 4159
3357907 37 4792
15764834 69 9580
685673 37 3328
114173 74 1086
1367031 78 3559
1271020 78 8400
6133943 39 3669
1689874 81 4379
188739 69 632
216648 4 4151
11905816 57 8500
543274 95 2162
5328867 1 5309
197530 78 2474
1649473 7 1898
1244873 18 6378
8027524 23 6549
37251209 37 8883
6899 32 6826
118 20 1068
1145574 13 1880
536536 26 7715
657257 55 8488
35041656 78 8437
2053018 33 3057
5237 42 3538
15541981 95 5838
9668901 100 8154
4569848 59 8584
30773104 71 8313
5173176 81 7165
65932 35 274
6625114 5 7941
7526 72 3625
25361085 37 8894
3861866 18 8800
6406569 42 4501
2013000 26 3359
12593442 80 9522
1809811 64 2780
16164655 70 9221
5322254 19 5262
402447 62 2397
1960965 28 2177
262753 73 2359
1851220 56 7703
189313 37 1976
2468376 88 6427
845218 83 1802
9856500 19 5637
141824 85 679
8861333 95 7169
19265075 98 8060
10189916 89 4758
10939 11 5158
28442420 22 7769
1295250 90 5871
5461751 11 4733
2344349 50 8789
160853 26 2726
1063160 60 3978
1137 83 282
149239 10 3188
291129 84 6743
11027299 52 4705
174708 46 4634
507708 32 2290
1018979 37 7157
74921 26 418
34395821 95 8968
39576342 32 9227
11760071 5 5464
16190 22 4726
2837878 90 2835
1429075 51 7602
271684 30 3748
123963 36 7652
17046144 42 9624
11783663 46 7538
15855254 24 9973
2072401 49 6188
14417138 51 6187
9931356 75 6366
1451990 60 3344
3342 95 228
5245238 100 5641
1328434 22 6465
553465 77 1917
105959 64 401
559354 6 6463
17911418 76 6720
1607303 13 1783
1163402 16 5439
18881443 25 7677
960489 57 4127
7879040 28 8257
2784225 27 3319
6149211 100 6337
565273 56 1940
35341829 72 9613
102438 38 8253
542313 82 1936
6784179 87 6497
1 75 1594
4732979 46 5679
546582 92 7550
4361421 37 3926
1102368 62 2977
123769 40 3649
1510643 35 4281
1817227 42 9421
850782 17 4541
1 93 2770
28736361 57 7818
7392004 70 8984
2245636 98 5247
1511509 78 2176
456136 43 2461
32276443 55 8549
13983 85 414
6019261 57 9973
4480192 17 6065
19633532 59 6428
974643 83 3469
7000206 59 3870
605378 86 2527
5939840 98 6405
343915 91 1934
6232 41 8886
1858684 24 2625
1221783 45 9782
25940283 91 9228
445 30 467
1889305 79 3333
2797193 62 3009
2743544 57 7986
22892654 13 8834
626777 79 2083
627509 43 4645
37976709 30 9355
1157501 100 2473
539461 53 1101
3186361 92 2965
669142 6 1343
1 79 646
627801 54 7503
8997112 54 7261
1440 33 994
8099534 16 5657
1897586 72 5249
3426126 22 3511
27056251 82 8939
2170883 35 4196
1261438 26 8073
17630460 49 6632
285817 16 5080
1665492 9 2341
1 45 132
1367645 27 6401
24729624 74 7589
753053 57 7083
166697 68 1777
6111587 56 7143
7272543 96 4356
1 22 119
370262 62 5926
65252 18 4126
15096124 65 6974
5985 65 336
9473 93 2268
11880154 72 8741
22596416 30 8532
323444 27 7510
128944 31 3598
27766371 9 8150
1538685 52 4543
4213439 42 7228
1626234 74 2207
2008338 1 5667
20151 42 7253
1238593 23 7409
81067 8 2234
175438 84 9235
3685 3 100
21721325 39 6792
337803 19 7479
3827762 58 6086
3240157 29 5629
141868 83 6192
887510 22 9587
1221359 87 7991
5516805 5 3415
38724 37 715
9577 57 7671
141631 92 3998
486115 4 2502
93418 61 855
92857 14 6374
8404698 98 4604
584609 8 2916
717225 90 4303
18658212 82 7184
3280 44 1304
9386512 37 8248
2990785 49 4484
10202232 38 6007
19537529 27 7313
4922686 19 3111
284183 14 2649
225504 16 7353
200893 51 2929
8979373 21 6853
1227018 57 1814
10053371 21 6191
5015409 89 4319
13804505 57 9358
277954 36 2705
7895267 45 8991
1 62 8298
2620036 12 3005
5731227 79 8969
2336768 3 6243
27455166 18 9031
172439 92 6491
2034518 59 3791
21889060 14 6677
13314734 47 9313
17514011 13 6963
450494 14 2445
234920 44 1719
105264 53 7495
4499189 66 5481
3044611 55 2925
642100 54 1067
6703542 3 4829
8143898 54 8113
1820023 32 3751
2773113 55 4943
4615576 37 3310
1006760 79 1812
21930039 14 7731
56845 68 5837
1995486 49 4636
182559 82 552
3035 60 1173
62461 48 6632
1738126 5 4643
385500 61 1788
1629018 70 4116
5835315 5 4042
12933045 30 6007
5680458 59 6494
918249 97 8574
254484 14 1250
33331078 79 9021
248924 35 2815
3576165 57 4073
994614 23 1500
70280 81 1401
12007975 34 4943
864269 42 2739
2525976 65 5693
202422 25 1578
24644181 77 8390
42223 59 317
612614 15 5594
7054121 30 4065
1627303 24 6136
4290320 12 5107
1942470 62 6624
7623838 4 4287
1778205 67 1833
7565758 87 8074
1248550 31 1827
9442 67 6477
3034 36 5742
13873940 96 8489
219 5 184
2040226 96 7147
1194086 75 4368
923294 1 3524
3230985 81 4927
12151192 4 5997
2563505 40 9983
1789161 97 5186
11898433 81 8799
1228158 98 4118
11003747 49 5739
15526594 66 9874
487056 5 3104
13095267 65 7869
1544087 23 5468
17225937 55 6496
419093 1 5581
8555862 20 6659
2240 52 4003
1172412 3 2570
4577006 7 4348
452154 99 1008
3235483 50 3826
12373672 25 8166
4495944 20 5611
43053473 15 9311
207139 53 8045
260169 48 8194
1582431 89 5442
30074 93 269
280476 85 3855
1714325 57 1990
5646404 5 4905
1326396 53 2365
8020880 71 5111
55570 55 6903
2076858 69 3087
130946 22 918
13499296 29 8580
1107373 43 5623
2459101 74 4609
10247 4 45
1 49 4247
15606377 61 7204
553394 19 2281
7123709 38 5120
3759498 39 6022
94589 12 384
4213 86 3673
7344854 17 8833
65304 2 294
23421164 76 7650
4932168 25 3725
205258 65 1394
38392082 3 9481
4405854 31 7729
16272024 28 6513
18314351 93 9614
1959746 18 5873
15472725 52 5941
3604952 96 8134
839630 50 8097
1929924 87 6770
248701 41 2653
1882375 22 3525
9024323 28 8116
269226 70 7737
144306 86 753
1013672 93 7294
5428 82 1251
4296 30 573
2285291 2 3167
128428 24 1187
12339 50 141
18635093 42 8548
5070815 74 4439
577339 65 3386
4369408 31 5073
363110 43 3442
19742945 83 8739
2928898 23 5698
1137717 22 5911
1 35 3466
1427205 60 9156
2510856 2 2607
8569 61 3662
880434 28 3494
18951743 45 6318
240714 24 1761
4896303 49 4905
9815444 38 7665
26407935 56 7695
11642352 46 6037
1027729 93 8930
11060597 62 6379
3243790 42 7634
1234909 78 2442
17663 34 90
336866 33 3224
14892904 86 7132
42878 88 1885
1769 7 895
30999614 61 8090
6399 7 335
28291994 51 7643
8278196 37 9450
3152994 57 6359
5951237 99 6840
3711341 54 9318
19626666 67 6433
7426907 1 4543
29727 62 261
2661109 23 3211
1343972 42 3159
14585 2 2908
239708 56 2233
28051544 38 8122
256395 96 8754
204997 36 4404
1138547 32 7451
1156506 80 8367
13324677 7 9675
338897 86 2691
75739 15 1674
6918876 23 7582
9979 72 885
8133913 67 5743
12203820 4 9549
2098242 79 9492
919810 2 2812
2807 66 305
3806234 33 4910
3315882 20 5918
641202 36 7557
165196 42 606
401857 59 6714
203938 46 4297
19743338 66 6368
38240616 18 9093
419267 77 2303
2660343 89 3995
24580921 38 7484
389015 36 1258
1378684 97 3638
1 53 7011
698157 25 9128
258020 28 1905
4595111 92 4756
394858 9 1269
916511 97 4514
4439731 72 3270
13795028 5 8853
651651 54 4780
833789 13 2563
4868289 1 6220
27693119 59 7349
24418890 95 7996
9601671 26 7012
513371 71 2341
808703 15 1720
4655306 40 9854
31237 42 3772
8872454 65 4782
1606721 49 3640
4165217 21 3616
3600488 44 6645
4071892 93 4075
29593156 87 7710
1377797 16 3524
4720 21 673
2381870 71 4073
23203 6 141
2137930 85 5579
14214050 98 5645
2180 62 777
19272524 2 7126
21022507 36 7535
9465942 6 7572
402669 81 2796
48161 2 1300
1495907 9 3741
1614015 72 3273
3620322 21 5964
479632 56 5117
33639261 10 9891
5090577 53 3641
10091 37 5841
588664 85 7747
4804325 63 3818
36120 72 641
53591 32 2595
662901 46 5595
30022976 100 9491
1154273 54 3189
274962 89 1175
12389889 70 6202
7323066 55 9513
16527 82 5114
443558 68 4080
30288 20 9081
9728020 80 6208
1629447 77 3156
2867524 61 9113
8724177 78 6753
4754505 39 3441
177660 77 1579
4506495 39 3229
355152 42 9546
3847 25 339
679384 40 4143
14780893 54 7424
473472 16 5588
780568 60 1648
3278210 50 4842
496679 90 4899
23411 54 1912
19868325 53 8834
144679 21 3257
1563087 70 4013
8710543 93 7623
147142 79 531
41466 66 314
5007725 20 3555
22257 43 1819
1051996 18 3214
6991 19 538
1120547 67 5274
6984563 74 4227
817884 5 1432
369015 74 2595
1048276 42 4175
289341 22 9819
2067348 9 3808
2138859 1 9980
11718305 83 8422
10942958 52 5831
5720211 88 8762
1223 63 398
408420 36 3762
372079 48 4499
3425067 25 7817
463082 10 5863
21168 69 986
25645 64 1619
11437 11 1133
28669769 38 9209
2032800 18 4292
8117040 15 4318
7736 46 1554
4682434 39 3625
2835 71 150
80716 13 383
978519 92 5165
10629751 43 8434
14438866 34 8777
27174088 88 8455
971167 40 1896
1 52 1462
24387443 10 7503
1171640 34 7018
1 73 298
12194818 33 5584
692057 5 2864
4742414 4 7823
16743200 83 6944
2265332 87 2547
7839481 81 8110
112485 68 1070
989909 62 1319
504900 27 6680
5374580 91 4191
558 29 2062
172443 96 614
12535645 17 9567
1 25 1680
11275670 84 5799
3671325 70 7988
18652256 96 9671
464 36 77
2116782 74 3754
17845603 89 6783
4136138 44 8447
464036 76 6166
304522 43 1606
20219813 63 8542
41522 99 254
13585840 14 9674
45416537 25 9445
14110386 35 9894
8323813 87 5531
60384 94 680
2274485 51 8872
986661 69 1657
6332912 83 6649
52411 82 8734
43297 61 255
4269695 60 5512
96505 34 2990
327883 80 1756
2574380 61 3905
36924388 41 9479
2587970 76 3544
18427 17 149
10059770 12 9160
52544 29 1772
28880587 97 7988
4467413 40 9027
1779780 18 2051
1022 21 1022
1 20 544
1065013 26 2253
33207671 44 9975
673274 4 2467
5005018 57 5385
7863074 57 4075
9419132 66 8541
6184914 31 3543
36615 12 279
12401945 64 6908
150059 94 4523
264883 54 2049
32071 99 597
1139464 74 4309
158662 91 2927
107896 66 7925
4243338 80 6861
27349113 73 8222
13323464 29 6664
16184916 11 6083
2474369 71 3775
8015511 19 8444
100720 66 646
2125769 29 8968
8183561 45 7781
18174586 22 6633
19696765 6 7372
5946701 91 4206
37745653 78 9193
16334312 51 8019
51663 94 2589
8734255 47 9889
474805 51 2194
1957974 90 2778
4929 95 215
113467 81 919
41847 56 979
4402 98 4099
416217 34 8708
23199006 87 9099
3122272 46 5965
24427425 42 8940
6843 28 805
778499 82 2059
2397 10 5862
3018463 3 2405
1942946 51 1985
10874 12 1409
5770428 18 8859
14179 63 6277
228290 76 6560
809547 87 6434
28530 30 6670
3079772 59 7602
8578804 100 5631
857489 30 3148
2071487 21 2099
7021511 93 4234
30877184 28 7782
1308268 51 7740
425557 18 3322
5067486 75 8522
2329974 54 3330
463467 14 5601
1 28 1426
887449 75 1411
60520 18 1708
4866730 25 7595
16423643 22 9893
658715 91 2362
720292 79 2949
2523144 60 2564
25443071 64 9245
857189 65 1606
47196 38 2330
25517 35 839
119638 22 8205
2644538 1 9038
2737334 68 5075
230830 25 721
10767184 92 4962
178816 72 992
713453 29 5283
5513537 91 9566
26514 18 632
651056 59 3096
21937 2 252
19903914 9 7404
932058 11 5031
43835 14 1135
9477871 42 5310
1716403 52 2163
2326339 18 2598
222699 19 4269
34673593 93 9758
1922748 53 6223
329163 7 2236
1160335 2 4393
1395107 73 9905
186440 23 653
1971515 77 2179
5204076 39 4257
912189 13 2166
722512 58 4041
3535454 23 4851
1152272 93 3830
22984644 97 8345
4608359 93 3066
119578 15 1279
1 47 8699
1178198 31 1721
2885751 22 3710
480590 33 3025
4204612 96 6703
563731 45 4711
22089854 77 9737
24515 89 4138
3079445 27 3285
31177797 81 8965
708314 39 1569
45206 37 283
68211 29 1789
25146676 14 9612
5908266 94 9351
265099 35 2490
11319773 69 5082
8283943 5 4714
2114689 82 4215
2876030 57 2440
329904 51 2093
17283 44 2793
360448 24 2595
295270 30 2280
819777 36 4034
8671255 72 7007
41424514 49 9672
3863465 25 4649
277505 16 772
41329239 84 9244
252277 55 2374
24681129 66 7724
20222777 39 7365
623 55 4205
440792 63 9538
517286 69 4959
306231 61 1876
6684971 29 8001
10760921 83 5012
156733 8 1766
3008728 31 3739
4379247 95 9455
2036615 48 3282
1727752 38 2499
1938425 63 6016
23950866 91 8240
1512508 34 4914
4265855 85 4584
12927802 29 8878
29754302 14 8353
367633 32 3856
16924569 69 9141
381186 8 778
2190126 55 4959
4567872 97 5439
135235 77 6534
24536251 47 9057
3097635 82 2908
10722728 77 9045
1381496 46 6455
675487 16 2376
5642827 94 4722
102429 96 1512
3757931 68 7127
13793839 71 5543
518662 87 2884
145513 74 4843
11739504 74 4760
114994 13 2871
167907 49 5354
11438475 94 7094
2926975 95 5097
77519 23 5107
505104 71 2115
128071 52 3662
188203 46 963
27206077 19 8225
11715619 84 4927
8189607 19 7483
4106631 26 7321
118428 99 699
14770938 51 5412
880364 6 4063
3963802 99 8470
8707997 96 5401
32970 81 439
71547 20 4997
12739119 14 5518
975159 48 2486
2303150 47 3630
15966126 49 9060
2677902 10 4626
24664785 7 7681
1809065 19 4298
5947 69 6127
10164015 69 4599
26875538 79 8499
14587734 64 6961
2343917 12 9973
1267903 70 3123
8942312 74 9776
10951204 94 9195
8949879 48 4731
16212202 34 5748
251649 65 972
17754870 71 6085
1 42 412
1599688 15 6680
410000 13 3535
2056879 77 2680
81992 36 3758
11620533 87 7787
2053253 73 3482
1015399 87 1592
5179 42 4464
10648130 51 4629
13205296 69 9173
2715667 95 9298
1391876 45 4429
95890 60 2312
14661403 7 6230
3260832 2 3411
304722 31 2546
69402 79 6470
388280 55 8897
49688 43 271
5366333 53 7705
159983 6 9483
5766866 17 3820
3247394 76 8326
3196884 2 2610
34594178 99 8476
2682064 96 5133
6147773 98 6204
308659 86 6922
20089516 4 6694
159298 43 5359
52530 92 493
662051 50 4525
774060 14 5504
1679498 67 2257
168990 60 607
1992578 5 6006
1377538 20 6926
15687095 79 6992
1679754 56 2199
1076136 39 2467
1628264 65 4051
2415 45 2058
9194725 35 4912
7615397 94 4581
11677840 63 7920
13447446 75 8902
2034444 15 4166
992 60 999
1095213 22 2589
292042 22 2270
20611803 92 9089
647456 87 5913
231501 51 861
29889466 36 8175
145429 38 1185
818874 64 9612
226303 44 6950
5584 33 4816
3039280 12 3430
25459577 27 7700
648950 57 2952
11212583 16 5951
14922664 31 6158
1009 4 819
7007484 96 4657
1060062 67 3288
12982 44 4203
128674 59 7484
6694272 87 4673
68914 86 1806
2823800 10 3149
23548081 28 7726
1554157 55 2657
5489711 78 7791
23977952 53 7599
119816 19 4323
622001 66 3757
3208295 100 2967
2908448 94 8588
2455284 70 2265
300140 77 4458
1287546 18 3626
72242 84 4738
94237 1 9190
3580799 16 9495
16327390 33 7512
16937 61 1555
144200 60 481
925117 84 1401
120270 73 1509
913678 39 6340
226228 100 4750
26007593 89 7566
15706906 16 5681
2904484 40 4257
60779 37 358
1292 83 350
1 46 3179
24185113 11 8011
4448 15 8565
1 32 1221
612017 55 1427
1037856 2 9519
276445 15 996
1827 62 533
10470495 78 5822
80360 57 3167
8648614 71 7754
1507401 84 1837
9696324 66 6652
2889094 72 9603
887865 97 2529
3144751 51 2818
6680655 27 7548
1645525 47 8895
41237162 42 9276
32511773 66 9991
316054 8 9602
1869950 25 6426
16437192 73 7761
25936395 90 9316
7410215 24 6152
2330026 68 5860
171125 65 1766
12080 71 260
33547649 67 9597
943749 38 1933
1150124 4 8663
1 47 7325
569628 78 2982
134814 100 1473
7208941 34 9918
5600956 93 3931
1536404 50 2577
4169791 97 6068
9993011 9 9969
168031 52 8989
1177695 69 2377
225128 96 1430
4160325 3 9135
315987 98 2054
306621 14 1673
5351518 37 3278
11729234 60 7635
9349787 5 7499
1284927 41 3243
470905 9 3681
3053590 48 4832
36619 44 174
16447469 56 6078
272562 88 3358
38086 21 1043
6223392 94 4733
1374101 21 2359
7106365 17 6884
1 99 3778
1193984 18 4355
30140344 50 8697
22573 44 3559
6115035 82 3761
77472 51 3215
681138 61 6202
1 16 424
17387 86 534
836025 77 3459
10845762 42 8779
2519957 27 7547
2443217 24 3587
205113 81 1114
1388 63 377
5263582 53 6230
475258 4 9877
3534590 16 7650
6744710 34 3725
14809 17 115
175575 17 9767
17807426 14 7694
27690 30 2582
564543 17 9531
1608780 40 2620
11645068 70 9234
72369 77 9041
10785212 53 9466
3171857 65 8332
18602587 7 8164
130053 3 776
42996466 71 9344
25740 44 361
11975864 49 7235
2639296 61 2549
3009965 17 3937
2444110 60 7101
31221437 92 8640
11179394 31 5300
1 77 915
2417124 41 4090
2782756 31 6097
1343210 22 2525
9137847 87 8832
274 18 714
38151 20 308
160869 1 1733
2128094 97 4263
8043202 99 8481
469315 26 7394
26451508 97 9527
3160081 51 3080
41351908 100 9141
4434380 98 9940
2076054 93 7586
22032378 33 7741
3412928 63 8198
3852 85 3483
8448554 7 5018
879511 51 1833
6493 66 162
39132 24 2460
459244 3 2422
7561 7 315
267225 95 2401
827759 91 3771
8115493 49 6858
11528750 39 9974
20763564 36 7141
38740483 1 9157
1644781 16 6151
1802 69 105
4406400 86 4288
4420865 1 8719
684655 46 5889
8743307 41 8630
955346 66 1748
3346874 99 3202
1 68 335
4866429 79 4513
431148 78 2041
1804157 46 2837
1 93 867
19217684 44 7186
2115429 65 2883
23292535 34 9744
111049 65 454
1015582 49 5383
40638636 49 9309
79311 64 1084
19439653 27 8590
2257 61 2234
17145353 9 7834
113032 88 2936
3871 67 1539
30215140 59 8852
235418 65 1072
830 36 86
759444 94 1702
433938 95 7944
46062 98 679
8428549 2 8744
486461 24 3871
4598333 61 5247
3375948 45 8153
399121 42 3746
689471 49 1720
5585012 91 8917
438656 34 1628
1053382 49 2785
17830863 92 7110
14948538 84 8843
117824 18 687
375574 56 2103
2525902 94 6399
3516572 44 5489
1253013 24 5114
6680288 26 8739
130042 3 1800
231198 97 7292
14443271 37 7224
1 75 84
579957 52 4351
10645108 32 8788
4760251 15 4130
1110260 38 3902
1177065 57 9006
221410 34 6549
16169431 3 6108
264956 4 823
2855898 94 6014
424865 75 2680
5365124 74 4896
340922 61 2299
5896470 37 7366
3381191 34 5029
2109141 92 4707
178690 9 5610
5434276 11 3394
24816322 12 7221
14030006 58 7129
2806632 61 5191
17100846 88 9739
1472031 9 4761
9171926 76 4820
865959 4 6760
9479728 87 9619
27222676 71 9143
3187818 42 4193
1253572 60 3978
33555206 26 8713
14618 29 9681
48946 80 2328
7943842 51 6854
168877 66 1101
3627704 86 6122
1125925 40 9886
78570 30 1605
141729 22 7339
3318790 100 5168
1932 18 400
1121465 68 6454
404698 89 6179
6418579 86 4414
828565 36 4124
229855 45 5942
135855 2 1606
7934838 34 5701
36347358 81 9929
3616817 4 2805
713 13 176
815249 19 8757
114307 34 774
2644844 2 5168
8269 47 350
52050 66 1823
12106774 6 8005
5095972 100 7246
1 11 527
257425 12 3309
24875349 60 9473
5157459 83 3925
1531766 49 6075
573311 97 6600
5096071 85 8973
42391467 24 9724
47334307 9 9892
3388322 62 7296
5343571 20 6554
4179348 31 6612
4485426 87 4941
2896 13 412
23887778 54 9102
662438 43 5837
21159295 25 9486
10410053 91 8915
72220 23 4088
282800 36 2115
2947041 17 4128
2956 44 6402
728996 7 2110
2265397 73 2998
5795974 88 6566
23850958 34 8340
326674 31 5992
4773751 93 7529
1623452 29 2918
2835843 42 5724
3451589 24 6328
788576 57 7460
6200693 48 9720
4190439 43 3366
22965 67 1332
3706 20 3748
227723 40 797
1802136 1 7387
2761287 22 7937
2059298 15 2533
1751299 83 3131
17628422 58 6481
1183349 5 5727
1233779 66 8396
16224786 12 7418
471158 80 2629
3620294 90 5847
148726 57 2039
9847094 57 7979
401042 20 6721
17554366 91 8187
22263981 38 8360
1052622 79 3292
2870182 50 2509
5259518 4 6059
26765 51 832
22957 9 275
1056513 43 1755
3385 11 4673
93949 66 2364
1901694 28 5793
2597217 38 8955
2912973 64 8188
28416521 37 9763
50865 86 504
298935 1 1977
2276723 1 3349
14147386 13 9446
773462 29 9305
749127 61 7385
1785039 2 5518
11657545 2 7840
766891 15 3867
668791 38 5533
13608 62 160
201332 34 5787
455102 31 1897
4004011 95 3886
819 72 192
8618786 92 8189
20469 5 5324
49753 66 3525
219845 37 2948
2916037 76 4646
370301 53 7446
4835589 27 5749
1 63 9810
1 93 748
1351749 32 4526
45971 16 4371
1520928 88 7353
5479985 64 3979
1437547 17 5803
57940 80 1332
1222557 54 6734
1 45 2619
2231992 98 6402
7246227 36 7541
1242 11 2246
67832 98 821
1000035 26 2746
3709 87 1163
1 99 484
6756049 72 3609
1612799 25 2757
5888065 41 9700
1918068 73 8753
21275623 65 7601
290968 4 7425
1024466 38 1861
153866 25 727
3071796 42 2809
7617592 24 6902
3719795 38 7962
61267 44 6706
5479546 94 3370
182095 29 1740
169099 92 8725
6769 42 53
192557 93 2499
325160 71 8942
10419505 87 7699
2147 79 9695
8158732 100 4967
18422332 85 6037
1009150 58 5562
110751 83 4701
7994246 60 7808
814309 46 3411
326514 24 1550
15037461 13 8714
116772 7 1042
7050 10 3000
1648397 83 8234
7805782 19 4461
3684792 29 2785
13206248 29 6789
1547569 84 2446
170242 57 7105
176323 29 4083
1 79 901
1 45 2482
5513926 74 9618
90465 93 1458
6870715 6 5807
8978147 82 6457
24838289 76 7283
144172 44 1644
3637226 52 8689
1235693 13 2853
314917 28 2873
5892578 25 3809
105006 48 3945
22515 96 8519
1649056 46 5033
3707118 75 5556
41874 32 596
217 7 846
6940635 81 6055
2318188 44 4349
2477303 60 3485
557161 48 2281
4166265 28 6126
35168194 52 8489
2352188 82 3365
11205699 98 4919
136939 87 6773
7675373 2 4897
72777 54 2885
1 61 386
8415234 30 4353
921679 42 1999
5939086 7 6456
23200 7 1680
9282611 8 8195
10394863 46 6454
55565 63 705
3672 38 196
192737 86 662
24126331 39 8147
1 95 259
5569014 45 3893
29374 78 156
2368307 50 5060
21517170 37 8397
5275379 60 6644
13476506 85 9118
62511 63 432
76821 31 912
6676976 31 9185
5065948 68 7616
43649 47 221
249463 62 2470
8986 13 3444
44024 7 505
2936480 13 2888
10722 12 1626
272389 7 766
9627743 67 7639
117122 81 697
35717416 43 9539
503198 7 1702
285906 62 3830
309051 35 6856
55086 40 3539
2532913 21 5781
2683008 66 3455
17486010 45 9843
1 62 6221
20936300 10 8944
4503766 35 3694
36118 47 2818
5082158 59 3358
1662533 43 4603
2296054 95 3505
6078280 86 5408
101380 35 1253
8726197 53 4274
3243864 49 8751
2176971 83 2450
41540 78 344
774534 18 5547
4415071 46 4368
750271 96 2574
10252320 40 6943
4673517 87 5626
37761062 56 8866
159869 17 3474
12220951 27 6744
819836 58 7763
216047 47 1351
759542 52 2030
37821 44 5080
11442584 63 8445
108012 58 4839
191389 15 9122
9761 74 5512
8179297 80 7151
12101218 71 9585
21738 18 2856
2123312 7 6136
60376 86 860
45344 62 5339
5197239 66 4710
427995 36 852
8154604 98 8283
456862 16 1938
2275839 38 2213
21144 6 5027
2220844 1 3657
2520999 88 3262
1041318 42 6630
1481905 71 7358
20346 10 2115
19583 59 8243
716865 17 5255
1282494 58 5679
2780848 28 4872
2394 10 552
1840302 51 5337
559534 25 7110
5835961 83 6518
5728382 91 6427
40564 39 748
12841501 63 8143
45592 77 5891
6884502 16 5539
9308713 26 6319
2617031 24 2348
128513 49 717
174404 7 1733
696852 4 9178
1112552 59 1430
4257725 4 5353
2363195 73 6327
1310691 22 1810
5616742 69 4331
2569208 33 6550
243956 25 2203
11096 54 72
4329645 60 3307
1157353 25 2215
11978101 20 6689
632441 29 1389
4407835 9 8146
7228434 79 4889
271100 81 5109
79185 83 1081
524120 29 9699
97725 40 1177
2841309 24 8322
5325 42 247
1488701 72 3927
790359 8 1348
350595 89 3210
38133929 72 9604
7311230 31 3762
1402192 96 8337
42661089 76 9576
4608252 75 4316
46106192 21 9900
49257 37 301
1097327 94 4091
4000217 20 9918
679171 47 5635
4592874 6 7898
10627103 41 5562
94807 95 482
1 56 711
12376385 41 6660
50907 43 6869
390734 83 4637
1 96 1918
17982101 86 7479
7398 19 697
19315479 98 7985
14749 79 446
174092 51 3946
649781 73 1095
4431057 14 3054
387728 58 792
692285 44 5363
16909212 92 8718
20670350 14 8708
285353 50 2096
1460249 40 6754
48905 22 2506
14121202 11 8152
1320421 78 3419
9264 29 8747
6350 2 7391
3506745 47 3257
997479 38 5634
175533 18 3169
12851419 52 6246
1029689 52 5747
2499521 78 4135
16475000 57 6137
21770081 47 7004
489762 83 1412
321329 89 1693
1605136 4 2474
854746 63 3239
1249183 38 2162
113965 98 1263
592038 39 2056
1440004 5 5596
413608 66 2797
756570 91 1158
826295 36 1296
4912175 91 4485
3152481 30 6796
5542986 9 7546
487747 78 5950
4611990 32 6115
258 2 372
2450660 61 3534
6172396 14 7530
19367014 25 9039
580849 47 5958
17460381 24 8236
63814 96 552
4587211 12 3680
1960346 20 6135
15610822 23 6010
13702 52 3124
13878229 86 6611
45534454 31 9451
2658683 63 3290
1 44 277
16991086 15 6111
5486772 73 5779
175535 94 2020
117563 89 884
411185 3 1266
12302733 76 7371
263779 4 2026
123208 76 3942
405124 13 1475
1686378 7 3307
254627 45 5054
6528317 14 4556
5529803 3 4669
12674797 36 7977
20452737 27 8619
4630493 29 4494
13916573 87 5210
42290640 58 9191
35916 99 8685
14517282 18 7059
3054471 39 9051
426723 8 5935
8310358 60 7527
6505151 42 8616
312264 88 1139
2347018 42 4724
8614270 96 5704
423605 100 1067
257698 35 9816
4411969 81 5934
3042323 91 7233
339190 37 3381
5749072 23 8531
73850 1 496
4658028 57 3856
574056 36 6597
2196023 46 3632
29260421 49 8978
899783 99 2305
13879612 34 6699
10085220 35 4905
13677970 35 9890
1476635 30 6193
2054196 64 3899
10780636 27 8208
260428 40 1740
15198732 79 7489
1704279 93 4270
1875886 3 2782
24538658 56 8628
2921141 85 7022
1287068 47 6910
8095018 93 5585
182114 2 3190
8889637 40 8560
376295 67 5948
33489 21 8801
4405053 23 4033
15811093 54 6355
6042061 55 5331
31200697 58 9758
1764104 51 8285
321518 90 2382
31729279 65 8294
3716618 59 4483
8301380 67 7229
11191449 37 9760
31182801 39 7870
1002972 40 6696
6743359 64 8094
417309 60 3445
39150080 77 9882
9639 99 192
327795 53 1688
26144444 35 7564
1299446 98 4564
129745 6 1207
848129 24 1402
1837 9 4239
79914 35 7193
640998 86 3317
24161151 81 7127
17894610 40 7834
12891995 12 7448
268527 70 729
40104 63 9920
1155863 84 2404
29269452 37 8208
12159525 46 9108
1 60 2145
30342127 96 9344
146090 54 767
691589 95 2009
2773034 65 2707
2265 14 210
1189654 46 8071
22559432 49 8583
6304623 88 4511
8016999 98 6550
464806 100 1043
6766652 77 9161
269787 100 1733
1098518 37 7774
6424564 43 7250
4999811 84 4664
1 68 153
191834 67 932
1838361 49 5512
1722460 40 2023
2939568 44 6908
10322793 9 5837
879512 91 1260
869497 32 9451
3185281 61 5236
27060 73 5553
15914732 71 7581
1278425 49 6125
6485233 69 9735
4035521 77 4952
1836068 5 6976
40454 3 1957
299264 59 4986
6669586 49 5509
95394 18 3419
1183568 76 5460
58901 48 2549
1138999 86 6561
6087 54 1620
1270180 27 8993
2747871 45 7284
172315 92 3094
5090603 20 7929
5519564 38 4185
552439 19 1296
54426 61 2389
1058083 43 1443
2299039 79 5952
46215 66 2847
1 43 215
389830 17 1446
194 27 93
645250 75 1733
11384728 44 6126
5553992 88 4429
3978222 81 5822
8859404 96 9902
6530543 67 6203
1620746 2 7276
778612 97 3203
6456398 45 5500
1488990 46 1660
10641424 4 8485
2347408 54 2775
10071 61 8143
12985169 54 8300
92926 41 674
2410859 98 5624
64 49 3457
465881 25 4888
493649 46 7182
290094 37 3535
4681157 25 8817
9285 26 78
20469654 48 7792
1154188 90 2090
5106790 4 9144
597813 93 7354
2304 16 4257
8975678 3 7768
271737 4 2087
24475820 58 7334
6029 75 221
103233 42 3199
8915460 12 7017
46403711 25 9844
50393 8 594
147 22 7165
81 5 459
7690328 84 7915
3239985 18 5317
1215197 51 2894
4160254 1 3723
1453552 93 2474
55095 6 726
25194295 69 9466
18321852 7 6352
2605632 19 3946
1770994 9 1866
30712 2 1539
115253 66 3080
3717055 3 3812
44152 39 671
19715107 55 6478
584300 19 3770
10661 22 150
1646939 95 4514
28740458 82 9623
1827864 97 3399
231907 95 796
11444382 4 8304
1056554 62 4785
28197217 8 9255
5449 39 81
2963440 38 7173
7624367 57 9691
16444117 80 6949
41266940 61 9898
1088588 91 3190
7934883 72 7793
952253 62 3081
4311 38 6121
857 47 2883
5993543 21 4373
175072 9 666
1186332 81 2808
18785803 87 8163
31913 5 9033
13453763 81 8589
3988232 51 5217
32602811 7 9692
834002 98 9074
400211 93 1364
142782 18 4153
233133 53 6962
13541579 45 7433
617361 68 8405
5479955 91 6293
59805 68 917
106661 30 1914
74464 73 4388
947177 51 3201
28311181 42 7663
1133243 78 2493
10356000 86 8230
7598523 58 4974
6182674 70 5094
100264 34 3339
3887015 78 3222
7954706 80 6832
523673 97 3312
15448 45 7823
272004 30 3946
2937303 19 2658
15204126 71 9262
215389 82 5885
4689784 84 7109
505041 100 8956
969147 100 1534
18512431 2 6205
2039697 48 4834
43416 19 2028
927895 72 5383
23302087 37 9690
25779109 31 9376
7048912 8 8353
2685228 29 9353
8214 38 219
2212052 92 2296
1353073 36 5118
180793 28 4104
1576195 52 2426
825836 46 1329
9199669 30 4592
673107 36 3710
331849 24 1758
13780532 67 7697
50771 14 1873
2079275 7 3652
2068 47 2766
6729726 23 8668
4494939 20 6948
6321464 29 7382
41526289 39 9890
742692 68 1342
322359 7 981
1756582 52 1993
277386 15 845
10977709 89 9581
10888838 1 5278
421836 45 7397
7311672 34 6173
8961889 81 8995
13499846 96 6951
2331083 49 2399
29814942 68 7913
164846 11 4751
1135274 36 5940
1081915 40 1611
154877 24 6971
1166640 79 5833
991064 58 4813
891562 44 2896
31894941 86 8639
11499698 69 5481
2323328 30 9469
24745 45 3404
251995 26 2457
97553 46 1941
1035231 25 3360
7701504 89 4272
2058027 80 5858
3670946 55 6837
8503565 57 5139
26529639 91 8278
2430146 39 3476
286421 58 1074
5329869 97 3506
99563 48 990
14586820 37 7566
10889364 9 9451
915511 84 8015
32318863 91 9339
15673619 93 7261
1 68 578
596243 81 1528
1091850 90 4282
148576 26 7394
6367 27 882
14692879 95 6795
25010410 74 8904
156296 80 2682
32525849 47 8643
13452516 72 5139
63308 36 3205
7061555 98 8637
173193 34 625
16413407 37 6271
35117 52 209
12440196 21 6096
4500145 50 3936
1852088 71 9885
2086276 84 2179
144925 65 695
456772 67 3071
87 31 8236
662637 58 4074
156402 17 659
178278 15 3596
2316185 39 4703
4729763 80 6000
1102328 84 5899
9071883 73 5508
27303936 2 8536
11525319 65 9222
42857 5 421
260972 14 1519
2637538 2 5755
15142388 38 9389
7555 40 344
2012075 8 2040
3430746 18 2880
26999549 35 9612
14135447 93 7202
163729 50 678
539 23 7581
1357960 29 2256
6648877 9 5229
4442 93 1211
3373944 25 8384
816336 12 5091
30974986 39 7862
305 81 5400
432357 4 1936
9414326 55 5610
3806233 85 3320
111168 64 762
18826880 82 6067
2877774 87 2843
3739357 17 6217
11693032 49 8316
57838 46 1046
303597 19 745
7549621 41 7936
2267074 88 3179
4397344 22 3020
12433099 55 6984
17917136 65 6064
19683085 21 7080
385207 49 5388
1 97 7783
9354226 20 7688
5644679 17 9651
10992656 61 5604
2489577 33 5709
2075929 49 2098
601357 73 8904
1022797 24 2701
784245 30 2326
197580 63 2723
1805312 12 2630
2355166 55 4419
770037 8 4083
10074 64 3201
939300 22 1372
11126402 43 5056
730306 31 5985
12345500 6 5139
12424274 47 7818
323718 42 5748
9931238 57 5886
453473 13 3881
1 43 447
15504086 88 8066
9578 25 7192
658975 67 1630
11114113 57 5302
9187826 58 5262
4502343 30 5079
4620969 90 3108
38305671 54 9418
3155834 45 8693
1 91 4420
5023627 2 4669
5978954 51 7745
4378213 7 3725
4857957 85 3735
5690422 45 3520
1 97 6724
6826263 66 4785
477215 70 3817
5519625 93 9256
15636234 51 7342
10326479 77 7369
8375584 77 6306
14162524 86 6004
1166 30 2510
339977 1 1460
513851 22 5647
244984 71 8524
19025093 74 8951
364437 10 9723
4668185 13 6978
17552361 75 7765
5742648 72 9592
683828 48 6538
19500294 77 7239
854881 44 1265
8407021 83 4325
15713336 19 6726
25253769 85 7101
687845 46 7413
9325218 18 6123
592278 4 2940
278227 2 835
616673 9 7867
16668828 60 8548
1614403 90 1986
15918519 91 7497
23054082 54 7351
17782421 5 6537
1 52 82
892086 100 2345
21920533 2 6543
769069 72 7129
2510675 23 2880
2342751 43 4195
28288718 55 9632
1327137 14 7429
1890594 21 5840
482172 7 3341
268112 87 1262
665 37 742
46988153 23 9831
36407059 25 9908
808 9 4622
4268752 94 3673
21248944 40 9706
3885483 22 7073
6889 41 2096
1263578 60 3829
190395 35 704
1239664 8 2591
118170 6 3321
1533519 85 1683
3661281 15 5529
382322 46 6073
13527288 81 8148
5400871 39 4919
3500736 59 4562
177693 15 1297
7689825 27 7146
1203718 43 6845
19680428 52 6523
765529 53 2387
6815707 100 4005
611369 1 1238
5257720 34 3997
13268662 72 8689
133414 32 1340
8332243 11 8859
405876 41 7496
5025277 2 9619
5097423 35 3510
15724430 91 8090
510763 25 8256
1980624 17 4421
5745957 17 4920
481256 88 9900
458114 55 1645
539994 9 9272
10206345 43 5809
12838307 98 5583
697799 16 5074
212688 60 2607
246237 84 7329
5573684 5 7909
3609932 98 8124
12787982 36 5403
222550 6 626
3419079 81 7250
29427806 3 9521
771393 36 1610
10500739 58 7715
7447363 26 4298
12779712 29 8199
1012872 86 1433
3833766 46 2921
158790 70 3071
606130 37 5553
38368 73 5869
1168944 29 7891
157226 20 8086
2503080 47 4761
7070 60 760
1666025 71 9105
785652 62 4648
142229 95 2016
627660 57 2336
2451965 80 4343
14821881 16 6475
8284 49 3577
13401022 21 5083
8515768 61 9922
6917860 58 3977
1 88 4548
14598337 1 6407
1017329 13 7354
4200088 28 6998
468657 84 9184
1823753 41 6006
8268295 34 4132
8121 21 4417
600557 48 4301
89798 11 1182
123396 78 3174
3574705 17 4512
276935 61 6016
4949743 89 3529
2954329 24 5104
353049 63 2494
170816 78 633
17970 26 1860
478846 9 3694
5856164 11 5468
102053 20 410
8521540 87 6932
3686116 98 2879
13105562 27 6438
1371568 40 4072
7477696 22 8624
20679813 21 6558
9365013 47 4270
11723 9 3460
5886125 53 3967
28524369 11 8504
316694 33 3770
38614624 94 9131
5272227 47 6399
1473284 26 9842
9533221 91 7184
38273922 13 9989
35284368 73 8972
223357 20 985
611169 83 1427
1345656 72 8170
1 96 1328
5326408 61 4742
563656 74 7284
1 98 3586
105725 42 828
157261 65 522
29475137 87 9565
244903 5 8950
408 14 637
30513643 98 7956
11773780 46 7127
1360660 82 3233
5977062 94 5768
6229829 16 9842
1676898 3 3545
43407 41 458
554459 58 1148
2995394 20 2524
8958 96 3210
2444174 4 3188
1506239 17 7314
20717364 74 7626
469957 23 9946
93466 77 4102
256678 44 6408
808155 17 7988
34982 47 509
6027446 42 5451
23356693 70 9583
254901 65 1530
416716 89 4471
2092781 64 6347
3435398 39 3877
902631 68 1554
24426641 4 7754
469271 98 3335
21695069 4 6731
154202 77 2710
23554527 33 7297
20222890 92 7889
17555257 79 6414
19713 21 1052
8264769 39 8234
247212 42 610
28723 76 260
102526 61 8154
1862034 27 9813
627355 22 3027
2471044 13 2403
16031913 85 9474
6008167 42 4072
7837919 38 9796
377422 92 2814
16436781 76 5969
4789710 18 9658
7642824 29 9852
4973 43 311
98174 84 9359
102949 20 6252
471355 59 2042
52630 21 379
20874 62 734
33778740 15 8917
97673 6 419
13024 16 1058
2409410 59 4256
293790 75 6913
11371182 23 5237
20003098 19 7722
1804189 97 8491
3334604 24 8742
32210 71 6326
678007 98 6461
562232 38 1351
36813483 59 9468
8459 64 3578
2759562 46 2441
3858446 76 2858
1646963 27 9675
10946856 63 9527
12825155 76 5549
6189 78 1648
13721987 88 8780
1821700 49 4774
6618415 2 7608
108022 94 3861
10189663 79 4764
3074172 89 3666
39723811 13 9206
3044333 55 4498
11149181 99 4942
378470 12 1293
347384 93 1703
23961242 97 7907
12618928 39 5596
5061 98 2512
3105088 49 4580
2214290 14 2020
1430422 93 3884
27639 83 531
28448486 12 9720
2555077 67 7087
1533613 43 2233
13254 38 102
38875882 100 9697
37974850 20 8621
26085 44 2853
3547931 11 9748
10003834 6 7651
3320390 64 3012
3784517 8 3370
31328240 65 7966
221276 84 2118
217684 90 4499
116935 18 754
15449248 59 8107
56455 73 7398
3273778 72 2779
7746923 11 7346
2037 58 308
6671106 48 4352
8414519 7 9945
54899 5 1717
2255405 33 2747
23463 1 4060
2737036 91 5145
4866398 31 3797
14493982 49 5324
972718 63 1432
9365925 45 4505
414006 11 2300
2600323 83 6496
1637 23 1175
2442817 78 4845
9054371 58 5801
110666 80 5156
40808 77 483
3402244 73 3686
4823074 26 3541
16894765 58 6026
463796 12 3349
113458 66 1119
10448300 55 5111
5546042 70 5408
1777200 97 2959
1042956 62 1726
378794 30 2811
2838571 90 3329
698655 99 3229
5776890 71 7337
1603599 30 1789
28609843 69 9484
7489590 49 4913
46482107 70 9642
7956473 25 5469
14701933 97 7778
434449 71 1464
11620319 94 7011
1723727 25 2668
6351048 100 5794
18315097 62 6432
74344 39 801
1020363 98 4497
9099892 57 7384
3618724 39 2693
734185 50 5530
607998 73 2679
9609 45 85
11415 54 221
29838401 48 9510
932413 27 1411
10320 80 1675
18697 67 4846
271048 55 708
16944051 1 6792
551799 21 1965
6604742 73 6363
84563 13 1413
934144 96 8611
710024 25 2867
1020369 15 2895
4120839 59 4652
13302519 3 9911
243 13 339
10938455 5 6033
196819 100 1417
1306600 7 8876
12797331 86 8305
8686129 68 8715
1223450 85 3752
8330984 91 4803
1065096 64 3690
23035960 19 8631
8271349 3 5246
667976 73 3883
35512955 53 9063
33481 95 6107
23927395 67 8371
9865521 11 8318
5692546 10 5034
20647906 40 6373
23220749 57 8697
4403663 26 3081
820302 25 1923
43 8 370
3198418 54 2461
15619990 88 5531
9375737 93 6436
4682005 19 3479
575036 88 6588
437199 48 6190
31349629 15 9158
7524771 65 6886
8569206 68 4899
4903636 30 3458
27699994 93 7558
1616043 50 4430
6739216 70 4529
50630951 16 9963
108484 1 4942
1552144 5 6988
13453755 40 6082
2584622 37 2251
1205215 34 2980
16723591 22 7719
561027 67 2607
8323 18 134
5881327 44 6207
5079055 32 3144
1754340 3 3544
28624322 92 8080
8147722 51 9332
1864 2 552
1 94 305
4710069 44 4789
810635 37 1991
14957226 41 8098
1418675 24 3804
7921251 13 6595
4010672 39 7742
3625791 43 3581
1688726 16 3232
4148731 14 6247
1669943 55 4358
1302331 62 4510
1021971 26 2836
16076757 62 6649
51916 25 2233
1974114 13 6371
3193390 9 3888
59242 69 336
2411913 35 9334
168999 88 1264
295155 99 3853
969753 20 2159
231490 17 1969
2025 1 1458
427639 21 1279
1118152 39 4493
15756322 16 8958
109266 43 2163
982608 52 2709
330102 45 1249
1895389 71 4333
4094222 36 3324
24174396 15 6878
8354607 92 9608
32413285 16 8131
6479788 42 5562
30068365 23 9422
15562245 77 6529
1361724 47 3295
1296993 8 1930
2765527 68 4978
6888 89 325
553834 4 2167
20112247 60 9985
14816616 100 9764
321578 74 2930
6009541 86 6156
7121333 90 3735
2201436 78 6105
2541503 56 4602
4021675 31 5041
32715658 38 8426
1 56 1671
1039 58 199
186418 15 7642
1182496 68 4928
35286 75 8793
34422 2 920
10712687 30 8832
11843362 13 6339
2186266 53 2541
126087 76 630
2092246 63 2309
3030231 51 6511
590150 99 4979
19363338 82 7236
177702 21 1979
218714 46 2888
7513662 76 6667
19122480 28 7469
1468900 83 1646
326538 14 1931
21548204 40 6529
18240864 69 8549
89222 69 1264
7812585 79 4887
792831 28 8069
1194800 52 3347
9015864 24 4409
2825757 81 9965
406656 41 1875
4880382 89 6764
7348701 27 4741
16994883 97 9016
26600 17 4144
6574560 74 6192
994076 51 3944
12191364 54 6368
2770506 20 5853
11887178 9 7949
2593590 51 2596
88719 40 2217
13245929 94 6043
6416 99 1026
2627039 27 9521
7281107 59 7242
72426 25 3587
148787 4 503
338133 57 9151
1295511 98 1992
10255847 82 5451
671431 60 9546
4397 23 6988
19090542 37 7421
6774747 78 5111
89426 47 9788
722600 60 1419
9536249 59 7903
21890 54 7697
1542564 56 2390
43853489 64 9279
212937 99 5266
361431 91 1260
2893211 7 2428
345629 21 9015
2475164 96 8321
5141129 95 7638
4220819 99 6511
9382653 81 4464
2636971 39 7558
11946 73 200
482918 91 1588
143825 71 877
289108 20 5553
29964082 8 7824
16141 66 650
18878 42 9570
11912791 76 6204
1924660 65 8804
11759968 48 9004
2615909 57 5983
218036 13 1015
12682081 8 8195
1352835 46 1990
344640 6 5439
143985 11 1714
1640326 72 1841
3702464 97 2725
104152 79 1594
128676 8 3788
881194 70 6996
1832066 78 5674
18475120 1 9523
620704 71 3318
11885812 80 9715
4168667 6 8903
33324153 86 9628
3016 30 9334
710063 53 7389
2315888 8 4828
2000512 62 9184
11756290 30 7216
1076406 81 2986
892320 53 1376
8894683 24 5384
12408996 12 5619
246567 76 1935
1 84 122
90664 14 3466
1043811 21 3263
8509478 54 7770
15474070 59 6787
33963 30 308
71736 40 473
4322671 26 4223
29453281 75 9414
5010238 37 3904
3321308 90 4286
164582 98 3041
2631386 35 2863
26606356 2 7363
8958865 84 7506
2983818 91 5945
15087082 72 9836
645107 28 1309
52170 87 4476
375348 54 6086
13523730 1 7732
3823518 92 4830
7619238 100 6823
2794205 67 3107
11087230 17 5823
9244681 58 8315
522565 11 2610
19388426 26 6167
291132 59 1246
3096997 52 6026
120405 27 1428
393067 96 7129
3766513 1 8294
1909063 26 5246
7362910 63 6275
809525 90 1901
32438422 58 8122
3612 21 80
13383863 27 9045
39549 33 5753
10353853 7 6482
3032559 28 3463
18978310 11 9193
9291138 56 6892
4706026 87 6854
150112 98 1787
214499 52 8780
11270521 7 5702
4283755 21 5581
28047 4 749
5767056 5 7528
168166 66 2323
7160690 8 8774
839198 99 4105
283535 9 3651
1376499 59 2826
1125809 67 1487
16973513 82 7082
18434046 76 6564
9925045 2 6482
1343942 79 2683
488566 9 1247
16412231 94 6288
14935802 27 8434
8385260 30 7704
4650991 75 7297
6776363 100 8665
58424 48 7295
5287408 92 5593
7328768 94 6727
8237951 96 5032
1132534 94 4515
162608 96 4798
2035974 7 2644
94234 10 2001
81628 47 1709
1 40 349
2064540 19 3679
9228327 50 8319
38389 92 1831
12089365 18 5845
338930 94 1469
20957 84 4751
17395579 55 7033
2146695 14 4993
6714282 1 5894
14311731 28 7478
25786521 3 7599
8112071 19 8391
1064637 45 4376
848461 53 2018
7464646 35 3886
8648467 62 9460
9865 51 5455
166351 6 1342
21704969 51 9052
13243548 92 9044
4722306 66 3177
989005 69 6044
2362060 16 2339
6313125 6 4815
4688808 78 4278
1257887 85 5012
161123 54 9799
9997276 62 8258
3173628 50 3449
225159 18 2607
31575620 76 9320
6332395 81 7501
817582 90 5779
3626364 49 8553
20711862 68 6756
5723518 99 8036
1934862 58 3107
9484851 41 9677
1470719 12 1638
85378 87 1066
4751 15 669
1142171 14 1793
32362858 81 9269
30991158 36 8024
36367877 32 8913
2626057 76 9084
1308211 48 7455
22776 65 280
4066265 37 3929
906307 88 2112
2042368 28 6837
5092165 50 7911
3494672 79 2719
1220994 6 3258
1271048 75 1675
20525871 64 8735
1724049 51 8923
6902879 7 7936
29457 65 287
5255398 24 8227
346676 15 3717
848057 57 4262
175596 11 4768
6914486 63 7376
2484008 44 6092
2255924 40 3780
4203834 65 8709
23398590 48 8417
21546 79 395
27554694 24 8431
5130051 66 6727
1767261 70 9490
2454 20 1012
2255635 13 8378
2487292 41 8328
457372 77 6675
13152931 83 6228
2072118 76 9996
724594 10 1365
10397701 12 5868
3144103 31 3096
4705605 91 8545
4406940 20 3124
7851 38 3107
28721466 63 8296
6088278 39 7493
84190 92 1006
389985 54 2316
64149 24 476
366381 73 1187
1 35 1498
21540482 18 8600
35892977 62 9849
6654575 58 5161
1131917 81 5395
100702 39 3704
2083 1 5244
12834170 7 7119
1670004 9 2334
3705362 89 4312
33520389 37 8193
19712231 59 7179
9510561 15 4965
69809 39 646
7179352 3 5868
1620677 4 3592
6414027 90 3539
845741 61 8226
21272988 52 9695
640 45 244
1409101 87 4492
2089490 21 2478
12712648 60 5031
7414262 72 3985
112940 82 1860
143908 43 1201
18429074 32 7252
55640 8 1481
454131 60 4674
1802 57 7860
17337034 7 7612
1887540 73 2020
24281179 84 8097
6689108 47 6944
3333726 18 5488
1687394 33 7425
407814 60 3486
864443 72 2795
24469423 18 9258
20494578 68 6479
12111194 29 7112
211565 59 1023
7168075 57 5746
2397609 95 6995
26721775 35 8154
264911 23 672
12569967 71 8852
9211901 46 4828
13756640 100 6395
1 62 3408
40581829 90 9458
100335 2 1539
5040179 23 5887
30746 70 327
18697711 42 9734
1319 75 545
50787 54 292
910556 21 4227
2277655 12 7783
10223975 8 4675
9675852 70 6278
1836243 95 4255
31386621 70 8440
402286 56 2779
3428153 26 7265
5870216 46 5271
13865868 51 5711
2702476 88 4849
376761 52 1483
1083704 61 2913
13518534 21 9840
32306 99 8893
96690 47 1283
297397 73 2487
338140 34 7682
15083068 49 8595
121129 63 7338
2415968 27 8685
266721 21 7688
113998 80 2062
4136 15 41
945580 81 2309
37561867 50 9697
1405052 72 5220
54094 59 4764
249934 53 4791
22267772 85 8243
3334593 41 3247
119834 3 3857
248280 58 8559
14226016 41 5262
67690 71 315
1857994 26 6022
533132 78 4929
14693323 63 6215
4556002 74 3725
571409 73 7569
1127084 98 5588
561955 25 1362
9775823 10 8996
28628 9 6433
6249037 3 5430
14003019 86 5896
3849292 9 6314
1596 69 1223
196252 17 2809
1360 40 2857
9970257 86 8462
24276437 14 9435
17452690 6 6200
39309002 67 9287
12719208 65 4975
6491739 94 7748
7654109 1 7941
159572 25 7625
799186 34 5362
2540544 43 6197
18610724 39 7628
652370 45 2079
2313855 1 8298
486713 93 4766
1385734 28 4046
9704669 7 6734
1443600 11 5262
25410 92 2317
7588531 95 5982
4289139 41 3586
1737475 90 9207
620235 47 1657
418935 20 3663
231663 46 2783
6269321 57 8432
576036 85 6891
510256 14 7143
2946734 75 3719
142557 79 877
16456970 58 7307
4997911 38 3590
422147 5 4301
18259294 85 6315
476991 10 7001
1631 43 1399
22929892 61 9415
13568261 86 5915
985672 1 5824
4221249 61 9176
3415274 68 5287
25291257 31 7332
10609274 45 5967
895799 20 8668
2648000 8 3688
698132 96 7307
359966 85 7647
24927 22 1748
223342 65 689
6040081 97 4927
75951 96 500
3801346 61 5731
3492 34 60
14506 60 1055
1071 88 114
959778 73 2854
14030047 99 9598
898996 77 5747
278611 78 7288
785496 19 3347
238633 93 1091
2970685 46 8603
4408181 82 7965
15663714 21 9237
9390298 22 4412
29852397 50 7841
505593 64 3764
1842693 48 5608
698000 20 3849
1989729 57 2431
19876 28 1289
16767739 88 9378
890787 97 1360
65565 8 6614
39165884 6 8887
2606531 1 5509
85962 60 982
20113596 79 6858
1432 25 2526
892880 84 9861
1 51 93
392744 26 9773
12673350 76 8587
1541520 67 1898
3148478 27 6233
68682 10 6569
1919296 72 3826
15062994 87 5941
2262357 67 2126
1 100 6437
347853 40 2523
42932 5 3016
995597 48 1438
2126517 63 4902
10635827 44 5795
1985765 69 7762
3415410 21 2650
2482844 35 5150
22547 36 3973
13225920 72 9247
1170333 42 2180
582475 11 1843
52406 85 4360
4695350 14 7332
3083 69 8253
3478089 75 9516
52150 54 812
14989790 15 8376
3637188 22 4942
2438586 88 8380
19788113 21 6719
1 77 3300
3232713 78 8948
3973562 65 4555
402736 97 2931
814681 42 2983
246015 87 1344
1 72 7758
216541 79 9833
1741 91 513
1835772 54 7475
8241990 63 6465
23943580 69 7060
212 38 80
5184372 50 4862
61804 16 7423
7367786 44 4764
5856970 61 4037
516823 7 4340
1776744 84 6519
2279677 1 4658
31658368 36 8974
11352803 18 7685
4646447 7 5437
4521914 31 9563
57972 74 1403
314778 89 753
82832 34 987
6045 86 610
62072 50 577
80368 67 1527
52352 60 2841
398123 25 1384
1413659 95 5024
1916711 44 3685
1770968 74 4864
32484 2 1081
16461399 21 6669
14033196 93 9142
246615 38 3565
17678285 30 9400
230917 30 3827
26696080 99 8372
287664 29 704
798792 53 2945
401737 43 9825
119616 55 531
26229249 42 9560
9508176 91 6688
10993985 88 7032
89162 61 8505
13430 52 301
8307575 97 9043
4973094 43 6410
715055 25 1873
26416 85 261
65509 39 5937
18915868 62 9665
1926243 28 5220
22156734 58 6819
12243299 71 5288
4084599 2 8125
1470527 21 2167
13148039 7 7229
9269786 10 5308
312256 55 694
11719904 15 5438
21057361 6 7988
368888 78 3181
988737 66 2961
745093 97 9663
1503019 66 6342
766023 18 5528
702779 41 8234
3954 1 1457
424744 46 9799
2529188 72 3170
14632742 21 7019
10467636 82 7300
20885959 87 8351
312675 81 1984
41208722 21 9946
4820 50 9516
162204 99 1791
553287 63 3609
164240 70 1304
2559365 90 7373
1126123 90 2363
3376848 45 3093
706886 36 1911
368137 70 1938
2855 67 2622
7994771 33 5346
2824113 71 4915
19638393 18 9496
10365889 24 6073
2021305 81 5057
13501761 64 9848
8986538 71 7447
58253 93 939
8848655 57 6372
35155269 76 8582
6027717 24 4856
5654305 10 4680
17010 50 646
2507606 12 7313
10558 37 493
5168 48 323
343350 78 814
895872 92 1606
302309 10 7828
6446239 69 7400
49918 35 2963
6831400 47 7936
39608570 75 9437
1642959 27 4754
7176694 20 8178
8126475 7 8389
382992 41 2325
10486322 20 6472
215101 18 8518
827809 75 1334
1024 32 46
3743605 5 6459
418943 31 8445
349283 42 4595
336465 60 1154
3250311 48 5464
52665 68 721
2315077 28 5489
17119 65 107
4849978 99 5065
373371 45 1658
5887524 47 4355
18826141 94 6249
67955 79 7699
5030619 7 6229
382191 52 2074
10830080 89 5711
4019951 14 8566
106379 18 3930
18606873 52 8205
159862 28 5929
13153758 89 6334
26584790 6 9882
1443692 55 4510
4474578 34 8409
1847070 55 8008
845933 79 3461
550486 74 1182
1510448 71 2796
2110752 97 5006
4882461 5 3393
220750 71 2292
24222868 22 8916
23253618 15 7637
6292469 6 8415
1 68 2123
697797 91 1519
23985 75 4023
12068 85 786
32719 29 1636
1698664 79 4421
15329297 36 5656
76827 26 665
2212354 48 4902
500382 90 6722
65527 20 6935
9305 25 487
7811 24 8721
1 93 142
110359 74 7995
1466658 29 2970
15605588 42 6880
1030263 5 5220
1011187 26 2505
2713226 6 8818
7080837 93 4390
1977530 89 2524
4577271 9 3129
1053791 90 2987
6222936 55 4314
3980304 37 3514
7274 59 3922
6017755 87 4711
283101 5 1100
591592 2 3757
370939 14 4756
74981 1 2980
3700847 10 4608
3104642 45 3368
9295 75 4818
33452 66 3483
19274175 20 6728
286 53 2939
6213639 70 4767
8520097 65 7989
6788362 35 5750
10580087 84 5440
13938341 7 7669
91935 51 1458
161 1 646
46891509 97 9592
62360 52 1531
607256 12 7892
14697966 75 6305
942097 86 2902
249286 64 1554
598862 21 1608
42390194 46 9242
13218854 6 7764
556750 82 9330
936042 100 1451
1 59 1661
4311706 26 4630
160284 12 571
2190791 62 8101
156410 64 7665
145090 79 702
446923 70 1941
239871 45 3607
1 40 818
16879810 28 5946
22456051 55 6836
3075845 27 3493
70086 84 3203
82674 53 8158
398859 17 2508
14073 8 255
112868 37 5530
240212 17 907
2189307 58 6348
24946280 93 9989
696156 17 1796
355837 41 6333
906177 96 1436
24168958 58 7409
1349930 87 3550
2262870 55 6424
1177599 96 2725
110218 51 4451
1646204 25 3964
1206340 51 4337
6468987 2 9741
35101 70 5107
4621660 93 8415
43201 41 1670
418 61 6097
3721748 80 4382
3519938 10 9335
22169124 75 6806
662111 28 2683
15861798 72 8684
1969613 47 5694
38517431 58 9328
33488 35 3706
28015069 1 9526
1055357 52 4264
29095 36 900
8748426 85 4631
23363091 65 8490
160122 92 1290
5649488 10 3750
1396554 100 4418
30875 1 894
663658 29 1393
37609246 13 8712
686149 90 2084
5814442 20 6697
27292591 77 7548
10931725 61 5175
1022699 35 4801
1710036 18 3919
25828 72 1900
224541 89 1400
1108416 12 1553
3355192 39 4904
6720715 18 3847
1317088 61 5318
11336 79 6265
5197517 96 6818
9199 2 957
3754487 30 2936
26553891 47 7868
3143539 94 9047
22450 79 4918
2308647 40 3347
91092 1 4208
1 66 3364
13886647 20 5551
170081 41 1646
701280 46 6534
2182467 50 6458
9818444 72 9895
3088550 12 6179
444232 66 1630
279668 91 8345
547958 97 9975
21258 34 133
13451427 58 9323
49553 41 1984
39174 67 665
1276134 32 6532
2067919 38 6910
2510631 62 2616
338622 23 855
35676390 6 8721
701 15 1787
339219 81 1688
341949 42 2074
44910 15 648
6085 52 204
187902 17 2900
18634976 85 7714
12741750 100 9461
1969772 74 5910
1567912 23 5800
13594006 5 5509
3138887 1 2531
206325 67 8017
1821028 66 6480
15457334 18 9892
11016742 22 5853
3805575 57 2771
3794 30 9887
1260821 99 5984
527979 34 1217
6276 9 360
6343250 48 5082
956407 67 8540
31516848 24 8349
4634550 22 3280
4697044 84 4336
3499626 79 6957
358206 86 3489
353 21 678
9279789 2 7368
11264124 64 5584
5381404 97 3489
41036004 54 9532
5077686 36 8388
1515857 17 3762
132013 24 657
4810779 32 4309
768340 40 2098
712382 22 2465
34437 15 192
8984 26 3103
1189537 32 9128
3953971 25 3257
4207741 52 4731
318560 18 9147
2165418 32 3325
12710 30 442
1 100 5540
11462 26 500
28774430 99 9262
30099 3 4883
23931 32 1970
344663 48 1616
15431546 69 8488
2619395 89 4755
2764248 24 2452
125342 74 841
12625399 49 7446
14374263 18 7014
423 48 1107
22404045 27 7740
2128280 41 7108
1 96 143
364410 85 1078
6830517 92 8207
19287793 33 6191
2054763 6 8007
44010 58 6092
22345154 87 6724
12759430 84 7238
611203 44 2965
6278897 90 6952
257568 33 6134
1766769 11 2286
7186982 96 3734
168347 51 750
11403272 93 6327
409002 94 1750
34370315 68 9371
6663 13 16
13911078 50 5187
3315403 31 6954
400 8 2028
3831541 56 8566
59125 1 846
2293554 99 7739
2217745 13 9896
31794 31 351
2781020 3 2718
12327491 27 6844
14863941 73 6956
1913269 16 2442
211094 15 6993
8692783 30 5973
303831 46 6748
238114 38 6274
5832452 83 3878
52156 6 3356
351115 70 1558
5696262 6 7563
11404875 45 6523
533409 18 1245
8192 14 84
21191 40 3217
11755899 87 7185
3001703 77 5073
3259718 47 7967
448989 48 2486
418474 52 5442
417673 57 7205
1621838 31 2818
2813934 81 7033
2472140 48 5006
143311 11 555
12028059 46 4924
16008 45 7372
552015 44 2560
1108330 29 7045
20095810 60 8164
2319501 73 7867
8182049 22 4694
731217 69 2054
14078 100 8518
19041279 7 9418
1554196 51 2415
8240905 21 5342
3808700 71 3884
174440 16 2334
8670845 55 4991
1895701 80 9666
2886 70 631
896779 54 2973
250888 66 5850
2737 37 628
169329 84 2110
785786 12 2907
195774 22 7406
2500877 53 2144
2317667 79 7980
402706 26 8056
689223 93 2811
247699 82 661
968516 26 3973
161651 55 599
1294306 66 9147
7518699 5 3865
59137 52 4287
1073370 17 6670
27871218 82 9980
8307 41 6398
598295 65 6653
2497917 27 5566
46095735 86 9868
259819 6 647
255567 10 1757
1442595 88 5277
9421041 27 5183
21277246 46 8716
7202357 82 7080
35861 96 633
3140971 93 7890
3523759 33 3517
11057455 77 5899
601581 22 1878
3245423 79 3790
4334 58 4960
2190925 30 3932
34695 32 4328
403021 22 6079
13926235 58 6552
1867671 68 3239
8487218 2 8476
7086741 91 3858
2622239 24 2512
8528406 88 8389
2316741 73 4311
7147447 23 7863
4687264 65 4971
209 51 4795
64100 93 2158
928662 96 5545
8824593 41 7924
1777 23 328
1928965 88 9215
9298277 6 7198
160125 6 1502
14703968 38 9599
22177265 74 8751
12255910 19 5397
4321 23 838
4708097 20 4853
8674699 60 8768
2609602 2 2726
1127593 42 2673
2258919 17 2923
2475901 31 3901
636198 3 2685
279686 65 1124
15528654 87 9730
1 31 419
4472493 56 6435
6505619 77 5589
711936 98 8442
175340 55 702
53642 95 809
26574928 74 9297
527411 13 3394
5838721 51 6307
180188 91 1428
59012 59 438
14319993 11 7154
1822591 83 2920
12558453 24 8758
4026119 20 6926
82277 4 1079
9039610 95 8843
18476028 1 8087
20714 67 561
3445585 34 8878
347555 98 1444
108955 29 4759
1775094 74 1892
357918 70 2531
319788 47 710
209356 58 1406
17144461 88 6903
1366 63 4324
418275 93 5922
4863025 48 3936
24901823 15 9044
1 92 359
61444 42 649
393178 19 9921
4529346 38 6875
528706 89 6742
15701407 28 8163
13503080 13 5254
7135 42 485
538790 71 3488
836675 7 1967
4335252 55 3682
6630066 49 6130
1575566 30 7172
10473 42 178
287294 20 3336
1210545 74 6534
6291 82 1298
7222796 70 5369
25361036 51 8626
112463 3 2433
8147375 71 7845
522427 60 5329
553278 41 1548
296 4 209
12155045 31 8203
20951384 91 8551
11220643 47 5176
1033705 93 4223
56036 57 332
33239 21 644
2185241 74 9968
3941174 63 6300
6476308 43 5730
8235953 28 3989
1954640 68 2913
29565711 43 7782
11801590 86 6124
4156640 37 5121
1489816 86 4730
6405967 15 7212
4542154 64 6643
982800 47 8312
40265 18 4250
9138081 95 6530
132014 54 604
240555 43 1252
10003600 66 5183
8305 28 2066
1515675 39 4500
17679 6 1734
41487 82 1083
626486 59 4250
2545552 64 6413
20 26 33
918995 39 4080
12379846 89 6475
2392005 20 5385
1253225 43 3975
39558 19 5450
2785339 63 9324
11614041 43 6386
880883 33 8433
6546399 72 5816
1838893 32 2712
6326963 77 5203
3448 21 2547
531806 39 1629
263680 27 5637
4852614 79 4772
1905311 50 8146
4400892 26 5773
158736 23 3264
19488546 89 8183
7203121 14 7352
3943 17 5237
1 93 1636
1994727 90 2130
9472499 12 6251
1 31 1957
1455936 47 2001
4329517 55 9728
1518176 64 5756
9685130 77 6328
1189468 92 3736
1557030 75 6969
631066 94 2873
745316 51 5778
2737182 65 2313
10073034 30 8539
3693622 46 3001
14177586 7 6536
931748 81 2823
31777 60 4653
13242923 63 7932
2088482 28 1990
6616812 94 5584
45481750 71 9468
6112658 20 7789
2085354 85 7343
17721 31 541
1207778 86 2229
1121387 37 4767
267450 48 5581
1099603 17 3113
1320456 27 9102
10496930 6 7220
4350 29 94
50043 66 7233
10814977 95 5551
6050094 23 5530
15720394 32 8545
20034526 28 8539
5965589 7 4010
149913 80 710
192030 61 5765
10961041 79 5311
9409576 25 6035
1578 53 8097
13259737 29 5430
6808484 14 5166
94376 83 7132
33111302 50 8714
217074 86 2357
9703796 95 6219
1530867 70 3732
14347697 31 8463
6159391 85 4326
23541586 64 7364
244369 83 2095
26154063 68 8009
275624 8 5560
13611338 81 6476
1361111 65 6910
14553302 16 9497
199271 57 1635
2887538 58 4296
1077366 91 3310
42170714 62 9703
2397527 71 2250
901061 36 3344
1305155 61 2885
1082812 40 2658
8747526 71 6238
3319 42 731
84063 6 1894
4895087 3 4610
2199583 56 3595
1243138 13 1535
5792368 45 4354
569312 50 5798
806408 93 3292
43726595 55 9393
1 86 759
10885413 25 8932
166836 41 5107
2306288 33 5027
2032507 80 8100
923368 84 2557
6651512 20 4464
923946 21 5281
2269466 91 5178
2558976 14 3553
11716432 5 8919
7117202 10 7523
17636309 53 7042
3521003 20 4295
28369311 19 9645
209004 76 1095
154039 60 8921
20101198 53 9861
28898869 74 8847
1856547 39 2497
8789 12 315
4588272 52 3638
3465980 69 2982
1064418 82 2001
31186524 5 7797
1928 3 2081
20282709 28 8966
7393206 10 7241
492926 29 1423
352283 44 1525
3444924 28 3736
402191 54 3036
284114 4 7330
1 94 5931
6482083 18 7103
12160330 93 5407
253928 80 1071
1703405 10 4006
1010987 22 6622
5227704 30 9261
8742775 44 6828
1 60 3834
798950 64 2212
12079 69 308
14665216 54 7380
2910822 17 3049
28019 5 2099
29040858 59 7782
2814900 94 7415
2908614 55 5087
54114 89 8379
13074068 77 5876
257134 47 745
16286218 92 9225
11736860 26 4982
146105 52 1251
4193631 69 6797
445908 49 2018
230177 39 1197
1405077 32 3299
41326 2 2993
2182593 100 8507
17426287 62 7562
4730990 91 3937
1 17 93
131846 44 682
223097 21 1349
610127 32 2461
222427 32 8056
3116647 46 3904
23189470 77 7903
5974506 92 4724
386553 70 1597
189325 31 6890
10685437 12 7593
1457718 47 6067
1330368 11 3165
291168 58 1359
7684315 64 8375
2529799 19 5999
1 53 1547
11310259 75 7785
525470 79 3572
5071281 60 3646
3284154 46 8532
724222 4 2403
3794615 31 7178
16091560 92 9947
1227801 66 5473
20471195 36 9865
6121453 28 5601
362537 55 1632
161 14 293
1069990 99 6296
1519109 40 3402
1611915 87 2469
15696168 93 5657
319452 96 3034
3324825 4 8719
527772 24 5380
23528162 6 8366
1943975 61 2948
117212 13 5502
3208307 47 2981
14038728 57 5527
588687 46 8800
1528799 71 5182
204179 51 978
5849438 47 5670
36159 57 4973
188073 59 2561
7298243 4 4714
20587713 28 6843
23329 52 205
3642704 68 2795
183588 67 5400
14355001 75 8746
110281 37 677
1123930 94 5545
457945 93 2681
16554227 6 5673
3525 24 236
11330937 76 8461
74349 100 614
2278922 39 5146
732301 92 3332
12339319 57 5510
2898637 24 5376
2268456 32 2465
15339 82 894
153741 78 978
420042 3 1993
24306911 40 7446
162 17 124
1272099 48 5214
436413 42 1987
58953 74 561
34563797 69 9197
146530 86 970
1846090 70 7928
2573882 78 9882
1100716 32 1424
6609 18 2731
7808 64 141
5242055 36 5352
5199435 74 8583
5538742 55 3261
28421702 84 8501
1905090 65 9306
233674 82 3190
4234229 24 9780
972977 80 7508
28985100 97 7615
589 26 77
1 50 163
18168560 96 6989
1 94 1498
21047 82 143
2170935 63 5598
221577 80 6239
4401388 71 3427
697078 58 2206
1809905 51 9203
32136912 9 7918
102145 74 2654
9777888 11 6832
14618321 85 9747
1484836 26 3394
14625264 51 8693
1980335 30 4208
11644537 43 6926
4127739 43 5623
25959749 76 8858
7502409 49 4014
8080660 46 9031
2580276 32 7539
316768 93 2284
27105 52 414
5794068 77 3421
465977 74 4017
3649491 69 5500
1815351 14 3806
52980 98 4243
74287 83 9948
880178 35 7850
12817838 84 5313
22412319 87 8128
30056 31 6123
3800406 62 4063
15301 20 113
5983161 54 6857
7149414 73 8303
63697 83 8710
610903 41 2393
24862675 32 8970
264397 85 6648
10381067 6 4782
16162387 94 8735
176349 44 747
7264586 83 7118
4929910 86 3166
2170626 8 8201
606301 92 2856
24266196 71 9888
15195345 31 5715
10481010 89 8389
1134821 81 2238
28849171 65 9454
316468 20 1655
1140906 52 7242
15322867 86 7505
111462 17 2468
11829563 34 7271
15647709 76 7204
89910 47 398
3602131 24 6034
7264965 72 7149
368397 82 823
176131 22 9603
325833 76 1215
154791 96 8725
44295 11 4071
18645 36 146
672151 72 3304
285201 95 5289
35292303 77 8692
9229694 67 9051
305817 57 1480
13787449 82 7589
12018074 39 7999
605876 8 2845
1831302 60 7201
793099 85 8536
1 36 6146
554584 63 969
1 58 2312
4480002 97 3988
2987540 14 8330
7238541 62 8807
10453072 59 9427
3416 7 55
254387 94 2295
1 42 4628
6872280 83 3779
832868 20 7490
8014 32 536
8227679 78 6397
11422095 8 5754
5260549 45 5413
3062537 85 4501
2916910 80 4100
79424 82 3687
3268881 87 5644
5591931 82 5837
1 65 2705
16083999 49 8783
33139666 27 8572
1115971 84 5459
7683594 4 9935
8465935 95 7340
728414 44 9059
12036317 17 5606
20339 84 4334
12212279 47 6705
34214049 26 9162
1141770 19 4245
1575579 47 2804
1348326 5 3077
91720 57 986
13526 42 1808
2412242 81 3163
23546616 7 8170
173535 86 5030
14652970 50 9226
4266407 67 4907
5482634 15 6833
3591601 24 7269
292062 60 1918
3817 96 130
2343437 98 5513
11030 12 897
17756509 18 5866
6203 74 1759
447608 70 6275
1011 65 574
10700686 83 4992
196867 89 1747
6093 22 2985
2802 18 86
14505545 95 7610
641960 42 1036
17621437 82 7922
596988 14 3225
1564487 28 1977
32913317 78 9158
62628 79 541
933307 32 6148
19575204 49 6731
1974845 31 5195
11798233 96 5101
17801920 75 8085
3173581 94 4068
31771929 49 9544
887322 78 1771
1163193 14 4238
39845 100 200
4089602 86 8030
3350796 50 7632
67415 56 3625
3314972 63 7854
2455471 1 8387
864240 15 1292
1226553 11 1723
6463 51 2683
1209162 1 2245
598332 35 3148
16031249 59 8441
64220 54 273
8593316 21 5503
1304019 89 6139
713926 97 7064
10379 95 178
6169352 71 5067
17945826 81 9642
3474770 21 2579
18816530 20 8011
5826 64 6580
1137642 56 1995
18072 2 423
25517 43 678
2582625 59 8917
7293 87 275
8339079 31 5582
13837663 76 5429
11006808 16 5120
25688660 99 7627
2389202 43 5626
1404430 85 9229
11701182 64 4845
13044000 32 6467
1337684 48 3454
16082247 68 5893
10741502 51 8639
70273 23 1789
29326170 43 7755
4177 75 155
8276882 89 5748
22688329 44 8379
2246886 20 8322
1689251 75 2935
3090165 1 3546
28480950 2 9450
28833204 26 9038
10641157 39 5118
93918 45 4722
3550490 50 3386
31895138 2 8437
8004890 65 8637
1 37 2460
1512618 90 6102
69698 82 8402
1298337 96 2874
22430699 42 8116
366814 31 6003
5556188 42 4355
88713 28 1670
15206416 23 9888
4826097 20 6803
133293 82 1539
6321154 10 5705
260224 54 4311
208064 33 838
214794 91 9280
2276375 17 9810
282990 82 1113
86245 27 9741
2695738 41 7272
37321 3 1454
18300105 85 9809
228937 38 1132
317585 89 8669
17299919 71 6088
376961 85 2014
21632842 80 8657
26455 69 707
1310 9 2043
1910257 32 7256
1496318 91 7194
382131 54 7251
88660 12 523
6448743 2 4674
2084061 71 2277
21845294 80 7004
4466950 6 4395
6430458 17 5325
9237218 27 4398
2101352 76 6164
546776 12 2282
8015 12 7359
1942820 93 3598
555329 6 1668
30938808 22 8412
247902 76 6047
4823378 97 4534
3452352 60 7459
19578222 17 9112
106042 24 415
28050 75 169
6622607 79 8085
111702 63 1022
4118747 63 9851
1750931 88 4312
5764273 5 4279
20013749 90 6608
21244547 65 8993
17324529 33 7512
69650 20 1172
679505 92 3102
4428237 45 4784
14384457 86 8656
581929 87 2303
9794205 62 6151
28352 37 2338
6324343 86 4952
1935001 64 8486
8305096 90 4905
24618489 86 7454
6372604 1 4754
29443267 82 8511
11213541 51 9683
110189 33 3275
602842 30 3309
441372 4 1354
3678224 74 5529
25963753 22 8648
1780628 4 2233
198247 46 1094
10093170 45 7744
3651368 24 3370
8120697 78 5326
8202382 94 6859
1952584 100 5899
809865 70 9254
3154304 31 3707
4816329 87 8702
62274 39 4571
296424 48 6019
26819400 53 7853
1 63 5292
9742746 32 6233
782391 78 3948
2315987 43 4477
94061 19 3773
230390 52 4364
7321645 83 9056
20373 52 325
3055172 16 2971
1628639 5 3386
7431442 93 5865
13989697 55 8420
11992550 16 7296
729322 44 8046
1932122 97 5432
20239627 62 6936
5154445 24 4997
8152949 51 8146
80949 74 8103
124951 49 6789
6999317 81 5463
76945 20 694
21920529 42 9648
1 82 9111
287321 38 3036
1 95 506
5931094 30 3614
2027364 2 3174
19023698 63 7546
11067577 46 7814
31695854 29 9080
10338937 100 5059
344703 22 1844
31925785 61 9413
849951 75 6801
4893711 53 6352
141303 10 5818
15164459 43 8193
444779 14 5890
2095414 74 4614
6265423 31 5525
17511933 72 9069
6793 11 8828
2842158 53 2540
357552 90 5747
20359065 79 8203
1477178 91 1901
285406 86 5572
3261690 99 5308
84915 17 601
17916344 76 6456
92100 47 1921
26397116 54 7178
186969 87 4220
267052 46 2454
136721 50 454
3521704 88 7521
1003275 22 7548
34826 99 2665
33220452 28 9859
1 75 1907
2377341 65 2900
383174 65 7274
5564225 77 3488
30687434 84 8414
28164120 15 8489
8543567 91 9508
3976007 25 8390
43553 90 425
1607819 69 9323
3455962 84 3741
22166 72 421
744158 67 1876
826565 86 6402
14219327 61 6514
24342053 75 7487
1330 84 439
5642 19 1262
17296123 75 7094
14483449 35 7549
262168 18 722
4763 15 310
11918698 74 8645
1958730 70 5384
8538076 60 8060
3490614 1 6004
1130393 91 2605
1466700 15 1878
615024 92 5357
16462676 67 5822
186507 37 5184
13195329 88 5446
22678607 94 9048
26341902 90 9279
7850859 80 6524
7209255 11 4335
160278 76 653
388334 55 7029
30251 90 4125
6633706 71 6581
1170538 49 2752
1492611 79 7179
895538 5 2326
44536 1 1740
24550 45 924
3797 46 140
275084 90 851
32010313 4 8315
19147798 11 9233
19065 9 995
8247671 28 8224
14106036 65 5499
4663382 46 7319
1223232 23 2736
1693268 96 9007
451328 18 6641
145480 36 628
2131324 66 6873
251426 98 642
6697668 51 7820
1674699 51 5994
248695 57 2865
68385 68 4198
1359673 44 4385
464255 13 5117
9794846 12 6637
144047 55 8360
11255216 12 8641
279827 76 1048
10229046 79 5696
22708263 79 6648
7235212 21 9043
4866 87 9594
40652110 100 9412
3515401 30 2776
1043739 89 2321
20135 10 170
11639773 1 5267
8381518 29 4390
1163736 68 2233
3657174 73 4561
136466 1 673
562721 39 6108
18009192 26 8995
3803289 86 3280
3253676 73 6986
8042265 37 4357
8002734 88 4178
16124911 38 7895
5281 54 247
2707266 63 3398
1072413 4 4927
1829439 40 7733
774806 33 1376
3361685 22 5904
445 18 5458
2585078 88 3633
15709050 47 6255
903766 47 2911
6026649 23 9052
3040194 59 9277
4625666 50 7787
33175560 8 8104
1 61 975
6859879 60 6167
2085366 57 6306
1972263 66 8180
51169 95 7681
444764 38 1041
3502471 5 7585
20108495 91 7747
114431 83 2286
596225 71 2092
7006744 81 6467
69554 9 487
4583780 75 3426
2975460 3 6091
3848 64 986
144921 69 1673
170736 26 9104
2251108 17 5949
64665 11 494
7735517 9 5438
11105602 98 8088
1 64 4266
12795880 87 5955
757206 9 4291
1210378 6 4679
6770810 82 6296
380007 77 7068
275330 30 1095
472647 77 2878
231463 53 1753
23475780 64 7413
3879116 77 8813
871375 93 2259
2158884 70 8375
2324065 79 2555
31680 11 443
2261884 9 4455
86942 11 665
189721 47 775
50252 22 7220
6409068 54 4315
404333 86 1814
97442 35 996
3218262 13 3227
19147275 25 9902
1516703 24 3457
1 72 186
1069303 47 1584
9776352 34 5111
1845338 29 3764
748840 39 1133
2258420 81 9972
14352139 68 5483
10647681 78 5264
476406 25 2338
7618743 90 4540
1393292 46 4644
25366288 20 8599
14010618 24 7633
1574893 56 5180
10680476 44 9842
24984193 21 7330
33746236 86 8390
5475797 50 4564
26316865 39 8461
1672948 16 1759
20205879 31 8354
233223 79 2018
14010 48 9135
20365738 6 9088
7775990 48 7945
1381377 31 2404
9097361 51 5002
1219 11 3930
25853581 25 9087
3335961 65 3115
4775763 92 4110
6696306 98 5247
16557000 8 5682
4822288 81 6195
4175102 22 4443
10993557 49 5827
1826148 99 5326
3853296 21 4240
2045818 58 4063
10177739 79 8811
2536352 47 5287
432036 69 7189
34204654 25 9518
15006 78 3170
73129 35 3476
7391463 5 6659
212472 4 8223
5986423 70 6352
1836147 92 7349
841059 66 7317
22575917 54 6808
7885 32 1997
10856185 26 8424
6565230 7 7281
6654191 40 5208
69228 3 492
23727454 61 9533
16411370 100 6776
18736 42 1231
16831198 56 7489
16600726 6 8381
17846684 24 6706
252631 95 4117
5334449 7 5297
18333287 21 6682
5420710 12 7984
223142 39 7274
4821076 84 6602
4520364 79 6336
310925 32 1744
87667 8 2449
21006854 40 7757
16415255 56 5808
60345 71 554
1189759 62 7883
8667 12 1763
3786289 40 7754
6643005 45 9810
3433167 63 3930
39086 56 1902
112282 71 2751
1016914 50 9464
136249 54 735
3510144 79 3899
5392 36 64
740778 49 5847
20506226 70 9515
2385272 91 4276
2749920 82 9374
466915 98 1017
26274 64 1857
1921 85 1221
5441419 2 7616
696666 6 5066
2893450 79 4073
97495 62 4260
6816942 16 6813
11807643 8 7214
1474 41 2091
9367 99 4426
1439763 39 2062
211312 34 2551
1094889 9 7914
1223 44 6048
6912 83 156
4013102 30 5918
2378654 10 3354
23621955 8 7494
2009757 8 9164
6080796 100 3836
5662580 70 5222
30415886 42 8049
20034718 85 7986
2458 76 2625
7455858 23 4118
1734495 1 2666
152312 19 2908
16940907 39 7961
900854 77 3172
54494 93 5606
47374 34 295
1960578 56 3489
5870493 93 9348
25375917 39 9371
1079451 97 3311
1282147 21 5119
229828 17 6419
3094577 46 5410
17856551 37 5907
1512999 6 2074
1207339 92 8987
29680 59 4131
48690185 47 9958
40508 66 347
2252551 33 2503
15055856 93 6946
2450362 40 3596
39957555 52 9441
10367268 35 6522
4236305 40 7814
727724 72 4636
44175 3 3289
276208 73 7482
4471033 7 3397
62414 48 3098
154211 45 2531
26328606 30 9426
42578455 66 9639
19694068 80 7739
256712 29 7495
11842497 25 5215
927297 65 6663
353542 1 949
3503965 12 5001
2044826 50 5251
3039910 14 8142
457103 10 4231
13616109 33 7832
334745 12 7791
18070653 82 6522
64373 98 1818
214231 34 682
64196 80 1673
274939 22 1338
45038 20 851
11752694 70 6013
1222720 65 4134
854712 80 5869
9542050 83 7667
527312 33 1045
2074946 33 9926
3191344 32 4307
4008797 80 9942
22859304 11 9005
2349994 99 3472
853779 80 3003
7848333 43 5562
293224 50 884
99293 52 3813
13451696 49 9954
1311956 83 9285
4431739 73 3779
2423955 52 2128
51316 21 4542
30463493 11 9473
1345744 46 1871
16197912 83 9402
8500683 41 8208
19888559 96 6815
36532292 70 9915
4407675 2 9242
2597 54 1096
8277734 50 5608
31587 30 6852
5607500 49 7073
6254504 92 6269
5828283 28 8027
3794345 96 9783
7734719 66 8517
542778 89 1471
992353 73 2338
8187894 5 7799
1213074 88 9820
13332993 50 6350
1278993 10 2736
3199933 18 5676
186243 49 1640
38135 61 1429
5837600 35 9196
1381609 64 4145
690 7 3479
5033566 1 6018
694044 90 3686
6036652 28 7476
18214516 92 9426
55626 72 7665
22039504 50 7194
72479 40 6882
7779565 21 5686
727568 53 1587
15798341 28 6728
7043598 65 3709
5909738 16 6189
2426 24 967
13412302 78 7677
63521 90 5785
34014983 49 8344
577081 79 3028
26832 92 177
4351475 20 5681
7925394 54 6465
18489889 40 7812
37010 73 6853
15558366 46 8032
589332 77 5872
8793886 9 4857
2140 59 2070
561268 76 8085
32908 30 362
11018566 57 7993
5202644 25 9185
283734 43 4215
14425145 37 7664
1667030 58 2748
207225 77 1767
1062604 43 4151
8824474 78 5431
2617973 1 5002
1660504 78 9262
1 74 1408
16874832 53 7323
146811 42 451
22009 70 198
1812659 21 6696
1003861 11 5079
1675279 70 5367
14980936 70 7136
31222 83 334
2639468 67 7266
7394822 6 6172
102991 27 575
1150217 79 4845
26512279 18 7439
565217 41 1969
9317698 87 5023
575868 16 5011
1600814 69 1814
5705391 87 4779
849900 89 2819
20425733 71 7247
139102 12 8059
22391868 23 9851
5361968 2 3443
28189980 26 9816
17178210 12 8917
30573 60 2207
864504 1 3986
12537404 91 5584
1364473 79 2956
2611061 70 3040
34587840 65 8307
947862 12 1458
21702 54 809
763708 92 3883
2467 20 838
1173126 87 7212
15111750 49 6585
10352965 68 6214
117465 97 1526
1917843 40 3393
416063 31 2720
1 66 5843
9692913 82 7694
3854127 47 8753
110533 35 1020
14119430 48 9367
742605 30 6441
773669 43 3798
1 79 220
103588 74 662
538631 28 3417
465 18 354
1281973 35 3909
425432 76 7939
3671474 90 2807
4688894 64 9723
2146008 57 4101
734485 24 3599
10319336 26 9263
6303610 4 5602
14123274 10 9816
55311 37 1723
20737 64 765
19014434 83 7522
472210 50 3577
50192 54 1418
28302270 18 7805
3727977 55 3207
396253 1 1971
2020738 90 4644
3409873 34 4433
1104304 67 2729
304660 43 2669
79036 3 6628
733213 39 6356
16886488 29 7167
18036 42 5613
19948606 10 6461
27442430 75 7474
719958 82 2501
426236 73 1492
1053479 93 6924
3859389 5 2766
44462 27 383
4692267 6 5830
864039 82 9345
1768046 64 5308
2312387 100 2647
570288 71 8209
17618056 36 9895
6452233 30 4709
2022507 24 3386
277638 65 898
30035 19 327
10867634 33 8661
4539540 32 5324
2602174 71 3785
767823 61 5305
1012162 7 2063
429893 99 1024
495668 26 2023
1373278 24 4063
11015856 39 5991
1588843 5 1925
5255521 37 3295
1663238 89 5097
26563901 91 7851
2030590 80 6816
6498639 95 8073
47264 16 508
3832002 45 4504
302670 5 5464
1 74 3843
32007484 15 8524
417447 83 1706
1627264 55 6201
9214319 15 4434
718089 74 2037
8747565 68 9153
17020926 18 6813
10565848 68 5318
1551220 38 2096
20640 61 692
10222561 27 9719
2840743 37 6358
500903 80 5823
817973 9 3662
63873 31 5341
262669 29 1975
9007617 71 4430
720841 83 7906
221668 16 2078
2952414 46 4579
3373309 7 3655
20664261 30 8338
5381501 65 3326
873376 77 3604
19852 64 4926
5682050 57 6768
514098 51 5361
108719 68 4544
9841093 90 8364
266283 65 6995
2951700 96 6941
5464542 58 5803
4359148 52 5756
28655 87 2115
44406 31 1089
3116507 53 4323
274717 41 956
3399339 18 3060
7338586 7 9301
155233 58 3195
2777667 22 9928
252280 69 2943
331084 32 1068
5741005 41 4341
1963513 36 2829
1028630 69 1589
76734 57 2974
232623 88 1080
172518 21 542
303815 46 1012
1420218 26 2714
6676 23 1093
829319 33 3570
5925835 4 7319
1244734 72 3591
6658933 12 6221
6237189 95 5987
582851 94 1829
2611037 82 4481
742937 71 1605
1617766 70 4314
28160319 84 9391
789680 38 5833
14710167 73 9627
30447612 52 7769
28389 32 510
1109040 92 1609
1754664 97 2747
8808160 39 5799
3526 82 7094
4004152 42 6531
14405705 86 5924
25868335 61 7568
191159 69 1622
1440 63 4407
10731326 59 4841
108912 49 8180
1252723 40 3328
3265229 7 6680
4624832 43 4259
213096 50 8216
55102 57 3228
1081166 20 2206
5829799 61 6949
106203 7 419
1389200 59 2131
540730 75 4994
7429 19 1652
1307565 57 3592
27421571 2 7386
28904 9 476
2957610 51 2399
15197831 25 5487
29290444 62 8647
33580336 57 9890
108820 68 372
9629644 44 5965
4498639 11 7616
16840134 37 9146
8510617 51 6796
30966464 53 8927
305487 78 719
4776289 25 3461
2909393 57 2321
26887996 92 8060
4293349 3 9392
1 68 2110
8310039 57 4644
20430 76 4448
15919369 20 8792
1 49 200
16017093 53 9884
879 34 108
38920944 45 9520
15216915 14 6593
5809749 25 4360
25746704 57 7804
6304856 27 8580
8708582 99 4582
300561 54 6041
238150 67 3510
10930139 50 5736
18369299 77 7288
1714265 92 3891
7679 21 1736
1793996 15 2270
8618786 94 4141
3677775 58 8968
31242 70 200
1 80 669
10493335 39 9601
5411685 89 7561
1415137 99 9460
2593 13 65
2995924 82 5657
1512506 69 3633
12570772 30 5616
893804 68 8864
31440688 95 8678
471130 4 2571
272261 63 3753
1026255 46 4515
37088 87 9112
20434 28 2271
24098 95 889
3587396 98 6540
204507 58 7846
5886109 19 3890
20116991 22 6323
2829879 26 2970
4201999 11 3425
17591158 53 6982
26436917 78 8116
957671 57 8322
2866036 95 8501
1306686 31 3778
82200 79 1454
2279185 40 5540
34809 44 2582
13934 23 210
6966938 87 7418
13073474 26 8023
249050 24 6421
218070 74 3311
1127634 21 1776
232723 61 777
14456887 29 9345
22759 94 1418
2616305 22 6687
1791317 43 2472
7330 47 6953
6287 5 47
8958528 3 6140
7174432 43 4729
436877 30 8595
603185 10 1379
1236003 77 2350
9636366 95 4786
10778470 52 6682
11022318 82 7891
17296674 30 8241
1907421 62 7257
5201613 12 3481
17401997 29 5991
1104233 22 8487
7102179 46 9449
2980928 87 2983
1153049 14 2234
35567566 46 9507
457989 4 2306
10539826 8 4955
2386967 66 2791
1413 23 1926
3785424 4 8056
17571851 74 7289
930303 97 5419
20734 78 1121
1975412 20 5161
10221562 49 7291
1 98 1663
15047609 96 6479
1424314 14 6492
1606125 6 8501
3484504 10 2599
392594 13 2802
94277 73 348
11280380 15 5818
18183434 78 8841
2617683 67 3200
2256119 8 4515
12880488 76 6278
753331 4 5280
3120215 38 5116
96864 41 1662
23149 46 505
10406827 17 8200
3880840 75 8441
3805310 54 5444
4181625 92 2798
2716630 83 7816
1404257 97 4513
17855407 75 7985
244020 17 4102
24804 94 1724
20096449 53 6565
1 71 2080
205182 24 2370
19045143 28 9273
7231 26 4228
848264 33 5403
670102 99 1837
3707324 99 3733
42238640 60 9621
11409141 82 5752
3822141 2 3225
667517 16 5461
34984909 92 9826
912218 85 6899
31136 10 6990
611811 98 1605
1011030 4 3594
7490185 51 8718
220882 82 2365
6165785 19 8015
31732314 85 9178
2111792 23 7920
13037 54 1226
26548145 100 7608
1881417 91 2077
178158 67 3711
7951088 82 7477
288915 63 3753
11524056 44 5087
39353062 92 9935
212536 90 9887
370496 27 779
3516980 8 9812
331410 35 4456
11849500 26 9027
25938 80 585
2103154 64 6298
2696406 40 7186
11197238 69 5588
46701 96 1130
474370 72 3430
48248 45 7831
8438600 53 9938
135321 9 5936
728972 33 2841
1 36 7745
13995363 4 5467
3145525 84 3443
244412 6 2507
1358857 83 4822
171469 54 1633
20499027 30 7950
3190730 40 3685
40136 31 2221
28333 27 837
7932664 10 8318
1022537 27 1413
657287 48 5883
691941 36 1567
986952 99 7413
31845 79 1667
3425238 94 7901
942776 90 6968
71869 78 2845
2467231 24 5137
1560363 61 5228
228096 66 2012
776710 56 1293
1904626 28 8486
31177 70 415
2066690 98 3323
4708957 72 7777
9776639 58 6172
1159 6 149
16049949 88 7656
808426 58 1603
101880 97 1025
665421 40 5702
1159710 3 5374
602319 64 2134
1694522 68 4301
25365703 64 9684
217647 35 2529
242604 92 7855
852770 1 2399
6755812 52 4046
4987 61 149
1297314 30 1999
9659247 98 6379
23803666 78 9685
518551 73 3005
261079 46 1698
12972262 88 7116
6020448 37 4976
259001 8 6481
4832678 49 4026
9887073 60 5345
5540349 35 7241
296051 13 1122
6148755 56 9970
10519 83 97
621535 1 1753
3490279 59 9500
260278 20 2711
85367 78 736
27225938 79 8045
328722 72 1888
210525 14 1691
4788 84 4381
27205539 21 9437
49656 70 948
91050 96 6520
2719071 42 8256
34689797 56 9228
513491 48 5517
17924315 46 6112
800261 46 1524
7595614 46 9242
40943 23 254
12641908 44 6793
3443630 97 5415
20612209 48 7634
681837 85 1141
665965 60 5156
1010548 83 2665
5212915 18 4457
857488 34 1456
291621 87 6543
174610 38 7042
1414863 96 3690
18538048 33 6621
20280481 86 6483
36713552 75 8764
95023 50 7887
25091 76 711
743368 92 1218
13928329 31 6784
473412 67 4180
25963040 48 9057
912524 36 5134
16999287 10 6933
13897574 84 6897
4869036 5 3084
11400 76 2948
202955 12 8918
1905140 14 2853
2248364 12 3504
5457652 27 5197
188274 8 684
11796408 22 5387
818875 43 4840
1 8 1420
96233 74 541
3560965 3 7654
726882 44 5348
1961305 28 3496
37016265 1 9665
23168021 11 9094
1876273 56 2843
175542 55 6278
17156947 91 7046
11467340 37 5873
4538380 85 4563
298915 95 2437
29824 23 1305
814022 34 7259
4717026 40 6914
7509767 56 5158
4233524 85 8724
44469 50 2587
205943 83 5068
12951906 89 7989
1199381 99 3775
1327848 18 4077
284275 17 2240
117901 11 1960
379162 34 881
5027908 32 7373
604783 55 5062
20055931 9 9973
22370083 25 6956
14854413 73 9629
1832069 39 2151
16343 45 4558
20012144 77 7926
8176692 58 9863
321685 39 9083
5024441 89 6088
5178573 36 6869
1867360 90 2251
92729 80 2796
20100 46 9921
303101 42 9575
5993964 77 6214
2729 16 1983
19673 37 799
4876294 34 3158
36395843 95 8961
8297765 100 4359
1199878 82 2342
3707368 56 8610
950961 48 4927
5191321 42 3797
14013237 58 9276
15864003 91 7390
3998820 87 3597
1276312 65 9521
12409523 93 6543
1209076 17 5218
12722755 65 5115
197781 4 1302
1 87 4611
1165340 9 9048
9526443 25 8298
887408 25 1493
301675 12 5378
9836710 62 5621
6928726 16 8677
7237933 53 5573
7993307 13 5706
5128754 67 6323
294363 80 1933
711 53 2748
21511 76 452
825668 44 8357
2221214 88 5104
6669284 45 4746
79687 97 4698
277740 11 5363
6889592 31 4128
1740056 38 3686
8991803 74 9133
75097 3 779
99703 59 1461
20313575 73 6785
280926 22 1164
3864634 11 5189
10795016 51 6680
20284079 75 8498
23759097 80 9890
1 65 181
2792578 2 3835
3595929 55 7735
654012 100 1831
15071457 75 9991
8180 21 656
432550 42 1382
5832588 49 3572
30448 54 6378
336552 36 6165
5415367 50 9088
5114272 20 3826
98732 42 8955
2102890 43 2459
377660 25 2618
3634507 23 5248
1950669 84 2017
418690 23 7500
4134519 4 9167
6355820 31 5636
10415 72 1066
54292 38 8629
5898405 29 6813
2266656 59 5626
110537 13 5074
5823236 37 8517
7512 55 1007
72303 1 440
34553 70 420
17748039 85 6311
13269072 12 7778
252528 100 5296
81127 96 3020
1485383 16 8256
23946 96 508
5269833 70 7800
2709257 59 5361
957596 67 1856
1936424 8 5008
8484190 100 6568
7325006 70 4198
2198801 62 2942
3333701 51 2542
20791798 34 7515
16536054 69 6072
116493 26 2963
30171 90 2258
31022735 86 8607
4245394 6 3651
16474791 43 5657
13917397 88 5523
8400108 2 5193
2173982 94 4681
19906881 2 7437
8548052 9 7233
1214531 99 8350
3704 96 181
33772 14 268
802284 41 8611
11350222 51 6737
914948 62 2624
13479574 47 9624
9721748 93 8136
1269658 20 2860
219439 90 6024
2822 79 668
18616439 7 6139
4240452 40 8387
1618970 7 4085
1128 83 285
17367 75 387
11895274 67 6970
21182132 6 7688
170045 66 8386
28838 60 319
1037451 74 3279
976880 33 5631
1113026 23 6695
8452680 80 4714
15626589 17 6790
326925 90 6222
319370 86 7777
4978584 31 8692
3630989 31 3160
1173005 31 7922
28042461 10 8393
831 18 5446
691082 20 8605
306328 47 5286
9510325 82 7286
14630659 85 6744
1443161 93 7076
752450 92 1540
790603 11 2290
1611058 21 2670
3870680 21 2798
2051648 44 5469
540132 47 3258
16060 5 357
36985 46 4569
2593048 31 6792
23472 19 1031
1971232 100 7572
4872768 2 4725
8031291 73 4956
40582672 3 9542
5323 42 347
21609900 23 7221
38141 35 5743
9466821 93 4703
1850316 80 4621
3097974 61 7248
806241 17 4108
28330719 28 7761
62969 86 1672
29344202 60 8411
4279710 30 8157
1 72 5489
104729 92 4509
4326648 13 4550
215214 42 3171
3253415 94 3605
5278095 84 4603
6420194 65 6137
6815106 53 8323
496852 55 4327
120792 94 5402
1220492 60 5743
13061253 71 8444
138376 67 1464
243138 65 1319
6299401 32 9530
37245750 85 9911
15375 93 963
2209 49 5548
50754 51 953
3797853 42 3960
180499 5 1940
704311 3 3737
35404314 23 8529
8030 93 2227
864713 80 1308
9692345 68 5443
8080649 60 7060
1221834 39 2551
25105 69 644
8885012 35 5697
83079 88 567
49364 14 325
8842 84 252
1880832 9 5861
1587168 39 4495
22360163 98 7829
22452419 28 6726
17797922 80 6029
2883153 20 7159
3345381 99 8843
528263 67 2199
57110 6 3022
11199622 63 9109
1870025 27 6527
1295660 59 5963
6113220 46 7570
20132152 93 6768
142170 85 636
1 47 914
268312 7 7379
235071 84 2765
1119117 25 7857
52705 93 455
380060 48 2857
12180055 70 9911
2717288 99 3118
33378921 91 9985
9124379 57 4501
7164266 54 6915
830328 11 2039
8292664 87 8302
4047518 97 3328
2048761 43 3283
2748561 91 4005
4690115 6 5865
18722 55 467
11419057 64 9029
1768563 52 4865
192759 59 968
1 84 334
11177714 54 7438
473558 73 1477
2346440 92 4459
1 56 3224
2286829 91 4556
577838 39 2666
36724 71 1652
38328178 43 9247
1703 53 314
5996876 83 6329
46150 8 1102
420910 76 5046
2572010 59 5137
2972952 16 2460
6906 46 1008
114330 43 8037
985950 74 3141
9871936 26 7437
13246 33 3109
1715668 59 2753
4103379 77 3030
2964671 17 8283
11974546 6 5134
19905983 62 7046
18249366 23 7953
8389333 70 7191
7818567 61 5874
198055 2 4139
11967846 9 5838
5301056 97 7771
30205859 33 8295
1891154 86 3028
4895 54 83
15754 21 1531
36635339 43 8680
18334856 11 6453
4598298 61 2988
4292626 67 8768
6736948 68 4286
5292764 99 6270
68957 18 3378
1921142 70 6539
60536 66 2623
5674070 40 8940
4648275 83 7335
18478255 66 6174
8658963 76 5494
573788 48 1450
5868907 99 5145
7125913 68 8627
27084899 93 7578
8208358 75 4952
5358542 67 3522
15968841 10 6053
4959555 76 7834
3773526 77 6022
22926497 30 7526
9794756 45 8120
19272481 45 7144
15848965 23 9887
13651084 12 8714
40932510 80 9791
110675 23 5507
25254358 99 7924
1863 46 177
2811758 27 3792
5898316 44 5426
3870858 57 4706
9371 22 1498
483 39 1440
2783461 93 4897
7479 26 1677
11993945 96 7585
12275577 47 7713
5466924 38 9262
7381426 60 8535
222712 9 1353
7668546 6 6721
667365 47 7208
3978190 39 4948
138195 6 1150
19329303 32 7801
3912 69 1792
196581 22 2152
19167062 91 6607
3193533 6 4385
966078 14 6950
12060838 65 6513
17297415 89 7451
847862 89 7671
2753768 61 3868
9984010 94 4919
768760 73 3676
3308862 68 7577
2391546 29 4565
16151649 62 7283
291498 26 1456
2821204 13 4655
399774 4 1039
269323 59 3623
3255351 11 3337
24271173 59 9726
1328998 22 9784
14351612 93 6182
4804043 61 4299
7720227 6 6292
5941755 53 3824
28940246 90 8584
36580706 53 8532
203875 3 8304
7782 18 335
2004924 46 8436
10699793 74 6832
7203826 37 5808
3276900 20 3264
33728 12 1799
2319871 65 6530
25985447 17 9369
3674 8 3479
1277026 31 7194
25982 93 1715
4238324 28 4329
12104704 98 7078
216489 51 2277
659606 96 1958
6031723 15 5357
315357 72 3888
1595618 22 2073
1297479 33 2757
19367902 63 9992
4868101 36 4917
514 16 2299
2669618 49 4942
534603 44 3768
40738768 19 9643
159485 37 1129
6931963 21 8202
268784 56 1181
687155 15 3023
9867243 68 6820
10552294 17 5659
12815427 62 5191
393336 16 1773
7211344 64 8255
1525387 92 2764
9736828 92 7851
1252326 97 7619
2003508 75 3060
2642811 26 5080
1189171 10 8337
1524656 74 1703
13356967 75 5156
2432746 52 2280
27761897 35 8594
5499383 52 7723
14754141 61 6777
24821 55 9538
77638 14 383
8028758 34 8627
8830757 12 5058
13235324 38 5084
22796 37 3124
16434560 19 5804
3426582 39 5167
902832 38 9706
6705380 69 7479
4675447 52 3261
4214135 19 7373
47722 9 1142
12571653 87 7188
139121 21 4332
34487 14 9733
330038 79 1682
7320123 56 8523
1 34 1310
2664901 39 2791
23469299 47 7099
28274505 68 8859
8424802 92 8706
795003 67 2254
338916 73 4955
8554152 47 6248
102688 5 1198
17509127 85 6065
299858 51 4167
1244906 55 9712
1966979 93 3887
3535292 82 7637
16398942 42 5725
13057091 76 7736
588428 13 3942
182253 22 4818
1659364 18 9197
3479967 44 5637
27042926 61 9235
250677 87 9248
8052545 1 6804
30623741 38 8792
263353 77 1323
696864 82 1294
30417435 41 8306
6468 36 2119
3987 41 185
1406558 76 3963
1887017 2 6097
9022 25 186
7004040 4 3940
2056527 75 3607
3333142 67 2753
2950569 83 2488
516103 81 3064
39031638 72 9393
735498 87 7670
267927 3 5828
672393 16 1197
6756533 9 4062
24031 56 9040
259568 32 8809
12531533 23 7435
6799144 64 7061
30332041 23 9848
24898517 14 7776
779965 24 1189
2752351 74 3122
1 34 311
8640771 13 9204
8394992 22 9157
42114335 57 9304
6039210 55 3861
3915214 87 8901
7194594 100 3940
11236204 52 7177
37903 5 7571
35093395 68 8684
3006436 1 6006
1408460 95 2229
12606899 33 5108
91411 42 7134
3584 87 4439
1458538 69 5526
6942052 53 7533
35736 26 390
7447730 8 5170
650521 43 1379
10374021 66 5234
1839299 18 2482
14817348 54 9483
13273178 38 7986
86144 78 339
1555666 78 4118
21124 33 2072
1646845 67 2553
199967 65 7265
2889030 53 9565
155608 39 1244
28687 94 3871
23564809 74 8360
3282181 42 6746
57213 14 1046
46 7 2965
1436623 28 3956
3855474 16 5789
1697778 67 3749
627363 67 1023
119873 45 880
610829 99 2893
745655 68 1161
863501 57 9599
28780954 89 9299
12587052 7 5549
15555913 61 8712
1704416 59 6452
37117610 72 8809
4793918 78 4657
1061145 51 6730
98590 65 9293
18248336 2 7913
11778308 39 7179
1179670 55 3454
573109 22 989
14915 42 165
4150690 45 8340
190976 28 4593
2944349 71 3208
31003 70 1733
980856 33 4527
5544613 53 3969
7363326 4 8216
440794 65 880
26077801 71 7277
43664334 42 9315
4631631 3 9564
6691869 7 3703
1023778 83 4924
653738 14 8607
2474516 52 2381
466868 66 4127
1386756 67 2624
15761 22 2932
879803 8 7494
1333829 100 3137
896273 85 1815
4722817 14 4540
50742 76 427
21106803 37 7824
427143 100 2999
3233654 41 8111
2333245 78 5125
264731 49 1583
11174075 70 9859
508951 50 2651
17032 86 6029
2713184 17 3720
1468527 75 3127
1003730 94 4013
1500268 77 5630
11153706 92 6750
15961158 1 7466
4982138 45 7711
589555 23 6402
2534304 72 5873
152612 12 846
41943861 37 9659
1356700 12 3648
8510721 5 5057
380489 22 1518
375040 92 1210
959 7 1043
1786486 77 2638
32442785 37 9895
78328 98 9698
1 67 967
12556 53 4052
501808 67 7720
4442039 60 5535
18176102 85 6678
704703 9 1262
1183211 35 4579
2197342 17 3696
10731648 62 8933
39199869 22 9900
915 10 479
166606 88 2077
7968012 50 6499
5266220 19 5280
50797 43 6182
224411 55 830
10328596 44 6326
591123 85 6757
362383 48 4004
13046094 68 7669
214169 32 719
2837083 26 7443
2373787 54 2853
4633494 25 5868
11732026 48 7820
11519763 65 7747
903442 67 9472
14854707 7 7942
518318 13 2175
3656658 24 6285
32632992 65 9344
1144348 11 3952
11062412 11 9427
10712110 22 5262
4806139 36 3302
87515 52 5414
3448284 82 8889
2261670 64 2033
16186 54 5112
597113 66 1515
4155646 47 7885
12023816 66 7401
12698772 95 8857
4753 94 123
178066 91 4444
235844 10 1238
1355665 65 2667
33880721 84 9294
14472233 42 8099
10968942 98 9820
490061 74 6450
2011289 13 2351
19872735 11 9643
2490330 80 4913
1 61 446
1882391 48 6704
37872 12 3549
5608 34 3558
3314103 19 3651
18805323 96 8465
43416 72 1382
207583 68 2215
940244 2 9248
18741213 72 9548
3472432 58 2728
1 40 7394
19337453 26 8526
29204 15 790
434504 84 3065
184243 41 2034
13742578 18 7747
3489920 61 3435
406068 32 1251
25986 95 1161
1314558 99 8516
49260 86 614
815111 61 1742
2955216 91 3709
1398321 3 8639
131207 80 1124
3892907 47 4347
8783736 1 5364
10669371 47 6963
348084 18 7387
1734933 37 4126
1599954 59 8588
353677 67 1293
736008 45 1460
1440770 58 6531
21836648 49 9081
319733 97 5314
161796 1 643
1 89 5644
112709 12 650
608977 100 1195
2429803 83 4521
23471665 47 8715
8607292 81 7553
22490065 40 7770
25923966 62 7515
13115775 54 7292
794009 99 3464
1826379 70 2460
7499238 13 6980
2063123 75 3027
2182979 17 5121
17398831 79 7861
17027286 85 6413
13386742 35 8066
35622561 20 9893
402262 66 7558
270645 62 3110
1454989 60 4748
6622763 27 5555
2305898 77 2628
2160002 78 3693
2793412 12 3082
41009653 79 9984
582646 92 1365
23996127 41 8969
26603 79 1725
40311 85 5536
30236 44 1590
98155 12 504
450007 67 7697
957652 89 2563
12221220 73 7136
3499499 21 2614
1412 95 1214
1166727 47 5922
703146 91 4632
33456916 38 8990
31110393 67 9127
2276195 19 2066
27317886 38 7629
28057 18 6429
2436 90 8480
13791479 26 6301
4778289 32 4042
17702643 87 9130
113058 58 4575
11751616 96 7734
29975635 61 8033
14382433 72 8560
520902 96 1742
986287 51 2741
4876876 1 7316
38636654 21 9839
1461951 75 5394
282073 52 8438
45159679 49 9822
14467643 14 6050
1037005 36 6155
53618 90 1180
7355564 99 4883
1893609 25 1909
5523846 74 8920
1368584 13 4028
457308 7 1222
20524613 34 7182
139811 79 4709
2804661 72 3157
7962464 52 7021
24169 53 7045
302799 1 7272
4249679 34 3595
911134 75 3620
11995160 22 9275
144603 65 467
10556101 16 8652
2317251 22 2505
6393680 43 8901
10751698 89 5292
7620698 98 5003
2061833 38 9001
10658810 1 4740
3620284 34 9320
8422701 93 7229
9750837 42 7139
5366504 37 5776
1074684 86 2650
39437195 8 9059
22390 6 562
39934 23 1167
7627589 14 9075
32375 36 1023
34683936 68 8264
777908 44 3649
847292 87 9327
34963807 41 8840
1023663 32 1478
1605183 7 2950
4747286 91 8337
24664 31 1972
20886 87 8177
587967 47 2147
265475 31 4610
1299377 77 1651
17916 63 1208
4856928 93 6156
1580132 41 8466
1576350 50 1784
769860 44 1478
2344152 26 4608
1971802 64 6533
2881269 29 5449
5645745 27 6206
31350 97 311
1597282 21 2413
268486 33 3700
1951017 22 5384
9202032 53 9018
569567 4 4013
769890 80 8586
2290887 21 2241
20884677 88 9751
9662611 12 5339
1 64 76
4354904 13 7394
175833 5 3621
6840495 8 5330
91228 62 2299
290161 81 8094
153514 26 3702
4772721 17 4057
28575236 63 8008
9122460 54 7209
2008367 66 2477
1886275 83 3096
7485623 79 8074
24016170 14 9629
2907287 28 8477
2832469 93 9428
346873 80 3715
22602208 82 9204
460510 95 7521
131145 67 1610
26907342 34 9502
285 21 275
2061874 65 7129
22667473 2 6657
2705770 27 9349
6826 17 6564
95508 53 982
140773 75 1133
190476 69 3896
136227 50 5479
2088531 20 4750
25993 71 4073
3477 87 1086
149570 2 5700
663291 81 1901
56076 75 869
55320 87 2354
30292 13 339
67156 87 372
1470949 92 9652
6579630 22 6499
11681311 21 5578
1640571 86 5581
1848408 60 4151
93582 63 4553
12081585 60 6048
237926 94 978
2295716 85 4929
9107748 39 4325
834729 44 1265
201829 71 915
5685 94 1510
13804 8 496
906339 40 3168
257524 92 877
92990 23 943
81770 44 6187
394222 31 7768
497523 11 2032
6473 21 1025
89422 74 724
7524839 79 4682
42545 82 4179
4842878 75 3843
19591021 20 6833
768461 41 2599
2966462 49 7043
11893172 15 5680
9934551 84 4598
17119778 78 9177
12175476 97 7908
21671076 50 7941
1206203 27 1592
12441319 23 6563
905894 88 5067
975515 25 1414
14471911 55 8213
6740443 18 5488
33142844 72 8768
4678143 24 3938
5284226 35 3575
102053 38 790
4019218 93 2764
900195 84 6298
50826 13 218
28496 95 561
39755 44 420
543653 12 6084
484731 56 4055
65392 26 642
4549398 44 7489
879469 62 1328
368180 14 5873
1 74 4076
1944401 33 2458
23770498 79 9951
113662 49 988
2498584 73 2594
12161883 48 7926
5407 49 594
315718 87 8636
275112 93 2584
13171 18 255
31219 82 4518
10207720 66 5798
1 87 786
4161150 27 4154
1997149 29 3564
2423657 56 3481
9501415 54 4837
5905957 77 9233
20481559 64 9897
3402520 45 6372
1751293 94 7758
66267 49 4568
444622 2 1890
46871329 75 9608
5591 44 9906
1389930 26 7829
424166 24 1130
353530 92 1193
689606 22 7538
80655 44 890
346884 24 2978
1050 48 435
2023590 86 2165
10899 27 9256
4076137 40 9825
2805288 76 3797
6510723 34 4280
577985 4 2159
20271202 27 8830
7219545 42 5036
2543359 80 7090
314250 68 1207
50891 95 246
19908 10 1937
71979 27 334
205689 36 565
19384879 100 6624
16017258 5 6701
1508688 21 3380
37254539 80 8751
10660 67 173
124037 40 2338
949681 58 1343
10521825 72 6299
510 27 5956
29977 18 4400
7216337 69 7968
4848142 3 4735
2030821 13 3546
85744 53 1106
2175647 48 2895
98385 94 1664
15449494 48 9331
2268864 79 4477
29909 98 1207
15183238 44 9011
531973 80 6067
58481 29 5252
19549170 16 7582
512695 65 9410
1173266 95 3444
3270641 99 4337
18276059 7 9362
24530204 29 8373
333694 78 7409
912724 14 2616
2552731 69 2444
3138 71 600
8869264 39 6682
13354061 31 5564
508156 37 1570
904571 94 5016
5128195 8 4085
17704374 80 9364
1997822 27 6896
3179475 3 6509
1265831 45 9567
16501165 84 9756
26395185 53 9509
1684 60 641
776307 90 6575
3076025 46 3387
9259 54 6831
19644175 64 6390
4051988 32 6253
28546832 58 8769
281739 88 1699
1145683 81 6988
117475 50 847
2188493 21 4324
6026849 66 9530
15078470 72 6434
641750 17 2111
469689 48 4034
1661914 90 4718
2787 88 309
11973852 52 5288
50970 15 6343
2214 57 8865
5759788 36 3773
1776285 51 2012
43403127 27 9221
86043 76 9662
1607163 89 5333
43528 74 653
2690294 92 2551
16104222 34 8299
2983667 73 4734
7006283 19 4103
13454980 52 5562
13271588 54 6759
17371379 94 7036
4854961 44 4508
14495556 13 5946
12789810 17 5547
984842 5 1703
1 89 544
31601 80 1205
5103815 40 6968
986070 4 2152
186548 11 627
3055149 96 3169
1 65 4720
17018959 48 6025
5625613 35 3392
2943511 24 3129
15013641 64 6032
77637 70 6083
943292 35 6945
1 81 3844
7307109 10 8534
12552476 10 6281
1230737 77 5529
4397451 5 6128
15813620 30 6252
102913 60 5777
2563496 31 3504
3485652 95 6705
181328 54 6036
11158 1 5110
4905133 79 3859
7992819 41 7426
30711 33 330
7448790 83 3794
15437525 47 8797
844198 89 4811
245455 96 2203
9689690 71 4575
1531281 78 7909
39918761 50 8836
32245 36 912
9099 39 860
647704 64 1688
3520943 24 8714
615253 40 6395
2015197 92 2921
6717039 23 3755
143529 84 4894
1573909 39 6229
15174 15 5581
242344 28 3310
1417219 75 7340
652135 54 3274
3006934 55 9708
25490836 89 9235
290481 22 2717
22453 12 1892
1683739 30 1969
609269 85 4270
219639 22 4478
1101776 52 3367
552947 87 3125
976753 39 2076
53893 61 3558
384115 55 6030
1664729 73 3231
7059323 77 6309
4062826 73 4328
982199 58 3535
25837915 49 7160
33075 100 408
1705656 40 3026
4886561 8 5254
29786344 65 8618
15394677 35 8190
31261643 56 8127
9510 65 8006
35259217 17 9156
446338 81 2122
5995146 76 4780
2754919 30 3246
12521485 60 7172
5814896 5 5065
4093 54 8210
1679017 31 4431
22176256 21 6593
36104556 92 8944
2939895 12 9983
3907778 27 3556
4481194 34 5165
5517235 20 6567
59586 31 5928
25580435 75 7268
27249142 45 7960
90097 49 357
21618177 96 9622
158230 18 4910
18787830 36 8451
6153160 34 6744
1 50 1319
9125828 92 8316
2326425 3 2414
8735522 6 7808
151303 100 3754
7860124 58 7900
13035565 34 7978
3899 5 840
97217 31 3110
1047064 15 2002
2235517 10 3846
1889479 80 6154
1347817 16 5934
58303 18 6682
9009272 9 7120
976041 90 3996
3885154 24 6851
1 94 1791
99773 69 1856
21444 20 542
11891647 41 8617
42148858 41 9881
6491911 20 6917
836469 76 1732
17684148 35 9420
36664045 43 8549
13646737 2 5312
5970194 10 7203
26041276 20 7677
499885 64 1838
134246 41 622
7548130 48 3854
14495588 37 5926
2040073 75 5902
8245118 14 4629
1059833 93 7578
8693 35 716
1132821 13 9532
2012215 59 2765
17285308 33 7043
2319077 75 4871
67419 96 3562
767680 30 4243
10460896 8 9179
10134884 50 7145
19068848 44 9395
832068 29 6779
24154550 50 7882
9030264 80 8807
1356062 9 2351
15949168 39 7748
3493200 11 3193
111475 16 5133
1092557 83 3189
35983 3 432
1 51 2027
37703 86 228
3182157 87 8968
2674168 37 3974
14499331 17 8578
4286757 17 9757
3708556 31 4796
7845916 43 8805
2003886 94 1971
1247790 88 8616
9786472 74 8492
509022 27 1765
7620093 99 5165
708412 58 9984
48077 95 1285
1825378 81 5510
195517 76 2148
2699067 39 3378
151454 1 1596
28405207 92 9485
35185411 68 9629
10337666 38 5735
3536421 58 5813
10467 84 7666
21662757 54 8010
5174589 22 3201
18604 62 1044
5909564 70 4747
1347005 93 2673
242 15 5598
172535 43 2522
3531594 34 3500
6114942 98 4340
13969794 93 5640
15540975 79 8276
1173008 75 5996
67116 100 414
18008 43 8525
15426883 83 5818
6029118 5 6112
10913436 38 6497
5723669 24 4117
15973172 84 5831
1240212 9 1828
34166494 79 8308
374 7 3610
21733088 18 6953
1753245 55 2223
29681512 14 7935
65536 19 1184
7788 54 165
130627 13 9480
22437084 98 8409
11379407 42 6036
5345613 2 3656
12322104 38 7406
29774125 4 8758
27313264 22 9980
22209 52 9169
28148225 93 8652
137487 100 2904
130623 77 752
418505 80 3754
1998443 80 5586
28001837 32 8242
32664 83 3166
580789 99 1137
1546038 54 3364
996393 91 4219
87411 63 2127
13029943 52 6953
807672 83 5578
51401 71 306
90280 20 441
16549 46 2910
3130963 2 2451
11073864 71 8895
20806347 41 6521
5124044 83 7723
11429846 12 6735
3206 75 514
739944 18 3749
4605209 16 3867
325682 11 1585
2477838 37 2973
12507821 97 7582
2616942 29 2475
8272196 14 9821
22655817 79 7144
7025022 42 3953
1223860 83 2179
2126132 35 4866
6931240 6 5743
6066326 94 4758
7099110 63 6442
15871 27 746
2518723 100 4788
804 37 1541
240528 78 1697
9418287 92 6554
16902675 96 9647
425911 53 872
204017 99 970
1156994 92 1631
3049944 3 5063
2712191 94 5350
767223 30 9713
26644752 57 9510
20620250 9 7975
3989172 97 9389
286752 57 3258
6166600 38 5702
32534545 62 8787
3833152 71 3352
28479800 37 7721
5077443 69 10000
68547 87 5709
2298916 13 2121
963499 6 1358
185646 86 533
2469347 9 3075
10402708 1 6311
142550 30 1348
1770 23 2698
18095888 57 8392
9941 40 1567
387547 17 7351
1179683 82 4065
22645453 43 8642
28703879 68 8119
10317562 29 6049
159591 27 590
3771 50 129
1370725 61 3762
14332 72 2173
2884614 29 9112
132766 95 1707
19879393 44 6412
24187613 11 7404
5759690 88 3418
146765 32 508
33998009 13 9661
1596250 30 8967
15103 56 349
2903544 4 5767
12349608 60 6075
3504409 49 3686
10176836 81 7926
546900 53 3733
14621 27 219
15664741 99 7755
782681 88 1375
13646162 38 7376
24537540 43 7564
746862 14 1708
8364608 9 5745
7804525 21 4049
2236548 13 7011
728443 2 1806
548293 43 8499
9214912 61 5180
1925 47 3456
18662413 41 9980
15826356 31 5809
402156 82 1349
6975114 20 6815
13529511 93 8044
4710408 74 4230
688594 87 1747
179998 72 5846
1356237 59 9063
558647 2 8685
4836941 12 8430
4208368 37 5492
20164 8 3493
6476035 11 7950
592256 3 4741
2582204 9 6956
326162 93 2735
1873591 45 3429
2201214 2 2971
1 100 156
9830 35 8034
266290 9 849
168832 79 3165
11780 5 2746
8854199 58 5708
22486334 95 9870
1323853 53 1606
12509167 43 5731
2160895 84 6637
19105 7 165
1475365 50 2552
1 64 353
14452005 90 9569
1 70 139
159786 35 2121
11472566 26 6419
2788142 27 2938
41526 60 4690
273864 18 2947
5394525 40 4350
4497976 78 8617
5028 19 5134
19836023 1 8753
662600 50 4575
31387619 81 9424
6364197 55 4291
9693547 4 5124
39608 22 4248
3710981 39 8279
207701 67 4326
5904 2 460
12363341 77 6919
13610105 70 6939
39649 54 922
4083511 59 8703
24912922 43 8827
8612700 74 5053
1774402 52 3297
14555895 49 5543
20809 84 8511
16481600 39 7453
11347678 61 4693
9506256 59 8295
2987098 6 3849
6690956 28 8741
761867 50 3036
1 67 546
1047124 93 6625
4230906 99 3163
705027 77 9177
8947 31 62
55633 68 320
1019807 93 2270
6022848 69 8022
133183 56 1754
22344 80 303
15031727 61 6018
4077334 69 3183
3845366 14 9812
10792804 21 9556
1030016 13 5682
2836755 62 2312
8951581 35 9327
1769899 33 9832
2192 82 336
484906 80 1720
1221956 87 1901
4411309 75 8036
6898854 77 7037
2860733 36 4586
1 83 1669
1297418 83 9464
4397718 8 2970
8693469 10 5005
33647507 19 8308
125791 36 6069
8596655 56 7370
12382797 2 9382
8744130 49 6017
169719 12 3657
3219821 78 4854
1432175 86 1694
1734655 38 4636
3355 61 1615
4223636 99 4616
2510826 94 2192
5590941 47 5376
2329101 57 9379
7862178 70 8570
32181 20 5546
1440776 41 9184
106426 90 811
3788318 88 8708
8820598 94 7144
13061379 99 8886
910522 81 2036
16401245 86 10000
12887 68 4738
10437305 15 9078
265366 68 934
1907494 42 3968
2190594 66 4039
48782 63 7942
2724000 67 3225
3754557 94 6711
871979 21 6142
30992240 57 8448
564489 33 4734
10111005 16 5832
117376 41 4969
216107 20 707
125002 83 6633
2752960 15 4442
2570566 57 9641
21093199 69 7568
8599103 48 9531
9005158 22 9777
9748808 33 6495
13999342 8 6353
31613 100 338
330964 97 2239
233425 19 1876
1888099 21 2729
4695006 31 7501
44930 74 1175
584181 17 1708
597877 53 6039
23242 51 6920
1831917 40 2578
216063 48 2975
772097 5 1423
493166 59 4174
1271217 38 5070
795803 58 6268
27233255 97 9289
832379 48 5416
20989 58 3316
14180634 59 7266
9634392 45 6414
2683802 8 9215
4412 34 3616
17307 27 1282
6395 32 243
1294414 78 1841
3251924 94 9349
33204094 98 9274
7566168 34 9798
113512 4 404
2533104 82 4285
1386247 20 1918
25092636 81 9212
34175 74 336
261922 22 1741
20289729 85 8380
11319855 30 5041
21534882 63 9411
795232 61 8401
1641647 88 2219
646810 90 6487
19759036 54 8741
11948544 1 5840
7591566 46 7318
27591 3 192
3390580 98 7333
234957 28 2641
98915 86 3061
73181 26 9498
4993881 91 7636
27738165 65 9236
5621 85 2596
58458 7 4544
1110941 18 2134
2183314 62 9374
1044097 88 8324
91 17 240
38152049 26 9285
10099717 16 5062
8420572 13 5237
5132055 65 7109
3828441 37 8184
5663596 9 7771
648613 92 1154
196651 54 1662
123263 75 7323
214389 72 2633
3467141 59 7194
955325 19 1518
25416 20 6408
26109216 90 7273
1324751 13 4876
60655 38 4146
5729351 49 8670
331755 34 6504
5385305 63 4386
1078107 46 5407
8571305 27 6312
12992256 26 7933
2761 59 102
7098791 98 3864
153081 63 1221
22824549 9 7606
5959332 58 8564
1897618 14 3090
1742177 34 2431
1334415 85 7188
20743612 77 9081
35854243 38 9354
27106 81 1214
4458 73 1417
6074309 78 7191
4147172 99 3426
29133470 60 8620
3013222 32 8504
162791 9 674
37683043 13 8581
337983 53 977
26119764 10 9849
23734981 38 8304
3794159 97 5866
3889645 22 5665
97369 72 1892
145968 10 7221
27342 55 6229
3891912 88 6861
2413 35 1757
7171887 55 4651
155627 52 698
1019851 60 3823
3832089 1 8475
636458 72 8760
905913 38 1551
856319 11 9136
14050805 15 5722
35487 83 1016
46948 2 1030
27164596 25 9716
7509422 13 4787
127970 79 9355
11058083 88 6400
922948 52 1518
1333013 17 9162
17576524 77 9770
1 97 2299
37005512 7 9181
14581808 58 8048
21736318 21 7808
4489585 76 6279
10708186 96 5173
32909 41 5132
1997836 74 9006
66601 45 463
241992 65 861
7274591 19 6183
7127878 22 7321
9916 34 2657
3786619 77 4536
1732044 80 3838
6003666 37 5209
139172 48 4308
26522579 84 9911
1818257 33 2575
2258510 91 8963
977142 90 4285
555224 34 1823
14173412 52 6161
118911 47 1146
139134 67 768
8399899 65 8756
2599 22 3805
31147 96 1248
1135270 60 3381
507583 39 7009
208588 45 4184
1619019 54 2321
112992 88 3314
1607977 97 8219
841161 40 2754
8568481 52 5311
5076373 7 5925
233723 45 4373
7709379 21 8940
18171819 11 8012
9137709 95 7626
3963649 87 4745
1246583 38 4478
31096031 20 7943
13983 90 1369
23146802 19 6895
37288 45 1008
6068696 45 9136
529576 64 1611
13317 87 4357
8392454 58 7911
20058871 62 7027
150908 6 1095
12644022 50 5387
292931 75 4141
1049328 10 1397
7929260 61 4535
1349649 25 5528
3015053 20 3873
33962 56 4509
689611 73 2608
74524 64 1348
1375970 18 8245
6305 68 1266
7244840 67 6626
18649093 73 7320
9936098 93 5377
33525945 17 8708
5371853 21 3329
7315817 6 6816
260887 32 4159
5550019 23 4261
5904445 18 4808
771585 13 7458
18564357 90 6168
8916542 4 4792
24932804 25 8829
28540923 40 8904
7535277 81 8005
25912777 71 8437
2518532 86 6640
1232096 93 1727
642254 83 2594
13673343 7 7056
588450 50 1501
7378722 19 8705
25724591 80 7254
8816756 89 4537
5515083 96 7213
1227 38 8356
7585009 7 6442
200472 36 1862
17047631 69 8349
8116185 100 6403
663471 49 1899
20099115 25 7423
17218 49 3114
16418 100 853
8911241 96 4456
13111309 39 6731
28901781 13 7735
309970 6 696
9722975 83 7225
1504746 51 5369
1550186 58 3473
17866955 14 7602
35850 94 2920
4671502 11 4217
3524088 55 6098
700339 90 3472
8616866 16 9814
5546957 77 5414
176751 75 3571
12228 66 172
662953 73 1436
97219 67 7187
4169878 47 6741
46913 27 6876
1410071 82 2947
6282 8 33
16952961 14 9256
3323856 10 2516
15467722 18 7250
333995 11 4411
107785 25 488
2158286 68 5942
9805159 28 7931
8545098 8 5991
13100528 81 6569
1965745 23 2697
6552850 4 7163
8494594 5 5648
16173069 28 7911
5619192 52 5690
8837781 13 8110
9598818 98 8228
186889 66 7371
87270 35 7231
34715839 44 8539
42779121 19 9659
3884676 100 3405
11984 81 9616
7460 4 198
5862593 75 5714
104511 92 9031
1 96 2740
12638427 67 9554
3437913 71 9133
11059550 17 6588
28935474 72 7730
14455285 44 5360
3427565 44 3207
3230095 68 5237
9220643 5 4603
658020 10 7408
77464 72 680
15038628 17 9542
1422440 97 5669
19188153 41 6994
3419975 82 7537
23518247 89 8208
140864 64 2552
1362397 24 5722
2967368 26 3027
13553258 72 7799
388781 90 4062
2519445 38 3733
11058191 25 5204
14159064 83 9087
12114280 9 5331
114646 35 8956
7180155 74 5868
238144 81 2458
40804997 92 9257
959961 59 3637
10796326 10 6495
239838 83 3223
10792200 69 8598
57449 68 4094
21208565 90 8842
3846326 97 3352
27601244 97 9461
98123 51 621
7760 32 705
2578073 4 5051
595635 37 1073
695559 53 1347
589402 21 2564
1393039 58 2010
5170612 50 3847
1444210 70 6565
8429042 57 6532
255374 3 1112
5642548 3 8915
13824 28 1710
109247 80 481
1623400 18 4578
74380 5 308
14487919 79 6033
1377829 84 5306
36203 9 2763
2676167 39 3541
972584 61 2464
13150329 14 9219
15329215 19 8537
2693465 23 5131
889152 100 1712
1962404 66 3535
4343459 43 5112
1152098 31 2744
386690 87 7472
3039909 98 3181
12827177 10 5706
366608 94 4339
5277890 44 5994
3173435 41 9082
458545 79 1920
33844430 55 8639
18988992 87 6589
21500184 5 7847
240 5 617
171804 74 1069
10497304 1 6480
31668 17 322
6036885 41 6137
6257471 83 3764
2275 6 304
48951212 6 9940
3693 79 1593
1181994 26 1811
15619846 18 6743
1396357 84 3320
212555 70 2858
1262223 14 1624
5914 14 216
9981693 44 6662
2832125 34 9066
1 58 3859
1265581 75 3227
6512900 26 6219
12942857 13 9830
17488205 30 6762
2836350 84 3790
407 30 932
4355332 36 3391
3492297 6 8549
5362739 82 4742
3136613 75 2774
693 94 1010
25572781 88 7284
40085 11 943
2188978 60 3436
2090583 94 4297
1344933 12 3123
46160731 37 9717
742150 43 2135
4175975 74 3402
8521051 67 5142
120988 32 3822
1357295 96 5925
12455439 92 5282
50367 4 1284
168 26 3076
13786313 54 8276
22116 82 1724
283887 53 939
960677 25 6870
597 7 6081
134082 80 481
442088 17 1151
1189708 85 2889
289123 87 1736
539109 54 1607
3511764 55 3813
249208 16 2107
973762 9 8276
1866204 56 5571
691149 13 1726
1304196 17 1715
2778215 59 9689
9429 70 2046
5329 31 285
22796743 74 8057
1977083 28 2048
471183 4 1065
1203343 69 9453
1291532 71 3269
24847 92 1244
1390773 62 3244
40123898 56 9509
99235 63 1310
79273 58 370
26826617 17 8250
27739157 45 8046
26195 17 568
9794731 100 5288
570302 68 4315
1912097 70 8512
17517256 99 6099
1585711 90 6395
32248444 34 9455
24905 53 214
2615560 71 4351
823012 34 2070
3445259 22 6318
8796827 54 6579
356164 68 920
1458588 68 4491
479747 100 3148
16137 58 406
5446464 22 4863
1457092 94 1850
505649 18 2850
3267789 32 5919
133478 19 2991
2550215 3 4999
16786629 54 8839
1122121 42 5557
1574748 70 3405
6158593 46 7054
1617948 42 9296
2827135 16 2879
269994 1 7467
590189 44 1165
5655 72 124
1197448 14 2184
7340121 10 8277
1311084 67 6452
352 51 5152
35453 39 2461
2189226 11 4458
1668095 36 5679
58247 73 1388
10940670 63 6104
5211517 22 5901
5895942 29 3576
3400753 35 4576
110607 14 6426
91796 53 3183
634774 59 3765
20161645 16 8708
3977280 10 3655
86820 15 2153
4325313 51 4084
1877222 25 6250
2080229 66 9847
1291883 1 2767
6767399 77 3749
13680575 60 7483
13629718 78 7336
5279271 40 7410
29279 78 855
13090129 24 5680
245811 24 2768
1304503 98 1520
7818107 64 6727
544924 89 4958
2188614 97 2258
9513063 50 8328
38240741 16 9722
4960931 30 8189
17411968 55 8244
1977208 93 3137
9673310 17 6146
24277331 86 8331
1479740 19 5830
1998793 13 7787
1 64 1520
1 18 5875
7958647 12 6567
60155 69 1078
33414760 73 9977
14296573 50 5446
39662368 65 9402
7419084 47 7471
614100 10 2027
8851944 41 4548
2963557 86 7282
2379559 86 7870
29125630 36 9981
82342 16 1193
98586 89 1588
341249 18 993
147650 82 6324
13608208 88 9381
14337260 92 7435
33258 34 1520
4465815 14 6536
405265 75 2191
420169 37 2805
18822419 19 8394
7874231 89 6330
13443815 100 8629
135017 17 738
2835590 19 3175
3 3 1198
719573 57 1654
1589997 8 2458
26862 70 489
1450653 7 3136
2202454 93 7158
7747383 47 7216
4302302 78 5540
225056 37 3123
1187557 27 2859
888138 84 6497
1736086 29 9124
42146682 39 9417
12054139 32 6798
1740758 69 1933
1684 7 84
10257519 86 9694
11110848 80 8503
11083553 36 7648
34330782 86 8588
17337168 26 8116
12385 82 147
24288625 23 7911
29307171 62 9282
1 88 7128
7038897 4 5495
526536 54 4944
3269352 6 7106
8609543 55 6032
6422745 94 4843
3186985 82 2837
17067968 98 6837
19020704 49 8341
51 28 4383
6214492 97 4634
3844 10 6853
852297 43 4396
7604463 53 8868
20009795 66 6958
6654831 51 7016
653509 50 4244
14528993 59 8105
2137104 99 2403
48549 58 9574
2955159 39 9171
6099033 50 7580
985078 57 1445
68100 60 811
357318 45 2346
262633 79 1990
10593604 66 9541
8200108 34 4232
113957 80 6066
130577 76 1901
5408031 86 3484
1037506 45 4342
1140495 14 5581
16178546 92 7849
30838166 57 7869
23323 90 560
1 97 1975
1663037 29 9024
446229 46 4009
1 63 5996
189870 52 839
1110141 38 3979
2991071 35 2355
216727 61 1155
1451605 45 5075
787632 69 1824
1470700 86 7535
1775972 88 5991
38134470 40 9830
34421189 89 9833
2448134 75 3125
1753 35 5321
2705281 77 5270
20823098 82 9709
4954123 95 5813
115486 84 468
1957828 20 2325
4577213 43 5141
8121393 44 5654
40073 7 209
10040 3 177
13592171 24 7783
3555039 100 2918
5078421 15 9978
294455 68 3022
211572 19 776
1746854 53 4848
23997526 88 8709
808072 17 7789
228510 53 8721
10022165 50 4539
14941978 4 9127
10664564 45 5114
2349350 56 7621
8802675 94 6445
11241139 68 6565
5028042 33 8166
655441 19 6854
5201929 33 3162
168214 72 6941
11555293 63 9146
567 3 848
217025 65 3069
7693288 8 9400
8692333 62 4265
791381 67 6932
86415 41 440
1371246 28 9979
9061806 30 7577
9014649 11 4321
130414 85 5089
24331016 27 8469
6225465 57 4623
17670 37 3788
11308 38 1370
3580844 69 6745
515419 75 7644
1032251 90 1568
5574467 44 4580
374423 49 967
46957988 79 9652
1673412 35 4372
2102820 78 6245
3105420 63 2940
774713 33 6021
15323654 12 9254
829945 14 4311
302574 79 4855
23707189 69 9429
1326945 45 1829
1 56 4667
1547330 32 2772
617198 76 2312
447804 12 3470
625424 98 8066
2770635 25 4927
178310 69 8141
4464060 35 8204
20759304 64 8927
140655 44 3526
7807 60 62
11806937 74 6319
4283557 64 7340
21236 60 5653
2865 58 211
21288241 12 8329
9252244 18 8933
708180 21 2237
5766601 55 3887
12699772 59 9704
1029719 61 2976
9842911 3 5607
31433342 42 9894
1601411 3 4379
2385055 14 9999
918467 43 5600
11769748 68 5650
6533257 41 6784
91186 67 3705
537509 88 1969
5587922 83 6164
174995 21 2971
3394970 36 3998
232005 47 2096
237310 96 4845
908449 50 2171
14991408 27 6968
2342137 71 3612
6584196 45 4627
880668 9 4143
31827 87 5199
2776916 50 5247
37287042 77 9322
1037293 63 8292
2815951 99 4535
5664200 83 5619
4023593 3 5906
217085 2 4628
10381 18 716
10437 54 411
741100 49 1879
13259310 50 5472
271146 33 4610
29622 60 2960
3730224 22 5865
88536 92 861
16000011 31 7640
445541 94 6735
807312 69 2949
16399180 48 8491
28620022 38 8603
39411969 43 8815
5635251 13 4138
3863135 14 4335
1927509 43 2187
11872247 75 6714
8519281 67 4340
1 55 85
228684 17 8496
335799 38 3423
7469448 13 5280
6670584 57 7330
117505 65 2370
11803 94 5462
5008366 50 5496
59484 14 1054
12700 9 5477
3976021 64 6078
9392906 5 9336
18614477 30 6781
3211284 16 2599
3071468 96 8505
5534374 91 4818
69320 62 7043
3608056 25 3375
2086182 70 3665
4771630 67 8686
1676184 38 6375
1 82 384
18985427 4 7462
259026 27 2074
1998755 1 8700
20019695 61 6347
715973 83 2742
22774 36 261
8581359 14 5901
10302696 60 8548
5153553 92 3641
225315 70 1887
1197787 74 7114
3399 62 4152
1383894 24 2447
295741 2 3749
29436711 12 8314
3229881 78 8246
690 35 113
91342 59 1547
15139981 42 8304
22292 75 193
72865 25 729
14116 58 3676
5052487 70 9383
5848410 41 7433
3558932 75 3414
67474 78 570
13094258 71 6602
905098 73 4822
6275 18 3018
14081870 2 6913
25590955 98 8161
1844431 6 8230
12090327 64 5094
138235 89 6830
17593245 17 7457
264292 100 2328
12158750 82 9278
13498576 88 6707
1577978 40 4995
15251523 32 6235
1563692 13 2381
1673620 32 5855
8345843 14 6813
25045375 49 7100
4050299 13 4830
3711443 79 7558
1031051 76 3143
703303 43 7334
35049 17 478
2709 52 1044
3536167 57 5035
1233449 26 8891
110981 96 1336
7928 20 2311
3538768 5 3052
3877143 4 5950
2772472 91 9600
18716 70 5453
632875 82 7513
1563675 90 6238
531664 12 4435
9492114 90 7771
4489907 69 3374
14331 68 5744
976219 74 4491
3594428 26 5503
14241508 4 5554
1599077 61 3517
4918059 87 5627
1411793 66 1975
2411457 7 5847
6188213 48 9288
15661457 1 6748
716809 28 4685
9808560 62 9268
851429 84 3943
7856349 12 4209
1284958 13 7017
6014 62 93
1552122 26 4612
56285 95 561
268481 55 813
185911 49 723
806562 66 1634
3561023 10 3770
2925726 12 3775
20005961 20 8301
32273 39 1202
1340416 30 6617
2100966 14 5636
3767684 68 6728
700475 52 4024
6112618 99 6240
636455 88 1797
1277260 72 2225
13232494 64 8953
4115374 45 4692
11912988 79 6410
1455213 55 2672
3182689 16 3076
1 17 3610
1339318 56 2667
1242132 61 2097
290281 15 3677
401684 34 2773
35640 1 1805
9818560 68 8089
1318333 74 3693
4480147 79 7466
10199891 1 8512
3834 100 643
528 11 66
27295671 66 9400
10228084 95 8569
5882959 88 3885
577916 14 5447
11911524 56 5059
49612 70 1742
825753 79 1724
641995 3 1099
5726472 89 9016
1540268 83 4721
8657154 46 7445
5587366 28 9169
301695 15 3824
3402808 52 6601
10288016 30 4445
11789 29 2673
10098565 91 4593
165036 77 1020
382 100 9645
806952 78 1503
611634 66 2791
137872 95 1202
27297986 93 8490
1693830 39 5473
41224 16 1266
569852 2 3001
250510 66 981
25769068 92 9457
1449293 49 4488
18867 27 3125
1054537 93 3324
88206 42 1762
2939511 56 8311
1006303 55 6659
25983483 24 8947
4915195 58 3252
14664152 97 5335
10475600 50 8119
16735826 89 8269
16054995 40 7742
29942241 39 8588
1387139 100 4688
21470871 44 8661
155820 72 1150
5431897 81 4144
1658424 77 7659
144488 95 6517
41273 76 1008
314804 79 8555
28703405 46 9976
1605171 16 7434
10694000 63 4914
3169164 31 3782
844902 90 1401
3270340 43 7187
1 13 3709
10053797 65 5005
5495708 94 3654
1168112 75 2495
694968 18 2130
1107660 17 6294
13423124 100 9696
569716 18 1096
99848 44 6609
11748594 63 6577
680483 44 4679
32454420 43 9921
17998228 4 6196
46787 26 6138
5988 34 2345
5854221 11 5081
7558911 53 4969
2943707 39 4214
420024 67 2650
283767 13 2719
269717 91 835
1 78 2434
13417359 22 8392
2058260 27 3106
1930902 72 2277
1015616 78 5893
7295762 91 3778
7135697 75 5178
1036543 68 4770
2360795 97 9883
15389543 27 7505
1 34 547
45551 4 3326
27210 46 154
157403 77 1021
4235272 72 4416
6861179 9 9552
8708669 85 4817
360031 14 4612
740157 32 5938
28589532 84 7824
229329 1 583
921649 49 4441
59615 47 413
26432855 89 9795
3587633 46 3903
14443957 23 7448
1334006 28 5190
1097864 15 3363
85648 9 5606
4790095 60 6153
9005846 31 7774
1 94 7210
1640666 38 9237
14981379 7 5464
6538109 41 6383
21296109 32 6631
598107 78 8176
15211146 78 9091
34106073 68 8233
526050 61 949
37800 37 1453
982296 62 2173
2067 95 2328
17061 97 4957
6349703 59 8885
12193972 43 8753
9009212 44 8545
31557 70 474
31169170 87 7803
23313960 39 9110
1448744 99 3606
11988553 11 5422
994330 21 1660
1235483 95 5206
3424881 25 6978
10938966 54 6625
378905 22 3900
6417 14 4186
34585126 24 9725
2684262 4 4992
152107 53 7261
7492826 94 6325
868635 67 9135
25240827 98 7070
427828 51 2415
133530 98 648
507126 4 1234
15710452 20 9868
114000 52 991
1676482 76 2045
2488101 90 2413
845236 34 2583
17582697 57 8038
70271 34 6622
28426 31 364
13160368 50 9152
167427 12 9460
30134 27 485
1 48 5349
21246485 44 9698
1266359 47 2749
7014952 60 9077
762040 80 9407
665827 87 3946
3552022 45 8768
38619519 39 8927
10085344 69 9363
529206 77 1475
3721719 44 5923
5509513 84 3516
21288764 81 7365
113745 50 1727
928408 16 3380
1083861 74 2832
2300543 58 5634
3251495 79 9263
975276 63 3119
256528 86 1112
1078740 19 5984
2456170 33 4452
39092783 79 9245
849794 61 4275
561102 1 1232
682455 8 2308
40488 57 7580
3679276 87 4809
759539 94 1790
13619299 80 9393
527737 94 7815
15106536 62 9214
45735 83 9146
18088236 55 6130
2162075 80 6420
81385 4 4906
58093 30 621
4192153 35 5705
16990542 85 6643
13346913 78 9543
1016610 20 3579
214142 26 587
36645794 21 9730
11448215 3 7244
89640 92 1111
6206719 24 6886
3393294 49 7854
356321 21 762
216471 42 2397
259733 79 905
7514540 86 6727
165403 64 2510
2374207 29 8483
1238710 54 2909
1660192 38 4568
10146377 8 6630
2106242 83 5223
33817 91 7748
6177427 19 4038
7332648 24 6811
1945793 8 9685
3852049 89 3997
1686877 74 3407
905572 78 1889
5316486 30 7577
5488625 54 3689
210999 7 5902
8681744 20 5775
35242147 28 9248
6073685 1 4074
36007 38 321
20297576 88 7627
6402793 28 6332
16251336 52 5803
100991 9 7107
1521440 40 3900
1219428 83 9399
2423900 35 9069
305507 1 3733
22437501 27 6792
2893064 59 3854
370413 31 2862
41128717 3 9002
2336799 8 2082
11338524 61 6775
36501413 84 9388
2239578 88 4904
1 76 1403
10518224 88 4921
1 67 8284
5713727 27 9140
7961352 6 5161
7837341 89 4896
6837935 71 6268
6630175 40 6046
1059491 67 1598
5188851 34 8125
23983 63 2847
1232955 3 3875
2361656 56 3793
1 40 224
4028124 31 3119
4817591 98 5280
1704056 36 8684
956967 56 5582
158486 83 8241
146393 92 8312
28364568 32 7649
5391990 9 6280
776688 92 1741
853554 42 1988
2234802 97 2351
122403 99 1202
231760 40 637
2045822 88 7176
15689047 49 9147
4095757 66 3563
37234791 94 9600
7062694 17 8417
3950685 1 9043
28330 4 876
1 29 1402
4260129 14 4503
3809569 57 6441
1939831 69 1976
28726076 26 9827
834389 29 9799
672648 41 5442
2613735 6 7003
969410 7 3811
12308 35 2635
33665848 31 9124
903422 51 1384
1773640 85 3030
1108052 72 4927
1132863 99 8915
2626549 19 3154
10571974 59 4558
1789506 5 2794
4735651 70 6538
32225245 79 8814
561859 12 2995
6267161 7 3495
465608 5 4164
577316 71 3416
1182396 63 5388
922899 54 2415
333363 85 9707
2878348 54 3065
4238371 19 3225
4535069 72 3169
1115832 43 4437
798423 73 6412
15946883 68 5986
3708318 74 5934
346171 11 5037
38049 51 1945
10457406 44 7412
666606 29 2968
7888419 63 6989
22103651 21 6815
5638843 3 4887
16502138 69 7690
4242047 28 7027
10486123 88 6240
902971 3 8782
14428928 39 9997
5194863 100 9091
6671367 95 5535
1494630 53 5806
4610734 89 5118
6466570 79 9106
18060882 81 9331
1183970 12 1605
33171113 52 8944
189926 60 1529
13679306 59 7059
950802 99 1934
1825 59 2446
233365 5 4723
13066593 75 6426
9336005 51 5903
5925859 1 3929
3898414 2 3566
36841 97 1052
1205948 94 3677
632985 36 3904
6126 92 643
12884738 80 5964
242801 87 1301
11833462 73 8491
20762 88 186
1 44 924
4657844 37 5521
4769 38 3998
1353180 83 8410
66995 32 485
338794 56 1374
97534 87 4627
117158 23 387
3838053 15 6235
1053111 98 2738
7378 96 1440
61649 13 7772
121983 62 521
5859050 45 7462
4540463 38 4859
3757533 11 9544
98408 25 3888
4267174 26 8936
3616656 97 7383
6964032 39 4303
17654359 58 7570
4133403 87 5860
1735931 65 5912
2103801 57 4971
1655313 79 5015
148253 75 1468
1263271 54 9446
3112715 77 3948
1966636 13 4831
4927 22 448
67515 26 1410
4933560 16 7923
1647470 51 2031
3147951 4 9767
8972387 7 6623
304983 37 905
201234 39 2206
639612 95 2136
29005260 48 7523
10291020 39 6808
10795670 10 5901
627619 21 6576
117462 83 3520
43712 33 5122
23542095 93 9291
957349 55 2693
181566 39 3524
128215 48 4125
19690273 14 6859
8088704 39 5826
4187762 18 6967
20004 54 3379
1650326 63 4647
4478505 63 5440
14390765 73 5948
7431534 56 3895
433681 50 3474
6268165 57 5399
6307356 26 5871
113656 86 4689
25801454 1 8503
2918953 8 7067
16985528 48 6275
2126762 4 2659
1344675 90 3085
381881 80 7830
58 19 1698
1 99 222
2794882 61 2592
10600076 59 7549
37984 45 1933
6948409 96 9369
10269397 35 5557
1889635 45 3791
20200008 88 6793
940613 81 1675
9822836 80 5997
9990725 80 4778
7686101 68 4849
1939097 25 5497
31939 46 2251
2188793 49 3587
4088727 72 9139
26694837 36 8534
3106585 38 2896
301735 33 1632
2726730 45 5394
4600142 11 5600
10455370 32 6469
33221817 39 9657
168706 89 2183
24462 67 2399
124425 70 9872
1045617 15 8290
396800 4 8628
27703315 11 8312
2285 33 3777
526423 47 2852
195678 30 903
692715 67 7542
459344 62 8483
13059289 94 7217
1898049 67 6109
1539370 54 1775
2492401 62 3825
15413554 76 5576
4413196 33 9797
8892244 16 7016
1 58 241
11509486 73 9779
2893526 72 4878
38216 55 946
11257467 46 8732
72843 48 2374
766096 91 1394
567155 55 4090
792015 15 6188
5218280 4 6473
5116132 16 5033
7415182 53 4912
1147782 73 6015
516650 93 4361
1193086 11 9313
1 72 702
9770441 91 5867
30173658 30 8782
5702925 66 4506
165919 86 8637
1309465 84 3448
6556332 14 6676
4594808 26 4464
231017 51 3782
4044315 100 4522
114243 80 487
789761 36 2074
8373468 91 8690
8552720 48 4951
17492141 5 8551
44135 24 2791
13161392 7 6753
38159 43 506
9656589 32 6274
527996 73 9278
5837826 17 3715
816770 55 1523
7992712 19 9986
21489512 99 9368
110501 59 2106
1 71 1848
8066379 75 7466
3707359 75 2655
206284 12 5040
13295746 62 5708
6160124 26 3638
10249405 28 6491
7933549 17 6713
4350390 88 3394
1084293 24 4638
441456 9 3480
1913104 33 7473
8930136 18 5980
8538951 14 9353
21615893 16 7380
5711358 47 8430
1 89 163
527343 50 2121
23945505 99 9789
10058491 50 5674
24120755 64 7247
3521096 64 6989
32619 76 593
1950266 90 8096
441448 47 3291
633254 48 2765
55873 95 917
1776845 97 2155
34528412 67 9986
26180969 28 7188
43650 5 372
343922 51 7866
19151439 45 8243
4312 14 1051
8322866 93 4479
4269485 1 3935
4893116 95 9614
1663131 56 3486
5099198 100 4358
1 46 1923
11959873 28 6555
6467691 81 3968
1053298 52 2464
13780830 55 8958
3594093 74 8694
1404671 25 7063
18158477 85 8156
2319497 58 2499
8970783 71 9099
8450197 14 7066
8881 87 107
1093441 77 2661
9248 88 366
25357471 4 9852
6212948 98 5626
164283 80 2450
173131 6 2820
11842208 63 5777
57673 70 515
11894807 55 8307
10021035 46 6809
15914567 38 5982
12524852 2 6098
4172210 80 3215
9626 24 58
525704 81 1676
20679 80 644
693185 80 2297
4029297 98 9060
100853 4 1393
53736 36 4529
27288972 20 9291
70668 24 2962
39787656 94 9498
72719 86 325
1393908 71 1937
4663654 53 5540
487951 24 2142
158066 27 1528
12344 91 762
4228766 69 7106
23794 19 1137
13150050 79 6035
18368871 88 8420
46973 74 4339
20441875 62 7862
9673519 46 4632
1444162 62 3720
28233696 48 7888
515366 73 1714
5638287 9 3719
1089472 2 8243
1190882 30 6475
381533 51 1527
714401 79 1787
1255548 19 2711
13172674 52 7285
310604 87 8610
1220861 34 5624
3636533 99 6250
326407 85 1741
14307730 22 9139
10055836 81 5356
16723467 69 7482
14065363 99 8300
10052984 54 6848
5526004 96 3985
301079 75 1069
13057118 93 9091
2333544 50 5796
794827 13 1343
17266 91 3333
2315763 52 9106
102855 48 1947
447012 18 1520
1387463 38 3644
41493611 85 9885
287501 22 8255
12729112 67 8418
204806 97 9932
6524 78 153
15660819 84 7146
430328 53 1271
915836 1 1357
102976 100 8090
568905 17 2528
7290720 94 6098
8888329 70 5164
9899518 84 8915
11190886 46 9354
21629300 18 8478
214530 6 1507
28150723 100 8035
843966 69 1855
138885 57 7791
51571 13 403
10770702 68 8666
212537 99 2514
20234 87 363
913984 56 5762
394636 27 6213
22867426 96 7219
8719982 40 9781
1865445 65 5712
102188 3 877
6168 64 3202
1679250 12 4475
46867 77 4283
299070 66 1964
4804168 66 4624
201196 43 4526
4929410 65 3422
67043 90 309
392648 61 1768
156231 40 1088
2058337 84 7047
6195062 2 3467
69615 7 3722
1153068 81 2716
15729511 81 5845
4267224 11 7616
11144455 79 8474
22058100 44 6625
388185 11 7025
94981 24 1176
3050380 54 3882
4657477 86 5348
3745312 5 3609
23353820 75 6744
2273564 44 6151
49197665 54 9943
12529729 26 8074
622056 94 4931
35273 63 6950
13574441 21 6593
12157168 76 7915
1 85 199
883041 71 5393
10212646 64 7872
12699142 14 5296
192792 4 4426
10961016 14 7335
3764673 41 9614
120417 61 953
1484209 99 3654
109496 22 9332
11756637 14 5914
34269 57 337
18450272 15 8908
8810746 93 7637
649605 39 5543
15197383 23 5437
112502 7 2101
20427273 15 9344
466755 65 1836
10024 66 7731
20991376 60 9788
9650534 42 7480
12898 13 365
14093120 59 8698
1 84 2382
675490 99 7114
484062 93 4435
154482 36 4580
223773 60 984
11759590 74 8702
8955205 29 9639
16799743 100 9867
35407 91 1961
3581418 82 4015
69514 34 982
371937 36 1348
1041950 23 1432
3039612 24 2971
1 59 60
4136644 64 7622
9402332 37 4441
4427090 25 3648
432588 37 1873
2164016 36 3754
15361702 98 8820
25285185 25 8007
183442 71 563
9136077 59 5107
162975 67 4229
2437902 26 6454
432129 86 7854
430056 52 4755
1379318 17 3424
3388127 12 6660
197547 26 6981
375557 88 2747
8756540 58 5954
282389 57 8178
252562 73 1179
2076461 80 9460
3764923 47 3945
1244927 81 9573
228763 18 890
5326346 36 4930
82997 14 1193
71099 25 808
15184469 40 7129
2414964 37 8077
5044530 10 6418
2538580 49 3471
232243 94 4796
1234285 21 3053
1074321 53 5082
85262 54 2139
1586202 49 9212
570849 89 4784
1229123 85 3409
489098 71 979
4068177 90 6099
1509321 53 9142
493399 6 1630
224801 1 591
426365 7 4887
1 100 192
15525317 35 7160
16799582 97 9182
5336418 16 3511
7122074 86 3798
2226756 1 3474
1252844 57 4444
27662 11 487
414339 19 1109
4518 29 748
11869753 28 6970
2657743 15 3669
6567627 45 5630
51362 81 3852
50951 38 6789
91227 47 440
618912 14 2670
53073 82 1448
53760 30 540
6636834 94 7320
69386 24 8956
4377 71 333
703145 49 1152
7842884 76 7560
4783 39 1619
44773 36 325
223807 21 1849
17576888 35 6716
42533893 41 9662
8871979 8 9776
1593233 52 3729
2117383 67 1980
10144 96 250
1573 40 51
586039 39 6797
91991 63 1536
869609 85 6942
135248 61 920
5686293 8 5665
18199 82 200
8572 19 4258
154800 91 7220
27295 13 6564
3248592 86 3840
4585840 31 7347
2066824 68 3237
23962781 90 8763
18958335 13 6126
26694112 20 9978
2383903 78 9310
1882393 84 3620
5879495 42 7940
2153348 53 5795
68420 17 4576
30624950 91 7757
18477574 36 8148
1073839 54 1433
217583 83 1392
4580 21 24
1612159 58 9192
171135 74 3992
481438 63 2715
168324 61 938
46343352 98 9873
2285647 7 3463
144411 74 1550
586103 24 1295
131902 7 3217
1112044 19 2576
9799024 45 4476
4150973 14 9935
6197917 23 9376
4570522 79 3053
808381 22 7993
43046730 65 9779
11457122 56 6531
498595 6 3025
181897 28 1565
9063617 100 6281
315122 68 3272
407102 99 2526
233368 2 699
5121007 11 8174
9472460 53 7870
258353 37 4325
7667152 92 5847
28920 82 2002
373754 17 1016
2214530 34 6572
9017263 75 8004
445577 84 1019
2698352 7 2246
6654681 51 7575
244830 90 3251
70266 19 5798
237090 71 2483
126206 86 2255
707545 28 1322
36738 91 7264
15355 84 200
22966478 35 7086
32068898 73 9054
25937278 28 9399
11235940 79 9329
1182156 73 1604
1991298 75 2609
66886 95 4060
20307 73 153
13953235 94 5524
99050 1 1865
8487221 74 6528
41261 23 504
1 89 224
290215 43 941
3036221 70 5230
3812869 25 5784
21020 49 839
11356915 96 9864
6421404 84 4690
196819 33 5172
191676 13 1604
205362 81 1086
19204997 32 6612
151438 91 2577
704010 89 1160
1801188 37 2398
32702280 35 8153
793324 28 1964
2959094 19 6790
5563268 11 4337
66326 53 7201
3270439 96 2603
1191681 15 2330
7191 96 3071
6392583 19 5002
18787179 93 8987
119488 4 1147
7783611 72 7130
2981678 57 5838
323795 97 9484
47947 57 297
1663682 14 9001
11553 54 1829
3853273 63 3034
9292375 10 4886
849061 6 4570
365956 51 2824
1910345 81 3469
15438863 4 8808
32270675 57 7952
1395396 18 2330
2745115 65 3245
3603580 46 4980
5065 57 260
734140 39 1673
2338844 30 2774
161027 93 9538
12280445 82 7507
2147995 4 3327
1265335 15 5547
16691048 94 7954
37786864 77 8959
1446363 95 1823
7415131 29 8805
254284 87 1279
786592 95 3066
9964965 79 9920
1 79 9878
733 21 760
1316075 25 5450
8654417 4 5097
670187 45 3072
25121 79 481
1704726 25 4585
1198487 97 1602
5856150 35 4743
2442905 86 3611
41614 95 1018
10548634 48 4614
25436522 88 9895
3301789 38 2718
11164109 81 6906
742316 30 3010
389004 9 8220
278501 88 3108
83868 14 8580
28947 35 7078
19868174 98 6926
3169934 64 6746
329447 99 3911
1 47 458
16435494 36 8154
1775779 69 4353
20681905 26 7420
16372221 57 9763
8970059 26 5719
46909 87 532
6513 61 113
1777840 67 1894
7806432 96 4065
457822 11 1458
1575610 42 2053
1089228 13 2664
12195 71 6706
1333778 22 8482
281845 65 6742
182297 49 2327
8483345 46 9271
486758 37 2866
1577229 3 8496
5688547 5 4441
1170080 49 4143
14368640 82 5655
1864467 81 1874
264800 32 4078
7230533 79 8479
252351 81 2484
250258 93 1192
243381 99 1538
17428768 70 6565
1534357 99 5136
147508 91 454
410 24 5130
1287921 9 4460
239553 89 4766
98785 40 9654
523 9 2132
4103629 99 7229
39676 64 1386
272577 79 6790
308055 76 2017
31942890 42 8912
5462344 36 3575
37765 2 448
1660096 24 2940
497412 89 7460
65238 55 7130
122184 48 3255
9866015 82 7941
2570221 37 3355
23584254 5 9724
29625078 65 7769
232754 81 4053
6781298 49 5614
2988576 59 9471
2200175 68 2039
3913018 60 2790
11975106 27 7723
10887699 37 5823
2262634 49 2312
2550068 45 2677
1703458 10 2384
8790351 45 6490
5065184 43 9973
9376723 18 7696
100113 57 445
3708 43 166
4461765 97 4617
10315225 77 5151
1378 19 587
15839982 75 9647
9755685 22 5595
14214517 75 5577
20550790 49 9880
22761993 82 8030
1468637 71 3339
1341487 25 6558
3395630 37 2650
1674126 49 5389
464155 89 1756
206475 78 4554
95876 62 5272
625 20 462
372861 63 1962
2145466 39 2479
33398 42 368
5234754 38 3293
4272287 46 3478
63857 59 2150
1318530 51 2120
7236094 89 7977
1360978 51 2771
6704546 7 8928
685812 37 4801
775 42 2636
7239069 83 7839
2988082 4 2507
16448835 11 8657
2375378 77 2809
242893 4 687
57557 37 4560
180029 74 2278
30084 67 9117
8854353 75 9144
95580 7 6660
14239703 7 6993
538201 90 7086
45737 77 3770
64197 21 1125
80780 70 1697
29339229 7 7736
51587 16 7648
43713 60 351
5002663 42 5952
4583 88 239
780308 82 5234
16274268 9 5899
9332529 82 8599
15016041 28 7546
24194923 59 7500
8802557 91 6140
25420 49 366
2548479 54 8828
1859591 49 2795
3918400 71 2846
14609 10 597
1 64 3063
4175643 53 6172
2704526 16 4051
77747 20 868
5759011 66 3992
6538589 10 4515
795410 17 8092
22816465 99 8945
195094 10 5552
3859287 82 3206
267932 34 2788
12298826 6 9338
17445147 78 7267
355517 21 1192
1 50 2760
236565 2 7429
10069897 15 4974
6304312 28 6077
1 13 575
3639501 27 2965
165924 87 2876
409315 90 2149
813852 53 9474
19937569 72 7331
36942486 66 9377
580346 39 6910
2200247 65 8207
1738569 61 6300
1663773 94 7113
334997 8 9880
5268410 70 6252
696801 45 4133
1336319 62 1597
47787 65 3643
1046897 31 2002
4092772 86 2903
10091360 86 6680
17297753 49 9507
312047 17 9656
2354764 13 7477
1099595 14 7632
5983441 51 4777
22719330 14 7905
2543298 55 3920
19991651 92 9788
1 71 1266
12668316 48 9507
8413409 15 7563
143483 28 1773
600380 7 4371
5067809 54 5403
38470546 61 9870
39938672 54 9270
25236 34 151
34944951 56 9472
1276779 82 7187
3878683 3 4400
7577530 27 8828
7990 92 6073
3469858 57 8264
4978 9 212
2792954 94 5357
4231755 43 4422
11066 87 1708
6016 20 1595
3150284 15 7574
39279 30 5722
16739013 2 8912
728813 71 6182
20528740 82 9825
8763099 91 4676
3678 11 351
35269 62 946
10335306 73 5037
1086611 62 7774
3337451 58 4789
12109704 64 5627
58264 69 533
15623235 96 7291
33476412 93 9597
1141854 56 5080
165798 46 3304
1151391 10 1659
6414 45 9722
8967722 43 5120
8650087 78 4064
29521392 84 8931
56291 79 7296
7898933 39 9590
17676628 57 7810
644371 77 4333
1794934 57 4082
20046049 8 9519
5171457 32 6365
10009720 71 6510
722644 45 2661
6750376 54 7953
121165 66 604
719569 24 1145
31893 29 2064
58936 41 7600
305812 77 3091
1452989 6 8835
710399 83 4281
12087681 95 9577
26932880 60 8799
339889 11 1682
1294004 25 4510
76658 9 4002
455950 29 3827
26592 34 727
1010645 13 2119
5670 93 4780
315 50 6867
915332 25 2584
22987 84 4513
6471398 49 4042
17937928 31 8498
748844 59 5295
19905837 100 6351
5798910 64 4445
234891 52 2152
11733242 93 9109
14590115 40 7248
617734 83 7239
24801 61 473
5192 54 278
21341379 95 9849
10984015 45 5474
6303350 26 7248
3271764 76 3845
2585649 75 4691
11915 16 1365
97861 29 643
3189691 27 5006
180338 79 2588
215137 43 6518
1326869 61 8197
968395 29 7543
13692636 35 8959
1596077 10 2729
2950673 74 7467
52731 67 882
5124103 7 4206
32178645 30 8818
6059675 100 4548
16747924 18 6660
2529944 46 9241
2231959 2 3114
310846 52 952
3362851 64 6307
35136532 13 9400
1214187 85 3265
8229481 80 6139
79205 13 6513
1758001 21 2363
1299120 19 1783
12497538 73 7491
203010 34 5834
22854098 61 9221
14336 84 410
5725 47 7607
525867 96 1282
30129530 96 7921
155389 83 2425
13876681 5 9248
395278 22 2565
403499 100 3717
45005 4 396
1755043 68 4288
439955 60 4110
3750600 98 6166
8738 50 148
8015944 89 6041
38949610 53 9483
34375288 99 8695
21644690 62 7658
6549421 34 9930
988153 18 1318
34438481 41 9485
114226 92 7061
1 46 132
1221 5 1292
57364 29 1278
26604953 55 8529
2660139 12 3582
9005190 8 9387
489359 16 3183
5101355 12 8844
6845606 89 8208
7490150 13 9928
5892602 47 5465
1 27 2760
12100899 34 8352
873663 43 5634
9485242 10 4994
1237840 92 1484
10593816 70 4558
7133537 91 8991
28445596 41 7704
27211 91 261
1 65 82
345248 74 1993
12088882 25 8246
2508589 69 2299
14163763 4 6430
49991 29 7301
20130606 73 6371
51794 17 9699
1195896 66 5715
860765 8 4633
445076 55 8601
21486665 15 8539
7424698 48 8617
3927 10 3256
2263 20 337
2890045 14 4689
3759 43 900
60438 51 1503
34082 26 2542
18353026 46 9107
19713684 15 6507
7000821 76 6331
25367998 37 9089
9246268 75 6497
5131106 71 3447
16746 24 9083
2887278 2 4328
86803 41 713
1012184 85 6024
1817865 14 4232
36032853 87 8613
2280739 95 2459
23042042 46 8899
8451773 32 4040
3313683 19 6085
3715098 68 4528
1007749 45 6787
54935 15 1979
20154608 94 8465
3241812 18 9612
4098355 33 9450
886884 40 2212
7962319 29 9275
23499 30 7418
1411021 63 3014
1758482 38 4416
15714441 2 5789
268889 23 1439
7956032 77 6606
171347 22 1049
1786492 64 4350
3394984 90 8891
12020910 53 6600
1614926 19 9520
22216 27 207
1784053 39 3813
4791368 22 5060
3599402 58 2803
1174164 15 3137
3667059 78 8952
42690 31 1888
1503850 37 7194
588243 92 5836
1849273 68 4724
1 7 89
5656858 95 6651
1635517 22 4943
42554 50 728
29509236 30 9255
1088593 30 1966
1901725 41 3926
5803542 41 7654
11443064 87 6835
1593045 91 6644
146 31 92
12430901 37 8331
2032042 53 4136
8609229 14 6698
909943 78 5496
2329841 30 4071
2964900 44 3428
80404 4 3926
702160 41 1094
7735557 20 9576
69424 46 2782
257098 42 1277
191205 65 2976
4101156 5 3660
8460659 64 4204
35614512 50 9090
30302222 28 9192
17762027 44 7985
3634686 98 2919
490897 26 1275
293328 24 763
28730992 75 7858
1960050 83 5782
274795 54 9551
20064469 75 7008
4005266 37 5470
13102000 21 8076
3509177 22 6426
6005287 83 5606
56389 3 1509
28748942 73 9494
727303 72 1441
11428711 85 6907
11559 88 721
4547608 57 3362
208993 69 9070
37654810 16 9783
1644885 21 9910
80750 97 504
3038181 87 5284
1419437 17 1665
16300848 52 8657
9692744 94 5524
817003 11 2351
374462 51 3462
3234155 33 2634
726239 24 7334
4244070 16 7836
2703318 4 4409
2849687 14 5506
3162013 30 8492
15743333 14 8756
5455690 53 5167
28280 4 3616
347772 100 6248
4258637 44 8657
656946 56 2383
1417608 30 9279
2668278 3 8210
1382021 76 3677
334367 92 3240
29904342 75 8036
13897396 52 6555
1245739 100 9779
70544 54 4259
3916218 82 3515
11258163 60 6488
18628098 61 6906
2780061 85 5750
102300 55 369
32164282 23 9719
25955916 56 9625
17627050 23 8977
11899579 16 6848
145062 16 7385
11867836 43 5693
632857 79 7697
1086919 22 5056
12502016 26 6301
11221520 80 9873
1813831 56 2956
11956056 21 5587
3933317 80 4851
7835420 32 4959
414098 9 3313
3022287 68 3713
1319825 31 2675
4126776 70 5418
1363 90 229
4017311 32 7436
751799 65 1421
17555452 10 6100
9672027 54 7757
1636679 34 7294
52215 56 1084
9506232 42 8694
38725569 33 9254
11102205 33 8973
924478 45 6860
427468 45 5589
104928 23 3012
33412638 52 8872
13178632 12 9340
1660184 99 6999
670988 4 9331
7604177 11 4936
19871 79 290
13290826 37 7778
90272 30 807
14558993 72 6366
22753979 54 7272
6140715 92 3973
9266855 9 4397
1129259 100 3155
18230 93 205
5621586 26 4860
5972714 23 5387
188572 89 2920
3536854 66 5956
33753576 35 8226
202413 51 3232
6414851 57 5293
588151 11 6121
43187 61 5152
1690749 69 2873
9921853 58 7820
3471199 95 6463
844158 12 5735
492294 98 4661
1303817 94 2894
1571872 1 4042
357706 72 1149
12979514 62 7136
244190 24 1906
83856 24 1330
931848 54 3130
2879961 13 2990
9243 30 447
6058121 96 3708
552454 38 2382
337020 99 794
9941123 76 4686
2451079 72 3500
12913680 2 9567
3949239 72 3107
6787409 40 7677
3794971 41 6136
1719 18 7781
26623 41 2187
107354 12 1939
470234 92 2083
23044 29 2397
487108 47 3244
4374735 90 3723
2438767 29 3317
149222 92 3789
2662550 80 9276
2311143 97 2434
26290579 22 9748
503368 23 1156
311512 7 1930
3244658 28 4627
4178457 26 2929
1873911 72 1853
1914802 30 9033
57907 32 3214
6239154 72 4018
3652887 90 4304
975864 61 9773
18706 32 6225
9185725 56 7645
22207881 91 6860
868987 83 2447
6016794 36 5162
3241080 71 6612
404623 86 2035
110579 21 4478
443671 24 965
592798 78 6232
60042 55 415
340173 41 6481
4553230 8 4631
6156230 87 9861
2545024 63 2305
800646 88 7838
6519083 67 4321
6919112 34 9275
52067 70 818
7879745 94 4482
4357881 32 6531
3458023 10 9705
15475328 75 6755
25581149 30 7927
444058 75 870
22080289 97 9453
3672194 99 9250
310753 40 7501
1602525 9 2686
255616 53 1336
971598 9 3190
5045512 38 6093
16714700 34 9571
13669702 3 5853
18512657 23 8256
38626645 80 9938
4517979 46 7695
432238 43 9076
85806 3 1078
2649227 61 9910
12218369 56 5856
1262723 29 2486
1279347 98 2586
5166218 76 5198
15147250 17 7807
3068752 36 4126
15773033 87 8859
7423796 88 6991
8022797 25 4368
2855254 81 3849
3732632 21 4000
3006734 98 9855
97069 10 905
1137959 50 7490
138489 32 5107
16808254 83 7381
564092 24 3611
11056341 42 6570
308308 83 9759
26881388 36 8512
46938724 3 9602
3529486 97 6883
22986328 14 7853
1103624 99 4761
16887 23 5126
413832 4 1149
456677 89 6630
167748 19 491
11784380 4 5350
37095521 76 9172
827333 65 6368
4488238 71 5003
16479796 96 8285
3637148 42 4916
475656 49 3535
10843751 12 4791
24247639 51 8938
19120331 26 7550
682891 16 3893
1681 72 2773
29950 61 217
12320374 65 6078
2767291 42 7426
7460728 14 6271
4669591 95 6915
9668071 47 6774
22205638 89 6965
38333 84 8733
1877148 73 2084
2129491 64 5020
20297846 71 8070
1267998 53 1520
31391 84 9917
904 30 1464
6359853 46 3968
1822622 1 5390
195279 16 2167
63593 70 770
59238 40 563
362534 64 4135
286958 23 2976
1 66 1104
13772143 90 7628
4795442 3 3303
1 99 2295
173582 80 1975
232575 83 1044
1467167 93 1731
4438450 46 6359
9397900 9 9364
3919141 27 2737
886935 2 1279
1 73 1657
4769115 40 3506
783083 51 4571
81388 93 904
4732031 36 7301
22132399 73 8359
7502734 19 5165
3471578 33 2939
3719904 23 2783
7697117 62 4230
9188140 54 6653
1659188 48 2567
4557217 74 9345
1772259 30 2075
7785840 32 3935
1771388 17 5624
72520 96 1079
240002 93 4222
5556997 10 3627
1 79 3115
726073 10 4173
8008469 99 7302
123164 26 771
86471 67 2288
252627 44 1028
8497234 90 5675
5515979 89 6233
2204783 17 4559
11412233 27 5235
200539 96 616
2509254 89 6892
17842933 81 9511
87893 97 592
31004966 95 7790
945317 17 2551
1275128 49 3166
1143776 55 2570
2985792 79 2907
6093196 83 6984
214144 15 4136
306233 50 5393
1537476 24 2342
4384493 49 4410
863947 12 5779
4068323 54 4793
2901432 38 9967
15393378 45 7864
422791 55 2119
1575948 62 9925
40836 47 772
4357276 37 5191
112160 37 4707
56804 70 2119
225637 35 3804
673271 89 3267
11625307 18 9757
1240141 88 3111
1 94 2042
7462449 31 3838
303726 51 1912
21164304 92 7634
17184 35 1999
7960 13 66
699520 71 2250
275810 40 5066
1292949 87 7028
442175 74 1472
18264616 39 6249
13286 39 1908
1706870 5 9595
1213532 53 9815
20485922 92 8453
1285191 7 3523
575107 20 1510
18898532 47 6775
4115411 66 4285
25519306 3 9987
6201272 43 6251
16722723 22 7252
1273061 28 2475
3296353 45 5856
2510630 69 2201
18120 65 3162
27958 46 3538
1 92 2725
921363 88 2438
6480 90 207
461564 64 4323
343456 22 3459
96106 32 1604
12170 9 179
2082709 87 2068
15698062 46 8649
645821 51 1075
309014 50 1911
1 95 468
706379 51 6048
2625248 3 3015
3339725 28 4308
532147 43 1364
1211044 40 6642
41789 35 5333
8014933 23 5346
903763 25 5016
1470102 6 3973
1 82 647
3902765 53 7903
4447316 5 2894
1395099 65 3930
193650 23 658
8762300 1 9016
5934260 74 7121
8081208 2 7181
200802 78 5539
489689 89 4633
11115654 49 8930
775985 9 2223
3604187 70 3853
10778804 96 7991
11771711 29 6398
2188028 28 2290
6246700 88 3809
25619 62 3355
13967259 62 9227
3456528 10 7907
6480522 36 3666
3944279 35 4449
1 60 357
56994 69 519
404591 22 8619
146534 28 808
731013 81 4544
13482880 80 9564
3610680 73 9888
11033687 81 5177
852756 55 9318
1 74 3967
107945 71 398
61397 55 985
34906211 36 8772
33726989 52 8626
17322 70 923
1625076 47 9267
242825 75 1905
1 92 2329
4872304 92 9348
2927923 93 7570
307432 25 2794
28821566 19 9167
4036656 99 9899
33544 17 698
640031 74 2155
782849 30 2288
2527705 24 6206
2793115 75 4594
269702 5 9717
18555180 92 7186
4690614 4 4342
2430434 43 2210
5913461 7 6452
13831494 49 6720
1483877 92 1909
8575751 53 4607
1130563 60 9210
3246370 5 9994
840708 73 5740
664011 55 3626
5725 23 55
7760308 46 8959
100982 23 2052
167771 16 1293
25130711 72 7953
1587472 68 7841
2187834 14 2702
486696 98 1342
190314 5 7631
2979217 40 8364
8706916 44 7072
3477 32 1716
847085 92 2351
1433787 79 6903
2807679 10 4474
241462 78 655
380477 37 1857
12636604 16 7840
20973 8 313
4681184 49 6309
578313 65 1141
98855 5 1109
12978518 83 8291
13158684 98 7030
14843283 33 6912
9990565 20 9567
389043 20 1451
72181 100 942
18513875 33 8260
74541 17 7764
3222767 9 4999
80038 76 5809
8261562 82 6073
196422 41 5197
23318 70 1142
28790279 46 7571
16370323 17 5818
1 62 264
1838678 53 9986
1325845 55 7088
28138 77 6719
675958 44 7926
7466611 62 4504
3204617 73 8742
1827515 82 2282
4158027 96 4278
2545 51 413
2996 88 487
10716368 42 6299
20373251 17 9323
31578 19 732
4783173 93 8648
401215 30 7067
7430235 74 4415
10674969 96 7490
3574928 40 9767
420091 73 8224
3173255 3 2975
133315 64 4475
17203771 44 6480
24070 21 546
23970061 11 7604
25625 66 351
232182 2 1027
335867 84 860
142267 97 1039
1 64 2419
1978827 57 2160
10050303 17 8235
3486331 88 3887
6740558 98 5253
3719490 52 4301
3242705 47 5271
12958 93 9436
2297650 11 2946
10625317 2 4776
1555050 84 3357
17049372 83 6829
4353259 10 9506
1 96 229
1871271 79 9110
3999969 9 4248
122102 62 1685
7981576 38 8625
8846245 56 8934
95906 51 8256
2770 26 2375
3756812 27 9396
9586106 21 7028
4101671 63 4972
1 40 5296
10645860 5 6899
715415 88 2312
698924 90 3428
1096617 70 1888
64519 94 282
3978491 17 5031
3800253 9 5554
25079 48 6559
35089935 69 8754
14123551 90 7405
7123727 9 9994
601780 90 1121
944830 4 1690
5210316 82 3606
818301 94 4261
2384963 90 2106
1455499 12 3293
8666594 18 7371
21334 81 147
3868913 82 7467
340426 70 7929
1040355 94 1649
21817 1 192
806122 84 4357
18526318 32 9322
1085610 90 4231
15880156 77 9212
2187366 87 2867
16918984 61 5932
2778945 90 6949
42888116 76 9648
924440 40 2245
1046024 82 3066
11758463 46 6031
6112522 14 6318
441 64 754
5516274 30 8180
7232 100 175
12440733 70 6766
7734118 61 5506
936663 72 1548
7305720 33 6020
4225661 1 4723
504067 73 8251
4928004 51 6378
7188815 59 8027
121608 82 4788
3198021 73 7508
488034 21 1308
99729 87 7105
442971 86 3269
193777 5 9878
818279 75 2855
796820 38 3615
7233919 95 4943
220676 84 740
6496466 89 8786
13422694 44 6708
97648 79 7292
869689 17 6792
656912 47 1099
7088144 10 6259
2245863 75 5590
605494 29 1082
3449858 19 4601
12584519 58 5083
3204399 36 4528
465548 67 2480
7731513 38 4050
2180442 27 3650
5503691 14 9548
15674031 61 7160
340856 93 1027
3352558 30 7193
32822995 38 8098
11936210 6 5547
550463 99 4904
10809705 22 7029
87430 68 939
17755 67 383
8160132 12 9226
440412 19 5697
6269924 88 9751
42233 66 553
6074103 43 7081
7379735 88 8793
1021555 43 1998
35468415 61 8534
434 47 1667
835523 19 3127
225571 45 3379
13267857 87 8917
109990 63 3363
31943150 72 8275
6819087 93 5479
2614264 97 8716
50063 93 411
2476788 94 2892
7792456 33 6456
4989751 45 7975
7487761 11 4997
589213 26 1738
11538529 55 9763
20704 31 125
2465154 48 2580
8800078 56 8495
98635 53 859
7640767 30 5009
11917619 97 8747
3758671 2 3212
681324 84 9629
1505018 80 2226
336706 1 2845
724891 7 3729
1459560 58 3134
2472454 5 8384
29803237 8 8423
126134 25 1211
29057803 9 8753
7786029 64 4586
452644 6 1534
7366026 92 9013
16819373 46 8416
120 3 46
46999870 29 9918
276553 78 7934
7611859 30 5328
362829 28 2283
471404 88 4687
1693144 55 2662
608759 12 1625
2973 12 4119
900199 78 5144
28773955 88 8409
391048 53 1006
6355832 31 4830
6441058 11 9435
12921904 38 5651
63042 67 1600
26617963 77 7928
5440826 79 5845
11651757 29 5575
261086 88 3299
210170 22 3311
990130 79 3349
169316 2 5871
6723435 62 9769
18225333 44 8461
13620067 100 6417
1398706 11 4383
53261 50 2016
2096334 24 5505
9676801 51 5047
7549613 13 5187
431038 26 5574
18547785 57 9751
1389848 17 4642
2035157 64 6854
30551 55 1027
35277824 42 9372
3346363 33 2848
13235884 23 5444
5501353 40 8915
4097464 78 4758
10164715 29 7545
1 76 335
22186430 24 8581
775614 98 1978
10106679 79 7890
3529704 27 3230
1457640 10 4197
2456080 43 4759
30114653 37 7808
1140311 74 6785
24565611 6 9401
41095 94 2182
4451728 41 6482
3030702 79 2723
133251 15 920
46850 98 299
19237 64 1705
536916 28 1624
2368084 24 8841
3658512 94 4482
831976 3 1210
3965800 54 9118
26704911 61 9507
5675520 70 7583
257513 58 845
306826 7 2712
4659930 60 5276
600141 65 1337
9793997 84 4400
279906 92 713
444661 5 1828
3376131 1 3170
1875985 51 5630
13811918 48 6563
13348191 92 5772
149496 43 2118
564682 85 7642
613879 42 1257
136843 27 3435
2005974 89 6674
377467 72 2049
140073 44 5210
2947923 45 3180
431279 79 8772
7538 13 340
364019 34 2171
519052 68 2384
10931025 9 5956
8034784 69 9441
37550 18 3504
2643391 18 3280
8514864 87 4430
9501440 27 8579
1398465 93 1667
98567 98 1172
11127710 56 7094
9797841 82 6682
9904777 3 8360
7391569 9 5508
11395842 62 5181
1066768 96 2021
184478 9 957
4299631 1 8986
112524 41 1058
30201706 79 7748
9987943 3 4448
586493 85 2913
39958 3 1187
426359 63 1409
358349 84 1044
18953 81 3229
132470 72 1657
19403852 48 9729
14597252 14 6825
23127407 51 7953
1364470 87 2346
9933469 25 4489
276773 27 4945
132340 7 718
509953 18 2126
22070 82 144
11314985 93 4886
329138 94 1715
696490 2 6992
8987256 4 6144
10888 84 3359
255510 48 1780
12845 10 804
1001527 7 6612
18166 8 238
109175 45 1291
574835 75 2690
6576465 47 6340
2628523 35 2440
257153 93 641
17002293 48 6814
398204 88 2079
10406501 87 4868
728673 16 3203
23329009 50 7674
9444362 82 6847
22056248 76 9597
951110 14 2801
2337959 85 4780
63966 24 3401
19763249 23 7173
471944 83 9068
358992 13 2065
12500141 58 6123
22950863 55 7832
1624624 52 6571
5548948 34 4529
8704 8 2945
8887092 31 4743
15497982 43 5597
10268472 24 6185
16778280 1 7817
34353975 34 9891
2117662 68 4345
2659523 17 3788
3387039 84 4971
6607408 41 4814
5867096 29 4559
23713537 25 8241
5656898 68 8885
23919 82 9667
18215689 83 7223
14854497 58 9938
6679943 51 9922
26365458 44 7571
35330541 85 8489
42743 96 672
10038805 48 6732
105669 14 1569
452347 70 1174
1098303 12 8868
100191 19 2798
93953 1 3110
14051887 51 6295
1271167 50 3136
27774111 30 7413
22252 47 1671
3619163 15 9176
233745 50 712
37211 42 2213
197505 81 1337
7798 28 875
1012950 38 5331
3148842 68 8451
417064 79 4017
1974612 34 3687
16067801 94 8567
4303835 90 4025
2213942 78 4573
3051699 57 3449
3377473 6 4196
32236482 90 8007
3232843 36 3778
9748722 75 8805
125239 9 5070
7463153 6 7609
466239 81 3934
10262368 15 8199
446328 87 6028
20102 61 592
167676 88 710
3021249 86 5671
548540 79 3109
19615025 53 8895
815688 63 1191
554114 82 1663
14022 32 540
14847696 30 7769
16405707 82 9334
255925 86 1025
21397317 41 8066
245828 78 4594
2689836 49 3119
12357 68 3976
728783 74 1663
2205716 53 2689
3430003 30 8662
201682 30 7765
27263712 87 9424
2002867 29 3053
17992200 28 6475
1609099 54 1844
5615947 30 8942
27362 60 4623
21375118 57 8355
4972602 61 5861
28672385 92 8841
2618072 90 5799
8135 30 903
392303 24 3893
409803 87 3273
7333487 98 4432
4012402 48 4715
6009468 14 5248
8038 47 7185
769262 81 2339
107762 40 1119
2767898 61 7881
19805873 81 9990
7663218 51 7853
2204242 91 6539
2968159 39 2500
79345 68 958
4772887 38 4540
646423 43 1064
216519 45 741
14715032 53 6151
1592781 5 7147
3106108 53 5758
38660 77 1842
2046941 47 3407
1768127 53 2998
1708786 75 5517
10531 18 1375
1094274 35 3837
108917 46 8852
3020371 87 3739
3091752 26 9055
372970 43 2506
433166 69 2293
2052919 15 7839
17568579 87 9680
154869 32 525
123281 69 704
643639 6 5374
964018 92 3563
2326043 10 5604
670688 32 1172
943347 45 7038
133066 8 6970
45389329 84 9572
5348 90 161
674146 45 6647
14440077 11 6618
1186494 67 2312
10824457 54 9557
28347 77 4054
7867467 97 9145
459223 46 2073
4846778 51 6019
351301 87 9778
442432 42 4083
24005699 82 7143
1536636 86 9320
10003986 51 5000
7148074 98 5168
1633906 35 7108
1876099 13 6735
38306 51 263
4507307 89 7722
326449 68 2260
805115 67 3346
6503004 9 6740
14029972 86 7211
30016254 6 9287
674430 97 2021
36386399 17 9487
2499347 24 8148
3384961 24 2598
37311 13 6844
3697766 23 6930
23287287 4 7951
112306 30 1531
258911 49 1730
275122 43 1377
1 65 6074
98400 97 2125
2708756 17 4685
754959 32 1831
3041288 60 4494
446451 70 7438
15998742 95 9150
11853 53 231
44536 43 1247
2633964 12 9824
117006 66 8101
3574 37 8630
55467 70 4124
6583 15 83
176377 64 989
14206062 33 8952
12792829 34 6697
1611626 86 7114
2993865 22 2400
28773470 62 7517
1237799 3 1550
1 91 8242
9117522 70 8908
1051166 60 4353
981518 42 3068
1777439 24 5608
1 67 6778
2468710 13 2686
8172301 30 7333
5252919 9 7247
335964 35 4186
883748 58 1599
2328 99 5967
2147525 43 8853
24268426 31 7153
5771903 75 7213
604645 87 4079
352685 59 1464
718616 6 3151
26318 37 3794
1776908 80 9784
5748423 5 5006
1690124 47 5095
4894154 47 6538
1314 48 2659
45750 86 862
618286 47 2061
252683 95 4423
12648112 1 6459
15098045 97 6038
3978639 100 4428
145946 47 1745
97141 37 1141
1 26 998
683040 45 4319
1336972 28 9768
1122523 49 6249
4992829 91 4621
18552156 17 9695
2610363 28 5550
1181655 78 1838
6563507 90 8939
1297924 40 6468
10734749 66 5638
27801292 91 8822
2016520 21 3638
1305904 88 2399
5232 78 3174
18038210 61 6636
41155267 70 9891
1 14 97
3328058 100 3500
173237 88 6891
149479 20 2561
2782724 69 2503
1 20 552
167 15 4746
11611844 61 6149
218 4 5025
761 72 4661
967688 73 9103
92059 17 607
7659355 12 4333
14473821 10 8192
13122165 81 8788
133139 61 2859
2029194 54 3275
179611 76 878
4862227 86 7696
8955469 10 6454
4352611 39 9633
15640642 100 9653
2114692 89 6904
3969564 53 7109
5718262 26 4855
3867390 18 3894
6891502 45 7814
370132 43 3315
857887 28 8793
10476909 89 4919
20726 52 6139
8631 55 5155
1181716 42 2530
5792308 12 5140
205896 17 706
30376924 42 9091
1820849 23 2377
9332930 16 8976
1792914 51 5073
2467965 48 2834
1 58 767
2481671 95 4190
24387 61 214
4592603 54 4761
33741895 56 9618
8597338 98 9649
459406 75 1514
25055 51 1939
4437924 46 4075
5504638 34 5397
607654 4 2452
79177 99 906
8013752 10 6718
6641308 36 4289
9290 97 566
2734554 30 5072
580038 9 1864
15553 9 980
976586 39 2181
2334007 75 5245
19258838 99 6671
2704387 19 2317
14129361 47 6372
1073396 75 2134
7967645 32 9585
23229376 84 7538
8741824 22 9272
34143187 43 8270
2114630 73 2757
2132901 55 4549
500 33 42
523291 40 2494
20001649 36 8576
24590 85 864
5666489 90 6357
20540731 87 7830
265024 14 2564
1714086 29 1809
21230253 92 6517
58229 70 861
12331058 90 7999
892892 39 3290
997085 69 6065
494504 93 3892
914032 69 1434
26313 89 250
27166666 2 7786
563001 51 1137
683716 94 1420
2075 39 1841
9234110 99 5502
60807 22 630
898167 33 1444
18324971 79 9434
95939 17 1002
7561277 6 6810
6638460 53 4250
147548 53 705
37664506 87 9938
3302297 21 3317
2103686 6 4171
1 53 8283
35656 75 301
1 67 106
4219083 24 3185
2575727 86 4371
251161 44 8370
22930362 71 8289
181364 88 2156
5601 72 855
1902263 98 2672
4363027 35 7642
620900 27 6207
1034745 38 4286
94082 95 1254
39668849 30 9708
14886 64 780
5407001 61 6831
8282552 19 4418
8125597 61 4965
1787793 94 8414
21399756 87 6671
2749264 100 9507
39689259 84 9676
1407502 48 6876
45167 42 8569
1252888 59 1664
12800145 32 5987
1 66 445
374158 77 1686
34305 50 2248
1 95 590
381717 85 2281
1224632 93 9386
429729 87 934
718 29 67
63788 9 1705
132981 35 2759
18450 60 2438
28667539 50 7821
197684 71 3043
399667 14 6006
8702577 18 9878
292660 16 2718
13227161 77 6923
16676785 94 6962
1481304 26 2666
92877 91 1009
8312432 40 9418
453270 98 9577
851278 71 9650
6073187 93 5637
1145922 23 1634
830209 79 6736
283559 53 1444
4580803 48 6576
1455626 2 9244
3105853 55 2711
3982635 97 2913
1726 37 364
9371207 79 4264
19345247 82 8004
437976 94 1302
1880294 50 3562
250177 30 4849
10437804 63 6418
37770873 8 9968
3253754 5 3727
4050947 66 2999
84650 27 5661
617330 97 1056
15280005 6 8261
246758 78 1016
3342934 63 4089
2530 31 390
22771316 73 8641
6159101 77 8830
19796011 84 6251
3731 81 3420
15169270 31 8814
71594 79 2169
1870538 14 1888
290525 67 877
598569 39 1965
27254448 17 8771
4908727 66 6875
146055 95 5399
16882154 51 9795
3517294 51 4962
1284120 87 2389
13477350 17 9062
2756661 87 5496
605137 16 1697
1224088 95 3740
2959623 18 7086
3201669 78 2730
4718864 95 7727
12381515 29 6510
3925585 43 2858
18553296 93 7268
63962 55 8094
918193 45 5476
3281527 7 9296
36255 87 1042
5606163 30 6596
4294332 2 3810
21787128 47 9228
18128 69 107
1986987 76 2622
11495175 81 5158
704419 20 1688
56503 9 302
274982 70 2147
221556 91 3286
1477487 31 7531
8715144 13 5486
67211 65 343
950408 42 6015
1 41 3155
11716 5 2567
11689024 87 5697
1366 3 4092
16737723 58 9800
15458752 36 6779
806447 81 8743
21028649 95 6902
512944 4 6496
564456 90 1076
11967338 34 6960
2091896 9 2056
25093277 53 9065
6888207 46 6217
313590 90 1833
288350 53 689
22520 22 130
3441535 71 2561
5364885 23 3276
4682 6 149
14454062 81 7168
719416 20 1241
91933 51 9293
828777 93 2969
577331 91 1878
8442599 54 4204
4067921 87 4019
3813077 94 9117
1467868 97 3030
12746427 12 5484
1586057 94 2372
1809787 22 4909
3555665 71 2943
1075678 72 4115
723564 62 2935
20252939 53 6955
243368 58 5560
4365182 33 6064
26892190 69 7707
3326183 86 5981
12437788 65 6880
29903617 84 9863
5361543 55 3311
3737845 66 6305
9544592 42 5131
353632 30 7315
1 65 2910
1415100 7 4647
19561789 37 9064
9941114 41 5955
41496675 3 9604
3552294 81 6383
22122912 50 6677
14981618 70 8549
3488003 64 5763
969703 98 8451
7169879 6 8142
16341205 76 8102
3979881 51 5960
3695 41 365
5297115 78 7573
1 86 1681
478072 76 2646
657927 58 2800
2324692 63 3186
8791977 73 9639
480836 20 1844
54108 88 8414
1 49 5189
30295303 15 9411
1050393 76 2614
456629 83 2466
1976068 70 7569
3732947 80 9349
2731633 18 2458
1 35 75
8458029 25 4917
853372 23 3685
22379832 44 7172
2170801 12 2978
888371 45 2898
33078 89 1713
7216221 85 4402
45332 7 2679
7721631 24 5965
1157967 10 8633
1033318 15 1932
42833 84 589
55296 57 2942
340225 41 5256
4698996 29 6696
11760801 96 8453
5729596 13 4455
16785 49 5347
175140 94 8173
2733374 80 2583
23009627 67 9329
3790122 69 5248
3592544 97 6269
22794 99 2389
10114971 66 5302
13542 72 509
10631819 53 6797
3783312 71 4491
1250 16 2945
4457 33 120
2656669 21 6345
926509 71 2846
7029559 91 4331
6958438 5 8104
6257259 99 7319
80838 96 3925
13294344 85 5666
409811 16 3524
241652 68 2777
274903 61 1626
14096 95 3854
11993221 96 9053
1808564 70 3639
41944833 77 9892
28117394 25 7780
46808 51 307
8356100 5 8201
21103651 5 7470
26197352 84 9007
27132446 20 9713
13939175 76 7444
274077 37 1103
24687 24 210
2470260 6 2509
8280428 54 5093
2613088 3 4852
10077 81 401
462956 76 2929
35201 58 505
99360 60 600
202524 53 2698
4816054 68 6647
82643 70 786
1898534 73 6326
267789 41 3630
9172160 94 6907
31307382 55 9578
10463692 96 9199
5150148 67 3526
7370499 93 7794
1826311 75 6572
131076 10 4595
94627 33 591
9187667 86 5781
12572883 33 6331
54 31 5904
32291 82 3370
25636 99 183
74884 1 2043
139662 13 9599
16558728 70 8458
26564 25 4998
1272762 14 8991
848701 21 5454
486530 74 6594
156889 73 613
5341529 41 7569
12978081 3 8678
3682794 2 3845
4130510 49 3251
4561811 84 4182
2473550 43 3081
13057659 26 6618
360810 80 5523
5673842 60 5562
23403526 38 7105
1190748 2 2238
5835949 28 7838
1869052 39 6368
2875841 85 4061
2937043 81 9448
5452576 50 4287
2538512 66 4550
12946813 86 6830
21908841 39 7627
187851 47 2198
7063706 80 4076
103529 56 385
9594366 52 4409
22254930 13 9333
9403317 33 5252
5962 11 4084
825052 90 1464
20599810 55 7093
1518386 12 7168
5926242 70 5339
4079940 96 3223
2296820 21 8853
3294740 23 9338
33502742 48 9660
278733 23 7240
2212358 43 3434
54867 75 827
10388734 41 7744
4727539 78 9733
2928259 85 3000
1225630 36 2125
325393 31 974
9369039 61 7053
413871 70 1749
8907602 51 7829
232295 47 7650
13727632 13 7386
20332249 35 6632
185876 14 1837
2951950 69 5328
5455107 85 3471
18991175 95 6210
21090780 24 6681
1213759 52 1975
3083044 28 7526
24016 76 716
9926777 85 6900
463 76 4776
8820 66 171
10655 16 4901
2666199 92 2436
4376488 47 9656
102484 66 514
50267 41 4165
22057804 49 7651
7313450 48 9432
12026 93 755
299110 44 2163
2514949 15 3569
700026 4 3628
1034914 89 5299
8776400 18 5963
217884 31 3013
3238940 66 4907
9061928 70 9026
3057701 14 3375
3771011 23 5124
3124307 81 9850
2347263 72 3327
10337669 16 6049
737201 8 9843
3853904 81 4242
12514778 68 8328
28846339 90 9403
8496516 92 7105
351 18 8757
6366189 56 7915
1 94 2054
16356938 67 8566
146523 48 6710
330882 90 2063
87609 74 1582
24131675 79 8493
6914184 87 4393
4297048 91 3828
3791910 48 6838
14529 30 1097
2164869 74 7905
4822850 19 8715
2612433 93 2717
500082 62 5670
4470072 34 8365
23419796 48 7265
148939 38 2412
966118 23 1429
2789080 38 7345
31306659 8 8837
21367 61 5227
19150718 22 9231
1191200 80 1992
589493 94 4280
8980223 74 4720
1840683 46 2185
146006 62 3452
5043 47 556
39292984 10 9140
1178521 98 2854
6750652 11 6228
1222638 85 9448
4528440 36 4772
16682403 97 8361
17135263 11 8668
1813721 91 3371
287529 48 8199
63412 9 3376
3104533 31 4632
599779 97 5939
462739 34 1476
851342 92 4738
4519890 58 3031
192377 60 590
2490774 45 6696
163677 46 746
8400352 44 8119
542789 50 2886
9903 28 49
17231434 27 8947
793200 35 1438
1583 31 801
7365777 50 5056
797400 66 3759
7598106 81 6658
424376 18 2220
510140 97 2213
1541 46 4758
5377978 21 7971
33040477 72 9524
7904602 7 5923
80968 5 3157
884292 6 3140
539811 29 2034
64577 16 997
13461 65 8127
9210269 39 4433
407 24 950
513520 97 1427
1015 66 3419
5729744 42 5645
716448 60 2034
6475419 63 5175
10442070 95 7023
130102 6 1138
163122 88 2975
55345 41 714
1417868 6 4722
7602724 13 6769
4619057 43 3025
2267738 55 4117
1315721 41 1708
45368 96 593
298528 32 8091
5871722 49 5534
121157 50 1312
15576070 33 6371
3970274 70 4451
26561 36 4031
14062318 98 9823
3974790 83 4173
3340677 67 6178
15987553 70 9278
88548 75 3437
1857028 98 3244
3390809 6 5039
1372397 19 7684
295905 47 2765
59623 8 1594
17630822 86 9680
13387552 63 9613
7492489 79 6772
1275594 65 9938
5690627 26 4639
802295 78 2691
38147812 29 9300
107793 68 7112
16342019 88 6869
33219920 44 8949
5023251 23 3506
4070343 21 6373
14536295 8 5303
22456998 20 9335
202452 76 8042
6971321 53 8199
9401256 82 4242
905464 95 1492
1931 48 87
5359 84 160
8224065 42 8415
60545 40 269
1428922 92 3628
8430458 62 4042
2409263 33 8532
3146 56 1619
1 71 452
1157 89 8610
89794 57 6509
1605519 74 2492
145309 82 3025
2752756 23 5770
288030 17 1206
8199819 57 5614
2271290 76 3450
2842 27 3690
1024254 46 1967
3523262 95 9898
319230 44 967
11782051 67 6547
444075 82 3728
2949746 8 9477
1028996 72 6257
5462 45 2340
34309 38 554
21341419 29 7381
377563 23 1080
94 13 9479
6457847 9 8552
7682095 60 8212
21060732 8 8425
15783505 64 5741
2747818 93 6918
1912315 58 2266
2946603 56 3106
20044503 96 9034
993746 31 5847
183800 12 7497
1872995 65 5587
3185554 71 3050
1 61 4860
17795132 75 6547
11585909 2 5808
57367 77 9519
3238851 66 6009
1189620 99 2145
1315 100 5501
247702 76 1956
10180152 39 5744
12520437 31 7451
28728 16 1937
18310122 25 7527
1696551 87 6336
2902145 88 7350
2375924 1 2354
1 58 477
59579 31 1333
551359 39 7821
3387334 84 2644
15188377 21 6624
1 67 169
5279415 65 5515
29600987 47 8319
4813581 36 6916
1651397 56 4837
2711143 56 7763
1122395 90 2875
33500 84 686
35221 89 683
8068963 34 6129
102723 62 6211
5818179 1 4977
126330 13 5691
263083 74 639
15966760 92 6436
20170744 61 9753
102212 93 6333
149633 30 1810
12737582 99 9382
381397 12 2995
1105233 13 4188
4430900 53 9625
11231564 48 9577
460506 46 1365
9168 30 205
890816 88 6121
1036111 24 3302
71010 90 2226
4522276 24 7371
935155 64 1770
2417633 55 5783
21012124 32 6514
512749 8 5712
26701 15 141
200647 35 1169
22529 4 3339
27843 4 742
3503077 46 3240
889289 41 1454
2756735 47 8847
142256 52 7493
1142 91 779
17968 45 334
82318 58 682
143917 72 513
13433656 27 5433
148413 82 3522
23832540 100 8705
106248 84 945
325173 98 4273
61786 95 3801
407354 7 2862
514770 75 2259
1611210 98 5550
92313 43 460
44307 26 1419
6 14 873
2078326 68 3991
740727 86 3612
2290159 78 5074
6119 60 902
238821 25 2179
566321 74 1756
24243858 86 8689
10503529 28 7166
3003600 78 2540
29134 1 2399
3801 52 8975
4678179 27 4249
5361366 70 4066
2945297 73 4715
199783 15 4096
3072788 35 2871
2240183 86 3865
1058728 80 4997
6875622 92 4242
1 78 2873
4763752 18 4884
681 5 2253
1858871 44 2541
933309 99 3079
433996 7 2544
349069 24 5673
2147070 25 9566
4417352 17 5369
200655 54 3278
4236717 28 2917
56335 20 5272
4327761 16 5521
184722 59 968
27826458 94 8653
3478987 81 9090
1497482 49 9029
68545 67 722
60425 74 3791
12511609 82 5072
886148 20 1562
2084 7 226
3516230 22 8072
7874784 75 8929
4683736 72 8453
1087884 81 2345
2573403 64 4025
117679 74 7366
3399301 10 5327
3828 45 224
35629736 96 9677
1246738 78 8572
189937 69 1601
10148144 6 7511
16917912 92 8918
226313 60 1684
230097 93 1273
26130021 26 8464
8471955 75 7133
149287 67 684
538656 83 9929
6540061 57 6697
659222 67 7661
36181255 96 9849
3450790 60 9410
86000 51 1826
4134511 27 3485
1222410 7 2861
32554 33 493
1 63 1145
1038610 62 2327
115350 82 1703
1995426 72 3785
507054 43 2589
1207898 6 5124
226987 55 1403
1254465 35 3999
3554193 68 2638
136305 35 1198
5139562 88 3295
204531 95 1552
4645114 71 9856
457958 55 1388
699083 87 3334
831937 86 5425
233096 72 1733
119151 50 2598
289320 54 1781
6136916 40 9425
3101640 3 3785
5564172 55 8849
131833 43 6863
376572 55 9922
12458770 86 5997
73279 62 616
8240726 78 9568
5367968 18 9957
728087 15 4613
14926061 70 6605
9885850 89 6979
185418 46 3470
1084279 6 3007
180275 81 1575
308 23 1527
2348264 8 3190
3218 13 1529
199683 91 3531
1 87 5301
30867055 48 9730
16959934 10 8408
2759546 25 2606
13148855 49 6999
30024423 51 8850
3204 42 354
191803 95 675
3904040 74 7710
50763 75 1657
178047 71 7094
158157 87 3160
13516682 37 6242
592711 37 2018
1511152 89 1725
1881134 15 7067
43273922 99 9356
1389159 73 1601
2952875 3 8330
25537482 87 8049
161449 23 1668
12799297 42 8363
2044 63 74
2337648 57 5428
1658824 26 4308
5025 17 119
224633 20 2331
481929 53 1499
2007302 89 2096
24880 54 251
7193 49 1469
7744902 23 6200
3756880 24 3207
473417 25 1265
33099319 4 8220
47796 19 7305
4162191 95 2980
1414049 75 4492
6472933 65 3846
2173178 28 7590
13381536 32 6548
5773456 29 7044
16573754 31 9467
3357640 25 9152
1 5 931
3205191 53 3413
20316964 47 7587
9610599 18 7347
2735703 95 3943
73345 57 2938
861037 37 1305
3380841 22 4465
1380097 45 5115
3313854 9 4552
4298429 69 3789
10435770 74 8591
906993 64 5133
1 61 109
90889 30 4428
65298 52 2536
6700025 12 6344
716664 5 4949
26281 52 4521
170478 39 9023
2589072 85 6925
2423084 2 4926
8807088 85 5914
319944 44 6209
15097681 95 6142
1998857 37 4941
18372678 59 7117
1186501 27 7764
14383898 74 7877
10745633 73 4945
1837310 48 7453
2872117 99 5062
68471 35 5253
32613 53 3475
8765831 84 7747
252100 36 3811
436435 94 937
18890610 35 8101
9997416 79 4781
1323418 80 5032
5798745 24 3959
59777 16 9359
28889683 48 8181
531901 52 1988
55594 2 520
8504011 11 4452
10654892 71 8266
1084190 72 1464
487119 100 1696
471168 5 3949
3798010 73 6174
184065 20 2277
9362794 76 7722
3429817 91 3584
602901 75 1165
1251592 49 8368
139662 52 5070
116400 60 6223
9070006 29 5159
33831638 13 9086
5976315 32 3512
8 8 2211
26574481 44 7978
2750585 2 6850
1429067 27 3110
3742162 37 4806
3510417 21 3131
820736 21 3152
14199863 67 7233
14257 66 2821
13779733 47 9041
8318652 100 6122
557611 78 3299
349598 8 8630
8779645 18 9277
251760 11 1104
8145054 84 6616
5170397 57 6433
1297822 54 1536
173458 61 3890
277955 86 1203
1691 58 1222
3195341 41 9950
1790445 9 4387
28612 44 2254
26701456 58 9004
7884812 6 5732
474787 3 6505
14948938 54 5963
1201020 73 2794
11937079 33 4817
1617150 80 4745
9387214 30 5693
1813507 71 6509
1304404 49 3631
9588589 24 7655
3025097 13 6297
24498523 5 8975
7324671 83 7670
328588 10 2442
1414696 40 2235
376014 19 7264
991972 54 6122
19915 36 4362
413905 40 1016
53246 75 3119
1728597 71 3638
6064164 58 7738
3633738 54 5696
4856654 48 8291
855090 15 1247
246502 98 2420
10491363 18 6030
13026670 13 9495
19417 23 616
11000 44 1255
4866832 86 3417
10303 75 2817
12573316 64 6130
13767374 83 5350
3418462 35 5663
4756368 40 3049
195055 19 1669
46293998 52 9609
1377692 19 9552
3447 21 1369
6521224 12 5749
426173 91 7005
725734 29 2060
4159557 81 5942
1793931 59 1937
20851256 32 9765
4041187 20 5391
537078 53 2372
125218 40 719
13046162 37 7302
722094 81 4971
139231 16 1010
1067277 73 6883
6502393 83 9426
5866661 18 5854
934858 98 1558
2100382 93 2870
8244755 52 9351
403204 10 4369
2739491 69 3855
1778546 86 2202
12010502 29 9342
2009311 33 5120
28294188 20 7550
5865556 62 7754
7287739 52 4554
29836355 54 8490
185692 15 1484
62641 49 479
2767147 85 6616
901766 74 1663
18250463 33 8573
3232122 49 9889
3621835 4 3644
349601 89 9536
5908934 50 7300
39358 21 3171
25673047 43 8992
6490790 20 9080
6603083 3 4832
45209 20 7650
35965 85 226
2838087 53 4606
3706987 27 9490
500245 66 9049
118964 55 2344
6131938 25 9093
10638683 73 6997
10683083 57 5704
12129875 43 8075
22180970 24 7885
21992157 66 8028
2822626 45 3665
16603396 11 7635
25330956 90 9906
1911661 34 4165
8670170 4 5243
22485 58 1760
19328 95 4688
35403895 33 8896
25598079 3 9155
19666783 46 7422
10263634 29 6974
126266 62 4988
8449648 96 5005
12943669 72 6330
63860 32 320
17317763 59 9529
18536007 56 6763
4680994 75 7310
1546023 47 2344
1906814 55 1946
898500 22 5081
13400822 85 9918
6316413 4 5208
52351 12 701
620745 69 6345
1 46 4266
1 95 6576
10593147 47 4745
84551 50 8058
1 73 91
28901 35 2781
16345738 63 8443
4234970 59 9181
19906678 47 7368
1536483 54 2775
23316694 88 8936
2394106 40 3319
3735993 34 9323
8972890 41 5584
646653 92 6056
111540 81 906
18882085 2 9172
10852715 46 9358
3366288 100 6066
570611 54 3469
275230 50 1147
21770553 92 7134
39703 28 3363
3870691 80 6631
24998541 4 7079
626320 72 1785
159425 84 1224
1521322 20 2194
23318920 52 9404
187019 17 680
4924405 19 7192
4221357 24 7288
435555 85 1247
6442379 4 4534
6750848 30 7184
30227284 76 9265
12934 56 2502
22266 86 1903
1142795 35 4454
980656 36 3306
682053 51 3281
22000 12 6190
16081762 42 6144
307 19 404
16753 38 1195
34444159 32 9192
603787 83 1201
6925710 55 6251
999903 100 2515
2585 36 4332
812073 53 4640
943653 57 1712
4692445 86 3314
3495595 37 3622
10725205 71 7626
93915 35 624
962842 45 3860
315220 42 1503
512114 55 2495
1363072 27 2492
1516819 69 2108
943001 7 1729
8 50 5242
4269019 41 3086
173165 75 2835
9477512 41 5054
20966506 34 7660
557411 9 2104
49954 43 8147
1305669 44 4691
4770999 71 9349
231634 65 2478
60645 84 9068
183585 12 763
1518351 38 7482
15055 18 9730
2414944 95 2581
1578025 100 2774
698405 30 7924
9900586 68 5807
271491 39 6417
5388384 43 5670
18956368 39 8581
1766569 49 2176
290100 52 3128
1465538 61 2518
54100 27 4561
3533689 27 7718
190594 11 6703
3763927 68 3515
2942599 88 7340
58420 81 6841
644011 31 7273
5159712 67 5540
5341337 67 5355
2721444 64 6585
800236 61 3342
16360227 93 7657
1716882 55 5009
46451 57 6696
1458383 8 3395
3236441 15 2675
647734 86 4404
343357 98 810
6032343 27 9287
48159 41 660
1030989 91 2194
6168951 48 4292
2795189 23 9994
13464841 62 5122
3307162 82 3002
165800 87 5417
27166 48 4978
560690 88 1568
21499 19 1349
7623292 75 5644
1278954 17 7422
7559869 76 7854
14447593 62 5330
11304235 33 5832
282437 2 9295
6984636 9 6809
1013367 38 2500
1506889 94 1739
8266 33 154
57810 5 4306
1520927 9 3565
10806244 92 5675
43316 90 3516
105017 39 1022
9263456 24 6777
142243 35 472
3587058 61 9577
18044115 96 7936
2509076 82 3413
7415379 44 9918
1444972 58 2634
1066 59 4501
15894540 54 6210
853718 86 9026
218661 2 1364
2488105 28 3477
12783754 3 9567
1 95 344
6750577 97 7516
8568314 93 5190
1862899 51 4658
8522463 89 4362
1100891 69 6424
11917912 6 6662
2605941 51 6087
3920479 100 6898
23995 96 2673
2558638 13 5755
5901908 55 8162
11250 70 8915
94361 76 738
1699467 64 7515
6409281 19 5579
23809789 18 7336
5839262 88 4333
319991 66 1293
1 83 2939
1 32 1976
4163134 20 5217
89119 55 3114
6646096 71 8347
237350 79 2591
363090 82 2455
17280423 25 6138
71911 73 2922
203292 13 3223
124741 10 4489
2144539 33 3971
13437857 46 8890
1182506 41 9640
421583 60 7738
7703073 11 5443
10344137 86 6305
868304 55 1746
1793588 51 2751
1 67 80
9431350 16 5659
21576521 37 8267
2472155 41 2675
1846330 98 6093
15247 88 1944
8866781 12 6223
36441947 40 9695
389959 30 2216
14760229 67 8389
16657 21 1958
1304923 96 1927
2477634 26 4414
11491679 39 6015
517280 94 9263
1210867 92 2607
486233 97 1055
29228037 27 8992
13293162 86 5154
18354815 96 9164
1182605 69 4480
1063189 63 2010
2396783 100 6702
27661952 60 7864
1458973 59 4428
14861459 63 9148
22373784 6 9946
3913638 41 7175
9393173 64 9211
2193618 54 3781
1457131 67 3001
846428 76 5158
155264 91 6188
373090 50 1637
39209 61 1423
162504 25 1011
638680 30 7359
1233767 18 5130
153204 85 7081
1091278 85 1916
573046 51 1838
52644 75 2748
2505397 72 3405
31221 30 210
870 86 1221
16358 25 192
6408467 52 5846
2018647 88 4514
695319 72 3031
3924496 41 7036
5535018 83 8840
650774 20 1614
3660181 64 4860
1037460 71 1363
542583 36 8759
98 26 698
827323 64 2094
5901874 97 4525
48036 4 6253
133847 85 904
5953152 50 3549
4182058 92 3464
5543384 54 6419
4666591 57 3027
4494792 11 5030
2331346 57 4952
683351 47 2892
2701831 53 3926
2546 50 79
784063 7 2855
2263783 27 2438
722 90 1752
694731 53 4025
6146514 100 4145
3121 19 785
11149862 88 7059
12510145 7 6049
7050497 92 8511
421571 23 2673
451983 27 1524
31123913 73 9232
22315125 88 7465
4272433 74 7622
1261344 62 6213
770675 35 1481
720369 95 9931
2775942 13 3649
3287568 92 2820
662473 36 2841
2199410 30 3799
9192620 36 6314
34319 22 1736
5808 70 259
1205411 72 2654
306047 13 1012
3312 86 327
273070 27 2616
733601 69 1543
101046 44 641
2176002 27 6891
213041 23 1710
4427386 58 3285
1906262 52 2973
412628 34 8096
915641 63 1548
16215177 68 7817
530132 49 3931
1 18 7978
1167512 14 3659
683 56 2207
1857227 56 4835
1625263 20 7563
1341805 86 6592
3710819 34 3525
11780513 51 8660
7693419 23 9146
5018310 89 5950
5046570 13 5443
9857158 79 6794
8417137 71 5289
75992 21 7283
1118465 59 9079
978495 49 1881
28865 56 1376
10322419 10 5461
15764409 4 8916
7055317 75 3827
5117174 19 6575
9069178 79 9702
188839 66 3618
721327 25 8821
434818 43 7384
219833 95 2952
1159346 29 3294
2156462 86 4252
2671926 90 2581
679306 15 4607
709278 23 1112
99888 29 2348
421196 99 3382
1790268 74 6282
24046629 92 7794
78991 89 802
48538922 60 9879
4780396 10 3845
323860 33 8009
16602992 57 7003
480760 82 1921
596884 45 8214
60637 39 613
638619 91 9068
1513999 88 2124
10901239 48 9754
404 45 445
781960 50 6458
29616781 86 8406
1563189 23 1903
272395 80 1341
1775829 86 2421
17229720 75 7027
11307373 5 9476
3365528 97 7524
7984352 49 4839
73 9 294
1246237 19 4347
12212 66 7422
15291909 53 9768
2775381 61 3760
38263773 31 8865
1045826 13 5414
2469065 86 2232
3633996 74 9517
15525770 88 5935
2050737 48 8763
1242408 78 5635
3345 9 4967
1865992 93 8453
3752659 2 7912
1899502 22 3020
848545 100 1286
12962666 58 8245
13562879 10 5942
1086213 43 3164
1687677 37 5886
2624181 78 5002
4950312 59 6705
2442967 56 9838
1773041 33 8005
5515429 16 5818
19404955 83 7536
1212450 79 4596
39628 75 9405
8110 28 1059
5882800 55 9932
278607 60 1816
32005588 80 9662
1284686 30 7461
1998 57 3302
523184 74 2006
121646 54 9198
461860 84 1819
1007856 57 5282
13747 8 2561
1538612 97 2262
1759357 73 3920
6735467 2 6162
29078 99 1921
3424924 54 4535
1201817 36 2457
28224129 80 9774
351634 87 8145
207275 84 1442
749880 89 7825
638742 73 1381
631489 74 3759
7715235 18 8822
308157 89 5391
4566680 55 4036
1652308 51 7362
94568 81 1664
718540 24 1288
11934 95 194
3581207 100 5977
1286 33 1146
6584627 47 4490
1719904 71 3682
8067448 30 7211
3093557 29 5426
3290638 64 5775
7657178 77 4397
119556 56 7365
478023 19 2489
1275893 6 6110
20094569 10 7122
170739 98 8896
518564 19 3683
4822279 74 9953
14060769 77 6850
31206544 96 9168
777632 33 1698
125972 5 1241
2291841 72 6205
24864722 29 8492
149683 60 1645
2087494 33 8111
7638 93 804
28440 70 775
14083966 91 9983
320020 57 4489
888644 63 5088
1122323 92 6488
14389652 27 7174
3598415 26 9241
437153 91 2229
152275 81 6761
3190437 77 5668
526758 56 6489
3196644 73 2488
51114 26 929
13175619 74 5207
10364684 58 5444
22189 43 8706
26620875 77 7716
3280395 68 5321
5231538 75 4495
41523 90 7011
4256334 90 3463
54623 63 6823
27705762 57 8243
353882 44 8770
410905 65 5196
9599461 36 4488
7636805 75 6047
4992 76 394
34946354 30 8689
1 88 1211
2246156 44 8756
46457 45 540
44349 98 781
1653812 82 4573
33685132 6 9224
210164 10 3018
41042912 30 9893
4966171 63 5297
24539902 47 7191
516833 94 8863
357521 49 5858
15371150 52 6561
644596 9 5526
1000217 36 6248
1430848 18 4170
1297685 63 6980
1 41 2486
134551 80 3043
2812105 23 4256
224195 37 2131
12641220 88 8774
1891861 14 5834
5605490 19 4326
491350 80 7923
39510 96 2609
22186339 71 6814
7495585 26 8947
439083 28 7202
22683277 93 7434
5764353 14 6344
12803947 63 8820
5876439 70 4580
2508657 56 3102
1 78 790
7786631 65 7897
948443 37 5842
614984 26 4918
236971 91 4338
610747 48 1508
2274541 39 8398
1696007 14 9105
17978038 46 7520
28827 17 1083
25662485 70 7587
88382 44 6880
5538670 7 9869
386192 53 5430
2454 41 5957
1457770 14 7817
13005675 53 7596
26527695 23 8212
29408 62 1974
22949735 60 7898
221861 9 748
1693277 32 7703
3529267 66 5424
5318539 92 6861
850924 25 8603
16251737 79 5620
14161142 64 6939
2052148 15 9761
27437 33 397
22680 68 3009
2249648 52 2654
5724742 47 4063
12388353 24 8876
587510 46 2572
405267 31 2224
2888618 23 3835
5204985 10 5787
315799 14 926
844487 89 3342
4190497 77 3108
213558 62 2004
26567475 61 7762
191670 22 1430
6332173 8 9290
8997901 9 6944
12272656 83 6809
19755941 37 7068
7286839 35 3777
18121 50 2752
22513246 56 8705
456343 28 7048
2393889 93 4068
10182091 13 8020
26402733 75 7974
38486 59 1618
49544 22 323
2348795 51 8194
15814615 22 8146
1090211 51 2934
158367 92 8324
1994806 94 5778
15051836 91 6973
483359 52 2107
5749394 100 9911
108706 78 6022
993323 67 4310
1441442 1 8610
1047166 37 6650
13763406 45 8755
3598982 39 4326
306065 54 1592
11211489 33 5952
1946 37 797
405626 54 957
34784 7 2301
368834 12 3838
2689987 22 6019
520873 30 1708
93168 26 537
667870 21 2226
2012207 9 7569
5733557 87 3908
507895 35 1507
4210972 32 4105
1284922 24 5603
1103014 12 4548
124666 40 1644
31707 100 6549
1506406 71 6475
17241977 23 8932
74683 37 874
588210 66 1500
109509 80 617
4592300 51 3529
4007789 21 3851
1 98 6470
27128815 25 7998
11358732 83 9439
135026 40 451
2232622 97 4761
2868323 96 6544
97098 40 3612
11772529 17 4982
1297683 37 1859
8644943 6 8553
113356 80 776
5208053 69 4590
209699 71 7119
110487 87 5244
44836 85 1600
2161207 44 4380
3566327 55 6667
1768853 86 6624
929248 78 1662
986427 43 2653
3182389 19 6447
66670 28 7841
24065734 12 9333
11576738 99 9535
425266 46 5442
1418729 94 1956
133119 30 1135
16589652 37 5741
2498942 15 4472
14005 27 1536
657696 28 3434
3661241 53 4244
1417520 2 8817
4455877 26 7081
8862523 75 9457
3163060 61 3133
16332604 88 6272
33112313 73 8609
183734 98 8763
337100 81 3293
3402108 40 5838
172944 34 3680
27739338 48 8416
964220 98 1605
1081220 28 4007
14751702 50 7051
20300 27 1626
2522 34 5529
3959758 6 3014
3095139 84 3638
18379874 2 9842
19341017 68 8143
972783 54 8893
111454 46 6159
24282755 18 8081
852365 24 1309
1097 37 4137
2416025 41 7291
17049885 49 6844
6456516 46 4732
1257904 8 4796
786419 89 9850
1926803 23 9132
807506 27 8835
15189 82 2497
1784274 74 8626
2491325 72 5488
7399680 12 5325
750657 87 2164
549578 31 5192
56062 25 9951
7462373 17 5795
6856 41 3888
315 77 137
807133 91 9528
13555 5 8291
2322368 92 2810
3435697 24 3681
1403815 3 8755
272990 8 4456
15896 60 326
1 83 3813
1156603 42 9650
2358887 94 2851
187854 43 4128
5147954 89 3358
402599 54 1108
842367 54 1693
228038 13 1756
23014356 70 6713
10028669 26 8315
2500350 73 7141
10156462 87 4442
5133257 99 3315
1 55 8198
10195950 17 7050
7541 36 6419
859357 15 1799
5396 76 4544
148985 50 3453
14782 43 5679
20284433 11 6505
73391 79 7853
3256621 43 6548
2373341 36 5032
61916 13 1045
13354835 53 6070
7761184 36 6028
1407213 51 2424
419610 84 5486
767063 47 3304
1617111 68 7684
1601857 70 4336
222541 78 6375
30345639 49 9132
6775701 63 4791
1089956 76 8617
1129062 61 1955
14740545 13 5817
1339345 54 1586
4964099 53 7008
22870 30 1833
326058 82 3380
985387 5 8702
4606676 49 3391
15457407 35 6900
26363091 67 8519
22592 82 4456
74359 55 3299
532523 89 9738
270748 37 679
11122749 4 9059
1539067 3 6449
664018 61 3629
48165 57 2408
25254 27 9503
251206 5 1557
10775017 19 5881
37482861 58 9295
2621434 46 5991
2472101 32 6917
13286573 98 7513
34444939 40 8884
18516152 62 7016
4705113 38 9935
847083 78 5820
189063 63 8902
3929510 55 5012
18217697 13 7741
517287 91 3118
2061581 24 9786
2718359 77 4806
2974041 75 3638
1097302 74 5359
324 84 6500
4414087 46 3501
2788130 56 2994
12236 99 765
10145670 41 6623
7110178 80 3973
79387 99 3007
11365998 62 5138
3017867 83 9576
116098 56 422
29374 20 1232
2318035 40 3317
196400 3 1759
30124946 35 9212
12753 70 1637
2198500 78 6861
57286 3 1716
13989190 81 8106
1615783 5 2854
29802 28 352
326832 50 2558
838111 86 3517
1039995 47 2909
7693465 38 8200
28493 19 543
1864221 70 2002
5856480 3 3647
926112 96 2585
1326592 77 2667
4706411 35 4335
637580 86 1800
1560634 59 6693
1990122 92 6756
26318521 62 9962
8729 44 49
522618 73 1542
6507309 40 4741
2472899 22 6144
2485560 5 5794
1 91 4566
378590 83 5645
259713 1 8703
1618448 57 3627
11964066 41 8515
4973441 44 6147
463741 56 3237
1101801 12 4927
11249398 66 5840
15728010 1 6825
296481 26 4292
4347680 98 4002
18386601 58 6572
23796838 85 7461
12474442 59 6111
25887 97 753
334827 1 3528
8082438 40 4411
1405103 28 5373
4699098 48 5008
68466 22 8210
22376 46 6256
3909587 41 6719
9123 97 2059
288099 50 7436
4287914 95 6181
2689751 85 6372
8404142 67 5503
1307 13 96
3378585 98 3491
475995 99 1014
2089772 12 3728
379925 84 5702
4190884 19 7614
14419183 8 8527
180804 8 1062
1148343 97 2593
34046230 93 9715
7139381 88 9493
6515378 68 8556
1610931 41 6888
5520310 72 8157
1872516 73 5580
2699086 89 9817
5226163 45 6162
312121 59 3316
1556797 62 8366
7821699 2 6127
16914253 55 7416
3108158 44 8922
2687046 99 2588
3620876 16 2931
744032 3 1733
688377 21 2517
109877 63 988
1878471 38 9670
279899 81 2255
12433518 41 8465
86975 17 5026
17538426 15 8804
28789114 26 7843
13590252 49 5668
112715 81 8720
149638 75 707
275313 46 2462
64756 11 1170
6818 16 471
46536 46 1499
16240558 20 5858
2522549 43 3333
938599 40 8929
21717094 85 8534
2457459 53 2358
170702 21 3459
11882301 87 9735
320948 10 1647
122110 2 465
1243354 42 1907
20996980 51 7180
1526442 1 3978
1338961 55 3496
8117619 20 4949
6918468 10 3811
4373628 57 4366
10106255 4 7181
198759 85 1792
53836 51 954
8815201 43 8988
7471922 27 4568
263304 3 9052
28029276 65 9528
5095969 30 7237
904721 65 9094
4493783 1 3329
3017 56 6542
717028 1 4104
1462292 20 8694
14384874 21 6004
31628349 60 9264
4351374 80 9558
3785736 11 5069
6780968 33 7797
45253 95 812
17717 45 182
30349199 48 8235
61283 1 2147
373559 28 966
10637423 18 6699
3537178 48 6438
3799143 26 8774
8839940 22 6911
301314 18 1592
4808354 87 8609
709904 1 7656
395345 1 9503
823376 10 7848
28341 31 8069
877629 70 2769
395234 73 3576
2374758 23 4468
9495046 41 4792
9675054 29 7065
902591 22 6222
4106453 11 3004
66958 36 402
100970 100 5285
159747 51 1481
73128 4 1781
8949383 58 9792
2039915 14 3087
307 8 1743
388487 47 7562
1852496 38 1945
54029 58 4784
7338118 85 5733
499212 64 1525
3381591 69 7803
8423844 74 4263
15676036 71 9276
37546 55 192
1223600 44 1786
4404148 43 4527
4573631 59 4223
1435 92 563
307238 3 2032
368391 95 882
21998615 90 7661
3448164 4 9956
1091909 100 5123
163079 19 4345
33283421 74 9478
132668 2 2516
1 91 644
80748 39 2086
5237128 31 5755
8641397 24 5210
198274 6 621
18467693 74 7419
5224169 16 8590
1187841 90 2363
33460644 71 8599
234521 59 9429
3971295 38 3441
2677494 51 2825
7818081 65 7185
491587 11 6851
1263179 88 3327
170388 85 1891
329 73 1975
14205306 29 8929
4539652 63 8215
23970961 76 8408
1408614 10 4819
24932542 61 6995
2885778 78 3721
1649751 68 5508
1 29 843
1182485 55 1459
9878046 68 7276
33507608 19 9167
1079586 84 5430
35672 93 365
2635580 69 3232
167346 74 773
10796826 78 4563
3529285 39 2562
350465 79 6548
794632 57 6023
2511107 41 6633
90841 34 8559
8606657 84 4819
9689193 81 9410
207998 18 3107
9720067 41 6029
1672792 56 7326
516634 12 3792
18875319 81 7488
1924767 73 5895
26296711 9 8903
552026 72 2290
145565 63 6374
517696 88 2709
6262814 83 5386
1420126 77 4510
23442996 25 7655
1519778 60 2555
7460701 100 4200
13253141 41 7489
16673878 98 5767
85993 70 360
6982769 84 4966
5230 68 5344
374412 32 4971
21764807 36 6559
24189652 2 9564
499675 85 971
7463955 94 8621
11009583 56 6047
985710 7 4812
142953 68 986
1285663 31 2047
83503 91 441
938120 37 1452
3646213 37 4345
1376310 13 5146
126902 17 9621
30048930 52 8708
602945 40 2227
21391180 15 7420
12066 28 2418
363482 18 1215
6120945 77 8374
19224402 58 6341
85486 32 3687
607139 4 8862
803101 96 7104
17875670 65 6582
12860966 80 5622
2349594 11 2558
23144901 75 9811
9719965 2 6765
4538573 43 7706
9448337 98 9281
5326 69 4854
2522243 99 5611
4606256 79 3468
317784 35 746
3897747 59 4313
795314 68 1323
1602 5 111
17453061 29 7199
10831269 44 7666
106199 57 683
4459237 67 3018
3316200 77 7553
241925 50 3696
246468 72 3851
3921596 32 7566
11053973 92 5924
10033142 56 8819
4880560 8 6812
27083054 43 7284
21416795 33 8647
718078 42 3829
22275623 81 9881
28525461 4 9785
654436 70 7927
2594774 5 3299
9983 53 142
54498 42 7279
5867831 62 4584
2834687 23 2619
29626 76 1358
1 49 5130
419749 85 1467
82414 12 1417
6301543 27 5621
22502913 82 9438
4702073 9 4420
5897411 16 5952
36432925 99 8652
468886 58 2205
5680777 85 6903
631154 56 2971
324742 67 765
241549 87 1634
1001605 74 2332
10657979 20 7634
2746314 82 6639
17343 25 1057
2771130 87 8210
5350339 1 7994
4545274 45 6056
13373578 55 8315
32071263 90 9633
911992 40 3418
3071648 12 4752
8432917 93 5391
14058103 12 6482
7091260 26 4944
29682293 13 8156
26895906 55 8679
145624 74 2601
5895 52 5154
550874 65 2024
116472 78 2322
1766795 33 7083
18137 32 764
4386095 88 3684
153335 77 8634
2380238 91 3629
1054192 13 1747
1025080 73 7025
1987081 85 7035
675857 1 6742
658948 80 1828
4811474 77 4754
4528304 9 3551
1311148 95 3216
22757392 28 8380
6308286 47 5585
764950 56 6345
4028193 2 3413
49902 78 2979
849381 22 1320
3150201 53 7656
440912 23 2813
591375 20 2159
1258070 27 1854
1 99 926
10848862 20 6637
1 34 2441
3536 11 2195
9824931 75 7150
3062590 97 8683
50657 91 384
8600567 4 7204
8812868 57 5998
322128 85 956
1953 56 5737
5722896 44 7290
3279434 25 3802
869079 76 2829
11130801 90 9520
430439 76 6570
17040297 99 7086
2323630 56 3675
3807033 13 3611
9320864 10 7471
1290633 32 1913
19388768 10 6674
1 39 7329
110266 27 3921
2516869 28 3533
309521 91 1549
2276134 77 3045
105 12 1764
3610549 83 3521
10294907 1 4744
130549 33 525
63471 13 874
14532777 63 9624
10 20 8755
545648 62 1017
9444 8 91
370449 48 4631
1748794 18 6684
27123415 64 8727
9414192 5 5156
12050947 66 9362
160896 21 5545
1269 67 2767
941541 3 1371
28812655 36 9491
26364680 33 7448
31373033 92 8408
943057 26 9346
4221972 39 9962
4950359 76 7804
3220319 18 9272
61206 80 373
3219729 58 9927
1 67 2698
1 43 92
19456347 12 9665
3079122 34 4529
4076434 28 5679
9607 9 3294
18577 42 185
18780815 44 7876
18460 67 105
1551218 81 2607
33137746 18 9945
213150 73 2425
7427358 45 5876
493597 89 1948
16398059 90 7537
7885201 12 6389
2972438 74 6624
545160 39 1689
2136 6 1676
24541 69 1220
925955 89 8397
8891421 2 9919
1827803 85 2120
191428 74 1616
1492164 84 9433
88435 36 724
11244701 20 8589
14182961 79 8683
8161820 60 5140
1 74 1976
5557772 18 4617
18071550 46 8165
381147 1 1526
26095685 94 9178
5417 49 415
22141284 20 8589
10202400 70 7993
765193 76 6154
3320925 13 3980
3190867 27 4592
366055 44 1811
6846 28 169
35381108 100 9724
2475685 37 3353
9031721 88 8575
48670 24 407
10841265 19 6608
2671845 6 8103
42711 1 3389
139258 39 705
55857 52 270
14412635 89 6928
1526762 41 2164
10685751 27 7846
14922539 78 5757
708387 100 3430
414244 26 1719
4041619 1 5322
17972711 35 6892
2236147 45 9232
1890658 21 2392
741072 41 2780
6252 78 5472
130627 32 1979
12648627 14 5670
4303352 58 2965
1711661 99 2056
28247 76 7558
7629 24 3263
414765 60 6516
76352 17 634
8743009 65 7598
925148 69 1290
282387 93 1433
8789399 22 6098
13251427 96 7696
20497976 51 7388
2357041 97 2402
7533185 64 4034
66852 5 6313
4045080 17 5267
1134120 44 5028
38242 40 4301
10053496 78 9485
1359223 6 4847
40738702 5 9393
3823660 63 9056
8283041 86 5084
244192 86 6216
7805104 82 8664
24734 9 295
311286 39 2342
36198881 33 8877
11697003 87 8052
1014523 80 1450
166214 11 788
151936 52 3229
3758310 6 7957
3691149 35 2887
5353522 55 5713
4546762 86 9911
12421065 37 5151
9143665 32 8695
2365594 17 4346
13346617 73 8883
159500 47 7124
4469378 98 4609
9495 100 4722
15085998 87 9216
3076758 2 4483
10039229 9 7293
8971035 35 5127
11447958 42 6027
23028357 70 7650
2018344 79 5710
90306 78 787
3630 92 9914
12738 8 992
15715855 97 7171
1009701 65 9185
1 96 305
4813268 86 6591
14559537 77 5504
292865 49 3284
5369174 84 3515
5252085 21 4384
7835914 60 9115
1020622 71 1771
125144 61 536
22306269 49 8988
67273 32 2728
538509 42 3821
746288 61 7766
27234315 58 9220
8776 54 952
2325238 87 3286
19661253 73 9555
13171819 79 5573
11137177 28 5155
6442729 65 3790
4544670 6 4188
6312413 25 4466
10576214 77 4835
1300399 66 7900
96009 46 587
18794 26 1138
590411 37 9085
1824388 83 7655
773204 77 7999
577782 5 5909
1339302 20 5061
13507210 50 6302
334089 74 1260
82962 10 3460
1053357 25 8357
769996 28 1228
141998 37 3025
3453022 35 3819
4173682 16 8527
849887 87 5852
525021 81 6326
3905531 62 8798
12317263 99 7103
20791917 37 7048
6711291 66 7457
5034737 7 5549
1362528 41 2168
24287 75 4671
409853 49 1269
8694528 48 4769
28716413 82 8466
721877 99 6286
6170933 44 4182
7098546 59 6755
123256 58 859
486351 14 6841
429735 94 7178
4301144 23 9154
4515743 9 3231
113423 48 3315
1737263 64 8114
10234 29 123
13162819 54 5627
4438 47 445
21258 11 1415
6186997 46 4264
14256373 65 7762
26209450 45 7964
14017899 6 8765
25800390 89 8967
24458978 60 6986
216658 10 4562
1 87 96
1 40 216
12333382 82 7820
2126062 85 4779
93874 41 441
2508903 68 9811
18468 96 995
2339499 88 5953
75375 74 3255
8632651 43 5609
581010 31 1341
408112 54 1004
8273793 48 4515
335858 34 8246
124716 76 2851
9821009 9 5163
2000748 43 6264
1520343 46 4939
127742 37 1507
22087988 70 9478
18237708 60 7531
51135 23 2560
148140 59 953
210919 48 1211
1667074 67 4096
7656498 92 9547
16284938 13 7553
418753 37 1038
28107553 83 8134
4992078 74 4873
144842 46 2189
366675 13 3172
19903063 32 6739
1685171 28 2018
6126 66 205
10277677 6 8773
25994744 84 7550
24298372 37 7562
1145388 48 7294
317540 87 721
833990 59 3081
10682051 56 9969
2684183 79 8774
191819 51 4825
14990784 14 6826
1674356 47 2005
2645757 12 7790
1027708 82 1547
20493550 34 6774
4590928 41 3096
107977 54 696
54595 10 1154
4249010 88 7230
45157167 9 9823
5887734 97 4490
386460 14 1219
3747849 12 2891
66506 68 397
97307 16 5028
6938131 73 4073
11293147 94 6369
283366 42 8585
48486 96 2973
12861428 28 6159
1498129 48 9373
3427239 76 8748
479942 47 1088
1170209 38 4024
228339 94 1251
427224 99 6778
5161181 100 4355
1004600 69 1554
2898377 3 4389
1669835 54 1773
890397 40 7964
1 79 825
28904 59 202
1977260 6 2614
3206964 42 5265
599694 67 1496
5365541 91 8270
4723106 85 8649
6001692 75 6272
1 58 3061
17838752 41 9082
54152 9 8756
198773 58 5163
40334593 22 8978
918154 78 4865
100084 17 452
19763860 3 6793
6177877 41 7568
9157455 84 6403
4922326 33 5718
33880817 77 9366
8771177 67 7103
573630 42 1562
357464 23 1385
394714 55 4180
1 52 1747
1156486 25 7610
925407 17 7589
552145 51 1383
691531 86 1645
1155767 56 9728
4977598 72 6372
20860995 57 9382
83584 12 4822
6259397 40 6822
1604822 74 6765
4698736 1 7540
13124881 46 5746
1 93 755
36951488 90 8891
4392470 29 9036
163822 25 657
2840990 18 4939
3166967 73 2879
439859 95 1721
1 29 91
570982 29 1378
1 97 1032
17678841 78 8829
3975087 50 5115
8693407 53 4354
73877 69 1784
12996076 53 8571
11710870 44 7193
2780865 88 7241
18706611 85 6364
3554587 32 5194
11040828 99 6080
30297 12 2777
1244128 49 5959
624911 53 3031
1385649 72 7457
4867689 19 4688
2519540 47 7025
715740 52 4166
269326 81 4769
12228698 53 4966
5651012 11 4545
11797238 55 8415
31619174 76 9224
3790258 72 4350
103775 78 892
1 67 1137
12831653 13 6578
23097642 3 6794
10616383 76 9166
2389823 92 8487
1279315 77 8313
9131025 70 5872
14981957 83 5503
2231059 50 3942
5726874 97 5014
2479684 6 3989
4914531 35 4649
118213 18 2155
2239 98 1162
13186089 69 7411
6528805 80 3781
6720448 43 6228
1192412 84 4189
1497386 100 2696
1327134 9 6515
6159398 1 8671
28168000 1 8578
355213 14 9923
10827954 42 5179
14759 20 1087
2428002 94 5887
1806860 2 8003
8399759 42 5251
1806 47 2150
41005544 93 9289
2173760 73 5130
3154475 61 8700
7913928 33 5535
104884 68 552
34062758 68 9468
5435189 92 4011
163012 50 3921
136081 84 907
92874 65 5772
4101723 4 3743
97198 56 492
398144 17 2423
840158 67 1569
4123907 95 3097
7925258 64 4725
6384069 100 5712
5966075 62 4144
15090536 62 6869
779848 35 1373
719411 41 6441
122315 57 8258
405925 99 1162
6207386 17 8999
35145924 71 9399
1093455 75 7077
1880614 97 2281
1908986 69 3261
1392932 45 2997
1537799 10 4636
139255 23 7148
23552704 7 7161
3868 18 7160
9231197 48 9431
590976 28 1065
25019298 50 9045
143375 94 4640
2286251 13 5487
1979034 18 3056
555075 31 1629
8206675 44 5679
4555942 56 3328
476201 81 2849
162701 4 1181
3823020 78 3159
482731 62 3274
8672953 58 6349
249594 60 3280
192993 13 5360
5042650 26 3514
2236 45 60
651531 62 4485
206057 70 3297
135134 19 3743
1092350 78 2719
85855 17 600
4425596 29 6139
729016 46 1524
82744 83 433
4376169 46 4104
41076495 63 9774
1592110 6 2612
1481 19 5000
611688 66 3632
25414904 61 8724
1 84 642
101766 36 1906
6175811 86 3562
31238031 47 9841
1309309 78 7674
356811 71 4714
3461758 54 4891
4890661 74 8579
1219021 55 3949
3703807 5 5904
2184158 91 5858
12511467 49 5611
4778546 9 3723
93633 47 380
13960716 99 7635
229653 82 617
235489 3 644
4389871 73 4423
9647307 37 5843
1270091 78 1959
34190879 90 8964
827551 94 2602
20592761 100 9640
25388860 9 9312
145213 51 1451
476673 34 3055
328733 66 8352
1 83 9328
508 84 494
722816 39 1530
3209126 97 4736
17935647 75 6325
24372 60 779
4254272 10 5743
43989066 72 9779
5939456 17 8696
22980240 3 7443
697370 56 2323
19470850 33 8286
1703588 87 3172
43136152 20 9260
21794303 70 7011
1803892 43 4154
8325970 9 9855
47796 52 330
24419178 16 9085
2723306 28 2397
1 88 186
27141003 34 8872
1909061 58 2165
13222 43 226
8510653 14 4389
6031785 45 3486
8009463 31 7910
39838506 93 9882
229868 24 755
836231 96 8828
1359098 39 2634
2352243 79 7528
883868 11 1956
321321 29 2095
15558 82 1326
20565535 53 9463
484726 62 2956
239141 7 820
21342906 89 7614
23268 38 2390
5595147 11 3861
3718812 87 4203
4178359 25 3548
1122917 45 4830
5783340 65 5894
729846 8 3151
324603 47 1089
37329143 78 9556
7752643 48 7600
1218775 39 4822
28 3 143
11620 9 565
19657 22 2831
868166 94 3764
49667 9 5665
164241 51 6331
3420301 60 4338
7054465 71 4080
43441 90 2851
5740365 22 7241
21140836 86 8219
6938030 14 6393
4457588 9 5092
10982088 10 4994
11331087 26 5328
1107118 48 3710
222454 21 5791
5238700 30 4021
59205 77 276
35841 17 368
17114804 40 9372
1 82 3466
2037474 44 2931
97549 34 1047
29459906 48 8570
121558 11 3496
185188 79 1325
5309202 77 3440
3459756 35 4880
19066977 99 9606
3861759 23 3069
158771 91 549
18958732 85 7991
49891082 26 9932
667122 32 9919
22070351 56 8838
27046 66 4381
25310 78 206
4330102 63 6082
4614770 84 8790
137979 17 479
343208 47 5609
8524565 21 7968
41715839 3 9912
1631109 32 4870
1342768 87 6796
314890 31 7886
11004278 57 9737
2590092 28 4222
10477913 76 5409
1280812 36 2867
2594000 24 2329
14719458 51 7057
1726035 75 5802
5024488 91 5933
39376 70 515
8318339 41 4965
191462 37 819
16412 21 251
359573 83 5877
1 88 374
1704249 69 4759
11094537 69 6199
1 59 1339
5405748 45 5609
7618162 64 5888
135427 12 5445
1127135 43 6279
1 58 1819
50195 56 733
2435919 64 2602
637870 23 9497
15764559 58 6381
7404197 16 5199
7230454 28 4006
22271 26 891
31441 58 1778
2148610 45 4370
23489307 10 7222
151344 85 2160
955751 76 5100
11209403 69 5478
1205114 18 4679
1588526 69 3602
5443061 67 5058
62730 63 3406
19158571 50 7794
6481967 93 9513
524065 100 7156
5671649 80 8895
7777967 99 6372
8560603 13 7202
1275990 14 2563
17384851 92 9371
57380 19 5509
8104453 85 5370
10849704 91 9578
49537 29 435
21335277 49 6526
7662674 43 5862
1096562 35 5361
75046 31 3879
1280002 46 2794
4732296 76 8299
4476735 20 4692
23140043 19 7661
52616 73 624
1647545 7 2094
3009956 18 3795
4630969 89 9326
29675207 94 8334
127681 73 1525
15547189 8 7295
4498352 73 2983
59073 96 304
1962510 13 3620
106133 15 2119
17831342 74 5954
5795874 6 3577
629811 14 2939
2265933 12 3742
2415883 22 5401
31150745 51 9982
1556157 33 2835
644382 56 2185
6548773 55 5078
246496 39 4685
3274802 39 2672
718983 71 7548
673589 71 3147
17037 39 3719
6413002 29 6050
2034702 36 2542
3226617 64 6640
2546899 3 3317
17391117 49 7868
4964762 86 4679
1065401 62 9266
1 94 8674
1068969 85 9119
11863304 27 8193
3905778 1 9746
165377 49 559
21731975 37 6668
4760732 82 6941
287184 18 8710
193418 83 7155
1023182 40 4392
2855868 77 5047
1753721 35 7969
60800 50 303
642373 13 6825
647935 66 1640
7352164 8 6137
1466452 31 7479
408052 16 6374
7075579 47 8136
31834 73 543
6021342 93 5202
1419080 33 6943
2470087 64 2979
1837985 62 3794
37494558 21 9616
699032 5 3726
20787 38 8033
6326605 67 4715
7473778 38 3873
362851 47 1189
8633848 32 5303
8590565 73 5265
2297808 86 2358
2630943 3 8217
233572 76 4546
356716 97 2161
8188986 22 6183
4353248 49 8069
111192 32 626
6781329 82 8969
883927 37 3265
10569695 97 6990
29037957 26 9912
5976766 18 7789
621465 84 8611
276 20 1690
2365 79 8042
13423 65 220
1001593 71 3371
164757 46 1383
4488547 32 3874
2974130 18 2887
67434 19 3925
900667 46 6611
3512024 39 4913
11048984 87 4619
578 12 192
1247224 33 8319
1279597 6 4026
9690428 76 6284
3948352 71 7858
13373713 31 7156
90239 7 5703
20408072 44 8761
22264897 92 9416
195766 62 9395
3353172 49 4506
54541 69 7364
66585 86 5492
1956254 32 4505
3709426 37 7027
912123 83 5984
1575755 4 1796
1177880 24 3307
13413565 16 7539
12480529 85 4948
16135799 99 7910
3479583 67 2671
230406 63 715
1029751 67 7610
7353720 9 7625
302756 58 2518
187677 90 5215
429620 17 1285
13662866 91 9457
43382 15 691
19323751 77 6304
472743 68 4332
5498714 89 9718
14033383 39 5415
1 74 3188
80924 33 531
10268805 20 4857
23954 46 209
24646191 56 7625
10574364 69 6394
447164 81 2348
1911147 47 9834
1421459 14 4208
67197 17 2202
10466168 88 7511
114371 50 3647
3095248 98 4713
12286717 54 5835
2210752 60 3970
43705 44 6477
128713 84 1686
1 89 7926
3107562 40 9842
2488738 27 6415
2092528 71 3741
12269725 50 7017
4260517 57 2846
13795 94 358
19705495 84 8919
1375534 29 9476
367199 21 4369
721880 81 1189
250280 84 907
11076977 74 6141
8971702 6 5135
9610397 80 5984
19930369 75 6593
42885749 35 9426
675440 9 7234
34409532 75 9125
279396 52 7666
181124 65 2030
408405 34 1108
14138641 15 7737
501718 21 3662
979765 42 9228
4571967 99 8601
1 61 240
3218441 92 8344
21412990 1 7420
263038 81 1295
118392 9 7450
998106 55 4318
1008724 9 5101
5012404 64 7517
1 87 123
4139774 55 3978
146079 57 1821
298069 57 1160
6726331 73 7243
28194863 89 9671
3158385 46 5254
7484 23 2854
7354509 35 7398
7104575 88 5637
3028630 35 4134
3982514 75 2724
24318902 89 8830
1795894 56 3409
1073447 67 6667
1807053 31 2509
8301161 93 5460
305487 5 7107
20422163 98 7346
15178 40 195
455029 71 2515
948429 84 2331
2416499 1 9351
7155279 29 7455
4736757 7 7405
9289352 56 8669
3378424 60 5251
13690707 61 7613
500470 48 1447
4763 89 1221
416698 23 8858
3378758 62 5336
32138 29 279
2195625 11 4266
860413 95 5626
413882 49 6480
5987973 22 8823
3800215 72 3368
2579020 15 2637
100886 45 881
2848027 12 5109
966778 16 3749
16016215 59 8687
22553 20 1822
4973334 83 6453
61190 14 3487
826388 93 9709
34440885 42 8786
1501583 20 4346
42265 65 6709
107347 27 1029
13456148 79 6718
12181070 98 8344
299297 15 7978
7067568 74 6335
1632741 27 7148
1073067 98 9015
1021511 58 4273
7579717 65 6778
797309 90 6731
6325509 64 3885
6234161 35 9506
22313361 17 6637
615412 44 4232
1941917 59 5242
90002 96 1843
1 76 115
5554043 28 3700
6178298 51 6692
7268835 94 5063
45246481 22 9723
26070226 68 9184
73599 54 582
817156 87 9709
23563977 47 7168
2560470 58 3395
2716572 63 3572
49952 37 4337
2938985 93 3406
142487 84 7137
649940 73 7868
391 42 512
4912625 21 7337
23216 43 2196
4608073 31 4081
8791385 59 5487
766981 55 1417
433235 75 7509
3758479 14 2787
6567364 45 4841
2185013 62 6282
13 1 7623
1 48 467
4916694 78 3563
11335 10 2966
685781 42 3470
122866 43 3586
1334574 67 3517
25808503 62 7901
193704 13 5619
1390590 43 1630
1699889 65 5786
502876 68 2019
254294 25 6128
1902 38 9282
39496383 71 8876
231198 50 2563
2057278 10 7952
24212422 61 8427
267891 3 4353
10730125 40 9281
7555964 15 5034
2027657 22 9559
7343354 91 4296
321811 100 7477
66818 85 3547
12048 81 1999
93016 54 2119
552819 49 1351
7469626 80 6938
2105688 84 3423
290631 82 8038
766494 19 1140
6913515 43 6197
4760054 7 7149
16245146 73 6640
2401517 14 3111
1253409 80 7494
2416912 53 7200
6118838 27 3474
404054 22 2995
19170 39 310
2421823 21 5129
39891391 55 9569
32512487 12 8540
51710 43 2486
34882510 92 9606
6100684 11 3973
16684871 1 8303
12681077 7 8214
4504 74 1073
26794484 98 7937
1704778 93 5427
2023840 47 9742
10953143 32 4870
9240650 7 7420
1017526 100 2030
7304771 14 8254
6381 89 178
1982084 18 5047
31192903 88 8714
8483690 13 5268
2999636 40 2804
5480426 23 6517
525911 24 6812
39640 39 4668
123781 44 2720
2924796 14 2940
2078628 84 2587
42295 38 330
384239 42 3121
19435392 77 9266
1810449 31 5399
3588954 13 8598
983920 81 4218
2716154 27 4002
64425 51 3204
200989 87 2781
4470334 39 7620
503877 33 4912
2963310 20 3983
25796 67 330
198639 67 3708
191871 69 3241
5517646 25 3847
406624 5 6303
227285 12 8144
943008 12 3554
25518380 14 8064
20186 66 1327
13101296 24 8827
2288 6 30
5937572 20 6515
2575929 49 7210
4861 39 379
16199259 78 7365
12785339 52 8343
17652 92 211
2274547 70 2128
447436 19 2895
9214257 94 5009
20588956 94 6908
205496 64 1227
2100141 5 8749
7980597 19 7406
891111 35 2699
3443568 57 6177
4499685 26 3664
29321276 11 9993
12470131 17 5413
61758 31 7106
10463000 31 9279
9304222 26 8892
364531 77 2534
26192304 40 8097
13800522 82 6438
2838527 91 7648
2181317 65 5643
741279 40 1475
1385 31 1099
918085 91 5351
1042178 24 2475
5433108 33 9601
14987 31 89
17023533 78 6590
209176 45 1523
8645883 30 9081
2981282 53 5948
116153 37 1248
383685 20 844
19335051 35 7489
31327733 92 9462
630797 68 4698
1385443 98 2557
21520987 31 7101
1345 28 1850
31553717 37 9438
16571686 39 5694
350473 1 980
3679403 37 5453
13562668 32 5381
661591 100 1085
25876661 48 7400
5719764 73 4483
15919329 91 8743
1387694 87 3082
12190809 72 8019
10931 51 1721
631705 22 2032
112509 81 6064
191731 66 2706
1 81 9660
426080 25 2492
10860888 22 5703
2005373 17 9279
1765593 30 2850
5919737 81 3667
3771889 28 3201
11519905 83 9619
3178851 38 3119
5113918 87 3182
7124 100 419
19892286 53 6923
99984 29 9311
411696 79 4352
988572 95 2346
34548820 90 8843
9974 39 83
7155454 88 7990
7273822 63 3831
4732272 70 4436
3727157 19 5903
356389 72 5017
12829797 71 5646
95327 26 2379
17733674 68 6203
146500 70 1354
202588 74 955
9567633 41 9331
1137376 47 6266
45476 55 348
266976 36 3161
845172 18 5923
8764274 86 5749
154885 50 5774
3883352 5 7901
1 51 617
339091 12 4747
915496 53 5809
350014 46 1330
11484713 11 5644
144964 44 542
4294651 55 3973
15205488 80 7134
362812 16 1079
1630266 85 9053
1140818 86 1537
475782 26 3865
4609870 64 3072
3450208 90 7265
734671 11 3450
3672978 72 2764
3359744 83 5613
34489543 55 8962
2009094 87 4731
1890281 7 6225
7900402 25 5276
6454 58 1509
40110 11 1113
78520 3 1746
5134083 81 4053
1068020 10 9012
4612423 40 4556
1212 76 4943
874952 77 1955
15057462 18 5454
264167 85 986
1004932 70 4198
2719111 58 9482
369763 38 7592
8818106 36 9405
30718979 64 8767
25843147 58 8671
2182313 77 2204
263608 23 4014
15730206 22 6221
115074 84 1219
6776926 66 7588
10288907 39 6278
1 85 294
544604 42 5368
29748852 91 9472
2482912 51 3480
44574 10 6190
664991 30 7876
588043 49 8709
583924 85 7154
408420 7 1815
5602073 68 4825
645452 47 6621
1899 8 274
8749560 39 5228
24837560 98 7142
67736 49 335
1210634 67 1519
34948320 2 8664
692246 87 1177
1197 63 2376
16983469 18 6203
924987 10 8696
388650 25 1519
8652878 72 5423
1109 6 296
476814 2 3886
6872 80 200
1232265 17 5631
19030 43 220
6270011 94 7338
572 2 14
1156524 65 1449
3030715 12 3362
536467 91 1347
1 88 142
31971 86 5668
8627735 28 6253
16841446 72 9983
1077610 87 4447
1 69 5586
903888 96 4152
11682673 75 9914
1544788 20 4450
3866866 1 4408
96071 14 1079
63544 21 5149
5143416 20 3821
27389688 12 8936
10808161 31 6260
22732618 47 8348
28649616 35 9558
4100580 26 6018
11248533 58 8331
25986379 30 9066
30227342 42 8587
1102243 2 2747
156867 53 9463
4620106 74 7229
20220122 37 8015
3372976 59 7864
4473745 30 6012
12193 30 6292
18709775 65 9299
1448801 31 9564
53427 70 8058
7636430 97 9531
17438702 93 7077
19030217 37 6749
6058995 36 6557
490486 85 3974
8032407 23 7101
13225388 95 5332
92195 22 7665
3927328 93 5317
1491555 88 2951
6095248 4 9231
264691 27 2615
2287895 6 4360
28159665 8 9540
2598634 61 2218
33390 85 3190
7508731 72 7223
1256413 92 6387
824645 45 1277
6891967 78 7670
115627 41 1302
58570 98 764
19162699 11 9931
1370666 25 4503
1622364 92 8217
227828 3 1758
36098 94 4732
81370 86 3328
8693901 34 6058
1 31 83
38316590 62 9398
66679 19 8488
6597603 30 5217
11095726 19 6276
14410856 87 9555
8243055 67 8430
2222194 89 3256
17004118 10 6651
34312 36 2935
324647 45 6968
2633426 18 2450
1190822 89 3222
6895189 82 4861
1578689 86 1746
678939 22 2778
843836 24 1497
6054808 92 5860
4513461 53 8022
9816559 70 9798
1 41 132
1277033 81 1776
7427797 2 6992
87457 59 7319
18869021 6 7199
464293 86 2182
6210754 50 3475
11274383 95 9808
7457538 51 7397
1000385 62 4136
1278428 50 2323
109084 50 690
3130175 11 2782
709196 41 3655
4919648 68 4578
81693 31 864
264497 92 1348
36194026 70 8661
15681957 44 9233
322680 24 5877
892168 55 8596
1654142 18 5512
11465499 27 7725
42345 20 250
211398 72 8421
1514997 18 9258
227190 15 754
13770880 17 5230
1001596 23 4209
11902476 12 5886
9618236 68 4713
1856141 5 2300
2615350 65 5619
3583988 96 7880
581316 46 5396
3998829 89 2867
17316469 90 6301
1002882 64 2608
11590291 56 7888
18799775 67 8090
14255038 78 7856
39739 17 8317
131211 41 1005
164487 3 668
195218 77 5199
13584 20 91
6842832 33 8044
1659713 46 5486
34796307 2 8415
2145080 41 7275
766278 39 2444
28794 46 4997
11235156 66 5132
39928471 40 9768
320365 17 2552
8948531 76 5951
101227 57 648
3286713 31 5941
1050515 91 2456
21109796 92 7939
42 95 9241
12101 94 133
4827967 11 4761
15102 44 590
52001 84 378
3162067 15 3907
168212 70 4980
2128063 23 3907
2155102 38 3510
398239 98 3509
102025 36 4512
48751 63 1933
3222030 91 2669
2939687 6 7430
1217037 81 7759
1559561 33 2190
35971898 44 8824
2581612 73 6835
5279391 33 4815
73001 52 6634
18015657 63 8478
20447905 7 7048
1348801 92 5952
33210696 93 8199
11974223 70 6858
715081 35 4952
11446009 56 5044
2782361 89 5605
3547151 59 5580
46649130 40 9918
1 85 8426
302467 66 1965
7014 23 59
1557140 73 2265
94102 87 8098
40632256 67 9199
28589877 23 7874
13855627 54 8309
8753 83 687
5767629 78 5320
9262920 40 8023
18941504 99 8629
15555782 54 9244
3855809 11 7458
330997 21 8660
107505 37 3835
2651 59 7477
27421923 9 9526
5487894 41 3637
2980576 27 7063
82541 87 5743
550472 49 1923
9306524 34 5072
678533 95 1150
30679096 59 9434
357044 12 1016
659909 1 2256
125503 49 1219
31771 46 642
368309 95 7919
11588638 99 8127
6147403 41 7526
7006416 25 6026
8070621 64 7040
606961 3 7573
434147 70 1790
28876 52 1054
815001 5 3363
6549258 61 3910
1162861 11 3240
1864931 38 8090
6204201 61 3841
1296361 63 2328
62044 19 3203
2220380 3 3728
76143 82 4637
273928 98 3319
75798 5 7179
1487091 40 4880
11596 79 1323
608353 75 6033
90640 59 9304
1735715 72 9079
1405 71 461
5349621 69 3247
1 93 196
15058 29 1108
5499848 99 7763
1585264 12 2175
4039932 87 5532
2262475 90 2337
3799 53 8299
673 33 705
4458626 21 5944
2605551 95 9171
38385 98 616
1465071 46 6616
11160 66 3939
151866 28 586
604131 59 3593
595 90 3475
659276 55 1630
427945 9 3707
1392781 70 3042
26925049 93 8234
12230559 70 7229
360710 68 1170
42267023 1 9643
734363 34 2789
1729783 29 4889
16695560 96 6949
2617757 39 7955
425307 90 8783
25609875 65 9220
24376539 78 7323
726102 46 2607
14341 1 7566
6262458 60 9061
25247645 76 7777
15790820 4 7923
48299 76 769
234338 67 4014
8706748 29 8324
6059855 74 6091
8054997 19 6761
435250 6 4148
594 2 82
2704546 64 3249
6214696 64 7417
8581925 78 4206
1219260 36 7302
13813689 48 6801
2709039 22 4460
906564 84 3087
2317314 25 3928
555217 72 8806
13124406 8 6034
268289 38 4259
4958512 41 8413
562 12 1869
22127975 47 9753
5913464 77 9095
2138252 52 3868
4594397 79 3946
422575 98 4109
9745984 5 4539
13778701 99 5172
204562 34 7269
2265296 94 5586
37963 18 352
679 24 855
7314 44 201
341773 71 3614
5691859 60 7190
6106748 36 3541
1320734 37 4301
10987437 88 7795
26087600 18 7162
20091 34 389
4957480 1 8800
8553349 68 8039
582105 91 1531
255943 37 4134
1 84 139
3862664 76 3525
1628143 64 3185
4212450 88 3221
4665668 49 6481
3486757 24 4894
3475182 68 4948
13220 12 9618
1648636 35 2034
415566 53 8537
8903405 25 6156
747647 49 3244
2788188 19 6415
408139 78 2336
8078408 59 7727
551033 23 2485
112566 13 1361
308069 60 2195
1682412 94 8183
1655654 19 3079
288504 54 2421
72069 47 3055
7071600 72 8071
4898 30 7359
22726934 20 6929
2888021 67 5935
357125 70 7428
238284 24 3271
6839514 48 9780
11891204 62 5493
451463 86 9130
79872 93 1192
429251 28 7952
7357706 99 3956
2777596 35 2850
617130 18 1520
602812 70 3209
8121298 42 5997
1608547 75 3966
22857 79 5667
22546976 65 9799
9444316 10 4668
273296 34 5400
653143 96 1659
64093 56 7325
379809 9 2703
32017757 48 8298
10511393 58 7043
549279 24 1317
1808102 54 2788
2387240 79 2525
1011252 99 5986
18612315 51 6576
729373 10 1760
175685 65 3595
11695 16 1265
22614 85 3175
580368 90 6370
8197 57 309
3428112 13 5910
2765030 79 2316
1057179 53 2187
20166395 27 7953
469770 82 4752
14737253 53 5783
740676 98 2188
9559 13 345
11346879 36 9760
1700376 80 5607
9546372 76 7849
6998173 51 5655
1778144 13 5213
103091 30 5411
9310 58 2384
851827 91 1935
1080999 34 1864
3231683 9 5150
117598 59 9949
21180858 55 7572
8126489 88 5687
457582 70 3141
3290503 63 4293
2423342 32 8874
1226422 85 2741
1696 50 376
27195 40 8752
152053 21 1418
2155435 14 2147
12650062 30 6848
253944 62 2997
1166798 81 6131
1173500 57 1855
3136331 41 2415
3555922 47 6889
1090649 30 5190
319901 3 1205
2892 82 2383
595857 65 1453
447943 48 856
9043342 82 6500
232550 7 8376
1069948 35 2479
2286579 46 5880
1271111 92 3407
566945 33 3902
17581439 36 7619
7760058 73 7520
435599 44 2925
445159 72 4282
21397972 87 9295
68749 50 646
6984082 54 6428
441513 6 1852
1949265 28 8054
51859 44 333
107128 68 2415
4176884 29 5047
1501843 26 2501
30381143 10 9823
1043 61 8602
1178716 89 1731
1255581 38 3201
25598455 100 9472
3936253 73 7413
9430540 96 5280
343236 72 3654
466554 64 3791
40814 89 224
2626386 13 2982
11170716 5 8511
1876586 7 8196
17514926 94 8396
1101072 43 8716
5189809 78 5342
5077642 76 7931
22446770 55 9892
180846 87 758
236775 19 1842
4666483 51 6536
39381377 23 9239
781834 68 1325
10195 6 720
247491 26 3856
649094 86 4995
1332208 30 2284
319337 13 3300
28952493 26 8660
6846222 14 4275
34352415 89 8675
11935769 2 9238
5337218 20 5846
3946111 42 3372
1620335 22 3177
29789990 68 9936
4357297 72 7898
1 19 1860
633419 14 3964
41636053 8 9245
5945112 94 5347
467147 34 7893
145109 65 784
4092940 35 9450
23717193 11 6913
17273 83 4103
29540272 20 7934
4028304 58 7676
67131 93 597
2145362 72 2112
100558 89 3087
15829203 88 8437
1 82 3091
13931289 43 9988
509506 70 1897
1929084 34 7110
4131066 96 6226
279 19 43
1560428 59 1764
22785042 58 7636
237919 19 4963
259649 2 5273
7548368 38 7084
166 27 5282
292 49 8303
1441206 42 4961
490192 53 998
1158442 93 1815
57394 69 418
4497912 57 3604
1897121 63 3301
177264 67 5511
130936 90 2451
338883 67 1562
1384902 100 5251
551748 94 4461
1176724 31 7628
121344 19 912
306797 77 8118
12414342 61 7838
2920522 41 5781
7350680 93 4352
398104 22 1370
8462 25 177
927702 90 5448
42954281 28 9388
218986 30 9218
18647482 96 8843
4560950 31 4098
473673 13 8858
2823761 72 5891
9465895 20 9381
25700789 61 8656
1 76 375
7571 67 280
1 28 123
2411596 10 3364
28939 96 3220
1659277 52 7631
7781232 5 9077
178274 85 7167
3718754 31 5814
13467 31 2356
32555797 77 8669
1742265 74 5931
366940 69 5588
16157548 43 5690
611662 76 3271
2351991 32 4870
1010308 20 1883
14943 75 6686
178866 32 869
17835639 3 8334
938179 2 1382
880545 29 3108
286533 2 1827
4449200 37 5413
6097699 30 6270
81649 7 5271
31756569 43 8743
227488 47 5718
162511 92 9831
45940 97 9980
6820962 38 7147
2920522 94 9780
7401831 32 6970
4343780 46 3603
17532424 100 5872
43763 57 687
93509 67 516
20123 36 216
4933895 60 3573
38890959 32 8916
4088236 63 4953
637299 28 5911
2300367 53 2352
3860251 69 5233
1808 17 470
993606 30 2536
553891 35 5499
21384313 9 9655
4671173 18 7408
537068 5 4683
204819 44 4053
29181338 22 9559
3778283 70 7822
3531049 30 3115
8558918 10 4766
7015417 51 8649
1882172 25 2217
9571865 46 5362
14271234 62 9046
668387 25 5200
998045 29 4629
9263222 27 6925
7561497 36 3809
85085 65 646
1558611 29 4964
1173025 92 1981
64021 2 2653
923458 69 7615
704425 7 5286
460694 63 1645
132170 93 7133
13820123 45 5600
450485 67 6257
752346 14 8341
1343531 44 2180
2061689 51 3174
2377250 21 2117
423484 75 1883
4258 44 641
371462 77 868
8595573 98 8542
94072 73 376
947 60 8614
24400409 32 7076
88419 82 3724
34679 82 1316
136775 32 2687
1042373 6 8423
4266 71 3349
1478123 55 3046
1 90 4874
16322765 3 8593
5128 90 8132
47689 37 975
1 56 5220
20873564 28 8645
9806045 58 6638
1886529 46 9960
5424406 84 7952
15223067 71 8888
1699281 90 3578
1188785 48 5038
1677 50 7117
334961 52 3800
24036370 45 8743
7837234 38 6212
78201 61 746
1584532 36 1786
7628535 81 5802
5019560 56 4077
8198338 71 4317
24185146 17 9499
1351739 53 4126
5538629 70 4790
403168 61 2224
190720 24 1092
213992 97 968
3339394 72 5835
1 36 946
73746 6 1649
65918 72 983
21918039 23 8808
18605147 55 7474
7746000 93 5397
6943165 51 7932
10293180 21 7006
14362195 45 7470
1 59 1454
17722871 25 6330
1811070 18 3026
394037 22 3979
10141898 92 4583
1970957 83 6254
2282238 97 4909
308857 47 4926
283699 65 4235
1553749 67 4300
14221998 97 6863
211522 81 3280
127096 70 2089
30676981 63 8835
28941286 35 9935
2993249 25 5847
1 61 5255
670075 93 3349
6021024 85 8753
13308296 97 9533
20365791 20 7187
17993862 10 9158
22306099 47 9195
129360 74 1139
186824 60 2932
6126246 81 5760
5382012 74 6973
8368303 59 7672
12271833 84 7785
1872265 81 2100
18707229 60 6894
1217717 78 9598
9470145 75 5966
12573 21 169
7181043 30 7087
24126 33 734
10174647 4 7759
2094125 74 2316
965521 98 7467
13096361 33 6282
16667 81 533
2198978 85 8625
897242 24 1528
715611 18 9147
13225 68 3036
56577 14 6390
845690 66 1872
7174214 53 4344
269973 65 1517
1 74 323
119514 94 3094
38777665 31 8733
13653 14 933
11006 64 223
5341590 16 6133
2978668 13 2560
5770319 56 5435
5245877 34 4536
2360498 68 4036
82128 94 702
189709 13 1064
7619270 85 9171
3957607 16 3511
35499 40 555
193761 25 1258
1 71 7386
5459950 74 7391
3599392 27 5217
7266716 65 5327
4202362 95 7451
1148937 5 1870
6592 92 281
4898065 85 7160
1501488 8 1671
294176 41 7905
1701698 38 7469
416051 99 1078
1936592 41 6014
124362 11 2292
682903 18 1229
5345 66 1408
225950 48 3029
164568 10 612
11109485 45 8379
4221430 34 6916
10727220 10 7595
1562086 98 7117
76577 59 413
126655 53 2909
41571 54 8131
690667 9 4714
6081061 61 8835
2492939 62 5632
20989209 63 7257
1657338 13 2086
142663 100 7469
3002473 12 9462
1912664 89 2761
10877681 43 7560
98089 19 4683
7151977 56 3712
31489895 88 8597
1296064 36 2895
8342879 59 6072
2503885 62 4273
7987 44 2173
168115 74 814
2609967 29 6317
2885705 53 4398
2248836 88 6740
180797 94 8500
3474586 11 4286
1399632 66 1574
1422374 6 5435
1391055 77 8207
10620615 43 5183
3856535 25 6830
58716 51 4288
1777 50 791
252655 9 9638
3209821 47 9368
9060296 48 7309
4767 95 2718
987752 62 7896
15110122 29 7501
4171889 39 4882
4154302 10 3003
368654 65 3301
18043196 37 7923
104425 96 3626
9037190 67 9971
1079782 60 4364
8132184 39 4187
1263492 34 4607
6959215 37 3989
272517 5 2842
15298 28 3895
1633055 35 4228
295012 95 958
538908 15 1291
435352 91 915
875667 88 2979
78848 29 2372
38007980 83 9162
596064 80 1208
7756454 79 5409
60540 97 1221
1662524 60 1879
32999048 35 8874
106026 4 528
332617 7 3891
2802485 39 4863
15264855 38 9339
2633323 16 4692
36442509 67 8914
539222 50 1773
505071 41 1441
27212004 92 7886
3944981 18 6867
551295 54 1457
18302618 81 9872
2934 3 385
3558456 71 4145
5626065 6 5325
4607010 96 4274
3287766 11 4821
3340391 33 7215
89238 26 1660
8926586 42 5620
101151 60 5550
1971736 76 5131
5730621 26 4536
2143901 76 2561
815138 87 1549
20985053 41 6379
8492156 95 5137
3130463 69 7651
411172 22 1327
8040060 95 6649
1491379 45 1884
813361 29 8118
14014731 89 6675
244396 32 1783
7523812 32 4079
491971 5 1161
2801659 80 3717
1870028 96 4021
6751823 60 5195
98609 40 1236
144926 7 9199
1 94 342
680947 94 3041
195515 42 733
8408797 13 5111
18921050 65 9407
1109863 1 2443
19499748 69 6752
8749497 68 7261
18390597 68 9279
5475196 14 4611
2543 43 4037
1 94 525
15438383 68 7551
468524 3 1947
22350482 30 7209
151935 45 726
3799801 91 6057
149742 71 6475
2834578 8 2664
35781877 50 9278
14809583 52 7224
30225527 80 8646
1414655 67 2205
268244 26 867
5847926 89 9346
1215238 51 3585
372399 11 4386
9145988 73 5991
246195 6 2026
398593 40 3526
1514410 39 7247
646191 29 6354
23256987 80 8645
170489 13 5948
21607961 76 7148
37374377 51 9196
1191662 50 7698
839366 38 1383
3376881 78 7902
1909662 29 2992
2230478 75 2607
3048340 4 3737
187934 45 5470
1280889 3 5831
63179 24 4114
192006 13 4075
6354176 32 7132
5680195 31 3880
1 57 3414
5629969 98 3862
17548012 74 6750
4030551 98 3060
8904854 30 4618
36277918 85 8781
41516524 98 9013
2860009 12 3041
2569594 36 8298
3650178 84 3305
17689401 59 8108
7929758 56 5664
1 74 845
1396388 12 4516
1789888 55 4716
26665 32 7027
18510139 15 9385
10613556 5 5182
1398732 96 1718
493937 46 2130
15206317 87 6999
828103 42 1769
248992 26 1799
11584613 71 9558
19832516 31 7193
2811425 60 5571
15091466 88 6164
989280 67 4736
4390547 34 8077
2165594 22 2571
225848 88 5024
6380530 54 4781
67536 95 1480
247694 24 4715
6305091 57 7402
888512 39 4981
118037 98 752
79667 94 3878
681009 55 1632
52425 22 856
8927182 71 8376
12771418 1 7427
5087190 29 9989
30314 49 9094
416917 75 1531
25645062 48 8161
13639787 89 7990
1883704 31 3461
661083 2 6160
113179 19 8400
375395 39 3744
1491284 78 3954
6486256 20 5573
6096150 74 7870
3990795 18 6387
244435 47 4739
2072686 28 2663
531226 27 7849
9706752 10 7833
512170 21 5317
207046 46 697
322640 91 1513
6143 82 97
134132 46 1262
3151 99 2191
1982066 54 3467
392100 28 2433
15865395 8 8720
105685 36 1570
3190365 79 5300
3168721 2 8487
1733618 79 4629
133377 40 2469
1603212 29 9072
734638 18 4668
16485567 85 6222
28281780 87 9987
8131750 70 5077
11483488 74 6542
363065 82 6839
8420115 22 9955
458340 62 1520
1 86 2658
7536412 25 7518
150 3 835
404022 10 3004
2337941 84 2349
3679367 39 7802
7819624 71 5870
1001469 90 2331
5555073 89 7343
34885533 34 9058
20766371 83 9789
3346402 52 3354
189260 93 1098
3319070 82 2802
281171 80 4855
1232926 36 2238
1033061 77 2119
317198 72 3514
5502847 9 3359
5233237 23 7310
110944 75 9330
3097530 96 4725
14858023 86 5773
360558 76 1249
461765 92 3053
1819 83 3607
222400 90 2248
3441071 81 2922
15804687 73 9552
1 62 252
145159 92 8546
2260394 87 3250
9556593 81 7610
931108 87 7589
15292504 83 8071
39831 64 2710
6611306 49 6533
36528 99 354
10726070 79 8682
1426363 18 6102
8173566 19 4036
349004 64 9320
19483794 34 8755
462923 38 5241
3613683 40 7961
2744264 94 7070
297205 18 1978
49229 60 5752
1269330 1 2000
2656912 48 2855
502709 96 1404
6722 54 1338
4332042 28 3315
3535195 1 7069
3182528 10 4094
8468 93 1873
19145328 16 7347
389364 54 2702
765273 87 4950
20456112 39 9743
22456979 34 9053
1783507 7 2067
5706651 80 6651
8391963 11 6399
116155 45 1860
3124123 64 3111
304329 83 5773
6900366 62 8516
1101858 89 6907
205764 88 549
1924300 45 5242
21173918 82 7914
6238780 24 8688
4052196 35 5054
6 25 1009
1 50 458
17959476 63 6605
3958520 15 4680
48109 57 591
343448 31 779
16619889 40 6692
15896253 18 9815
7080900 38 4048
148409 13 1861
1196015 14 8188
350175 35 766
1309450 42 4474
17595546 64 6055
158190 84 6430
10385915 37 8487
706737 13 7152
13647 11 2556
22403330 65 7424
525054 22 1800
22258677 66 9249
7482054 71 4874
305144 23 1472
15461287 99 7670
15526 21 972
424715 34 5752
243890 83 2340
12109403 34 7895
12311838 4 5244
99279 3 939
1180136 58 3149
9576499 63 5673
29903 16 1744
12173 37 1822
1299063 58 2302
24659219 96 7853
296777 54 3480
12506515 2 8930
2861515 14 3678
30404 49 2852
7844107 50 8793
17334585 8 6614
1472538 83 6429
48332 57 3425
14890868 21 5827
531458 11 1220
38848558 52 8878
32033 19 1204
7939246 6 9020
2119541 98 6183
630094 34 2131
769776 90 1359
36860 80 706
691475 16 6961
83178 52 667
876000 15 5851
9430974 59 9212
11504332 13 7956
9062745 13 6742
109737 53 945
5191614 87 6582
491242 87 5839
2882429 92 4641
331244 94 2597
758118 77 4619
2154309 81 3156
2386624 16 2276
7091327 16 4630
385520 5 9843
2098264 74 4247
10360327 69 9344
10082861 9 9165
7556 11 2000
28126029 20 7806
7869 5 162
23236 58 190
1071688 67 6042
225700 98 4599
5804502 52 6340
1 89 4603
25245 16 168
596639 57 4723
14688281 19 8602
22540943 14 8243
43851 63 482
10246238 89 4764
3725003 70 6876
2532059 48 7617
596818 61 1951
4528727 12 7727
1160427 99 4402
33055694 60 8864
2541061 27 3266
105220 29 2322
4731885 1 4467
2706214 78 6094
34069927 73 9336
8139618 16 9244
1288380 90 1958
42608207 23 9965
19961019 75 8494
2309050 75 5805
644346 11 4526
565 42 487
79480 34 2900
20468818 72 7039
4531290 71 5474
3329680 28 9478
10119113 27 9652
251409 81 644
12822418 97 6056
8033995 80 8053
13200544 51 7137
8792530 18 9209
856699 72 1406
13236 51 6480
3089760 28 5787
7397 2 5526
38854 97 251
1386910 56 1836
6148075 52 5750
407854 100 5105
1092045 78 3686
352784 76 1645
2294822 91 3148
2062033 24 4706
12520461 36 7769
31285214 57 9317
2588945 71 5138
245252 63 6254
6527341 43 6896
10632202 9 4831
9501551 53 6629
1421114 90 5497
13910695 46 5555
45367312 47 9604
29828 61 505
16660202 49 6865
8330839 89 4897
742002 67 2242
31189 46 552
1153145 91 3559
25461302 12 8610
13538553 59 9647
22201446 65 9284
63993 71 4243
227763 4 647
1433965 60 6052
38782 53 1140
13815 89 495
210591 85 1409
627967 22 8375
28795 21 1118
1 84 1203
66103 84 614
1182048 57 6659
1617 25 186
1 10 1849
1016139 88 6172
6704872 48 8897
185913 54 967
18897472 100 7193
8516795 21 7473
8960401 59 9624
9212700 42 8014
12373577 85 5124
107418 2 5839
4063091 85 3720
12680639 84 8186
7162688 96 4647
297230 57 5430
370050 60 3679
356025 18 2309
20918724 69 8164
129040 69 4312
1037283 70 2881
1009321 14 8459
27707948 41 9077
90669 41 1116
2250 1 35
20272 54 166
9028261 12 9227
768886 98 3701
1402740 71 9695
33554432 40 9208
205802 32 2940
14105791 29 8637
9860776 48 6878
1588194 96 6908
129894 54 1184
33943 2 600
3637 95 2022
62463 64 2487
1415773 51 5669
29825706 37 8449
8755200 24 9999
36210748 85 9850
1196729 10 1504
586016 44 8985
26418388 12 9160
1173228 60 3804
267917 48 5583
21252230 98 8048
4620 99 1227
2896716 19 5395
27930257 2 8294
38606288 89 9752
7246904 95 4441
32560214 20 9255
2408106 65 3117
2404617 64 2634
18124 94 230
10423167 87 5106
1107828 53 8515
33420385 26 8511
1 44 2651
8840262 14 9884
15408686 95 6685
56688 54 9546
103108 39 938
7807826 10 4861
1869077 60 2260
1917096 27 8258
13400788 62 9446
35426 86 297
410442 15 1202
5534568 63 5680
21378621 64 7740
279370 67 1548
33557 51 1128
2031938 96 4573
368232 47 1030
4089756 89 3013
114632 40 1311
2997507 84 5531
119668 91 2660
2401286 15 4713
14230801 44 9263
1111507 43 1601
148942 86 1700
6794 100 364
2299144 49 4922
19364111 26 8346
5299751 52 3913
3045125 95 3544
490365 79 1393
29125019 24 9430
13541259 74 9068
404209 2 4808
39805686 45 9513
39733218 78 9034
327339 40 1410
2669344 3 2367
2705 62 626
7868253 86 3883
33491 87 293
18907004 40 8094
8946438 13 4654
251499 88 939
3557895 26 3575
8465466 8 8234
621860 74 2596
20724208 78 8940
2963611 67 5165
2813891 79 6453
14163950 95 5530
152204 77 2132
612782 63 8399
39386657 59 9246
32665993 77 9860
177343 48 732
524896 71 9830
115077 9 5131
14774 65 438
205223 52 4181
697224 20 1294
48063296 64 9992
61875 12 2752
12635428 40 6623
671840 64 9365
9746426 81 7673
1 78 763
2286275 30 8872
12079751 55 5144
48208555 100 9802
11610647 69 5278
5845615 75 5375
16092436 32 7513
7285658 71 4532
4766029 17 5128
11347116 34 5723
1917487 76 6077
1685563 27 4145
86605 40 596
249790 90 4909
11057396 70 6183
133715 24 6767
72549 89 8519
34312 42 327
405456 25 3607
6973711 37 3900
349517 82 3848
2071738 56 3912
11630263 74 8708
79731 72 1502
408297 54 964
7486066 47 7920
28395529 35 8478
12768204 27 7932
10276526 81 5881
241228 88 1267
10685362 78 5148
6451549 6 8139
1240529 17 3714
3409409 50 5606
358621 64 3110
5699502 10 5952
11917239 49 7016
827758 29 1574
1155952 98 3837
10216554 65 6383
6940863 86 8660
52694 60 2224
6568274 11 6668
7177164 8 7812
4299008 49 7403
44670119 15 9580
3030158 87 8618
44159249 38 9842
1314503 87 5735
9385109 20 5326
29041867 71 7690
4646 83 4479
235862 64 1899
612373 80 1202
29546 89 260
5106279 58 7368
133524 22 3274
3502003 33 6437
11570 14 1278
18014 69 140
130201 15 3344
12476697 63 5399
1 72 555
2060314 97 3596
685660 39 3614
415016 48 1087
7641624 67 5678
15668976 94 6504
242426 50 2169
2692815 18 9068
15666716 96 8845
1363123 80 5655
2865077 23 8186
1206342 77 7672
13570695 26 5940
17775698 25 6643
5831556 93 6694
3540299 61 2731
245439 76 5338
5297437 84 6269
968997 44 2078
54014 37 5226
19410295 34 7783
4571055 27 4142
149302 79 486
5772777 10 4162
7733594 65 4609
4270755 59 4147
393027 85 1046
8474217 44 7507
124749 4 3618
29347735 27 9541
2023659 30 4363
6845486 80 6335
1007561 44 2548
8351209 99 4337
465834 24 5788
27530943 73 9104
438246 70 1124
27293563 27 7813
2569055 71 5322
14565056 24 5670
2852914 40 5207
9010906 7 4430
819446 47 4653
23705 96 1150
2460521 43 2513
4752720 20 3134
4480495 13 3910
13453657 68 8038
9641641 77 9650
18122443 65 8351
1309622 78 2049
10058527 59 5760
14416 64 844
12776055 20 6115
2983735 43 4784
307201 79 3050
95338 93 1863
9943521 83 6468
95406 13 9423
666689 58 1199
252297 49 1790
438571 50 1346
13678121 28 7233
1517429 16 1999
47051 84 263
3812045 13 6376
2019824 5 2782
52243 31 2559
249313 54 9905
13593 90 842
13513817 4 5630
2988761 32 3017
1 83 5975
1 88 107
1366783 29 6094
11430130 67 6449
12951 92 102
462418 39 1643
7766005 41 8005
5907458 91 4036
212040 20 2284
437699 34 968
3777522 34 2719
5282346 34 8953
1936564 44 3611
1609776 27 1777
708579 37 2960
2014996 51 9191
3657505 21 3722
582442 54 5467
89383 94 721
930531 87 1279
93489 57 5960
7598634 5 8315
5198055 32 4808
1237604 38 1481
2773456 8 7428
15470572 63 6344
1878801 89 2236
5943 72 1167
410651 11 1150
10074518 47 5796
1173402 100 3695
6329 64 417
5103805 90 7752
64375 45 649
1543221 45 4813
85284 38 9803
81663 51 1574
6206004 44 4298
10068192 54 4983
16641979 18 6477
33084495 88 8878
2348162 27 3855
26969 84 2873
1466309 20 5142
13582694 32 5240
12412 53 359
27003239 20 8121
171969 6 1640
4530286 10 9124
6005554 11 5074
2228536 37 5955
27815883 81 9649
423794 4 1999
1684834 98 5645
719043 21 2407
14164086 67 5373
14986814 33 8765
2236201 14 7128
5045409 57 3681
1 85 595
4042537 12 4398
5572847 24 6220
129320 91 938
1648220 69 2053
13439226 5 9256
41419 77 226
81318 84 2309
8649015 33 8517
1323677 6 2516
41803592 5 9055
570846 67 994
5069638 60 7712
1621507 10 6865
16352110 62 9689
849995 73 5298
158080 100 678
18694 56 539
4226389 32 5623
32818 82 214
9537 72 235
127694 76 6939
6170002 68 4753
2132 12 1853
22721 90 254
12185236 16 8577
1412312 69 7182
183046 33 671
2444642 3 3015
976842 36 1874
348362 48 3029
28253709 88 7697
20536478 72 7362
999 57 2176
85415 48 4484
21148443 82 6804
7838693 11 9641
12323337 20 9826
1121333 75 9448
1 95 3963
270426 89 1253
4204830 80 7367
63402 79 1006
121552 25 6686
6934545 46 4576
9121435 49 7979
325998 42 4497
34335396 54 9233
2808 22 3788
858985 31 3689
2226696 87 3510
3403927 61 6143
1069949 65 4065
345368 64 6662
20128598 83 6384
19286 16 3439
21303973 87 8324
7601213 41 3808
9199456 29 6406
71703 56 6694
368256 90 4505
42895 91 3607
14885666 98 9414
350159 75 2186
8274147 52 4045
1954698 99 2732
1 45 2989
2536751 91 5807
965823 20 3176
2654931 19 5005
7995511 41 6330
121442 4 2349
34936520 67 9626
3018295 10 8726
1 79 1354
15420515 14 5610
125416 23 1108
1293169 40 2631
5407252 87 7942
18339475 25 6072
590464 77 4826
1612403 89 8807
5689827 60 5320
1 43 7195
29476678 30 8901
30617 60 7418
2927920 32 8235
2736 90 2896
6485125 11 3722
1748439 76 8265
510 27 1906
10365101 94 5131
6665675 64 5903
130098 35 1126
898895 91 1791
7287837 89 4999
12243 11 186
3431077 13 8574
1152744 15 2923
4530733 29 3033
3150018 27 5288
469517 54 1631
1081312 98 6108
7170083 51 4834
2931105 99 6890
54064 72 956
13006289 8 5663
1333709 52 6268
6689897 30 9642
490617 16 2471
1398676 98 8104
319689 26 4179
25133 41 3581
6294319 28 3728
1007 9 2504
882707 29 2108
3398773 75 3440
1 31 482
25749212 91 9570
75544 67 1087
518214 75 4805
18027 60 4167
12543 44 133
14127770 48 8579
50520 1 2504
159849 22 1432
547715 88 1297
1 35 63
413387 17 2576
7309353 38 9025
3769324 53 9711
2382707 27 2315
82006 68 2527
5391921 40 6931
1590551 78 8692
6686498 16 5699
1428820 49 1924
11564 5 539
5939966 10 8650
976629 70 1717
2308594 76 9434
80147 3 1137
285513 8 2502
124169 55 9040
39925758 36 9590
1205775 7 5384
52891 87 5938
10522167 4 4643
5471614 44 7359
4365685 2 6282
4953573 27 6003
1407239 70 5560
282224 3 7195
68930 24 9364
61639 57 3274
8751886 49 6875
1363037 28 1602
1669 33 9162
371466 48 7787
27460894 85 8607
1351636 91 8136
14168885 43 9963
1615197 70 3630
116117 16 4663
12269255 14 9084
1629 34 8172
20436708 63 7835
36683 86 2992
11279681 32 8106
14189514 12 7721
20966709 17 7247
138617 81 5828
1042756 56 7981
1376266 10 3349
327594 43 6511
25404887 12 8374
4357063 93 7797
1026169 83 8306
4046024 51 8389
874672 71 1265
2894920 61 5891
7514856 83 8592
465059 97 4446
2852163 49 7105
1123770 8 8946
181520 86 822
520019 78 6645
8177530 65 7288
1800 76 2037
648738 17 1131
34365147 1 9447
8281410 74 6544
2313302 55 3314
1623577 5 8937
782340 16 1246
10670303 47 7693
909690 64 3660
7628881 92 4167
5536899 95 6740
3030 85 6732
10749 19 268
2757557 16 9939
597397 10 1919
9126464 99 7221
3000693 61 6770
28849073 4 8088
23067 4 2968
8745454 83 5497
107919 23 1355
384070 59 1377
22659177 30 7061
6571744 62 5955
1668413 30 8270
31146122 7 8008
155850 13 2995
417051 85 3009
282216 47 653
13550 70 1553
5076720 12 9556
25065004 83 7190
9746044 77 7961
19063135 30 8595
277752 35 852
79132 58 756
6714952 57 8941
156886 23 719
23309 3 1701
25495256 82 9341
4587466 47 6511
6532517 57 4288
1220089 24 3314
2345 45 403
29821139 87 8558
22160254 24 7171
8095 50 1446
13957 13 5920
338992 57 8024
4624 6 6210
35495 45 553
29691 47 4097
526853 27 1029
507557 83 3914
6013557 90 5372
31470 53 9605
8234694 93 3997
5991460 67 8279
18810035 29 6570
13155 6 5238
189586 59 916
4099907 66 6917
15408 71 6800
12323761 14 5237
27905965 81 8464
386841 77 973
2537920 60 7048
18405 73 4330
462411 30 4606
834857 76 1885
577193 57 6412
6730433 49 6257
123404 47 1732
2685945 66 4195
771090 44 1648
5262502 64 5704
1490785 75 2129
2755278 28 2808
482484 99 3123
21866930 26 8167
1171851 75 1612
4959463 21 5861
410198 2 3187
24298030 12 9646
205796 61 1291
4566141 11 4281
176530 45 1723
3256422 32 7267
233597 30 958
1 86 2410
1 97 9156
29143990 52 8147
1329290 64 1839
330212 67 2788
1276281 63 4305
1 49 1157
2955878 19 2710
6410014 42 6903
4366060 33 5568
658241 38 5186
982983 59 4744
2393663 92 7295
519002 5 1558
15067 50 218
474321 24 1137
1304529 78 6109
163284 45 6352
444971 21 2336
41344986 77 9384
8924913 79 8295
2069957 95 3066
6404328 76 6711
996955 33 5230
1763335 93 4177
5430264 73 3635
348773 85 2018
3242171 35 3590
589 18 63
1324506 82 2982
1897842 62 9289
14056287 4 7374
10853278 33 9781
26541127 60 7649
19629154 73 8838
32574 33 6069
2538218 52 2371
211923 86 7729
755142 58 5290
218099 79 8876
523 84 6948
15016602 21 9023
3072138 14 5550
9724640 67 7543
1547711 14 7486
2478604 3 5867
6808220 13 9703
480901 73 3802
193186 24 6944
88275 29 792
17466386 33 7144
69969 51 2760
7547235 57 9678
1898853 6 4727
79775 28 518
31608362 53 9416
495043 4 9038
17759 18 1388
154205 27 1441
5656194 45 7723
88881 77 3813
7590729 98 4977
25194509 99 9299
29787715 58 8069
302257 43 3125
99193 15 3403
26663855 3 9494
635678 40 1354
1816944 35 5078
15616514 34 8647
875202 39 8048
999290 63 1710
223799 52 3808
9880668 92 6653
223645 20 919
34583208 70 8995
1074450 40 5556
434062 19 8547
6745890 93 4256
4140731 33 3361
626806 13 3992
548741 62 7512
28763804 33 7870
1023136 96 3256
1872775 93 3533
72863 6 392
24168907 39 7030
49941411 13 9935
93828 23 6207
30631282 40 7869
777393 62 2461
1854432 40 3182
13733862 94 5900
27030246 5 7541
14218535 72 8226
1068640 78 1914
238778 32 3983
24129 54 916
3205886 78 5261
804814 48 3939
1836248 66 5920
13827547 60 5406
2020368 83 4365
43488490 55 9978
593475 41 8519
855887 66 2355
2045938 55 6854
4317777 15 3104
1994699 27 4589
3621338 26 9084
1706099 92 6785
279281 64 746
9406515 64 9871
12635104 87 5940
682696 29 1445
81846 75 1630
390112 25 7318
2348360 59 6017
26648495 14 8566
144458 59 815
20349741 78 9821
290384 60 6190
903530 27 2375
480215 77 8716
1975079 19 9243
5887 79 767
2088190 96 2567
3990792 17 3078
2352 15 139
800575 88 1552
3900937 10 6050
243096 10 1399
5647555 3 4948
1 37 1708
4336647 19 3038
30075687 30 9832
3358601 40 3899
519135 35 6487
290996 69 5747
1033131 88 7707
1942591 26 1926
48550 24 247
426371 24 2859
17754719 97 7814
24736724 39 9604
5021999 64 8214
4249905 93 3363
11796440 31 5783
1897135 93 7114
17183 43 345
1275101 96 3693
1297424 71 3011
9771640 14 8243
5857846 51 6388
11404043 85 8757
3782301 54 8426
2081130 32 3935
664120 24 1455
4121801 71 4370
3802808 21 5004
5466299 8 6486
14275455 17 8389
20448 29 525
3980171 96 5751
87425 80 1761
1121950 81 1769
10244839 80 8171
1469033 53 6510
1035499 81 7298
10490666 2 4524
13087792 58 8343
15421 52 4531
14665973 9 8768
277 24 7948
1477359 84 5946
588471 54 1008
26814051 5 7999
12506809 36 4935
2649051 79 3626
8745592 6 5135
38394 93 1098
1036628 97 8664
1485836 75 6823
539065 35 8723
30403 17 1866
24547440 72 9775
162653 40 1857
10105445 78 7300
88455 50 1494
9882367 41 9415
409253 81 3887
4060133 100 7367
1660596 46 3007
31454 9 157
1534940 100 2262
5417383 60 3637
8355430 24 7758
12969769 1 6336
96031 89 2648
185981 51 1657
2544559 43 6171
8495805 16 4397
19233244 9 7413
40445 61 4190
2866090 94 7988
11102 86 732
1620228 77 8412
25108 80 1483
19762517 71 6308
4309795 8 5843
5123787 68 8365
5607972 61 3514
549956 86 1705
9834 17 2373
237286 45 2349
1276922 33 2087
185597 32 683
59475 41 2201
2206207 69 5485
1915590 99 2307
26929660 40 8379
4277691 24 7377
720666 63 5398
26274989 96 9032
208437 9 1080
2505071 51 2549
656412 28 4650
60956 55 470
12982724 28 7080
33125235 86 8754
3820847 30 2716
215 52 1609
3430342 82 6347
4458840 38 7846
9063721 2 4804
4277196 5 6755
173403 63 674
115936 36 3763
9329964 85 4309
4848742 60 4724
39457494 42 8970
3437591 84 3147
8623832 35 5268
122917 24 9394
430596 68 1527
17718175 2 6177
1 48 1052
4008604 65 2948
245 40 1238
135734 88 7501
605944 60 6046
158909 28 3255
9123879 22 9986
5069668 39 5589
7822630 65 3953
2597582 28 6726
848791 89 6235
312953 31 8492
1139510 77 3501
20665456 8 6709
5965916 10 4824
4816496 30 8309
1684002 6 2174
5470287 35 4876
26443 79 1982
9881 8 293
16383534 17 6072
156823 72 1186
42064150 79 9419
325 29 6885
5733553 13 4270
1853717 99 2186
5424152 58 6487
320 73 4680
52217 68 1194
23950792 74 8632
14931772 6 7240
693103 12 6408
14173937 17 5856
18767360 38 7867
20871868 82 9667
530200 7 2566
36445024 17 8885
35654611 75 8600
15481020 28 7420
28955 74 9859
7455665 93 4189
320334 90 4055
480320 47 2185
327 3 3275
1897158 53 2486
3583921 42 2728
40120619 54 9660
828089 15 1323
1817644 57 2755
8918003 64 9956
13316374 17 6355
5592390 40 3623
9115054 96 7986
1426672 62 8647
383058 82 1511
1957287 86 4874
2508886 46 6537
13526669 88 6886
3397094 93 6129
1664790 56 3167
684429 30 1730
2761453 83 4853
694363 35 1740
2730890 88 6639
636698 24 1252
1877338 92 2357
10190748 37 8311
185050 99 9674
39143 78 1508
34153 71 2899
176219 62 2290
6237955 13 4916
1788 52 147
4649290 41 4300
421042 79 6984
14629535 9 6863
3921393 41 4651
18071597 30 9093
3336275 3 6425
211313 25 1090
3039250 1 2382
1328424 88 5528
26333 33 2939
566744 93 5910
1512373 37 9021
855850 13 4786
259666 74 759
870246 7 4926
18904021 72 6519
687897 75 1580
2952457 28 3914
1216154 51 6595
4384664 1 8826
2247256 48 6761
1349507 41 3986
494228 12 4454
234205 83 6462
18160 22 677
16954881 39 6743
17568464 58 7164
4350500 10 5962
4951 90 1371
8937861 26 6884
506037 4 9450
18020 98 9160
6035745 18 4730
9879650 2 4763
22821058 49 8187
528642 36 5334
25559013 56 8969
3395323 40 3837
866142 77 1829
46769389 24 9694
2720193 25 2375
1929957 87 2077
412005 94 5482
431744 41 6156
4986830 67 4170
3793622 38 8307
177375 57 3084
1266992 100 7181
205168 56 5304
6639243 90 6874
1209093 43 4269
529930 90 1020
1629651 2 2286
2826997 56 6292
3601514 91 6164
2077277 66 2082
463 47 133
9114089 74 7100
703768 41 9019
76240 7 388
35787022 96 9323
17247857 47 5971
33136029 80 8161
76186 85 831
1158702 92 3470
1271930 67 1727
5323262 62 3387
18843746 91 6415
278514 5 2601
869720 30 8357
35504 3 2924
13542705 98 5401
3607023 73 4388
708538 39 3342
939341 4 8395
45967355 29 9731
3148112 93 6166
550726 85 5372
22114251 31 6683
5032195 46 3136
3113932 22 5079
1498930 73 1999
186389 89 2502
825764 90 5804
420140 25 4643
3727897 84 3242
5885836 24 6165
2456 51 146
4816420 47 9145
38450 7 3957
328806 19 5616
694216 83 9118
29960080 67 8804
774270 79 6180
12307500 74 8464
778036 54 1361
3824573 35 8308
344324 39 1215
229175 52 4080
4506594 5 5682
747761 22 1896
9680810 19 4903
5832423 63 4941
318297 76 3288
21652829 95 8185
856209 45 1745
1521943 46 6009
1774369 55 5551
4498 30 2160
759582 25 1567
8290616 99 8499
2067422 35 2323
20920481 78 7940
6148687 19 8460
75978 73 2353
19783541 91 6844
1218653 14 3267
13123033 77 8939
1208504 7 7354
2833757 67 9166
6672359 92 5768
8491726 92 5022
1 86 8986
19611783 82 7645
37601117 51 9526
754 37 882
5053757 30 4235
845903 85 1279
116115 47 1386
13754210 54 8018
17620114 54 9046
375 12 379
67621 97 1845
3092903 48 7021
2652794 40 4511
5594556 71 8418
15428485 63 8860
771107 26 1263
57572 94 1425
9893052 27 9564
24694209 99 7068
4099889 63 6434
20809386 53 6611
2513654 96 6650
342968 38 805
248187 2 5758
5098 29 134
200253 74 883
1965220 60 2266
9090 45 647
885411 22 8853
163199 38 5847
11851915 62 7570
1 83 338
4503 57 1094
191969 83 1379
16204 28 109
14489270 1 6959
1 57 5192
2433501 89 3882
240909 81 7737
82104 64 559
159368 63 4076
7608860 18 4656
28978356 58 9571
565097 50 5422
7285546 76 8291
3956971 68 4835
4101933 37 4848
410763 36 7677
1690176 43 7882
3167013 100 3978
608174 17 1140
81479 60 1656
19660726 51 6672
510411 56 1415
2090463 80 3623
7687755 64 8887
107682 36 5520
334654 23 2909
2027029 84 2097
284989 33 7760
3620870 61 3855
17029523 93 8448
20165 62 4224
16066813 63 8869
10192251 87 4769
346914 92 3645
6875720 39 7912
3738865 87 4440
406954 17 9741
168377 62 8239
26519073 60 7565
21 27 2282
192668 96 594
259826 20 7000
1740246 97 4732
757513 20 2527
3411969 52 6914
41382 93 872
2422234 58 5105
115 45 3818
7229608 18 8386
439089 80 2935
6665820 9 7497
5184536 24 8653
23812693 34 6828
341489 99 811
22939422 82 9695
10261295 34 9602
494394 4 6635
61245 74 2919
5705348 62 8777
2104 33 3801
1459662 34 9585
757553 41 2303
12715091 84 5149
2080920 57 1963
103715 68 5979
3309997 95 5295
1889252 65 5212
22099 26 1457
7200918 40 5972
4600629 87 3576
27875941 11 9935
32124 50 1504
4530701 53 3748
131625 16 514
396631 65 5547
2892593 82 3990
183866 18 730
80683 19 474
8102150 48 5584
80827 97 4279
715901 27 2587
61283 17 3963
18359193 64 6810
213657 5 1158
8603860 63 7289
80355 82 2382
30957055 43 8248
4213718 23 8676
517100 30 2116
4026087 75 7533
2183733 68 2059
50785 90 1821
975592 78 5977
5591625 6 6400
9320907 8 8783
5128282 73 6234
296146 7 4335
5939005 49 9816
65355 80 530
36088101 44 8761
33594026 97 8533
67057 67 421
5802127 81 8827
9557274 71 9148
2540628 37 2517
3617882 72 4831
6838704 62 7900
10957834 59 5220
16897 64 6065
6588004 13 4537
2875131 66 3028
40430529 56 9938
2386948 17 4231
14980 13 168
4660847 45 10000
35172 12 5149
2141284 76 6181
32111 65 3755
3143313 79 2722
1737820 61 4972
1975151 47 6411
790256 45 4574
433798 28 1088
24742838 12 7087
3024924 95 2714
1 60 7809
16036 17 104
917422 78 1337
28306 88 9482
33613817 96 9213
362227 34 5049
2459954 36 3216
137443 38 1801
29797565 88 9647
4164469 50 3224
2794040 98 7199
19429 16 1438
2480262 63 5757
14079799 5 8720
11956893 6 5800
440078 15 6937
206846 27 1048
1571299 18 3131
1044363 47 2103
593116 2 1569
404387 83 3371
91979 82 4963
22993016 100 9410
1035549 56 7862
7523395 30 4116
3262847 83 3120
29950425 8 7815
1 24 148
10608202 57 7831
58953 51 1352
3245475 36 6612
1140 51 2649
20326 67 142
1 33 139
2642280 89 4614
3469385 82 8206
21587104 53 7881
3953254 64 7494
7343284 57 7036
4760998 22 9213
5538770 57 3957
772014 60 1480
9318739 4 6542
9906 60 1267
9774561 54 6628
1172061 44 6796
3558885 32 3286
1643394 80 2835
124043 56 2605
4091262 78 3442
4478853 48 6479
20803632 56 8016
2860399 89 4419
9602695 44 6848
7345176 70 5596
18300017 31 7297
20355265 27 7332
6172201 98 4641
11094 31 1316
20699121 94 7123
6316337 69 5471
16890 58 508
701715 26 2169
23329671 2 8037
736001 84 2058
193369 15 5775
6844262 75 8325
1747238 93 7380
6195316 45 5462
11583699 57 7868
13790 99 455
504840 34 6068
1731244 5 9347
10731254 71 7232
5011636 31 6087
1 66 4512
136196 21 442
600827 40 8640
35736 7 1073
14189715 26 7409
9108714 51 4430
6607731 50 6256
3489596 54 8680
1 94 168
6408295 88 8633
16916985 39 9909
83581 75 8305
503483 91 2776
5812924 60 3696
2000950 34 9187
15373489 86 6676
1 71 311
10265998 93 6101
5112058 60 5506
5099371 71 6395
81814 100 1293
59000 23 502
4484690 59 5747
9040639 53 4880
1603331 76 3576
2922 91 509
9406689 93 7404
18279028 53 8249
2558273 46 2400
7583 7 7209
9145013 6 7905
57406 44 5959
1100274 49 6082
18571 63 478
1892176 62 2095
489166 15 2642
2175 80 8612
4124877 42 4320
1161114 2 5139
88922 62 1313
12328668 66 5614
8397 54 9101
17823472 51 7807
5941584 89 8300
1981208 66 7545
7394620 28 5967
4669725 57 4382
47160282 16 9973
3198513 9 3769
21986410 61 7781
2205531 87 2220
24541901 11 7412
1616281 44 2747
2508582 66 9536
39763 13 320
8242605 4 5890
3215235 75 5923
2248352 24 9650
91796 38 1940
5114178 34 5109
258497 83 2273
468631 27 5803
3103340 50 8976
7728678 24 4190
98562 85 438
13345457 83 7841
6427488 34 3544
2032442 41 2338
23592100 18 8023
1211964 46 2706
16688736 53 7853
2987072 25 4578
2944854 50 5473
70009 93 6173
47794722 86 9922
1639088 6 8142
10047021 64 5054
1542721 26 5631
141779 68 2691
19434732 15 6673
2046272 61 2899
2901675 5 2730
806738 93 7765
2752660 95 5315
43567 8 677
2583049 80 7621
2434744 39 9166
4457491 93 5260
13667853 80 6827
2480681 17 2433
3678888 83 3040
32159860 56 9470
109158 87 4659
15131478 21 5975
642025 20 8212
16333 38 2872
1313006 70 4133
5112267 53 8856
111047 81 815
259112 66 8225
9454704 51 6348
54066 100 1247
7018 99 450
2714569 55 5913
19309495 70 8103
42329390 77 9590
4432221 21 9269
64989 53 856
307824 91 1562
8887964 17 4969
3053254 70 3566
5241858 100 4216
1368676 3 3154
1701753 73 5332
16960 30 5790
2532995 65 3968
6018770 55 6729
1488669 7 3561
297408 93 3639
8310504 5 8043
17497165 56 5928
29923606 77 8053
736138 79 3610
2382927 61 4241
249 58 4094
7118010 85 4387
560528 24 2339
29902200 13 8152
2133525 70 2560
49784 84 361
75182 3 756
6417508 31 6141
41219 3 2983
264383 53 1420
469391 8 5647
12610177 54 6518
106553 18 4278
16634705 58 6593
766823 64 3213
4985435 84 9852
10794495 74 7820
3366906 73 6192
770419 95 8714
1358781 32 9475
3251857 41 4839
2102799 61 2845
7013292 36 6452
25107865 99 7822
5045377 45 4399
4450191 52 5923
18348368 82 6109
604367 28 4659
1068419 44 2128
19001269 2 7194
1939 84 4989
5132980 98 3508
2433471 30 2374
3070053 41 7132
564135 81 2070
6642331 37 6295
1375296 98 4187
5662 58 2889
1468226 15 4537
277750 26 1359
362174 41 853
220896 97 2039
2436132 94 2191
49698 16 3712
4633637 61 7094
5175807 78 4593
17762228 2 8797
65717 7 8926
4458262 73 3851
8459 71 1516
34556614 9 8493
408944 80 2473
7728478 10 4805
1786065 33 3320
1385232 76 2253
40787 48 3137
8998103 71 8207
11069442 66 8226
963721 100 6987
7875 50 827
654764 49 8754
2214400 42 4252
1846672 45 3660
20333017 41 8900
22215 97 287
981325 90 5152
6335472 82 4405
37845789 92 9716
8420 18 2811
10647130 93 5040
1064263 82 2233
1128450 73 3952
634915 63 2136
3649938 51 9819
2928725 87 2624
968517 40 1446
15459659 41 7448
56729 34 1366
680520 18 3128
521730 46 2219
305587 31 6439
1425416 9 1617
16372848 43 6368
118158 84 6184
33033652 33 8439
9283468 83 6305
1 10 1770
1219586 31 8376
2038818 84 2706
106775 97 1474
409 32 6189
3225515 52 3560
3071791 61 3752
5770614 59 3591
2631507 91 9327
18941394 73 6519
2015 82 2774
122784 65 3378
22417390 94 9495
652305 52 3420
879434 61 8581
161059 41 4126
3681320 76 3446
3648140 5 2856
506268 55 8491
308534 40 3513
1611646 25 9753
12996430 60 8202
100051 58 527
4555 19 19
5209027 99 5564
1762943 24 7058
413493 87 6353
9970185 41 9221
8057372 46 4282
3853129 42 4445
36632 16 3333
439168 38 3021
3250085 71 5691
2885398 77 2824
896209 17 2221
111035 76 5137
491901 3 990
1787565 22 7618
26775415 20 9147
182096 63 4437
20645901 88 7270
1283896 5 5343
1182662 30 2175
3545282 29 4626
3458 73 9410
470514 63 3472
46477 41 354
302721 51 2702
5244187 2 5212
1315149 86 8136
11116940 95 6371
3845465 21 4048
5153463 29 8128
22083117 89 6870
4984761 32 5856
14112479 49 6947
692894 67 2781
7445847 31 4045
1916505 17 6073
16233461 1 7363
4105527 16 4339
11701512 62 9782
493830 3 4990
5309516 37 7891
3107799 1 4469
11014 25 908
5868639 73 9688
6824883 4 4472
9385324 17 5855
40136 44 374
3344560 92 5280
478198 10 5075
440595 51 6768
86319 7 982
4774608 81 5802
725707 87 1335
1166537 43 7817
533740 33 1227
112250 59 762
1824683 81 8047
1216656 31 1566
243340 44 7431
14355531 18 5523
21412202 18 9181
723236 15 5672
15447261 19 8170
694995 42 1251
23802588 54 9986
9065 32 8764
2674702 83 5788
599222 54 3410
6512 61 398
5523 26 150
385458 69 9150
16496074 46 7418
33425044 66 9853
21065166 53 6906
13093173 3 6287
5424659 56 7618
2114590 70 6733
242126 90 9163
650910 95 3929
131367 68 9382
5663322 97 7486
35316 47 1203
11724058 10 5173
4479469 44 8163
3305951 60 6431
63920 85 6557
2375440 70 2628
11552535 7 5749
5080293 35 3294
4286026 93 5180
4477734 43 9682
6390093 34 5487
18647012 50 9063
4248899 35 3745
9235472 79 4467
185033 14 5648
11483804 46 7312
11929 89 6330
9838599 6 7242
1722504 5 4489
5362 46 976
1773975 78 4980
29450292 83 9188
5617051 65 6995
597445 19 2288
51187 87 9343
4286960 43 3751
47016275 99 9643
93180 24 3602
1 70 2685
18034035 95 8522
3852 72 1992
124052 38 3557
695948 33 9139
11517611 32 6209
151258 25 3266
10644718 69 5956
126121 94 2147
312484 6 4323
89334 22 3685
165568 47 531
24423415 94 9750
6995339 80 9376
147505 96 8160
1475994 33 3368
191253 27 1907
5709447 85 3305
2027008 53 2316
14572669 87 7991
2974774 68 3678
792243 36 6553
759935 85 6122
1 58 3856
364795 4 8569
7154597 57 5625
11812 73 4092
1709595 64 5228
18749232 1 8580
1000398 73 3028
7032541 13 6817
661 2 128
60065 1 483
4272 31 165
95416 30 976
3688066 91 7638
10571765 20 4975
145479 44 3095
394817 84 3409
2516410 39 7579
2227165 88 8289
930686 3 1632
5487126 66 9594
3819396 99 3484
7303661 26 4327
56585 55 2984
178717 38 3623
439500 12 2840
17726325 20 7892
3442468 100 5205
40338387 58 9023
906 59 6087
5729553 17 3672
586711 43 1094
5471 25 327
2972567 99 2596
550 6 147
21688339 4 6641
10344206 71 8714
1274108 18 3880
781758 78 6544
183319 77 552
1223178 85 2063
8248355 77 4980
1300365 16 8544
158971 7 2057
11773013 2 8119
21413970 25 9087
712141 71 4447
1154883 32 5323
206376 77 6780
2402946 78 9107
24338680 12 9248
2136453 14 2187
21964 74 3528
325700 63 1095
15923 72 3119
1427061 58 6326
2279374 6 9342
31318095 5 9799
452420 25 1514
53321 68 1268
245220 97 981
98827 20 7184
831590 68 6425
24126452 13 7807
361474 33 7001
467203 61 3482
12388777 52 6136
7748542 80 5573
1215252 57 4407
1793838 94 8298
233183 35 4304
3205099 62 4867
4563166 34 2998
2004576 80 3723
3019480 31 3841
3889242 18 5605
18977 99 3563
1477 64 4492
9341738 25 6826
1120981 36 2052
474736 23 2118
14144950 31 6209
5392 25 29
33001595 6 9190
2007111 66 3059
275970 6 3836
5317234 72 9837
6470041 3 5209
1572662 99 2987
5125399 2 3607
38921202 10 8803
19415160 61 9770
374769 27 1355
685941 1 2091
37048806 31 9725
13929171 57 9302
1707408 95 2606
62775 98 737
31049 15 2752
23141823 40 7171
7340 22 562
282469 58 1885
1734857 1 7339
34923 88 5032
2149014 19 4704
1062559 51 2464
12922 95 1903
586719 89 1915
3696947 66 4934
20606845 57 7579
20045734 55 8487
1053988 21 2648
2993699 95 3791
1133149 14 7425
15810664 42 9503
11312528 72 5697
1633149 77 3283
106233 59 6360
1407625 32 3332
5189558 86 9824
4622693 78 6630
7378292 67 6533
24295369 60 7040
852727 28 1539
8572285 3 9194
16985379 73 6855
67031 46 1825
1453426 60 6767
386434 24 3350
19075842 48 7664
1287990 31 3243
12676346 95 9067
861063 94 2127
4994420 59 6006
21742556 94 6665
847785 86 7409
476911 78 3667
224804 74 831
31970574 45 8038
1848497 69 7737
632806 73 1093
1051713 98 1906
14365073 13 9406
1881222 33 7861
2276355 15 4661
15 2 9579
2721098 66 9871
115887 80 856
4391702 14 4016
1353216 71 5054
1119956 99 6275
123494 98 537
551311 32 6432
8552331 54 7614
225654 91 4792
135989 88 4469
42680609 31 9560
9748979 37 9031
12477042 31 6309
9042493 33 5251
8233615 53 8259
796 41 420
12155629 50 7327
9000958 79 5343
25477963 13 9104
27614 67 161
7391972 83 5399
324677 55 1843
2346098 15 7827
12772072 61 5341
3704269 91 2800
6278491 14 7176
924835 38 1374
13439 29 1546
614467 23 9348
584624 89 1064
1604609 43 2509
1543349 35 1970
81740 7 1457
45820 48 1363
2566288 8 4708
345282 58 798
4230520 31 4274
23336109 43 8163
3080710 69 5108
6660251 58 9124
884181 81 5644
3460196 79 8756
5501720 16 3738
354726 60 1004
6898253 87 6474
44169 16 8675
30779 34 425
469837 51 5197
1827941 66 2363
758931 37 6040
27061549 31 7520
28892331 89 9469
172342 55 932
101219 99 426
45753 22 877
6416237 92 3668
17706456 58 9491
1902172 78 2379
844382 35 5555
215194 100 1312
9892 27 7697
1234241 1 2949
1454127 40 3115
2326301 94 3992
155508 1 5633
656575 75 1875
1863402 77 4729
13596512 53 7338
3732141 60 2787
18844929 58 6346
101250 100 1185
97206 73 2221
63922 26 355
2293834 12 2523
37260417 11 9176
8468720 13 7111
12094209 97 7383
25083838 96 8708
430786 70 3801
1734684 59 7293
20752 36 1465
19043299 33 7742
2056614 33 3309
1 45 75
2836 63 8117
209496 82 1125
6793324 20 6397
1838074 73 4492
24293681 54 7319
1676288 79 3911
99941 19 948
734375 67 4661
1365568 77 3943
458697 45 3015
1034434 55 8087
8530208 24 5962
834451 55 1748
7022 40 214
9599 88 364
4615200 75 5904
3062 11 20
847376 35 6438
2044804 33 2790
33652841 84 9603
3577 19 130
34348538 85 8281
1233508 73 6979
23161 90 887
446438 45 4621
43443 63 370
673342 89 2391
101392 43 932
1251561 21 7974
2666 5 445
2076474 8 7975
169611 76 5182
3435491 100 9851
8263084 50 7360
14103378 9 8002
12036356 19 4892
1814640 52 3470
7850494 99 5038
128852 73 2090
2385 97 1321
258063 52 1959
17045256 26 6669
5885 93 243
373016 88 1183
15680863 50 6261
6871 34 485
1968542 40 8221
207809 39 6255
57244 92 342
355874 69 973
2894179 76 7032
759660 40 5383
6686386 20 7595
80288 88 5822
1147133 93 7674
30769714 73 8223
13489 64 1931
12010853 25 8566
4268812 62 4868
716042 78 2300
6822815 24 5236
7164496 15 6653
414125 34 2008
5387143 9 3883
14696722 28 5501
8010398 8 4973
30571 81 179
472331 15 928
1735274 51 3337
1019411 42 1895
98054 2 1274
8328386 15 4447
265970 8 832
29202202 25 8198
9358998 49 6375
1713107 36 3012
8530579 76 8937
1842973 25 3694
645052 63 9528
3185178 66 5266
1220146 76 4171
6418289 45 5176
1223713 92 4688
3662816 17 4134
954941 57 1959
14407656 27 8477
300045 49 2713
134870 99 854
8207 15 85
195354 82 3777
1371787 23 4309
6308075 6 6666
7101 28 999
5886429 52 4986
32183 13 1492
15749151 91 7348
1435060 60 5051
6698140 6 8160
23986388 21 7288
29425 38 3778
2456916 22 6071
20637134 35 6796
119018 72 848
208873 52 615
22116711 95 8576
14365346 43 6752
491842 56 8115
5736070 58 3434
10025082 52 4670
2885255 55 3622
51848 45 3355
1309891 79 2600
20800 38 4797
60289 69 298
17827390 37 9961
23783087 88 8136
10215188 58 6055
3836 51 234
12274599 15 7327
88854 27 950
1767685 12 5520
6862403 26 6996
732865 9 1548
2200225 69 3017
82964 90 1565
114341 27 640
2017 86 9374
5122720 23 4044
35200599 31 9269
4245396 13 5003
122538 95 498
3756281 72 4600
1 35 290
6285170 93 3851
5690703 77 3303
4724927 7 9877
16054816 86 8161
391330 11 9019
5540632 20 3509
171177 66 647
15001596 6 8757
4530355 81 6361
4956203 90 3471
7891 90 250
410 35 522
1544560 67 3146
3907281 14 3973
2695515 94 3515
41075 33 5880
139879 35 663
4132834 5 4093
875278 71 5017
18435723 3 6252
22538287 69 7512
38691 43 1031
1 92 302
1150356 99 7194
4284 62 303
1687482 93 6281
286047 87 1520
11952015 54 7622
29947 84 9804
29634148 100 8778
3160709 92 3584
15895322 10 8108
2527873 58 2256
1161673 75 6040
1749850 85 2495
17714 39 6779
738960 80 5379
27682668 91 8034
4816940 21 3703
4580195 38 6438
3733915 43 7120
2649599 76 4339
74930 17 1161
294529 29 791
5439709 34 6223
1322332 62 2548
3776177 25 7273
14938972 3 6109
12455286 13 9063
2855572 70 8783
106642 1 462
1175639 13 8911
20435289 58 6390
3990 84 152
47682 39 2469
17155449 82 6840
9534821 17 5525
349207 36 827
1028158 30 5542
21175620 9 8608
23265997 17 7451
277366 57 2271
10223306 39 7620
3329607 32 3696
2126884 33 3370
398331 21 3998
2085263 99 5439
1596241 57 3017
13417945 1 5586
8726673 7 7281
1 92 7117
29157623 14 9990
1835 38 1567
56836 39 597
72369 81 5225
34682 70 514
222556 26 1585
495276 25 5034
31022106 90 9174
193966 92 5759
44050935 33 9854
1906847 29 7947
7108981 56 4556
1577610 51 5381
884335 96 1834
2761985 50 3493
1712160 28 6385
69612 50 399
37041063 79 9508
2967273 78 5592
378 63 2298
248563 96 1196
1391007 65 2568
2816158 87 8341
3933631 38 4050
1058801 81 4374
43844277 58 9718
8421309 24 8441
4301230 47 8289
970366 87 3517
1299550 97 2368
1093742 48 2401
9662627 56 7505
4985775 3 5018
11896250 77 5265
24458191 7 9665
17831285 54 7896
6116632 22 7718
2930408 84 3748
15374 91 350
2356 84 509
916780 66 3158
21938 34 5141
236151 71 5088
16719 16 817
204810 30 2255
325019 84 1600
25086069 90 9061
8900 47 2483
639385 66 4139
120963 35 5244
385480 49 4440
22394523 96 7885
17183010 12 7777
52032 36 8408
15321 26 8533
1225615 35 5240
1536106 25 3889
711538 16 3299
1614 6 7541
4065483 45 2967
1501065 25 7682
236789 42 2926
5490404 54 4192
11546691 32 6150
102590 7 1233
97405 32 672
8561024 19 7023
6872042 55 7409
15411975 13 5656
569839 97 2277
30104 8 267
23660863 51 7031
11114 84 5219
3761 86 7391
136103 81 5796
299192 85 962
1443338 47 5778
20004991 1 6786
9849 63 7454
201929 49 1155
526842 6 2760
3267014 99 3256
40424903 33 9188
6529260 99 7087
30137289 23 8358
11509336 3 6147
17924345 40 9963
12414852 75 8213
16495307 94 8291
1399940 36 3107
1108563 50 7358
14163516 30 7118
170129 89 2379
2360478 79 7689
3558198 61 5438
2883 1 21
1934205 71 2341
65343 73 8128
209719 23 1057
24651061 97 7713
309285 10 2644
3212272 3 6623
6047653 35 5764
8806606 46 4317
16325058 60 8760
28032371 99 9828
784468 67 1977
1100322 55 1513
11822679 19 6207
1713196 100 3152
6368918 67 4812
23053455 1 7832
12848214 31 9084
18138109 83 9866
12883657 60 7127
10913406 56 8350
5127772 36 4056
2359732 75 2172
960527 18 5251
12200109 72 9161
31562329 41 8748
1892893 41 1855
3494184 83 7564
162677 70 2275
816518 72 5379
34861073 48 8916
201878 49 1401
81375 65 484
561373 14 1120
18932508 44 6415
1283548 60 1741
445518 86 9690
3933171 32 4936
372226 16 1003
244272 16 2606
6614982 77 4330
37105 77 9206
183051 70 742
10278994 50 4734
20980249 31 8844
1248081 32 3027
30863135 15 9866
118825 37 8260
3659788 35 5092
1929815 43 3544
317199 51 3704
25253 9 6820
1402273 62 2174
842108 57 2493
3478834 67 6100
92462 3 685
30534525 60 9973
15303463 66 9125
5606212 11 3776
156091 74 7214
577675 16 3027
362286 15 5056
14675014 97 7958
9356489 64 6088
415697 69 1381
2533392 89 2856
37110 7 5061
948110 43 1302
2008839 24 2494
154542 88 877
6641963 88 8782
67752 73 578
1731547 75 4208
2022588 83 1920
116605 42 679
141465 13 793
28780577 34 8762
628232 66 1406
255030 95 2242
1721445 56 8535
16292073 96 8148
10085084 40 6391
1873573 98 6195
6877 1 2993
966385 69 2652
187498 100 939
6467535 78 8726
139711 79 1533
22408530 15 7012
946 98 2291
5422390 24 8402
174714 71 2332
3229547 87 8462
189322 44 1166
728157 34 3065
2981300 25 7964
163052 65 6662
8013099 96 9463
12160838 16 7769
31490170 94 8654
26229681 54 9715
13926835 38 8090
6275 47 2718
707680 28 1206
1752492 86 2033
3431534 5 6007
21065782 94 7805
42289 25 6338
1 90 2453
44659 90 6349
3317402 22 3608
557125 16 2095
1113047 43 1423
1052959 65 6951
3188828 30 7440
3917979 54 5566
13256348 49 9570
1 76 1735
1861725 29 2595
15723461 66 7706
7717897 32 4194
64971 74 538
11188392 35 5300
350219 68 1421
14114877 81 5939
245525 59 6199
977274 60 5303
6319101 42 7189
4528500 83 6048
497099 47 1059
954651 2 2204
2809908 26 3044
1748923 18 6117
14311097 10 9513
1215983 64 3377
2882845 96 4425
2936548 26 7021
189506 97 2101
13259 32 813
842537 81 1769
204131 62 5718
4860517 19 3157
13742332 38 7468
7067 61 75
12758468 27 6311
3115486 44 4115
12905883 43 8801
2496419 44 4312
2028694 22 4787
22665095 98 7479
33139574 57 9230
1895817 1 6654
32218 19 306
4139071 75 9800
95684 24 9693
29836593 51 9082
2203239 48 8263
16722314 11 6925
15647711 50 9065
3894754 24 7477
18508658 99 7739
3231748 83 9135
6443997 88 7017
37686 59 1905
9931724 75 4504
343421 35 2236
1797 12 99
5613976 12 3552
2476071 90 4789
1105387 39 9956
1815598 46 6684
12878766 6 7983
1574825 78 1772
1652762 80 5929
20284193 93 6522
10320090 46 7021
1118000 59 2935
3644152 5 8939
454091 57 1116
1816961 98 4654
4619816 99 5876
5141763 27 5469
51343 56 348
214846 30 3774
781526 32 5731
17971131 75 9494
243610 40 696
210310 27 1695
34409655 66 8369
8818422 97 5494
91684 19 542
618212 75 1626
20318513 98 6717
1707988 27 9145
56097 10 877
137435 35 4589
6484728 49 5281
2522783 45 7637
29422138 82 8174
7229 22 86
3483394 16 3552
596083 47 2056
1134004 94 2090
2969567 65 9971
195886 78 1470
263432 12 956
7384772 19 5328
727141 55 7856
2704120 73 2543
5196798 56 6963
24023331 17 8585
8181522 40 4913
1168270 65 1864
811261 62 1332
6772179 34 5576
18706311 94 9405
4214562 48 8213
2337779 13 2824
1106262 3 1698
3006594 52 7460
19572861 48 7574
1689966 9 5965
5156273 57 8541
233251 66 1549
4776246 18 7745
24989013 38 7636
128377 24 539
13401394 36 9484
25090794 30 9815
16548806 42 8380
20 26 2428
14103058 33 7106
878870 59 6631
912642 50 8144
1572931 86 2527
10780745 80 4974
1807421 64 3175
15877650 92 9335
168707 83 9065
17490227 14 9484
19552442 70 6307
5222159 86 4890
792714 32 6766
35982 86 3044
1269655 4 2422
9753422 87 8823
75394 65 1463
328869 80 1742
31862220 82 8940
15090792 34 6293
2823965 85 7793
1827535 71 3812
8976 84 6051
83586 14 752
1337239 2 3361
4280239 85 5164
1674329 17 2673
321555 39 2602
8136151 41 7538
19648220 27 7953
11570 74 9975
401942 67 6243
62558 39 4248
10305 91 185
1839938 93 2591
5664 72 404
49207 9 1002
1 78 1530
8579281 18 6045
3442015 35 2960
742489 48 1944
1644133 47 5041
28702046 99 9070
1544719 4 2518
10086895 3 6186
91325 100 1272
2143592 62 6939
157637 39 540
31785878 20 7899
457 78 4042
281605 89 1072
2239276 20 9138
16733708 95 7235
1886778 98 7052
1550579 25 6360
2401533 42 9770
667399 59 1300
2622010 90 5938
10142457 33 8080
1038288 34 3583
10999 68 3853
804491 29 2580
8720215 34 6222
824228 16 9621
4632731 98 4733
6264470 18 3473
14107238 28 8729
2405108 13 4716
17584553 88 6513
13205160 50 7062
1046221 82 9759
9818830 18 6261
1430231 4 5778
1097077 12 8803
34284813 95 9005
12780643 61 8849
2063742 90 2981
3454918 14 7925
1076285 10 4625
75290 81 1242
5891720 43 4139
1 17 717
5782960 82 4640
1982235 35 2335
134449 73 2202
261973 33 1412
118434 29 2949
10700281 68 8684
2284335 4 5245
10151685 69 6707
55888 30 5515
5031315 9 8707
25445674 78 7891
2931499 22 5918
464755 15 2271
401865 99 855
731557 18 6110
30275 36 2470
4428571 82 4867
2149804 57 4204
2795909 25 7540
7063 78 221
225865 89 5558
1250060 7 6177
7144 65 4701
13972 44 9845
5717087 28 8155
4789611 86 4535
288079 71 5110
21388 40 765
863 41 100
5905129 32 9103
17276266 42 8419
2284015 58 2082
10790066 70 5507
8617100 14 5100
13645512 87 6794
33199 80 2485
3711964 55 3364
382797 4 5422
316778 36 8618
9497888 35 5293
446462 69 1071
828601 88 3960
9594038 65 7357
4761019 98 3241
494970 27 4907
14427508 95 7248
34178419 30 8670
3841829 46 4011
17651093 60 6092
22620294 44 7407
522668 72 2239
21017829 70 8108
43709 46 866
29132267 77 8524
14580 42 259
4617429 1 3225
5422077 95 9230
3182887 30 3308
1943242 41 2141
3940 79 2802
806726 20 3089
586487 36 1390
23521683 70 6810
1 81 245
169736 44 6089
1 60 180
1434303 97 1915
9358792 42 6137
26064603 47 9920
682077 62 1690
301958 12 5069
468750 6 7663
72812 77 688
24878476 24 8666
944610 9 7126
27400 45 466
3768031 35 5593
1650 36 5952
18450527 6 7781
314619 30 1998
22969 74 1021
3035662 8 2382
15852343 31 6955
105696 64 873
21241985 58 9234
301937 96 3688
1 87 7296
28889755 52 9452
11660309 9 6887
331634 66 8605
20961193 1 6886
2987970 56 9441
4844341 72 4022
5767038 85 6549
29466 77 923
87050 88 358
11358026 41 9178
861031 40 1496
19218902 32 7314
9580033 50 7819
690367 75 4400
3521016 65 5133
198033 92 9548
600233 5 7239
6511164 6 5871
38863 17 6600
9722283 94 8817
161781 76 5333
1053701 46 1437
1 55 2544
672274 44 5306
4763 5 1020
342237 12 1547
21985908 72 7409
30932712 6 8058
397729 49 3295
11669761 42 5145
10827856 93 4615
461037 96 4710
113572 9 1056
29527 38 3225
6689540 70 8680
2720499 12 3858
1806219 30 6368
3694540 34 6563
35760717 92 8580
5097143 65 7363
3544213 81 6127
1144007 14 3555
5666188 89 9473
4230222 61 4565
6832579 14 6274
24590807 52 7151
776005 54 4649
787419 79 1542
101920 57 4733
7884321 97 4877
902770 65 7018
5023357 92 5210
3852009 56 7715
1243676 77 3997
2715007 45 3683
8733410 39 6400
2795004 35 6371
1531051 44 2039
502781 96 1311
1259760 46 3112
4712 19 1511
18449102 45 6709
187240 5 6266
53528 33 2050
4333487 40 3532
415961 91 8601
138818 38 4992
33238 43 1866
1566051 24 2253
102141 30 3588
7862387 6 9329
221542 94 1250
227713 31 2210
928345 58 1373
1527682 9 8638
5152654 45 6822
5994018 38 5862
5917845 83 9848
21645026 42 8622
155553 88 1757
10589386 69 9576
291978 71 1021
5523142 25 9166
217950 35 803
4673235 78 3839
313221 16 4517
4638065 36 8959
4389248 32 5464
16903592 23 6516
2601945 37 4263
786091 23 3980
37749 51 2418
91098 7 6327
3633 83 7494
4927 94 3281
445248 41 1013
4050107 75 8485
7927 50 8875
140785 96 2182
505758 45 2889
1508915 46 6426
921252 28 6195
4472023 73 5489
1327986 63 1578
3326469 98 2705
1398331 19 6553
230880 70 3498
5325761 25 3911
331822 42 4780
2274536 85 3166
7007605 39 7489
22285843 50 9773
10166798 8 5251
1015829 35 2284
13985880 98 9955
6935227 49 9913
13036347 62 9143
3861502 57 7262
183114 56 701
107410 41 1282
12853906 86 7643
575 3 442
5485 63 4268
33618222 26 9142
6203081 89 8338
764423 69 4573
986152 68 6588
2221585 45 3674
2405310 8 6256
108936 25 441
397238 96 2110
796253 36 1726
7436227 65 7715
636566 7 2010
11840 7 151
1565463 39 5122
2160135 21 4471
409118 10 5866
2221862 57 6305
24511 56 399
4199805 51 6430
6030169 64 5200
2010335 41 2184
436 2 77
3230792 99 6012
48716 16 1456
4804767 79 5645
11470884 38 7213
487684 4 1941
25942 96 524
91404 8 439
237884 76 5582
1092511 17 2229
36660 77 4024
260829 40 1036
1213895 22 7498
977526 88 1509
5232072 17 5805
380125 66 1574
855640 75 4965
2623 7 322
6489162 86 4112
44909 15 2581
117673 30 509
2721779 4 9455
9252028 2 8256
4811 52 8627
10643289 6 8675
8003488 53 8327
6418965 1 7070
6135470 65 4685
9918413 56 9530
5175865 93 9093
1058087 38 3059
7908457 24 4847
7711699 65 5653
2095197 46 5342
136341 88 1094
1420712 85 4116
2800787 88 3321
1306414 63 3050
2674113 60 3134
12206379 30 8432
22494210 29 9168
859483 78 8824
2654546 92 5763
137973 69 4135
9666678 14 6089
944855 92 4965
13878 80 9435
6707584 18 9589
16664629 53 6484
507530 38 5529
1061879 82 2051
11042204 6 9709
4041131 67 2806
11221838 37 4972
265181 32 671
6131061 1 3568
15802641 39 7129
1097856 63 2416
4596067 19 7879
23119553 74 9010
2350035 44 3182
14212 56 7446
2654534 86 5838
3861269 9 2802
10848823 64 8648
825477 18 3141
9442820 70 9451
824 15 2555
542040 69 1098
4827328 25 3569
24190727 51 7146
34163 4 255
251156 50 1776
1 83 5978
10932 19 420
3959515 12 5492
1227897 5 2779
17748113 54 6941
44974 63 3890
5535396 25 5899
1884741 65 7932
3842310 20 5283
6701478 2 4048
2970403 83 8729
1509791 59 6063
3492805 4 2776
243326 72 1163
4557911 72 5057
379019 17 1086
21029448 59 8590
1230212 10 3373
438952 66 1679
505081 53 5237
2173685 54 6690
1378873 57 2869
574635 68 7200
32016415 89 8848
1092989 97 3433
974188 57 3200
1 80 6433
3435968 6 4881
13934 24 1682
1 96 3998
33695226 67 8174
7160706 34 6452
15010267 80 7106
20686880 60 6363
2322304 58 8304
9428 82 6646
23317426 42 8354
27166672 24 8049
1382222 94 3947
471151 68 1208
11236798 47 9422
3100795 73 4321
6395849 48 8091
13962942 25 6099
14079792 53 7032
97503 91 3969
169176 68 937
8628137 95 6025
270744 38 684
6535145 74 8636
1050957 95 5803
5696900 52 8716
241604 88 3887
1160241 87 5480
1 73 1786
27840280 90 8643
548486 17 6428
24525320 89 9720
3971108 59 3540
217921 17 1388
7707 77 6361
1029000 59 2717
102407 57 1055
4052117 42 7297
4912376 56 5476
8072142 45 4577
9660253 94 7877
15571750 49 6908
522036 38 5818
1946180 88 3427
21105811 68 7217
108914 98 2626
53542 96 411
767516 71 4663
39860790 63 9953
2971045 53 7245
1385907 51 1906
2623559 53 6404
5424325 28 3568
19159 8 5300
1713177 99 3322
14652240 42 7541
7367795 24 8949
22726396 19 9111
7993577 62 6167
9052097 11 5628
766609 70 1687
250126 29 7047
182247 87 596
164982 27 1501
1245477 60 6573
2929253 62 7829
258692 70 4577
129582 44 4543
159900 94 2769
3339444 11 9966
643254 29 1233
1657541 76 2387
22959335 94 6766
11864475 59 5200
1140131 3 2094
75345 78 8424
9552101 58 6988
846584 5 2644
7560978 29 4986
1233884 26 8816
30631433 58 9109
28986151 31 8575
43740 69 4685
1 47 352
5040221 95 6979
1301441 9 3010
9848030 4 4563
2897699 97 2404
2338092 73 9777
3622470 75 4143
4937436 46 7713
1953028 93 3197
370450 76 6045
25840208 56 7442
32368531 6 8344
427498 30 1507
22227160 38 8130
5950920 97 7954
1486663 63 2204
8528300 22 5166
2217809 54 6258
1 67 91
52977 66 1686
8249997 78 4588
10271534 24 6451
1 76 8591
247514 40 6156
1519813 39 2435
834108 37 4189
21947066 21 8094
2125478 83 2362
5574131 95 8339
1936354 48 5728
535730 19 7178
160309 19 776
2131284 22 3739
4619918 61 8223
14142429 94 8455
238186 71 1130
1 78 2872
509 6 1492
4614960 28 5274
729720 4 7527
135776 57 468
2689398 45 8788
47931021 51 9840
590394 34 1063
281681 36 853
342337 48 1085
23341689 47 9412
7135389 49 6137
30436487 66 8910
749814 15 1963
2219708 84 5085
4325654 53 8762
38621937 38 8771
1490603 81 6046
19822774 32 7853
2487401 23 3202
2506480 44 2675
492070 43 1434
5511412 58 3964
1294795 16 2087
1827481 62 3229
71813 9 4711
190573 34 2431
3137257 41 4567
9549349 20 5147
1 67 102
25834546 72 8091
1587175 91 1776
10421796 3 5583
646737 3 3280
18359552 54 6786
888056 17 3753
319281 70 857
2228967 17 4827
17884 87 8806
17177225 71 6345
888100 24 2203
26883 28 284
1517290 62 4748
18352960 41 9211
670124 18 1155
32681 94 4921
11181495 1 8800
45681 4 1354
520148 44 1371
749771 9 2604
540535 70 1707
4831641 84 4072
2558897 94 6215
188309 96 3900
3117595 62 2428
14172606 22 7553
1837695 18 7802
1363383 31 3486
25907 78 7595
183727 45 5456
145184 49 1059
11475573 10 9479
413613 14 1588
633337 68 1382
28607 44 1582
4834062 47 7610
16821711 61 7104
16722 73 5612
1772974 27 3167
3168072 39 9073
73181 82 345
20182564 27 7374
11022 83 1503
6777129 46 7142
171336 72 724
248802 56 1823
8429330 84 7066
51086 93 1475
130623 73 3709
12108994 14 7764
369420 93 2431
564103 25 4351
7603025 53 4653
17368099 27 9902
120037 72 6701
289689 49 6958
74431 9 699
1401620 16 7673
16816537 66 5926
13857622 30 5935
8302723 16 5321
1 26 460
42749514 75 9518
379059 2 7394
195 2 244
4176171 6 3963
40032167 57 9651
323148 67 777
2180315 76 7590
73143 57 3943
3907498 92 8467
40024560 1 9967
7466415 25 5665
3815 36 141
1817026 9 9133
182895 23 2559
42599 6 5136
377460 82 1057
648250 12 2210
81603 33 3761
906185 22 4064
2523639 50 4968
67158 34 3158
4121913 21 8208
419363 30 2270
1294862 38 5022
2664551 28 4947
1846829 78 6914
57438 79 4667
352284 23 1598
7395 42 4011
8771593 33 6656
91689 17 3042
2781075 32 5629
1833355 59 4576
8383303 91 4086
24019304 46 7748
1671973 91 4008
305963 58 1008
11185546 35 5251
1 60 1466
1 74 1038
2367279 14 8801
8188658 71 4798
13849327 16 7483
2049280 30 3234
885993 85 6482
36751211 47 9642
5828479 69 4057
6028863 91 8153
8780973 21 7553
14385241 33 7789
32105126 30 9821
140855 95 442
2011880 4 5886
14263 25 3125
4802608 67 6046
15442123 23 9397
1968865 82 3328
2538905 4 6902
500666 74 5418
292610 27 6320
14805453 32 8194
430984 60 3080
400765 8 797
549320 40 5547
54664 33 2112
36364320 35 9473
5557903 58 6433
2516680 69 6150
27118747 4 8869
1927315 82 7202
302174 92 5685
2682638 99 6172
14219865 66 6217
200264 24 582
3753814 15 7441
15228 39 1758
1250543 35 4659
20029674 19 7824
3695025 29 5773
4527230 76 9050
21792 40 5972
1544247 18 2950
1218730 38 1647
10125268 27 7262
20292412 25 9103
1241520 17 1501
1390685 47 4548
2498943 72 3858
7814071 13 4806
115053 6 743
5846836 52 7741
171589 81 2410
4459753 10 9325
5848976 6 3604
118341 81 3143
1606442 40 9019
21890353 38 8969
1466329 65 5120
1 70 9381
5529602 55 9671
276749 9 4201
436949 60 856
12268298 71 5927
29229019 71 8775
265115 7 748
22034825 87 7082
18366 64 156
1375433 18 3002
2596032 32 7483
2549242 16 3746
1 92 5848
2991816 91 4516
4314664 21 9016
38514757 39 8794
152443 63 8056
168319 34 2668
3228414 13 9214
14896178 99 7758
2654096 18 6092
891683 53 1475
6991 37 382
172351 28 8934
10889319 73 9221
779 15 7091
27684 100 618
4893607 53 7505
2800184 81 4733
726556 16 2926
10766699 13 8904
3010042 43 4346
406215 58 3888
2869051 2 2376
18358818 56 6806
712394 14 1599
158337 93 2723
17201558 35 9917
2889331 4 4436
40368956 51 8923
2955306 88 7309
38473811 31 9251
18784937 71 7831
130781 13 2861
1561101 81 8969
411609 28 2110
425674 83 1719
8295791 67 8325
1360328 15 4431
4682032 36 8091
1337982 50 1557
11246870 22 7048
1101233 83 3527
21572494 77 6685
32008169 69 9653
89430 94 1752
234371 4 3067
1530074 83 3215
423781 62 2205
298631 84 6893
645855 23 6497
2894227 36 5513
2629136 58 3073
20585188 46 7740
887967 24 6071
2716813 11 9034
7354989 98 4486
523151 50 1239
6690370 56 3913
4682314 60 3315
33652261 42 8555
438606 86 3294
2055673 86 8925
15467724 67 6825
2953365 26 4689
19236172 19 9986
1223741 48 2656
518767 94 6369
1646073 57 3634
12810449 52 7388
38490204 31 9873
81126 19 7159
14842215 4 7183
91460 46 1500
27343 19 1625
4051128 62 9138
101213 48 9509
15391322 63 7772
1481997 52 9419
543879 23 1208
584150 63 7003
724613 43 1349
4157786 54 7417
210612 41 1008
26951465 45 9290
24260477 85 8246
17618328 6 8994
9586423 87 4395
4646836 72 8309
1525431 82 2954
8045317 98 9406
40009 2 2197
358761 87 1016
1 81 8038
378804 32 1235
36090 18 726
10521249 45 8451
27350835 64 9887
173173 6 6595
288335 40 1328
681901 33 6291
455071 98 1530
15661396 5 9965
4036553 60 4632
1 93 6343
9133 83 354
3140952 39 3953
1226279 78 2697
2739193 36 2753
4619186 93 8980
30208 10 1483
5371011 95 6168
1776 41 1010
1899776 73 2177
179166 9 1399
210581 19 819
10951759 56 6479
2700802 42 4318
7539 48 1681
409474 65 3743
1659261 42 2771
131315 64 2518
2144395 23 7781
3656832 19 7373
32095 43 3395
20306013 75 6372
4073256 19 2760
1314650 87 5036
3582758 67 4547
12843406 94 7577
2004262 31 6089
330694 12 4815
13886893 55 8707
376173 66 4333
53461 100 8993
12909347 67 6369
2102750 53 2870
256275 3 1819
96936 11 921
19400669 31 9829
52977 4 2836
369468 47 8755
10469 40 1598
156978 42 2609
1700285 60 4675
23710411 8 9192
270 23 5308
259226 64 964
514813 13 3580
382895 63 1688
9096 65 4319
7816022 57 5407
5764735 38 3509
435968 36 1887
31992586 31 9481
448867 68 3571
1 73 6260
776210 92 1456
608782 17 4892
545818 7 3559
862867 28 3399
12183522 17 6475
656716 32 2773
3079609 84 5094
7652488 68 8671
62860 53 2805
32018 74 9010
340269 35 1762
6846 2 217
794793 33 2064
887212 13 3560
30713142 86 9658
2475342 23 5024
5249605 73 7174
1269260 31 3327
15589650 68 6244
2995075 91 2585
6311696 92 4713
32561615 74 9017
17232618 85 8123
2001035 92 2992
21113252 18 9425
8946152 92 8452
13038681 63 6958
564956 1 2331
236838 6 1963
40260 26 6385
5370606 84 9015
1 69 122
76268 70 8550
22813296 48 9270
16191111 25 7351
8474252 57 9385
112598 60 2012
4086872 59 8526
1926015 33 8723
1826973 39 3189
206452 95 1842
88010 28 5645
16974300 62 6561
7620655 24 5855
124568 6 1315
4704661 7 8465
19284110 74 8153
86588 58 1001
58574 82 3036
678726 11 1351
3917083 81 2907
215354 2 1015
952554 80 6092
67803 31 8096
4740336 62 6566
12456776 88 8153
238385 63 927
379378 53 1076
747248 10 2089
63483 25 738
1 48 58
7380301 32 7148
935617 56 5559
195316 59 6555
118073 93 3628
402663 78 4301
1242312 97 5990
3522 52 6460
1 87 4708
6780583 8 4995
1559277 7 7862
19487 82 577
56217 23 349
26814099 48 9980
258805 76 738
422867 77 1245
43444092 17 9869
4520772 88 5947
2718650 11 4390
3105974 6 3620
4318330 58 7915
11010421 68 4909
315481 95 2122
1 69 1741
2811527 45 4090
319691 20 2178
7677213 50 5616
7844077 28 4881
98430 22 3551
30629022 69 9441
173236 10 8612
1 76 433
12104097 94 9183
6774882 78 4644
6700109 46 7714
38309 78 224
12705459 15 4966
4627003 71 3165
4595528 30 5792
16487340 77 8853
424782 67 921
453 7 266
912942 89 1873
19641236 97 6815
3971226 98 4652
4911 83 145
8659463 73 4827
124863 97 508
9430352 22 6710
4736223 99 5015
1 82 186
1342842 63 6154
868262 15 3653
31045083 2 9146
1401460 90 4048
172829 60 720
12333932 79 4890
9858968 92 7207
380750 48 5797
29822141 13 9066
1510982 77 5716
10278436 65 5239
260530 89 1056
1999841 55 3355
8079621 17 6444
3775690 73 4104
2503893 70 6402
4273877 65 6165
1693303 56 2931
24056 20 3690
140974 89 3854
432828 15 1870
2947584 20 8330
1163687 33 1979
4906 81 620
5234667 81 6657
497528 1 1142
508555 35 1221
924658 80 4450
38746634 38 9064
3199784 84 8557
14584816 5 8069
66867 32 639
9843635 14 8338
18604 92 527
682240 48 2461
429414 100 995
12085360 12 5332
29548729 61 7979
13840802 32 9093
196909 50 7987
6609519 3 9924
8797379 55 9381
67113 6 959
1564152 81 2795
4685330 68 7219
3238997 77 5709
626579 88 8282
3365888 57 9038
32554898 100 8748
2215749 94 6186
996 82 1777
1642482 96 2166
13948178 15 9625
4042 82 5421
3261581 23 5365
27959713 24 7989
11016731 84 8760
133261 86 7862
1637439 71 5021
4372542 82 4083
10615489 67 5383
54286 42 5192
5051082 54 4616
126465 10 925
4859090 55 9361
4604116 90 3895
1 69 1592
1154189 1 2093
13777100 86 6438
9608868 25 9593
2196360 99 6692
1366306 55 6479
19747801 18 9807
158243 27 2193
1746836 32 3436
1269854 20 3354
473360 93 8043
8520365 37 9901
46929580 80 9933
1396620 22 1793
4165155 99 3391
33911 37 1932
2437245 12 3811
12238289 26 4972
433520 66 9490
7939257 59 4282
5847982 56 7441
317147 23 7801
6158939 64 5443
4586 76 1155
1 62 140
3672861 84 9425
23126982 34 9897
3351982 99 3481
8333837 17 6865
4966817 90 3151
79675 11 5397
7488131 64 5305
6342642 72 4073
29150717 80 7726
13103910 84 8175
17793762 32 9201
4756364 78 5499
2122901 17 9486
491995 49 8619
91874 6 4402
14005651 63 6354
23469387 77 7462
611410 67 5121
416272 61 1217
4723345 48 8762
349157 100 4951
424318 81 1530
9250259 37 8590
215814 9 920
16214967 96 9668
1113524 33 1891
6522 68 1457
318041 32 1875
15837 63 696
3055442 68 2751
27475 38 1446
1 76 2069
1 44 87
1164685 15 5972
434330 56 9151
2397773 19 2106
1 83 3979
5249 3 1278
533779 21 1863
11920691 33 6642
7739089 86 3842
10306 3 1410
16466654 31 7111
661914 12 1334
115139 90 9746
832264 18 2303
1370422 6 8331
2726003 51 5414
4236035 99 3213
5195865 61 6794
1526 6 292
13625570 86 5358
11428572 17 7169
16021 90 224
1595244 28 2144
221242 42 4844
843009 54 3556
3404257 7 4930
23061436 30 7157
5767132 90 3560
4949035 72 4408
10532410 76 9560
682941 45 2554
11361523 51 5558
4405805 59 4378
178039 59 1190
80887 26 8554
78617 65 595
1511850 17 6920
184595 89 1079
405902 72 2929
1300000 79 9926
6938356 28 7241
7505214 83 4563
20670 9 8525
30124 2 932
14534722 58 8291
11546814 4 9111
11404385 7 6009
329381 47 5304
523275 15 1450
3568554 79 7258
19376165 62 6595
121214 87 2375
3445040 73 4270
11638912 58 9779
25891685 10 7764
20828746 13 9149
3664826 86 4167
9517667 10 5129
2931989 30 6260
38468976 4 8794
3533375 65 8649
1291089 85 2292
467341 41 4585
1685790 26 7268
3395917 91 5465
8970053 56 7492
4164392 50 7980
1782543 93 2604
232931 48 1593
8351493 31 6274
4953114 73 3751
1911789 86 6789
228510 99 8872
30677506 92 9775
1083516 63 5407
1 85 1171
776956 23 1201
1342356 100 2624
6616155 52 4665
8746 12 188
1281114 79 3326
1028814 99 3087
1407402 62 1674
144300 4 2427
2338565 24 4594
3485666 61 8636
1558924 27 4855
4768225 9 4431
24807273 44 9156
110909 79 2326
102500 37 3208
2070591 10 2683
147510 40 2976
5501845 90 7872
16315793 17 5662
6755640 97 9125
629923 1 3734
3014643 94 2516
707206 37 7700
880362 34 9304
19585 74 3380
517545 1 948
5802892 80 6539
909850 75 1348
6348996 6 5073
11207307 31 5781
618789 53 4826
40537141 53 9554
1081024 62 7005
1241853 10 5036
21910 86 9961
176406 82 2670
10735818 37 4858
1122219 23 9343
446545 84 8275
18385420 2 6814
10549399 48 5500
6984927 70 7413
20766099 73 6378
5559911 71 4851
486563 13 2064
2552774 45 8506
22353167 24 7817
7172217 57 4375
272816 6 9595
29572 62 1482
247267 43 5465
164829 75 1654
7774758 34 7655
9422 16 6781
7354 4 1865
778356 38 1903
281 1 6001
481623 60 1022
5429397 38 8928
327 72 5620
34454 86 982
2339472 24 9897
16943131 34 5848
185115 59 1782
73390 41 944
1 62 220
1100694 81 8329
6944792 10 4953
2655458 15 3340
42270698 47 9975
3650538 27 8241
6838 52 6103
98819 88 1398
2799549 99 5249
1359722 97 3530
28023 8 6613
5771027 90 7999
4250987 34 9011
55135 2 1497
10123513 88 5637
1258614 73 2431
1 77 8002
2592392 32 2382
579544 72 1011
2890461 88 3879
8561469 85 4421
11829553 42 5816
44011 53 209
23786 58 5822
14231689 2 5809
3838463 84 3360
619674 23 3169
295200 41 2579
42703 9 4884
9782173 79 6376
1299109 91 1978
21101375 82 7825
5519525 54 3503
10597911 69 8955
447804 11 1851
18984636 90 7330
10243894 33 6958
8920890 21 7038
19834754 60 8308
15393760 55 7127
545957 66 8473
5342 28 108
167407 71 1490
15830452 33 9105
318630 9 1765
7931 72 394
66071 53 747
177917 54 2743
4739657 19 7003
3308857 87 9381
10498979 59 6077
4063590 25 3671
284504 96 9532
2854505 23 3707
2822305 100 8893
143351 78 4432
1229816 70 1998
19926716 65 6598
2560579 17 3066
1453426 17 3193
9434 50 161
1038663 35 3398
4969 1 187
270190 65 8487
9430600 32 7705
890487 62 3007
2275462 82 2780
12764645 46 7885
13865666 69 6474
84398 43 2637
17600511 59 6845
590493 71 3104
16213093 48 5880
135640 58 526
340113 42 2860
16671836 51 5963
6680 48 80
1119002 29 8683
1110795 44 2362
6186295 89 3599
629677 67 2952
1288426 93 1836
1 97 913
1002 54 100
913030 48 1464
34222208 82 9677
586736 53 5705
1220889 56 6343
4107 87 2565
3818805 61 2811
1330303 24 8854
6045455 83 6492
332633 47 987
748700 19 7296
288737 11 1022
13025396 53 7742
3434790 1 5448
689789 39 3475
8931643 79 7539
4966043 97 7938
373561 8 4922
1848931 23 2147
9801 55 1463
2342332 70 4940
11269465 70 8174
25058497 76 9305
1 89 187
31293198 27 9261
2965342 75 2808
2532043 52 4184
5998147 1 6180
7771856 85 6688
1168298 41 2984
2707176 3 5019
1038389 53 4974
135906 28 5397
16214 56 493
41994666 59 9950
23730619 19 7570
1684871 87 2068
1546149 6 2086
1223279 11 1536
394168 74 2596
10731591 97 7073
10125 18 591
1 50 4129
1263328 80 3003
5513207 9 4706
1132416 7 7604
7508598 98 5340
3188226 36 5866
6022884 89 4580
5655929 1 4066
20047806 18 7770
29423298 34 8808
8942654 80 5927
4387174 51 8270
1451 21 9299
26496898 96 7345
3332641 52 3592
1196027 5 6324
1187530 81 2735
49145127 39 9878
454378 17 4393
239473 1 902
12079859 48 8023
18436 27 5160
8883166 5 8837
820549 2 1762
12451886 92 5208
11835589 4 9587
2430509 98 6396
2929025 68 8638
4276139 96 3075
532929 17 5530
268569 71 1415
3463848 47 5118
18802271 52 7368
4238208 45 6632
1548494 57 6337
21513687 6 8156
262312 57 711
37187 59 1358
6922306 61 5084
16653398 25 6108
979125 92 5627
16286028 27 6874
41995 96 4010
75006 40 1001
44948 68 1851
16839 37 402
722963 98 6758
4816068 81 7412
32440793 84 8600
993647 78 7935
2651142 18 4899
6747869 21 4394
54681 58 349
12958175 7 8128
2948548 22 7664
10820 39 1209
299911 38 2667
8226 47 981
3228360 36 2838
123478 57 4172
9383416 3 9347
8659149 67 4734
4343551 8 2880
3880282 11 9192
162504 86 4126
8023153 86 9515
2757591 22 4658
8466161 55 4321
895738 12 2452
1531623 68 3330
1269087 89 3441
3573280 36 2829
42036 4 1012
21570481 73 8351
1068312 41 3599
25448730 17 9243
3819319 46 5554
102647 60 1053
537882 28 5785
918910 55 6929
367629 50 1077
1306527 94 8965
471790 13 6414
13869433 66 8247
678023 20 7090
7291426 87 6046
110643 23 9398
1009113 93 3656
5797 90 8288
42085011 66 9857
4328208 30 3310
1 73 351
1388087 2 5406
107939 16 4754
4674190 76 8441
614655 63 1618
1114903 94 6329
3331173 95 2617
28126015 96 7462
26444 67 1841
383137 59 2320
178786 46 9971
2595035 53 4841
1662666 42 3353
59921 64 1851
169002 65 665
3457161 65 3194
1629364 29 2956
16215111 3 7810
1268421 76 2901
34998332 77 8333
14831990 15 9626
1 80 96
2239606 9 2843
77197 70 7892
20444 59 2743
25600 3 3125
1359996 1 2659
5253334 5 5176
14272973 80 5590
365073 6 7714
528227 71 929
91561 54 4465
4043887 26 7783
5288289 44 4151
18532211 10 6511
10180960 15 9842
4063362 37 4434
706536 10 4062
1248242 24 5790
28371795 31 8455
805 40 4470
424601 59 1623
1674623 34 6284
1 78 5399
3867688 60 8451
9400 18 522
4566 70 6675
288530 74 1935
46972 10 2710
2337753 43 2623
16870788 95 8150
472750 88 3135
4240100 78 4500
117179 35 603
2004925 52 2722
1338791 20 5300
2346155 52 7445
1136648 36 4714
22928186 14 9419
429195 83 7566
2445676 91 2447
4690 46 3103
481 95 1076
5540226 62 3434
5142620 85 4415
464258 61 3500
205348 98 1357
102973 24 459
60893 96 5171
5574720 35 5880
1567077 29 7702
543686 13 8964
991083 44 2156
719748 5 3408
459454 29 1364
20763981 97 6795
79377 71 5935
2197767 58 3475
6222 1 205
1804080 29 9111
9188222 54 4564
1332669 77 1930
13001754 84 6934
2132689 19 2973
376504 41 2326
32442864 63 8216
978427 19 5114
230837 90 4920
378372 98 2823
1450364 57 2322
2294417 92 4042
2638432 11 2736
4282673 30 4499
8847497 26 4234
33211204 59 9780
10030845 1 5390
5603974 28 3463
2663108 65 6997
2921826 37 2666
16823279 12 6280
232213 37 929
2326559 22 3428
3048792 49 2827
535327 100 957
13746439 71 8845
39156 78 268
1139 68 114
84822 80 3381
9908267 14 7061
26210861 30 8036
315828 69 3049
11028893 72 6117
1425064 7 2295
6721137 47 9796
68625 76 614
6240588 28 9433
144952 11 1016
2217746 30 2969
412056 53 1733
165502 56 611
14875351 73 6234
30771 90 1081
3515042 30 9627
54023 31 890
357725 7 2175
119833 80 466
12128446 48 7975
15541 95 728
3571326 28 3875
2621504 20 2596
195964 85 9483
6475891 99 6550
40311 90 6519
11255986 40 5547
37238 27 186
1532179 37 9743
17536158 80 7656
11575 14 2667
391907 47 9007
17005982 62 8748
5168275 22 5533
221086 37 6343
72582 68 445
2880825 54 5944
882726 2 2696
1426986 2 3421
54890 2 2506
12930773 21 7407
1506218 42 1897
1935242 94 7668
4526299 92 8557
119367 75 589
5685152 1 6289
32477 23 1022
200032 93 2557
1164232 8 2263
9201399 11 5516
6863252 94 8555
20306224 26 7149
21639 95 460
11284894 87 6028
7717247 80 7486
8298212 86 6165
10409927 64 6067
24511317 14 8612
8961041 76 6407
1576 28 2085
4764 50 192
4811881 31 4160
951280 53 4133
1 38 7420
1007222 21 9886
583564 33 1469
31625 6 573
2989456 34 4881
377676 69 1398
1351652 73 2667
1858622 23 5427
20348608 97 6557
522388 7 4355
886375 75 2696
1372150 8 8805
13549187 48 9976
124986 74 3373
19374347 90 8917
289802 90 8194
8123238 84 4011
2618082 41 4036
6701250 41 3841
530743 91 1017
3147835 98 3913
352501 40 1550
241491 69 3144
29632 15 286
13357 32 162
561986 41 9318
94320 3 1172
2021579 22 3264
1960581 89 2712
151037 1 7356
6925772 8 7258
404979 55 2662
23959798 28 8474
1799357 19 2761
5220 78 3529
30012418 35 8724
205902 21 1849
955072 1 8402
19607535 29 6659
835318 29 3637
2161443 78 2093
538095 97 5333
7711211 10 5666
2475533 71 3462
1166449 24 2844
6251595 63 4314
1810152 83 6631
3223913 45 7185
1877195 36 6155
1402974 79 2534
490019 81 4614
295551 40 689
644 27 5574
7535420 75 3870
48791 54 904
4359043 73 6790
278815 87 2023
87389 6 2113
18640 23 193
1 79 153
103944 71 6657
8454819 13 5244
7269272 13 6311
2035504 10 5262
8363619 58 6469
2265 72 2829
20827 84 2122
9091985 21 5004
79999 1 461
3307070 62 7470
4676386 56 7323
13302497 93 5270
1322110 16 7256
697179 46 2987
812290 61 3162
10856797 42 6953
84563 72 2499
12986026 86 9315
3041222 14 8883
50577 77 3481
298543 89 3051
552666 83 3871
249072 40 834
9483 95 365
220333 80 8936
11785574 63 7702
2176 87 1183
9872439 21 5271
3091024 77 5478
1 67 8084
6020514 84 7152
1395286 57 3459
2070669 83 2832
3922684 73 3228
1233129 24 4632
17569859 34 8959
3034 75 1246
11774278 24 8744
48381 41 8945
12269500 7 5312
4450305 66 3748
2492113 4 4388
765517 25 1317
5000429 9 5090
125 18 208
888473 75 3663
5442294 99 7914
2546863 66 8446
6022988 31 8776
1839629 43 2204
63672 55 328
8242632 36 5249
2053102 44 6316
6164815 56 3460
2835843 82 2418
1121998 42 6843
986782 97 3327
2885035 38 3143
10806077 99 5111
5448247 45 3297
6740603 39 6565
37532 19 9335
1344049 34 9498
16768237 43 9013
54877 38 5491
3687659 19 2911
307799 28 7054
3964070 81 6843
20122540 93 6257
17782445 5 6795
15773088 93 7374
102196 71 6769
10745 22 57
25370510 61 7877
20971062 85 6633
20467 74 804
175372 62 7397
472118 7 1368
1776265 1 2655
12136705 91 5320
1406055 40 1774
2324 3 828
266049 34 3141
315149 2 1967
10766561 97 5529
60090 16 973
3031628 76 8387
36450 75 1175
4528483 15 4006
121642 56 4094
12156853 30 5636
45232225 85 9817
501950 58 1462
8066 11 2942
12952267 30 7935
13065597 69 9501
18543934 59 9876
923500 3 4040
30203 100 1172
5905023 13 5182
3372463 20 8045
4755 82 788
13452607 51 7059
9414837 25 8640
2327312 18 7123
3926081 61 8254
29375313 99 9583
48514 71 6719
9115955 6 9605
838873 16 4529
907 7 134
5238068 85 6537
1069455 12 8768
3166923 35 7019
3600004 7 2835
29730 10 737
1185 68 800
20934270 3 6645
1500074 67 1793
5256338 27 9271
743236 54 5343
3592241 48 5068
1719029 71 4710
1433033 6 6095
2386287 13 6488
30566752 28 9913
4650155 85 9577
6553635 78 7145
16680912 98 8531
2190602 49 4173
176381 75 863
6530520 34 4523
20420666 63 9793
6982363 49 5410
11726919 67 6936
5949644 34 4380
14940 19 90
1561986 33 7378
2728210 85 9148
12427954 39 7791
10517496 40 9813
2299406 68 5418
7029550 9 7561
103248 34 981
1790927 3 6770
8978 15 3193
355380 99 1743
1 55 161
14 49 3583
484479 87 7040
15209414 67 6804
1263705 14 2861
265246 34 1816
283999 13 686
491418 96 2569
978 34 143
4298243 39 5334
23669152 6 9562
250640 40 7576
602763 95 1882
12558830 64 5718
606494 62 3449
12198372 26 7861
767036 9 3525
3279031 24 9705
31102 58 535
2345446 87 4277
1380704 32 2827
4153240 19 3578
2174176 44 8408
1 28 3717
8873729 5 7331
399545 59 2650
2344739 3 3071
1059005 61 2663
1 34 58
3043677 69 3460
482557 35 7060
5914616 94 5792
74738 61 336
31670 65 4303
883317 62 6708
14573317 82 9240
18717100 67 7082
33514 63 330
1158032 47 6924
6887286 23 8764
231249 13 1265
412162 17 2914
1237631 94 7873
529757 67 6654
231761 66 4610
204864 60 2161
821502 2 5514
4225691 9 5837
25732377 72 8687
1312678 18 7937
44513573 87 9350
30989 59 871
7201497 29 4356
216614 48 893
1496771 76 2301
4361705 87 6984
3972190 52 8493
1987188 15 5470
1702 33 45
11698441 2 5456
10994 19 1129
117719 19 3201
20539764 12 7512
2661958 32 4952
636015 93 1572
1416199 17 2042
13718 94 563
3000056 25 5932
7637675 81 9249
118612 67 881
17663425 5 9452
43145 18 5479
5400681 3 7128
309600 42 4978
16699135 23 7384
1 75 267
79907 99 897
2523322 40 3451
8294 2 53
63377 45 3696
3874243 6 6267
23351942 12 8946
259010 17 9970
28510 15 1460
927656 62 4234
29786601 17 9302
67639 74 4531
30367036 3 9615
32264 32 780
471025 2 1415
11041944 68 8716
3413853 78 3659
1036160 19 1555
6025734 75 8219
17967745 61 8030
2399874 98 5300
773363 12 2394
15798561 99 6711
338591 65 778
8938939 43 5534
14258551 83 9747
1286707 28 3753
1054219 22 3333
2177048 34 3738
7578211 100 4974
277784 23 2808
1448 53 91
2017 100 158
30415922 7 9485
10567710 74 7132
45095 86 3850
816261 4 3272
41900 25 917
1819 13 645
1148965 71 8181
5881033 82 6161
14099497 89 6237
39548556 93 9487
1600515 79 2376
577302 78 2882
10643154 5 7362
66811 91 8931
1971932 7 2380
17958554 90 9986
71579 72 336
8163658 44 4357
1786346 97 5341
121525 41 6591
430823 66 1474
6638303 8 9304
4373 7 2336
49567 80 9594
2351200 55 5469
10036217 33 5229
2246659 83 2444
113901 12 8835
5303868 23 4795
46803 33 305
87597 64 9735
5691273 66 3302
1207727 76 2662
2807711 74 2642
3062018 17 3218
2446183 17 2577
793947 48 4483
647231 72 4146
9021534 55 7302
13950559 22 9698
6832526 26 8915
23524245 72 8286
543930 15 7114
434532 3 4221
10312958 96 7141
180373 40 1098
3465187 60 3020
1461915 35 5866
884225 27 6951
545920 7 2829
98996 88 7142
7130962 18 4471
196637 61 1815
176012 41 6128
1256164 9 7888
19136 70 1062
47176 76 7107
4365439 57 5820
7371969 8 8637
1230469 100 1779
1125301 96 3033
12200326 16 5500
5813028 62 4771
21718 25 271
539675 45 6248
149463 58 1111
135099 19 2162
1787123 88 1837
12438590 42 8085
4094461 99 5069
2436350 13 3783
9923695 30 5139
3376844 75 4735
10170838 25 5551
14787173 66 7734
32415491 86 8993
119924 74 9151
2863825 42 9339
922906 85 8735
3426876 38 6808
2923041 40 8570
119475 14 876
443241 72 9279
473269 86 4638
2366153 41 6634
14323905 91 7354
21702966 93 6557
2141384 5 3064
21982358 14 6798
2724496 63 9515
1 67 261
11201173 6 5142
315896 18 6657
312543 81 2183
167555 16 1551
5510523 30 5112
2296849 73 2742
795950 61 4402
589497 29 1339
8387 75 527
14933932 53 7880
7759479 87 4278
10630896 87 5344
1642523 58 4962
14143575 44 5985
92904 10 782
29570659 31 7890
22329521 24 9423
70130 45 686
544129 42 1800
1 60 964
1387617 28 3223
1064009 10 4895
17665785 84 7448
125810 39 3816
3873827 69 5005
19304861 8 8984
1230973 60 4373
56697 85 724
1 35 1589
133021 24 6709
3022400 93 9963
413654 13 6660
40485642 67 9427
3211856 73 3966
4526804 6 3082
1 64 289
108987 3 5039
22999661 13 8262
4902433 6 4174
328349 50 8945
7061916 7 5355
3073166 50 3525
1057359 75 2941
1405769 48 5786
18282 94 3394
13012311 20 8482
13996403 5 6155
2788208 3 6938
4003407 32 3657
10543589 36 5514
241093 16 1286
633314 46 7167
38231643 20 8678
23104988 23 8234
23937733 63 7670
173417 81 2763
1448162 40 7012
1988491 63 2874
2698 70 6358
4174892 8 4361
599678 19 1246
212199 43 9420
1 72 979
4000695 55 3919
41877 58 3968
293000 19 1310
3129127 99 6674
1868456 49 7837
3144216 91 8017
12377461 40 6556
3002023 37 6445
15952588 95 6751
1761001 90 1859
1682132 86 3458
993001 51 5558
247885 43 2481
22206950 91 6741
43776 77 1185
6591428 98 8286
186435 50 527
341456 89 7979
1788772 88 2533
5089045 82 3705
23718438 53 8742
14955946 88 9189
20327 14 9625
1122102 44 7942
1300734 5 4570
722116 17 1860
7961582 88 5541
664157 53 1690
1884014 82 1917
1 97 3186
45952422 2 9982
48181 99 4535
1833604 78 3475
52381 21 1735
7311335 98 4068
3285428 86 4594
10216212 26 9821
1191856 25 8567
14795 79 532
4072100 9 6028
4181164 45 5140
391211 31 1165
1427757 40 1602
7851 35 490
2347753 6 9966
82508 33 1344
11369158 48 9270
14899988 8 8479
13118463 65 8751
21586 15 2367
178679 30 668
2787060 95 4400
15935635 55 9979
27379096 1 7368
15109325 66 9542
4068073 13 9824
739526 66 5825
220064 55 938
20121 39 749
3518169 70 7040
140083 51 480
2802182 90 6727
21166822 96 7970
2665 8 4215
890230 77 2679
139257 23 4655
32602614 88 9643
2686538 86 2299
1364019 88 4891
7756845 35 8430
8250895 50 4698
30218 83 1447
502000 65 8575
533480 1 2275
40902 21 2692
7597035 37 6085
22998319 36 6805
8154154 99 3981
7883068 74 4232
3345567 78 2542
106252 47 3580
264972 99 7595
7965563 4 8720
948518 14 6681
644801 6 4747
639688 13 3704
85501 34 2413
95433 79 580
763414 42 2865
415503 19 3920
1857 49 646
415836 58 905
27644590 12 8869
3941875 94 8347
13666644 89 9004
422129 63 2943
19883893 51 8633
8954250 85 6441
24228975 71 8241
12689 64 2790
1980 5 7170
895785 36 2681
1 74 2231
2087488 82 3642
6429503 43 6033
32505932 79 8549
1028 58 870
38021 61 479
6571132 11 3744
247190 52 2956
1119392 83 3455
1729112 43 1925
7265 37 112
4120103 3 3354
21415373 94 7019
1317334 2 8138
146950 86 850
357544 56 5457
2179156 40 9018
12468442 56 9613
18028 64 472
18861719 67 7228
144003 23 735
210527 88 9228
22858843 94 8659
52935 92 4331
3114 33 1024
158434 29 8877
17479937 87 9685
226575 92 9124
96691 17 3510
3512695 24 4284
1812190 11 5854
1 96 426
5412317 69 5445
8263193 90 5095
17676169 22 7111
199675 15 1340
1356129 19 9708
234839 84 3763
6785842 72 5777
14720494 5 6696
893 9 601
17494717 14 6253
4676686 34 3652
575181 15 9512
15703648 49 8095
10127564 83 9240
3860819 85 4078
73581 1 1904
2885128 99 3733
1472545 13 5747
510644 37 1738
266539 37 7529
27964808 64 7603
178158 85 932
19306455 77 8715
52656 48 1058
6301235 11 3920
525439 88 3788
284579 44 1991
401431 91 1551
249351 94 846
3823969 74 3035
922 2 1969
8018326 71 6584
2959679 48 2901
5165130 2 8253
5884539 65 7223
6484542 16 4963
26657 10 6275
19367940 22 8211
4141474 77 2950
9250122 25 8019
1630169 15 9937
106425 37 4948
8983015 51 4426
5175058 96 6424
6656921 90 7984
23869110 19 7043
139755 99 654
128430 11 4388
1813811 90 2014
75094 33 577
9314486 12 6896
5390046 72 7381
239956 35 1379
30943 99 1210
10203909 15 5590
500697 86 6116
26380 18 753
329573 1 866
7723254 4 6212
3533634 43 7593
122420 92 2446
1140089 35 4557
247325 39 6198
15017 1 9594
7068549 39 9668
563344 81 2800
587835 2 4689
1694587 76 2796
26460 2 6698
510774 6 7628
84445 31 5638
562026 80 1334
8703 4 3440
872 80 609
1844484 35 5058
5283490 38 6201
1495038 47 1834
42886 72 1105
9835038 88 4830
26918251 20 8629
3362626 3 6843
395025 65 3455
4064097 6 4133
2327660 27 2374
9573607 22 4724
4901728 30 4800
411277 92 3116
10732323 87 6048
3392980 74 6291
4048150 79 8011
6075593 38 4796
17743878 86 7454
373862 3 1117
5309173 83 4021
8808570 64 9205
16275660 90 6096
661806 55 4458
15889632 61 5618
5628 31 6279
51389 36 352
16348703 60 7988
447093 51 6031
2408977 24 4080
578765 57 9496
44009 25 5943
6878414 62 4633
127299 2 555
19358 38 1259
755816 53 1931
2904064 11 9788
4680406 56 9976
1214425 14 5013
23186 47 248
1097090 78 6440
467286 22 4350
14919856 17 8633
899067 52 7800
30604787 20 8369
688077 57 2806
1887611 5 3454
4657 42 344
14370594 78 7247
1033377 67 6745
15478389 58 8663
22075 87 1518
36886 10 3273
878410 63 2665
276996 65 824
2675016 2 9025
5756 64 350
620866 4 1954
9773483 2 5269
21412117 18 9889
428994 83 3581
6905 63 5660
116055 56 1683
46300891 32 9729
984200 89 2048
27580547 82 9359
10301085 32 5465
1847 41 997
2529823 78 4926
7212918 48 6975
1975905 42 3350
309744 40 2883
5627685 66 4010
306495 50 728
1593110 12 2014
2496447 7 5408
276614 2 9284
188 25 9330
728535 46 8058
1080907 20 2844
754027 69 3998
21400962 24 7749
16290649 96 6414
13135288 86 6310
46910 70 2997
21549 28 1980
4762121 21 6488
1245821 76 2689
3643891 89 9448
25386587 31 7462
2496639 91 8961
32528510 39 9300
69123 52 8856
5825913 93 9970
3929997 77 7962
3688738 93 3644
1473417 60 6769
4387886 62 8312
29110 56 270
756333 20 1802
6672573 65 7632
2525350 33 2851
33966 51 8527
6373150 13 4562
466839 66 3771
18629 91 155
95146 53 1217
13984480 13 5589
18383 24 5169
20361769 50 8857
140524 60 1208
10620572 89 5141
108034 100 907
67461 81 1322
1463730 50 7326
24427707 10 6896
9893759 41 8882
109206 19 3777
365882 39 5521
2656130 99 3288
108482 27 394
445468 18 6029
367520 99 1530
30474236 31 8488
3847 22 378
1445953 18 3690
1 58 590
7908 42 2371
15170 64 110
1998908 29 4078
2590020 50 9482
143519 51 3867
5478547 68 7090
190828 54 6012
230593 77 2573
1265655 4 3038
21210398 11 7523
7172570 68 7566
42385200 44 9504
13706952 2 5912
4221752 80 5561
1826253 60 6147
336640 50 4245
14662895 67 5534
890011 68 2175
134902 64 1083
29722 19 3288
3636859 89 3964
27085 32 1837
10641881 72 9063
8271684 69 4211
23048749 42 7627
3471873 18 4238
2149756 63 9457
21711690 80 8172
8958682 32 8149
28072 50 1366
605168 47 6669
7451349 76 9419
5405366 23 6954
12167309 23 5190
215810 63 5009
293613 97 9095
201925 29 1230
677 32 5167
172001 8 2481
3870292 71 2787
10959 65 79
39695529 7 9192
2531 76 7999
8728688 24 9323
743763 23 8389
7298816 40 7612
2295377 33 7781
4874478 25 4236
135093 43 3804
409484 39 2911
40379526 1 9663
313127 48 4779
45009075 8 9515
4595654 18 4680
14132426 2 9002
15137061 13 9573
1440684 53 4550
948382 23 1289
27534340 80 8806
110383 49 1211
49749350 63 9874
2219391 49 8714
452577 3 4192
20873645 13 9843
11552164 48 6591
5783164 81 5053
4233179 62 3108
53808 41 5134
8497645 52 6791
46748 98 6260
1660304 6 3661
18212161 1 9235
16316 45 836
2286051 23 2723
6864931 17 3971
414091 34 817
237681 77 737
3247878 29 4613
6951699 68 4390
935677 28 3253
24423 4 752
16510431 67 9939
88988 92 7358
15714 65 2117
271031 46 6363
764713 17 7297
485628 87 6056
4510301 20 7204
58669 52 601
16990 39 557
1611000 92 6981
525837 58 2859
1944788 93 4347
2339009 99 2629
7824287 83 9584
544865 65 2183
1907339 37 7876
284302 69 1394
111235 51 6012
4095143 7 3637
1 31 533
26448556 93 9200
1142484 58 3439
6421591 68 9052
12639284 14 6146
4989557 64 9562
7401153 2 9620
7301297 39 4153
3609 12 236
4836887 39 5100
42288451 65 9230
55004 38 326
10814087 29 5982
2183227 99 6386
1546822 66 1767
7948273 49 9012
1 14 351
3533 28 6966
361072 80 6726
8158420 92 5088
10564 81 902
197879 99 5461
3100064 79 3230
1 44 7516
1 98 265
169899 35 2165
44686 30 5216
504161 84 5843
6417615 36 9265
2854115 65 8982
370 20 63
906655 71 8854
25310 76 375
923142 86 5706
21212 20 151
1781688 94 4314
1 77 9971
4987138 9 9044
2786914 49 2555
313375 56 4708
638 51 379
1683928 61 5101
1722177 19 6826
3502115 26 3947
1693612 46 8690
847027 76 2035
50186 35 665
70521 30 4594
1007593 73 4974
3469585 56 7298
26873 62 337
20590248 29 6730
2594625 46 6527
2450910 16 9487
6050834 32 6203
1 80 8781
4143250 79 5088
1189416 46 2987
6124583 34 8535
6175369 15 6479
2557034 20 5849
1459707 3 5016
17636326 99 8725
362649 90 1594
4908055 92 6796
39083 38 1538
50060 5 4202
3337188 38 7153
10845 57 84
7291054 50 3780
9407031 43 7312
2915306 64 3495
5351736 40 5537
416204 38 6458
1051635 63 2460
16148688 1 5797
746747 54 1616
7905982 96 5745
1568466 20 5136
1688855 84 2064
9868407 99 8619
419277 88 1638
11030125 74 5298
595338 78 6571
28736 7 9416
6700 97 1016
131272 44 3974
15618576 90 7720
1087686 20 3057
27667837 91 8204
41004025 8 9084
1875344 13 9436
4487152 23 3971
146284 37 5780
25418 58 154
20904674 46 8404
2703393 35 5176
4258532 91 7853
594756 46 6066
17049116 1 7562
291159 16 5974
9348477 97 4682
146393 32 532
18278150 3 6627
21430507 100 6672
1963961 7 6424
1 86 1563
14720480 31 7093
4645 82 145
443568 30 951
724183 48 1413
577601 74 5724
1788426 17 8430
291746 80 870
520299 47 4163
11235465 99 7207
1517 74 490
1079885 45 4378
3687 53 228
45389 45 330
7496868 32 7493
2662204 18 8332
8073272 62 4079
6455400 90 4056
15299374 13 8327
59858 49 1160
7887165 84 8317
576759 99 2365
1767198 4 9444
3249543 22 2625
160660 89 1445
21227965 93 7561
206272 78 1468
58398 94 833
21779724 36 8556
27531 25 3044
4380064 92 6304
317039 76 6036
2708038 66 2462
5261749 8 7336
185097 21 660
4909358 71 6884
5120413 90 6175
13540686 65 6547
8303715 97 7150
944190 14 8691
1653350 63 6082
28396715 87 9371
11668598 63 7270
9961 75 6002
28538159 43 8634
698233 4 2718
4766079 83 7093
192030 72 531
14326219 17 5479
15901834 13 9053
3923272 66 5764
10473 2 6426
492 4 8653
188663 9 6976
898054 41 2463
882536 20 1446
274734 45 2183
2647546 40 8331
93460 35 1033
15074581 81 5408
398218 37 6239
371993 74 2159
34986 12 405
125591 84 557
1912179 66 1974
3291243 42 4601
5326247 45 3575
14923737 57 7827
1391996 75 5056
2398016 53 7334
7643086 87 9154
304245 60 715
128718 1 7715
7602830 76 3934
3605176 44 3594
439629 8 1326
313485 82 4063
257486 73 1093
4283091 48 9819
580489 100 3326
15133737 81 8583
23532225 60 8387
743821 16 1525
10265003 79 6517
9178657 90 4382
26786333 69 9133
20523093 85 7229
352281 70 8840
470647 16 1363
2117 80 9550
17731604 43 7163
5613840 69 4301
2573986 9 7854
4852463 72 3642
87241 11 2878
6524273 87 7241
12521841 15 7612
3197909 84 6499
120390 88 524
15814 37 129
125608 46 595
13240437 60 8129
7922923 16 5309
5066417 82 3860
8578051 71 5098
164957 96 5078
3116450 92 4236
1514764 92 2492
36489 1 374
4081219 53 3757
289970 19 4199
9621156 2 5673
1056 1 15
58485 3 846
766991 84 2114
17657 40 360
1322945 48 8150
1 52 151
1133252 92 3541
4647619 67 6194
611380 76 2147
10522672 59 5781
18049912 3 7101
2324 40 517
19743620 85 8136
100905 60 8856
24506 62 900
35781 54 1400
6763261 57 9349
3122766 5 2629
551126 10 2939
94365 63 511
2003629 65 3254
7865005 28 7974
6349274 59 5090
640955 73 1061
8689083 15 5496
3776522 54 5474
76474 72 317
24129 62 367
2360744 73 3765
19483561 53 9648
244596 70 8274
6744281 10 8482
605887 43 3272
36268662 37 9757
16040625 77 6371
1514500 77 8651
254466 94 1452
10239004 84 8279
61184 38 1851
14653791 32 9756
5625087 9 8725
75959 68 4299
9756717 80 4938
10979255 49 5191
1487426 11 2956
3267 16 60
254902 17 705
17464520 30 9649
19746966 54 7101
16712858 61 5802
1650145 41 7116
215351 47 3276
6103102 93 4276
14906421 62 9897
1462 14 879
11245478 58 6998
6299722 74 8018
48519 46 1227
28945558 19 7531
669192 92 3314
29844588 32 9042
16587818 95 8323
23547210 60 9400
283890 15 3037
3309 86 1145
1029846 50 1404
4607021 68 3167
10302403 23 7754
26072425 10 7489
212214 42 597
2128753 6 8979
75582 85 313
5567445 5 9926
1 89 628
9728449 98 9094
8179362 51 6794
2054021 54 5042
9613108 12 6352
674080 36 2949
2342517 4 5658
10839237 35 6257
787946 45 1214
637618 10 5064
4872534 23 4824
3839685 2 8624
1732676 69 5493
22806406 81 7932
6975240 88 6633
27683 30 622
9540950 30 7099
150085 93 4026
1365781 39 7035
1364889 83 2000
2749721 18 6876
7036030 87 8513
6568285 11 5501
7839 23 673
3475201 33 9824
1315753 77 5509
9109 64 927
22881 27 630
26427090 71 7528
374505 24 4345
586804 75 3451
17063707 40 5785
104914 27 2711
309667 100 716
6056556 36 3536
259567 44 4699
1672269 12 2310
875521 85 1969
8721081 58 9836
1088468 80 6733
102864 79 403
52364 29 462
412287 70 5340
1344857 37 8159
3401505 9 10000
459674 73 5898
74564 51 558
12267997 77 5400
36153743 58 8592
49454 1 4666
125360 55 716
1586676 70 9145
2490797 41 3768
2725558 94 8804
9667653 9 6131
10658 42 5028
9987150 52 5306
27669314 30 9688
6838 21 56
14673761 22 9724
2399124 65 3675
25696160 14 7098
5911741 88 8871
11833786 94 5459
1241274 93 3242
30008054 84 7991
179755 3 1593
249487 99 730
619261 74 2543
18570671 91 9590
23217070 48 6785
4980828 88 8105
744865 74 1734
2076620 43 6893
2913902 60 8507
17145192 77 7452
25015101 43 8628
6754174 96 6265
1003148 49 5541
4082064 4 7720
2215984 78 8958
7906081 61 7056
1721376 94 1931
4176989 96 4965
24634 89 3922
3916451 32 4304
265216 64 971
648423 88 8231
16386475 59 9948
28401371 61 9643
1267907 8 3524
39124 17 2268
3302 13 1775
3617867 43 9583
26915 20 1856
22550173 4 6857
2544317 52 6777
69478 79 8071
13283781 52 6931
141826 19 777
418561 8 2697
2061922 85 6046
3778795 70 6741
2990521 99 7759
71145 59 5034
1941414 34 6599
11684876 8 5973
13570037 63 6262
16193768 33 5779
9186917 40 5941
10745200 13 6708
5001974 46 3690
12129614 89 5699
7754828 39 5942
1380626 52 7302
296146 76 8377
343485 29 2336
48691 57 3216
3670385 93 8506
1112592 65 7194
11467075 96 5557
1794813 42 2027
16579185 82 6707
2658115 99 8337
865303 46 2846
67661 16 6879
24782116 34 9911
8472216 3 4382
1027579 11 8284
295299 93 9658
9866 89 2195
1962894 47 2105
299952 90 2897
25566733 49 8787
10205532 53 5505
215901 17 7349
1617176 5 3794
163637 5 8443
11827709 11 8438
468465 65 5429
3401 63 3909
643120 39 8494
30321101 29 9466
18570104 17 8350
3163578 66 4649
68746 18 8354
517462 32 3593
85131 54 1707
7516060 10 9311
1140089 10 1549
3020103 49 3755
1508 39 676
7415159 36 3982
370745 42 1002
36759563 88 9530
861039 32 5628
11905021 20 7736
1068641 76 5149
8888406 41 6648
230799 29 6910
141755 44 526
317956 19 898
2325363 21 5028
3283719 26 5283
38321189 1 8952
1 82 83
14089086 95 7914
345589 37 9557
4263298 94 4328
4449 7 1546
32617900 57 8072
4542433 35 4092
31588 51 2260
5013245 50 5396
2708582 38 7354
725781 79 8550
9368858 50 6442
508281 24 9697
1403771 14 1804
3388180 13 5012
681236 5 4991
1762177 94 4001
335620 19 2016
21904494 80 8334
2738508 93 3759
5964474 95 6707
3821529 33 7786
7664120 54 6855
6864350 27 3712
9069432 2 9730
32103679 11 9935
722701 93 2937
14129024 7 6760
1 28 7393
12984154 25 9599
3794056 94 7788
11498252 53 5371
6924080 18 6414
11858826 1 7646
1341441 33 3107
5914 77 158
32656741 50 8552
3683772 22 7283
5450218 13 3422
194660 4 1725
4572133 77 5809
1947121 24 5482
4541802 20 9321
1200774 2 2095
1427769 100 3685
1970220 29 7696
11361587 19 7978
952563 5 9322
1 58 7192
1196853 84 3012
1199234 26 6551
707413 71 1791
13773925 43 5242
2780922 34 3255
1470205 72 3305
839835 5 2790
7083995 61 4845
459461 37 9988
32859281 61 8100
1501879 85 9999
10856323 40 5629
1169878 95 3417
168301 80 486
2443479 65 2214
13748270 4 5258
780660 34 4168
397577 58 6183
256632 92 7853
7368665 21 4705
3117682 31 6177
22001316 20 6669
594755 32 2426
958109 18 3432
42624 92 1844
13886063 16 9369
20370949 22 8913
54123 22 1084
1586 5 517
11648317 49 9752
27914830 48 8418
625 15 133
2622611 89 5427
930557 83 5374
189258 53 9084
14213262 11 5594
11806955 73 7508
7253955 75 5337
393904 3 1649
82344 20 334
3044923 17 2419
22899861 86 9516
4816018 13 8751
5693 14 3178
20742816 95 9628
6885149 62 8695
119515 6 453
15718556 54 8980
3467314 98 9495
3918927 34 3293
45271 58 1601
9744195 45 8087
153654 22 3614
14332586 95 8365
13525858 55 6306
220866 11 3458
3416777 89 3337
15400172 32 5980
353361 98 1556
5440361 39 6999
8272335 98 4677
9611434 79 6455
20711403 40 6477
4039690 50 3103
11996181 38 9740
23650404 92 8862
33244643 5 9792
179029 79 1687
253017 27 5188
850827 28 1245
858290 53 8861
15580879 35 6989
820740 34 2084
1146773 59 1983
19032340 46 7601
67186 36 532
8688852 84 6030
20537879 81 9675
247186 46 610
1696385 82 5911
3216465 25 8638
3447782 21 8195
24957056 60 8024
2098649 55 2374
509661 18 2108
622165 92 4736
38242 56 730
33474168 20 9814
1 84 109
1657976 77 2051
1302707 5 2851
237373 63 4731
536750 77 2023
772683 85 2626
6786950 11 8806
1316410 35 3427
3402797 30 2841
4022331 77 3883
21588400 47 8392
4761973 31 5331
10838298 7 5063
9386628 25 4282
14477695 82 7308
6716 75 304
1 80 8718
2175574 59 7420
1546400 58 7791
3167613 97 3307
6441983 57 7967
2156148 7 2845
15025457 90 9702
207044 90 1157
17847634 34 6314
1 56 4599
26255524 60 8810
69775 67 4852
1641545 44 6589
5598144 85 7512
35282 17 9005
716332 98 3976
2003544 83 2384
52545 56 1218
252727 70 1199
186840 15 5957
2731377 24 2747
1630892 55 8051
6616888 74 7673
1951987 45 7436
25293621 68 7559
4706323 48 4718
812105 28 3490
3980834 89 2977
1383063 32 2552
667947 71 3986
30074374 24 9236
11255621 87 6073
13507771 9 5397
9852707 92 4743
13146998 60 5281
12742436 79 7293
14160889 40 5670
26337261 57 8815
14215430 99 5564
101935 3 540
4132873 18 6887
2813541 86 2974
8262072 75 7282
7296088 47 9153
3455745 35 5660
2967363 32 2530
10633028 26 8364
4657854 33 5660
454668 74 5481
1252781 53 8294
2037918 18 6303
16287966 63 5948
1421625 93 1706
26225211 95 7942
11068749 96 6308
332117 30 2771
733167 25 1228
244103 95 5787
4085447 63 2927
1820841 53 1835
320611 49 8024
29668805 79 8584
29356945 85 8935
149331 79 1783
25923 98 494
1752466 53 4220
1 77 6273
14744 65 5795
13208629 79 8302
5443191 74 5611
29958349 12 9379
17606949 74 6333
574117 41 2216
125417 15 2268
1 47 342
12088508 69 6989
13228082 72 7469
1847382 28 2614
1542882 48 2263
632092 10 2000
25915756 69 9002
1671902 62 6401
1003477 52 6148
187642 70 4090
13730114 98 9063
6659151 100 5913
4306277 90 9638
2650784 35 5716
73040 54 482
4202275 16 6156
1114297 70 5110
27839426 75 9790
326340 28 932
9629973 28 5126
5257567 66 8897
40391922 59 9073
7625144 97 7167
12990471 21 5815
244483 81 3269
1 52 327
7242369 27 4235
1136486 62 2102
9680822 66 4802
20079476 29 8249
1155394 49 2493
4634338 7 6009
750 74 621
1508002 4 6626
44326 90 811
1557845 58 6214
924873 25 5003
28231393 28 7959
91863 80 1289
24624457 99 7720
146034 100 6930
5706761 36 6762
26000 98 358
28428511 71 7765
3793224 99 2798
970532 60 9316
20779558 76 8928
900704 22 6862
538467 60 1356
3474979 48 3932
439736 87 2294
4028362 53 6000
45497800 5 9797
19312015 26 7984
2278258 62 8404
2636357 62 8072
14885291 64 8399
19459547 90 9215
3991450 82 2762
1766216 37 7393
43240033 96 9223
3289451 8 4918
104954 38 6401
644 63 2720
15029 73 986
10249768 66 5868
3775926 24 3462
30972599 10 9718
106844 8 752
9546826 90 9804
9521359 15 6143
4502830 9 3020
865210 74 4913
9277770 48 6483
40876083 75 9599
13065335 93 7992
4131278 39 3120
997914 33 5254
550768 84 3171
3028464 85 9116
1 55 2330
2694158 52 4809
469482 57 3459
25424363 49 8348
510959 26 1375
20438635 56 6937
886465 8 3289
7845640 38 3875
511150 62 3568
3674642 12 4965
6492954 26 7353
18223 93 281
1774794 98 2419
847308 72 3902
2216946 43 9216
20567361 17 7255
1399054 34 2657
25173651 67 7409
7755444 73 7130
4128742 46 3063
599874 34 2794
17835 46 8464
42632 14 1069
9172 58 460
411968 30 3577
18600601 51 7542
1565757 99 5363
19930862 70 7547
3749774 3 3174
1521 55 122
178076 52 1304
8644339 19 7576
19667617 71 6878
1 79 682
3905723 70 4833
5045883 51 5937
4517509 89 5333
1 28 83
321853 15 2492
7085 11 40
9120768 86 9871
709406 62 1549
363972 89 2757
4987 37 37
73727 42 1129
1 42 1065
765155 87 1881
2062755 50 9603
224313 40 9565
2159560 41 5701
336383 62 2742
37354465 43 8686
14474680 55 9617
3854974 36 3771
29076277 6 9530
8658329 20 5102
619632 44 2449
21941555 92 7401
7099104 22 9903
11070126 87 4965
1635163 55 6943
6815452 62 5521
4734964 68 9293
2420400 87 5962
1821340 54 3064
9984249 67 7765
2758055 49 7017
9388436 71 5047
3392897 68 2921
34397937 4 8703
18465270 33 7414
42232408 22 9663
48849 41 7732
895354 10 1394
5440843 72 3587
84754 51 1349
13546167 7 5202
90942 65 802
12744991 12 6089
21031225 3 8632
5660706 82 3794
324736 94 2405
3555830 80 8829
17304059 40 8261
213005 61 5225
43078 33 2083
94849 83 564
1201490 6 5932
23672963 1 8637
10396757 59 8385
3232808 69 9701
3600408 99 6713
242833 41 6128
2279012 93 7150
1 52 691
6411696 41 3966
25292876 24 9082
44630 76 625
6213213 99 8168
1800227 59 2555
1487031 43 4082
182480 29 3444
1722 28 4265
22414 28 195
43545699 12 9582
56800 58 609
1 71 720
626 9 9283
417767 11 4534
554318 57 5215
3210724 83 6064
34787389 59 9606
14732419 18 7382
18034211 1 7377
818 51 3340
2740298 97 6359
1962522 5 5296
11259245 91 7280
5152582 76 9017
6666477 13 6734
4412840 82 3517
9464118 77 4476
12242 25 2682
33853918 42 8358
606646 90 3032
22011142 100 7780
7082448 71 4854
1046996 85 7448
491654 36 5930
9922287 97 6012
18514893 20 7633
6254323 8 9060
108300 74 3127
758964 75 4992
2757812 61 2248
4120700 96 6897
855380 97 7420
5879951 48 7210
9711159 24 5468
3053023 23 9126
12744245 94 9958
5376808 95 6011
76233 77 3151
9744054 19 5687
2660478 62 2264
1 83 6050
620481 55 6013
37294730 66 9664
16299581 41 8104
1455881 19 1665
217895 83 8598
208380 76 2620
153478 22 681
2232599 34 2427
5301752 97 4061
2359457 96 4399
74785 60 367
1783699 79 2911
47740 9 3904
3023658 52 4409
638204 45 1702
166202 92 1488
20790513 39 7398
1 43 3196
24996938 26 9121
4328820 37 4041
49671 20 217
762188 48 4268
86322 70 2172
932141 33 8181
216784 23 8031
384697 94 5788
9360170 20 7168
2747867 11 8066
31167022 1 8196
15872841 93 8951
27060916 97 7971
4497132 32 3835
4133462 61 5756
4010771 45 9050
1037562 43 5568
13897 72 9544
3866181 22 8339
145779 14 6293
1879663 44 8821
14653978 46 5707
2591935 65 8572
5486931 31 6482
2397181 51 5492
141824 1 3209
8719143 63 5934
11414512 4 4861
10562516 74 9981
222219 56 6537
409030 54 3561
12604421 6 5751
12274160 4 9034
24176 41 145
1243612 50 5971
24798847 72 9976
16568442 2 8919
8478 26 378
3411747 2 2851
9138174 50 4755
527259 78 3184
3650746 90 7373
572322 10 4774
12496775 46 5455
25298774 36 9386
4958 47 5024
4552 21 2968
7442 7 442
174896 85 1529
605438 36 6535
26010640 15 8673
93956 69 705
6500320 51 4074
1752279 30 3331
1785981 50 4768
12626 6 9797
8935221 31 9407
2376699 17 7609
475276 34 4017
2228207 64 7210
686408 84 2893
27216348 13 9756
250911 49 1467
1482189 96 4843
118324 24 3261
868745 66 1597
1410853 7 1779
4142425 13 3246
100123 82 951
5229556 77 5501
34485308 84 8722
25746122 79 8280
644516 16 5606
156601 90 7468
5940916 37 3766
57150 55 686
6205300 49 9700
49652 27 267
1 96 125
19438434 67 7800
10694956 36 8880
514401 56 8123
4946279 32 9203
842080 56 1780
4855682 60 3408
7374577 75 6749
15190569 48 7702
1 77 1479
9358409 11 4647
798065 21 3014
4747298 51 3998
4335152 8 5862
13120114 9 8711
1271406 87 6897
38313406 1 9575
5447935 93 4765
9496498 53 7698
4161135 14 6353
7501700 32 9434
3860416 97 2871
21497288 69 9320
14378112 33 7949
7893420 78 9942
13881918 29 6718
49197 96 6088
12575860 89 5659
3055551 1 7123
18746 23 284
4142 1 81
9915 42 2659
14252059 63 7967
1986039 29 8604
6708 45 208
42317485 50 9247
20935653 29 6626
22300189 14 7480
31122 11 272
3730391 96 5143
10463 86 1432
46459142 94 9803
497509 94 6535
54679 15 564
879395 73 7794
884244 51 3040
2931743 69 4098
40246987 21 9949
16826910 66 9545
590156 84 2444
506973 18 5614
219743 28 1377
29219 82 7783
19904005 53 7320
52644 38 451
11898673 27 7130
3223755 89 6418
17675414 39 9319
891130 61 1432
17041380 57 7363
142353 71 1651
435825 84 1477
1607958 55 2104
26303051 7 8027
20194970 60 6662
375729 78 2185
229065 53 4739
1710686 53 5739
33079 40 3391
118498 7 1032
693712 41 1863
88641 18 986
132345 56 5556
132390 45 1590
7364102 88 4782
28047382 1 9140
25359588 11 9220
995122 55 5419
1163593 56 9494
2846545 29 6038
667195 15 3461
223129 8 6259
491706 36 1058
12547440 29 6423
537226 42 2564
8224511 4 9000
1908337 53 4827
6529269 16 3945
1127112 42 8393
1009206 18 2487
14343308 63 9605
6830449 27 9889
3971201 97 8150
8018670 13 3967
66146 100 2571
30919912 21 9030
105025 5 3988
3494828 74 9359
11749075 94 8819
1792428 8 9816
1040143 54 5624
11537895 42 8480
1639357 51 3927
22831696 14 8820
863132 3 3724
1 86 96
11193123 11 9034
4681 17 531
1602836 86 2520
5500 10 2893
100428 11 864
7712 60 113
1 13 51
35647 41 2716
1084545 41 6950
1873940 100 5003
6365705 34 9016
78509 57 6465
319211 78 7573
1118350 97 3544
777981 86 2935
2800481 37 6886
86520 69 731
69216 79 6044
428693 57 5459
29863167 51 8388
383487 95 4036
1026928 51 2082
21632962 38 9158
1665 2 255
3098094 7 2843
8787012 8 4433
3414980 3 4596
249623 65 3120
562904 95 2144
1518665 79 8657
81144 84 1546
115871 44 1243
1742833 78 1933
22800980 89 9856
18609680 86 7265
3879049 70 5081
24510404 33 7303
336759 1 3510
359262 38 1045
37401886 85 9016
83976 84 391
4588843 58 3660
6834674 51 4798
2845 66 3932
3985257 77 2903
7218030 52 8817
1486523 56 2075
5267 38 467
104838 63 6991
1221192 49 2257
10067650 58 4889
1318685 94 4156
10280917 37 6022
30753732 65 7901
524813 14 9201
35971429 22 8701
41126495 18 9746
617505 83 1924
27977067 50 9342
23866173 18 7080
6366671 7 4984
2909667 65 4327
11787 57 1108
2643155 40 4626
8071325 16 6504
901643 24 6812
1 40 988
170420 18 4721
423453 5 5932
14532058 13 6364
2195250 94 8318
2805806 60 6563
39949921 5 9030
7945777 72 6429
758267 37 2924
3343830 59 6462
35696714 82 9753
8612317 92 7919
14127 70 7092
11730430 61 7860
1 83 5019
9293763 84 9560
14794158 8 9551
212109 60 6321
12125110 70 9400
3835 37 2423
44360 6 2231
447384 63 2759
1261629 54 1811
94881 25 4715
295006 47 1691
4856719 81 7370
13397 30 461
28060513 77 9751
23852069 62 6843
21344 65 149
273275 91 1331
1187116 67 1917
2057394 23 7134
1626098 19 5604
788586 7 5216
2380159 57 3514
1855935 29 9799
342432 10 1126
18891 97 984
527731 33 4441
7457782 95 6597
1 88 4100
4517382 2 7111
31888 41 2564
3049412 82 7301
1038605 68 3248
996840 66 3209
319515 61 1213
572613 23 1026
2466669 79 5451
2543778 70 3318
713976 98 6619
898052 79 1865
35240266 48 9741
16135 90 4346
1371152 39 5255
8879569 50 5483
18071157 65 9272
179254 24 3178
572046 92 997
3198499 48 3512
468009 30 5442
1405418 82 7669
7631445 71 3815
1546031 1 2065
362970 50 1116
176506 92 1203
10112898 67 6158
703792 89 6927
12414629 63 6139
20748 27 586
60812 23 1955
369291 75 2072
666391 79 2734
20 1 4046
13492759 27 6059
1078580 63 8000
6473380 44 4287
2654496 99 4943
9707214 34 8234
402365 51 9434
10617244 23 8900
7582302 20 7472
4967307 43 7491
2232459 71 3981
841501 54 2486
1058873 13 8056
2806301 21 4738
1763651 78 2081
16106844 12 8778
35988369 30 8632
33168 1 612
328341 32 6271
6002018 24 8814
3305957 62 5726
27342203 87 8725
419738 13 1724
1 93 2200
2186890 44 4744
2774597 30 2742
12148304 62 7358
134127 39 2082
12810639 21 7059
128141 82 2391
9626515 9 7427
1983890 78 7419
96887 65 3316
3611769 39 7598
828251 91 6246
9921 55 6593
7587024 12 4079
7584076 28 7486
43517904 60 9505
18794935 9 9638
29720768 96 8032
85469 73 508
16690948 5 6666
1227 64 8691
1613091 48 7405
23324455 19 6792
13640 55 2175
35208684 86 8735
22513154 31 9242
29884244 62 8275
27556423 38 7413
66563 59 2418
83656 88 394
638013 95 9184
7520497 30 6059
1853906 89 5319
12131947 55 6280
5180992 21 3287
118 96 6746
138218 53 624
15165525 72 5497
62906 34 5826
17194424 51 7161
9012 9 238
18192 49 529
7537197 67 7753
4333194 42 8222
185842 15 939
83093 2 8343
307752 92 6771
28278 35 6614
167801 25 671
5045562 51 5865
4683879 88 6694
11674 77 622
11216 26 946
980902 42 2947
16013473 100 9099
404558 67 1189
311 21 34
103862 50 2311
20096446 98 9659
8092 6 52
2562832 82 3819
13617 25 7339
2919684 86 2738
172485 65 1809
1856746 54 8415
4939278 2 3786
1250583 24 5362
504300 78 2164
37866 71 4502
73477 25 1152
2206907 89 5977
2922796 14 2649
17765951 2 8568
1307534 74 2308
1803640 79 6180
107683 45 4646
20617937 17 7742
3930807 30 6847
642450 96 2994
7271572 98 4525
14175424 20 9447
13879 78 1127
1 13 750
7774638 57 3901
1370072 44 2057
1271055 31 2658
4344882 27 6739
30256215 14 9331
17678981 59 8412
1925260 46 7902
504009 94 1585
775491 4 5714
1055585 96 7942
14067644 21 8451
55971 88 6393
19012724 73 7499
3756845 8 3071
321593 58 1275
1195875 97 6102
14111455 68 8950
163649 26 1936
508900 94 1499
18463049 100 7242
16708844 97 8865
2338121 67 5620
1 46 51
93624 91 656
9633205 13 4578
13224508 26 9604
1161721 42 2434
14969111 61 9741
23139179 20 8800
5962553 17 4272
1272 33 1207
347183 56 2672
66003 5 1549
52696 74 1427
1430439 45 2335
16713229 43 7238
19343548 27 6888
418426 71 1417
7319050 30 7620
2752411 49 6951
645821 17 5859
1693779 6 1806
213037 17 1253
2250538 57 2684
228893 31 4827
21872923 58 6948
916618 90 7297
13169159 85 8193
16480841 33 5917
2687180 95 2969
18795181 38 6886
1713044 12 1874
753 54 2634
27027 47 5793
984541 14 9424
1071742 39 5983
15648 30 8919
8813713 67 7910
1 68 5169
39902768 95 9954
12470448 37 6687
233345 84 3988
26476030 59 8987
501198 57 2974
3668712 33 3456
691274 21 1838
29144897 94 8960
2056384 32 2956
370956 45 915
34120163 7 9342
2192 79 550
660910 42 2656
11425497 92 7353
8492121 41 7098
3927061 73 2987
88759 35 1427
1694455 98 4643
89740 67 501
1451088 82 8974
1707106 8 3122
3541211 36 5523
17697 62 2179
216875 21 967
96225 24 735
16079496 44 6735
14540705 16 6648
536 23 910
302772 42 6090
7681979 92 4853
2095843 76 9683
5332154 4 9556
28859491 22 8755
1475573 27 5671
19725083 88 9573
1888290 3 3356
139518 43 5203
4742 50 643
337943 91 1395
19577696 10 7315
55745 40 551
614416 83 1753
351561 11 4477
17832299 25 9271
258416 39 830
9325569 71 9933
4151258 75 7339
1363422 34 2323
72547 5 3532
1 66 9111
17023094 23 8737
305446 93 3024
317752 76 6088
3690900 63 4374
133166 24 4587
6573655 45 9993
565380 76 4015
1564986 19 5281
1 44 4099
2014930 34 2623
24253779 25 8425
2438456 81 5602
278152 48 2072
2188345 8 4106
20962041 90 7445
3481981 20 9561
5911656 16 3549
1972564 66 3890
13908965 48 5347
6188831 93 4809
366725 75 2319
20099 62 4167
3302798 83 2779
23469254 32 9375
29527053 58 8883
12275227 29 5452
1256689 40 3108
12791051 42 7436
11619840 36 7711
3072190 58 3284
316360 74 2297
1250043 44 2011
2126423 45 4280
3496612 30 4942
216545 55 5176
3714542 80 9696
23136720 8 8035
263242 62 670
23185273 38 8921
23102 51 323
7747084 85 4810
19825850 68 9226
3967278 17 3019
403031 45 1219
15336959 97 9404
1 48 304
1414 92 8242
629792 98 2197
4897932 3 9559
8172613 72 4287
2403546 69 3459
1824893 50 6468
26669103 75 7355
2774618 14 8109
3400823 96 9889
2468483 42 7071
15078161 8 6968
5367027 95 5351
24883 8 749
8827967 10 4457
5861345 70 5036
3779982 15 6064
3616217 68 3925
5016378 53 3665
9312032 49 4844
1253641 34 4900
6029454 9 5156
4631137 87 4308
94901 77 558
2756 23 1959
1849190 89 2692
2213745 28 3231
1 91 311
13610871 26 6246
582429 13 6500
7978481 76 6451
13306282 19 9332
150866 1 1080
43852 70 429
1 31 93
27987835 23 9176
31654 67 843
131269 52 426
7359426 95 8516
18369428 5 6131
817085 90 1907
11012403 59 4698
7620920 14 4621
695107 16 3123
2936298 7 4879
2179387 46 6776
77636 71 2971
1206 26 5132
336007 92 3177
76258 79 604
286057 61 1040
138762 16 9903
342988 76 994
4938810 87 6365
1 59 1688
7344881 14 9058
17336813 89 7459
1845208 94 2759
586625 100 1227
3106547 54 4269
15165727 41 6152
15497327 5 6281
4338213 2 6052
6609186 29 5982
4723254 73 8836
12803448 46 6400
26715618 60 9261
2228289 70 4418
49814 59 3596
2659762 36 4529
92958 60 1945
3913595 1 4233
10111478 1 5301
191381 90 2607
7517983 19 5762
1 93 322
13243919 52 9646
8365324 19 9324
21318548 14 8770
21388 3 623
3737039 8 2834
13402675 49 6676
371498 34 2988
133623 6 1354
6921380 1 7877
18307911 40 6927
81343 72 483
104519 1 6034
8991992 51 9577
8319535 44 8456
1679685 77 3450
170266 39 2086
25775237 76 9157
790065 98 2271
721517 45 2453
7101584 6 4548
488182 81 1934
5081410 5 5143
1018632 51 8821
324493 11 3437
3639605 1 4463
1 77 369
163987 27 4050
1973262 35 2174
12301260 48 9523
3987359 7 5238
242773 67 3665
249211 98 1084
4745015 79 5225
8488 52 3543
4327847 63 3490
27461448 39 8888
1867564 16 3082
28527103 40 8250
437298 78 7613
52234 36 405
709906 59 7828
92304 42 463
116130 74 550
11056332 34 9563
13998658 47 9620
5928 15 75
3739137 11 3776
1030146 95 1930
3805693 73 4498
2612226 30 3790
20130 72 1862
17784 79 959
31460 42 470
90756 76 1438
1107810 2 9248
2935 82 1770
1018775 82 7006
5148047 2 7657
23 57 3356
1 60 4208
427996 23 1365
976072 36 2378
6024964 41 3560
19996525 87 7071
12279159 17 9456
736736 40 6122
1155388 26 4669
1321540 65 3750
57925 50 1312
20624589 91 8574
2448503 8 2145
6518121 34 3811
181163 87 5566
147235 45 651
10892592 58 8529
4030190 83 4883
1544141 25 9569
4663034 50 5067
24784432 25 7373
4573179 24 3158
7714420 55 6004
12226264 2 5624
14657661 16 8416
979156 34 7366
1 24 207
2452001 40 7095
20435836 11 8922
1421474 68 8919
1189381 23 5509
2741534 79 5265
408946 35 1962
496816 27 3117
123023 14 6363
2099782 37 5774
11391076 18 9398
1292983 74 1654
136769 93 4451
2193437 47 2894
1815621 62 6103
1972528 49 3592
1128 48 116
9607 86 253
7631819 56 4868
1951511 91 8047
154123 25 488
3403460 54 4016
22845 48 9908
32027 22 579
182696 71 546
20054761 59 9537
55848 78 734
16590002 23 9935
8198460 17 9093
3619238 55 5775
176885 62 3578
2534591 70 2805
6950351 7 5453
2723265 44 4286
408476 61 3405
3437514 20 2819
374059 100 2187
6360224 38 7815
4225717 55 6098
13994502 25 7458
45563 67 468
37883282 43 9185
8397480 90 6848
128966 24 1073
4342071 18 6143
592127 67 1057
15209693 44 6392
12072731 92 9579
9950000 73 7345
31537 31 5934
1312399 1 3976
4517321 95 3950
170913 30 3964
9312 24 539
6910907 5 5907
325575 60 743
5077661 76 8277
186144 61 6602
23016690 31 8222
954099 25 5766
100686 77 5635
27683 73 4951
1492270 54 5077
3727787 1 7710
13325 47 2289
137 19 1296
297545 14 9743
30875 6 157
3692588 61 7340
1795852 53 3139
2060619 71 3372
24207270 89 7236
764927 44 1927
22292835 100 9581
102566 2 5283
6090181 34 9853
2720688 65 4322
2265561 85 6767
2561180 66 5233
6811437 80 7868
292175 91 8575
3326607 80 5919
4758594 1 3927
105147 77 1252
6694827 56 6323
23027816 34 8928
5556 2 17
1273677 11 4559
3442826 98 2948
4165310 4 5467
217741 34 3255
1811802 78 1926
3667036 74 3449
347593 52 1886
3166252 80 4576
15362139 15 6962
3204872 29 7252
1771052 8 3463
3156315 75 8064
925993 87 7485
15581214 30 8965
58399 96 3916
5222746 66 4613
12969714 78 9294
457316 97 6458
8887773 43 5875
21582073 68 6673
1851498 22 5751
730459 63 6587
10224979 64 8831
589355 63 5332
25632924 39 9133
41806 71 2709
224706 15 6886
959837 81 6655
417 60 438
2427136 3 4168
237029 61 9271
63139 87 2186
7827553 75 9870
106579 12 388
1411997 66 3640
5797043 42 4965
194013 15 1889
145275 3 3702
7122 42 288
784487 81 2806
8523289 98 4122
170829 54 2870
34195246 97 8990
269239 14 5235
177275 57 6994
1179146 97 1447
1485898 59 2867
26149 85 201
9409 50 592
6164833 4 5536
18819227 91 8437
3685699 54 7335
1474010 38 1810
133014 58 1348
12793608 52 8369
134817 74 6393
95131 50 4820
119493 92 5521
1707757 12 2252
10791825 35 5171
4658 95 231
1332864 54 1800
1968318 71 2297
274022 14 1886
1634370 40 2888
213322 43 5049
3615323 36 6973
6974842 1 6319
15821404 100 8236
18275546 69 7236
413660 25 5264
4459171 35 5234
25354132 69 7371
206461 24 1486
4571496 45 3298
4023161 68 3187
69113 31 1765
13237821 50 5363
7921638 87 7723
1314560 100 2681
349832 86 802
1995886 27 9711
2710886 68 2810
557076 15 1176
13198504 93 6169
4413526 81 5455
96861 70 5574
3718 46 5380
3587117 25 3938
2639318 37 7602
197846 54 4631
2604548 61 8347
4839902 94 6214
3357205 62 4964
2203372 54 3199
23109723 37 9747
313313 46 1235
21421685 8 7527
9327574 50 9249
477107 50 4204
12345187 48 6570
11279 89 404
13040504 96 10000
3865675 3 4152
5210383 7 7243
27164384 43 8624
26251 17 7141
1588478 58 9911
57 4 1619
8777728 55 9276
9339437 70 9685
761010 87 1356
35052 89 611
7722620 95 4159
287419 30 1093
517029 28 2895
5803282 63 6545
24883240 90 9148
158961 64 983
15854 27 1761
940220 28 1969
12670779 13 6176
44596 67 795
1751610 42 2582
13877703 47 5558
1911344 88 6504
82169 65 5940
205733 95 5275
18285 95 918
67813 42 3899
12041039 16 5917
7094026 38 9080
3013938 60 9595
998261 14 2270
4110584 78 6526
2454060 94 8163
16322198 73 7502
25420440 72 8883
25520505 89 8479
8770681 44 8509
32308181 97 9223
9161272 32 6059
63877 16 871
1 70 270
1793206 77 5937
426941 81 2625
21956646 42 8826
4046535 1 7292
1236063 16 6492
256277 68 1668
1794680 21 2128
26454 4 6849
995 60 5933
208365 73 690
92197 20 7081
958176 40 7939
5797540 12 7336
1195705 25 2392
10352508 2 4882
5652266 40 3331
142766 50 6646
11138137 20 5988
694272 25 9639
50262 64 440
26256849 67 7541
4126273 53 5777
623352 83 8290
9740617 6 9597
24826819 47 8993
34643854 90 8302
1 21 7167
668044 92 5389
27143 83 281
1 97 1578
31159730 81 9729
8349355 8 8629
5534207 4 3359
868672 71 7821
7468216 69 6752
86336 83 1198
8407368 1 4320
348631 12 1406
612344 76 2696
4230682 12 3551
765583 78 2226
1506712 82 5918
2142613 49 2058
5736813 43 5081
1853056 36 5305
232317 78 6260
1171478 67 4368
6211036 98 4928
4969973 17 5888
1 94 1447
4875864 84 6509
8152256 14 4718
946971 83 2332
10645443 13 7731
1688734 98 3778
232858 27 3247
6975301 4 4288
281327 83 5977
946699 9 2141
779429 100 1658
1872116 89 8564
862419 7 2909
2224537 61 8040
4028739 49 4179
1 52 3666
7196859 23 4366
108397 85 8754
4469400 5 4545
4747797 20 3585
833137 86 2178
198615 42 3275
65589 83 615
13006479 92 5337
2856343 18 4559
2184699 32 6443
18751962 98 6838
43969822 75 9442
460 46 2400
16065904 16 8064
152370 41 721
561788 1 7234
7711031 34 9805
987734 66 1795
7204964 100 6577
14901821 26 9111
2727409 64 5633
10950 31 1172
1877714 8 7740
21428543 57 9273
3599654 64 3496
4832311 6 9562
4628864 72 5734
94807 59 9307
4308536 96 5614
16245044 94 7120
191888 13 2647
14426567 44 5609
2103645 33 9029
33217142 55 8546
246759 70 1055
3694845 72 6723
1154806 73 1541
12992848 13 8118
531854 7 5263
248560 26 1444
524725 37 9604
712599 44 6067
2944850 100 9721
174985 79 814
156110 89 7957
72151 57 479
1077136 88 6103
2591655 48 4536
24936769 51 7691
130769 6 1713
11196773 21 9171
914826 69 3819
1328342 24 7349
82841 71 9696
5622832 25 7917
15301081 75 9092
30397470 56 8438
13626460 85 6541
1265556 4 2284
2712353 91 4014
98090 21 5743
9056841 72 4438
31735724 28 9769
1619598 18 9270
5158965 89 9637
795685 88 5555
3454853 39 6583
6419842 96 8917
19788825 44 7837
239697 47 1872
4179876 93 7579
4659482 92 4279
25891308 5 8480
775745 16 2750
22907 15 2537
513777 92 1683
1966388 68 5973
5200554 49 5588
3032584 84 9926
29601 23 169
158387 58 1341
20580750 8 9694
4792271 11 4042
8123848 33 4241
3630536 82 3424
17435132 6 6169
1399363 73 5888
2909124 74 3797
9165844 94 7046
25904198 100 8297
2127987 63 5159
25393 51 9904
532492 76 2293
19641 8 194
9852728 37 4734
15579185 56 7024
429068 46 2620
31456451 52 8934
9059933 25 5976
26395002 96 7428
3754067 82 6979
1065 12 4663
1000207 51 3986
1574802 100 3699
1618024 10 6791
6154557 66 4047
41 21 2457
3951727 21 9662
3733 10 82
109326 49 4804
105655 96 946
1381648 43 2845
2224721 50 4382
515024 51 1303
190496 17 4612
275515 100 2463
18770526 96 6244
112114 51 494
2969578 81 7713
91591 33 9414
11510071 39 7463
911080 89 9847
1175058 79 2606
2677479 89 2415
613413 56 6687
581955 97 1137
18436 9 1199
881369 2 1673
11201324 85 8462
5293386 95 3206
1204142 79 1723
275252 75 656
16255926 74 9445
1597753 85 9135
44053292 6 9924
937432 26 2656
5944784 30 6625
13288610 100 6199
19781074 89 6433
3420222 19 2689
32549572 67 8020
1504 43 4178
334449 36 1665
34661 43 668
31119763 52 8552
67102 10 4694
1966053 22 2093
1514 34 1056
776209 37 1424
5065715 21 5162
9752004 92 8681
2519328 37 7737
2821573 77 7523
356247 20 4816
84881 90 345
77026 51 305
4891977 93 3194
394089 29 3057
23170997 54 7959
180467 94 3835
2752489 38 5037
202123 48 5015
3542327 4 3216
161050 59 7705
8461 35 4530
1343318 58 8790
4296757 9 7605
2231275 11 2746
996682 93 3155
709221 50 3045
1 40 1177
14745 38 326
574644 35 2420
7974 1 1478
19482520 86 9139
1 36 286
60408 9 526
618864 11 1938
7147358 31 9045
1203641 99 1610
11574231 19 7469
882483 33 5171
546837 100 4801
1 79 8658
1980398 53 2944
5272503 99 4097
23878230 51 9446
4645875 67 6306
6214 24 403
2190 23 1705
321951 26 4842
50805 19 6750
2379202 83 3645
353150 93 3777
946961 12 3130
706874 48 6388
1820555 16 3063
12910348 11 5256
455683 79 4779
8500530 82 5032
101102 51 505
35263904 80 9564
6454 67 1059
26289 50 6915
5571473 76 7670
7537649 12 3803
2299065 20 2538
25399 9 302
2631484 54 6210
1217032 36 8758
11363540 45 4990
2881908 9 2365
19489114 11 6638
72944 44 2572
2746504 23 3088
19472457 15 9610
33029 40 1337
814256 68 8177
4912741 83 4785
4647949 67 9107
25729850 83 8803
14282015 89 9945
37781484 52 8668
224839 1 2261
848997 21 3740
2291603 42 6830
138601 15 9216
3276648 6 5965
505212 97 3054
9656187 33 7362
1099 66 6739
6342483 31 4564
299574 8 1233
12852716 17 7554
19267948 26 9308
4560 76 5184
2473970 20 6007
6821943 19 4412
2228298 7 2503
2998514 92 6269
264241 54 5549
1537732 52 2315
9101020 1 6210
3272009 41 2993
30216029 62 8809
553612 67 5939
34425 46 2574
739231 13 1844
21522555 39 7778
572578 11 1645
6740534 21 4006
4067970 82 3409
365767 42 4858
339399 90 1808
18613002 51 7072
568694 10 1391
997647 57 3002
2360280 45 8089
375176 79 1148
2278844 66 2226
2207271 55 9595
1153461 11 5073
513212 72 955
17881930 39 9392
975836 33 2025
8601585 57 6988
14737521 32 5358
19998604 66 6641
2935983 1 9923
7739078 53 4800
1940902 13 5493
25217273 62 8653
3178863 9 8397
84104 70 1222
375764 58 1906
1049290 85 7533
1041459 35 8614
461417 27 2418
70659 80 3057
2451268 65 8913
19861 76 1901
279521 77 1974
697422 78 8782
1833865 18 4668
338502 26 1168
15514168 71 7699
3087001 46 7650
4208005 81 7888
7668444 79 8691
2932350 34 9153
2135946 48 2738
3711783 94 3838
818024 94 3366
6163229 75 7075
32287236 100 8970
4998875 75 4178
587097 97 1866
4544837 17 6213
4758887 13 7513
3389243 40 3495
10659686 25 8132
1096055 92 9754
23179645 98 9716
71093 96 9053
31999282 64 8406
156 9 3382
181680 66 832
6805086 10 5059
9924890 24 5480
5252265 1 5578
10749 5 1701
523931 19 4143
30043186 38 8399
738862 94 6602
14676 9 779
25922586 7 9213
1987910 86 5166
325891 99 3297
3048815 16 4374
27145110 21 9267
3795887 3 2886
6049940 8 8539
94403 40 9375
14808359 96 9383
910183 81 9341
22605381 59 8728
5235653 12 4845
4926328 10 9882
5060 79 3010
4167027 72 6434
5311583 94 9161
5292008 98 5922
4836 46 756
2619 55 1792
19769861 83 9765
839283 61 2641
27375008 18 8881
17101639 94 6674
144296 34 4176
4086259 32 5428
4737 4 5
149166 58 459
6796031 35 3931
646994 62 2639
5155378 39 6034
11052 54 1112
6227374 36 8553
592551 23 2414
3599551 42 4415
2632936 92 9623
2662 6 196
351249 27 3475
4072965 40 4447
6800 31 267
611492 70 4779
12188 22 2030
324430 8 6954
363 92 167
1422001 59 5130
27149679 51 8428
9011256 88 6504
16640 92 866
1641050 38 2758
992806 56 2077
9506 4 466
25130326 62 9890
1923960 94 5662
2915739 67 6504
808 5 1380
645314 63 1239
206038 14 1205
900362 88 5742
11716016 22 5378
3756138 35 7574
8637997 56 4127
1 80 9691
2769389 90 5328
9737449 81 9452
5694695 73 5548
2165259 27 2845
33244768 40 9453
189773 60 6497
5067205 87 4185
1129859 52 3466
1323680 61 2664
61703 22 262
59946 88 457
2248442 21 9554
40715 67 4457
5545 26 398
1084271 31 3635
375559 1 4266
277120 76 6477
66267 97 4939
27397157 46 8156
2769655 37 4827
290503 80 1795
6156 26 3176
27513893 82 8204
628765 81 1324
142196 43 2781
427862 2 6338
1193447 46 6314
344798 61 1231
20259 44 441
2955986 14 4203
10267287 62 5676
5792763 12 8307
21295 52 602
485665 21 3239
2120190 43 6540
1540628 63 9177
1168247 49 1565
305240 32 1695
16826953 11 7692
5540312 82 9374
253084 66 4472
1111538 90 5460
2655360 77 7027
43658353 18 9453
192414 59 5907
62150 20 4346
5655947 58 7778
1553391 73 2329
88217 41 3775
1523596 83 3164
1321521 83 1945
215871 5 7416
3735 20 629
16224787 4 8502
11442441 37 5235
17621129 3 7950
79606 97 7076
129622 66 1736
5799649 72 6952
7266526 16 5889
1312220 2 7698
147577 59 4607
59130 84 2529
217887 82 2783
40267 67 1567
1117780 44 9248
15100344 69 7407
31378310 61 8565
8362154 22 8328
3562408 77 4927
441650 30 1416
1871893 57 3946
2160287 1 7487
26577885 47 7361
1660 58 1801
4455058 75 7266
8793173 91 5619
19728791 21 7315
225703 42 6906
17061250 18 6053
22262288 11 8727
93124 95 529
23226000 49 9208
9039699 78 5954
2574593 60 2532
451016 1 2167
132978 92 7093
16878274 89 9595
178430 82 577
19819717 5 8221
2085288 20 4833
16781105 98 7163
9235385 22 5157
14735308 51 5568
20433366 92 9735
757937 65 5913
12694376 28 8400
958454 78 4182
2660448 52 3755
1289436 14 2379
693453 41 1216
617048 69 4256
25347057 12 9831
24145 3 331
1319109 27 7468
9353856 47 8361
342226 83 7230
426904 43 2289
255916 1 832
3570 66 1263
4359596 17 6843
19337 15 108
19492620 12 7523
116119 91 4488
19358824 18 6268
1 90 8170
6164854 22 3885
51317 94 6582
19901979 12 6879
799165 31 1415
58987 57 1387
3168328 73 4423
11163 36 1851
26655 22 886
6894215 50 7271
3652757 99 3234
571215 24 1564
11442 96 3656
1683219 91 7014
1012934 53 4095
836400 69 1446
3431013 52 2612
1095510 17 9590
1 84 9565
29487 63 341
3816639 41 6464
156788 12 7999
1498128 42 3155
102450 81 3693
6360460 77 4415
554444 63 1797
2084547 5 3173
36624 12 677
816140 48 3206
10087626 28 7032
2120 64 358
902805 40 4736
6647671 73 6693
201438 72 1811
1966096 27 4743
5900285 26 9026
262593 59 2010
26623 89 895
8103729 100 5727
77081 22 658
588954 9 4625
1225676 69 3535
22922 40 5840
666544 87 1980
5841720 98 5421
854277 57 8014
517204 39 1484
22698544 98 8081
7421275 9 7321
1142097 60 8801
485092 23 2497
2542826 43 3558
1158403 72 1993
2204447 31 4025
26707923 33 8629
1668659 74 5109
2984873 45 2959
2258426 81 5866
190449 98 7223
678026 67 1392
16304862 70 6017
13373 67 5871
785937 68 3060
4169494 78 3349
22911037 18 7195
20575 58 187
28926296 37 9996
18199497 79 9141
9281880 35 9839
9952532 63 4407
650485 24 2204
5466526 13 9698
1 97 492
36473796 9 9394
30818 25 5526
837296 15 9196
18149 43 593
19468 7 363
716291 54 6436
3288363 72 4755
2233080 45 2585
2672285 95 3462
25874 13 213
2436076 69 2155
14291140 36 6385
22734059 33 7152
5505215 98 3739
4623301 82 7546
21849952 8 7008
1523474 97 1993
10623 52 7702
2080288 52 4015
111187 31 7781
11498578 49 6091
59777 22 6369
1074575 41 5822
29369043 59 8124
21647433 3 8755
4519344 88 8927
9526 85 5541
3307287 95 6511
10598 39 3843
1019751 13 5113
3855005 77 6918
3425168 98 9467
941195 4 9961
314031 87 755
31841501 67 7897
6029437 73 9803
5181 75 229
95874 30 5028
98588 71 954
31240864 98 9449
722731 26 1205
231717 16 657
30380657 60 7918
698261 19 4464
42082 68 6977
16150125 22 6256
152664 82 5988
521128 39 3468
207902 51 1265
317647 62 1200
2014699 57 3073
1529351 55 3050
1 93 112
3476732 46 5026
48302 40 1137
909522 64 2434
1414292 42 3915
607479 84 2195
1848688 87 5589
7849581 10 4962
1920583 66 6011
94841 14 749
22251737 94 7839
6628272 89 8417
1 84 1028
153451 89 5397
31427765 33 8217
6663361 64 4842
544790 98 1213
695665 5 2449
206976 84 1467
12466151 72 7188
1088367 58 9903
3230 8 366
791645 7 4452
180746 61 2996
10918319 13 5340
92328 37 3526
305534 46 2945
2711596 55 7329
6264728 55 3532
132167 57 1339
7436877 44 7957
165291 73 1573
154383 88 675
432061 46 2543
16268282 24 8840
2638226 24 4819
660893 89 1680
254 7 1956
1098228 94 7227
20958198 44 7236
4914565 77 4707
2330653 90 4051
7152700 68 7594
1763054 85 7742
60928 12 1847
38123969 12 9720
1853419 56 3271
661507 56 9465
6388507 42 4204
2385124 27 5371
12251754 70 7974
87068 76 1460
3063676 66 4200
1364208 11 8953
16276899 63 8327
26522971 62 7319
30791299 29 8275
249638 92 755
4624026 9 8875
893243 43 1517
7240926 61 3804
24915536 68 7129
6512137 11 6540
102849 100 495
10407529 18 9200
5190544 79 4278
14300 37 368
649953 46 1187
7769566 18 6235
354307 11 4659
11062792 64 7458
18119 56 6406
7902592 22 6124
4060411 69 7865
276154 54 4934
30054009 26 8715
19874136 18 7035
30223035 54 8694
4334824 99 8730
3553844 55 6414
17431575 54 7130
12101135 57 7308
3683214 67 3935
5617385 85 5137
417959 69 3768
65941 97 278
7485560 78 5734
843785 61 1985
807032 25 4142
1366999 95 9719
561545 14 4792
74129 46 1391
14258207 86 7649
1779781 54 4500
3022048 56 2603
10054513 90 9498
2226904 19 5605
18206319 2 6250
20754643 59 7191
14765 66 117
4317050 9 5172
788985 51 8471
2372066 29 4177
22707748 38 9723
658242 5 8983
350843 48 1067
5286466 54 4293
10601 27 73
135 97 365
11071474 29 6559
186164 8 2893
1506114 11 9001
15629979 53 8049
1132224 92 4173
27670270 73 9786
1505419 43 2281
170 35 8002
345610 42 3515
10744567 81 8096
64082 73 5671
9543743 92 9190
11339525 22 8544
1557714 43 3213
36538 43 1829
4734936 85 5127
4722984 2 7501
656910 21 2258
24926 65 425
137132 34 683
1 60 184
829742 31 4622
20172576 92 6265
4925208 24 8432
94205 21 780
23664238 77 9280
7020423 44 4170
227061 65 693
6238816 75 4005
1121321 85 4416
4185000 49 6979
6998617 59 9210
1291854 85 4464
958479 84 3867
14888 26 256
7797 51 1053
3521390 41 7176
3452118 84 3541
8164982 10 9821
23933 98 1209
1 27 1342
302828 76 2613
2617330 75 3851
1966760 85 2779
1287562 11 7914
15571137 2 7789
4723297 7 3383
4917758 8 6208
1323728 97 1794
24636986 43 7257
283304 61 4383
1451335 94 7248
6820 38 536
184253 17 7403
6074309 48 9391
931995 90 2174
5811692 81 3399
93758 57 1048
26662 89 1669
2187947 27 5137
175808 19 1917
1 85 1893
27844338 75 7974
15150 10 1694
1172465 6 5894
834 12 2707
7635 92 1121
3750594 43 5648
615228 100 2559
33479510 82 9312
4602716 55 6639
1699 52 568
281806 15 9989
425825 39 2300
541888 73 1207
38400239 66 8684
106275 90 958
182439 33 2025
8848691 21 9038
71 3 165
84038 79 3730
30410237 64 8025
37547 76 1069
155270 91 1368
950437 77 5904
144100 81 1616
1668756 65 5445
8682921 77 8763
89211 74 4304
6437013 51 5638
11771389 73 8581
6605255 67 7929
1392307 9 3562
40519 12 188
1773838 27 8692
362413 39 5807
9944699 49 5853
6343627 72 9308
123692 74 1999
1735793 5 4248
41765018 9 9508
812 11 5915
39072 10 3796
1619676 69 3550
245177 70 4814
8550503 68 5602
23926616 90 7957
2587 13 444
1204258 85 3034
7655211 95 8291
9961647 72 6906
594830 94 1935
1035216 71 5185
136395 98 1484
958925 19 3849
2069253 92 4539
5571902 62 6053
10114421 87 6618
691692 55 5086
242675 22 2437
6110 48 1500
181185 1 2538
2311175 72 9951
34293721 83 9071
245341 81 1295
9999446 15 4673
414816 18 5628
761738 65 3268
10051976 28 5265
240042 11 1151
4713151 12 7266
12295803 47 6852
2157263 81 3472
8278574 59 6210
13159989 26 5423
24758395 31 7663
663366 44 9603
2616701 37 2616
17426055 78 8507
9088 23 6964
846118 61 3944
290322 47 3620
1086740 33 2242
1 72 2995
18831306 93 6890
8767821 36 5199
1704355 63 2300
10519189 77 5018
215439 82 4495
21280598 82 9154
2668392 59 8061
84420 100 2615
33831888 7 9293
33467946 58 9535
13157 76 1933
44814 69 939
1034936 92 1964
2183209 16 2122
2544060 50 6050
740077 31 8191
394311 4 1131
1503869 88 6085
21831 12 846
5728473 94 3918
12150670 64 7469
3612554 82 7928
14001566 93 9342
6833225 89 5492
3461896 57 8071
1579876 56 9048
2860924 22 4705
1021882 69 8452
113885 89 9433
25093302 58 7154
5705078 84 6849
203665 84 3375
3994820 25 2809
1007712 77 1947
2449806 26 3010
6073824 7 3515
5386291 75 7938
196334 18 5034
12167268 91 9047
1197727 71 3732
3047841 17 9162
195063 32 2197
6966 94 247
9171852 16 5886
738847 30 2158
20545091 51 8957
17994099 57 9816
10200131 84 9292
111321 44 4033
1313761 4 5376
5079824 62 4105
21797020 7 8220
23424029 79 8067
42780 34 1878
2047209 95 3720
331578 66 5591
534978 42 2275
6487458 77 8203
113174 4 773
22604 99 6783
2000941 80 1936
87557 88 2281
33651474 96 9394
1268369 89 2353
7207950 26 9198
680109 50 4063
479504 37 1968
10880572 55 6578
471757 10 1547
646850 100 8283
107795 45 2355
470778 9 7761
142616 49 1729
230871 26 1213
235916 14 1724
10018028 1 7453
13517301 18 6925
960016 88 2484
3564753 93 7317
37776 6 3957
157468 65 3008
408885 35 1915
4871668 83 7815
27550435 48 8760
1189763 87 2146
5876174 44 9474
2127 71 1532
64667 42 1140
17608297 95 7987
530524 21 5396
37685486 93 9177
18884 13 97
3532184 28 3050
1325355 1 2738
2951603 30 5373
1 29 170
13142 56 84
98771 49 804
2238530 62 4151
10105252 36 6346
6710566 78 3878
1 35 345
17615 10 330
16020436 35 9689
366917 94 1027
996363 90 6161
16427548 4 8703
7930482 74 8248
7956920 53 8521
5848346 44 7724
5362414 49 7555
5147772 11 7629
125336 63 1614
5025552 7 4671
37032223 7 8824
21826921 15 7173
25996 63 145
1259219 5 4284
342098 75 1583
44298010 57 9434
15928031 72 6287
7178541 92 7416
419173 62 1035
15578128 18 7719
51863 1 6116
4633437 88 5449
593549 21 8050
3209207 24 8095
9979700 58 8348
1092692 4 2510
801752 28 2923
23095986 6 9647
1427515 56 1918
102437 9 1048
1 34 683
410696 99 4616
532154 79 1287
259566 30 1468
14507162 65 5559
3826905 6 6211
11924082 70 5264
1201786 84 2068
2692811 1 4861
188809 93 578
3916563 99 3808
2287700 88 5972
212134 81 7032
27284949 77 8590
40160186 42 9808
1148127 10 2543
7691935 4 9442
7020641 93 4823
10486781 11 9633
418625 39 1591
16091 96 179
1946687 78 9307
9881775 79 6473
3183460 20 3246
113927 87 3022
2718344 43 6408
81735 44 2103
804534 84 8214
9661003 88 4761
482488 32 6073
3036858 27 2983
5577252 10 6113
38451748 74 9415
527726 29 6253
763843 29 2802
14311182 89 9421
1086802 53 8608
190530 86 9530
219132 58 667
655156 96 1807
95750 86 7914
26277003 89 8294
9939078 96 8639
3110725 53 2685
1469928 36 7147
92964 83 6048
4252 54 643
27893354 10 7720
9248926 29 7452
17177650 31 9805
170733 10 657
2635409 86 5370
18458866 24 8096
6095752 92 6751
26553046 65 8957
18036995 52 6169
11302851 12 5117
1865540 14 2361
13815 2 2051
29750259 62 8018
1981212 10 8751
12175 60 2423
341147 79 799
733163 49 1461
127786 17 5045
10339016 12 9667
2067602 17 7717
15831557 65 9419
26426595 9 7401
9136251 23 9605
3562025 71 3075
20680598 15 6997
2241881 61 6382
558005 45 1713
60605 1 5255
1182112 61 3339
576886 79 4468
42756597 28 9544
33027708 7 8531
392047 64 4785
44581806 58 9553
17555537 36 5916
4035232 6 4110
16586475 90 6086
1818197 25 7449
1805885 42 2854
7213347 55 6248
198808 9 1165
38671145 57 8728
36325227 85 9023
2400027 60 3746
899435 57 8342
371149 92 9691
12208126 35 6736
39068650 42 9937
448946 5 2165
1859971 78 8920
24471812 15 7188
184 40 72
953374 96 2154
28933946 20 9427
799058 54 1438
139785 72 890
2889810 26 8673
4293219 33 6609
523824 66 940
444723 94 4297
25963395 91 9997
1450758 27 6101
383225 85 8293
849806 91 5483
102193 81 1888
852197 85 6531
3098485 20 7219
7415165 83 9533
105138 1 3901
16278580 19 8687
3935465 68 4117
457 11 8130
29878896 20 8047
2735 87 2941
500641 32 1757
12956841 5 9162
23416938 36 8563
1243 35 150
6975320 32 8264
1507687 38 5765
7064649 29 5781
5970530 76 4018
922127 92 4177
14587 8 1931
145954 100 9662
6749497 67 8404
125174 13 3554
7645919 88 6539
16839224 22 8096
17024809 33 8952
369194 95 5754
6252439 59 4291
159165 87 1132
31151051 68 8199
551 52 595
1413 33 3270
9717059 74 7601
6092142 5 9477
335352 92 4788
587281 61 4168
1396679 92 2325
660188 68 2615
3120362 68 5989
5178 39 6394
7354459 35 4690
12006238 21 7002
2694475 23 2585
13748006 28 9014
1306343 22 4485
252696 20 975
2116108 95 4723
288002 37 9757
2062384 91 4923
96114 44 738
28517273 39 9398
15154347 47 7213
2460213 32 3416
1671 35 985
7941250 81 5819
8458361 30 5148
7133116 76 9336
18628677 45 8425
16172715 96 6044
3457089 30 7780
8973714 78 4491
856 52 2021
3562519 30 4660
42292 41 315
31427754 47 8249
2039177 94 6952
395412 75 1855
681803 83 4919
6708607 76 9616
1859563 63 2652
1 97 1680
2843794 21 2392
39985 54 3570
2347882 13 5750
8160146 67 9967
43992854 10 9971
21462 15 2090
266372 22 5091
4497 10 9305
14778207 53 5647
1185976 42 1861
6147701 98 8016
1796119 15 6721
1 38 1650
11885493 2 7202
8260166 3 7126
3357691 38 4255
349366 32 4013
4689764 56 7023
164649 42 2060
17109884 93 5826
892122 2 2790
205538 61 7363
530757 69 6995
5261172 85 7306
11474 75 387
1540713 7 5445
8548542 13 6978
25747150 11 9633
116 16 431
79785 39 752
339697 42 979
6726 78 96
243927 14 1213
3192292 69 6058
5896011 14 7315
8041 43 2424
77165 12 2554
273366 62 3213
5070075 6 4152
9651472 42 8241
13449244 70 5714
770130 9 4181
9744565 73 4352
1718927 13 5760
1 88 2166
1945 96 1088
383604 69 2955
14113945 70 9756
193171 1 1823
272088 60 7119
5320723 93 4052
18647 97 1041
27469786 99 9260
69315 93 4002
4836375 67 6525
22625673 16 7451
13288 33 6107
2523088 17 2879
43168 80 9341
12562668 28 7963
12031015 64 5351
575 72 106
30042839 5 9436
17763496 73 6648
30386 68 3973
13043 36 300
1043005 44 2735
472940 93 1398
2193780 36 5907
1473193 17 3019
10247070 45 5912
551601 71 1014
21563 26 8404
68580 4 2673
26871928 60 7745
8835142 24 9210
31308 91 211
1962109 80 6471
496692 37 1620
13476 45 5382
73 1 20
318731 2 3990
90479 48 723
33392 99 5404
12922 73 9857
13481985 92 7838
2957130 9 2979
3014 13 200
18668496 93 8049
182321 37 1146
385864 26 3458
16874387 47 6951
30539 41 480
72499 70 834
10018856 84 4553
1082316 99 1790
23628531 70 8596
2038789 91 5491
1472763 52 4207
856855 93 6722
5675582 67 3321
4064426 34 9838
45181226 5 9661
18873402 37 6121
3056102 45 6100
15555925 23 8213
1701103 55 2524
491596 52 4001
93725 18 1674
150602 1 9173
16380189 83 7274
7530130 47 5720
1085011 36 3397
11612908 5 5334
348348 47 3840
660362 8 4109
13909686 41 6079
659522 94 8795
2081091 63 3720
12626835 96 6991
19232629 38 7422
58504 13 3755
9938372 80 6984
1312440 69 7979
40592824 47 9858
717356 78 1751
258921 20 684
1176835 2 7508
5088163 31 5535
1834377 39 2564
3834917 90 9388
32105668 54 8280
5388893 46 8749
990189 32 2474
9835 46 2161
1854242 89 7415
23615108 63 7330
1666706 37 2184
278964 43 1019
2186958 82 5429
3117622 5 3229
10415924 100 9525
509040 7 2831
341369 69 9761
3454154 41 2828
13619 9 90
7539591 23 4937
6733616 23 3661
30574473 77 9108
16176669 15 7428
80382 12 425
89628 46 4984
5072692 2 9594
475979 54 3478
356355 15 7739
1989146 82 9270
837315 57 2250
3376894 1 4735
8848342 12 9582
402509 53 8287
1510697 74 4320
5162468 29 7986
2712036 72 5504
1522109 52 2984
2193316 41 8580
123193 59 5934
3114298 51 8088
7525661 76 6991
357875 39 7613
1 66 1422
81879 88 1137
14390481 7 5787
514486 70 7928
566717 42 2211
3135456 88 2939
1054895 79 3751
999816 44 9437
3965143 94 9718
833380 7 3839
3949320 20 2922
1218185 66 6420
10531814 37 4785
1 60 221
4613854 51 6967
1374480 25 7418
1007604 96 5948
269755 87 1120
63888 91 4716
983 70 437
11307565 74 9485
1215985 63 9711
10067356 33 4417
4791273 50 4317
3155217 16 9230
122738 97 4960
1 66 2243
1 64 1182
2132243 45 7863
19173739 29 7404
1 100 5753
879444 46 4948
755812 19 5902
8578 16 5168
12046278 12 6457
2157223 74 7337
21829596 67 8881
89945 92 793
559306 56 4175
26287112 90 8172
791569 93 4562
7175441 86 5009
1 73 4260
5346857 36 3826
4733164 51 3297
681189 63 1236
15020120 18 9709
14431804 37 5447
28549183 46 9429
8909540 33 9488
21308864 24 9873
758071 39 1631
474191 71 2382
7445161 69 8764
2846 97 446
6122128 19 6310
193494 51 6226
4522490 54 7273
410783 94 926
5611838 6 3484
50727 70 522
116489 62 4560
2279831 83 3885
22616148 46 9838
23343 5 6831
1407 37 466
4968525 45 7542
11903 1 563
71300 10 7483
6021918 24 5845
801141 11 2827
51072 73 3331
5258191 34 6486
3732831 73 6785
1330485 78 3591
4488831 23 4621
23064743 49 9400
11980 12 1551
6171258 41 3926
2303966 27 2889
12929174 83 5347
9003670 15 7333
15656094 70 5971
1161 6 5380
564847 49 5633
2644057 6 7669
179471 39 2483
708829 89 2656
2935585 98 8097
23924227 35 8613
158228 3 4498
4185 91 1617
307607 4 6733
803706 19 1463
13065122 57 5634
8590726 11 5635
3794185 45 3397
19457984 76 9654
1457932 42 9768
4844554 33 3751
4109740 39 7368
14432777 69 5381
28172 39 184
5201218 71 6831
400070 90 5380
25863082 41 7189
11273274 37 6579
22271 53 8334
857462 57 8524
2970596 43 7994
4127484 6 3825
13787762 58 7660
6442893 43 5887
1274818 11 5130
16191104 47 7077
8740 50 224
3303132 47 7097
4780318 17 7425
256197 16 2365
5127626 69 7388
24302035 98 7752
392651 46 5486
610516 49 5300
1608366 84 7215
9072704 26 7951
3596350 68 5509
16441 23 2163
17773 38 3079
185552 29 882
58265 97 2819
159198 26 8010
5054361 68 3635
6240794 3 3467
664077 53 1383
1 94 8056
701184 48 1638
32923 71 1458
414598 40 8509
4425276 7 9633
1731062 33 8102
2103315 77 7701
6688333 24 7062
1865793 23 1995
1583448 34 7508
471866 35 2558
1847479 68 1826
23820281 67 8473
369066 86 1076
395790 45 3515
2173796 51 5296
181269 74 9062
986559 27 1533
10948887 93 9468
246970 20 5172
261414 47 2073
246079 56 1638
13882690 84 7054
545279 60 2962
1889721 93 7444
108314 47 2113
2005902 78 2566
21710507 76 9715
571153 4 1212
94573 68 2896
4923065 85 9902
108637 100 4032
305881 80 1945
6784938 46 5457
1667146 72 4068
5037661 84 4248
1 72 287
2962872 31 9574
498577 48 2489
2880295 3 7726
12634166 45 9543
906948 81 1249
233082 23 5642
25153944 90 9332
6074976 94 6399
43721064 8 9912
7128372 33 9025
3110650 52 4253
1085754 70 4190
9276363 21 9658
4787423 92 6927
1 39 390
3511463 27 4394
10814150 25 7170
2333083 74 6225
188873 55 4046
121215 41 6458
2171361 39 3893
5958249 61 4190
784407 92 3443
1455439 66 3237
8780 13 4131
484257 8 1364
33558 51 1064
126703 44 483
1 87 4385
684142 24 4464
729373 62 4934
13593675 40 9189
451257 45 2525
4321294 79 3584
11438 72 1180
6313446 89 5374
1803811 49 3888
3888407 60 6717
4748339 73 5812
271246 24 8511
21732530 87 7876
51615 38 2129
69258 39 6267
786288 73 1291
2985 77 608
257273 57 1669
87734 17 2485
1619036 57 4493
1238062 58 6818
14759712 96 6212
1461 78 1196
317658 52 2543
5763331 50 8892
6786367 89 5183
912761 94 4926
10456845 62 6816
231215 98 2317
24240816 9 7469
4200524 76 3914
1422559 43 2902
7568931 50 8887
1467926 85 2291
16288 100 2780
507271 15 3920
3752442 74 9826
14245840 55 6264
6629507 97 9629
12192 7 3585
4271994 36 8858
24067 80 9667
11138380 75 8944
2106980 22 7296
1705923 35 7450
48418 75 8766
3370346 65 3880
24534131 24 8841
8984768 40 5725
7996133 23 6226
968830 27 4782
36553749 5 9519
24729 2 7436
2318062 69 3440
14295008 51 6620
1579305 50 5356
348496 10 1995
48164 56 1272
147121 22 2086
4081037 20 4104
87217 77 6050
315470 83 4462
5782598 48 4300
1692162 65 2520
343781 83 1174
11763055 76 4761
313964 63 3764
1676764 33 9203
475038 21 4411
88677 100 3099
21101780 82 9314
98172 95 7033
4078746 77 3366
575614 68 2060
24541854 75 9435
47126 44 1126
23030899 38 7599
693417 27 2000
2261661 30 8275
25134379 12 9624
756289 92 6097
9969699 53 7463
886987 87 2449
13422627 22 7784
6676394 99 3676
1213811 95 2860
1606327 42 1871
654675 37 2805
13985693 33 7727
40181 42 2376
151886 96 570
1958 69 74
4711854 44 9036
10241658 27 7875
1488967 71 4927
16805508 9 9836
33675 64 438
7163302 37 9915
12842561 55 9286
24181505 76 8988
2890084 80 6110
1767659 33 3319
434056 66 1972
1520625 46 6998
779079 70 3519
9896707 12 6800
33019 31 163
247734 51 609
4071020 46 6092
2162095 40 2121
24759364 81 8118
1594744 30 2851
57190 72 293
11382679 31 4758
25049923 7 7811
6157688 48 6341
5222 34 4041
1302381 51 6756
71385 88 4697
24479087 64 7391
1136569 68 5804
11564700 31 5907
114404 8 1782
19939983 37 9386
15108105 98 9060
829276 28 2108
4711752 58 4053
692 70 3783
190684 40 2498
8507650 74 8683
9331037 49 4429
863962 21 7224
123384 4 777
1633578 15 7622
18272 19 5230
2353266 78 2308
4358248 84 3083
2512 24 808
4566855 73 6221
4148204 11 9561
1085762 63 1870
1122982 98 9964
12347550 18 8907
3202168 94 7427
30085657 50 7814
16191742 73 6747
529977 69 3073
23275568 75 7545
1489892 68 4212
4309062 95 3192
5326433 58 7935
7880 73 193
3273468 54 6796
563069 2 2286
26382362 59 9608
22185874 16 8059
10868385 99 6792
5317152 46 5008
15405369 2 8699
248 65 628
1176519 12 2091
1575988 97 1808
904741 11 8120
1127684 39 7344
236162 98 820
9279581 42 7557
24243075 20 7184
1638429 84 1964
2022414 84 2249
501387 64 1329
383441 77 3988
32305152 86 8162
6738276 55 6352
152144 51 2152
6262058 97 3598
95284 74 1616
36035806 15 9498
1296314 53 3080
6926202 41 9813
27000 81 1564
3396 16 218
70945 56 9943
1923736 27 6636
28564 51 2730
64945 69 692
1332103 99 6646
3113941 38 3150
2704331 18 7087
3823002 92 2690
111249 40 3846
15010928 48 6396
4423996 26 3009
17447474 90 8566
2129168 57 9157
159824 53 8327
63819 74 6625
9344898 39 7553
463057 54 2183
158446 80 605
22067 58 2286
107148 19 3787
16992106 62 8704
185851 46 5147
289138 31 5782
160999 11 4233
11152078 2 4923
17721068 50 6858
3281951 98 4913
4938524 14 4154
12985401 27 7554
427039 70 9242
7218861 41 4321
83 32 321
1360937 59 8298
611474 34 1637
405768 1 899
1917326 34 7078
503566 64 5204
1679071 18 2373
5147384 26 3830
18962945 94 6555
1847066 23 4005
23660 66 691
5386726 56 4620
4052007 84 4750
1987846 21 3742
4470 77 668
36388012 51 9359
21777341 13 9440
14500396 57 6595
729985 45 9121
13294285 65 9131
5218227 86 9291
506128 73 4547
1 69 7993
6030 20 63
6204743 30 6687
95712 8 2544
974 96 2041
2416919 68 5744
607469 20 2059
3219482 68 5537
770572 86 4679
1211948 72 6198
7067124 76 6246
9996687 39 4957
5773 56 775
9423364 73 7372
5974430 40 4993
1359305 37 3049
44995 45 5096
551282 43 3827
16984565 64 7025
16244 3 1513
94002 25 1261
17758411 68 8514
1972822 93 2245
16911919 62 9920
3469683 9 7498
3214746 26 3786
8482 23 698
3209119 99 3215
101724 80 5885
9343 35 2568
5974587 81 9506
18773233 62 7011
1530113 34 3290
7701794 90 5269
4580093 10 9564
849777 62 7918
80513 53 472
311132 3 3137
5871363 87 9829
8620 4 139
149886 63 8513
11621005 25 9304
231908 81 5971
2975706 14 6710
13173206 31 7888
126589 31 848
5237608 4 3483
805264 25 1878
33571 66 5719
540567 34 6597
7374664 83 4683
6764636 28 4230
11627580 20 6959
15823406 35 5882
7499086 20 8511
756796 2 4813
17218 52 1114
3632159 50 7367
84469 32 1072
429214 39 2522
7939899 46 5354
44862 50 4680
26235974 31 9566
739656 38 2527
452988 23 5306
8624214 46 9142
4834471 36 8708
22386961 74 7979
128961 22 1492
1 91 163
20764347 48 7130
249480 11 1966
9580178 80 8928
681277 63 4283
298005 17 3381
5081680 13 6093
123791 42 3283
555670 63 5170
955172 35 1775
389094 68 962
272116 43 713
477790 2 5242
4241388 34 7479
60279 55 627
5521 69 6971
4243833 47 7569
314590 100 1053
1670044 32 3426
2697647 44 2599
7170499 95 4536
2829520 83 5975
1 95 106
111550 9 6208
5113392 43 5661
18478046 18 7418
1479946 7 2021
12073255 69 7467
29679 18 1704
16645047 18 7328
4781237 23 7028
1167220 82 4371
2462 49 1368
1897712 70 3607
1347812 18 2991
895468 74 8950
2843640 13 7825
117138 65 2768
2354597 75 2577
8106 54 587
1714677 100 2376
4419225 67 4909
9003959 50 4977
1334667 25 1696
1853579 80 7060
549019 20 3438
38205120 22 9141
2340650 25 2100
2891108 72 4595
2865305 81 6762
6734 89 9382
5738935 99 5643
279534 99 661
13838 40 280
4413095 3 3791
23226361 10 6911
2457048 45 6828
678490 57 7990
7884739 53 6474
729626 96 1933
2354788 40 2529
8968210 53 8606
927276 95 3511
22781138 21 8182
2788 84 9248
2724759 23 5717
137133 38 910
17810091 1 9391
199795 67 6938
134305 53 942
6085679 46 7708
881506 87 4813
35665489 68 8944
307097 8 6196
1 45 5189
35445 24 6649
6955624 82 9557
12162693 58 7886
26289 60 7660
5129764 89 7378
232639 95 5073
197038 55 8878
22083426 19 9887
1589697 58 8654
381002 30 3867
22487500 25 8128
671242 24 2930
12773501 17 8546
3112175 84 8521
307140 84 1812
23917043 41 8084
24918182 91 7536
6545306 15 4246
13344857 15 8886
45242 67 2751
7645875 99 5233
8877613 38 6797
1119759 29 1506
393626 8 998
408815 69 7853
14449433 53 5574
3537320 18 3333
6972 88 297
279096 55 1111
8959883 87 7624
303462 89 5042
4135085 87 3863
1 70 9092
3493206 79 7331
118377 67 4900
115005 69 695
1529322 98 3316
11307490 9 5660
5225572 31 6340
9695947 29 7253
9516457 44 5035
19167752 98 7007
49381 73 1237
879260 69 1791
10329412 5 4609
4977622 43 4852
7662671 53 4182
732075 36 3847
2765476 83 9273
2469340 6 6800
2817106 22 3973
27943501 63 8213
992327 10 2255
41298 42 5754
27235740 1 7919
196514 96 7961
131118 33 948
24172304 57 8020
1621500 92 7185
2351591 40 7581
12467581 16 5684
4458602 9 6783
41103759 24 8967
1373480 12 2379
12440 78 9221
230390 63 6759
34815 47 396
2384564 7 3528
12214012 98 8435
19704754 23 8525
77200 8 1241
1 44 3937
11075121 73 9001
912802 66 3725
11188170 42 6918
15914871 29 5646
4431718 39 7851
2079436 82 5174
1 74 3420
13281 21 243
7195 22 3750
9682290 77 5152
17183379 99 7598
1169190 2 6871
10414626 32 6106
29814418 4 9630
2411716 30 5787
31916 19 456
3266882 27 5140
13807642 57 5747
20185603 57 6837
1176322 26 2357
1101272 25 6382
1698694 50 5401
1704075 23 5730
124860 95 477
4870091 82 3092
32778793 24 9530
37958 80 2449
90399 69 7140
3466438 56 7543
6506889 73 7260
18822 28 2405
514769 97 2652
1289 61 4121
304349 59 868
1791488 41 4827
1064135 41 3071
2816373 20 8196
16503463 55 9703
4758897 6 6082
10983050 54 5523
1 92 898
224375 56 1356
9604 17 91
5008050 77 7571
38875283 53 9081
3480120 56 3387
25405 11 3089
4087274 2 2932
2447754 40 4362
10609070 100 4957
2078848 33 4997
1 93 6376
1857638 65 8121
509463 98 1842
2946115 15 6036
1701883 57 7034
12308647 43 5780
6314536 88 6423
3261274 33 3843
37562578 65 9565
381811 80 6358
10511921 81 6863
492259 34 1033
18473919 97 7113
6529287 87 3553
16013257 58 6274
23031470 95 7294
6668 65 2594
358310 94 1168
7528508 37 8351
55642 36 8435
8665329 21 4993
8270936 57 5064
631666 28 2078
7437 67 591
38916562 2 9398
8122023 25 4223
5848971 81 4082
11927505 55 6167
2259990 3 6223
1936290 75 4097
453584 4 4636
786701 94 2459
3154902 32 4926
15053 54 4070
5654347 77 3503
433 62 88
29515268 45 9064
2688389 67 2308
19267971 50 7367
1035891 67 4819
10431636 89 5032
1359464 80 2769
45504 49 291
1398258 8 6859
22413190 27 6994
3789763 94 4529
9986971 88 5256
4539496 96 8960
115833 87 4486
151106 77 6957
10557270 52 6925
1024787 12 6591
5803973 14 3522
29062292 11 7564
1782316 46 9318
64583 50 1518
76312 25 2226
3928061 10 7547
369172 7 5111
7958414 26 7896
8116720 13 4354
292110 26 1253
135802 45 4787
2962 92 9608
9240 16 5050
13248 100 587
25476256 30 7621
123328 10 4904
8070428 40 5415
1343764 97 2262
155216 74 9000
630144 71 2164
1225624 65 7280
4303364 51 3753
3056512 93 3142
303483 6 5005
30686657 15 8213
14463 30 2929
35650416 86 8692
9336509 60 8306
2310235 82 2914
2354132 25 4350
179097 89 2052
2640334 96 4848
799712 6 8411
210491 17 729
1263538 81 1819
3727991 55 6163
767406 73 7054
13417678 9 8031
5788472 85 8738
3462452 23 7051
9612760 41 6208
3151720 75 4242
423 38 8295
309104 21 2183
638786 72 1725
1206677 47 2311
7591221 44 7264
277300 90 3602
4446107 12 7423
5043313 90 7246
38734 66 1872
769784 39 5692
19047132 84 6146
2052820 14 3263
1274347 67 1880
77755 13 3600
3061711 75 5177
351271 78 2315
6818337 27 9066
3811964 89 3486
9574540 31 9084
1 34 158
96599 71 1503
15729127 14 8910
12664389 45 5162
2515645 81 2220
510612 54 4648
70538 62 638
955505 95 2578
37662129 57 9359
3470765 39 4533
2928439 51 8903
299378 25 2597
5742303 66 5186
196824 22 3760
111371 81 1370
6029519 84 4647
9432382 46 5283
14258122 12 9326
419559 83 1833
48557 23 330
134924 6 651
215754 23 595
6684664 33 9109
13413609 100 7212
3015844 90 9532
488189 97 2205
33134063 83 9055
2429661 45 3777
945298 87 7219
720251 23 7272
16015909 70 6240
597383 82 4829
9185972 3 5301
4376433 45 4446
126190 99 1557
4352770 82 3494
8728 56 8477
704572 74 8114
1 41 529
12077828 2 7709
481122 90 2662
16669517 100 7032
5683502 33 8855
1105146 99 8871
517880 12 1631
1857377 36 9368
16036285 70 6125
15099 63 5471
153268 20 1285
9635698 92 5012
24212310 74 7345
47413 47 7446
14320275 28 7368
138520 5 1079
7706574 81 4043
9906050 38 5923
112467 71 7146
19390356 29 8372
25872572 51 9845
461908 81 5844
2104595 44 2407
14810 13 4147
13440922 68 5491
3103873 55 9719
599534 28 1425
1816633 70 6444
17599979 72 7126
269343 48 4681
16016601 99 6664
10191833 50 8580
5863466 98 5483
390759 76 1168
10639 40 3958
4317233 69 7607
1735099 16 7535
295109 75 4743
12760837 68 5383
6809830 68 5001
32806 60 4042
390092 26 2327
102175 11 999
317234 42 7195
23323779 78 6781
915910 24 4631
1104040 93 2467
35279 44 1769
306422 10 2189
757545 67 6504
96588 7 4689
6316 36 631
12000731 98 9052
3504066 56 6888
959461 77 3021
36981 66 526
10205542 64 5758
491290 50 1836
347694 56 5028
6891705 66 6273
1 18 3705
254374 20 5920
303495 81 692
12135 5 2487
2429597 30 5021
6856871 69 9353
45018 38 7086
24595035 21 8093
1349205 88 3803
1958978 98 9141
42456 79 6147
8572501 93 6316
558892 8 3927
1232310 56 7865
822695 12 4895
120102 50 2752
255 9 2786
18801035 99 9583
39875 48 8923
491026 72 1279
24146196 80 8589
7435011 54 4527
393239 34 851
1326065 75 4014
7138722 14 6123
16961659 66 6770
7006306 100 5636
4617469 88 3720
4752408 45 5850
14197 76 490
8905742 88 6316
692106 45 3321
4021581 47 3464
138235 98 1087
241052 75 652
1941249 69 4137
12250507 75 8613
3706819 97 5106
633377 61 1402
194997 65 4586
311582 86 1286
655058 45 5207
7328 16 5684
9193 58 113
18316652 79 9147
3499 32 337
1566736 79 3763
4898371 93 7219
1962824 67 3225
3921024 69 7832
12232829 18 5313
2965595 8 8645
1804042 15 7606
1974094 54 4224
12853103 9 7509
2860103 45 4400
1247291 75 4701
2424809 11 7788
207856 34 1690
1 88 1474
647625 12 1196
87930 55 615
450522 4 964
3253675 97 5368
1 47 3640
1 57 9797
21047746 36 8183
372737 6 8739
32881593 27 9666
1840187 1 7115
2448774 43 6237
1106697 74 3776
576166 61 986
347530 9 4246
669 25 1101
58065 30 1980
7978547 95 5222
48455 49 217
288064 93 2161
84283 99 656
121183 42 3418
50913 90 411
1269458 31 1963
12170610 40 8619
155045 19 6892
8679548 94 6581
94086 79 448
356370 26 1302
189783 46 1272
28210367 95 8592
189409 18 4148
11259174 23 8072
1511744 46 8116
1428462 73 6795
28289 87 2182
151843 74 2232
2104208 21 2713
1 63 4367
3089127 5 9469
14747848 70 9364
1680903 52 4678
342116 29 2033
271640 49 1928
1924422 3 7548
10046012 39 9667
1553 22 9892
541553 1 4971
20649803 38 7352
30870402 50 9514
807480 7 9508
158959 21 7753
1199787 72 4903
2609526 83 3046
928 14 21
42915032 37 9580
1881039 35 3615
4615784 49 3849
656596 69 2628
2675868 98 4528
422951 57 2381
20926970 20 7064
3881817 20 3700
20066452 20 9806
8921 27 771
4616696 5 5526
3858086 46 7456
1420247 86 6356
17807776 25 7810
112583 95 941
1341372 46 1597
9421002 89 4932
892088 63 1389
528354 49 2689
12034355 48 6625
144571 22 2439
1 42 9660
5370131 12 9734
9012659 27 9676
21207211 98 8211
1030 3 472
189201 27 3232
1467661 10 2348
11291704 90 7889
13410525 28 8678
4589008 3 5906
758459 83 5804
302619 57 1752
2982498 44 8901
39374880 48 9901
259138 33 3555
3966595 44 4639
28350183 46 9977
14576604 5 9825
139160 75 2865
7151193 26 5128
4290040 20 6685
2849528 55 9399
126997 47 2684
1443770 22 5834
145101 88 982
5839260 45 5943
521558 100 3160
4279634 94 8769
7583987 3 9422
31594899 100 9277
704271 23 3583
9719 51 3656
1954532 15 4379
5266051 51 3428
3527436 3 5996
11053007 58 5331
7476006 78 8157
23100 37 1793
824385 84 4210
276934 19 5438
24347435 16 8146
310331 62 3512
2246343 35 2443
1153127 2 6020
2708553 90 5702
798375 53 1487
32928814 57 9069
43613 91 525
1489437 10 5370
472309 68 3576
9080668 49 6089
1 76 1302
11114668 1 7962
840981 23 4456
426159 73 5332
1087926 75 2537
723976 38 2748
17766878 26 8347
2475044 98 2467
1027221 4 1758
9540309 4 5758
3056 34 8521
6396939 25 6307
6789650 47 4688
4262000 63 5200
1695829 72 2061
1078830 97 4545
239531 19 3369
2690997 97 3669
32037 93 786
159524 69 5478
1811641 6 8880
469268 25 1794
3486790 35 8151
13600175 70 8167
197995 17 581
348000 57 1850
17711768 20 6159
39985217 64 8939
51163 73 2507
171 11 2003
4456425 84 8002
2972161 29 3734
1227719 68 7401
15326567 30 7605
2711567 51 8971
15398616 1 6524
974057 100 3428
1 66 3549
992469 86 3352
62950 54 2769
8952591 33 8448
4455085 18 6791
4416574 16 9785
1350772 92 3290
30488749 55 8546
28720256 38 8485
12003587 65 9151
30525 93 3818
10910031 72 7565
278421 83 8038
5799439 25 6157
1676253 90 2579
14887 53 1856
6407091 75 3875
2546563 87 9301
1404876 15 6211
545674 60 8464
13182829 41 7450
6858903 68 6154
2090871 31 2717
539093 86 3528
3033209 35 5747
3410246 94 7045
15897845 2 8749
8787917 55 4265
768216 50 3174
8954129 57 6738
72957 70 959
22124368 13 8607
1 46 49
545258 94 1675
2155483 49 2443
4155218 58 3786
5723685 43 5313
5328317 4 3705
2627106 21 8008
1530361 80 1688
74681 39 5136
1829007 16 4307
28375 28 1286
5601825 90 6174
1 81 1726
471380 81 2492
7558495 42 5477
10740243 100 5386
21418169 58 9177
17296649 94 7869
14995292 21 5498
1137089 90 1612
1265401 18 1493
6695604 16 5658
4490142 48 6534
389506 93 1563
20104076 84 9638
1446591 81 4644
5870972 72 7274
39708662 96 9188
7340407 91 9642
12752008 18 6591
7402 73 2694
44777556 80 9724
219678 98 1181
551193 8 2155
1857994 30 8968
14393564 61 9871
96401 98 585
1189 47 6293
1824353 93 6560
145096 50 4461
3639410 24 8083
284602 49 2367
524591 41 1823
5705997 82 7332
269738 65 1687
42122209 38 9704
22473412 23 9362
7308668 34 3948
11277 19 833
137876 94 5966
154978 73 3868
9803222 30 6034
27711 80 3601
2575232 39 7847
31645464 18 8036
5901674 21 4543
3626719 25 9107
55710 49 4211
9963384 69 7083
35452 85 1497
2785986 79 8442
4594608 18 3244
281540 9 2738
1118778 72 2614
122653 92 2591
35231 60 1470
2298239 33 3170
4161290 58 4093
599053 76 1150
5945 84 2310
9270421 22 8359
193360 29 1916
15231444 1 8859
382219 18 4221
178632 58 1011
35992398 56 8876
215806 61 1047
8672496 79 4918
30575 28 4401
1335755 34 1795
15343 16 6647
231013 53 7309
18041647 10 6453
6470790 96 5838
186378 92 1591
3161338 68 4340
3297705 26 7724
3081809 95 8283
182016 86 5107
1122744 90 4280
255009 50 1133
880163 65 7986
18325628 10 8967
14600 99 1488
636681 13 2278
29503 87 174
20694179 44 7810
4256600 31 9094
2837825 9 2631
2291891 38 7676
4908 68 134
15121873 87 6443
3265983 99 4239
2760442 62 6225
766039 69 1704
2738335 51 7951
327183 74 2292
17977 2 5222
1 56 442
36095746 59 8761
8163878 8 7909
413795 56 4086
4002964 74 4218
39949 50 5998
14821443 5 6170
8984413 85 9549
707871 80 5076
5280789 4 5162
605990 21 2142
156759 76 5038
11313440 72 8482
114986 75 3578
84469 74 707
22275 95 2783
39160 3 478
9865740 37 4709
91135 72 3255
1 94 5747
3049616 82 7601
10174147 99 4599
3745035 4 4884
2392 36 246
4011380 40 4772
9533758 68 9530
11468958 12 5268
729153 71 2665
8793949 46 8136
1775063 25 1871
1398552 92 4399
9667555 97 6479
15570584 68 8040
3228768 28 7833
19813654 53 7846
18798887 70 9031
241843 50 4430
69993 25 616
5420938 80 4147
7574582 34 7922
50976 96 1076
2599153 35 3410
4748020 7 3357
132731 12 8542
4314283 34 5774
513160 85 5229
15208 21 497
17845932 20 8899
1517641 82 8623
27175 18 1577
2349917 78 2409
3558742 70 4274
986940 5 3766
3175 37 1632
15064912 59 6721
1396320 13 7329
34419 83 6404
209198 83 2281
1135714 44 3487
3668471 61 3251
79906 30 8561
6372157 45 3884
24152444 85 8463
14865691 73 8865
13223142 71 5146
141212 86 6501
1943293 82 2796
6209840 13 4292
25332 2 1900
1049491 18 2195
7838556 100 5654
1518517 94 9142
144340 2 9917
89377 19 4662
25634768 67 7762
3338 44 4944
5157 40 1177
63643 69 8987
523029 39 5115
26946186 100 9826
10322259 43 7359
154559 66 3486
18601473 2 6620
11080 27 140
21695764 44 8301
35095905 51 8830
979588 96 5454
6929513 69 4824
21351173 2 9432
17134775 31 7862
1 54 3093
74704 3 573
1489608 65 3452
327864 64 1581
228376 86 699
2433488 50 9717
1087675 82 6381
19495457 19 8303
360383 61 1550
391836 61 9143
2808265 23 9299
16334128 1 7639
302615 19 1287
1295465 16 2107
49 15 253
3880523 100 8306
3427335 31 7701
8749574 4 8364
9183857 42 7983
14902952 75 8581
2996716 78 3591
3409893 33 3915
20174822 3 7283
1306 51 2422
3747235 76 9298
544173 20 1572
6813682 83 4421
242939 37 3810
822794 27 2221
2218667 12 5416
1256707 35 2626
28988485 43 9384
2590615 66 7723
6775106 91 3731
25430 47 1398
13144438 16 7207
242610 34 1744
22778231 43 7082
139925 11 2811
938742 38 2341
62522 52 628
1 67 159
1884 29 383
8516 58 8262
57875 18 2115
78379 8 336
2933116 12 3399
23314140 49 7680
52422 39 896
16326146 40 7274
1385001 59 2848
5635 28 46
2008075 51 2286
3234 36 3869
6287573 10 7849
5525546 28 4280
1 74 7213
907139 73 1467
1281375 42 5140
1629062 56 4203
21913930 68 6704
16089 29 3089
11046395 94 4746
6167728 62 7562
1156067 10 2908
227311 22 1044
13606797 56 8556
912139 72 3505
6943 40 2893
100456 72 1948
9780 66 1040
7963823 33 8233
8784901 83 6260
1 95 1115
5228276 19 5666
1575 3 57
34419861 91 8254
206600 81 810
2193288 72 2707
1732334 43 2861
227586 29 4765
2363644 57 7503
6905589 32 5200
1422330 28 2461
2615350 47 3649
31315766 34 8694
776209 60 4516
5364235 99 3444
1155156 25 7859
33478955 78 8125
8084934 97 8866
185318 3 566
6177969 38 9292
3017185 56 7115
2645006 38 4642
1013614 16 3915
5928014 30 8950
6356086 11 5512
11632 8 58
19127324 86 9997
77788 27 3738
4365948 73 3588
36026 18 752
985008 63 7001
1 75 7830
3492465 85 3119
15010428 31 9077
94835 76 4758
1486097 14 8241
706265 14 6858
83249 98 598
1116921 6 1539
82576 60 809
2661035 10 3175
27174661 78 9924
1782415 72 5504
8051 29 146
33681 80 1804
147896 25 5170
4381792 43 3347
12678927 53 5624
74175 56 9073
15340395 6 8529
3388297 62 3093
3448990 77 4099
694161 74 7478
2813812 45 4305
7284815 90 5498
615013 44 4425
247488 32 7720
283133 91 1117
26245474 99 9718
8124661 66 4294
2079403 13 5931
1645 94 3105
1601786 16 6691
752 12 8494
1949005 69 6648
504398 98 3630
10750 44 5318
2189246 83 7060
11414166 89 4783
3475 40 7578
20906704 27 9941
239634 41 9818
1682955 75 9073
178534 15 8914
21462 20 6264
12163200 29 7212
14524795 8 5865
65412 68 835
7059 23 1289
599102 4 2204
10023 56 85
21459868 62 8631
4081849 8 3783
19522534 4 8211
2550020 36 7559
11547826 93 5025
103410 25 476
252005 25 728
4635619 42 5279
12224992 50 7828
24130556 75 6849
44790 36 992
307133 78 730
38125911 42 9870
4305 17 309
42277 42 207
7793127 32 5046
20269119 49 7560
13094108 93 7073
542022 14 4345
688004 7 1606
118079 53 899
3364281 13 9048
846585 4 7033
37743127 60 8677
383164 85 5994
1121978 68 1989
12933 49 4752
8043883 90 5448
25533067 66 9289
2008804 42 9697
8871 34 1967
3902244 58 6906
264241 52 7776
503415 38 5315
1 94 5556
6615049 66 4554
564495 98 8054
90617 72 4684
83891 28 721
438684 38 1920
334884 15 4831
19593988 47 6480
4430665 68 7305
4108882 58 8533
7485007 28 5855
6094749 54 8770
124418 38 1196
429910 90 9506
2512553 34 3906
24088739 13 7648
3591800 86 3375
4975 16 3170
1392219 21 6167
12473872 70 6181
8438574 79 4301
11528352 93 5628
87649 47 1506
7013127 64 4481
971618 96 4234
23826362 49 7019
8991 73 334
1624942 57 9204
8034538 72 5146
2302888 89 8888
25162295 56 8169
15383717 35 6607
15078706 88 5841
24341143 34 7517
546781 31 1489
583060 79 3429
3855317 92 9012
650427 85 5910
3603485 13 2984
5006627 72 4708
47383 29 4472
3574957 31 3002
11404583 11 5257
925536 58 4682
11172890 12 6052
2474671 58 6276
7146515 58 5436
796263 5 6029
2467763 5 4426
2900985 78 6185
177043 35 9176
15062 78 4398
18407805 2 6235
1034548 6 3545
1753696 29 9803
330285 17 1806
26484288 70 8279
12753648 57 8404
80713 1 1540
4860823 40 3200
16437453 54 6816
41880 91 415
9242999 78 4801
2784 6 882
1 41 6700
32205 64 9137
202257 5 572
12158226 1 6655
373379 47 855
1750223 93 6583
462680 86 1057
335225 27 7901
167525 21 6026
3962189 16 6315
6776505 43 5954
5373519 20 6309
77811 25 1762
76120 85 5264
7150527 74 5837
31351221 31 7966
39690068 45 9437
8169997 2 5164
23355635 50 7573
161435 76 480
2701642 41 8915
9909894 14 6825
1995015 33 4135
105403 27 2580
9514799 94 5009
9622889 9 6505
47841 58 8288
26944496 32 7495
834789 13 4400
2382582 47 4959
199657 70 3546
561541 43 3800
6561211 49 8790
3270836 6 4774
10391813 96 6058
33108231 75 8073
18882 43 1041
6052526 86 4122
5200467 58 9502
778 14 768
2359 29 222
1110409 35 1675
1 35 4517
24590961 5 8147
378057 100 4709
19676787 99 8579
14352790 27 5272
149857 13 1329
2246272 91 3945
8368346 62 9867
6302 63 5404
1838434 54 4552
4609 68 7387
16013082 68 8060
2459608 61 8645
553325 27 7484
324606 14 6864
985124 6 3220
1 82 958
9791008 29 5044
2651176 34 4168
1367603 62 2046
544275 49 1487
814617 79 4086
35894 41 8865
2812300 6 5280
38858083 14 8976
2032919 76 6048
1663287 80 2093
65252 55 1135
119461 99 1000
2773385 99 3267
26025278 31 8728
505749 28 9521
149038 33 691
160384 64 1615
4797750 43 4318
295117 3 5212
1380724 49 4438
549484 7 5313
318390 12 5014
803117 65 8455
157563 41 6896
396784 61 8750
229865 37 7210
325547 16 2360
16610818 25 6614
3517727 3 6810
22528355 38 8018
2920742 13 8482
7893652 7 6410
31000 64 4427
11568847 23 5509
3040883 14 5388
6213176 10 9302
94146 33 3305
4767084 13 4872
11660089 85 5578
7889666 50 7773
38567948 60 9064
3112634 52 5533
13526374 58 5506
1775385 81 1863
1317632 60 7085
39936472 23 9113
25376333 77 9007
4879225 95 5442
595040 1 2087
398711 20 2161
12098267 83 8589
161019 63 7341
2095118 80 2267
5939451 98 5050
3740382 12 8328
2739899 76 4954
11075793 17 7157
2028 13 2120
465841 18 2227
388092 87 5968
456111 40 3663
4432441 41 8770
6416713 44 6234
5038661 36 4393
47227673 79 9700
322029 82 878
933566 83 5594
1481654 34 3232
587081 9 3249
1 79 594
4053 47 370
2314398 94 4096
8194899 5 9582
1816535 36 8465
8940351 12 4851
25946 48 403
39944 95 490
227653 98 2133
5730863 100 4581
186994 77 8978
1052808 4 5922
4016232 25 3860
5859462 70 5937
5077094 14 3439
287109 38 886
20026513 100 9822
27592433 39 9605
22826 63 2543
3483541 45 5058
15556162 90 6166
827455 72 3599
602280 80 8589
7161068 26 5830
10512360 10 9080
1438475 23 3014
121712 30 9343
175463 53 1577
11307130 94 4892
1387228 44 1568
14654236 42 9654
16298158 62 6709
45162679 32 9907
84863 28 2049
60014 81 992
353353 59 8194
514578 10 2596
780 27 1948
12605974 31 7681
1579791 1 4567
5818744 87 6407
1400008 1 1961
13100253 18 6944
1 80 1577
23925091 61 8200
14881419 28 6650
6866669 86 4644
1067143 49 6117
4606038 18 3195
454765 15 5988
30936 74 6925
10112998 45 4987
1359605 90 2361
1809796 15 4729
13313853 35 6788
621765 97 9618
532671 53 2970
14594274 30 7314
4090629 29 6321
4241241 97 3017
21461083 67 8303
22424756 84 7418
8739214 93 5545
1174299 34 5758
1 82 376
1 75 368
103520 48 1366
123859 5 3838
13521626 36 7484
14925532 61 5632
522545 34 8744
1748323 46 4673
77553 99 4094
175528 66 5913
757041 14 3520
27997 68 947
2693246 63 7262
26868595 71 8260
331915 23 889
603067 4 2606
1914 66 83
8654133 11 5933
475637 67 3480
24619170 97 7923
14239437 100 8257
7073292 77 5473
333117 1 6761
21967532 13 8185
1025987 43 4604
6637348 2 8779
58118 62 8423
32124975 86 9410
1 89 2065
1204858 70 7271
28932584 29 7938
7676279 97 7569
153950 85 8328
166752 86 1651
1106955 30 2810
204268 74 5732
2761220 56 3380
33094 84 955
1 98 395
13468595 64 5905
853857 93 2485
457731 2 1824
43746 11 208
19863182 79 8334
33155 25 6594
1314047 67 4814
10559920 72 7723
16454749 39 6719
6879029 8 5935
26266 73 246
81558 69 6807
1 67 6090
7538493 100 6143
21909915 78 8712
536519 3 9830
989584 28 9535
12621709 44 7443
13200519 44 6367
8056920 45 5005
1590668 20 5574
5838463 29 5135
4686 43 3523
653385 67 2350
5287976 95 4349
2470342 35 2297
6619191 50 9142
562910 81 2746
3643619 14 2881
1412455 24 8517
1090104 17 8225
1479049 78 8660
1567107 41 6342
481155 69 3950
5821 17 2175
31056304 1 9099
13627 55 392
1 77 7589
827480 76 1698
8581749 27 5632
229731 44 2237
77474 15 462
1857 71 74
3724970 92 3469
94342 98 7230
89832 15 8600
8063633 90 5587
1502771 72 2647
40458 15 363
2103617 85 9267
14408240 27 9252
159533 43 1335
404146 34 4389
27838 78 2036
21711410 54 9688
5653144 85 3297
346783 64 1845
13417282 19 6299
527581 12 1238
2087543 23 2231
951335 52 4832
301455 17 962
3570798 74 3832
2945180 94 6552
26974697 28 8469
36211 19 353
1377802 8 5823
474112 93 2722
29058 76 267
1319155 13 8094
1 86 278
3218164 100 8035
19806432 62 8166
7703596 61 4801
263100 12 2482
461317 100 4288
1490013 46 6422
35214 54 5945
15196332 18 6307
562523 21 8835
614473 41 1104
5453 91 7661
19221931 67 6719
28409480 38 7836
14314689 62 5377
99438 91 6566
10534665 3 7793
53603 91 1026
61218 3 381
5541672 90 3844
11581 25 2679
538331 54 1125
373796 19 1860
365101 87 1065
31923 61 975
418852 14 1844
69940 60 398
3732165 85 6590
1418514 96 4264
20239128 43 7353
79182 9 5773
13136193 71 8387
20742792 38 8244
7717661 79 9856
161140 21 2912
911 87 4462
18056888 57 7225
153679 32 1289
3747436 56 8081
7283596 55 4153
453691 91 1663
1033335 100 1646
3863976 85 5304
5997122 36 6799
63066 35 1144
4204296 14 6208
3183028 37 8033
1 71 7144
1 77 4039
21529146 57 8306
40833 60 438
41124526 56 9550
3363475 67 4128
788788 100 3220
13893744 41 7725
3399397 21 3008
3238428 82 9263
9395922 61 8654
26405672 22 8254
906140 100 6558
2234050 95 7685
9719110 34 9053
363154 4 5536
12752 99 175
4331000 66 2843
7038591 66 7759
3180655 62 5764
27068408 2 7570
1473296 12 7620
2831527 29 6512
1216284 72 3271
553487 30 6434
519491 51 1164
1093012 72 1797
1 98 135
1215325 39 2511
8516902 70 4425
6778485 8 7261
1 79 665
27904642 99 9644
6068216 23 8541
1685 3 2462
434224 32 3647
2500378 11 3682
19289752 9 7487
32951115 33 9028
7462240 95 8800
6080383 92 7676
1852574 68 5772
3113033 3 2738
1254094 69 5276
444379 97 1654
286725 71 1486
3706110 85 8133
1089013 89 2217
13944 20 9493
3833771 30 8248
43807 69 1777
21864879 82 7588
750554 35 3419
6701882 4 5038
281776 96 4301
305452 7 2497
16214181 21 8526
48850 72 1139
4787226 90 6242
5682 78 8244
601386 24 4960
17690702 95 5919
3871010 16 9433
288052 12 902
2212586 17 2400
18183338 14 7047
5272276 55 8398
927345 42 1997
1991640 22 5423
1401308 71 2335
16426 79 243
134130 85 1106
15263 39 880
608270 67 1126
76863 26 818
35292175 91 9970
28531527 28 9539
28116654 13 9370
86998 38 8857
1333517 29 6446
55841 89 643
1734722 68 5089
837165 39 4741
1925793 88 5379
3137796 60 7829
13761 41 283
19677358 28 6666
155764 63 3574
623843 58 3044
962110 12 1744
4047865 78 6245
16918031 74 8747
7048951 4 4025
11803542 58 9137
2079384 27 3073
7723779 5 4315
2273572 13 4501
29439 24 753
3877173 75 7299
869697 25 7026
21209957 67 6544
2665344 69 3367
24571 1 2797
46000 13 971
3317808 74 8328
7006983 94 9793
93521 4 8655
789018 43 2155
5845442 60 4221
103507 46 2687
279358 100 3410
14249929 65 7778
4342 87 1062
838260 63 1344
889244 84 5847
17897367 69 7408
10168865 12 7061
2046111 37 9002
369184 34 7197
20145145 20 7168
1006852 90 6136
3533 32 3709
180717 50 1743
606032 4 9721
10848920 52 8535
3198 54 116
153023 98 831
5347716 44 7517
21428939 68 7504
320894 79 2056
17682185 49 6692
32715 70 1876
29539567 39 8893
14685 68 6168
2806219 87 6789
714808 86 1568
2071931 100 5088
413375 32 4830
3983815 57 3511
7737398 25 4040
17046 10 204
2434947 19 3139
18777374 24 7212
1 79 1874
25441182 34 7568
10333 33 323
122318 88 4573
1151539 23 5563
629513 90 1665
24409258 44 9149
1513965 24 3039
24357 61 341
21069350 13 8243
755752 18 1783
66978 95 2994
29845083 83 8860
3521357 100 6239
22068301 81 9740
857732 29 1523
83383 52 5599
5209222 74 9494
224525 4 1538
23038 61 627
39141 18 184
1181712 82 9494
492465 98 4357
5066767 77 4037
33242 60 1973
17858 19 746
445842 22 2970
1030139 1 4369
258555 66 1293
939870 47 1330
11944429 39 6092
33363784 39 9012
5128369 75 4726
1723141 90 4570
66791 14 1364
8923023 86 6265
4846 6 314
10528426 84 5249
52651 33 9891
652158 55 1724
300150 4 8058
4034596 95 3597
9216119 89 5158
2482689 29 4184
20371 77 8384
7914371 47 7566
106561 42 753
39560073 52 9886
624 29 3533
3164859 87 4389
7425674 81 5158
42829 75 6022
4091390 11 9495
31483410 75 9431
21341088 3 6484
33107 71 893
2877502 49 7385
423574 53 1240
29004154 67 8142
701 85 2712
29014 72 267
11146 71 865
1918134 51 4159
8435084 6 7239
36147 64 348
2996 91 821
5470941 92 5270
47807 33 484
3909771 32 7492
913314 77 1268
16470 38 2574
173848 82 4258
1349054 9 3236
155604 61 620
247927 25 4747
3217708 3 5053
1514166 74 6112
379626 90 2011
4266600 95 3919
11553484 47 6012
16069767 68 7063
50850 50 396
9208 37 509
41958 10 1032
62673 32 896
6821378 3 6424
223687 12 1852
1328774 47 3295
2971010 10 3346
4045397 1 8441
41361035 52 9776
1252367 63 2988
4987806 79 4886
6440375 57 4713
32762751 69 8113
1 76 3359
2182953 84 3204
3940881 86 3925
995647 74 8192
8218752 55 6040
40164742 87 9197
2131288 65 3770
1680840 66 7363
6112983 1 5858
10492 51 6135
72947 82 5631
1627828 71 3790
60148 81 6938
23408337 59 7185
8253665 29 7059
3196631 84 2502
7506101 56 6853
22850 63 604
11881933 47 4919
7121896 50 4015
4838119 69 6475
2848062 23 7882
2352 36 38
42875908 55 9988
52292 70 537
2384301 61 2804
1153776 69 2753
30204 96 194
1 95 1464
3746848 46 3147
18991815 87 7630
2772773 64 6234
24731 4 3035
2080887 50 9688
6865772 93 8878
10932925 18 5940
269821 69 1566
70035 75 723
312477 1 885
106288 6 426
1831284 75 8046
3941072 45 5328
14708454 47 6348
12951359 2 5049
2632372 87 7000
26447299 61 8450
22758268 21 8699
341874 43 7859
886888 17 1784
221363 70 3283
984167 85 8907
4571627 68 3907
363772 93 2236
3442 24 9884
5357213 35 4544
10272335 49 4536
9135447 7 7617
13503110 80 9796
128745 29 898
11836 58 3734
28862937 48 9013
25058596 5 7963
3952273 100 6269
963252 25 3230
1440750 98 4114
8741 25 1262
1 97 3063
111106 76 2352
89444 57 8551
8692473 8 6732
1518094 47 8238
2633897 39 2767
1204132 78 1877
7679 64 1326
2958402 47 5552
508077 25 6053
1251383 98 6136
21915530 43 8235
33912683 33 8187
3374 39 4684
8602676 45 6094
2632189 58 2738
1153128 32 2921
990449 2 7892
17 20 272
781456 22 2340
9399883 16 6210
350617 66 4828
21328397 32 7530
4374667 67 3360
16270663 66 8942
3347496 93 3478
380834 65 3192
556370 12 1144
7864215 71 3948
423411 99 2528
1552900 91 4854
1463460 25 2071
2581707 61 6432
10155300 24 4926
12712782 28 9300
2498 5 2396
30 1 3424
14915786 36 6197
2627 86 3166
4171758 55 5276
560264 96 2367
1 24 6350
6178357 75 8015
527449 21 1084
142304 1 3759
25015782 99 7717
2693943 64 4321
11305629 29 4804
16848599 26 5955
5014104 43 3405
3896065 92 7360
27309530 100 9992
195506 9 3700
33161613 54 9766
2734661 92 4263
778368 92 2870
3262218 28 8451
20818543 63 6376
47073 1 573
8870619 40 7843
9575 77 5711
20591588 1 7037
376304 76 6665
15301797 14 5689
1348595 92 2455
8445803 84 8805
131024 91 956
5499076 93 7604
1068101 34 2820
11314205 76 7717
4793358 12 3413
7906 67 3131
2326 7 5849
794198 54 2762
29090248 88 9334
161409 10 6143
653794 83 1242
61787 89 1728
270309 23 4697
7757885 55 9260
8437 23 923
1198025 33 6496
23029189 10 9263
408339 25 816
2736751 79 3841
3988422 1 8819
10644594 37 7343
5700609 63 8559
16523 53 187
10443742 93 5371
451767 96 940
33877 52 1480
1196936 99 2547
93116 50 1016
935546 1 3947
2208266 22 2092
7247363 100 6954
2170089 23 5149
852 64 262
138724 70 810
22478954 45 8889
18469571 93 8680
117433 71 3953
379301 20 2277
843190 88 2580
2751000 63 5024
1 57 9020
3896721 21 9617
3874 77 84
556113 63 5731
295172 57 5749
26327425 36 7209
10407852 49 4803
11996 89 388
2607075 35 9501
262434 94 1488
68939 68 719
235375 43 7477
8408685 89 4081
4598888 8 5855
276545 73 1953
1158433 21 4139
146 71 3205
29098005 49 9348
51677 100 289
13264216 36 7154
4705309 46 7974
4071894 69 3647
567719 70 2514
7160204 65 7807
32832807 35 8145
24332 23 2279
7346911 39 9400
38281521 52 9947
2400847 61 4134
302724 69 4027
3618182 25 5842
19454884 54 6379
348406 29 1503
361 34 5175
7833749 48 5751
349151 98 2711
1250136 49 8753
687189 2 8677
833924 22 1431
810029 84 3344
5235314 42 7850
34508 43 3604
22713 44 266
7142647 58 5945
22512187 67 9677
148020 21 2282
528057 68 1883
773772 12 4428
25154430 64 7451
12357027 47 9849
2575846 55 9397
2384509 86 5534
1 56 6935
2136279 100 2548
5540046 93 5249
16521590 38 5763
3652958 61 5127
500211 69 7933
368778 85 1531
34404306 34 9989
19635889 11 8561
63676 71 8021
146191 87 2594
1089113 37 9713
103504 59 6716
5077672 61 8147
34689 86 1190
14550634 12 7990
513555 53 1940
341034 10 762
386009 33 2169
7310482 46 4816
10625475 75 8402
1175981 9 4366
425885 75 4110
108141 90 3311
1019443 24 4156
18120202 52 6045
13666262 52 7478
1542595 61 5874
118960 93 490
59017 6 1292
5635001 32 4058
374 53 362
40244370 95 9426
1 43 161
7387157 1 8267
22210457 13 8879
7356361 35 5304
41781039 65 9486
13472 15 5576
2398304 53 8599
131236 53 656
5812219 87 3368
97854 58 5176
1260080 85 2424
16292747 70 5685
4708958 98 3284
21971491 82 9626
44702 22 946
28824 71 3074
282562 88 939
18089272 1 6822
130548 32 1491
4362687 83 9357
120090 72 921
7740939 25 6954
1685635 80 7025
1591573 65 2488
7166041 8 4582
10395553 80 5173
2918 22 553
178819 12 8355
4100539 55 8012
7318837 60 8078
41901424 48 9145
274982 96 718
11819878 80 5583
421687 53 2312
17503321 2 6887
4681258 65 4659
33403893 2 9714
1043610 69 2206
287829 93 1334
17984 91 1230
19439358 18 7810
30804351 12 7893
519411 53 1699
93045 89 4499
10500864 60 8151
282966 66 9806
2469093 46 2625
76355 91 6878
134821 66 4935
18318 44 1743
64231 69 732
8377104 80 4632
24292 7 508
7905810 69 8656
3542800 20 7137
140496 55 2892
3859720 88 2886
284287 82 2043
8674022 92 7299
4972101 32 5612
1656957 7 3369
280651 1 2589
6513197 24 5240
2224729 78 9476
14683 41 469
13802576 58 9527
35437837 58 9804
9427127 42 6383
2027632 39 6824
1545435 85 5688
1054 20 7926
50700 85 8676
1586230 37 8853
55777 92 4462
1487972 52 3894
15474627 99 9600
1 37 3920
8701324 81 9042
2085947 47 3470
3202618 26 9207
8717408 66 8518
3665776 83 9213
3872 55 203
361478 30 1906
6391894 57 3698
7752 92 2510
5310658 70 8884
2993063 16 2757
2801704 66 7278
10715448 78 8560
10126940 15 5550
635855 92 5181
10390663 66 4842
17029335 95 7612
14040336 85 6185
14160280 42 9881
3907 78 4028
131349 88 3655
3833634 28 7179
225110 10 1612
2029858 53 2483
3351750 16 3850
29512735 73 9735
1973388 40 4725
16286676 99 7083
5979 69 383
3633948 66 7686
24539795 67 8178
9130432 18 9552
641287 64 3074
7500490 95 4377
4368815 44 8107
1368911 90 5389
203829 36 6040
135279 2 742
5721215 36 4439
262232 52 3899
11188925 41 8538
253461 18 9912
4687796 85 7524
21178 38 3749
3076968 92 3393
358531 1 8473
17448292 95 6370
26 99 380
3060 47 1514
62792 88 4668
3410279 43 6695
2249741 28 9559
7391010 8 3827
6746 51 52
13882284 37 5934
87625 100 6540
800891 70 1931
1 96 3933
11239927 13 6672
1468708 42 7929
15005429 80 6830
4821844 31 3135
2630803 75 3361
23488273 9 8311
820766 99 6540
237146 76 3652
26280240 57 9403
5005961 14 3640
4053773 87 7702
509241 24 1524
62971 47 6112
18347151 2 8931
100595 55 6170
103306 16 1205
3661401 99 2820
16995 44 6848
1515889 73 3110
438992 94 1209
533 98 3038
7162974 14 5619
295851 24 918
311996 31 6603
1 60 3239
4522040 58 7996
18906469 42 9219
9147799 22 4652
134476 65 3536
11353702 13 6797
1294807 36 2357
3704535 30 4462
131052 21 479
8303349 99 7636
1032046 65 1509
182364 93 8478
348336 25 2535
3648024 99 4584
54569 49 651
42488062 76 9844
11302771 56 6940
4027921 9 7189
1013981 70 4764
11037883 25 8597
123265 36 626
18397394 74 9415
11751554 25 5952
13956634 79 7409
3495716 24 7347
1258976 36 7561
75673 75 750
16554898 33 7477
10832 31 1610
9683740 48 6366
13421881 29 5989
32651750 64 8387
3248402 29 9314
111773 74 1211
3890183 23 4708
16480935 26 9670
4408262 70 3058
135485 4 1506
744665 19 1638
19738707 41 9908
33335628 75 8637
751 24 1667
1 47 714
11849173 98 7648
1 62 172
86000 44 449
17288 45 238
13056331 10 7191
21130 65 4689
3871304 9 8699
3574473 68 4040
12568054 11 5184
16548641 15 9765
32361882 42 8032
4082301 18 4371
38500430 53 8743
1002433 49 1535
1998986 61 3978
8094263 9 3937
11252680 2 9271
1455741 70 2904
19456694 20 7878
1376774 34 8514
2404904 98 5579
136536 3 1021
93041 84 2194
1366764 69 3230
56172 91 4639
39707 89 777
192374 54 1503
1 89 5167
1707756 26 3471
455285 38 6086
1117250 15 5257
175799 12 1418
2033182 89 1971
7437210 69 5812
1 90 5815
20637 24 451
5662871 32 4204
440623 2 1848
13754093 53 8414
2052981 18 3722
1812281 70 6574
5012727 98 9440
38015 55 8513
15027600 34 6800
19882 87 539
1813976 15 5750
48782 47 905
26363360 23 9359
140014 81 2677
164458 70 1221
1823554 33 8858
11691363 70 7698
28022 65 819
763283 6 2030
3118507 47 5529
20144520 95 7902
269 20 8242
313963 61 7583
31336709 36 8444
1083719 47 1953
1 62 2021
2217808 66 6229
28297069 32 7781
6685386 53 7542
1264046 66 5077
222304 72 1401
5185755 62 4449
242992 93 1312
34068159 55 8709
1 92 2765
3120 8 8004
389 35 2942
96716 39 381
610075 78 1945
202541 43 7042
258116 13 2010
96623 1 747
26057362 93 8288
1148474 67 2557
1428 5 597
4775288 69 7313
1 82 2386
92883 31 1600
28681281 64 8032
162572 58 2311
286025 53 9554
867802 92 4970
20184919 37 6745
4300466 97 3837
16103573 49 7569
1 73 1020
3628859 83 4536
19207221 96 9776
6811301 91 9716
20262179 7 8734
9377869 51 4830
17477564 26 9387
7552015 40 5666
268612 89 7978
12170435 6 5015
1631282 89 2522
347569 92 1970
3326267 67 3866
3778137 94 5505
605727 89 1273
13435574 89 8672
22116534 48 8289
19039555 28 7091
741274 56 2334
6712860 12 3646
5928406 42 6702
520534 9 9947
1136859 83 6952
490366 94 8254
19631054 38 9444
9226733 94 5152
11733491 85 9382
179740 37 708
9685720 21 4513
1459800 59 5739
1 98 4395
612701 10 5172
23906039 48 9651
766673 19 1350
2210764 19 4068
10324 65 2298
6763719 10 7887
1 84 8443
66617 12 860
4162503 3 4228
10904942 12 5688
1530369 75 6554
2676 5 3828
388113 75 3676
358956 38 3493
1 84 100
9260841 85 8589
6795054 18 7047
2795519 60 3327
79935 94 315
1534029 55 2281
109174 69 6712
253442 89 6706
19202 9 2964
232974 28 1849
1649499 58 3166
16367819 96 8173
142898 16 2534
1 95 2055
1448519 76 2141
19263550 82 6280
10545868 97 4971
6865545 74 5506
27507474 73 8346
4917200 27 4182
11704268 41 5273
555398 71 5929
2998489 49 8372
45109887 38 9685
49582 77 9391
1938092 64 5469
1993105 59 8333
24710713 57 8351
932310 28 1629
1502560 72 2087
9622 81 3468
1334275 79 2023
11965 43 5574
13117437 95 6481
438733 93 868
2587295 87 3349
33341 66 619
1 12 645
1799034 35 7643
4730 70 801
22970 98 1681
8658108 8 8057
2016639 11 2225
63595 50 2580
168301 17 1972
550 5 165
2597337 8 3023
26664 92 436
30871 12 893
12535738 10 5643
13107129 48 9847
2652052 78 3263
2375758 19 2912
21708922 86 9493
207204 50 3997
3404936 60 4155
502321 16 3310
22524347 38 7294
1 95 3189
961706 83 5077
14530575 73 6143
34339308 10 9854
3254852 49 5013
1226107 29 9456
3550923 42 6443
218 88 1562
1609869 50 6004
817625 26 2419
2981019 14 4492
17221 97 8191
12251209 46 8586
1079903 12 2203
69992 92 371
25365 34 1122
47065719 19 9654
1971845 87 3332
1 61 2679
4436496 78 2993
2927786 20 2614
2812637 69 2380
5538076 93 3769
1516148 18 5542
2862264 15 5808
164983 24 3081
13561979 52 7197
28905 69 3803
36478 28 697
22411902 35 9253
4085783 99 4854
5519046 53 4506
747571 31 2131
61300 64 1587
42309 68 391
5670853 31 8030
1455003 46 6928
3069309 27 4697
2145569 79 7508
111491 69 4287
20817742 8 6699
8272 1 379
60114 89 592
6134716 99 9626
18144071 22 6732
1002423 56 4176
7293799 62 6466
4216422 99 6883
771603 14 1779
781140 75 3403
440215 85 2481
31933133 12 9367
3790683 47 2874
14586501 73 5410
7886584 76 6511
4589344 48 6607
6584491 48 4166
761032 4 7183
7655558 90 5323
317165 29 4660
27612842 57 7423
245834 7 7701
3838468 75 7785
1204215 77 1584
85459 47 1478
15611018 29 5900
5577301 31 8199
66135 58 1144
30712527 93 9109
5615050 42 3584
1445501 21 4507
96151 56 984
348522 9 5633
5410484 93 5041
9648403 32 5453
2349226 67 9963
2448798 12 2249
811913 82 2293
117125 80 804
1116659 1 1755
222166 87 832
196323 49 1349
335006 34 2384
3023377 73 3571
309769 84 3903
658024 29 3360
2676928 12 6946
283613 16 1978
72338 64 3596
432198 18 7015
39303782 72 8792
264197 77 8325
556402 80 3961
12577324 11 6929
2062766 16 8136
5368365 50 5294
3350127 39 3437
371832 55 1241
2773349 57 8104
1980861 54 3243
1680988 65 2754
9493496 63 7529
22203444 14 6673
584628 77 1256
1742391 38 2341
8953661 27 5237
78595 3 1698
812805 96 1910
294293 3 7994
17112248 46 7211
1065657 12 5813
2616874 64 4058
67229 42 378
244825 27 2687
4105908 90 4060
504984 31 2866
8417 86 733
15667 100 2528
13069670 15 5358
1 50 901
226826 73 7795
1241445 6 9208
74861 71 7570
177314 98 1412
908303 52 4075
3551333 42 3716
2940765 61 9239
314100 16 7065
339808 81 1320
1358268 54 6773
2675 43 2150
20 5 754
6655502 60 6422
14079388 55 7134
2233806 92 2300
15172246 13 7742
31715926 89 8635
4726982 72 3578
7419478 88 5741
10883757 61 9474
5591787 15 6072
1 35 4175
16545 36 153
421949 82 958
2002388 33 4721
2667482 27 3708
459108 72 1883
747339 29 3345
71335 23 2759
29940266 70 9800
481803 92 6227
1740882 22 5251
6923371 18 8466
174396 8 4288
22430264 87 9942
175322 86 4577
7928166 63 8066
1470619 22 5692
5457722 81 8148
2726895 13 7330
332704 55 935
7432287 78 4651
7844 42 2243
1791722 44 5105
86531 3 1944
5452383 18 5116
280292 39 2292
1375881 82 2100
2293983 32 5362
852053 60 1301
45147 58 5673
892104 41 3069
38381537 62 9508
14263827 36 8153
344791 57 4400
9036630 23 5746
9640432 60 7474
15382668 80 9704
11033136 23 9144
1745029 78 3097
1468492 50 8930
2789082 6 3455
23430303 48 8394
50611 100 444
5285106 67 7842
4138105 62 3321
38689 68 307
11497354 52 4868
16646 45 365
499103 77 3303
1605979 32 6333
94986 64 3913
1851447 94 3470
62384 17 1129
2232 95 1106
4370189 4 5817
21881001 32 6525
7367878 7 3927
330474 14 1058
324864 15 3216
1370347 95 8076
654038 100 7026
555731 13 5262
45058356 61 9471
23803822 91 7322
5216 36 1447
32727729 10 9598
11448589 66 9069
18258444 44 9018
269834 54 2312
4697426 35 9648
552156 64 5005
17342151 13 6978
160804 27 887
2467640 60 8321
540796 28 3679
536099 80 8328
814996 59 5273
21140524 59 7645
161996 89 638
509920 52 2055
71468 31 2343
3620373 28 3456
13681550 1 6961
35243 5 3986
12621038 11 4952
12761448 14 8350
3454866 80 5470
4020694 93 2949
730093 40 7474
241677 20 3786
377088 53 1623
528703 98 8625
35444776 55 8916
192216 29 2170
11766105 17 5854
4924974 47 9431
28091203 22 9098
131608 10 4075
2104039 75 7160
12893097 62 5177
2961625 62 5771
6680280 93 3743
150622 26 657
1251762 40 2527
4565053 26 6811
1506915 53 5142
315880 60 4663
380153 35 6104
16757467 95 5797
5486336 60 6345
3134056 83 8917
6806820 49 3882
51717 80 8241
41895 8 5977
268089 9 2364
726036 26 2334
52783 59 4724
2098380 92 2037
2959 13 261
18324585 9 6443
16704 100 302
3718449 98 3485
2558286 36 7630
8637001 61 6065
3843010 7 8704
6492870 27 8076
130019 42 1688
11939 90 602
118057 69 8137
11537482 57 6642
313260 78 2436
107943 17 6616
849784 82 4978
426400 1 1860
23220 62 6351
13318438 76 6693
21960809 6 9623
28707 8 2657
1378552 94 3937
14623649 88 7356
6663 34 936
8206087 63 9782
1713321 56 3626
5512796 77 3432
1075008 69 5177
7122820 62 5328
5493795 43 3972
1 93 4375
2749390 73 7507
15204338 31 8361
710979 97 7002
738579 32 4425
1058345 85 4130
35279474 70 9840
958303 95 4731
336306 30 2694
3040784 49 3080
5582048 49 8096
4899303 45 7265
182423 60 1180
35878 64 4877
10842553 100 6108
2166101 26 8964
2413500 95 2494
6857196 51 4892
18702456 50 7049
12640577 13 7792
5751877 95 3958
3663202 4 3020
12660600 77 5936
23158066 62 7636
11622260 5 6771
130210 39 5204
6136727 87 8522
7157844 18 4940
2801067 59 3356
42312527 33 9278
7269990 85 7555
6706544 34 4368
191510 40 3010
1664484 81 3590
9074374 5 4725
29536117 95 8931
10936735 38 5497
13408337 15 8515
10124952 86 9747
146479 33 496
3173570 90 3043
203264 82 4348
12571421 59 7145
20225459 82 8899
1 65 195
32396 17 245
18756878 65 7788
17556005 40 6059
2580232 7 5771
385157 60 2235
26069 45 374
150864 11 5426
18978666 93 7829
17019 22 1819
9492 77 433
962 42 569
11701014 41 9451
1576558 19 4684
121976 65 8424
15159604 45 5438
477563 47 2925
34136069 31 8367
303749 58 4109
988636 3 1988
866019 35 1972
14721146 47 8556
493632 96 3299
59629 69 4340
7484 51 1433
523746 35 9792
4117245 5 6351
14806881 71 9508
135146 84 497
561323 5 1636
12687 87 7079
6485988 55 6824
614814 38 7333
2563824 76 6447
3179841 100 3087
10988534 13 7390
3524456 25 7246
13646001 99 7680
2862671 72 6742
3859442 6 2806
708563 63 7123
4250999 13 4422
55287 37 1812
313870 2 1016
631846 79 1499
11582239 94 6843
1326928 22 9799
17269604 96 6722
13092 2 3651
51897 60 540
38850270 100 9235
1546273 5 5243
2488474 30 6968
178627 72 7669
257752 91 2387
3167 42 103
13535910 60 5480
80197 36 4225
667336 55 2213
925378 88 2110
2989834 84 4595
30094869 49 9293
26163535 18 8390
7316047 73 4523
2661747 28 9045
7675593 24 3910
39747 52 211
8676289 29 6867
5626077 47 3962
1285715 33 2905
1465390 77 1869
33394693 31 8172
8938508 29 7053
17341936 27 7116
930441 40 2949
55021 72 1541
5943471 39 4928
14493 26 7299
2661168 30 4564
823827 52 3165
4505887 53 8719
8178547 25 8681
35161854 61 9633
1485724 81 3210
2152839 11 2378
7000865 68 7985
906972 94 8952
345284 40 1633
336263 43 4289
2043126 78 3540
780212 82 5643
363 39 5156
15124879 63 6495
21756 69 2718
5908963 17 7451
16279271 3 6266
2373829 61 3142
958031 37 1451
6788188 17 8141
32073131 32 8901
1255776 16 2226
598870 56 1570
779568 56 5958
147719 84 1250
797587 49 5276
108942 38 5802
1771991 66 2968
11512330 88 5037
483575 19 1271
13966280 9 8283
37116126 32 9504
6727121 16 5401
2111133 71 9857
4236 79 1726
1 95 134
2053038 8 8092
3939785 5 8612
4987891 54 3619
673542 28 1885
1729306 88 2990
48086758 28 9889
196810 8 643
19702135 38 6409
1 40 416
1575424 10 2777
36069 34 2586
70893 84 4222
10242715 39 9554
4022299 5 2876
66989 3 587
6735327 64 6836
44023044 85 9570
3101801 26 8280
1 40 252
917797 19 8499
149966 81 4218
1198799 98 2637
91464 56 1986
1332854 66 3568
21795433 4 7428
20985 47 4042
400325 44 2642
425087 31 3083
94604 23 6221
1437614 54 8595
4334920 13 3263
305584 18 1493
1375343 28 2364
856892 100 2567
946395 6 5579
2015808 82 4226
404553 48 9426
24026677 68 9857
17245975 84 7417
714493 46 3531
14857729 4 6835
16078 64 3486
5128899 15 4669
2288697 10 2211
588209 40 1321
1 90 1950
8368 31 155
13323982 13 9112
729428 57 1446
10565447 74 5494
2634360 2 3397
7348099 2 9391
28921989 95 9360
1 97 700
3255033 70 3595
71639 24 4934
12435 22 7093
385112 48 7150
136712 42 995
1355602 21 9593
1604985 67 5656
240455 10 1039
9845926 71 9388
4406213 66 7538
13547846 37 7655
16975 92 5285
8886686 24 6976
3048 74 8962
1327282 8 6362
2924205 82 7591
2408043 93 7678
1 85 329
17306279 32 8204
17698250 53 6344
8556073 10 8399
2203644 76 3874
35458 88 3191
31784486 32 8075
782836 78 6654
400663 87 1226
1049908 67 7028
17033010 80 7028
2381179 16 6456
2088453 79 2615
1451532 38 6298
1205167 23 8950
10363539 30 7429
16310047 72 9853
1632177 40 1816
204787 2 685
90839 39 7201
13778241 52 8947
20110950 89 9871
131727 77 1447
3280617 59 8706
3934739 33 5467
25287759 78 7938
2284404 25 2898
2494125 23 4962
12985466 4 5923
1238161 75 1552
6287582 36 8141
9231912 20 4401
839750 73 7261
13535501 84 6910
14690724 58 9935
4603289 37 5248
1661462 79 2249
12715 3 1303
9381057 89 4664
1904863 52 2452
21181 42 545
15466531 78 6515
26814049 84 9218
51886 7 5312
58656 72 8574
88645 35 7480
3801641 50 6497
274489 15 4932
149882 24 1851
4578109 80 4330
613832 43 2691
31516560 26 8664
7170149 11 3912
2886066 59 7602
1254261 32 6846
42603992 17 9381
157909 68 3448
16904173 35 5771
24459997 71 8291
4531738 11 6690
11624162 6 8424
6746499 7 5829
5904696 22 6274
6500752 63 4344
3137779 5 4502
1438694 98 1878
7800542 69 8813
2939949 62 2613
1 3 4118
7340957 74 9763
6596848 80 4050
448813 60 929
9681136 80 6109
2136222 51 2055
9220632 51 7166
455434 23 1567
6270587 14 4174
1613199 85 1875
1287894 36 3328
19259 81 1578
30896177 40 7922
33582 90 7877
27738704 79 7555
6677933 85 6073
2501 20 182
743518 30 1522
2222350 17 9403
37843 72 1570
4715877 79 7367
10153291 82 6616
12568010 92 6432
8458302 47 5755
10675790 100 6175
3014 38 8224
142227 6 4577
99295 76 1766
61486 11 6569
8416304 81 5396
4133662 73 3626
277359 81 2656
3200111 39 2516
441713 88 3536
6859365 88 5212
3147582 8 3072
115148 67 1492
18782299 66 6335
3396115 96 2527
32568 96 2111
12126550 29 5689
13671 53 781
2921869 77 3163
151392 58 1668
259399 100 1996
29048906 92 8145
388331 54 4150
541481 37 8417
276586 53 9373
1148781 89 4985
3772706 92 3060
386066 22 2705
591 80 1515
17529 51 139
5793447 13 5030
68721 80 6740
4390127 23 9918
7287006 94 4927
41755 62 195
1168375 34 2891
8899992 29 4563
12358386 64 5882
130474 97 3638
52033 20 362
13389554 12 5315
4941311 62 5053
23901524 26 9239
3898153 51 3673
190476 58 942
841157 69 2658
567280 90 6367
5202995 73 8004
2851392 31 5262
725 28 782
19297060 61 7667
576714 94 1523
73402 68 4335
1331097 12 3032
848176 20 2842
2426105 85 2125
20657 55 3569
226592 58 3310
17342339 100 9851
1951185 99 7443
762996 20 4798
8540472 33 4310
1897375 82 6360
22080822 83 6689
415310 46 2431
36490692 36 9628
1204609 84 3506
9590856 7 4620
2093885 58 2063
2160064 96 6796
3450 51 64
614063 8 5488
5827670 37 5816
3134000 63 4301
14932406 15 8021
5375716 83 5588
8577602 3 5425
21339038 29 8390
1212058 53 1700
228338 2 1241
20962 74 1381
13208 15 293
14842394 16 9437
1734 8 59
314967 99 1329
2375513 9 3994
1630639 19 4286
175461 40 2290
62616 82 371
12268774 55 6887
6120783 42 4220
5908063 57 8894
4567495 91 7817
201751 15 1037
1 100 747
37702392 15 8665
13648 21 287
6701165 90 7603
206060 78 1603
12210244 8 6654
2768189 93 5119
14693 2 136
22075 13 9610
2406004 89 5881
7967 9 2261
26515128 91 8642
384456 51 3400
2901241 78 6067
66201 5 770
148497 40 524
64164 91 398
322031 16 2238
633726 40 4934
1086412 57 3917
3347202 24 6335
4339583 9 6496
94876 14 4463
13914 58 326
2570843 66 3723
17777439 7 5913
5841098 33 7534
606059 42 2383
40217 21 5106
397387 27 1450
25725685 56 7780
10839720 94 5380
3361639 14 8156
1629282 50 3056
21477247 72 9735
4077 30 154
1132597 55 4379
16132152 55 6570
3786076 6 2869
3848487 43 2849
431 31 315
21868505 84 7137
5366527 76 7892
22475467 2 8065
458599 55 2000
258348 91 863
22236788 83 7478
15499661 89 5854
3705811 61 7720
3847821 77 9553
35601 26 252
11000581 93 5622
2258577 48 6505
21614625 17 7820
1061984 33 9494
339756 91 1583
2157929 42 2297
2642356 37 7017
17586 86 1232
20218992 40 6347
232105 10 2909
2548507 55 3039
1897295 37 4384
49075 22 788
2000369 85 6613
17564550 38 6199
909 77 1784
139080 80 1933
525096 27 6773
20629258 98 7725
97482 32 4785
5197178 57 3163
468283 22 4836
9482780 59 6789
841674 65 1867
7310147 95 9118
147415 3 1738
2338173 35 7253
5397890 74 5651
8677181 38 6482
2805692 56 2926
3348177 4 8595
170600 47 3790
11575236 66 9025
843691 3 2353
4202233 76 7017
3157695 45 7394
3627001 80 8033
29241203 42 9994
10908386 87 5485
1624008 74 6511
92645 70 4356
1 35 803
3380800 73 4520
590041 5 4625
5828382 83 9219
795925 91 2143
6754752 91 5827
11138302 50 5914
12873487 57 5546
2030822 21 6408
18880835 27 7797
112778 96 1146
424906 50 1214
5947737 62 9909
8946596 31 7842
52081 78 1860
3743355 1 8781
912224 9 5975
15461989 73 9391
1643593 33 8552
78756 25 480
31460 16 2185
37533 92 1318
7353 13 48
125268 34 7512
530554 13 1824
1473833 90 5224
6907 61 1706
5486358 8 5032
1254275 46 3331
1941872 23 6842
1526120 43 3201
5754707 24 3749
8136692 49 5955
232 36 199
14580838 64 7976
214985 41 7439
27960361 39 8462
252598 83 839
159127 69 7244
528366 85 7623
39241573 53 9708
3787992 82 6077
13886198 62 5252
779216 9 2006
18857278 26 7179
4052100 86 9463
5761295 83 8098
7694076 26 5582
1179489 64 6192
7996984 39 4984
1861743 65 2142
262803 17 2602
139124 38 1948
278961 70 3238
33004 91 7744
435903 45 2535
1568603 95 3427
12629166 33 5817
4939322 70 6481
8922827 40 6147
9653827 6 7025
17273254 76 7088
45251272 54 9494
6339241 90 4404
330589 93 1733
10122249 66 5419
11259510 99 7468
1253908 23 8533
149982 25 6926
540737 48 9074
1447526 22 4696
13901043 59 5252
9213 23 2887
1503786 55 4449
2050975 6 5121
18182 35 5344
4125 5 1853
1961521 55 2635
413274 26 6023
502353 34 4257
6505112 77 4836
239198 25 3231
1141092 58 4870
1225485 90 9045
3031404 27 8352
1881704 84 2544
1 92 1072
82725 7 2790
11746292 26 4798
23511 71 858
9361 65 271
3940214 32 3831
687325 18 1919
7414790 26 4704
3360718 47 4759
36788 18 832
2029436 38 3822
1 93 4462
4744979 98 9435
2099300 93 2186
2007 9 3450
254192 70 1993
932569 3 2496
2573826 13 4124
1137639 87 6968
2870494 84 3031
746757 9 2752
6564298 69 9896
114574 17 5971
2184238 81 3655
687990 11 2916
1804483 67 6065
3164179 22 6843
7568236 36 8332
1223455 38 5584
90567 4 828
176534 66 7622
42006 97 8677
76137 53 3327
26083454 11 9294
664335 32 7117
10470027 59 7333
3063724 99 7456
47804 52 4894
5347777 23 3586
2871 59 153
5510821 79 3941
5775544 80 3965
8178067 92 4173
127202 5 813
13223992 12 9992
9880298 17 7934
39689109 38 9965
9886069 40 6151
11293651 68 6102
6921 100 1377
157172 54 650
541805 77 3704
8223227 49 5507
546394 62 1988
818999 31 6866
1232924 85 1640
608805 28 4245
8190529 70 4238
6203122 76 8913
61762 95 788
10149780 24 9037
8136 73 169
47021 31 399
493724 46 5784
18917144 50 8184
4454648 38 8588
110127 55 8578
1150035 72 3451
837286 20 1330
2222406 41 5347
23145629 4 7731
20337774 15 8445
17292916 36 8792
836370 21 1388
283406 94 5140
533984 68 6306
273192 3 2982
94115 8 725
28228240 55 9105
545121 99 5848
3468165 88 5214
2620898 66 3675
30936878 86 8985
186928 44 749
1900719 60 4352
1239523 75 5765
25334932 88 7866
1055321 90 2994
3425702 34 4912
7379307 60 8851
6920411 6 7326
279509 42 723
32822 18 8234
282315 96 2665
273040 63 3780
1083379 47 2325
6940844 71 8865
995123 15 8183
103679 59 6300
16931 38 3678
3322734 77 3770
25684945 55 7784
2210771 13 2218
12767886 70 5845
87166 16 347
186006 68 1393
5415104 94 4981
41788 35 3630
324238 66 9596
1080089 19 1610
8126088 24 4172
2681497 78 2473
8647 9 89
748007 36 2809
8816632 93 4915
23 50 2457
3348216 60 4679
11669 58 2941
755722 90 3434
18257093 17 8330
15470801 15 8404
7236339 76 4396
118262 67 7660
768468 30 1307
1812856 19 6761
16860612 42 9929
12470803 64 8756
65173 46 7986
1600348 81 5290
1849100 1 3859
1061123 74 3330
15636 8 755
9616965 14 5180
14386424 75 7887
11797874 94 5252
4324097 42 3384
35122349 13 9242
245575 49 3383
38561275 45 8779
545358 91 1630
4806771 26 5012
775910 56 1577
49724 86 7824
2009224 41 5526
1179792 51 1929
728170 33 5449
3111869 21 5665
1225373 74 5285
399339 41 1841
223621 37 2423
847446 19 2412
3285408 27 3073
4668344 56 3894
29813 23 5003
282174 57 6371
641446 12 1218
2596913 31 3187
32000122 28 9047
12276341 73 5713
921596 19 1579
5257 38 119
24380656 14 7733
28260529 46 7437
9177450 96 9759
7490 80 4305
767794 90 2132
324202 2 8363
2687869 74 9941
431578 1 8887
1106382 6 1505
262343 30 751
3831784 61 3319
1259243 1 1937
2019617 22 2173
33368080 9 9823
46588598 20 9897
30038 48 6665
27015 82 295
44561 85 1506
3065759 44 5257
18068889 62 6671
7948439 44 5644
44493 18 722
205630 50 1124
457181 37 1287
68804 99 330
1 72 1671
25672049 45 8977
5765588 42 9537
86198 3 1400
17759460 26 6370
32054 65 2993
3792788 44 2814
6607 13 1065
15668363 40 7973
2415091 21 5728
2035209 35 2161
2483 23 340
6078351 9 7950
2318186 84 4477
7498370 87 4410
205065 66 1453
26328636 28 7536
2758152 59 2635
849371 87 3120
2535491 75 3668
17222026 28 7576
10593829 56 5740
25886559 28 7599
6928874 56 4073
1465160 69 1690
8738720 71 8902
346102 53 9782
2424 10 944
869335 34 2248
3401389 95 4622
1995163 43 9407
22219753 74 9947
40067410 33 9014
882423 47 3823
1224013 53 8458
985991 2 3170
2281356 43 4939
11549695 95 5243
321705 9 5302
3611264 55 8280
901626 67 8886
15930717 4 9975
374346 50 1713
2569190 57 7423
18373303 50 6588
1250177 45 5738
9983395 37 5653
29590752 89 7992
563332 47 3878
2753412 83 5642
16777 30 8953
85055 70 538
27290248 20 8898
87279 68 2032
1 65 6831
4200024 59 5748
994934 15 7541
9202365 20 4614
69925 62 627
4518805 16 3081
6339990 50 4504
654520 50 2729
479145 88 1409
1190927 57 4789
7516986 40 6700
29673198 66 8923
153685 50 673
16361178 94 9276
4807745 75 7526
4890 40 195
26838 55 2141
9114575 49 7561
7916959 59 4784
13660014 42 7397
203141 56 1030
5106972 89 7765
7105886 99 8396
11007219 11 7299
4971642 20 3201
10983138 92 7916
6433814 52 9245
4574214 47 9033
43272 95 372
1244 78 3006
12072144 13 7361
347230 79 1439
2123271 68 2238
38459 66 853
497215 10 2428
145386 11 808
1095871 57 8384
5297966 36 3601
151132 13 3031
17140 29 3512
4984737 12 3065
1233783 92 5656
2884823 32 4525
2048324 17 8956
7524750 70 6114
6740944 97 8064
2977035 47 8069
267877 27 2942
209711 66 2184
5195909 89 6140
12131736 91 5289
2316424 18 2509
108756 54 4779
4939063 61 8316
6070342 61 6937
340091 78 2424
16490134 90 6818
1 47 389
3816710 90 3150
3240370 46 4239
90881 55 2291
2858 73 7334
4033176 100 5080
17924530 76 9776
8628 31 42
627396 73 1026
117739 66 944
642789 18 2770
13781342 83 6263
445967 21 4291
2804045 44 2737
403549 94 9814
7736720 26 5305
14609298 11 9353
3402567 74 3166
9233252 6 6318
36828 45 349
1150304 14 6505
10216152 84 7955
10756 96 3799
1758198 39 3840
762876 53 2712
9438220 78 4696
11494238 37 5998
443103 36 4546
778240 95 3881
1 63 3578
1846985 6 7856
92630 16 1246
13955338 37 9703
247625 49 2139
623001 75 1029
31331903 82 8880
729980 32 1644
30932615 77 9604
91597 26 889
7178890 54 6494
153778 100 2748
5168097 76 4710
13262 65 882
1278226 39 1608
245009 12 9137
1784 36 233
19599982 58 7392
545153 91 3255
917404 96 7595
25450 46 5018
5518620 41 8633
223383 73 1386
348602 44 2130
112692 17 7201
4815290 76 6926
4903999 68 3906
273650 98 1212
20737859 53 8609
355891 91 1437
224609 59 3942
8075681 51 9871
6720 11 211
1295297 75 2346
28 34 78
3126 1 1706
8725230 21 5913
23846235 1 9881
10570 78 778
3616749 47 2938
2917983 24 2745
9411113 29 7286
1035991 46 2217
6192580 57 4831
13466899 76 5540
12961 30 2437
3253113 3 3196
5858281 27 6644
580930 97 1537
11967498 52 8710
74947 27 6011
1749460 4 5467
20950617 43 6882
5123234 92 3439
4868321 76 4055
1240697 25 4814
244728 94 8276
7772519 82 4223
2396352 49 4558
3051 20 907
2154873 77 2066
4262754 28 7769
120358 95 708
12727544 87 6993
1238745 23 8917
5538653 68 7671
4605227 90 4553
10088 52 347
696206 92 7361
24743529 25 8185
6507244 5 4233
2182777 98 2906
21308976 84 9630
544420 10 2501
6117020 17 8418
847300 12 2211
5279628 48 4968
4028971 85 3433
322138 77 1014
588 53 196
424480 37 7564
2828781 24 9766
189685 71 9771
3123496 54 4435
193293 94 8798
1109923 35 2740
494033 48 2534
11217423 12 6813
28857894 62 7576
5238278 38 8137
486091 26 1764
6789106 13 8591
1171199 40 1684
17882 45 288
1423434 86 2699
997488 45 1408
39221214 74 9696
14567007 88 5693
9487174 17 7389
1264308 98 7006
141689 39 7287
28079054 77 9988
6543382 26 9206
647 14 34
23044075 99 7288
3160894 34 6250
5233099 1 5593
4517743 50 7040
406853 90 4036
5654505 12 7020
41048 8 1217
2375717 18 3118
225146 24 4606
19365303 44 6367
9724005 14 8169
7435292 21 3962
498442 61 9437
16995877 88 8766
22752227 20 7108
1830696 8 3454
1 97 752
19191621 51 8432
1372841 62 7133
178071 78 2460
272420 10 3072
4835 11 12
976894 5 3552
191408 63 4489
704900 13 6738
1087410 34 2018
169069 90 4932
2188311 79 2349
2663744 46 2601
13349362 69 6782
1922656 19 9744
126001 22 1359
2592193 62 4108
1933246 90 2640
5159833 62 4285
11168332 56 8063
531138 33 3373
25242853 69 8744
5504977 91 7125
342170 84 2471
9719331 35 6120
3540771 2 5422
4308442 84 5010
922465 99 9163
18391397 36 8829
34100 75 596
2057201 12 2701
3294757 74 4098
10458389 69 5100
25070 86 1606
3965410 29 4223
6399193 57 7755
1882387 71 6825
1822990 90 8291
1923703 9 9690
875296 22 4265
286429 4 2826
66142 97 3213
4559925 49 3138
36340132 22 9514
232838 82 1519
2615 96 791
8772499 95 5070
20266466 85 6716
17430148 8 9069
10426417 14 9017
5106907 52 9138
80656 57 8596
22866954 82 7596
18264550 64 8289
1495437 24 8502
10432536 51 7357
616353 91 9618
