47611
6366704 62 21910
584048574 4 39702
275135 52 8820
100745949 22 86726
1009388 36 43909
1647551779 25 70890
2205945104 59 78873
270389657 17 92139
1906633979 82 75193
167011799 97 53453
3463506 9 37296
4586837 5 40203
14462798 80 77739
1212767908 31 66095
1774599089 70 97235
74928558 68 19894
121924379 62 47663
619827643 72 59739
3788240 75 12948
1986919329 55 69504
4525227 62 21723
3464472186 93 86721
102288065 82 98620
261191060 79 38636
1324448398 42 74670
111707932 97 46499
33239707 23 10256
48552 81 1461
205115249 47 20753
841347644 4 73700
145656 37 20781
1648787 88 10008
3782107 97 39169
499946928 64 49924
7130453 63 22972
98692634 98 18210
53423526 38 52664
596573676 33 61444
592061204 87 36094
177117805 90 25068
193697165 65 82270
2143076454 48 90226
191071302 17 70218
5945558 56 83002
1275380 89 34342
1596745 11 9094
479639833 57 60345
3054588932 82 96055
3679103383 71 92621
711563438 67 83996
4138346254 24 92477
4974756 17 21630
86290621 83 31795
113101631 45 33541
31083285 91 95939
7889171 49 13273
127644936 52 31622
1387419571 84 99423
744698 60 3294
52125 53 9149
978248 36 4483
593535756 11 96151
1922836736 63 85946
44358606 34 81792
2740947 5 86724
26902780 58 38481
715465786 43 99923
363365 29 7304
2920116959 6 83230
769038063 15 96977
914056750 60 58905
56913817 66 42179
218078162 57 47160
12312523 90 38678
34234435 41 12482
535 35 32900
43364265 7 41662
32254375 75 18510
236209008 15 23648
228989 65 4136
89640505 81 40185
14924379 29 49851
4972861 5 45620
3061868224 44 83233
552971885 51 43629
5573078 43 30666
200916004 35 36388
464915871 52 51311
184870906 5 75842
73299230 13 18645
89510011 70 30631
107408937 77 74130
101647232 72 60730
17174055 93 59666
987801156 13 62492
69566861 3 16855
18351343 67 21472
9789595 37 43604
1420006750 11 99125
116400624 79 74909
30608309 69 67027
4113694 89 13176
1051772852 93 64940
309028233 39 74506
644157880 21 90812
141594550 55 90459
25388512 52 12553
564687087 12 73966
4040796345 38 95309
332825885 88 79411
1865543037 67 90332
12515371 56 5489
35564650 59 27792
467269208 47 66340
398170961 16 57146
2350935059 9 71415
41353211 24 74609
306816573 52 58713
518198848 55 49112
243154317 42 29052
329012914 78 44854
515709 94 25331
8694974 41 12119
406537422 7 84469
37217473 89 23887
1202800944 99 52574
24340856 54 26870
1094808451 83 50086
730262354 91 89388
1294145718 56 54922
35064981 33 49238
92873 7 2828
85870927 83 23368
102000952 62 27595
541449559 97 42440
120596542 18 30040
115856011 91 79016
182329677 95 24257
380833944 82 84878
87946410 77 83707
119766808 16 90854
755503009 23 78142
2433403642 91 84072
27468336 57 16944
5331039 57 52622
5211585 94 37538
103262162 62 25824
1376102886 69 87437
781430911 61 76813
322176994 32 58718
155987690 23 24882
2075700271 97 77763
118380706 26 46215
185126 11 4649
68439329 64 60756
509537262 59 89200
1133902666 5 73113
45765960 9 85193
840874765 77 84254
118888062 73 78452
1876767606 38 63626
4028006 80 79002
821741552 4 88144
107145581 99 36052
14689090 94 28105
2404195 83 11113
2529656 6 3359
84988607 55 21636
76136205 93 44710
244948779 81 40058
5602205 7 74173
776775404 78 75508
752574307 47 45228
17522203 25 53222
5503270 31 7587
49826394 60 12630
949123942 28 81031
2516036531 18 75693
2437125 94 94339
278199182 31 77346
1311260761 59 65159
851463384 72 43300
1109094910 44 89759
102597532 56 15319
1060356 28 76091
63349149 84 14231
147134078 93 34760
2107795908 8 85858
1288379908 32 53997
23794791 44 10918
1377896253 48 66287
518255483 37 46552
4653 55 2085
25755339 14 45193
906684 68 78259
77112320 7 21718
5468751 5 26860
242132859 43 70726
4039580 12 24302
430371618 71 68812
157532 17 71484
1102560306 24 83391
57387392 55 21094
241806 92 3609
3348363611 58 89062
335244338 91 65808
362084644 67 44120
687784 63 24997
315634253 80 40441
621024204 85 98190
1248685146 78 95794
184051888 6 75384
629136786 85 59256
109684732 43 16130
872636163 13 88308
122286240 66 93742
22162370 95 8932
2317105 55 16545
434863421 71 32699
1209190150 6 63734
102209290 81 16604
1221448727 38 61557
908898 94 9136
5216637 95 9963
84844690 28 38715
769724465 75 43383
105591 40 6326
346085644 87 76196
467729067 52 37798
1423226635 53 68842
2169604 57 2170
174800347 59 31452
17294902 31 13485
24775537 2 7136
101030 43 1006
161909157 50 68112
4215282340 36 96386
1039387731 56 78553
16187002 75 9145
393646042 4 38499
62781387 45 56158
186697929 38 27212
35984521 15 9007
109685342 62 39781
616551655 50 48821
7203174 61 7269
112417374 43 17652
86241519 51 36786
87561142 71 15171
186347668 45 22156
7128514 23 6187
745942976 68 60692
2532805604 84 74833
1286044678 14 76915
34262813 12 29671
768435 81 6564
137845202 38 36562
515025 89 90464
15986493 54 6614
1406309484 53 62402
228056120 28 43409
1492567154 49 97316
26999134 92 12415
2779059360 4 97200
2501474 15 30299
181616408 51 25784
61254063 47 53426
2053653128 37 99289
922546 86 7991
816459 68 49177
58817827 41 25249
2103212021 41 93921
463688999 52 80815
835462049 50 43076
670343452 67 39516
38780099 9 32386
1868784357 100 95490
180348 78 23979
177822351 78 44379
81349729 85 46229
799216823 64 81015
165851228 9 22276
246081045 18 50973
162195670 35 25550
1243080038 55 93457
43311809 49 71754
191464719 79 43682
73363856 53 58646
98727296 80 17115
3301840639 92 82472
886517079 89 43009
197199055 51 56523
54644221 32 41256
215430607 43 63686
2946936573 73 85267
522683217 46 90239
2094033296 28 97607
1654338893 14 83107
515927628 86 94372
264914865 60 44957
6221709 54 20602
580567709 28 54460
150330901 6 40031
950965399 69 46129
624239593 79 46405
84241020 38 51400
2105611338 1 68588
4066364359 66 91613
298919836 48 37280
12092534 18 93779
2679145 40 12745
22235157 61 26587
74842276 31 45616
268743604 41 53928
518727 25 4417
603225978 24 74971
625281775 100 74225
89607155 97 57944
716544817 87 61592
2756798434 24 81284
959403118 11 60059
967777877 17 73761
4837674 47 6832
2530835383 16 92323
115925831 86 89664
500620 63 3263
286778987 89 67494
406730684 78 79861
71605784 30 35542
17380271 43 59024
4091770108 28 97820
968567041 83 67321
2420796 64 16356
545025811 27 52657
2288885923 97 93665
1035743790 67 66294
150963240 38 73964
287526965 97 51669
370114888 13 35314
432139129 81 30127
176686822 30 21404
1371290227 16 69977
2968597 89 55990
2079816865 3 92871
47618903 86 57671
90425886 74 13592
49975331 76 97639
13921897 38 27334
40492729 5 64935
2075854996 68 70767
1548925049 78 70444
1584042918 13 83570
1100939931 30 75518
995198916 22 98895
210993 45 4904
304732061 64 69261
2785676784 77 79811
867703203 17 80695
604804735 22 41952
3074453577 73 85460
23314601 90 7004
25619257 93 9340
293771206 38 49918
36276644 83 68282
116925801 85 65753
444870616 86 96871
1161354909 21 64997
316960766 82 25332
3469573505 77 85968
231662549 92 23456
15666140 74 79098
102159841 78 15895
54646941 48 75508
283145 92 10721
42512914 40 13779
1656048 23 12036
142387 84 20496
3956072026 21 98828
50610088 59 30500
590978156 66 71069
78030913 89 33483
634440458 6 88251
2313284652 15 87472
1715291962 76 89682
16700114 59 18179
619246 58 42831
45982850 29 11097
1764333155 15 80055
250772275 89 41248
961106 16 8473
1294907324 90 62086
1076278 5 5586
493955175 29 99412
475601781 70 42201
234014817 13 46105
59835702 71 43114
44003487 1 29868
11979253 64 9394
133595395 81 20502
24193007 73 10857
5262431 54 4863
1529188175 28 70338
2034430841 33 88815
52202168 13 81318
593401569 75 44418
4677733 41 32040
1503090845 96 88179
209611476 76 44148
1707912402 69 65699
5302768 72 14631
446446 81 1102
474736201 24 68385
44622579 61 33846
199906331 19 85169
7849814 4 27899
483390224 53 52120
1006228846 12 72068
297705476 78 32740
502610 4 43974
1640265 80 69454
56468279 30 24111
3566846 14 5403
48047141 96 14920
38884536 73 75641
523091 98 10353
7587798 4 92659
125229 38 80769
976895030 1 96279
524168294 38 74404
1508732463 80 85753
12489031 40 71804
2799265967 23 81043
1479261541 53 58808
3425803368 56 98047
25216000 91 35605
738099731 96 75197
86036267 93 20069
2711190788 20 85180
642979751 24 35965
412464573 6 95421
8810223 46 25841
379495876 24 51051
144379055 68 34168
128490555 99 34912
216778423 35 42265
9630104 86 9115
760417417 45 44104
16730190 81 13678
129004964 19 48248
894204 4 5491
1031964564 28 81196
20861493 97 29791
21918173 36 56941
203060817 70 31172
1575655 97 32913
72096376 22 34174
54561679 25 44126
270389617 38 76697
23359142 65 64699
922073923 93 77903
664627389 44 66001
411162201 88 39887
502288233 42 39415
557555990 93 86169
392067635 31 32396
313625250 91 64685
1125 8 8794
427218640 99 66850
736037946 85 87845
44024261 13 37404
288081134 67 24394
737474938 5 93773
85829722 97 38328
269286330 54 70923
66579346 70 98605
609464363 22 78937
142417469 23 29731
448705878 58 52953
706935533 56 46444
3015081 31 10227
452712422 17 35331
76036484 7 62110
590411015 85 52021
1808157144 81 94082
198451843 79 56819
45906275 83 30472
1170209 90 16357
126413495 48 27626
113318536 100 23059
391402432 28 94602
55133266 31 78748
157054920 7 77101
1089533525 45 52785
171847402 90 29198
27231069 48 89946
2099359 23 56956
432185052 46 31098
4837817116 86 99106
432676 77 75433
874622796 38 82825
263671006 61 72493
381126844 9 37349
27328713 66 70714
577834597 51 50238
139997136 51 23235
2380844052 33 71140
292884161 43 35799
103531821 21 26960
603834010 11 50938
1899912 45 5500
211747231 36 41651
557516145 52 88455
361869321 100 48073
171688443 32 83479
1775915065 94 64729
72037684 32 60002
103032476 88 60464
144069746 81 20261
1507705603 38 72241
31397578 42 18884
1605925611 55 69963
1071870557 71 67426
4592755 72 92012
7666438 55 78369
365903576 87 34527
1069029 48 4984
181001020 80 71140
35727454 87 64172
151003727 9 52042
81484777 65 16580
808942352 53 48358
428562865 95 37429
215304043 10 28399
166607455 69 32567
622062100 47 76455
1842995853 12 97870
233863938 59 70454
421420826 68 55663
251466249 12 33142
492715087 3 56538
643172650 99 52537
98368 77 6586
291794381 93 35748
963 38 29675
212851549 73 54699
831264007 17 72111
6698725 60 49927
83768239 72 44725
711916955 95 42254
418146378 83 43602
798548506 42 57594
1401216799 88 66196
4213821673 95 97798
120769863 92 16031
831341937 29 72473
12916063 16 12375
295913018 4 47738
1838335989 97 65483
975283 57 12288
1144164115 24 69235
124491486 100 16086
830278 13 42644
3632615 24 33780
1505937524 83 66210
37784521 41 76301
1434998 19 2117
41045087 7 69605
321323199 2 36490
1531930 38 28125
716894838 75 49254
524396910 69 81782
42074450 11 92817
99495113 100 31136
2381068071 24 81169
414574624 87 98428
911717138 25 81374
2208068 78 19776
1455751303 99 55490
981329260 81 55897
156066428 43 26141
114045330 21 57089
2148325 97 41274
79678137 14 85182
39932382 64 40528
36888877 6 10941
1228299670 29 82154
8757832 37 5183
160742179 92 81077
3439453 85 2724
49524113 6 48907
12803308 55 18473
88268599 42 13429
823852944 80 56037
31507184 57 10426
95165831 57 23945
978860720 70 94111
220620 35 567
499133730 100 39875
439874628 80 56701
1623162 33 17405
547889662 79 40913
3166051 21 4127
10097504 27 55871
3646267003 33 94311
1266363906 34 53162
274712111 29 62974
310325581 78 27361
15923154 58 5660
9939066 43 5200
19595780 82 46777
1901462621 85 71983
607621 6 60591
173824 35 30068
26887974 76 36956
1490005968 27 62639
580358207 57 49201
11875110 80 5844
6742404 82 30271
20720628 53 8125
142483715 45 19232
338056999 30 93538
1887051 47 6097
236030075 91 80920
695960830 74 94577
144910915 35 24934
175015797 63 56241
977142 84 15588
945216378 83 54587
1050964 48 27391
204546816 33 26341
95181643 8 62042
3249781784 71 91614
177332237 24 19397
229307128 78 40825
2465356672 39 89189
44826597 74 24143
620973085 91 85380
155599526 94 30089
226182243 33 71295
3895007323 80 90744
404181947 74 45579
1 53 6147
2782719 92 22431
1855571513 70 65144
24103285 22 13292
450 6 8433
1103393400 46 48579
22202471 94 91392
22896426 26 34446
2086314798 99 82766
1443069154 46 80444
278904956 14 25293
1720564186 95 91726
12952076 40 15821
846980648 40 78277
2370107812 44 70267
13696756 65 49655
38662010 85 9490
119860711 18 22462
2115873050 81 96492
660997668 30 56394
1468797543 39 64793
75108360 31 15831
29512560 43 20278
178610213 71 20110
654061 89 1050
348382321 33 34603
39668021 100 86614
971397814 43 64841
23146966 47 52811
2660765 94 47413
41945760 77 12034
1061262543 100 96193
28330332 27 7679
456705690 39 33245
401550896 99 43741
433627 35 5918
581884174 63 76582
111090091 94 19715
38190391 64 17921
1362526853 33 66654
4056105904 99 93652
693675560 78 78374
1385592277 79 68577
164734477 76 88895
126407640 96 50914
1124922921 65 69526
191728155 89 57109
1326339887 47 90296
255403509 91 22955
87798133 23 96148
275407604 3 24232
12578302 50 9513
39743612 55 21846
243897481 69 33767
731822937 41 76215
149650635 68 21671
29866560 37 32142
1397119974 13 92796
754667624 16 59434
924710626 89 51525
42739623 18 21119
132730394 71 60956
645173532 69 42974
35328542 80 76853
865863338 14 54851
1849099662 54 89319
146960957 38 46143
67623587 59 34704
4842680 81 5871
2898990423 21 90113
1224287932 98 97598
6743 90 36732
2546460031 27 71453
19745049 2 55817
6477184 84 26998
322119789 60 54974
67114847 85 44345
268928504 3 60074
960249134 13 43988
202338 17 15103
1506554051 60 80921
2606522380 75 76171
3747903073 59 88799
16747069 19 26579
2224641593 12 94638
998176098 88 48890
300626699 69 24664
12495354 9 12120
485708056 1 76690
3612474090 70 99363
729633233 15 49530
1923131222 42 66456
5645330 73 37673
3428599 10 83982
48408854 70 50678
8905644 81 84941
257691360 71 24496
211322072 92 58917
19896661 20 12366
13662379 32 5863
3614938 80 11142
210754807 6 62538
783811263 53 98681
240522863 11 22707
7012186 17 6719
10035171 26 7593
2481382729 17 92031
97014175 6 23741
168571442 43 19353
67018667 6 39541
854783 94 19813
6774114 14 6515
171059256 82 36029
894143395 8 81374
209858554 12 87669
882717031 81 86169
1836361393 37 88066
1810556 70 1819
489633 24 4669
36992579 79 15788
37882367 11 48792
20396194 97 97675
6919401 79 69505
76579720 13 28953
443081555 26 39845
17076307 72 21455
60542466 19 49262
1204352086 22 60112
182543460 9 51612
1511471192 96 61229
60539248 88 25467
3812476 71 6312
1125140237 54 82509
65684015 84 11803
218501332 9 97545
373116774 63 71614
454522715 44 67796
1832505574 34 64191
9676 31 2315
171344564 81 40482
336147544 84 37336
158689928 66 94460
343945531 67 46408
27177000 37 49357
1143945943 92 70702
1735085188 29 84786
187447226 17 29404
1847863245 29 74426
2100663622 5 68548
139395113 57 38758
55452503 94 87781
1902646308 85 63399
6061086 69 20566
29013833 33 13161
1043318847 74 45687
411478575 12 86672
23641063 69 81437
61906445 35 48496
8654135 100 24740
316940290 97 27970
2518749955 81 82356
4524938 14 20424
18633786 26 34373
2572927558 7 76587
198421704 37 94435
58823 98 92051
479326102 46 35913
824861971 2 73631
82854011 63 16677
43558792 70 17694
55730943 73 10615
1204857013 1 94047
24297502 26 12901
13132024 1 65816
408583439 90 44461
184984025 83 25150
55383579 48 33551
149486132 57 57693
704384570 76 43868
39138125 92 74977
1235369 95 47825
128669425 83 19336
82520071 11 67470
189041509 8 81889
1051996222 42 94720
43627 100 97008
1101633334 47 82457
806997009 46 55356
25394811 80 74612
1222746440 77 77786
561348531 66 81629
341108994 46 46570
20697713 35 18559
140210128 94 60558
39033648 26 9353
2307999582 5 77668
6448829 25 6836
3146321 67 8718
1124418169 43 84312
99525122 13 20126
2332184899 90 84559
902222079 29 46958
295944998 56 24621
70873518 87 37641
381933454 7 65383
1103785202 6 47039
121965 91 1782
14603577 59 6562
787391909 89 58828
213259346 32 22230
1815757 37 71925
1808349359 51 96295
467920695 52 70737
98176887 97 80813
473410265 21 35183
38082044 99 64620
349218108 21 47325
888004 88 98582
593837918 51 44808
377057 6 10046
15664147 18 14833
564408235 92 82886
62496096 87 35516
10143656 13 6641
2358806 32 4065
148159415 31 44959
1345792470 44 67546
33081268 59 34081
30329887 5 23263
283707 29 4511
318215370 84 62722
2714420 76 90877
25121651 63 33361
119668052 71 48821
243339514 47 86481
310092955 70 25373
266196246 10 30621
856686644 71 54696
413255109 19 51303
71234803 15 25844
1083999352 33 73480
311352487 72 57036
29857416 2 53020
754553830 78 79826
1037555106 89 67947
231345385 59 37452
1679528387 18 63007
337385786 75 52428
63344827 19 74472
124284 6 2186
2967871247 75 82607
27766575 70 42627
50465052 56 94870
1250488 40 56809
1550332994 17 66713
2155786 23 48327
2825072030 41 93443
1047848470 40 71747
22431897 31 63364
334086666 13 84858
24924 44 573
392112182 95 68548
8881 47 21765
1493387243 61 56722
471614886 25 36694
1622310856 32 73078
88832839 54 93559
27349835 7 32243
154372990 79 23624
1349584637 32 54664
392497 25 1640
2254072627 79 81730
37087895 11 88146
1423671042 30 80078
1468848555 10 74239
85004206 70 93785
1861589884 16 61758
35435246 97 28882
57245400 10 15212
689960138 4 80492
8514569 20 6402
257943801 57 45599
525185905 91 94961
221510064 97 72609
229467 98 1326
136695 16 2092
146132565 5 22093
1521291243 2 91856
1109485478 57 49469
898834559 30 72106
231282583 42 64821
95832112 3 16861
3447533407 98 85412
19406424 14 27066
25097950 82 27759
18835470 86 23172
11651435 7 62267
1003560706 22 84263
571091528 86 52118
678038011 68 83589
1594746425 56 83994
241082943 58 51187
1 85 973
260919471 37 23922
74869249 73 61601
3054121908 70 79770
35055144 89 11172
1080084611 93 96272
1017805 91 27837
301056 9 3444
156110359 69 20773
416470081 19 83967
74406086 98 69973
195542370 20 71529
1982713 25 75653
29206069 8 85181
265250247 72 57053
361970024 80 47491
372733569 2 65363
800009004 67 77417
302220178 92 42568
2339703888 84 73710
7916066 10 88384
223383662 46 34487
212863564 21 98310
2796170877 29 75570
606715037 40 69556
2640083205 35 95793
623574647 83 56077
70923080 13 13020
358284167 51 81867
9713167 68 62952
497125374 11 67474
145052708 42 36792
106851470 34 17523
50245939 8 33745
816397553 27 55485
136173624 96 57182
1181549144 6 72643
2810375 13 7181
1817723689 19 62612
49470126 94 11259
96127555 2 89163
233293220 89 74293
238421615 49 50539
723614672 31 39197
661326619 28 74901
473495721 15 32257
156822841 45 29810
301951311 53 51736
1133356689 37 49201
634119843 29 99233
138432532 19 27764
236087615 51 63060
139298459 28 58758
117761 60 1146
66257634 3 37014
424833161 22 31787
254163 21 1887
3058432739 91 97926
25793401 60 16710
870120 80 25844
91737760 29 24852
17787710 6 28445
85210690 44 20133
1247128 93 2352
113492 35 1079
1959908082 80 66968
1352359718 55 68605
1122152335 81 64616
5073693 52 18639
570280165 1 83023
31668550 57 19374
16570580 23 9727
13802041 68 26737
152051894 77 44815
1825750685 58 95279
2913743407 22 77018
1670842 24 12954
22156847 74 12113
66822689 23 76711
10239209 53 38628
498271637 95 88511
970105548 39 79392
122297 3 11618
431755275 72 51347
91380586 50 96159
2709808 31 57491
3633340538 16 85905
1451196822 95 82094
65805303 5 11855
100922223 34 82448
414116792 3 33560
555984621 29 56622
431556649 7 46980
36139229 93 82185
496082109 50 78081
799116094 26 73557
96335619 23 56358
302720966 53 89879
102111762 94 28360
363424957 99 30793
274648870 38 54964
102016710 10 16617
1369141701 39 68823
2918744 90 2493
63751584 81 11998
1510201537 89 63373
44849349 22 15118
1718829 28 2448
296869138 15 47838
41324162 39 18649
169977 23 16491
728673487 80 45905
557387 1 7502
265665366 42 23923
9380047 30 34943
4267206036 61 97521
267910068 79 40081
15363759 1 47767
2482746691 87 89514
3602114457 31 94772
10524019 86 96159
225336609 96 48811
413793657 22 89043
907824589 86 79572
1897735142 74 70271
40833210 48 9367
119984141 46 33975
54938827 78 95329
57273666 26 53617
503035912 45 47240
586040 68 1295
1174464552 67 78749
8816623 63 4828
688406 4 2047
42309359 67 75538
515346511 20 81039
967151374 89 72842
725347703 19 49264
3025838 68 9422
2913651 45 49826
31774537 39 16206
1819922565 8 84431
2024504419 55 73505
553618124 1 38511
620295129 30 36147
3887657782 74 92283
43206786 24 51048
608890 27 49740
2170451222 62 80398
313871132 50 60678
223099202 14 65992
258847538 15 79812
404122181 98 82282
4144881424 26 96454
343741012 24 57958
90238566 41 28256
1545481461 59 87377
279963742 4 24268
478961995 43 97585
110435228 27 15033
1390822096 11 70398
209087614 63 69827
4133909731 4 92309
16125872 44 86016
145473442 67 22071
3844 78 436
117479589 58 25963
41587123 90 22710
303895431 80 52307
2610876670 25 85402
280289411 34 63069
1400325141 22 76597
473230663 90 56767
302915614 67 69002
24367893 38 41534
791125849 43 39779
8587233 50 36546
364988459 15 60965
790038 58 79050
4130614 41 4158
2309318049 49 99893
2598946084 94 90109
31507984 40 12701
3685982 27 4321
775656874 87 39829
655196806 35 88989
429557553 19 66259
361973483 41 56439
243624523 51 36899
1982993979 54 95855
1860149391 4 83615
65532570 71 13676
1570414823 56 94077
487922026 19 32299
799962583 41 73899
1884766863 98 76359
567690544 2 36219
385249553 52 49240
123031077 82 34359
3160031 44 21262
699880937 85 79018
61466718 47 30651
85360365 13 80532
1889294346 86 84742
1629629033 84 81544
147178645 55 49482
248784611 61 46758
184719305 25 36172
274295513 2 42486
94028334 43 83946
562057659 14 35133
574361379 35 64752
13826990 71 25232
101887400 80 37227
375959064 27 83317
1379039678 84 87582
91524923 84 97122
36585610 28 67723
65896800 43 55190
2536873178 61 99913
323400775 60 36818
19247382 84 17256
858638971 1 55796
186703489 46 95706
31635451 38 32871
304871913 63 87316
1865396636 53 81295
955679 13 6743
188314344 97 25805
644002269 55 68320
1161938514 11 84998
1359406729 55 83585
117833499 46 65242
13066895 21 25343
6398911 89 16843
1261613483 93 65999
12942615 30 25479
601283154 46 78138
114763474 78 32215
75284111 63 38356
1223564026 40 54495
610073641 41 54879
42843111 85 12110
3983665761 57 95118
391899252 67 70865
171435098 10 62971
40892856 93 19520
144503589 77 89456
1289642736 91 51021
1024167022 58 56154
64600055 18 53326
3464322599 9 93992
216733092 30 24798
123487923 17 34082
266433209 70 23995
95976970 17 31081
9058843 96 22540
720545649 4 73966
1738617179 6 68332
206333647 71 35476
14208390 13 7170
784648088 10 59155
1466190932 64 78683
16426436 86 13822
25404 38 1428
858248294 44 72963
484368758 15 59079
585753114 90 54727
2019315981 43 98131
2673138104 4 86368
971193023 63 91670
345938602 69 45692
386000048 34 74030
1806561 43 3659
1393 36 593
21646962 37 30818
144039052 59 79189
2202739 42 13880
5029211 24 57824
159903670 25 23854
4277372 19 26241
5156703 2 41223
82343395 1 74385
4655026 71 24685
9976113 16 8295
319368680 47 57404
37974051 56 57868
1824687929 73 96295
2343130682 73 74811
668189899 35 62740
1306929305 58 85893
828097983 96 93623
457711366 95 45983
601510069 64 40216
119020581 36 32396
44780672 25 28350
57413959 40 16570
681391 31 60884
349794268 38 46328
53911806 86 20407
59734603 19 35275
2163876544 52 99558
1957425102 88 94493
73105035 18 46678
2049178840 9 72020
606573362 91 36539
384632161 80 78049
297454104 33 80931
1040528813 37 85088
261683 84 3449
592343 59 7907
693279658 66 40690
884090644 73 61766
1380591 91 24350
3388078164 67 83906
1124798825 1 65141
285596183 5 23849
554199060 18 98813
19484383 49 46012
66239103 91 16403
2033877734 67 67325
525181164 7 68677
10199314 22 7040
1625674265 5 71828
169031510 49 68713
465603243 59 80174
109742467 75 43431
222181536 73 49052
52832881 8 35048
341686623 45 41530
125519550 80 54599
612157211 63 62016
151761982 36 32151
55592772 29 20948
209857666 34 87544
1109596196 68 73645
8083340 19 32390
950128876 8 85364
1054048423 52 82795
1914068404 78 72804
185254141 17 20251
2660213887 93 83151
180079609 41 37457
908779254 18 78205
423879455 82 72529
430225536 61 40910
127278912 66 49550
1824090417 73 83121
1555239653 33 82522
1126989796 89 71780
169834845 55 36139
206106061 94 23162
87384921 29 43491
23712843 26 23038
350121871 83 73245
2487086523 17 99093
993036917 99 86137
72190878 46 14892
676137604 43 54313
18995463 20 23761
23748298 31 36196
790150258 50 45404
3222831 70 46977
43608903 15 46980
102755473 20 27465
1431144145 28 75348
244874904 81 25184
2900453967 64 90014
107076705 8 41951
944468818 19 48658
183941376 67 65185
10587831 73 18422
77598650 47 85638
263322748 93 53093
88314784 35 15526
1014394826 3 86820
1079469882 45 87446
102788589 7 90986
3440987741 30 93726
81517731 73 17334
76907973 70 65497
503320841 89 66761
1093148989 96 51439
813167 87 8395
157773997 35 47903
694950770 54 62221
268293793 30 79572
381004179 15 43560
70870870 81 68307
1882405260 42 92010
3699433455 57 97636
264398 80 1897
84361 69 3578
208074 20 759
95492800 41 23457
542956107 83 41220
61542619 62 33507
49651173 7 62468
643183171 75 36043
181011472 8 37523
134932874 60 62637
748682398 40 75502
86223175 55 37691
2724516796 55 91725
257062942 20 59440
968115 72 48902
317016554 17 47847
223873962 96 56234
65788063 64 97533
1264875 87 81535
1144182596 46 69246
835097902 40 88211
638524753 78 40624
504728831 82 63114
1276628432 39 61193
2259425899 83 72663
5276407 3 22303
872564886 66 70935
321721337 68 27107
540891833 19 34983
414229495 33 41390
120979221 18 72449
399596478 91 76389
290999077 3 51465
16222286 7 45387
10244161 46 29284
362093818 89 93067
1113078313 72 94966
1028887319 1 49597
6605272 45 10091
2480433001 37 79466
14224556 70 18345
21809983 6 6749
62527613 20 38538
875624017 8 49315
2220736187 42 79448
1598665905 72 84290
124197108 87 73656
219622444 70 31556
3036037708 56 78393
163052016 63 53900
130573369 83 78153
574575902 100 50200
9561684 87 12283
6788900 18 4633
430416143 2 96627
92280 79 3453
1721572 2 48973
51162148 36 14126
8257502 26 28837
308403036 20 31419
1555695846 29 71614
1290277886 70 81000
459554946 49 71716
145611376 40 94894
3960840923 10 91195
294336028 43 48889
1406695392 35 53892
479511 68 12120
16251207 31 11530
1778897643 34 84647
1709699958 20 84946
1495626548 39 76401
1314911725 69 90642
532808251 79 84231
407805595 35 50249
55503387 74 20635
211779081 13 70015
137101109 75 23196
2070091476 59 85279
1821944374 28 84316
6797000 81 4471
6407787 68 39596
79693107 99 66842
474853565 13 42064
54410867 37 32249
1622778 36 10514
594067582 84 95744
582662909 95 62893
4054361 90 10791
17854175 73 60848
222343 28 6741
3891699 23 38830
11772026 96 16184
978542885 16 50980
146942864 98 24477
479804497 100 87449
535789374 30 38398
129973722 52 28077
16869209 49 44182
9713395 57 8305
14380062 46 91942
7282031 14 62850
3483206477 64 97030
1058843970 51 80472
18958641 53 6792
580508860 27 34647
4015218516 32 93370
44171913 59 17869
402927 50 2216
3572607 51 11279
881267 37 1979
5013450 84 59495
3022405924 29 81330
328453135 29 31334
84039056 80 16589
6806162 92 6955
1408562183 100 61441
939991884 25 45996
1399537453 81 54694
24176429 26 12344
2604326120 77 82202
410538755 68 71442
96126158 51 89424
3375494486 67 90170
1695620 93 11379
1916310585 40 71756
324774 16 9889
13632372 18 30226
201640975 8 54151
2147709227 56 86271
6291461 34 15167
799050823 90 79825
153234769 27 68792
921880888 1 46835
411445638 23 52088
1 78 69117
1491036 43 13796
85764311 85 25917
296736127 1 82643
1959618446 75 87254
449072185 6 46546
185027837 9 46479
11565207 39 51616
5451800 59 11990
183658875 12 58944
275643101 2 34272
1177678168 90 75067
2476069 90 45173
6488702 86 85146
2846538 76 5352
1 63 39384
270448686 67 69099
2185106247 44 97118
1016082209 81 68193
1513495 39 1647
708752210 69 88707
201255348 8 27432
115204382 30 46015
75893335 17 27640
928237360 11 66779
10822594 1 9827
1868540232 75 98848
2067704734 68 85745
1398236745 70 71378
40912376 17 62940
311182591 96 27484
674947745 25 53843
3398188 36 67082
320878589 61 48928
989520636 41 65226
97054482 91 38091
201505 78 3785
1024215333 43 48829
2379928775 11 85044
414810545 39 64930
1168046995 9 49043
383259185 29 47458
1534429927 98 84952
60696883 87 26932
1867882435 5 86172
217080415 65 97006
1374115513 37 53264
2401560841 46 76529
233132 10 69578
3118303190 2 88956
806523563 95 60144
3621069517 45 91471
1126927375 77 90424
26529303 29 8472
379164016 18 47065
420070665 22 85474
622068 84 7051
17199371 78 35138
776867299 96 69987
791622400 35 43470
1398680735 70 65811
1345957877 55 82999
81340983 48 13575
954603065 80 61189
19372546 94 80977
426519781 73 41411
16961435 32 62486
1076797337 97 78854
583441654 19 47426
2069287497 31 89070
97049887 38 23698
67003298 74 84190
2441346 41 2749
435701825 40 57015
22691040 48 16095
380624189 52 39543
807947536 26 46341
214108144 94 75086
5432123 73 65866
656058193 40 78752
248219680 35 61959
423733790 38 71407
26322913 29 18533
1029283286 84 46708
51365934 98 10953
83803248 77 98459
1023923098 16 54371
52921132 45 18239
41897394 34 33065
3120533126 85 85396
3001243742 18 91806
1426475921 99 66893
1317026449 69 57055
525355977 53 34909
135224538 75 88282
1374713327 38 60451
2607857 12 7645
91059679 98 23173
763389362 37 68686
2135640 63 17815
4761089 17 13515
844424512 7 70831
148443363 70 17160
879472636 100 62806
89138791 60 78972
448827714 46 68398
418758081 81 54968
48326401 46 16164
2731061593 73 90929
75719360 66 52976
827812594 17 41928
964662935 80 52053
716468065 21 51834
1110585540 6 82196
530102732 84 56428
2967834877 55 94192
318458004 5 38911
507444605 79 42451
23979631 1 35845
180220991 2 31304
570956140 59 65406
224738002 94 31088
658116414 88 45701
427276220 84 33053
18813197 21 71967
472340762 29 59572
517350491 92 32356
214960939 72 36019
3210670 79 94885
134408662 95 40960
254495 64 32230
14984732 75 8599
30096974 51 60928
642676993 74 67783
564928758 15 44178
997792605 72 71450
1834095719 56 79680
482458018 88 74127
7045961 11 76427
322710795 21 35849
353428452 79 53521
742741471 1 45164
309302 50 23610
2934248646 11 88137
847595344 99 43748
314013865 53 86433
569689814 72 38359
1721241358 27 92808
691183366 97 43876
452129499 71 53636
8076441 19 70301
4171649 37 25936
1570931857 59 97234
117438838 86 65601
12548284 92 23909
7526115 25 10082
222754017 26 68593
499618341 98 62730
130023506 95 80759
277270214 47 34447
63167815 69 33757
116933539 4 26537
768765 6 4369
943932572 63 62956
1573825429 56 63551
323143036 26 31501
2904975052 38 87393
576623183 9 35557
93497925 79 16902
1212001260 52 52321
178596799 54 25437
3585248816 40 98772
1801092 44 9556
2431909417 19 88816
623463603 7 99895
2159876 30 39100
12716808 14 6700
196954089 9 98695
666150748 19 82017
29499117 90 16159
11692325 25 19350
2772275725 11 74463
6984580 94 34483
2615966 32 2636
335483891 55 62119
227367295 59 89893
1249843101 94 52816
3451248988 8 90997
45075 24 232
341110258 2 75112
26451907 71 14646
4552 81 559
869542257 37 45774
1016767109 85 45747
90596455 77 97207
420253778 52 60658
1801771 89 2136
17624535 59 27531
142576722 11 69597
1578696603 53 77875
395778831 53 56370
101850140 49 30512
418725527 89 52151
447062583 59 86440
2796071347 90 88919
62642971 62 71568
627432260 79 37583
25462414 11 7124
1644458 29 4332
24570092 89 69848
2861818 39 71401
2891288547 83 86263
76012534 47 16194
170138197 54 60012
125021805 16 82560
531851934 99 46032
76670710 60 23584
6232 58 12395
169758106 35 74895
1124762062 79 57001
1685065113 5 77323
2641531927 39 81719
4086345860 89 98839
186149715 95 25736
444752725 20 31255
121057286 77 66577
805168233 56 90205
793426766 64 78410
236536975 35 39043
234140400 31 49225
13733976 6 92618
1161872275 98 49366
640352578 94 65073
90685503 19 15132
3554888 39 16688
16944708 73 12996
1043056705 74 71948
233909515 40 70526
106498279 46 28163
471723568 23 48430
84614562 43 20178
78182966 100 20199
9136193 80 18991
4105742567 95 92862
240148528 45 35914
644376633 30 58174
46326613 71 62717
171765908 68 37068
1419113715 31 58735
262596599 37 30777
21270201 70 38314
2002353883 1 71135
158877496 46 46626
571525524 42 49043
924272811 55 55711
123723453 64 94950
380131596 16 61581
1052136651 90 54534
1252723105 39 94002
1085997742 8 73881
689588861 7 51395
95198196 11 51624
85002226 35 34945
675350648 20 88064
30213569 17 10847
4172437 21 57227
51374109 25 23990
753738 88 2406
38378218 41 45868
4513562 88 67141
724571278 79 45945
18357163 26 11592
1328099383 37 58623
143067159 2 35969
21106783 9 16065
2758327061 64 85589
138415257 12 39580
86426121 50 20333
134368610 32 21268
913883507 64 73712
355203846 82 38771
1970792 18 73481
2612613191 40 98546
1520045989 92 73570
3112033811 86 88668
21316512 44 7443
38136049 84 41894
1598221025 92 78572
297306088 14 85375
171001130 6 27735
28594823 62 12054
60114180 64 99545
199375982 46 45904
291439427 8 29333
463256 15 5361
1887550023 100 93473
1374616 10 4172
245406387 51 30358
98642674 59 18760
1040504595 95 54937
46052090 84 11041
515289627 75 67700
1253574802 6 65863
47099418 51 65005
36433884 86 10393
275579202 41 63411
103389340 47 28516
123430 97 827
881293970 55 43221
32903109 88 10934
87842321 13 25009
2738784755 31 79550
3812315357 58 91340
881592980 76 60476
33804557 73 95499
231922 39 849
1076958 81 2629
891299207 34 93481
59581541 72 22769
188416954 27 38239
49342513 96 20724
2253389337 77 84672
132883 76 806
141908 86 51016
2462224 75 15366
1158889689 70 49589
4569945780 42 95572
355826113 61 42015
1104470609 7 59111
6911402 7 30949
815015908 6 47827
930931905 40 68070
891101374 17 65893
1335578616 15 72803
428423705 86 40582
8077697 75 21829
222281 46 53356
2514416 19 34509
1015843390 86 73551
1769812875 14 76888
36171 66 1896
464353067 80 57072
32724055 94 76868
164375225 33 78447
923199763 86 63274
5997042 100 22944
1010486995 33 74784
2462457811 87 88109
26712602 91 11863
163549516 20 74350
181888666 76 99795
522065769 6 50452
68432916 19 52088
2948533811 34 80680
64955270 34 38277
4563879 1 23592
4374759 21 3853
303771739 68 54347
383963662 42 86514
627055435 85 52321
273471626 47 27621
35144731 66 31952
482981259 6 89498
65048083 33 41477
1350148270 54 63729
506281981 28 82332
97488013 97 72497
2620358 2 25144
2335285936 75 93391
94594259 73 25517
23727799 3 25578
1749139739 14 81723
1 84 3449
311302417 12 30014
62009402 19 38940
11205 56 2228
299351245 89 34969
261821724 61 47983
3165001 93 91102
4515470282 99 95483
365915128 79 27763
174635603 15 30801
1476833947 51 63015
1482374940 4 60583
26858394 74 35803
468222700 68 75732
1017440987 24 62398
1298528 2 65214
102585148 7 14681
2793048669 40 93008
222990307 24 61236
23942516 2 59824
309736652 58 47183
593241902 96 63800
9224273 44 12542
32665278 79 34226
779646936 33 55550
45677 10 508
536974985 59 97886
4236160719 86 96286
75811909 19 58890
774319509 8 80605
921251807 39 61221
168662422 67 41415
695649626 54 68620
2034615161 21 86947
847893920 93 59605
390020640 13 46783
27735418 28 18894
207991358 73 55468
2934051397 97 98751
77320472 51 40300
14364034 26 8226
17489 4 150
300806406 73 40748
172688394 100 97701
298858247 69 30769
25073547 84 46375
286348718 84 73043
481673801 16 47179
59744442 37 16545
1173453316 50 92856
18865897 47 7228
1 80 23158
1213895147 10 54458
17999610 21 21874
585829318 13 60490
14251747 94 66833
794005222 19 71962
80324241 87 83848
460021415 43 53033
151882964 86 36573
410967761 61 86733
6650686 94 73018
29620267 74 8910
42815730 82 14698
6288258 76 98301
214204186 87 29401
18015530 97 11290
377243212 50 88552
3338301548 58 91608
669471956 78 91731
413605265 18 58129
184872253 64 38998
14366903 23 16840
8357234 17 44652
1945389536 39 73512
191058257 80 88713
242002153 37 26859
645041432 96 60314
5330074 25 9806
918287043 42 67695
2220856832 91 81670
923412572 94 96439
1336357 74 82979
1012338389 75 65621
3974261 28 9152
136002995 88 40052
36168837 28 45718
1101838 8 28736
48260245 78 66535
555375975 46 63806
57755420 83 12628
11322723 9 5073
102418677 84 78563
803561415 3 85145
83908758 87 40616
996825837 74 45200
10749877 5 15410
198012559 68 55254
1440172359 15 87150
1030487115 60 85186
643839 93 6651
13364379 97 56836
1092175228 81 57772
1456412071 72 88700
556390059 58 49105
4083634 56 30445
13588 67 11452
11226395 3 12694
252180993 57 55698
550370 39 91792
788812 11 6004
2129637162 87 91920
5005807 55 50746
1321008748 71 58607
527602638 74 37796
45092174 64 47977
307850953 48 37338
447628962 4 32097
1257702558 42 52001
557496 37 19926
83766717 3 66069
1515613502 91 70355
9340406 81 85690
5367042 38 4298
991120570 87 98823
3384266504 33 84664
1331242806 67 61072
983775822 52 83523
472175622 17 36050
683436029 44 42039
3235733 22 4875
186464023 5 93440
688350483 61 87403
254300675 52 53520
801939878 68 75387
160460181 93 77564
1905216012 99 66333
278286087 4 84654
484978779 22 42943
367596462 1 31568
61232645 1 79547
450400953 100 47464
508255785 3 33703
62598222 33 19773
20771523 68 44043
131302000 8 33515
16795157 25 10296
31310046 15 36492
785728431 9 89023
3225201 91 28238
21779662 73 26168
208831295 18 37891
60251321 32 97376
4042596151 100 93300
643524451 27 36419
908936097 21 44702
750005490 47 83967
152870072 18 42705
1202009478 46 94823
442037279 41 39444
42753237 66 12110
1294457520 27 62468
64197 57 87396
322052847 33 60055
753055739 82 84443
35700189 81 14198
35738537 59 62261
1935823659 83 89087
54975848 51 14752
56543352 66 32553
236484812 12 77064
32425241 81 27958
2745174 34 93566
125131784 46 30085
144096211 74 49153
1034980954 1 85024
750344112 44 88012
24041711 37 13944
48830261 25 38463
2479205983 2 74544
1541548916 42 70726
668671245 9 97205
1772537981 91 68671
292557929 17 65198
210475735 55 35958
1429821213 65 76211
1393120 43 1595
114228084 35 18751
322408602 19 47879
26818598 32 82218
8863572 70 18290
520878536 21 95627
138129115 46 30735
243597134 8 54827
102858173 56 26995
53584531 99 10355
143166 58 509
59032098 45 12312
2964309018 33 90384
17322608 88 14788
392286789 67 48716
935872753 23 45585
189570293 62 24322
1775456948 70 69206
1166435426 24 68218
150174578 53 51871
1451591911 92 57273
45560905 92 14510
57962 87 365
1570992 5 10777
18658026 56 72641
52757003 23 34725
651983250 87 47376
4968 17 44111
98230662 96 64021
197987807 30 49993
87411017 87 36672
126896293 72 23064
631673004 59 61505
107620316 49 65422
396503877 4 46689
55562911 6 19399
1320326823 47 61288
43203966 68 13569
27762268 91 51572
130105 90 586
840902833 83 74904
838757367 10 66916
409668207 86 86710
1031551702 94 52703
50675614 11 24347
24945942 95 66213
342559 92 25129
203790568 17 35523
1227423219 98 72472
793206844 50 41319
116978936 18 16163
806036641 7 75669
9231201 75 32371
1578992082 42 73758
30981240 16 48523
1 66 307
1395703 28 19208
1137666 59 13138
576491714 33 66340
900504470 38 92624
30406 80 6533
2139410766 13 92534
559567354 25 36065
110200935 43 94339
1492029330 7 58284
96635155 70 41654
137759067 34 59798
9129108 98 21459
156344565 63 18401
76516682 18 15223
67831 58 443
2180186388 67 89283
54889774 92 66896
376204910 85 68610
5428217 82 22220
28404190 55 15506
1938665899 24 87273
2347586 53 12641
1492231930 82 95124
3160271 6 3080
691976705 61 54186
144422377 49 17850
974590926 68 74369
199652163 48 38506
792878493 39 44923
89420906 16 38021
85827447 89 27026
499083 62 17819
1475290889 57 72832
3962184 85 93952
13649 35 80002
139789251 1 62944
17959601 79 8045
91928966 3 28346
18019795 20 15781
173587576 42 94830
1674518075 33 76290
15617649 67 12283
2253168743 96 93326
1384884527 61 65921
670463950 79 74371
51833058 7 12376
99994978 89 60883
1398177729 43 98829
2854916859 26 99811
425878746 79 32049
590245917 61 35131
598908880 37 44900
710956598 60 73308
5599312 95 46904
642222844 20 70356
1188614658 58 76587
684627 48 18422
4595835 80 54094
1411659499 3 66766
125571715 70 78455
1001908170 96 95719
394477557 48 54095
4561277 7 47048
298684730 20 27467
482899635 37 49053
2228553 96 3375
1156207587 32 63709
164013308 94 49818
133307117 61 79526
849803188 22 47194
1505720858 26 59159
1583028092 81 95853
220564610 69 21209
22485894 56 7097
20613 99 966
977335203 32 66206
503966151 61 76894
4603714 38 9287
3313729 65 54814
155702527 16 19263
54163509 21 99116
119380717 44 33619
135049956 97 42587
720770061 85 51323
2644650472 3 91786
1702808339 47 89124
1084050407 89 58394
124946914 32 57428
2252175561 28 90288
2457597223 33 79095
655333985 19 51125
11487502 56 92177
2150392 20 14658
7235947 79 5868
162305167 15 90098
245384080 32 23690
586833418 99 93333
5700195 50 3444
923124222 44 60177
112640355 14 50523
47363055 29 48294
450863350 37 83990
640059384 3 71961
668264 58 4572
2409052850 2 97517
2042117682 46 81544
136774496 76 30811
128343 63 20707
390541893 6 66003
77575122 82 19680
58975330 99 25138
3016800301 62 80667
359648972 85 60485
3929850 48 12030
52560687 1 10958
67318372 4 41823
2822872207 32 97385
2415009838 91 96135
592908762 5 60592
14724754 70 24557
11625452 88 32740
1910557 22 8040
1237288117 14 75496
907772 12 21229
646498499 20 49439
21097634 8 21381
144880510 69 33286
123941520 2 17425
1341384941 75 52786
755491651 94 72549
108768452 53 53419
459199 32 28303
2752144091 88 87718
12659047 86 92785
1207603242 39 63468
144850 90 5572
3522938751 23 94617
47198235 93 42345
83047258 92 35693
221802771 57 30463
1378352454 68 63341
979170644 92 62431
731150636 36 60407
2481879394 26 99213
82332228 5 78242
911709111 13 98514
724764174 58 76763
3410447237 32 84953
92049042 70 45377
53155270 62 31645
284134033 36 41386
2304835169 14 99363
147730644 1 50449
4796147 77 8134
19669469 61 15555
607696488 88 37135
104344809 94 39649
709378525 100 39605
1 58 2661
2575047807 49 78711
22795340 61 25673
318338083 88 77552
19813444 18 35425
2847751742 37 86698
242281037 42 30427
1987976463 99 84864
20542 35 1520
975217623 21 48785
4283726737 83 92911
6302872 80 12935
2384404310 18 99978
11095929 84 61945
6082964 41 31717
976320450 63 55244
132019 19 23234
3517300260 20 99594
485153379 77 37722
3551391 73 15539
26808053 6 33855
591899 69 7634
4076590 98 4448
200643233 85 25931
324491226 26 59106
716372931 70 40649
4473690 48 50474
60640188 20 56939
99402 96 70327
93548649 29 14151
84728876 79 17178
46410559 54 12204
16218326 43 57654
412852021 11 92233
1744410 89 32337
7620377 82 12871
4831051320 77 98320
71276499 3 25647
73859974 29 13182
1056454649 24 69766
3355308865 86 87398
475033058 95 76715
215686656 49 49265
4036765 42 5573
709732541 65 75595
65553 93 447
1253095343 27 80678
2559108329 60 90497
1170981 23 5307
103367742 3 31477
130008081 99 84537
2882858827 28 85084
383899294 87 53554
145179142 54 33033
6024321 1 32812
178567748 25 79379
134358911 36 45883
1087518098 10 60074
83909261 91 82033
14218873 16 6720
707050670 41 68428
414212682 98 77994
3464605 15 41365
256802911 81 48691
934128622 70 49280
1164317586 98 94227
36104999 56 92976
972229 10 82012
35105 39 300
51105615 51 61497
1251127 96 8739
152802017 54 61900
1594546399 27 96291
2727070 13 57177
296252415 71 31735
6633163 72 3778
46919972 80 47177
923563110 73 70384
2476086064 92 82918
955185931 50 94032
453182703 40 45413
91459611 77 74323
4844788 41 16358
179298296 79 70461
15604171 47 85353
639247219 95 63798
96221230 2 77353
277916604 68 40255
1460796 95 17170
845136 3 57676
936710252 51 68240
280375931 18 43981
370617603 2 44414
146308408 20 50519
45170797 98 27231
1118134207 22 58037
1376138703 81 54519
972952371 99 55126
98421 98 22321
8314777 2 45137
10089054 90 13394
13754546 25 81275
55715449 45 29805
14750232 45 35879
41336628 90 19161
773982478 50 62558
2433968 92 24867
187207467 75 82403
114616350 6 48424
282030041 17 28079
1183852350 17 55640
2179218368 79 77521
55005820 13 10779
552390 45 21137
421504995 70 54415
77784119 88 20874
556948351 18 41645
7215 60 10531
30320643 18 7778
449609720 37 70557
2499538594 71 91949
18286523 68 6417
244208327 100 72494
6966081 30 49310
55365286 62 17983
1265231171 4 79697
22390046 44 40112
1688074476 15 85122
3153563694 17 88186
82419104 58 27954
194864797 5 99066
168763 69 43561
31327452 63 46800
282563223 42 51268
694674742 45 86585
10879108 24 5859
139450714 8 52812
306788062 3 75836
187152748 98 98088
43934892 55 14397
476359547 86 37942
30598358 54 44420
5380669 72 34142
2475841 56 25989
202416290 12 33118
293208098 60 92908
304229 10 25637
3826929953 82 98932
95084774 39 67692
12686817 89 14211
647224 55 2534
371512006 13 68176
24319341 83 64484
61071044 20 42150
42557087 13 27451
828132019 14 75654
5470093 98 62441
1380936806 40 94008
3235401735 31 99944
789172343 77 85115
32937159 94 56777
144092393 25 17178
72835180 8 71940
619311137 76 94906
1536798972 40 86598
366534595 23 81481
324545569 5 96349
724344705 96 43666
20808892 92 6615
1060677709 18 84320
1234092431 1 87232
28957828 38 12177
167818093 10 25544
1264112 71 11742
113796043 38 21163
1488132006 38 71454
127837138 11 15981
278199649 7 60200
215066593 3 30161
13330130 55 64781
1038921644 41 98614
14191193 90 57585
115866031 59 19178
138267 19 7341
34107935 64 12897
832677815 65 74752
356819477 93 42238
679690268 3 41196
129200289 63 21984
5950046 17 13149
75724623 26 28100
95047121 99 26270
5829306 30 18583
11901720 71 28542
39521765 21 92428
1040388151 80 69416
1203455245 57 57565
87739288 93 73538
14926547 89 87837
24473137 24 41468
279253879 5 67266
803453 94 2281
111827 10 6326
24521786 57 43447
493450 4 2770
593740988 64 67578
753292453 38 67182
87960709 69 31594
72118760 16 29281
1348221835 80 61111
288866 38 784
2271136818 2 70853
92676429 42 43540
81297330 36 15699
40956057 92 12261
308248978 29 57937
105837186 89 32696
75623135 11 77572
135957848 45 19077
140132843 11 49940
1475030537 36 82741
478157310 17 70306
1577468652 41 61682
9696192 93 9071
449381888 78 38438
214514658 52 87490
233093220 25 21806
1703918589 25 79035
598762 43 36671
1200248809 33 74229
316798273 48 84707
390837572 54 64260
192326595 44 56950
1045170841 98 68576
10658399 86 11630
55843392 38 40647
53442131 93 31911
185619749 57 81171
1169503407 83 88210
7785140 62 49688
1168609324 23 58077
188093826 86 21291
1176196997 34 84509
178947 86 68362
1549279 72 2891
434415859 80 30255
72180217 27 93170
110871716 89 70645
1598801125 99 72793
975951132 66 49363
24037722 11 15716
476140848 86 36286
4543631453 44 96320
180196986 17 24046
183968211 32 29605
186646064 50 87486
44463587 18 19305
3649501 14 14636
183269892 86 93948
11837208 11 8895
2461642 23 16700
1656996658 25 67204
10277718 56 25961
284250696 28 41031
1554319119 64 65490
919185222 92 49491
3115541926 19 96962
79503112 12 43245
3808477 74 16193
207594704 54 33627
48418931 61 30532
3532864541 35 88504
134847561 68 25046
30468303 87 20009
1894616 10 30194
305219541 39 44151
39791178 3 11318
892950397 83 54579
480754590 44 36717
103212449 69 16372
77311842 42 13360
25624150 16 11253
403646 87 1178
1480285646 96 88796
7382613 20 85320
1363521267 62 83186
1172291563 21 79271
809610336 83 86110
3263020610 38 92729
10167576 12 14603
42559077 80 38066
2896197403 25 86701
342293741 66 62425
2002952814 46 66344
424385274 47 32179
868162353 11 43696
712234654 33 48189
16634283 40 7244
28511902 99 25389
173223111 4 84387
15177 87 3030
432011382 63 42304
33705331 13 62440
798631438 81 70471
11876264 88 8072
34279903 66 10599
35619951 47 80173
48056132 22 82835
815984610 91 70539
731003 88 41276
7160630 56 14595
984734184 30 45835
1849510467 63 62104
3299732 85 7154
200864295 14 29409
3836190 36 4741
1 80 1593
37584025 12 27049
1567587497 48 58805
1109688689 41 58988
567167872 48 56565
608279056 26 93978
1705362161 90 59007
42580710 51 10023
99850459 35 95884
327066068 71 29800
16820034 86 43975
407729 67 5753
1015892743 78 78647
1736715822 47 96999
518071320 40 79946
1599300 60 11257
36285804 27 54993
15504047 14 82917
3058116556 51 81641
31810047 76 22318
111012835 19 88182
2067548203 72 93306
804599161 69 74986
885920830 81 66743
2021802595 61 76471
10265137 20 9796
46245816 71 19766
1484350429 75 90096
467947334 58 82050
51719621 43 56181
493010691 22 42889
245468492 16 95678
510113316 8 79362
41129185 99 83420
491097 3 39632
840672 38 2117
1106357418 44 76080
90260598 47 25520
14749029 1 58220
268063552 6 55494
1044361657 19 90822
797286896 18 61111
27945024 95 13389
77014 96 87808
723080890 48 38845
130755133 66 63531
261991158 7 27834
1300754961 49 53214
108955 21 9221
712254128 42 37706
1222283436 1 75966
200468599 56 67181
57203161 89 17894
1599021574 99 98728
799054 37 12863
5862069 42 6100
2716068254 65 98205
67209573 11 50584
4081747 28 3518
1408043881 49 89917
289317536 99 76196
401658469 9 32915
64150902 11 30194
1442686330 35 92214
78795981 98 17020
1588691023 67 57368
15717409 11 23516
877730756 98 46444
30053506 56 48609
13494130 2 8770
959094726 29 44915
682323121 59 46341
1614952426 90 90173
6150594 28 83801
1046095300 56 69031
4854702 61 3448
103688015 2 84064
1013155755 93 72422
100834783 48 33546
2788675975 15 94935
71393639 46 56562
1847251382 79 74274
170553876 29 22591
3976661306 8 91242
141587282 15 85356
1091961861 89 56236
121940955 78 33247
155349146 11 26962
2327724323 34 75964
14415 18 273
1701373 1 6835
20150190 95 9598
1657040224 59 93892
246619080 23 29631
126466311 95 59384
187529746 8 90101
4451462 31 3395
8734763 95 7640
264325278 69 47947
493291309 84 52567
209305444 73 33846
680435262 94 93038
132448247 63 86317
62908551 56 91708
44238882 42 87484
115514625 45 17610
2865361599 21 87784
236597767 44 43111
501089983 89 68814
306938857 23 31378
2775732142 49 87873
236542043 95 55466
758392022 98 51809
84735123 35 36963
1189363474 13 57211
508245 62 1062
128044899 14 47972
349906032 11 63318
2002292018 43 95276
3943571 83 9830
3062742077 21 96741
195484 59 95855
14116457 84 25468
1827279678 70 70958
243865849 89 50013
425697508 31 30858
16236947 39 57157
68394298 56 65291
3067259224 17 84734
707147854 79 73993
142202976 45 79418
43644945 8 17285
79217809 58 92749
7909812 84 8797
1093641151 47 53452
92856639 94 59295
277327248 60 41824
207068947 44 73050
7041386 69 12768
566679 3 74963
58698354 42 39577
385095069 44 54979
78146049 69 27313
208283938 96 35867
1416390687 98 78437
275511725 34 55869
12863406 87 8267
68946720 43 11652
232148651 15 39115
460523458 100 35840
2690843347 36 94923
666208671 20 41769
722617604 20 47728
15204117 41 6903
10573748 30 23579
255561799 37 48806
9568983 45 64289
2780895661 17 86092
449109464 95 33077
491648565 5 55264
121032101 100 19816
7327 62 155
230540799 24 34385
31466059 63 30542
1584094551 28 75189
783057772 17 48871
164974552 67 88180
3299309 84 12936
3849709336 38 92088
464092723 42 95340
940974310 93 52203
1683989860 73 83119
48549 19 1020
3373362034 91 86227
27393166 54 38562
15633869 96 63969
3979689212 23 93879
67635993 25 18323
89688 25 30732
88142522 58 68419
241378693 28 89344
91217898 65 83365
211107829 61 30974
1647510 2 2183
286555571 61 72233
477176477 42 70426
233650316 70 72637
3269459945 46 89982
1755667 77 43288
214717943 90 77836
153119 71 1354
2310709422 27 70060
61997716 88 16810
494247065 92 47588
480580419 6 47689
3394504 58 46246
727250369 61 96166
1133513792 4 53002
243388047 83 66603
2288633199 11 85074
179018336 42 42734
1393983733 83 81308
168937 80 28633
139171119 35 22123
669227 34 51137
7508263 33 35128
807361340 90 41287
271311621 27 72303
1037 26 568
1500876230 15 67951
1963117828 64 63482
375569 57 2063
418882819 91 94429
65281236 12 83241
249875907 26 71722
1104763118 60 62093
23590848 27 28047
131440265 10 73831
258964293 82 26147
722786740 60 56152
609237220 15 89188
30691542 61 46302
9342019 95 42750
136207764 19 55113
272433692 25 42448
1978219227 93 70728
707483595 71 90310
216045186 39 34973
2626691 3 2330
56600875 36 39367
57259268 40 43153
587504189 13 56035
19309018 46 28291
23578615 10 42805
2202710401 95 66634
338195048 60 73851
374654994 67 90742
132731038 8 28180
160881190 89 73581
1468795870 26 57317
43476916 97 60200
7047848 22 53370
1024230289 11 60148
272595010 58 66995
28242991 31 44148
6110412 63 3510
236974663 60 32492
42217321 47 9545
1708144024 56 75018
14534115 76 60781
791930325 79 85953
447280115 50 53860
1027623952 50 71629
909234961 61 62291
139111668 76 54472
52271755 56 26849
11874 2 53858
7245408 72 10085
5668741 61 12927
4568047237 22 97777
1208189199 99 90137
345983975 76 63125
192835262 20 52870
112485707 70 23268
910174732 86 73063
1920290150 29 63606
1900174027 74 75605
818389602 17 62701
69968 85 2929
192638849 2 89967
1357181507 42 75036
326207729 12 63198
773279383 80 74047
650345147 33 52935
1708392758 31 73402
40356997 35 73790
1598203 52 3227
4861029 43 10532
352529749 72 35170
1348791 49 36128
432665 6 60406
1261623122 2 66648
1297955 42 21330
442449 25 85811
1161 2 958
817694523 27 62316
33647000 9 29943
183591 71 994
204831545 84 34766
88759953 46 41159
3323502 74 5049
1067333 62 2391
1449126895 99 90038
33685382 33 82117
1697598053 13 84974
1345070 100 2335
659840679 37 45366
2121827133 63 92004
9888965 18 71675
104159748 34 14333
1924079908 93 62181
73606929 89 28106
749792698 89 49327
159533457 89 24555
241653048 27 94336
24247856 52 47060
559711 17 4786
116276585 41 20990
27328713 3 56991
2182678244 19 73625
627885450 31 47475
26870877 44 88658
18896990 84 26265
76803347 88 21072
357818681 6 56586
843070730 67 69256
1101980665 22 97167
22014405 35 26602
527927010 80 56072
27522753 62 26404
582422638 72 87994
5267306 54 22353
67760430 18 39170
3598601 70 5863
899229684 82 83217
272301718 17 82891
153619000 56 35937
950795 41 24905
20816623 95 46421
1285011 25 2300
450381364 39 62293
29685252 44 67202
846451 82 2670
278556488 90 37899
1350137830 22 61230
2408144205 9 84988
42625561 20 15111
13065630 70 27013
2432953 72 37974
196679563 39 42499
89388625 85 16147
11876334 25 8280
903741307 27 44548
1061422477 43 85151
765649 36 2714
1760778709 48 71007
8894512 88 91601
465064 31 1897
173797358 94 79897
119265105 24 77113
33348313 43 60239
99699136 2 18167
125952588 82 59813
57401384 25 17129
1387208877 100 99950
360025766 77 52628
899391145 17 60012
580051055 29 42311
55033683 95 44542
209663393 25 58102
2294130952 82 78594
287328127 4 75897
295087027 84 44460
8908554 5 9261
357986365 18 85194
1554377 29 38080
1051817635 54 82442
83244 78 334
35032339 83 45348
437177199 2 58474
25198852 80 17441
363464834 25 32215
274046606 66 41447
229623694 27 31692
62823796 2 16505
1970762694 67 81778
68169691 5 12000
339050356 74 74448
1156653308 11 71313
844717871 78 44885
2804984875 47 86520
1556591631 47 65619
1547307217 36 99427
2636794645 68 78491
267189 90 3870
1443790872 2 78321
1408274453 30 64991
1113013745 29 63802
6842573 47 12737
3402473 33 23181
50193593 60 31063
158822675 5 63114
884815135 12 58947
323081935 56 44743
716904287 98 98465
66098017 15 42379
688738571 77 45430
1625200914 50 68963
299320821 74 78369
711145028 100 87647
24053001 67 9419
199362437 18 20031
476523974 35 81645
79608 55 18229
6651313 3 44899
244535798 48 67956
62733033 35 16707
3671693865 18 85669
3290489 18 12601
404574618 30 52938
7784401 46 33996
765318712 99 92600
788274 64 12521
657648304 31 75351
5918809 89 52657
2663889891 56 98071
2005336 61 16345
6448265 2 9371
175842290 48 27237
30672351 39 13514
5712522 96 53708
2284515 6 33682
795621245 35 63615
142837270 5 33128
27475139 30 10810
1444942071 69 65249
1681035336 27 61461
2523522 25 41715
58004704 4 41863
50432511 14 96310
1496196492 43 61364
6368229 91 10213
414436973 7 34332
753986123 68 85321
912070 36 2564
83526938 88 14317
1794699343 91 62486
451232203 40 30912
6263714 31 5844
31737310 8 23371
316612006 99 71614
4751116019 49 98868
1129767419 90 80379
170685 65 13631
916625 97 4432
1754290 69 4279
203169562 48 36394
69970 13 6478
14354039 83 16905
601871150 45 79863
120018791 81 83837
32513516 49 67036
58854229 41 25858
309006296 40 28479
11370 6 923
1 26 42888
55031447 87 55290
317203978 52 42897
78710 83 13556
374069037 50 85207
213982 81 900
2349119 79 98081
564839555 14 79841
917021590 7 68621
1358236038 91 95443
270758 93 14618
565600496 55 61368
2271785 14 6720
68490190 31 88526
1375240763 81 79409
88267074 80 88606
400069540 47 42205
14895259 89 20906
2679384 67 3199
815395788 7 49455
15268362 60 12330
505617124 42 35512
3287361259 42 83121
1241364 53 3101
29567092 32 12207
60235976 33 20043
407231737 84 91081
205461811 59 31559
104877231 31 63739
41958200 68 56382
17926674 79 17803
752950219 38 66518
6345662 42 66837
34661474 72 42369
484598 76 1173
324323820 29 39910
12650842 55 50055
831480430 17 46293
143323839 13 80382
2547545097 85 99537
1158097054 58 75830
955106181 38 89133
780954325 31 98558
326844900 55 28759
16992467 28 36242
114512746 76 17042
68127190 31 32224
394297885 73 35619
104170132 13 22293
1367316322 46 96544
910607268 71 99015
17253006 20 40035
5899006 85 3582
1386331923 87 59947
345963026 29 88786
9592745 26 33057
11684543 74 82029
1139320228 41 53816
252751137 5 57055
74118886 64 30835
2206862 78 10531
233224624 64 28142
1347187 60 46595
15840541 90 77861
632919294 73 42226
13729257 88 64004
572343288 46 53957
713359998 84 46131
237595182 66 29916
3110302615 26 86536
3144386 57 10679
51504740 50 17137
160719592 9 40296
155490468 61 27095
1033803874 73 97556
7980009 53 28788
6725079 98 7197
1705186697 51 94880
29192092 26 68712
135907914 42 96993
995093366 77 77544
1537351 95 6093
2660282264 31 96487
504075310 32 36415
1020796761 39 93097
3324591534 37 87958
1321461734 40 61711
149781492 55 93060
1478391800 3 98988
2200779992 91 84825
303393480 82 91429
335341826 86 57137
85560868 79 43360
310315215 2 25982
33776805 38 36432
628939734 45 50013
120677343 51 28187
2643311724 25 75667
1972007 62 67420
1235958077 80 72358
34297376 73 20787
233105821 89 47612
1685132506 80 84153
583374476 61 74466
13820764 40 5554
2433712774 60 91937
1341970465 29 68829
387310317 77 98126
7773233 14 23339
55058987 57 58850
1356114 72 38262
78983024 29 13454
514268683 33 72810
38177506 12 50351
553887074 3 71664
2675059 97 49900
904460397 51 96239
2064260825 18 85421
1217766212 99 72735
2266710 1 3048
792443555 2 74976
987826 27 25095
41803036 77 87595
3505952 56 13239
40479811 22 88968
204900145 79 30993
308922273 75 28469
58801417 59 24851
94912486 98 63692
28736159 3 41805
255929813 74 27094
242734480 92 44078
7746038 28 39513
192454542 26 52582
10483 92 591
164044 41 1279
218712443 55 52129
830416964 41 56509
45340057 45 11005
189983451 98 67151
480800381 67 55117
413099514 87 47490
1623955050 34 58038
3306561770 49 97091
4987920 73 21348
440173255 6 43332
985127985 58 48680
722535692 58 57277
2587556313 48 84762
5766739 82 30302
1127102793 96 89289
129798584 46 34975
3438781139 1 83583
53504112 60 17971
734767336 12 99303
296187975 83 34658
1223363604 95 74891
737706152 20 95564
14047973 55 26779
28547506 87 8970
17637059 47 17475
89868742 63 14703
433153330 40 52423
46218954 40 29828
75938511 2 90382
24260 20 3786
2400788 48 41333
181320270 79 78221
521091862 64 70392
820208047 9 62801
1912876851 35 93149
77545256 5 15807
77266585 30 16516
235414132 40 24756
348110707 99 80665
108807414 30 30088
258541927 73 80644
182870720 15 67448
1156098584 40 69625
912563187 83 65974
243454059 20 43797
315170 33 5628
954539085 14 85062
199938 47 34738
1057142574 40 67453
1203568982 45 63566
75133100 54 40762
353900754 53 85068
1713035192 49 60358
5428510 42 8990
861175404 24 50944
576602670 31 70130
16328824 56 25492
84559145 93 54754
7565413 75 58694
696723849 96 66473
863399817 92 64420
578770988 3 41641
437634026 41 34931
361479575 28 88576
1370163776 33 55946
266675267 11 25446
3719634911 36 95478
186316558 96 25615
121276500 88 19734
1868875220 43 86777
160355600 3 42540
2915105569 61 80316
1268151264 35 54994
133168605 1 78620
321257592 34 46129
691961903 35 44845
283268672 100 44487
384918132 63 45316
96427913 86 18578
58754229 14 29610
608442498 62 53315
802659234 78 41840
32996 5 83628
134673485 42 27555
476773 72 3449
75730588 48 91855
8991356 74 19593
33327701 25 15015
2548746459 5 84888
894144603 23 50761
2109094247 8 68446
11524221 67 34334
199509 55 717
186511776 83 95771
1558245832 50 61917
384772499 41 63513
294432407 56 25291
769098801 10 48551
54559891 73 39342
1324068583 40 52336
1574993800 70 74705
3727797470 18 90639
804544396 85 83310
611781360 48 77184
17153280 87 50760
850368926 64 77555
641651262 23 71637
336886459 6 73699
328121 1 34268
1892487 72 14072
34022261 46 26063
31717022 32 92433
402215207 32 40419
61529312 78 20446
1506430 80 62046
383328309 100 37493
133125841 51 78228
1310643839 1 73198
44377531 19 14007
1101147 91 2196
4602131 33 3252
321409192 52 67539
116738528 11 40005
69526 91 56734
2163277848 43 72874
132348373 47 95898
2452200018 58 87854
110672074 44 83229
47022888 93 10975
900184590 63 82732
7939366 96 19524
105585239 83 18542
100902560 34 42984
153393400 56 29567
20303480 68 96331
59242594 49 14042
75390527 44 27234
122410844 84 50312
118520368 17 28076
1139601355 44 61572
2795973 95 2277
144839527 89 19026
1000691717 61 62094
4759870752 35 97998
281790149 69 54578
266511520 15 40967
151281232 77 52822
1193202348 24 98500
3074391814 63 82868
3553875819 84 92595
3694478 66 2630
784383869 8 49641
2342319830 97 88716
26711904 74 16096
104471482 59 55560
96992891 26 62670
266890573 71 75919
12229062 3 30025
2357714862 92 70931
20594493 50 7073
461989 84 2369
679699108 96 53722
366662628 75 49463
973900921 66 60198
488345432 100 51335
2083339 83 9264
91002341 54 28421
126166488 75 40152
2924092656 75 94585
1899374423 49 72727
767085616 87 64317
674245 42 6186
254949544 70 83827
340587 14 35747
635670468 22 60929
130 92 91066
3103741443 52 86753
578510572 43 35155
13389313 99 6695
210060077 95 58374
26698084 70 80174
593484108 77 54909
679152661 70 74610
298626631 9 94490
212428141 85 58473
1930422385 6 77990
246827694 92 82604
145930358 84 68712
1268108315 8 89421
4325524662 65 96228
1168432983 36 74227
5115130 17 4300
1258136626 83 62341
1570347204 73 72732
78462048 42 86905
3979443140 88 93345
4078018 17 5896
23204903 19 11265
18304607 10 51887
1687307219 54 67929
507656897 12 33620
59481387 92 12693
2001014561 42 93750
15832567 22 26773
695700183 68 59419
5752214 61 4101
182242412 53 27537
472603171 3 57954
187500 94 2585
3883013612 46 93091
1176986893 1 75236
2264783292 24 92530
1033012204 38 46734
184597069 4 74663
5008779 86 34269
736109337 28 47354
936731099 81 44414
988580191 16 54316
5778896 78 5201
400863676 48 30127
6924907 93 9588
259067895 97 27601
486073 13 6937
260235341 7 48613
162562047 23 30401
6805542 52 7651
148482362 94 74723
151143199 73 60670
1075176788 36 88897
2670275 20 5536
1907323 71 26120
99744832 21 66867
586569233 53 74725
163517363 22 58867
1084271536 10 95240
1502403167 41 58088
4449248275 7 96440
282463390 21 70968
345628677 26 36046
102321149 33 36785
15021612 89 17278
1415684 83 20348
538511781 38 78651
3998400007 6 98528
1819341 54 68841
5330380 33 59467
10355239 18 43401
2292264551 54 75165
18688334 96 57947
3551903572 19 89083
52681680 65 16122
3997451864 46 90461
1774439326 65 85773
81372058 45 17216
18044692 70 33946
679753705 5 74471
304236744 19 27130
345004390 90 35149
169678842 36 48058
50136216 84 18861
5080248 20 5302
1734966680 9 90920
2051688 52 11637
31605986 72 9747
626804847 71 65929
123591614 95 19752
336070663 88 97819
1040638284 78 58442
16224087 89 53304
388030476 99 44110
1032662 24 3089
1018322 87 1593
4292751117 39 96879
3034451345 27 82907
305700302 98 34317
1353061 54 3252
125845 59 3593
2056541325 2 68505
26976678 99 24766
265746 70 1897
1981467604 81 80317
2113297436 50 98375
179186 50 56434
44847371 70 22107
4167841 47 22240
1580245475 61 68266
11010510 51 59159
83666 62 12751
1602542746 55 74367
39962189 44 86123
330511 13 4576
4432297 9 10060
2217589434 31 66667
324260532 61 26450
409989128 73 65668
1513695990 90 67007
3294147 92 65968
588391096 26 39675
108020949 89 20569
313892396 99 38885
14898186 15 13016
539242740 33 50099
389158 43 1714
134276027 67 57802
2174933818 2 72876
36502824 54 85845
74858147 79 35819
1121395993 100 90732
690479945 19 54804
456847930 1 70166
2711966216 91 91748
8219989 3 39413
3489429461 69 87234
789280398 31 62722
1685961 97 51444
2048733044 75 70662
1637818 9 3831
759365222 9 53043
907853128 18 66748
783011802 43 50610
1126831 71 39339
588358422 73 82621
909240192 5 46776
292462977 14 24475
17059 9 61031
888988263 99 99764
11421753 85 7207
16971295 89 29569
1246980935 49 85518
2604228066 55 94062
3323056 41 84966
38528814 10 41103
101633270 93 16131
81853565 22 33352
3412259849 79 92542
903167118 42 65383
11978376 40 92863
230630996 64 83834
125124001 53 19044
437329402 65 56288
27988891 60 53433
25135184 84 20194
1462798852 27 99390
2166045 11 14738
346401574 88 48893
38365009 30 33822
59025702 13 29886
87138077 80 33417
104513435 91 21736
1 29 880
193174429 10 52898
338082953 49 84441
3543143 2 28531
826237141 12 70507
86076825 26 20745
1020160686 19 94248
20033401 62 18932
152108325 39 22029
676022364 36 75028
950925 24 1311
187905 36 843
32393125 82 17601
293757709 24 39641
18296233 4 28680
3584008105 37 96334
545054518 42 79892
9914922 43 22532
6895666 31 3686
407562375 67 63571
277365604 56 33827
2192242041 45 90253
21949931 56 19828
6423226 98 4161
2036983477 66 79225
25822344 61 9595
37244377 78 19151
70184116 97 71803
565708566 57 78381
1285479787 60 69531
2954829 43 2866
86690625 59 61167
1703038248 73 67491
1020081141 89 92841
116344949 43 22024
22553357 53 13558
71076245 79 33389
1549351529 95 68132
864921844 55 73747
954855333 67 50659
372658791 72 44166
180989420 36 22807
176037427 87 72528
6428082 55 8436
981148740 65 51773
176014423 11 34341
66794738 79 30282
64215289 73 83006
330467 61 24132
1107240991 85 67060
129993394 64 71992
1067148411 44 83490
331780805 61 50998
75155888 36 31479
76157735 7 76333
5270 16 79084
120256909 8 31619
35175549 83 15854
46029085 40 60922
203693520 99 31765
2470115 95 10597
690068018 8 45387
156649574 40 50362
10221954 37 26244
1455287762 44 73985
175883531 58 34581
209189 34 746
10681248 72 88364
5036423 29 24545
345645328 50 35640
1673520376 14 82340
396794948 26 73834
3312905403 9 89445
145379687 95 37343
1899463280 13 76931
137995361 23 26987
35049780 91 21046
24881239 50 39978
79014016 49 19022
1118017119 88 59908
515236886 83 89507
2153099 41 12802
44070161 99 19916
646067703 78 90198
5359911 25 7664
402702600 97 87302
627505881 26 39674
588105920 97 57616
377587770 22 65779
3783367 47 77616
178068525 54 68229
246774148 69 61547
694573604 62 89072
763892679 98 93240
5110611 10 4176
5526030 57 12127
174158113 28 37981
25112175 68 12218
57738088 81 89987
4468251 51 69164
16496236 19 8453
64776097 22 82115
1256136 8 85384
64849990 23 45194
1552232387 71 96525
4305669812 96 95683
534674074 62 67774
174482140 78 39167
134310517 48 21176
928611492 41 59166
274404027 82 46622
57577377 96 64612
655894 17 2147
5041366 55 8132
345464268 37 81830
59179033 29 39395
795824167 75 42626
87698900 90 40066
1293090765 44 51882
9662386 17 5216
192306056 47 26785
988500408 24 93097
337262661 46 62076
793873207 62 72971
2173735651 12 78122
73178109 4 35070
2957283393 97 97788
5012010 58 39890
4669480 5 6356
3931120 54 4605
10350196 23 37167
146073979 47 82410
114032175 51 30134
582072080 44 82321
2912099 92 38969
77041246 37 28722
4204468 84 10264
542452020 17 42454
142682943 35 50263
350459567 57 45926
1134485342 76 73013
299576935 29 81896
117419323 21 17209
184701386 69 19430
42764844 74 35717
35583498 37 32470
1198768091 63 90669
101816524 89 25715
1678362012 71 77836
10286288 29 31009
1178002 57 59032
13625617 87 11978
962943325 1 69745
266583607 28 63263
400420342 55 53730
5442631 75 6017
986227895 15 60564
682252325 9 80272
105845632 73 19689
1976917502 80 88421
829397513 95 69302
176995 29 46286
1763994 6 36091
210299595 95 50479
734040002 6 61465
1155623 7 40451
270473629 89 84223
690740642 46 50799
632026521 42 97285
314008842 7 84329
905661 7 23915
146596701 95 19851
1702290137 68 64162
4109352 65 76177
1380966634 45 64167
1058536111 100 50339
363416773 61 33574
121394873 63 60515
1011291353 61 81268
1350409579 51 86520
1704750 30 15460
3099756663 59 84623
3642451 37 3195
9610007 52 7925
958060952 23 52531
4877820 57 15986
10399873 49 16322
30599724 67 11668
689886198 59 99220
3219630 61 10267
529669415 91 36502
1124767698 66 51209
3660961356 25 96675
2351319125 63 83001
1007983 76 9674
2876203781 10 81784
1022178949 20 58829
96834345 4 34768
160735886 63 18402
161897567 77 31421
708075495 5 57537
10074693 68 23003
1556144 70 1750
3696099763 27 93193
1043034825 35 54690
6219748 11 3511
1008425 21 7354
174532961 36 22835
424644806 85 63081
153827122 51 69350
20599153 62 50689
3267296 76 15457
636952714 93 65594
4559521 6 6706
158718432 41 19873
163836 50 85154
265888200 90 61237
2063772887 60 88963
33500763 84 91727
150201980 59 71665
3138318019 42 87760
1148112588 12 48527
12355933 77 12274
24743567 71 92644
172601557 47 42472
49069256 49 81369
4393262 4 8741
1058922326 24 80675
77311540 75 58638
102833416 49 23678
41568806 9 39497
36934883 45 33298
1179961459 42 54403
8900238 43 26642
743181869 72 66154
30380897 62 69489
1667965059 65 98254
412169225 94 52088
2884538 5 60742
27629216 90 62462
33091477 66 85967
11085499 26 24501
872168699 95 55715
1419884627 17 56069
564563794 8 53072
2096409 76 3759
78505225 8 35654
1042269658 27 77688
69950200 26 32432
1020609 13 4861
528873941 57 63753
88432489 16 20891
698847296 29 71889
90330862 35 25330
37978974 65 23369
152294656 100 70339
261613 81 37059
27120171 76 59479
967846285 38 75345
4363739 91 6850
1958244512 13 94648
66212754 1 71270
1918215818 35 86173
2272039008 29 74499
1391617294 97 57107
10574850 59 13868
113065729 28 33394
464079327 14 92909
1059402754 27 48980
71729960 14 32188
26827415 58 30905
120850 70 1404
1061255541 50 52909
3183860107 42 92692
261567483 14 22909
33470767 54 37745
439657358 40 34735
936630 85 5819
111555003 11 45287
499094667 41 39711
411567902 22 32008
356944 13 23474
988036727 47 67550
30602 24 6477
717179308 98 83800
84436934 13 18324
36047208 81 21022
988331557 32 49860
16314654 29 10969
5037200 62 18445
573038014 64 85098
302959556 21 44087
1771918835 53 72104
366800926 62 45869
1132067123 60 58431
835662006 76 47709
237719 66 5098
3728731 52 69562
2423212694 88 70373
14331868 49 6322
82150948 95 15230
3958499 47 6660
12682778 93 16426
5688807 11 3704
189431443 27 84666
200821568 43 26318
2198304 81 12810
93272828 28 31020
46103062 12 29725
3476782699 99 87224
3101142159 63 80494
198500078 54 67777
559212075 24 36328
37068585 35 9488
45229722 1 40300
28066689 77 21525
456365202 80 44101
119088 72 787
975869379 97 79512
139241087 11 18657
859100852 77 72860
311366330 25 96125
238444 28 1014
218963663 35 35552
117336213 77 25644
40129714 17 11542
85677 86 1555
4177963938 21 93716
291702657 79 46268
578723238 18 61283
1451428331 33 73025
6637944 72 8887
346107 56 3631
134657 63 3140
1199933049 74 66893
5382716 39 28005
1706273971 54 67012
2255934750 15 99735
375868157 21 53662
97870706 80 99615
329060816 72 26552
2082939073 2 89369
29418479 91 13451
190521 35 24103
188055094 56 28671
776964823 27 43111
344722557 44 67133
381425781 44 99884
945354635 33 52400
153018891 49 81069
1278824 81 6472
3875173596 73 91518
2854223 50 36344
38420275 74 11824
1068233164 93 67162
16344725 23 31805
16419222 71 10976
1032593692 16 83398
1390384005 71 82058
1224926574 70 61319
871924146 95 99036
889780349 100 75049
159130169 3 93436
309397035 98 47171
283347490 42 38076
1395404 62 3842
1083925078 79 68820
23246415 82 56013
17472 26 26231
1238777733 72 96334
475727406 57 91320
7838169 75 57651
209742217 66 46980
1093200846 44 50717
10953386 37 18198
20398470 58 21651
186643704 45 35521
2590475820 17 89577
32720156 43 10085
862729752 93 93506
515366839 85 54057
1197538322 86 71459
350516237 51 45314
16431 1 2716
80445791 15 48399
447592120 98 58589
2311802 64 5331
2475950495 34 85771
124581034 80 69535
14871179 87 58848
2110357 77 8009
1823301665 87 89712
493189 91 7469
622513586 22 35572
21423646 4 90347
85935 36 15397
151303565 75 32749
213539712 75 50538
2012671122 88 72632
52054343 14 18353
399647989 26 93304
88098446 96 20553
73245041 51 36369
2737627821 24 96766
78110491 1 30826
22486670 94 50229
264022737 65 43150
604685 94 4301
3076402811 6 95437
306629572 98 95350
694558010 14 66791
36799462 16 30775
129004555 39 28920
1599474856 61 80451
173192427 70 55073
169374403 72 92114
1645220032 54 93718
3182309251 7 83553
393363203 100 49254
25627817 99 41079
247130068 52 26091
116402148 29 85122
1276760444 27 55081
1075616729 61 52631
114509104 74 61875
174573816 66 25235
202741718 2 61772
1196143651 91 64356
584445975 70 60044
66493359 98 57953
306282 29 9578
475654 94 12097
401486681 29 45995
278798516 33 83380
1102440 40 32630
900255826 50 69262
1228844623 78 52510
3850940 72 6631
20726573 68 47542
247199018 45 45223
233557300 90 60106
202193222 79 38384
1270940551 79 56890
3966780072 91 89118
81105683 35 41323
396471585 43 41316
45905550 88 97912
303320622 77 42393
23226914 48 7428
1658135416 49 58694
688662195 96 67461
493110847 12 77709
755174959 21 59144
108866583 85 64014
720625745 31 63222
3909853735 93 88542
531465315 71 60747
2733693 25 80150
18341642 35 20146
4694346 75 10571
632644487 3 57274
52241731 40 44821
71994 56 14510
90613033 4 74605
3032773527 49 79990
115034197 41 36602
18173614 36 89167
716270883 40 89740
1398691297 44 54297
318596562 80 28118
2213968077 22 74817
27181872 91 14331
1983109266 84 77903
2988687277 49 85516
479700539 8 85033
208165770 71 54060
20457405 34 11107
25291833 8 28777
10084920 73 27593
50030691 26 59704
21252208 39 35871
60588 33 76181
591183631 94 91144
10994645 30 33422
55999892 30 44404
435127466 84 59768
223349104 98 25747
485615624 36 52253
686696203 36 44816
131557 28 76627
521973602 22 92883
3799161471 15 89124
156447886 82 18759
308648046 70 80218
7773379 34 20688
315360431 40 44263
1904810 38 2235
2001942853 61 74836
514119051 100 35724
376160052 52 92504
6431 1 4614
59416254 24 20302
22521272 68 39247
96022058 93 39643
48989838 65 27443
1825279888 53 61108
1926617983 46 71602
19280696 24 62350
41015999 53 53530
80181621 71 40509
268461315 98 36821
127131443 23 30887
24697959 25 30019
410007748 61 45317
2618694132 63 75724
366159877 30 31055
1030083 62 63088
299205834 1 30649
2068287947 57 82473
48014810 76 19698
6217769 85 51710
519868492 16 81491
1016099247 60 98105
623996252 18 37311
41377993 28 41094
97329426 59 49178
29400252 85 44559
177579689 83 32543
286725299 17 69428
835379495 32 94034
7927521 88 75920
5215825 72 5354
313349344 17 25849
18664333 62 8691
4503854052 82 98186
2834603135 35 98185
675257878 52 65059
178765470 8 21192
1467126170 55 91200
634000477 20 51782
531671216 31 55398
33138884 11 52839
51421081 90 97211
2741791393 95 77038
41500387 24 9113
20923690 37 26415
2399325108 85 72116
656636262 53 55164
1652874791 96 78362
983325 70 39201
2842661843 14 87841
986976667 16 89862
1435047453 6 62077
1368464128 63 68285
2065921581 6 85904
216010024 83 25922
300048860 91 43609
3291207 80 7779
4901714 31 19693
1147293716 45 94424
297808733 19 49053
2749552 54 4291
50898816 94 37139
88032663 29 20506
144516708 41 39064
95397835 76 22488
388841751 93 54519
253894847 17 69171
205211153 19 21545
16440948 19 10086
1073630688 72 92767
2302563371 33 75791
1527976 59 58015
737153249 85 46265
191387054 65 59456
5010479 22 20239
8243970 20 17971
1623501 43 2821
70299517 75 12676
1925170202 86 87599
177044 89 1172
264343765 94 55461
20548085 27 29368
2152767884 59 88333
444958406 51 57958
189841 26 1126
1739421 77 11165
169647395 41 31390
5168294 38 3303
247290252 13 93081
249153 85 7287
244653980 4 79119
128486755 66 17163
2797303005 18 91035
16594208 35 50201
149035244 16 43281
1336213630 58 84326
189224889 26 96282
63778709 49 16945
1119268386 84 70326
463893565 91 90349
2705762785 20 94497
1024190647 75 50001
395579043 51 61326
4682971 78 11792
1857877299 74 88402
220134938 52 29878
765578550 10 41613
44287538 71 18939
352841550 66 95995
93022562 59 19986
573906245 12 97140
16402431 92 39607
430863595 76 43301
3372281293 80 88274
12458960 28 6758
641117672 78 46194
173009 31 632
9298333 13 8642
7467874 15 71726
5351315 88 3234
777666655 17 50328
1440779891 73 68692
63231226 98 18978
5542655 48 44343
1163250052 54 67167
13201462 13 24370
1094804588 11 89185
3246797817 76 87508
38682233 76 16926
874618576 60 59391
2805342073 2 83880
120456293 26 18512
1089299132 26 48793
361089 1 3009
2543710387 67 92163
2690401967 81 77348
46048832 12 90058
535737600 79 56067
25100532 51 82468
6638848 97 11087
1323708385 44 97029
21548 99 4147
314955083 41 32012
1536901901 14 62949
359341562 10 81587
72941890 14 68975
139389625 89 54610
1474730297 32 75699
23374821 5 60603
367222268 73 50097
416044362 6 33472
785205731 61 74734
40178653 29 13084
385364 62 21352
239211609 80 49481
1569254367 83 82759
1129359249 11 96468
1 95 6681
21565 8 73646
2565645988 91 96323
10670146 37 6348
2337772437 10 89060
309770365 42 40188
2426551141 43 80094
774035 31 3434
1565519991 21 95762
378984190 75 38606
2071978545 98 95805
890636676 79 74148
72403196 38 22562
218816 84 24010
482612029 25 36640
884846528 54 43878
121440 85 676
758895458 74 46980
7239226 79 6663
98707 78 13639
169782 10 61850
1153154808 35 77327
250400269 26 74352
3665580742 34 86998
1678523233 73 88958
296401786 47 47234
74919662 53 25834
11326857 89 82056
1335673168 98 54612
4068597456 20 99939
9240685 73 8747
1110253018 2 73257
122784373 86 17855
40601662 39 30008
256811 55 28046
561088417 40 72003
3205426030 7 98258
247757420 53 83685
2089892253 96 81392
38321079 25 26100
1708525 42 49749
902927330 70 46926
377419877 72 61303
9475177 12 74843
41358689 13 14515
489947628 39 36257
66343367 100 58017
106225143 18 30053
9779265 81 8237
38119271 83 23593
168605237 46 89410
74751795 45 15921
89259914 82 24823
645088119 93 36881
2082627 1 16248
1199228357 19 97182
169552817 96 57758
110483205 86 16153
846881051 48 83625
52068681 24 76958
1079579803 46 57786
8865082 67 45700
148275873 56 52822
6676392 54 28417
479325068 98 90405
130397930 64 22269
5571413 90 97755
1015495641 45 94616
98350730 36 44367
634063583 27 50503
453881418 68 41323
16511035 78 14288
5712367 11 38368
14232272 46 7049
277557212 27 66994
67300928 88 12370
163417243 91 49193
162431114 51 55885
299306124 47 53220
226931 24 1514
623010298 78 96403
2230719276 97 67628
1 90 499
17172123 69 9542
1319375552 90 77205
19638 99 2431
7321822 35 28361
729238680 45 39564
605167182 96 42382
150076062 44 41373
680329030 57 61529
237567494 33 49587
697736 57 24058
1612808960 32 80704
10314074 52 20640
39750721 40 56627
1327073615 99 75442
1363983755 40 99891
46366643 35 12395
47846580 100 42095
674188071 5 40149
139284018 67 94582
372900015 85 76315
5566032 1 10884
438283593 19 48335
15281507 44 22659
1 22 14641
168594603 20 47520
175185077 16 73513
2473167285 96 75679
118434762 28 93275
29054866 32 51292
13114938 49 16169
20633582 1 16589
1649094898 4 92119
1886412441 28 72018
752492719 5 69698
218033001 74 63515
18326873 3 21560
59254872 51 64961
80757927 19 39239
1351981173 58 65970
688369303 44 38059
789413326 80 77089
2464706809 40 90423
1378649214 95 54144
556596017 47 41723
1170966597 65 53263
6504433 40 26893
7174636 15 11939
5943282 66 95492
3437764 7 8440
878025762 36 50506
125931218 13 15976
881779 73 94275
40998414 41 62823
764360514 99 56924
20226930 18 39244
97731679 94 24449
2863647639 27 79042
5761942 17 5819
176215 83 26725
562908363 92 89116
1008082 28 4400
146793076 83 80760
179697532 80 99667
7335254 99 62984
50216778 7 26156
4921599 34 18147
61840332 48 27090
91151938 41 82517
1426951722 4 55811
100328298 30 53414
707857362 32 75627
31762334 39 48131
219709569 27 35676
8560219 94 71527
13052 13 71494
165745137 28 85304
9603829 11 20624
976677820 96 65393
1216462974 62 56491
322072980 4 67117
11741583 3 6139
620854135 25 64027
200710413 98 45477
1 81 1905
59097551 75 75180
2677772 92 3020
138934393 19 62718
385460 63 39448
495966157 64 87509
179346971 26 78332
2767299676 96 97083
1020409401 22 87594
1732904497 23 84474
531793980 57 53729
1577743216 91 97641
2738961785 91 90425
28705348 6 36338
1915058935 97 65688
72353364 41 15894
225260087 22 78971
33272700 46 25413
1056757887 68 64159
56198343 80 26059
15524526 14 59555
5298025 87 91612
135980790 42 26921
1917710694 40 87422
61372332 58 12190
221378433 5 32912
18566514 76 40448
1414175256 5 67452
127129933 86 39445
994414766 34 46185
51022853 41 53978
1303594929 76 78404
57846806 27 62305
588133312 38 75804
2769308 90 2606
3034744656 47 92793
1630697375 47 72998
125575070 28 31319
6955807 99 4530
183965363 38 20813
3362749572 71 87538
579712174 56 96679
91804901 69 32466
1899371218 21 65005
12049016 67 5169
472025588 99 39182
35727461 68 10870
74981744 91 22202
516260441 73 72775
1 63 339
23119704 73 8383
2476614340 36 77870
2425115306 87 73533
284426392 91 96095
912333755 59 94961
45884723 62 11764
2880883592 46 90498
19256998 44 8617
457938343 30 33202
44772392 5 88324
2324773180 25 87902
1026415087 67 54957
59194203 21 64886
326326253 95 34708
794915765 63 65531
707828209 99 67207
620659123 93 40638
593899268 49 93508
247996557 39 22479
220649474 10 74791
1140565244 28 54012
3141439 31 11051
53736566 3 49227
4440228 91 56156
476873 75 73321
94794060 52 48682
194245741 65 34191
2426305640 19 70186
2456546 62 7024
127353655 24 76079
229399813 71 30007
170581714 47 94317
3709700 46 87608
1396710 69 31773
462974170 6 83129
150750570 22 37461
3550840374 21 94196
2089674516 38 64993
351736440 76 32842
1061446598 66 64460
86854043 20 59154
4145531 87 11299
32094821 70 24439
3113173 63 22700
1890468494 99 75567
1173653193 24 91959
4054446 11 5373
222041747 66 88208
6930284 64 52627
28116764 49 31984
2999018 46 86588
125352664 54 99556
1525463557 56 91225
1647462 81 1732
814272617 34 65987
12657681 73 97051
341995860 19 74216
17765047 59 43711
451713052 26 68598
10773836 31 48921
1137242391 3 64923
38331386 92 9649
32013270 56 30702
2318559855 22 74932
846509339 86 44338
574768128 33 68301
41171867 90 27832
3259080330 45 99341
1218595 76 7854
51267 41 49429
758596368 45 73324
238245708 73 24820
1525901204 26 76998
1237151313 32 79622
117270883 97 38859
1003801871 94 51824
54646819 4 55469
1116640800 96 65744
491882970 47 47976
172113071 73 33516
160193119 67 80976
543071215 96 78125
190513775 44 48227
197020044 69 45518
1852771390 5 62916
18648414 10 6563
13163012 12 32859
6866153 43 22969
81730561 98 30024
105380068 19 20401
79168943 94 98419
26619 21 478
1400862 47 2258
2066725036 13 93085
5596327 1 14276
99834695 83 58789
8857268 83 69950
985474987 65 90123
74520009 99 73224
874094379 8 66510
135385767 65 99063
5516420 6 53060
919110189 10 55807
1029823126 36 61960
269135755 86 91180
467323715 95 48760
493532155 85 55690
1050012 24 2228
2916064524 14 91065
42212923 58 52951
328337079 76 50675
667484 59 4844
28500171 89 8394
4754737715 4 99248
3962121650 41 91816
2993873 21 6698
1370603948 40 52302
574267774 49 34786
5576381 34 16012
45133676 82 30330
19136802 2 19891
522019232 42 37281
3937450688 20 96481
7561 89 3767
10750509 5 7079
280551430 88 96712
7664330 20 12584
1272948 28 56064
316781858 13 48604
44336968 11 17026
359738446 67 73437
519649014 52 60567
317131 8 31760
2390537601 3 69627
179500662 2 27463
119931923 3 63419
145203613 54 97446
63619 60 1500
79555825 45 44121
399523756 57 67863
750961456 20 52560
3084030585 40 85835
595998386 77 36970
232267790 76 61081
9063563 31 43891
2997715 75 7609
2412108305 77 87414
73891947 5 76809
1844733200 32 66367
1569407774 45 99101
221683953 34 41872
1755010028 42 96693
306621927 81 70554
14290405 84 19274
1 33 44301
775676441 76 60038
1303406015 80 94701
145333542 72 64886
46742812 24 45584
349498165 63 85830
476738545 19 33389
53128025 3 56448
284563015 89 54508
482660 91 8971
130026311 51 57132
145322827 40 86239
1556797753 14 60429
719882991 13 73583
1970875971 59 94436
244579924 58 41869
2044740 21 61460
101533020 14 67547
1189711095 18 49221
1596166932 20 82457
489551978 15 31634
2271975 91 63904
416197681 37 45595
153116165 71 41835
21774 96 5386
1499981418 48 93386
94889793 68 22186
850998700 94 46921
224492 41 6141
77255218 99 75901
258489616 3 71669
611101620 74 39042
91090333 92 51149
631387363 69 97004
27186 82 4714
104156258 9 88274
751693963 57 45131
66005958 18 42361
430174051 20 51910
52541785 73 52306
19434876 20 7280
51410961 99 68749
469112 66 31402
486056651 4 74836
142150761 30 78246
423848690 33 93899
2083915468 55 75715
944765907 7 93441
453056218 92 30386
126500658 63 34330
2265837 64 76665
199085554 35 49906
3984007071 56 92996
2406039820 75 85172
6394969 13 54127
6543791 26 54132
1241842764 46 89420
2804915106 46 85596
42042864 46 46404
389807044 53 41082
6249271 19 7523
501061949 86 50580
136944220 40 71276
491366905 6 42480
1169590413 52 63434
87240140 62 48894
118886266 11 85198
1876125730 86 86416
269918010 81 82447
40667846 78 10330
948299172 71 84112
903893 49 2245
101709818 62 48649
106011475 53 68037
5896455 91 19379
194722 47 1045
15017469 51 9643
1488998143 44 60787
47500 73 5531
756380740 86 52983
41637915 100 29447
1162639985 94 53376
1829438997 46 87133
288869897 33 87095
1552217415 62 56777
428583 28 8949
2244101 57 18552
1523642323 15 99729
574678988 4 70978
949019 97 54313
170752705 25 54760
801936206 61 74527
1401892186 69 72317
1190375927 98 61577
8328921 90 53660
23914631 46 12225
62855 48 11871
2381795 35 9255
3952370 27 17314
3481941618 27 93176
19726196 82 29057
4047878455 11 93918
605663803 96 70617
26110404 2 20648
1291634011 53 80451
879375641 9 43745
6281045 33 7817
1408260899 71 60984
65644424 60 15557
1255947310 16 61606
948216019 28 72683
192087304 45 76230
612464449 33 49986
579930010 45 65148
51612636 50 20963
1135512170 90 59672
672884 76 21949
2067488292 99 96494
118084498 53 75414
1136059954 24 54827
757691804 9 66880
306544500 97 57004
767223831 95 58824
841106489 4 62132
261764861 12 82334
128300539 86 21424
251058464 11 34167
418695076 70 43526
816293739 24 65748
578782292 65 77612
358893632 18 79206
255869772 64 87308
3416886 72 3035
782609171 26 47888
79033623 10 54080
1 55 40445
403491657 94 51971
505491407 94 41273
657582747 94 53010
102807108 20 30587
1411230682 1 99144
2032387764 49 76874
153773340 19 25258
162274625 8 33963
51984691 28 98712
48780934 29 64891
329677837 53 57018
42138172 100 14508
9199521 72 5611
2307033591 91 78522
686809015 29 62015
12073132 36 14283
3760738118 26 91829
332496957 36 54650
5652743 52 21172
180975236 67 39786
9845 64 29583
599776211 89 86956
254591664 16 27902
3994636317 17 98705
2110719699 30 90428
3234587 38 10122
5569774 22 3320
1653741243 42 94527
143403455 55 63498
257341366 93 25686
77427892 34 81359
702837915 77 85497
1978186564 79 89572
44018812 64 10371
517101876 52 57001
1064957431 30 79020
4700753 81 4805
3721982 80 4618
533226398 51 93541
56506983 9 92731
705113862 25 85091
18853050 31 26582
96969914 29 28959
143913248 68 22830
1765517987 10 76300
197111807 50 68239
2330519 43 79584
100419360 61 71277
426377963 78 64515
327703354 37 40940
28860616 86 11305
24226887 68 42739
1407662842 57 62145
442580442 2 32570
186026408 91 43930
220815617 16 32688
821051547 98 57107
25309 68 7715
736435811 41 46591
252965149 6 30907
54906 30 7120
103688883 70 76454
1155273427 49 61848
148326471 13 81434
53037958 12 16506
7108577 87 98283
556934989 6 65754
9621952 5 29816
87175 29 6074
1506999957 44 76305
981176704 4 72211
2162213859 2 88441
12338561 83 32176
57381658 30 57398
9039588 51 50056
664563287 58 93455
1012048862 29 49359
1523562 11 3440
1994263345 60 69804
1315520541 85 64315
1037746933 45 46977
4090235 91 4136
40350083 18 14343
1834620002 97 63575
128510707 45 28099
443304870 79 32831
290469137 25 34246
8330329 20 27812
46099738 87 36458
556302272 18 86114
266934028 68 95910
44376323 37 19652
1463948212 84 60590
655217420 80 41892
27279 22 569
6598649 67 72673
22809435 60 32358
68114906 70 15839
1202100425 26 67309
182950973 40 68591
6803313 47 60518
2463197888 94 98764
373946877 75 32554
1753461807 11 70523
1455201479 62 54379
149216917 85 59661
29251007 39 49980
2906087513 76 86293
873374605 18 83504
1235415786 62 55972
4448124 70 66274
461355101 24 39231
529341801 18 32832
1897853110 28 75066
65009 86 3545
13660257 30 64963
399329294 7 59829
3804767452 40 97949
658911 43 4593
11010964 3 7366
1974140602 4 94330
506323850 42 38856
84463301 87 39558
296705296 41 50741
16228442 81 8637
633487804 17 65461
331545793 68 98643
555426253 6 37225
394861334 87 41116
422459549 41 33045
164177165 42 70620
72202439 100 23380
619056680 77 63080
9615893 98 88378
1453881070 37 72921
14041678 8 6983
408467 20 20782
62233450 89 45862
74474397 44 33264
29802022 23 10817
26828207 57 14151
2946813158 69 99711
267639717 50 32044
106529003 73 59291
217762928 82 89464
113590095 35 39961
48578 25 1107
11875255 37 76348
439500139 95 84607
424246464 11 77127
458404048 84 47005
3546945591 21 85111
148056 89 2984
172538483 56 41378
618255983 64 56779
1342378286 67 87631
168203699 17 19141
2368209443 75 89978
1983931922 74 70402
1284714 68 7329
2036031995 93 97707
76551939 54 43507
173270878 32 73937
216847020 11 29609
576258523 66 44167
2272582269 81 69120
440881562 46 36224
539564311 86 69972
444020939 26 45616
562826747 19 89017
1066500455 38 74089
980277499 29 61481
53794944 90 13608
557162753 92 74850
328702904 7 52877
844212178 90 77386
3170525800 79 82716
380367270 49 37911
242414795 51 40163
2104393229 82 83698
45402294 97 17717
655080424 5 50977
500352154 1 95644
264602953 29 60794
366108356 1 40564
246487932 72 99817
846994975 87 74276
34287022 49 11202
2914067493 65 96155
1251798331 87 82747
24775530 72 30832
1139074144 89 55546
1822138 54 3909
2838848700 1 81825
14174661 93 6026
354232240 46 74065
312224797 28 33269
314735602 71 32425
162167588 26 60466
118523199 62 17703
905974875 45 96354
290436907 53 25311
1992227 70 25045
1429313005 29 95404
138332079 40 72490
1504219633 8 78111
55001577 86 25799
246644213 20 31341
215511614 86 93062
120787143 12 17476
1751681596 70 74567
227087407 2 34623
181016 6 1626
37238759 24 19963
3332908 30 8531
14155090 97 25691
798562685 78 54575
921598324 7 45380
74909053 91 17988
12280629 25 8708
173416746 80 45644
1333075696 53 85981
74448046 34 82036
8598336 100 18086
3769186 80 29053
49924113 62 12911
1972912 4 41433
489864574 46 82381
324997939 5 76702
55040143 1 65225
14291391 22 65361
153966698 56 21047
2712900505 43 92915
4859594 94 4897
30086290 97 64150
1497785471 58 74746
2830470 41 6995
16043729 21 37628
3952162 33 71598
251382 47 2479
2115175431 25 75086
1050760111 14 64939
76857983 79 48953
6938432 90 10643
1 47 34253
968443103 24 82200
18963538 26 53214
6842317 85 8273
3774894 88 20718
2255931456 39 84793
2647190703 13 72789
753199123 8 87612
44984832 75 27829
193088926 60 20278
108247523 20 49679
1770030979 95 66229
120583501 37 21880
977300350 100 79270
826542746 16 46212
17926354 61 10554
10403226 87 40818
13877233 12 8072
97775 21 401
2224870086 57 72626
959452780 100 57407
703034899 45 44721
38502624 63 24960
1623579725 17 75421
449736148 38 38977
218428503 52 67447
1706313553 55 64904
4924119 23 4085
288398283 35 33052
113473528 66 50471
1 76 4071
40402594 18 34656
157175891 44 30551
986910348 36 62910
1350595081 31 82033
1950627645 76 96857
2093903180 12 69177
599737967 28 84075
166567283 12 48225
2043466625 52 95920
644701783 3 74151
14509137 80 5478
2955708081 20 85198
128728556 98 19287
2787432 100 2571
776832438 87 85420
976494469 17 77294
997202417 62 76543
2603125592 48 96366
5277632 10 11265
255294547 70 35872
170358706 2 98361
28236245 38 70998
188461088 9 55084
169950770 46 51913
1130896559 66 95644
525896 100 1620
448910221 66 87016
1015450250 49 56585
87201 68 10179
378536275 31 42563
15367240 33 67888
164193570 52 24227
256145486 88 29787
299075735 9 93036
11953349 62 46174
2250835629 59 77532
77893 11 3706
900138288 7 75901
407481979 55 90717
468980801 9 71603
87884253 55 27291
23411688 90 23615
324233976 12 80141
13311623 24 23450
50527437 80 12602
74260551 13 79589
615857056 72 37631
191144266 64 50821
1 69 98937
6229426 74 5713
20642509 82 82628
579315639 59 66545
102647320 12 97935
435171113 21 43357
575023010 33 50094
1142928269 87 69999
3303317758 35 89267
685764277 55 83258
2201109732 71 83047
284373799 59 36393
14541798 71 58383
909425947 27 42916
2339450186 100 86358
1693184299 46 77126
178512152 80 27241
188550894 97 30545
836608005 20 55893
2840846 8 27310
67448198 76 14361
9126030 47 6352
1071262279 47 56181
17976751 14 8752
283869815 3 32430
87103323 43 20676
33047341 20 72027
9729801 73 7197
1894535216 80 68535
1662859 47 6780
789217629 74 44260
1178412424 10 69371
106775295 100 64138
73489489 22 64088
1386476279 95 57801
7484258 75 55875
1464449857 83 54847
574022984 43 48620
41428447 12 92634
686965509 61 64303
2097839 28 11058
16182683 12 10753
16230284 88 11672
1011760 23 5576
200198626 97 37970
22972 82 39062
592013866 2 72382
29125497 20 30690
651074569 53 82691
2132381655 52 66176
167312492 26 62449
2594060983 74 77426
2856596 13 97849
22429144 6 34779
4249316 28 3049
422994781 74 36995
1372897800 91 54430
6894958 28 50467
4021663748 78 92300
604219156 11 69640
163713890 47 65213
57924261 50 20658
3958742 40 5505
3441249839 68 97949
661404488 31 92472
525885 51 4867
528828269 44 39827
1906954309 97 90071
17780430 5 91462
240292635 5 68091
125321911 87 78626
45402419 19 80714
37540090 68 71544
335363557 58 27359
632984598 81 37897
13743106 34 19638
547214703 37 45998
113845875 74 87259
288199070 3 29726
1868685874 7 78869
38718390 76 22575
302569664 13 48469
92976 33 44835
5733499 34 49658
1129185782 49 82206
43927915 8 71847
1576652651 70 80329
175599378 74 38379
166479565 85 36858
275839092 93 87653
423643 42 90122
798000388 69 74954
3097603 37 70987
125295880 68 15883
790354471 65 81034
357458903 19 41276
236805817 14 84352
285485687 25 58859
14083422 81 25934
60504084 88 38925
97801375 58 92058
1100385 98 2309
2228026 5 9907
175232430 70 61887
122533518 8 24606
1360253837 44 58807
7677046 19 15220
178835949 53 76523
35497421 7 50513
1272095528 71 85209
1274258667 31 53093
96481 67 41568
280888461 85 47859
2690864207 69 75754
115556438 71 23991
2281974862 2 99714
46568015 67 39846
20408754 84 12199
1731689600 24 77521
745814391 1 56219
1 62 5935
4748260 45 82674
86737400 43 20890
1336541344 37 56659
786059240 70 89250
7208270 47 29295
3832847779 56 98220
984111 66 5349
2191842392 46 87336
9420473 92 14764
334244903 20 54169
1407637754 38 72797
226978297 70 49105
850632977 58 97215
2291314595 70 73878
118272501 71 16378
104873718 56 64433
4918154 74 57864
116640094 24 65786
120746944 14 21415
18800342 88 60706
6331546 15 26303
40552862 95 13587
1150848173 27 92217
222145065 32 52252
938610629 76 86033
4031335 37 3878
3428421902 61 83378
16861224 90 17097
346796340 16 87071
228936518 77 92637
2961983963 2 78007
21940296 31 81348
882652494 60 98667
2940527 7 18287
30033440 81 20946
373111651 63 42454
262945882 84 52652
45452056 17 14568
7992072 77 12594
1012369 8 37375
148905005 5 77886
35420105 58 19517
235035 99 5695
151569085 63 91331
870269847 67 77655
172792 34 956
580655 46 73309
1238931016 23 86586
5643883 68 4188
731451700 27 72544
280125893 15 23593
2609423 64 75333
232477782 54 99931
11484661 45 39080
98924320 76 68732
359913976 18 49108
243505642 29 22944
488815707 44 58103
2157696 25 19256
4676467 50 10325
69732577 73 14972
25385528 25 29059
44272953 84 19191
9955492 58 4629
195208192 94 31031
2662592878 3 85154
3506774324 84 84389
1909540752 65 90292
2549897342 79 99072
789776527 82 50509
27165994 73 9357
2390704138 71 89718
1972119055 6 95069
64235736 35 16726
569281744 26 37852
3846443 72 5314
16080934 57 86791
468383493 42 34491
891881 45 2344
795144523 98 76848
69838475 82 16016
2422868478 59 78041
41732492 55 11248
72483909 65 17061
12132573 3 81457
517447 67 17602
16764428 84 33232
283071299 100 24280
5377219 46 39047
704908915 76 96909
2807990101 16 77773
15967938 55 69588
3498003340 20 86144
522392674 7 67460
18984233 20 16265
1062293597 96 80032
220698403 22 52301
16429 12 357
127847350 75 49795
3214 43 5777
487434649 60 48130
280488520 19 88148
1748289270 78 77828
11474444 83 24280
1880120062 25 81900
166348425 72 19865
4946811 24 16247
3690725 97 89803
1353757 48 3950
488822354 39 56831
380057516 68 87205
1271030652 30 98038
998179400 44 95818
103991856 85 69779
368986721 9 97020
32415665 89 63634
3809193610 44 90034
14716404 96 35742
1913862881 68 91261
8632847 48 52808
357590418 76 75402
1709539696 79 71465
3680176866 60 87974
6232965 78 25331
349139611 45 36799
9742286 87 15097
989567627 56 47852
168811954 81 20260
564946168 26 75858
2287726212 27 94228
14284859 46 8266
144645116 83 26391
5350652 45 11477
24674962 28 80062
199651470 28 21590
1237068158 81 86986
22844252 30 86007
255368672 95 49544
16402517 48 65030
1251242747 10 98618
10072481 66 31434
43685837 80 96526
2018707302 89 65289
5219832 47 48848
1431541944 79 70751
160960145 77 49540
2107709426 92 81752
235395971 62 32931
114700594 29 82958
1406825 41 32713
1133873546 89 52374
593107 25 12628
570965 85 3226
20259408 75 29264
50971934 88 90376
169988825 95 97081
16455578 91 19375
77478385 70 95472
275540903 1 58335
516006559 66 69102
1003496681 9 70902
622477 74 58185
994568519 23 72273
41629513 53 9100
49416062 41 22239
70243115 39 79016
312730146 22 25224
1543330112 56 94780
6180573 48 5873
7700358 7 4301
529348942 89 50170
1248140 48 49596
702700555 14 98155
26158208 50 7840
1219284469 30 49294
162201204 67 48311
2051575541 96 80812
146847471 46 21223
928208742 41 64915
995217579 93 48958
1053991134 45 69467
5802964 39 6281
401478410 53 93584
994059118 42 82833
92155142 23 79538
529723931 10 33803
47404398 61 48268
521849543 6 41948
1270040161 5 78622
111913918 55 33805
3907 25 38
29158610 43 12706
25891162 18 89899
1009871997 48 52198
64248995 40 31975
413992486 99 37216
1114026670 33 62052
11688279 91 46929
210319556 21 37630
340318296 8 41317
35702794 10 13296
493145721 77 33265
7628064 3 16624
92985185 15 34837
62572493 4 24494
30730570 82 17332
402358374 61 69928
157884736 78 47050
1110992 90 4685
573870901 23 89424
36809677 24 90435
563070158 80 39481
37828729 14 90641
159869476 62 29315
96185413 58 16685
2813921157 47 96816
2202596365 21 74713
33011026 70 9180
538117573 13 66987
34759733 31 34015
2067945807 13 78469
1954119326 76 92367
236433 3 2199
89843063 65 24647
2127903650 72 95090
49457553 84 41391
632790240 60 44331
316126116 79 80905
146636220 86 23683
1581535515 17 66505
329985864 53 66252
128668672 90 22835
559166309 26 51121
760683940 39 51332
1078929826 76 78942
377102658 90 53797
124874920 28 52474
527113981 55 74938
1580740966 55 76897
359401537 14 75732
11534937 8 4872
3275231552 59 89595
49437855 18 91511
37257398 55 38500
2171436585 20 79663
6945853 38 9771
184510677 70 40013
34275621 82 69244
97533624 10 44757
1127811079 32 53599
166588548 1 29595
275982708 77 52549
314917272 13 55111
13405186 18 5870
719861977 58 55667
1091761615 68 76794
389329541 71 33166
679126570 73 39024
27757726 58 7656
16378 3 454
93645568 5 17751
38065755 4 99489
1730052938 55 96591
1075242026 51 92973
669128254 35 46365
131955790 78 83734
1475891047 52 94748
1728978479 88 94045
1253694183 87 78646
128663822 33 33078
66848985 65 36673
172099055 41 23390
1141004793 21 91620
1607604589 36 69200
8654727 65 54812
395107796 39 96623
33858993 33 36318
45915291 92 65257
698409729 95 44730
40590645 93 20057
167203012 41 40988
97308954 15 39939
377080114 77 36162
78505840 14 22820
1046191822 58 95027
6944004 26 30937
136364384 90 25807
158683419 77 20322
118135649 5 65485
650254964 67 60061
4670819078 57 98335
46569168 20 59841
389928 38 3547
257714211 90 33110
59091583 2 11310
169691287 76 44173
257642274 61 30369
2027533935 12 97260
2962496388 3 92353
2703226 81 83955
3547609756 32 86632
118748256 25 29204
57988802 58 46042
55381027 15 72907
359473599 77 31014
33860809 30 10408
1899133363 34 96443
2173164596 34 99289
10793909 86 6897
203741259 23 27746
337637632 66 39829
60547177 100 11947
392902 71 14666
218723523 79 53294
9296903 15 18009
2624876329 96 86017
121256875 9 25172
152749535 92 18653
1291346239 76 60777
140739009 9 85095
5499827 79 19343
93949139 72 83440
102563479 73 16747
32818865 75 8352
1076125 59 14695
4823997 43 6897
96572235 40 48723
3994445 3 46081
68234269 70 15500
757891206 26 50118
74942 43 15319
2428253349 97 99873
25509019 18 76807
3017824493 51 82091
86073528 31 13785
3283572198 91 86442
2599244622 44 88523
2799953 96 15997
8989362 66 44319
248013 89 87228
106162710 3 64665
48430583 9 10120
581128433 45 92631
126033160 40 24055
391548423 43 70383
592813928 16 75145
59736763 95 73602
247509449 13 60823
761723492 38 57692
986112773 84 89241
1984191298 70 91209
19384275 9 32422
576244088 90 93851
29798724 87 23612
186803471 83 29743
11283670 58 24176
43075 39 3908
27325271 14 18456
143143971 68 16961
11625182 5 71888
5206385 6 18122
4792068 52 6947
978491639 24 88325
247647211 96 30485
9055938 75 6776
947146628 76 89775
28798244 54 11204
378441716 48 38982
5358586 89 54991
36515680 1 22448
630265042 1 37340
3954812 50 8095
4654939 1 10065
74034454 80 39490
411764879 71 37068
210792263 41 32992
224129122 82 91638
122708 47 598
377781102 12 43836
1774659344 27 83771
129497842 31 68187
68921066 84 14668
33301179 92 21012
156861031 44 55346
1100879756 13 90083
5394856 64 10554
17175781 78 38963
549812705 83 99149
84975540 33 36790
411796105 83 59667
1183627895 31 51161
60506335 9 12303
234088120 23 95874
99101975 13 74831
817528414 21 50964
136960237 24 17475
1394675228 87 58784
2721950190 63 95952
485609542 15 72395
1886167288 11 94650
2688907593 73 89929
387523848 54 34935
331961253 29 44981
694417369 20 95274
3197695912 9 80964
1260105654 4 68011
386624008 75 96014
10171811 75 26753
1218542053 48 58518
55301111 67 22672
129288247 51 81892
188678809 75 57396
296107164 61 24937
729973282 31 64718
2361027592 96 71089
395045406 67 69956
165140 98 9492
2412806918 96 75236
108866816 13 69210
74296157 52 14652
153945884 2 47320
1551942184 85 70450
487002467 31 32569
974645000 95 45569
950258558 4 96235
1079946656 37 91645
1245969598 62 70762
58601726 86 12553
95904272 86 37537
2505963704 55 75215
5025371 31 7964
251872 50 9425
2401859 49 46250
2664619648 8 85416
553517903 8 61399
71311 43 20250
32179696 64 17307
696758252 59 55203
719679365 24 67504
1145377207 29 62621
961375898 6 52378
76314769 16 87448
16607040 5 37876
281627277 20 95801
307683823 57 35058
1 86 873
121817 44 2722
265816664 53 30839
97647441 38 37416
310323911 57 27459
1284392592 13 83407
2808717113 13 89971
1321549 55 5218
72372281 78 79166
46112508 23 26964
130406916 77 33806
185350941 35 94142
1780 13 20226
65161 39 50401
1627518759 82 64183
572535669 16 43262
82776850 24 18218
627205292 4 56876
75543655 3 18420
1937495 10 47366
70731919 21 56055
1404226289 10 68083
555538058 38 70365
1310308 71 7993
1421248686 9 55364
14589030 21 39631
1204819546 87 81283
513833173 11 75116
10874719 16 19042
86754899 1 29030
53937 16 1196
105761438 21 41224
121377699 27 88695
1184929660 65 48994
187733946 76 59261
6247689 93 4132
3966203681 50 94359
3613079543 90 94133
18571 38 11579
917778077 81 65228
7057729 49 8419
2565663 40 40549
23674377 30 81044
144520320 84 43528
1270997870 58 99968
959717 15 15793
35247072 20 43391
39522763 12 45156
6083380 36 31176
349844958 41 73664
77551554 34 97210
148792619 77 18181
814632206 74 73597
66954159 45 92572
259915530 9 43453
91934700 81 67630
199960729 18 36783
33508807 48 81418
291723956 68 67060
4751320 3 3490
1534327737 93 68406
22705753 8 85088
438905380 99 56249
344966263 3 33984
94887057 8 52751
105913677 75 54292
136652918 95 31406
1001566972 71 80696
424162 56 95780
87534261 67 52031
1021442170 50 49593
48731 63 8663
539922072 31 36965
1163124659 39 70861
10543630 92 41031
153493033 93 33709
446551595 7 57149
1579042772 3 99820
530655746 36 69747
1006996328 83 85435
210672998 52 41554
404948111 99 46219
377831193 53 65468
57477121 76 25416
83542 33 57593
244067701 3 33877
24854768 79 29743
593040192 20 36612
14009984 91 21381
1559540670 94 78183
14756578 34 39070
814840849 45 59611
3462585997 1 86284
3688055255 53 88967
21696721 82 29412
84030338 94 44358
23091739 23 56874
149771258 14 31473
1150021292 78 93836
47119517 55 56884
551431174 46 36117
912206386 98 51314
62525507 11 26605
2136135 21 2626
85987851 25 14845
2580401920 49 73384
82280642 34 66425
15541028 83 54733
2360895 42 10473
4237615 66 36571
85471970 28 46835
98472927 83 22889
5039343 96 43110
71797677 25 14413
891819630 72 46665
1351825016 61 63004
6266589 62 8409
3320827089 80 97212
1207483787 81 87763
196609563 26 20589
175421667 18 19510
42496490 49 80379
2181261 64 16696
1425022133 61 74422
252379113 8 23760
171892037 60 34565
2027053775 19 88531
810089902 61 46072
258959089 72 26421
815608102 75 99243
80677665 53 89193
43163806 15 14674
261117454 51 49176
616083593 42 40632
896558338 43 99546
691326329 72 39251
1949543 16 3154
299251399 20 98042
10246277 74 58243
37865709 35 19995
28492 85 739
2695751 70 19768
4649574 92 37648
325162947 79 49787
2267 14 663
1841509 48 6480
376959098 37 30458
10769236 58 29430
14331263 21 85537
1681472 19 4308
1068893014 22 55724
121354732 25 26161
1445503 46 9741
372590836 46 68583
2491226 78 50613
1596358 47 68352
95191677 20 83289
133746531 91 60682
67806485 88 53175
137763987 36 45468
234531959 83 88089
39714556 6 9333
913147923 15 64890
386633 20 42299
108102820 68 21622
1098378191 53 86602
316444742 1 36452
573211722 9 35489
1024153866 43 67654
57286212 15 16855
659537994 58 47775
345976 89 78861
172041658 12 54002
47029040 48 26239
226395070 54 33564
2121922011 13 95672
14352139 70 71568
73525059 66 56173
173747 18 45517
334715473 64 35247
1539323767 93 94577
18114994 13 15828
36087519 82 8677
152357677 97 27339
4041987995 66 98755
14101723 6 66924
177755 75 2835
857063206 17 52945
35939702 50 12360
83746028 17 25227
429424500 52 95109
1748166694 64 77139
173693 8 2081
6902967 59 21044
166069359 5 86529
3080462869 20 85925
3482646795 12 94849
359432392 61 86992
242681732 90 96784
159419767 91 22685
789686837 42 39759
672254947 44 62209
190439404 65 20383
73937870 38 72965
1552002824 25 67835
239430603 87 23376
43703156 88 54083
182643026 40 92719
161109 15 8709
538717132 64 49028
1781818637 89 62428
208188 8 10786
475008689 30 31758
6310039 3 8053
3490814 61 96246
1004688701 32 88015
643876602 57 83183
264639541 98 32829
576912019 9 45429
93095 61 4285
331372854 49 37932
837926930 44 99664
24185428 40 18403
3059386518 64 96997
86362326 18 55656
156370326 74 32693
43944795 20 15255
1364572296 69 85850
1779559 89 2744
7959636 99 15077
58032916 4 13236
1060874231 18 61709
157921304 2 71390
2480223996 62 99458
3146625 76 40675
132939839 68 60949
4180941 88 33328
3423877584 28 83937
355324 22 13795
190994735 41 55790
209255764 76 92362
43348025 40 20509
105000216 89 45293
12474577 5 11813
51799465 15 91137
491860288 23 37656
323180646 3 36877
2068538258 58 67872
22012420 78 80258
145281694 5 25556
763070 67 13265
548846978 9 55527
21826336 3 7132
284059811 33 28368
15331840 45 20944
3567 89 98043
810046018 73 99862
263265168 8 43951
398764909 52 34186
661784845 95 55104
4064959095 81 99281
1462328323 78 76840
1189296014 63 76781
37054625 82 58787
7391103 34 6122
48785975 12 38282
147420348 7 23318
192982 71 4956
1638166391 22 65855
378467885 76 36618
334178693 6 35828
253888618 50 23137
141909942 88 77978
98234312 22 40334
32061600 69 10592
587391280 29 71459
958056573 10 78416
30366905 5 66092
49068409 37 53768
435501924 54 34634
274974355 74 37426
155461411 28 44923
304499651 31 49238
1822561253 56 71001
1034310961 39 90825
289013317 74 47543
2633744972 93 94146
118068 55 895
271091294 40 47330
11474496 90 20965
548980807 9 45504
52115090 3 27484
417392067 1 33965
1918993 2 12009
2620195605 23 74422
1652538009 31 85885
2623946478 34 79251
166036134 19 18639
185458672 75 27018
236838173 98 69606
182601 13 2282
334911610 89 80277
105478947 89 43203
872026293 93 66276
58538297 16 24872
1613977471 30 84583
482890608 20 84713
349055484 62 32218
4170719194 86 95480
13970597 22 8684
23440854 50 19708
986172357 74 51278
26326204 98 51173
260789 71 4338
77596855 71 17565
74622825 37 61356
950001916 42 91943
220475656 41 95268
6941 69 19273
19929930 43 20798
575591622 56 57339
30075843 57 10043
577057320 83 60108
14146450 50 57893
12526455 15 6816
1867548562 100 99674
294263844 59 48835
1073092785 99 79193
18978362 12 21772
1706655268 51 87505
1372394141 8 95345
82374145 50 59208
174188131 24 26415
3239336602 2 89106
432439683 58 32789
791643240 11 57542
1008903989 89 57284
1020090817 13 78554
475487103 53 68926
9168798 19 83401
101218685 43 23169
896877499 1 78604
4728383 50 4739
8855555 52 14946
9027245 98 9988
1364555057 31 89220
167864 69 2652
165663390 24 65060
1791486328 54 70897
274759054 37 46539
13215752 12 5210
176279431 94 88978
2358724616 63 91879
13473729 37 11590
6648065 44 27553
102902254 98 14424
1478441347 20 83241
1687784 14 39615
39794554 72 30591
1998418764 57 73453
1487365601 78 70516
2833140921 87 94191
108390547 36 15905
323807223 18 51869
103744056 14 39619
344777096 80 28656
67313778 86 40984
642588966 32 69277
8128490 85 18984
26689840 41 7816
518960596 61 81573
828703395 32 63360
565044020 35 78908
36773 61 850
13304079 21 26423
38690334 95 15245
92940076 95 14075
93661512 68 40230
9457 86 26835
1590045078 61 57183
2249772529 48 91411
200354360 73 34936
64078382 53 25944
163279966 50 46078
488625169 44 93494
146422 94 64816
131751258 72 35697
100338868 9 24270
10294841 25 34311
335999543 98 49628
1122216113 95 63596
3723655 95 13982
85999310 100 98882
163050774 66 77623
2792268325 34 93818
125640 66 2958
17155984 72 68675
185187606 25 29804
1535444537 28 89838
204150106 98 58083
656333247 69 90558
12509 81 84937
2827549810 16 93168
133687251 2 98800
137497658 49 72197
4949952 55 20085
11732902 59 24349
1321951 53 15748
2649771542 89 88665
964421364 89 77759
2579981898 64 80806
44151769 20 10289
328981359 100 56115
8314108 97 24699
10999908 70 18271
10573963 77 35400
1066223904 28 85190
464692282 94 35976
3562050082 79 91485
95410780 26 19419
22861236 85 70084
1683495912 87 69210
2885934035 18 92742
16784210 4 89297
31937974 17 8033
5463612 80 98899
16638835 24 6223
266850500 97 53095
977700 1 1543
3044654068 6 84362
1878849629 29 83387
50212629 24 37988
9244321 35 11340
438803226 63 42407
407818193 40 30589
1695326195 62 74197
1999159869 81 87930
946930938 32 76508
321488249 49 44814
2874929240 51 77054
8822518 42 53446
1917192387 25 69095
1157151514 88 74063
439183031 89 74085
586404273 16 48003
207125833 92 57906
4261168660 66 94421
408096004 50 76265
4796621743 62 99580
269763421 29 27173
68453372 92 29397
10021549 44 10927
16886908 9 6475
2651769601 73 77747
883057871 86 94276
13663404 23 52336
41890808 22 26366
1024812061 18 45355
139249362 20 66907
22024969 100 40887
68175993 42 64186
28647 48 4463
50676593 5 61898
231376211 74 45734
419573898 79 54223
100211 30 2713
11251672 62 9905
117936695 94 25046
17311689 61 62322
195162191 32 46153
3998664656 71 93523
291376548 41 24750
206308148 56 28507
141396923 64 32293
1583361600 19 75097
744679981 26 43447
110838299 18 45166
68622872 54 75416
246068744 67 31994
546353224 93 47556
1166664779 97 56835
1090706787 24 58975
18569581 40 7514
362765906 28 27279
347504471 14 63893
39536771 80 24364
1885987 15 95225
3350178506 2 82524
434685957 93 37957
1498759219 6 56290
126425614 63 64696
153698951 54 35248
2949190156 54 84651
1564678630 54 83924
387793237 40 75590
133739781 83 54910
8951489 65 9539
311952990 65 40850
38308355 49 66526
24927389 14 24994
65045880 79 11430
2130874699 33 92785
1085382 26 16613
30745475 30 8399
516772041 20 62166
310206957 12 29999
9225705 38 9427
24474791 33 8648
556221937 68 75342
434295029 89 44368
153843238 1 54481
1989721 85 2815
112957969 49 15310
235984064 15 39429
1085999690 11 58229
431863258 5 89235
839794665 76 40890
2858599 69 9655
45132556 39 26509
962270635 95 47563
53986852 11 74622
1073876910 17 82641
9969539 79 87073
5598284 84 55502
6069112 95 36257
539900 29 14337
81513962 73 85869
214038306 28 21973
2668002157 55 81686
9897019 88 5691
49266524 12 17589
237910985 8 33885
57305396 57 11740
133118303 48 39694
751031771 42 82339
3036402369 25 99261
59249301 4 51293
739726204 15 91981
1930257191 29 65297
298686132 83 83757
510214529 31 57122
689167 18 1442
49657289 69 11522
1081588655 39 82995
391843357 75 53384
2668160839 84 86661
135666505 84 25332
1186439142 91 64234
244889116 26 29016
1249553890 87 62048
585468281 40 39332
465005158 70 80902
2534298273 3 77264
53160398 83 68418
3109078715 17 80159
849279029 81 55173
769453548 86 78333
27471 88 65677
1256775796 5 84370
177944142 45 67111
2195987433 82 77944
218641630 9 89544
1673792437 49 82565
1149268536 24 96157
1166512906 89 85673
69545516 66 33210
914854962 66 90384
168388486 41 27975
21226271 81 31973
3574091840 68 95691
19605702 52 16007
726534195 3 58785
1525759562 33 99748
1041285503 63 99336
75545618 97 46895
82164217 55 16336
36396490 79 43440
191699732 47 35135
33630167 67 90708
234297546 27 22215
176948468 39 34825
2754972244 75 81218
389202097 65 28742
2346594812 94 82211
297170759 98 64643
174567330 17 55963
1 41 754
936499 20 5382
390387392 6 94747
162239451 75 55912
8153544 55 7762
40722850 7 10526
150610045 53 53389
44486223 28 56110
481857021 17 83648
191590243 91 63109
255508419 10 46005
409855409 62 41579
114886720 33 40824
23325783 55 14510
630315069 58 50455
626952130 15 69845
249552834 20 70911
462112911 13 69693
1443155375 92 82234
2924756764 72 81871
203766860 65 26073
106396798 40 31711
78956336 96 18378
96730 89 1256
137744240 9 83185
167192411 59 32540
260505258 11 36698
286168326 28 50699
257837505 16 65606
30951846 43 23744
90397835 92 43325
2515061944 54 98615
560078166 75 57659
278290036 47 28860
5488286 41 73048
275754 55 8457
22829558 5 46945
17321611 28 93617
39593695 38 18728
40254539 45 94827
3468865 60 5223
296309455 33 40040
6748915 85 57672
672972177 56 86593
1050309035 14 67264
419749714 73 88350
2778239804 70 90435
2501351357 22 96013
91009946 35 67444
48556337 29 50831
15055486 96 36839
696502972 1 87676
90339986 98 14589
8946988 47 39631
14218 88 653
417408164 93 29588
36379455 88 61680
978571085 41 74640
2655327127 82 94691
3967243626 63 91832
1251008 87 46044
729119 78 1252
131231462 44 23309
545852640 2 63928
5356928 68 37084
751160843 78 59769
45629144 34 28598
280178072 3 93399
46435130 92 9889
460929153 63 84563
228554705 96 65518
5889132 66 3411
120747637 47 76552
1575871145 91 86137
1447337674 68 76915
1 61 781
271172152 4 44586
278344 10 16763
110657370 41 34824
75044198 96 39424
116601524 85 41642
487012383 80 83965
38718805 50 12108
929143061 56 97002
36532229 10 20834
2444989344 62 89015
1820918928 80 63743
1653178806 24 69842
998123894 51 51477
3038749120 58 77938
532211347 2 52367
630606743 27 56757
270989625 39 30833
583581447 25 94192
1241432048 13 92501
3752790072 78 87625
3437880923 65 86406
39091292 61 26460
775870916 63 72950
32176619 39 8758
103766455 83 39945
266878318 88 25265
134672378 9 45933
1364665850 86 80705
1130168385 19 47797
597684012 46 59782
125744 60 14732
7179 39 494
494753450 72 44800
340485099 37 43601
865583219 99 57426
2560160877 35 88857
402669 3 2031
512986141 93 76054
36148576 15 17061
159781138 3 32326
28158795 91 21864
2350037765 54 71210
116913553 31 93658
905904917 9 48083
73527 43 1198
2198534378 68 85356
1451439292 93 60589
1704304253 10 94101
117273704 3 20445
1044630901 38 87942
2937725630 48 97190
218022722 67 83344
118630742 98 64658
110364176 66 27719
963222898 56 52184
9685878 95 17040
3307900 57 6578
203505800 77 45649
712717412 52 49655
842013008 86 88530
806762477 95 73729
200133829 85 65643
802971171 8 42443
326027421 83 34896
565054749 13 39265
2473740066 91 73704
2293275156 62 70848
612294430 43 41628
12477381 48 77230
19872263 70 15033
45530378 14 17883
69986264 49 88680
3453446868 35 93955
12583181 43 39547
3814185647 23 94050
79780188 5 94048
31188418 50 28355
6574871 70 87383
22347448 34 8064
2609181 44 2704
1501010532 16 91027
6537896 84 61728
22004977 26 39842
209255897 71 27736
33415167 35 62698
3101011164 81 87889
770583921 18 80658
77482439 18 20273
400774195 4 80564
88693072 38 61056
47394210 77 70718
862481619 28 80094
309071348 33 24957
371984034 20 55233
1861956230 71 97017
1200255590 51 81309
66756226 37 45875
132014115 71 70773
1307294 3 6845
208608918 84 81010
308987614 36 68018
1218495 23 12814
6666711 58 38459
22696391 83 51656
902199484 32 57313
7914299 71 20588
7345557 56 4891
167645 76 27588
335513369 39 65966
59913912 72 92634
573313 2 10052
8600224 89 5340
2014565249 16 68226
909519678 28 45459
9268655 88 10400
1275888132 64 56048
2821527709 82 95726
52137094 24 58320
17596432 98 81482
109332372 51 26484
1206243 38 8284
53116405 50 15847
2015465611 97 84169
156235162 61 24034
1137567836 54 93073
9626266 59 27387
147332342 36 73773
1257006251 76 50642
1975081804 82 93768
1272350490 5 79381
15857101 84 12864
8861466 23 17464
374115620 43 28628
405854339 62 39592
28901776 4 11466
451165589 63 92013
5176654 54 76549
2216948 49 16629
1463755776 51 65371
874366239 47 76765
191381478 68 29722
131239167 36 47904
99768830 100 37431
1617501917 63 63860
38009624 69 9614
162920062 98 28023
1996286896 85 64924
63865581 60 13812
2205390962 44 94667
3243375861 84 86717
2584938435 51 97285
637178125 75 79867
374803 18 18653
603739336 70 49699
267083429 17 26826
17026003 35 50942
9673202 71 5532
1760604865 40 68871
1170408845 22 80051
15293526 62 78598
69859983 51 13982
22228 47 13471
73998 28 9100
19902955 73 10735
21656199 2 8128
1345909174 20 97893
28111115 65 44329
683704137 98 51187
853882907 40 66239
2240157988 57 72656
110853068 74 51350
1977252623 96 66295
1185524 84 39360
3011612397 32 79776
27330348 52 86770
212590938 42 29182
1299187665 80 64850
903078 19 52061
345765586 8 85902
57581380 49 62918
836071592 67 72204
68831856 20 13752
85014450 55 26915
4028434601 31 90030
1601837008 3 77840
56305543 68 26019
120380 35 4160
143977 87 517
3336036 20 8246
971204070 53 76865
45377426 54 21852
6966514 35 3860
473847132 65 32522
1108267439 62 75263
11297346 53 9422
934795042 48 54448
84369501 45 49278
35144763 30 80635
1302894241 37 54587
3620827498 67 92972
22290887 97 8621
12563259 54 7212
186799234 53 21521
274602201 54 88063
81538728 11 35404
72481533 80 62385
5537279 24 12971
1037959101 93 63684
562073344 25 65257
27651759 77 15736
2624998206 48 79490
186865883 30 44178
60198980 66 35155
1891149732 63 70146
477410937 27 51014
50089145 24 18064
90624514 99 26536
758828 90 1715
325052609 23 38663
667788370 36 52816
30892909 65 48310
60579702 53 17558
239578856 45 32584
23648345 12 12741
75399812 100 42093
1292439182 90 90919
217870038 61 22065
518558 55 2307
54097871 55 13568
606173026 15 49849
355471481 9 83947
75541502 56 50655
812002138 82 50615
21699682 67 25654
1177336450 72 83959
309467652 27 81831
409411572 37 28897
599687350 54 78958
18269022 29 22147
69698408 97 77590
876367210 57 42340
2362461663 37 75701
182531895 67 67932
1832186127 23 64801
419465173 5 51092
455504955 56 68724
409791433 3 46825
922108 82 1930
205173989 27 57383
4287880 83 7323
382035729 92 69172
1351393734 8 55904
345385618 45 58925
592326332 18 49795
223191941 26 92032
178931837 14 59254
2582067857 54 93183
150907750 70 21525
947170409 14 51651
2226529 79 45344
13534451 17 38489
259923205 74 86651
44420 73 11358
4522840 24 16533
956017359 45 80614
4147470 3 3804
542239287 5 50852
120553555 83 61823
657165685 97 61829
4423370672 90 97740
110622413 91 75063
892478395 35 70529
524022009 11 44396
9637221 71 5252
32061289 44 18832
33571449 41 20390
419233598 89 49275
25500427 58 24983
1691891441 98 62005
532381195 90 62629
305102043 27 34310
156920462 68 23901
714946962 12 81629
164664646 91 70028
6790159 32 6979
19491 2 23828
11392272 14 58227
63923845 12 27878
3416779233 58 86327
572985821 84 46993
290232 38 9831
4795974 20 30572
98751582 3 61612
23949052 88 74001
6082969 46 6787
821026993 7 60503
62917039 99 29182
59271535 2 15842
831878117 18 51016
2473646012 78 87185
69300639 72 31917
591440408 88 58089
357531 34 15666
222501899 65 82923
2259718854 90 98171
3156097 82 30897
111064988 85 95519
499082605 66 47682
783601649 44 55628
772827534 11 64870
3584114422 62 92230
16638957 80 12786
38739358 85 24494
2896752779 45 91359
43390249 78 94035
14954953 7 81211
37801500 3 12043
219736628 13 53317
860049621 49 99509
329656499 69 59244
253116983 83 41326
280752396 58 93745
1045465043 9 88472
5051727 12 31397
203664745 73 28035
66536762 8 15545
6234 91 8670
24059497 14 26028
499650315 65 31622
201457323 30 48326
79268924 17 79850
145002195 11 91521
79653405 42 42117
1082810 20 75019
6266075 36 71859
2531668733 14 99040
2252584001 13 84859
417138166 7 58034
1485245 27 9098
1075403618 74 98213
147751499 92 31666
921684851 20 59849
17451506 37 6227
207551086 65 52334
20520646 50 67458
285451224 27 93773
504334 14 96980
13659842 36 23687
1337663297 69 69902
315405102 81 59116
161158955 90 24239
1182149 89 90084
433165078 47 61465
1983462 41 56659
1360306733 39 68549
15526112 53 12599
2350078950 7 70220
210999200 10 55957
36808265 87 86945
231960204 6 23267
2712437550 43 84014
336394 30 8317
210956787 50 49283
112401754 17 74411
2237862142 13 94971
4190049290 64 93587
99364905 91 24613
66644325 72 22412
374299098 26 28137
14376072 99 10366
18432287 34 75112
1155026205 58 74352
1073184033 20 84649
8947491 70 11379
2934927400 34 91223
436781015 70 86459
293985888 56 75497
120065762 9 16689
1350098953 54 92464
340647575 92 44394
17612702 19 40476
480976423 11 94422
377009719 22 38641
6716785 29 74988
60033507 96 37029
827636559 56 50805
71131915 32 80271
1646219210 24 82022
511478048 80 82800
33782727 13 9272
1106284968 69 95998
229402 27 33081
30171485 16 56186
414935554 25 29141
570399806 20 39879
1689572 7 8151
5539529 13 9379
1150759180 58 52634
290868594 15 44430
77692422 37 15088
394425 21 6606
693190853 97 61967
798398607 59 98906
527537291 80 58722
83571059 28 23559
98387797 41 21163
20605166 15 7974
1068906 89 3206
294836817 90 37369
98205459 28 17329
129619352 99 27459
21552040 29 43745
74141 70 1064
11639271 5 5659
70118051 24 21611
125543631 74 32795
174536878 99 30766
88205399 29 44096
6142029 57 7323
29044471 3 8600
363899614 61 33929
254843168 93 62269
190442139 65 99740
70113249 13 13744
35740984 56 91524
185407147 31 31877
70403837 71 35948
115756717 25 37054
1349816471 46 63474
1368337298 11 78263
55181 3 84286
242523252 87 34575
1387984 4 69400
10616459 30 8253
280709454 28 36207
91986 75 81796
108861299 52 79510
501429907 32 61565
18851257 50 11943
441183022 58 37338
8484689 53 30282
94661797 92 75956
1248428645 26 61398
575995467 18 42463
191261193 42 82254
483959458 31 78577
79796433 29 37475
66295533 99 30802
1326696008 81 65548
1384060699 60 88044
239657 57 2850
1721749511 14 90984
962742903 94 54546
3495266140 92 85812
73101 55 7999
418356940 39 47071
1101139506 44 72703
381570500 35 43874
296565487 98 26997
93319507 100 45912
3935716 57 10918
348533681 85 85420
34724273 28 9224
4674422 54 9607
153294636 12 72438
520271793 75 98233
1115525597 71 72250
3295312765 2 85820
397419874 59 99189
657194942 92 73064
6532732 6 5746
37290173 98 53979
899001637 39 66241
1138077 97 32658
33532913 57 8153
129893559 70 35318
259684999 16 45509
2620246 95 35002
3619017486 31 87497
2619700515 92 84008
479724320 91 36060
192986233 7 82129
9206523 3 13230
119069739 54 16570
3004708196 33 81754
243685719 87 26117
945668 2 6958
1205596 46 1774
463660105 64 39977
123821 64 7432
13652449 32 5404
1599705218 25 64361
480437298 71 44418
59016588 51 18858
185432758 78 76128
3125790 24 3401
2624045036 44 78961
185727017 50 60059
455408116 97 55343
106710498 26 90886
548373289 50 60125
697636656 56 43255
59657825 5 29341
25480 76 2045
155753333 76 51811
2072371 56 8798
1826518730 38 85309
138926155 47 37111
354812055 11 82469
21144041 65 49341
4021165 15 8841
246503 33 8254
7086643 40 11562
898822260 8 42502
159739841 42 33249
47302258 35 49748
1211047000 84 68026
165486184 46 47222
1992171760 57 91010
179159 16 38272
1643357662 95 82997
143249676 3 46797
12611504 8 73368
46893 74 255
48743935 86 22348
1097957641 1 64195
60533230 57 13919
1362869713 33 59401
597913920 42 50728
394789364 37 70212
371794542 37 87453
185239 32 32786
26344264 75 44935
16367883 43 26011
41996050 78 50613
618199993 83 96809
1624460 64 12517
78045336 43 97957
1068010396 9 69187
14783556 5 22741
73695069 10 23288
384461177 80 65020
534817535 8 52249
6810092 79 4114
99205671 46 62255
138006369 42 19840
349229751 98 50980
101172156 28 19314
23385595 91 38718
9084320 48 28650
21667748 41 29561
99444 56 1044
15306020 93 10032
336854176 56 59340
6477627 22 3965
1098297034 29 88152
105521 65 6552
696675405 100 57870
18800049 70 24534
1650250579 28 81848
3486769197 85 92632
104302155 39 92554
578106254 16 93211
1393524846 43 65236
85371617 75 30719
100684380 34 14321
6482770 25 37337
233081546 14 22217
287273849 54 40296
84984339 89 20711
53277556 30 25440
261144485 42 84182
95459564 57 70455
63920888 25 78271
5030290 63 19286
8564582 52 46127
77329513 7 35602
668700745 69 51163
5298990 28 18933
175542356 8 52411
21791355 89 21944
952979909 41 93705
85740699 59 46809
1755366367 15 69671
1817986896 88 99467
18580100 26 52886
279164193 38 98845
91642 91 2435
39323825 62 20131
1050133712 86 50952
9495931 28 4648
740894436 10 54471
96348130 51 14852
3723524678 17 90481
819997157 11 46309
983333090 56 65730
2094953188 63 75005
879427 48 91635
888003674 2 43848
564297379 56 63081
87953675 12 22236
400764836 23 54575
1330857761 29 67071
33644523 48 90567
166026467 2 19625
13334771 73 59093
373320249 68 52448
959005314 43 93780
140607379 91 17207
23965079 64 26862
3127078507 19 96756
103154766 16 90699
112412722 93 15779
421083047 91 63468
591889707 31 64865
3353087035 79 85562
290076 59 1079
1534747874 59 85060
105383 77 19753
823335723 33 43137
19322105 79 75277
374796236 14 41989
476000034 24 44521
199363883 64 57027
41319715 5 18733
14000754 73 52570
194464523 6 28921
17609955 68 17454
1529956 45 5722
1340306362 83 91968
168584881 97 73121
804747529 92 60249
7409320 91 47426
1534432727 99 59973
2662995105 2 94534
72962 73 8479
80873705 2 66909
36594864 8 49372
319459699 5 47625
1307398148 59 96930
1027981045 57 81007
722666422 91 82382
9347201 60 4649
775351267 95 94950
189945060 7 32618
1337535464 49 59717
2847804832 45 96202
2419549093 82 70986
728009316 85 60454
26800627 68 55515
1874711 100 63691
5902916 75 8600
1173436867 59 56706
395362663 9 29916
61813651 98 20261
2019587970 33 81143
79003832 11 27871
2841205 12 90112
1409374196 70 95198
411291454 87 59920
920986417 4 64294
138708196 29 60427
14848943 71 10766
1781700849 77 60800
63725378 66 13090
1828958 87 62135
48967010 54 64809
1303013212 45 88577
1054498604 32 85292
317681989 72 72639
75197941 84 44388
87422457 85 16069
64229643 97 14853
248194627 92 90983
6361118 84 4068
440095968 96 74930
699700802 14 77123
1 59 71450
41304 98 1669
13851644 79 9522
644870548 44 98689
8420120 12 31884
2898519202 74 80772
162968951 46 46981
974194 17 20259
483457928 28 37566
3925843413 44 88851
18311351 90 98827
2888800997 3 84824
17676 6 1096
66985377 82 23656
114867731 42 69855
18383494 82 11225
24463837 98 41297
1963841 93 7948
165565524 95 24941
1536135098 82 92513
1046969565 73 89380
10777277 29 7916
600634 85 13565
28039143 76 16197
518134170 61 57604
46544009 72 23021
88056109 99 79519
903912193 76 82666
37384795 76 18514
1493053964 62 91022
246454 26 76320
22849357 20 17358
638735473 82 40247
2153509237 42 86858
371403521 94 95802
169222 33 71508
117158765 4 75678
47026772 91 43572
94459596 32 57236
1692200440 83 67704
1775673057 93 67899
158723052 4 34898
1440379829 61 82855
70739601 78 67048
1196261186 52 78795
2736286 6 12915
137623023 61 46752
156679968 4 21580
21801997 70 92804
140171183 32 38292
593573202 100 87150
582800619 65 73818
346661628 64 53636
699195311 20 84478
548554790 98 83737
4421769 27 10348
1879830 24 1954
1090786734 100 97826
382916 22 13822
11458615 28 6240
216807704 36 79333
47977085 19 21078
92297768 61 28196
478582 46 951
799261126 80 44760
609028681 43 39643
295449540 56 37566
1977051798 77 92679
380876398 46 68681
7521971 19 5851
134701849 25 37692
904262905 27 56007
1713883 45 43156
2048506374 19 78862
1785927400 28 76220
2110781 95 28309
2302720512 33 72563
3364766 12 31885
185628641 89 81279
34140396 73 38961
11040300 73 8339
1769914 55 18933
1333686 79 17595
24320643 88 24664
310788411 9 31096
110102348 100 76021
2903594 96 17608
55472 69 95042
43813766 4 56998
1120520436 29 56240
583480563 68 36693
18286826 73 11094
668138626 16 75104
86258836 45 88597
103465780 33 55669
2644012 5 9927
118520973 46 89300
1267212901 14 92199
22130240 16 10950
10575117 5 57919
13261978 64 17523
984981779 27 44642
247944637 27 97161
754403777 32 84783
43322267 65 37426
1676105360 66 63463
388889579 57 70218
1233591 99 8853
550935419 77 74741
8794 33 62509
3263531 98 7460
115005727 86 37244
920237636 40 78608
72068202 79 64106
601058647 2 78048
291955841 65 59359
666735345 3 80865
354150041 3 38066
29360131 48 45094
202756217 39 33874
927684120 82 43238
3545596 68 17887
37955085 39 17330
77372 70 3644
152715572 57 18314
178031632 3 19325
497632903 77 51976
87683090 30 25148
292720402 4 68074
2808694101 70 91584
133081511 64 22134
4189658981 26 98996
765131 22 3746
1131959494 58 99794
338461240 5 71614
170751704 13 57643
381366592 99 71427
8594 44 6214
452596242 74 93052
72392851 12 96127
1560001132 1 64135
510680661 39 93206
440599481 18 63848
265440286 57 65222
1775022230 20 72412
203672410 31 58316
409042477 58 94623
589125179 30 76812
856692329 23 86308
2102853409 43 89630
24021917 10 26009
859069398 88 98900
146879660 27 40232
232211271 41 83180
10208835 49 9878
118374119 40 21657
21182 30 565
119612267 12 37562
16678057 30 6177
2160855235 24 70967
159712225 20 22612
1576482714 2 67703
19996378 54 22642
17345370 72 35244
49897637 12 29229
259648114 70 38534
520746619 64 51106
2140428789 96 72193
1880369665 57 65201
87662870 24 92248
1569632090 55 67299
4253294238 99 96856
2286288 53 13187
641952599 3 49914
1115223148 19 87633
465534079 5 46788
50275570 15 15035
305891 20 3076
59643643 67 37265
92937679 5 17920
1118720373 9 69779
87814532 26 24951
74065745 52 13433
263403196 74 31917
355005665 54 52876
65667908 75 33825
308675903 5 34302
42245879 39 13245
264940242 60 63041
253240084 17 94840
15227124 36 11167
4077758 18 43349
1697178838 49 86043
525345197 22 59319
548988237 49 41929
115901054 54 38633
1795432131 33 88769
149253438 2 34639
440442899 32 76002
398306374 51 45562
5307480 20 44958
278138569 40 37520
1242409909 42 99174
147824413 97 21143
44496110 82 16654
31398583 55 18038
1089927 1 7166
143677530 82 26495
163840308 86 73444
591524006 41 95419
846961893 96 58993
10649490 46 7277
2047290485 100 96869
561764113 2 50022
1636373398 69 90016
5187438 28 86402
7548942 35 25261
14520145 56 19011
18224974 9 31620
202952397 22 60190
11778430 86 36167
7036287 40 30467
5135827 74 18594
489962 33 94524
426004 27 40058
949641733 22 55681
99489554 4 58889
905302533 100 76112
116096146 96 22370
1928185272 76 62391
23357049 51 11767
93222641 47 92318
241187593 78 33260
851121038 44 91523
88486935 17 17332
1592147108 62 71478
3533742 35 4650
969564811 94 82371
219326220 75 36914
129853591 36 77892
3151881660 68 83786
2140885275 2 74286
2391827203 3 91880
337957 1 2320
136318182 93 60600
4735402 41 5291
872516342 92 85570
2025180334 16 65278
11398793 80 19313
1449887321 76 64334
75117222 78 27858
2185209832 63 71403
94071228 21 20727
523962 82 1220
1334725648 31 93203
142356549 5 53877
23161152 1 29535
21900646 98 34013
35886653 83 61501
4563997 27 92215
18605806 98 8098
3590628 73 52891
629892181 59 38442
295437480 56 85846
1521556655 72 68514
813880442 25 64079
322607519 53 36816
1527918909 65 72839
1559967 100 1991
315250 88 75757
631377554 78 45525
87421918 40 92527
10595961 62 21215
170193826 72 20822
55440134 82 20893
1353106790 66 81142
487232999 15 65228
128855715 44 44943
455763942 17 32891
1497965877 74 58444
1652085 96 7298
1388627781 80 67726
468183757 75 81990
1321257 49 2483
6414050 87 3551
516137101 93 37131
2831727708 37 86976
264748748 43 49846
680503193 56 78047
250475019 70 22384
1983821762 15 97526
773876539 88 50088
51389615 9 87147
262844764 34 57070
787965215 94 59333
76453236 62 41482
249575238 31 53926
292332798 12 43336
337923134 74 61116
106579946 61 46665
71570346 19 31193
14275430 96 36223
32413004 95 10384
2364995405 40 77304
1567682145 48 71297
999890597 30 67680
358361831 70 59970
191629406 16 94343
307169445 73 93228
8775885 38 81432
132783 1 11057
2829026515 48 79172
401757848 66 61752
352547829 79 33197
2043855905 16 93255
1669771255 96 97020
3825548425 86 91779
3090350 59 2628
272275299 62 89762
42616053 39 52205
91612503 74 25702
383520255 72 70508
21822191 30 23549
91563685 49 47116
431037981 16 88334
341448769 57 50974
867698158 55 87186
762609986 90 42575
26235523 49 18950
1090519762 81 49539
2758056360 1 90447
49782740 5 65471
780257628 52 70322
80975814 35 49282
1698822068 65 81924
1293061673 43 60819
67905485 16 30334
3302287862 22 84695
3357124185 61 84052
8511776 76 21538
49508530 89 97574
117272886 79 50398
393389 48 802
84742834 85 38721
1746328779 62 69240
161897966 85 48130
354767313 3 61746
3204838 16 15034
1939675 7 5758
91567688 20 32703
1589530 74 89043
10297114 59 5916
38453153 2 9326
413274621 55 45293
195285349 88 69239
1812292347 85 61125
10998731 2 10998
3644537208 86 91721
1372424 46 94311
1929854 89 2370
691407 70 92714
18483800 8 10317
768159532 67 44401
591589270 69 38551
320611660 38 57993
254076164 47 27338
4869321 51 66185
1921950641 39 97511
649778926 65 43159
192003399 16 26671
939983131 42 55076
355995527 68 78624
596460 29 2283
392561274 27 56139
279074970 66 35219
22469815 45 27131
928322359 28 85269
553574 67 3487
193435035 63 88335
131673080 17 26774
55978085 100 11955
317342851 68 33032
270574311 63 70396
197164229 95 26318
1055790 83 45566
1300185593 17 70274
524794721 71 51243
10158113 14 9655
317772901 65 48943
27465520 94 84784
515617384 89 47989
10985934 44 31093
2765646 3 11479
21988212 90 17684
3784741 89 3489
66177431 77 59055
10632228 20 5127
238738961 28 68623
559911295 31 99722
623330298 86 82859
215997905 62 79638
28801112 79 59512
230621662 39 91072
1963962195 48 86788
143849377 8 35549
152474 51 1717
5776970 27 53489
35240290 85 42923
331196847 11 49640
850623736 80 55630
632326041 60 84004
5527017 99 25202
8008568 86 5845
796016671 68 62167
23608946 86 47604
124168757 17 15674
1326977297 69 77320
693935953 70 52981
657277 76 1335
1068635309 100 96828
9067925 99 31017
2703883963 52 78067
1897405500 28 74000
1016990778 33 63141
139254426 33 69026
2389130760 81 75066
510078452 52 48158
186824277 94 22415
341737422 23 54154
969960995 88 74260
454356147 41 67556
1024822185 59 68805
9497298 62 5389
743276278 87 42244
2955726734 2 87008
22858969 56 87246
6881453 60 29341
13073336 19 17964
2955716298 70 84205
1055889532 22 49053
5018305 19 96512
628487326 23 69113
166253263 17 24256
1312680394 38 83131
3382879263 18 91331
50704898 16 13434
27237264 87 74010
731410084 88 43239
1281168151 74 90381
2390778127 94 81033
1081023181 8 99572
253441538 81 30670
76309445 96 28038
98970036 2 67184
17459128 67 17583
98555685 93 37563
680146 50 5312
900187509 85 70614
158330733 61 36257
1124804508 27 56539
32713075 18 18869
1287144 11 13320
397202385 78 31317
1006257416 67 48287
80252731 9 19970
9830023 34 15346
21210304 71 12387
1218707493 75 99269
82983850 52 30765
112924646 41 21354
15272403 21 71050
3720344924 47 96260
23463678 47 10783
5031037 66 11644
341484687 94 45857
432523876 84 47663
2367095461 60 92886
1362646115 40 55248
8998325 85 5191
607535967 17 57359
16018333 94 7340
65344631 74 23790
3605501 55 9870
108057494 52 19423
1078498317 41 80900
352058014 47 66786
1802176 4 6976
104224 4 25513
25021697 17 39998
5348119 96 14547
14287803 56 37211
163125734 40 76433
2810900302 45 75146
30946064 91 19822
20258681 36 7195
55584754 84 48822
145689760 33 32649
50204297 66 86164
17621168 74 20953
594059546 84 91183
1379067591 7 82806
15784600 66 6956
247910650 85 78180
2007670840 79 78798
1729272013 82 94647
224703 62 74168
1918712777 76 76427
13749165 96 8392
1648203257 58 70791
25344611 15 18048
20268147 10 7420
968519826 81 52035
1336265185 55 79658
3154445 54 2983
1239117045 86 54701
1555608541 14 78729
221966037 76 49298
771172756 97 45100
15222843 81 12822
1911623959 19 90357
4510685 6 31824
68063144 91 38594
88973944 86 18185
152135520 32 83480
23964332 100 82735
171397058 18 76193
600790184 47 85152
1309912337 12 76205
25224052 78 18177
975936612 45 60233
330562323 14 33910
135332582 68 27374
188170342 61 30048
691432225 55 60165
663842883 88 49872
632026891 66 55176
899179047 36 73557
1221154867 31 74157
2305298980 24 82153
2190380388 21 72170
278916 44 1264
212598 47 618
696566323 81 59465
388176533 58 33356
4920650 13 46494
7152613 23 17544
1 42 18302
474575273 48 79121
7103937 96 6385
426614184 20 52894
78854182 38 30200
12132 5 1947
195133110 78 48688
444502407 1 47352
1191442783 44 89693
3327068 18 3907
790739 8 66452
23219270 50 51144
2510678827 57 77532
5796963 77 7860
1205274 6 10633
9390579 82 92619
2042422203 5 66919
748393223 16 57759
27555353 18 49985
27724601 3 7964
3373454986 3 93406
7112237 14 4138
4648763 39 63473
19792781 58 11165
258269941 96 51961
316252181 56 88187
30333905 52 45543
2127263496 10 66994
876781794 33 46622
464865154 46 32691
2358586739 19 81461
451121945 34 64415
52346521 64 58392
1291020921 81 56698
480244009 84 40154
292891742 70 29874
8411608 92 22764
165342359 77 85046
1943870 17 97184
387332221 32 27974
18841709 83 68985
198688570 5 22409
363979137 97 63790
68391739 86 30613
21850559 8 64236
313632257 97 34691
3836618 40 78436
836854212 50 62747
139232578 93 54320
267230301 90 32944
2344320 79 53641
650359623 56 66359
216244766 89 37328
28353567 5 11944
11550678 94 20878
38506041 75 29945
1303833045 60 56140
345347235 64 94637
793017107 64 63148
25599414 34 47572
3002324569 49 88396
17319988 28 13284
1037384835 59 80913
1475437015 71 67901
251000402 6 79145
1540513114 100 80554
400302648 59 99922
139502405 69 89192
1816355430 22 63413
838927447 23 74389
644566353 44 50114
70922880 52 85132
2407553857 81 92892
989837728 33 87013
3015942780 97 84990
318250011 86 67051
743966725 45 41514
1310473 41 1929
522586482 55 33429
32131458 54 58224
30412966 99 15368
117467567 47 74080
2496257708 31 95050
578354957 82 39858
339441271 6 73715
16039405 78 7495
1315934030 67 54164
940452628 16 81346
104902743 66 51508
1998127310 75 74290
4594969 58 9515
693967589 92 42326
1150939707 65 85296
254519173 92 34058
355073 65 42309
402628223 16 36135
27940311 46 7784
53941673 40 81765
3812583212 29 95767
1246200074 70 97308
864041606 30 76973
296580898 12 71065
197544833 75 74177
4955901 3 52082
140959702 87 46748
1063326118 28 48982
335653433 90 37559
183891036 93 37620
97219427 53 84513
1423465979 11 70973
552983019 98 73368
323127152 37 93518
44365788 32 11128
217728072 54 27670
2141805313 13 71236
3483319 20 63162
103017259 39 20586
2103140258 29 75762
502466808 14 61360
9206103 86 9669
64398455 94 15411
12340683 80 68994
540366431 62 90223
10573065 87 20815
40046774 30 68317
141396207 12 22172
4189047 32 4629
262694338 94 25862
120953626 32 53867
74446374 37 71936
2853422502 85 98316
270730708 47 25443
194381242 3 66367
1256918427 74 57061
198246023 72 70426
2016956 65 2821
89647703 83 45354
165977368 96 69704
112465336 9 59978
47169022 42 84137
311172150 48 33516
19493758 24 21570
193986 43 9725
219971697 78 53124
45159106 10 42486
1067442729 94 54544
869988114 76 42619
249152 60 708
3776894508 75 93268
56864002 92 78369
745719611 92 60144
74856416 16 16500
2772613092 42 85912
540226322 51 68679
1984087087 42 97481
1638721333 33 78871
77655984 13 14999
61787721 71 38482
88288809 53 28890
173229520 57 33202
939056869 33 47975
2083502669 48 64840
437394507 37 62370
121595 35 6112
112264875 7 15397
58578981 8 28313
11371 54 1051
27025828 10 51295
17337424 47 52170
92367715 4 29293
873191622 7 59103
1872532 13 58858
85861429 96 33162
17595682 67 7285
626692497 78 83122
189490102 1 90226
1884892263 30 87321
1098176911 15 76349
32708623 21 43663
871827 92 34494
2314935426 88 74185
127367456 35 88963
33557352 99 89821
2232760 92 14267
322366017 51 93715
54884417 13 31776
54323702 13 39035
2632681 15 9421
97053834 78 67021
2012115747 14 72802
690637324 94 71469
21550140 38 48578
2465850548 30 94024
37651155 71 68647
275525484 2 96562
256712306 97 94485
1153346 7 19712
36217889 82 8479
156285954 78 50141
3848156370 33 91845
54925341 25 15673
616607673 34 53327
73892754 55 39688
453215865 11 36782
782873906 88 58906
570950920 65 68503
52641475 60 72153
1789460078 93 77829
392468586 88 82274
122356812 98 27197
728204 27 13177
790260369 94 87184
3555606848 92 98595
37428924 2 48887
31384653 48 11762
1753790386 68 87832
23864751 84 65931
793901413 31 82090
23960011 51 21928
244445970 8 80962
249984907 13 30670
499501142 60 43144
11031933 53 7833
177568250 100 39452
2118652194 91 85062
4004512 16 93880
19621 47 3552
30704930 84 19632
461797742 41 42698
889329249 66 80626
612155360 59 48856
363639606 68 96186
112370 73 1799
58367115 62 79510
709193142 46 63058
3195853093 8 80177
2927765829 10 89995
601605216 58 41346
1350196123 81 64274
5697246 16 96362
47030966 26 13534
1951383249 58 78233
147649801 68 22798
825901 61 48447
44269570 22 18873
1181770879 82 50174
1275013411 90 87076
67827344 8 45101
9296611 17 13380
502524224 88 71104
316393451 95 71404
3243973700 39 94575
925059164 3 89771
247392160 67 78715
639251029 9 44315
162678834 18 19330
15210062 65 53127
638206 30 2648
407335 24 6740
210510835 67 31519
1242446 35 1985
396313334 70 76129
65757748 24 55950
387563810 31 72968
3190181 44 24514
58858976 7 81554
2295673 42 51426
213385063 16 26618
465692064 43 37561
6258370 71 36228
2594492107 17 72283
1632194371 93 58773
1844034828 50 64027
1276111590 13 59217
264356779 24 67135
1062579 40 5727
636016684 92 79805
70046897 36 20977
36783 93 47012
384723805 5 71427
2452997878 79 81153
140803840 81 52445
72128137 25 21811
165266476 12 29708
557184740 23 86905
2555027791 73 90830
155830 27 489
1989000688 48 74758
394447704 91 64007
1570173105 90 76432
222540161 34 69344
163335254 53 35433
2848603 90 56041
951911965 82 59255
737529432 46 61553
2430186205 56 98056
10233184 87 13245
126900254 58 17852
297506 7 922
23782779 66 71050
2785356 38 16308
6429 88 1359
111132533 79 69536
6027685 42 18319
11910402 84 12359
5660883 93 75196
40332301 42 24284
3927720914 65 90430
1558919 42 78659
414118636 20 41548
123405689 39 20475
309812342 32 57614
27701833 81 17617
13191117 74 40721
1597594840 48 56956
369711833 34 31208
37195536 57 24930
41760534 100 38468
41098286 23 44875
34515194 26 48003
197521916 26 23306
826475420 19 59446
598419681 13 63678
1224582877 81 54335
509628665 25 59537
56459370 8 88458
121130110 43 87287
14901089 93 51630
43975 66 36637
213852822 30 94058
133832563 58 46016
282397451 76 58691
56580942 38 50264
1791707046 99 69193
412823643 97 39395
1207832 17 13963
5873522 68 42972
235754760 16 22844
264010768 31 30115
541293033 77 73038
432544705 47 79855
289756932 61 49379
621261171 90 51362
9585109 60 71283
380975996 37 79127
768917812 5 75099
388068 25 26062
8356992 68 91084
276814285 100 51991
1024966316 28 51594
1881257 23 2406
3203036490 40 99644
710185395 44 42206
318755976 84 51712
188601171 5 71145
1093477433 35 96034
549539221 13 39023
742753389 21 72067
421893 61 2605
2641646332 39 83253
235671185 33 92849
334940146 37 44775
55175714 73 58388
21662051 70 88491
172339361 72 64006
8365949 20 44754
27646172 63 17414
733331252 78 98801
3663674172 73 89933
95894924 21 74495
313998638 68 76604
949538126 76 64442
1302235 65 2909
6668597 42 8538
911532939 62 58145
672365158 49 42537
6202870 18 13250
699553858 67 50018
13949151 53 98184
2993231 66 2619
3133960834 31 92416
187214 69 32372
331580650 18 74767
2153624551 71 74386
12619118 97 8293
376890097 37 49620
37517721 95 65862
334649951 25 27225
28207246 8 19918
5841362 32 13342
171323877 22 21248
96903975 80 81690
62395198 98 60682
112040887 27 87846
25506399 68 14213
212164 87 19459
1504008243 51 58855
31593248 49 25442
165771181 85 62497
19479948 80 66858
361537817 68 29008
29313456 1 69954
2859887 29 9454
81166690 36 25379
17837 30 8956
2406302887 12 78813
714616776 28 92637
44755645 36 19705
326773874 47 40879
501141222 57 39069
724644036 1 40219
22038709 82 57593
33210 81 38284
627868612 8 46781
139432082 18 29940
96138494 48 14348
425655648 20 77281
7325182 33 5085
6441 99 2183
87285 66 3673
191593 65 2053
32081399 27 14037
1865323069 95 74116
2159182763 66 71219
2447268647 6 97878
939675006 57 51813
4279288 81 22433
75768033 4 43825
94996748 53 97196
1662513878 56 67815
298624479 4 36252
22992203 78 10085
1853160130 77 64203
135414831 51 24059
4831057 22 97034
187333868 9 45246
622011807 26 46368
21616437 74 76509
741283519 44 91561
1439815399 59 88332
219355576 60 32512
1158920888 54 93697
17055527 31 11007
58154937 53 26089
63451359 12 81108
2302625385 34 93012
4062441 23 18698
2454902 29 56471
281937798 87 25499
877056730 10 57646
2501482716 12 84976
81797 84 3254
392284 53 24483
2446274980 28 99111
1209132613 66 99014
111509257 41 27654
177918082 79 50591
2706680 18 7766
998110 86 12685
213617885 41 83165
1300176714 93 95067
216260425 93 30532
1229895496 5 65065
256684308 27 56758
1480804664 30 78594
770846604 9 83547
608321 16 8418
1239749700 38 82947
1350949 14 29502
19837289 53 6561
220937965 30 76503
21135444 9 34148
1031374544 82 68678
1188451975 77 55150
235870064 91 83919
62826615 93 14143
227102782 84 42076
313749971 19 27353
34356538 14 26026
57946638 97 42683
1789643160 16 59824
22395661 59 14327
492924525 26 79757
10251019 93 17276
177787 21 26893
75085309 24 14951
161053655 58 30517
561596 61 26269
32100800 18 22807
226287137 70 52612
121858268 99 23635
1192849090 75 81284
153115858 35 38846
84178385 36 80979
10744384 97 52267
28214119 29 11670
6281 59 1580
730196553 74 52216
36942181 50 12716
567427459 41 35352
222490 83 3644
19482063 3 21360
564170712 52 66077
12499400 99 39912
30819821 17 37537
55614848 55 79258
18785997 87 27208
1933544631 91 98655
145485442 73 24823
28969504 35 9998
316124572 48 71768
40407092 81 15749
1960338 11 7399
371620 60 7652
890231123 61 65652
174806702 60 79168
11136861 27 11825
1476370504 42 54709
369560382 11 30378
2695012851 28 84470
77169823 35 26685
143085270 35 81886
2816709 4 85873
3298281340 64 81933
2229816322 32 73302
310747279 21 31109
275969435 17 59710
23734677 16 80035
633443796 76 93965
166473947 67 35313
111453890 95 76510
36560817 14 18046
26665851 13 60587
2980085175 92 82587
321772535 51 28899
1732213236 30 75503
1839835 85 2104
468778275 29 96628
812912 42 1717
4634822 24 12892
1131722721 2 88508
722817130 65 54302
486332286 22 39058
22307788 62 80267
117005981 87 85617
1462937305 24 78556
4292942 42 21548
35824513 37 8391
94470 44 1855
44150173 14 70711
28468335 55 38352
103732105 74 60712
1382631420 76 86271
127734607 65 84176
19803303 39 7086
2606190 57 7362
2569170918 10 72916
20651408 58 75997
174867236 24 71682
1734 35 366
553470 78 22050
779062250 33 62008
1448653273 38 56630
6945290 42 13776
297925335 66 27621
485968676 29 60554
104907889 75 28282
192308807 60 20681
180958093 90 93243
1349184536 60 82430
1210539247 14 54628
1203438387 40 99552
13751858 26 10620
227198 66 1595
670970883 83 60548
3669738350 38 88673
1330906719 13 81346
257928765 69 50758
2694626505 13 96300
280085283 51 35259
497987986 62 80690
14366681 20 42554
7009492 64 5278
2052080 60 2387
14360234 46 77657
9977286 24 33918
334112479 62 41972
63832188 100 20061
3698719629 10 98786
1249393229 85 98863
44299659 28 22072
21642430 11 9971
3557536693 38 84722
19725632 26 8988
406326050 54 75503
6820 92 13246
369516845 67 56250
638722276 20 51373
73740823 50 23418
1541729403 60 73875
429812853 16 98404
16513694 10 44419
204753222 74 62428
1140258 34 54862
57657842 44 47103
168466233 49 25218
24989228 19 20985
4149263319 97 91587
2973314269 37 79588
3765927 89 8783
592878957 87 45800
3647905 7 4513
320606123 64 56981
19424474 5 50332
17577768 36 20505
12501 52 1205
16190252 60 95636
3100413379 95 94343
332865816 10 47706
5968346 80 6325
72876236 8 16051
442086 53 1011
2691067804 26 84166
359841069 32 84147
72584447 4 13589
1804699016 14 64599
103483754 54 35998
19953869 4 15600
17276455 72 82456
843254357 69 58001
1482077842 47 83983
296477715 100 65114
1235359 26 8066
24699 17 280
36018725 30 13529
220581751 82 32436
126054542 52 24236
26652392 6 38328
1415234559 32 96903
13990347 92 18304
33670060 23 53488
39668459 63 10678
93570950 7 26414
65977787 48 14990
1657093485 39 73454
32896153 63 10320
68342266 79 22810
124846516 3 64181
1699473961 16 69653
36151255 78 88675
1246281789 81 73261
929766023 72 48786
3101099749 27 80926
948849038 73 64609
2597398470 57 97588
34264 80 21231
3641452 11 31180
90422 28 24711
204305871 2 49274
602821877 3 63369
187200439 36 76084
9547917 41 99280
64918944 74 77559
1140174 44 1483
298844514 42 47128
971739081 65 79795
244198231 93 44367
10107787 43 11257
58244641 62 10778
168394088 74 98742
213207155 81 71906
175311255 68 31922
1439601665 65 86557
1061937113 80 68349
406910519 93 84325
23355295 10 36515
2138873 51 46408
2184583686 96 84953
261750071 25 68138
527214170 55 97741
291235012 85 29289
83852867 44 52242
91018574 40 78938
432585952 15 52473
474672420 74 35386
3412537 68 17376
832508608 20 70221
1533746638 1 59118
751946127 91 77981
226899156 3 30698
250297575 26 70431
377418643 26 76836
932875751 80 78911
97677273 26 77068
372962578 33 37878
645915685 75 62274
18431854 80 14697
1163219654 76 49856
71832433 3 72501
532741116 88 42520
504839974 54 96403
1402294468 8 76708
512339964 21 86716
389261572 94 42054
3893303253 63 96351
936 48 4793
36499955 82 12822
158953793 18 52385
418941902 13 62658
94712295 58 52413
1136222970 68 68305
37735703 62 15392
760530 2 46960
464950693 81 34947
4095578 3 10743
41645362 10 23772
523260611 35 55599
11877608 20 14258
3280708 88 12659
666341502 85 47506
1180279189 8 70405
276980084 3 49225
28266188 22 30452
202581222 86 87048
1037083120 92 55192
942012738 79 59575
162959094 22 60237
41961966 15 23553
443505638 97 45307
1 49 2399
7695330 94 8454
258613500 21 92397
1754411007 54 62165
10205502 35 46527
928944415 95 56040
391820 3 8651
9167620 35 4406
68580261 39 22517
129193465 43 64829
2204597001 21 82552
6747261 35 66401
277456413 24 60935
2245017 48 49536
35512643 98 33259
2708613246 82 90366
956410546 61 56625
381044205 19 43678
6128638 19 7305
1208376921 45 65038
126654646 19 52831
1718804081 70 69387
11895804 1 71925
93126668 71 30330
415194 9 9341
543457443 10 53317
583922387 25 39175
228894200 50 21982
180964733 81 33979
5417435 74 79262
2351525320 22 79263
2662973959 46 75299
282607347 64 23876
32528943 11 15001
370386086 23 99523
633856 11 36358
399398271 38 38580
1516244073 90 77567
536016029 50 78588
178613701 48 94082
199232787 89 38275
47167923 13 63261
293208516 71 92702
2437860588 26 97222
1991242127 6 98606
1304312251 77 70445
891745740 9 88272
1 92 552
25077528 73 13119
1603224884 78 65709
2143292 65 4473
131207157 86 92020
622292384 41 86058
452247280 16 74524
27714424 38 13313
3608507 95 3960
1334411 31 4382
281571372 91 62281
2237595045 67 68126
173236049 70 34242
1437077201 32 88119
22719705 41 30054
2386380716 68 91945
515646 59 3156
329729747 66 60966
115714 56 8809
17700900 46 16294
8317850 22 30001
457619246 73 49162
311400701 88 48420
1173914797 44 50432
15226 92 37792
93392245 77 44255
449242743 93 91090
25587181 11 11841
1472644061 2 76223
38418217 22 9353
43384412 22 39897
45528277 1 65848
2955296776 25 77844
335364152 43 65475
140098943 45 50740
4292421352 17 97993
91032 14 1052
180359 94 647
38417996 62 18085
115738233 12 68240
242798216 29 72177
82377038 25 15734
240312191 3 90549
91244267 2 88736
407569265 39 70799
25758494 4 24611
70320330 92 19918
1229838326 12 87036
6716266 24 21668
70253 17 974
196228983 59 52217
3073477056 12 81941
217451079 52 42846
339136216 76 78235
409961138 35 64458
2440354390 66 97369
15787500 45 42177
158765864 99 41299
477660445 31 83767
163186685 35 31296
327275706 37 74332
382352313 26 79836
2195558597 84 87401
3337330928 5 90700
1384609 22 2544
159504230 16 54068
2731641476 18 74528
3416210 81 16490
128268590 42 24706
124182230 9 19686
45678899 60 22029
1699039120 45 96795
1393888064 62 62487
13939220 56 48313
4333359232 11 99802
16814807 89 11998
2003894 45 7510
796213262 67 42517
2788490 30 13264
1356595645 82 84457
388657643 4 32625
2854358067 50 91103
511240792 80 94471
1763642731 93 89652
413444590 43 57084
1255516 80 96875
2565888986 61 80409
1192379735 77 81344
482281907 91 48436
193423927 95 97243
48708649 15 68821
558103040 54 47386
1639524196 39 90812
7733958 19 18354
68045953 98 39611
2088610089 20 81241
1811859392 43 70594
828397886 57 61879
2402619929 98 84050
342210373 19 30842
56108964 19 64188
55720286 98 26487
131319861 34 16616
67966110 100 40450
287921040 84 47297
142385347 63 31954
116318360 56 25936
8808445 39 27714
462179034 15 76839
51337095 98 10088
389904165 22 42308
1065351 91 1696
74046453 88 68250
36395 62 8969
96047735 57 18296
613366202 63 35895
10943965 84 24577
1340836764 69 82826
513998950 22 45741
758072427 72 98191
923502346 82 53064
3226352762 43 88724
10132537 100 14475
2445571825 34 71345
42939809 92 16753
49614966 55 19295
397532555 8 36349
1371810426 84 55825
40023773 52 73962
247455 4 1433
233702357 5 36447
286745 43 1951
214768787 50 46885
1222425655 11 53642
122566821 29 78270
465438263 88 55696
106098300 72 47399
41384514 53 15255
717311343 28 75988
2208903439 60 82000
451810904 97 43109
82576332 22 16908
158205196 46 53318
96544 79 787
2486387802 38 86967
510915310 94 36367
4858145 82 11276
159759281 34 22935
11219638 44 16405
29941835 41 24092
143197580 92 86167
1960977340 60 89592
39591480 74 47161
302677334 1 62758
46771910 10 54578
11004879 49 5095
1902236771 10 96866
1433016733 75 97859
468975488 30 47851
30678810 34 15045
1102231616 5 75881
1446305877 99 59663
2243313915 13 97106
1804489793 54 80247
106154323 25 47769
1780748 23 94438
2900175064 100 99422
2161637400 41 83024
16396827 43 46407
1150086285 100 51789
58328081 87 23762
573386644 75 73729
16965064 14 18941
556474 91 35617
81837991 33 25547
652438 22 16223
17547147 95 26593
836245867 82 66855
333858911 31 51568
75560858 34 21233
324247914 57 91704
125411885 78 92165
3259860713 48 85574
524863742 31 85538
237070918 62 22838
429043535 81 66213
70497646 77 14351
2278318782 20 73725
780723464 75 42407
535328297 20 59685
1942965632 42 96070
5842299 44 3730
14903399 14 7260
111617096 68 51713
1692300 22 32944
36950642 98 55245
448067758 92 74532
53846 63 782
143161432 93 19693
4277150 87 11442
102243881 68 77805
299060704 36 79446
8415828 49 7519
234561317 67 35348
289686985 90 55424
447410654 46 60689
269918478 94 92262
3526852508 46 99498
442268842 98 56157
1377608461 100 76834
994295852 19 44913
185606448 90 28419
167138985 47 99288
778451124 54 67209
350244300 23 69781
408982244 55 30107
153439114 52 53613
70049510 53 37745
532358043 43 75695
1067509556 93 77036
1414429980 19 68956
311418733 3 66235
133034319 70 87642
108372968 36 26684
14823105 13 8378
4522113 26 9162
565947382 84 94074
30871 47 17826
1082878 83 12407
33239459 26 24009
6443 43 16502
18289493 63 14952
16247210 63 9983
9778870 46 46238
8032940 91 21006
232543345 26 55933
888456644 57 54659
799072810 40 45279
155933934 91 50877
492020166 5 73739
642849036 22 51118
2820780387 71 77580
607046800 73 36312
6817897 25 32444
86864421 20 22910
566038162 91 37978
1082614 91 71751
83437045 53 58326
4670157 47 8595
44082709 88 71512
265892164 84 69873
205731705 68 66442
620831 93 1532
2938736601 53 82932
1964005340 57 69379
2274490476 3 92740
15988642 9 42946
58132 25 97871
114968993 34 58222
670772853 58 51740
102705 7 2394
265719904 72 91336
444462 56 2505
153070825 97 18461
377676410 49 44018
1804102989 64 90518
56609163 89 30861
182575053 29 51428
376627986 85 79904
1823843291 83 89167
54517307 24 53848
156484467 68 28414
169093907 70 58597
136262365 67 34302
1694720750 42 85544
1530979100 69 71537
180098 81 996
24296 50 206
33195985 41 13230
3969963 88 19315
890091947 14 95397
18667203 12 18180
195636948 15 29366
912644 9 19182
2309240018 33 69722
449614081 13 62211
590651930 91 37805
882696272 100 61087
6944345 12 65358
24789221 60 20064
3565171 79 78734
444602418 73 37472
593677722 81 76484
162868459 23 32605
23266793 79 65413
95699997 100 49468
518082138 100 40595
72983477 25 24661
43064065 35 19011
1004279467 58 55240
93986933 35 20380
1998694566 20 89148
380519273 84 71230
119 11 14357
345950 95 1367
15530654 19 90908
20171933 52 9665
1735756834 20 63549
609256055 91 96389
36196596 51 16594
983712305 85 70556
2733249250 18 77777
61856 94 432
43682522 75 31675
1479129555 74 94720
1538532098 38 64913
378955304 33 30571
594314798 22 44633
208391973 53 23696
5319265 24 11202
1592379 46 1994
1574813 29 19741
128956604 40 34842
143053486 7 66694
1450157725 32 80152
186258898 46 22209
1349589684 61 92842
4336127 51 5601
1339083809 92 69282
158099652 55 25948
313451613 11 35170
792942701 77 51534
1009465167 21 52841
298457869 27 58075
677655853 7 57145
2743078360 96 91864
51051220 50 29194
337554800 69 37492
2066259463 46 88733
243749295 61 50101
719979685 71 84044
400867 29 20731
825171755 40 49962
26030698 43 13709
31409997 58 40868
941692138 88 46826
198774385 77 31385
483491181 20 61669
16171467 62 6054
49242873 60 13939
83590851 83 67872
1742709685 28 62956
355603676 16 67196
998526505 87 99752
3805166203 31 96903
696074 12 4211
19631864 14 6551
608643396 32 35233
129012488 40 17054
1371177 30 17433
271985774 1 86282
2275496 34 62613
9305 92 2141
2661409 98 6488
766387683 51 63762
532463 45 1439
1934022582 78 65744
25135035 51 23488
441547730 85 86150
260656361 62 64488
14805858 49 31177
7101706 87 40588
14698741 20 16167
643981398 84 66862
43337250 84 14543
837459524 78 40930
1289673 26 55502
1352745405 97 73603
93521813 33 17562
90417810 18 34574
1642053871 83 80098
1742054395 12 72327
1818874984 32 66295
213131514 72 31272
1446349762 64 71245
38456881 37 32040
183843333 3 64117
8082575 98 4655
762568124 49 57330
2599 22 454
151233868 29 21574
590182 31 1227
994627869 3 52823
438551100 82 88502
20507 30 79046
4589737 91 17716
783745 31 5052
95793 32 47289
2745665037 10 84218
1649398935 55 70581
189672436 52 31017
47100631 12 33487
1565852780 5 85358
287520904 66 28799
3943221 42 37024
130699056 18 54433
13072307 12 79113
299937 81 1352
90494278 39 22595
94087392 7 31571
116346857 16 55427
173564292 78 39423
666879966 17 84079
152127214 1 33779
876019020 100 52177
89366944 49 26358
12401187 93 81146
1844208568 79 73253
673938718 99 63749
13091 9 17421
2254539116 67 86746
12806000 41 10491
454018993 21 69620
1556568132 71 92522
2551939427 44 72846
76517913 59 88709
150733976 77 17409
547076964 44 73886
966411104 58 54972
53349774 99 49625
36036764 43 13191
131474016 30 34136
549 42 33857
1587962723 100 63494
1519236109 89 71074
3954211 57 11649
338521965 86 62793
3215681319 73 85794
3561466 1 4689
1377867 63 82183
269228663 5 93874
107211597 50 63791
144062952 35 60265
2108536446 92 82127
12667702 15 53360
8996670 61 15840
477045 19 1962
39848659 29 74998
101400662 16 34087
110923341 43 16637
478628055 45 78926
2146474329 6 94878
14932116 7 20729
32085646 8 61109
254099241 16 73886
840527919 57 76237
1134646472 84 76068
950537837 45 47358
8402446 4 52513
438180 65 6411
2404252662 31 77518
3172190 52 15634
1448806630 64 60592
209367411 20 23045
396191431 14 49291
3590297700 58 99093
1089451161 16 82858
2460462392 49 72424
28891069 52 33962
448387282 16 31564
555202334 99 48080
664573779 76 80016
599312569 85 71160
298592011 33 30313
337411282 94 85885
267496 34 805
47793616 2 19926
6131585 34 82884
2301553 74 2920
76316155 50 45791
1569689526 56 93468
546896982 26 33940
1060005553 75 47964
2241097719 48 82770
14962299 20 51839
144619722 73 24732
593410117 78 83712
440265146 86 42889
1620901957 85 81416
537066053 92 40346
87387023 31 73891
342988797 40 52510
79948943 49 61769
559548999 5 56481
2703720 81 5263
4760245 95 12419
10636688 71 82276
111326170 44 36387
373905973 31 75004
70329855 16 13628
446320851 51 32733
160081 16 19310
3277796246 45 94356
741534065 62 60427
10160408 6 33985
798597 71 9051
1291551359 96 91078
919022 13 1663
57261465 67 43898
40457583 15 33655
74173599 56 18997
370933482 90 86950
6032268 50 70570
417565816 16 29426
6850 9 648
12664868 58 18868
2405607 86 3091
1056438 82 88998
15380709 28 36592
54968577 92 17215
42199828 6 72845
1019164890 58 87523
1789005261 95 67878
818558035 26 95587
550 41 2258
268235 7 17406
202626307 9 57395
61156342 58 86588
1778801423 82 83806
403597234 65 66867
543832658 40 72871
73652742 100 89447
19270118 45 7384
425335 5 10299
14700526 22 30000
16156025 78 74136
25696 99 4389
240581737 73 32117
396499882 63 72750
6045334 41 7673
29639499 77 37801
394624315 47 29991
11215229 74 72413
171951441 29 27830
433460784 8 36429
175677665 61 39597
459923212 81 81704
152062948 65 20344
2390138136 80 95720
20704423 29 10721
51423782 27 84577
46271594 31 57579
105227769 64 29082
8419849 83 9316
489513258 75 32162
150393870 49 96308
81695840 40 28415
204364346 97 25041
588811526 75 93223
405602720 20 41500
2699838 15 26052
4006407014 70 94424
61118836 6 30596
18592738 34 7625
247166600 53 24993
21163485 94 23255
3668590998 53 87167
1003365285 40 45771
3058942034 86 82201
88922937 20 15186
567107684 12 38855
1069304515 61 48082
4623666 35 81324
76717559 20 51897
782669272 66 61064
279929 96 1161
786992658 82 49175
11258538 50 17720
212500993 61 43605
2584662802 49 75441
521404096 69 47170
54584114 11 35690
25852141 17 49456
641716785 44 70444
7987490 44 20267
26860136 11 20576
83135117 76 38866
209786884 61 25680
311938861 9 83451
501722117 83 42373
34501688 25 34619
1443612347 27 69762
238031661 53 76977
705205506 73 43688
176869182 16 83273
922483519 34 89459
238651173 12 26491
6900521 67 17425
1967457787 16 64859
655367859 82 70099
7977380 44 96078
63410063 98 97251
81996627 40 58026
35332696 49 19183
313017964 91 38240
242532791 80 41999
486506072 17 51698
74865807 91 14427
354943531 25 97538
151492631 32 37294
2135449396 31 92927
61262012 23 33667
35191851 21 67056
5368270 20 9418
185541239 33 91840
128997104 32 23249
23853612 29 84704
1300415472 72 56379
91461434 29 65435
247220647 85 76537
11705688 88 42596
71841040 89 40830
856634350 48 80830
13004675 23 9984
798665587 90 55921
308317810 55 58254
122508359 57 38591
182383656 90 31737
8525205 90 9282
397463007 68 36461
65817477 59 78619
358291820 86 31358
642187630 38 47918
148614823 21 26753
13723545 43 26478
2276149371 57 71478
1823424 70 8438
88329562 46 39620
9080454 86 12115
2607574956 23 88362
8141812 33 6195
126477 92 1641
4246605 21 7434
365751828 66 90503
209424135 55 79041
28839215 8 42611
2857628346 91 81518
115377303 56 20183
316089110 41 55620
667600517 47 41828
17293458 91 33565
42554149 2 18930
117426468 31 83406
20678947 21 11850
3188897 9 46903
634496460 33 51998
25123390 18 80128
2865576605 76 89946
691831087 34 39644
397159831 46 34394
192384971 50 64938
519699305 68 53850
1618912 82 36651
8154522 87 5994
845335161 47 61866
8918946 35 36449
126492345 92 40056
241369219 71 40849
103175450 45 26237
2292028686 89 73894
753862 52 68066
1054163592 13 51144
1446656445 54 54172
877636693 45 57649
1693320839 2 89175
116757442 89 16557
167772511 46 21822
728239762 85 73435
101025969 98 65972
87216576 73 70549
110656500 1 87666
6084 86 924
2377633855 76 97700
71208583 14 93500
97374534 71 25595
747352285 14 39324
982066 64 57167
825993166 8 94261
817826 73 2198
928942421 5 51238
374848 20 10325
342813849 80 54016
835490009 28 69515
6007520 84 73110
1132066120 42 85708
797355076 36 65935
73249122 61 14668
158799584 26 54203
397810936 24 32202
1546238 88 33946
10251078 99 5112
35382815 80 9605
1682215885 37 95744
119383407 9 71051
175924242 31 27037
11611561 49 35109
401124783 77 31976
192104417 5 32308
371931511 45 73474
1678063509 10 81649
3805970 21 60643
2668575 92 17551
185015685 84 21990
32098688 33 60228
39889686 96 58704
403875 62 10086
1060124401 85 80818
467598855 94 31633
3354138 6 13725
17619777 57 23674
407323 39 73684
2642768919 29 85386
849137899 89 45949
258451692 51 32964
3958839 71 3488
1330236336 24 96495
11809909 49 15727
388264681 56 31792
689630 68 1084
223840149 71 59674
138479 1 2135
1201456498 14 50449
2600 19 2103
354912101 32 73399
511263980 38 56409
66384325 50 22396
1596823843 14 86686
108210661 44 53810
1118062600 13 73528
45737834 86 49707
475703342 9 75934
1988283722 64 93896
351448483 69 83700
2120607 35 14814
188899692 53 95046
1766464397 93 67294
44181 50 41695
341293354 92 35630
833825305 69 46469
1471474504 62 62466
3688058 5 24397
142788016 6 89214
6031964 64 69675
735076107 80 57545
574959147 5 98742
18031757 2 97825
54854 32 1265
657119 55 10264
1396713934 63 60877
160411585 36 24366
16414 8 5075
381451 85 16900
6226692 23 13672
165618394 69 24828
91404744 99 52423
1664988699 83 81068
36219606 16 14071
62452810 74 71540
1790665692 35 96376
3001555845 60 84834
10640383 40 71298
351676629 63 80938
754974409 24 62589
27989478 66 47228
226505743 53 41562
69309172 79 54136
88317705 62 13442
971071903 11 53228
58648037 69 90355
24041116 66 41558
827324133 6 61455
422295586 83 42194
771644438 5 49190
16439370 59 46621
898978291 54 63539
1821434214 32 74080
747432 95 4064
114397980 96 72681
177981787 1 31377
17409 97 6246
203548986 41 97645
1851090131 49 69550
96333721 51 13860
172330089 44 22040
1238778725 13 73895
2173628931 75 97506
1248698195 28 76434
19240 59 228
1636978677 80 85746
419747702 57 45057
27475732 51 28270
1401633552 36 86098
5976740 21 4105
1832331675 45 60493
8883432 86 58184
512802567 31 67169
3382336555 18 98138
182664457 91 65279
1392817338 17 60547
2836831279 68 78710
378993781 66 29350
158587380 9 20575
195910974 92 35887
2691477331 58 86342
1281935459 18 84254
271510929 50 70724
543451686 60 89001
886413364 70 47184
384418250 39 64265
303176046 37 71466
36682889 89 78134
95437362 91 34870
123941014 92 32284
27926454 45 18876
219528842 100 63393
47023639 94 15766
1012890065 21 68632
11596591 43 83641
1558045680 7 81214
4409067 47 35288
108850407 100 17008
1389873147 7 66559
1952875013 70 94996
40537578 58 14424
89594699 56 65595
219342122 45 45521
135847 72 10605
65099895 91 86552
631502279 88 43078
949264 27 81808
248888776 32 31250
15888 67 15525
358805277 28 31911
13058923 82 9124
1237198 98 2553
10613812 18 11744
259989841 83 29476
139904004 38 95780
581746504 91 43331
197353298 89 35307
6374423 46 19613
3265824989 19 92555
9638786 94 6993
130696672 78 26732
244429958 29 55041
810744470 31 89703
5652508 42 50761
3651944 74 4068
588116 96 1833
115358450 49 53777
1987015273 27 88277
38340122 73 45258
920763493 24 82533
16698604 83 85492
164286025 3 25154
113700881 42 19281
605593444 83 89130
147396984 48 78902
297256813 46 68259
148292043 93 41859
542541729 48 78498
484329261 12 36023
801408 82 3450
58555707 64 14339
638532493 10 79994
161675389 73 22498
32924630 84 47656
3463063415 30 92386
272252274 74 55913
104766454 69 30840
129230538 11 42042
1879305723 46 69108
1468594641 43 71428
724961268 52 39715
2799877980 7 99249
8163882 14 40011
41813706 53 44894
1551107868 53 77992
1081797065 91 52821
145668098 29 98551
824092516 3 51541
2211831 40 5374
283632932 52 69721
9144094 33 4315
394828736 71 69102
8852902 84 7911
415750 34 17443
57934339 49 19879
1386912926 25 84433
333670607 9 44714
47831388 39 17523
33792818 16 36500
4121411 55 14798
120422455 48 20356
16385599 84 26129
144184583 45 17054
283983368 14 33373
2446695 5 88880
1 69 28962
379268 99 5131
78003125 78 68436
285940015 10 53880
119672140 64 17253
346815513 53 50454
144411386 74 61688
57421123 19 22753
393895432 92 33008
3217866 9 35290
193209952 80 33219
2776600947 88 75670
36632541 92 15613
2039870992 39 97473
772237300 74 48799
176907829 50 75087
368756554 96 82645
3225928 78 31554
40557024 9 32308
577545729 36 61960
1740865 35 10189
285587795 87 29854
1386560853 64 82999
752329 100 2172
320367981 64 66842
3529116797 3 89478
15891201 22 34423
795532330 10 83811
290565726 14 59050
288215064 12 35671
40286259 90 9046
57702997 80 33289
19468524 64 6672
43066699 23 67047
111495036 100 17052
84301592 44 14005
207292596 96 80731
327579501 10 36765
2587558447 63 90611
1127615811 7 55508
863529142 3 47449
7181737 86 74875
368392 90 8563
57663136 59 17759
148862 41 480
143713598 99 38835
1190072144 89 56594
1577675033 35 75864
521355640 97 61032
16387122 63 15836
1889026391 95 72756
449359662 48 44227
1346610117 50 85499
1 72 8266
891481132 80 48378
840182435 66 58539
24457350 56 99062
41605716 56 61466
49029849 27 98876
3966124 60 4358
216728759 46 75841
21736 43 49843
424794850 2 46578
393596622 85 73905
17327338 3 8697
2241670 95 65464
30681031 48 64059
15797377 64 39069
2756906338 98 82751
1725237 73 43791
906782083 91 59767
1021090180 81 75447
2501874728 15 89539
62552 14 87162
53771268 61 94098
1273133126 93 58977
29167394 29 18222
2620829979 74 77640
53682435 67 16227
4822560 89 32278
275402416 81 57331
2845481841 12 83806
28536374 90 91037
89318790 38 45163
323735 30 1622
64591755 55 57921
478172667 88 89764
1190651974 46 94463
1905397437 77 93768
1148267518 30 57445
42045243 96 9096
769351482 10 59366
91990 55 498
148268533 25 54714
204548891 1 72787
3247743971 34 92769
1 100 46905
360904919 22 80219
511392159 86 43135
1607026791 89 60783
119440793 85 40227
166945823 77 21577
271975091 40 44516
10224995 24 4922
55755350 7 27829
17560886 90 86348
109095 19 2171
248370514 13 28871
1784159736 59 88819
318278534 86 95882
175253740 43 39399
2630582476 30 82655
377114620 55 47575
9311195 12 18218
149582910 5 21450
394717 64 4005
4460874 54 21478
1271640754 59 60474
205328903 27 22859
362944168 82 82907
773796056 80 93453
284650811 11 48050
2210919074 86 88567
375538961 20 35477
467799377 47 94732
125239276 15 17617
305290246 63 83927
106853878 46 69660
1378963371 99 81124
2023720425 21 69002
7743824 88 46881
501031205 37 70360
31558015 83 25134
29615778 9 12540
968613 25 15587
106461681 79 73772
1 65 79627
1046693714 16 61351
3342486153 1 94448
1012476844 72 92063
61973692 40 23645
958016507 27 53908
206698737 9 47219
1520266409 93 70935
7823384 62 56977
237235 32 20175
193524580 75 63837
679147431 49 58985
2937494522 12 92488
47214350 26 42045
444788253 43 39941
871925622 52 43661
8013961 58 42037
181742390 98 30911
12844805 100 15931
1814588 57 11827
599254959 92 69216
17053414 65 20266
3749319 55 3599
475684385 67 35861
23645378 95 8492
4278735824 1 92416
371394253 25 56059
97104750 39 60874
1234090000 56 84849
603173748 23 97843
1341984821 89 53319
2094184534 72 83669
3066945260 18 84909
2555395 88 5863
4404399851 15 93787
454575830 36 41804
139178620 25 40621
284547 94 9433
1027961 67 3456
180318241 23 70713
278446430 43 25914
1901868953 74 71836
49438629 63 11903
226659 46 7876
164873254 31 26074
1391597209 55 70852
1477976 67 79913
4095727 69 83951
1447191 2 43020
446784962 43 75477
317867 13 2582
9521 67 11045
2704844 34 6176
2858175179 77 86379
44280503 67 62783
38910251 32 17522
74178508 27 85943
74211689 42 22746
1167718561 56 74825
43754881 9 30668
523683980 53 35146
21736952 86 16527
1342599468 77 60240
83479857 73 16969
433511022 25 59608
839664246 30 41935
571026059 95 95125
1663646867 26 89889
6318172 75 32771
12215803 23 21179
311813970 12 91667
9436 16 1390
4952249 85 4117
251986732 99 32218
1333277537 73 54473
63661690 85 12969
2856252179 34 90018
248472650 72 36247
91248025 48 41020
527497046 83 63153
1662355524 73 97092
145228545 65 88981
948282061 46 60365
32922599 22 9515
1380617271 35 61447
486249 86 4498
104378192 30 55466
1063410881 61 81973
15833 42 7613
733334610 72 70032
54621228 63 78190
17358818 84 18431
477116589 60 38148
17449874 14 63671
235501319 89 57610
191366871 48 38242
1544386836 50 75594
679078263 36 93096
85819750 49 65549
185306133 66 73764
174077100 18 95619
473718 77 1336
74500809 51 90361
150400631 28 34884
41817897 21 25345
1680632 83 3565
165428292 89 18515
92418366 39 16258
971861426 54 86754
735835279 50 62124
2886385096 9 94958
127153030 52 16358
28649645 33 81878
50024013 59 35514
270884 77 12142
1063262244 55 49942
1155813 36 2913
421103521 92 30280
136305980 59 45096
780071730 45 82614
37592270 41 38977
551284 38 7214
53846574 79 73569
43179405 65 28865
375807423 79 66010
789480338 17 62360
110626834 7 83063
92479971 81 46229
3757206978 67 87769
2898646039 76 99141
362347 73 2307
361221 90 8752
291632365 93 31181
514280917 24 38926
415310764 89 32386
159396210 21 61842
115439458 7 42442
10596751 53 4973
412181752 50 28825
298317261 15 42645
427932026 48 73838
10121011 17 7577
843766751 76 92709
38152351 60 95722
1101646410 20 52970
355210142 24 69460
1048003192 62 99152
523209362 85 92638
1760575329 51 70172
957564 12 1708
546828887 78 81079
540566901 52 36584
11589390 70 7788
437541546 23 91595
4790524 28 4097
127336470 41 25496
1108462946 54 56872
134666765 18 32138
577640357 21 38028
119195 54 493
24504 19 4612
1876765737 66 63638
1 99 3369
461345 61 3544
596912264 57 87034
1272509789 32 61550
444356626 63 85095
2168447045 74 94563
1401042925 81 76494
1391505487 68 71518
11683775 7 7215
1225353142 72 86041
293827316 46 96886
310589239 81 57866
855179875 51 45131
65366894 4 27298
1044250329 93 57620
45382670 2 78280
310939890 3 33572
940928858 17 70114
1047389779 93 84450
16673 41 43143
4277104 84 13674
48092743 62 29082
73976204 1 93050
2325538 48 5360
345299730 10 35067
84597923 29 40839
5429198 57 4316
4808794 91 59733
649999195 10 65361
47992 97 99635
2918703492 87 82692
49484679 50 64175
265005001 16 27722
1407433558 82 54078
698879242 46 54277
49372187 2 33047
67960456 20 82791
75982309 18 65135
516171242 44 51496
864877926 100 74702
396272715 33 81816
53019605 91 17609
827016795 23 68557
51067879 43 23157
1047350403 74 64687
586225715 43 99732
61309837 5 12975
98298326 89 16632
4999501 1 96900
39016797 68 21031
718234 71 41180
294403232 6 26451
397558458 73 34977
1855180754 55 78394
1040318773 75 81197
89833860 48 51186
858890 49 31541
46368367 26 32362
466133493 93 31022
576803858 86 58148
15504785 25 85504
242148180 17 93958
18610001 30 8180
33442712 16 58957
1961235 80 60764
55794726 95 50903
6259108 3 30124
2636210 19 8193
6634325 36 4613
109758063 7 65224
739054005 53 79975
872058835 33 46780
1155864308 27 59393
155316863 53 17855
99199701 26 66737
137239893 36 27543
23474972 13 74264
940607131 85 78164
840565 23 14908
2419147528 65 72303
116929665 31 37731
117769 67 720
488043858 45 66808
931267559 47 88063
27665282 20 45334
20560147 80 42608
7309707 47 4753
618290 9 3180
330597219 54 28723
648548057 96 92356
42276370 1 28415
59564267 48 17726
265251096 45 93857
9896700 9 90641
760625979 54 88568
5597918 76 14255
610430662 1 73768
684435764 12 83284
164405995 64 50094
14473997 54 21207
89636569 5 17931
107035110 74 28367
572760045 88 98255
1719685746 44 95727
710195 23 12880
262826028 3 82146
76806868 22 41384
173500 85 864
703598841 71 60463
22203555 18 10455
678492645 40 56454
40650466 51 40666
3422959948 11 93871
1832600 29 34608
64319062 62 26842
87872877 89 76517
43337891 87 19723
98952050 51 29620
113365236 19 15515
246100943 50 24291
3230735156 85 88853
1149678190 89 84689
28719487 36 38069
877236114 35 42374
98402 20 360
226447207 46 22166
32396395 52 16057
11108348 9 17632
575094236 79 50140
3198658657 1 83174
170045417 43 43814
282361945 84 26894
87170896 27 36622
364044629 10 88269
319323642 28 80121
1405910073 81 67572
337855122 56 34990
74638380 81 36821
12590073 94 96520
1633640 68 2995
598406327 81 47516
85063841 15 77826
5776152 31 19081
1935881099 94 79849
12955917 31 21877
79440901 73 51628
745429087 27 48434
1206678570 57 53156
1019189107 22 57183
1107436539 41 79820
187514822 41 46464
62569353 20 91420
820899 41 32744
2129655 53 3833
58781278 87 90136
702024525 55 44020
773261726 24 40877
1596362660 81 71286
3601342210 10 90346
258171592 27 54812
6225489 87 70172
2794634 100 41040
75256798 32 36830
55387191 85 26980
3141357458 96 94877
43937848 42 9376
3344198723 64 93576
953125276 2 63853
25169414 64 47313
470142 70 7416
3655204 43 5049
898341497 46 65817
249193850 59 30304
262440487 12 85733
506 12 1508
1107957378 79 66507
70964373 57 24763
156766063 9 60909
673684244 94 65651
6694446 45 5925
491845597 97 45450
42373964 66 26749
94006 55 79529
1621865 38 8962
419153134 37 37322
3610746 95 4703
345437351 9 69768
410139910 40 69029
843209320 89 85882
1070096321 83 65732
240883970 100 84850
155567751 68 18305
539697570 60 90645
17736763 2 6186
14498461 48 5313
1359453667 90 96055
48434878 34 13836
535411542 32 40492
723703008 24 87202
29361481 20 9136
6292164 59 6264
3794348 80 5015
460520966 44 66900
1054297570 91 46774
23885509 49 20042
3742408737 10 86951
245294178 11 85656
13365169 27 16675
95091292 84 14052
809643 62 5424
355344079 45 37776
1072442489 65 93697
240014296 49 68016
156942040 28 64936
2001890516 86 67541
105381569 46 25690
430292991 90 72453
578885338 24 40054
37489 34 76807
46843108 14 24980
739296460 74 98089
288054416 64 65573
212852291 62 96431
2891405101 88 85321
611923971 81 43622
1579470627 91 82151
308800739 12 67589
366607877 97 49618
112404716 33 46810
22255355 100 84647
25200942 35 57913
2375313 4 32832
28786385 31 15638
325598353 54 45513
1292440312 55 68656
566320148 20 59355
1988339578 72 91580
509932186 91 69968
1168475 36 2322
662315869 30 57227
4252401 52 3708
60705006 75 31129
253345998 80 46083
557914858 31 54046
24903486 77 58572
487590665 12 34602
11437880 66 5102
2468730684 76 84254
305891915 88 52681
1 66 14260
4088125 92 43399
3228311872 34 95667
73960159 6 18543
56005 40 68016
8022 74 6902
758719425 63 68656
610375469 23 42173
290816867 88 57312
387198680 50 88895
176062006 3 21487
10061 8 7917
1401581946 56 89485
450988671 29 71153
1797792583 95 84071
1600643416 57 66687
193560 54 2514
952322352 91 82298
41592175 83 25989
2797056918 94 98329
1336512371 70 70751
335798918 72 83078
1067506506 43 96533
2108004758 68 84707
1134233488 53 51524
21178041 24 47360
1870516 44 83584
1132103559 15 91869
55569617 58 14909
2746658 21 7093
358364091 19 35727
1302055593 89 78406
499332828 61 66269
622808079 43 80256
5458540 49 19510
2531159681 46 90401
558070688 6 34280
549238842 79 44310
1416769947 37 84624
91071 35 490
10611583 44 10616
3505735 24 8662
1 91 19469
524130457 10 44462
8963613 1 31821
138336482 82 20892
1032825303 12 97161
109324272 81 30877
1054591884 67 93101
848753954 3 99555
50818689 13 53549
2528984 5 47967
1999475 80 2286
489284 92 96911
308028749 98 36276
2339751446 64 79747
4880166 56 11888
1914385 3 5769
26022734 22 8600
2151274497 37 91995
1948828 48 16289
400323949 37 34324
54319962 29 27215
81976 83 48697
138522973 29 59308
17547331 15 33512
5337113 37 56912
1709196009 63 91708
73111643 14 17447
326817120 3 66900
310105936 38 97310
39110118 56 27051
1071114180 39 47654
2103931383 66 72694
60626230 6 12317
1165348566 71 97720
328173038 44 30415
90428168 68 28673
2001447257 66 63466
506605734 11 40978
2817972434 94 88846
1206496543 35 53089
554623 50 3750
49528835 50 31439
276483220 64 35356
19076865 27 12442
712119631 54 63834
752916 6 7572
350570842 47 93141
524356671 76 53652
78449273 24 69317
8532088 67 24933
2489119057 48 82891
3953440 42 11255
2094838133 36 88166
3091092581 21 89477
4050590529 86 99844
169233 56 588
280156275 34 23867
237585884 23 75987
93275251 2 20150
31283912 28 72921
10477069 49 78605
3145195644 79 84399
382712 95 13884
148729935 43 26727
85831610 61 93923
596927822 76 76350
2028883370 60 68058
210136 19 65414
393566797 97 84869
16776432 17 40091
138342371 31 64330
162939978 47 55833
1591358815 39 61840
143621746 16 22094
16043049 10 14903
201117609 80 47068
865063 87 28453
18315211 80 14189
110784871 66 19653
1317291420 31 79131
109072 12 44874
261097 67 4360
45982292 6 16915
268566081 63 69379
1407373 75 23995
7144698 73 18170
2315475722 21 85932
89458166 71 86215
39729435 3 15125
116008887 43 68730
47923413 34 15393
1425612341 74 95914
18367656 36 34295
2234674403 38 83359
266346515 80 86188
3581249 48 30599
2697494110 75 79454
2633896637 92 96267
1298298021 76 91854
320917 37 21531
93489576 43 90068
4731911 80 44082
112668060 85 15657
15624331 46 20500
56399717 8 42170
175656119 27 66311
241498499 73 23774
118979543 28 47589
30323142 71 95436
12082345 18 59641
651718219 1 67652
3227654 49 26520
107367427 54 91461
1198464868 93 54320
877320256 55 87796
8444035 15 5127
14393247 23 53328
18539891 35 60450
240515332 87 46016
8206146 77 47591
43050056 23 24435
949161 81 2630
20033498 39 42476
11504998 24 5092
3507152 48 82638
1812639471 16 93710
3895884 16 39058
32257772 9 64621
79325223 58 31082
2641520 10 17770
243077705 21 23630
332564179 38 75056
1053 9 18765
476296 94 33863
589298814 27 75348
600843 73 9999
33260799 57 59397
21608661 64 6882
3670654114 25 98466
994101415 80 93214
25633147 13 17793
67497362 21 91905
1586624493 64 57426
1763070958 77 88139
62610232 45 97463
326648 45 83260
954503731 25 96200
16274804 86 13150
50196070 65 58235
215526451 53 20673
74516128 29 17199
107957151 3 49317
1113060302 87 75466
21448443 57 27047
10170537 71 27157
72607240 54 35642
945747033 36 76265
411801347 10 53043
64271341 100 13197
3530091712 85 93648
179862207 79 77435
6640701 8 10441
453775087 52 42505
105231098 26 17316
214195944 75 46516
1135348785 99 67573
1182716228 94 70994
102351039 76 83673
81974132 46 71435
211850366 5 46040
202430117 80 30604
322631742 57 34308
133152 99 21262
16643826 13 22331
2904129172 89 76502
2560325 77 3679
9130310 96 48897
8066204 87 40888
365693600 74 54500
133261434 48 59737
8481570 11 10506
540567592 58 39293
49887018 24 45381
640688634 75 54023
505918108 4 31966
431326881 56 80672
4984932 40 35634
198170553 67 68702
1150625 31 4220
656984 94 2561
8295332 36 28052
300617297 55 27929
172505469 95 27867
89900 24 2619
14010963 21 20563
514630832 17 35384
425803401 45 49264
24807688 1 7511
237037358 57 36829
26746243 60 7706
23155377 16 9701
276554463 24 87772
22977868 26 54143
2044019 29 12057
68267135 24 29403
35106275 84 11518
79182519 15 61682
28582385 3 9048
12807141 40 36041
32578570 9 31392
1339950296 13 84805
75160 46 3804
61063320 85 17720
351898720 94 35074
215150063 19 35547
234181785 95 43169
465023269 90 66902
55212656 79 63023
139833184 67 56621
41995273 9 26646
489214485 4 60350
21309001 99 90197
1944187230 16 77481
589339 62 1770
5636707 3 5002
137222 4 52224
827257926 19 46836
1791750826 28 62731
1506543311 23 96178
226886554 43 23412
1170867053 82 99563
1423880656 32 96508
438738151 11 94448
530026257 95 37512
582024736 55 50542
490459 62 95705
1067710651 73 50064
80117216 95 36860
416189345 91 77799
57274967 7 18893
150496537 15 17405
1653693369 72 87791
416768767 38 46039
527387614 96 41660
18259508 1 12829
21296433 100 64326
141829630 30 61159
750192338 14 88640
12163 62 47253
6374018 87 92239
931284267 79 88319
7855785 36 8114
45429561 14 17847
2392750437 25 93427
26728 7 2602
241604 94 1025
77509734 81 51933
406975133 91 73959
864507522 91 74404
13071893 83 41523
28596093 82 26075
3946173204 10 93411
3127349017 33 97008
116374748 51 20327
85200573 68 60634
458756180 12 72751
262558370 5 69300
972873514 5 48424
182421261 39 57249
478752817 93 35257
84355208 6 19358
2384088486 68 91360
2861 73 13964
564133635 74 35631
15613191 98 28848
1058843991 55 86268
2284764873 29 97439
65039649 34 24145
352316411 48 37247
239576663 11 31482
90935290 35 53621
86554763 89 34266
14216850 67 20681
328592215 87 52652
1167944001 34 81569
2080960038 59 78692
1559922062 74 74379
87292075 36 46951
297431875 89 32605
3631590 44 7779
55961729 22 25538
701011669 74 39061
160347651 46 28549
18599414 17 8423
853264054 21 75831
424457 94 1483
1378327 4 48119
90034331 80 88704
9774533 35 34074
4803089 65 75274
217819 82 2833
310132 23 2714
953252833 18 55551
253321334 49 50598
336053875 78 67618
215731797 9 22791
2103963413 70 92400
839903072 28 92943
24029671 68 42738
92803727 4 55264
2466130887 52 75971
521281008 15 78051
65936793 100 44773
747766983 48 95907
1177962973 34 54097
36079955 87 97627
8173334 6 6045
2762087791 33 85387
15542633 80 8365
2743637828 87 80156
2138516052 56 99990
20260636 96 96850
398135 74 38522
279301 81 6750
63348720 83 52071
612190880 89 52074
1567213500 73 59261
772936105 35 52158
76155209 84 14786
231633954 31 56883
1022819764 88 48979
7970309 96 8978
198667341 48 61277
1821129126 9 63885
2602330 11 8900
322461859 3 69422
1435579581 42 63421
66103394 27 66510
1011097525 53 78068
248377006 7 41368
1691684 95 3972
2643780976 32 95756
1701195809 28 86306
958305363 8 95717
112275846 63 54742
402630 28 3636
679007275 22 85666
438626799 87 57513
1743456596 16 67043
4149315131 87 92619
1778011189 53 80054
192618808 69 48069
14140462 49 58930
116248370 84 26060
951959783 29 81348
39320 39 2040
68337498 29 12501
622189615 65 57288
244454477 16 48784
12995381 2 32721
12343756 45 21111
417104234 36 50437
62745910 13 40992
2384646969 14 71672
68772559 81 15465
648128574 47 82824
1684225556 74 61321
123000660 96 18766
209635640 31 20523
901791872 71 63522
520997328 32 41148
953022477 95 58957
31922036 19 75706
896166443 86 89656
1361116482 69 87328
1113028577 46 50777
11276 36 3734
954549622 11 44352
64355024 20 45978
41104716 20 84701
2867510304 40 96609
1048954 54 3884
63522401 55 29427
1468885040 3 84368
2047649135 2 65031
69017 23 32454
2491026 8 54567
7529947 21 24054
630047571 29 38263
2706934556 15 74657
15646135 25 73171
661513227 32 89664
378812345 50 33989
302147048 34 42945
30014193 27 38611
299979357 70 96132
132047022 8 93893
2041603444 44 81561
494129514 19 76913
2188283 90 20848
1516744447 20 85881
2064726 72 17919
720869342 83 82982
321484749 8 49389
1090894728 69 66328
20338469 26 51884
534055287 91 34646
508673890 40 38321
19825226 64 9571
840157140 54 75500
23883322 1 75135
503175276 95 37823
3881750050 76 88644
927398521 79 99787
180370838 51 28623
2933535334 82 91851
560206328 4 37131
81418477 76 14393
18360808 95 29915
334789198 86 34186
3084993740 20 81882
1381983 74 9930
2063183108 18 97879
5786743 31 5821
2016263108 94 85260
5360110 31 17372
256108 22 75022
2628833247 78 82134
636556258 14 36464
2022350817 67 93796
704010 8 1527
433004 66 75041
938878533 61 84666
356095888 71 74375
490106864 24 71342
1263517876 42 54673
1349354372 58 79192
669705930 4 44381
1739009137 55 70804
1510450 35 23560
1360017989 11 75130
8964686 93 96293
1754755623 69 80085
35915114 95 30586
529775395 20 44301
4927685662 88 99351
271485735 14 78115
36685590 46 37555
3238355816 33 82477
2515948590 66 77693
1168763405 66 85378
2070896311 14 90697
409200191 54 30811
27523601 95 39017
1639478484 52 84282
976544762 52 96297
38862066 46 81411
1585939985 52 68583
8024094 21 78364
490729221 89 78876
35176817 65 95961
266923 37 19683
14861 99 11275
40702767 79 72543
5310099 93 7484
190466686 16 19817
143943030 22 91272
973446225 36 80002
450154762 12 67017
330854982 94 48906
2169274635 86 93363
47601925 74 34861
198067152 12 69811
382745389 24 45795
9001442 80 10099
844795 70 73332
347123501 100 70110
113359031 5 80276
885026886 63 79436
1237954561 51 86352
1137150419 49 98631
82835878 23 20939
65702769 3 14419
317022183 96 45858
124605505 77 22285
4249653 24 6266
1394297 85 2973
151473982 38 24763
75005002 1 13378
463096 100 1084
275000264 5 59057
288151352 18 25630
2093865200 55 77110
11426447 6 10848
9014209 19 6990
772419885 45 46075
986166429 72 84945
184106982 30 74116
368475063 85 65260
122130186 47 32405
1225649878 79 62077
363355 69 51900
1050795349 72 62634
3916565441 68 99607
2411292738 12 72799
1122149975 73 72148
766598048 76 64576
1872755587 17 65056
12006633 64 5464
20002188 2 61452
1256121 6 4216
193880276 33 31896
239195020 2 31068
20386887 21 62492
499632879 34 37457
1785247034 19 94372
73079 37 3636
1173386786 10 83092
194179611 26 46322
471464371 80 37155
127328 92 2018
251701093 70 48326
6183022 98 13071
727277783 3 49216
142028219 55 33056
12220939 75 18302
19390866 61 11242
179892415 96 23985
15202216 41 7393
159150336 93 55709
3313870943 54 86539
235471714 64 23843
2688258908 96 95166
410764561 69 30101
1651308876 68 63444
14660969 28 71983
2342374775 23 86445
203940667 60 80404
10953181 51 52591
3138697 73 39491
28127304 33 13256
2629844564 13 96628
35581469 36 39706
1988745133 91 68434
4532942702 88 95732
118137802 33 97532
715463936 57 50062
1310509894 53 61613
167169483 90 38488
335594031 35 98774
26230335 48 47097
7756652 2 18846
134053046 88 27422
282844429 80 93588
92656351 64 64504
301715582 67 25198
918864625 48 95690
19883979 31 21852
33217883 6 36738
1454299664 8 56703
1827129632 88 84136
553606604 6 90257
17700403 68 7365
60522819 94 71347
11625 90 123
142741061 48 47722
49134193 97 24855
55010214 1 91002
2595247770 14 84167
73871638 48 13930
293455 56 68002
1218684857 100 68754
424635105 76 64493
55607383 89 63700
44318 93 800
1492356 27 3577
85435275 35 23326
204127181 10 85172
155112407 81 19615
1519394 6 2595
670954 74 28289
932347057 53 67987
10825239 81 55398
14116593 3 37743
428122631 39 91018
783119861 56 74960
352282541 59 56133
18288823 17 52800
410222948 37 92712
1850253273 42 79757
1096890 9 51547
659868135 46 86475
893489 66 1409
300542427 51 44517
996893581 95 92471
841556 79 10273
627568465 11 82286
231720680 69 25173
1493501 90 7759
12628858 66 43368
902076733 27 76767
29515143 7 41090
140027 63 2062
524754452 8 55746
34606 98 1467
335738 21 3086
1276513752 30 54662
13347030 63 9048
1829012762 17 67338
155215778 75 63505
721375 76 1862
147080222 18 37475
142474430 17 24824
70615924 73 22894
2715077612 75 78718
454140509 60 63350
650422463 10 54839
1 51 552
1254057966 7 78203
562829407 16 40092
66591034 73 14272
2164822327 87 68516
88954075 80 26680
2420204344 27 79688
3079561 24 15295
431681 99 59138
1277250331 83 79056
54350342 39 33738
165654814 70 90215
132602114 52 93939
889450702 3 53412
734695169 42 68637
178232551 73 32362
168217931 12 37867
20566729 27 87979
8177 57 12598
169016468 22 22696
217209390 87 68457
3199737 93 4416
27608102 54 86429
872888199 10 62267
151750747 71 99498
321901922 2 74298
1873526511 67 97522
283855376 61 72386
2951353533 8 81877
434724875 96 79034
31084953 84 44859
36043206 92 8660
44633718 47 13951
2489950556 100 88123
2129585 69 2607
595943989 53 37847
12559 55 534
75709513 89 31640
715120572 68 47557
31634210 97 8144
372343550 30 78199
7924603 20 15592
550592229 54 90681
648395059 100 42678
946529601 69 76728
933983070 33 65102
29818496 32 81223
110654936 75 31727
3079322 93 22862
2910825114 84 86175
2626780704 68 75739
34498060 90 20266
5219419 87 6090
250118154 13 33710
648972340 30 84982
2083529055 83 86297
32518215 56 14104
1178293991 1 85933
239133685 84 34164
1001679628 68 81332
1715697 84 26232
159264418 99 25289
53799557 59 35940
1277615370 99 66527
497833434 75 56922
37851456 8 17008
2069708461 82 66086
925624835 72 94818
2564579295 35 75715
310291266 57 82593
1752656 74 57643
1 69 320
326635552 62 92197
1316358919 88 76463
21944071 50 41829
125717454 90 47830
455671233 62 46471
2432007 94 7461
55587942 77 40615
3189077 68 17320
7061482 48 5250
3301372 23 81809
1681990320 77 84616
2654759499 95 86313
4609858 71 4475
262970 34 6885
349591128 94 71802
198806274 25 89383
261832074 38 44394
219529523 48 98872
642579963 35 72701
2321979544 96 99249
1163620691 23 95494
450556606 93 84178
239336214 15 86405
91353838 47 56234
1465222451 18 62986
30797637 8 26028
2407359145 78 86864
1036237219 20 60198
334388 64 47120
24471878 75 7740
3258229949 14 88969
532604719 28 60010
23225399 63 22272
559119786 13 56580
195930700 26 95998
8034774 42 31796
978406639 43 58502
9959133 90 4460
1862721164 13 77101
6745119 3 12954
1047734613 92 46974
1367006978 32 71479
423798542 1 98861
1149042612 59 87777
166284151 41 36961
210237 32 5266
2482096779 85 85132
1465282492 32 76049
46204 70 264
3391747 53 12781
1357600 80 58163
252881285 12 71710
194717972 62 96534
50721049 26 39719
465252 88 3484
203335534 75 84926
1944754283 34 75281
1177988115 64 94046
13409181 78 72169
793931664 55 58869
1538431534 50 56063
575658414 81 35664
6125287 59 21879
1176813395 41 52363
103823098 93 47906
1802710193 22 67097
155261724 46 23332
339267198 79 42101
263929325 93 30658
936173113 75 91905
11112151 98 67410
26111959 77 22830
30991473 17 9317
2048930398 68 73428
305851562 10 52431
2488489482 5 93153
141853599 13 22202
1169860768 9 98873
3937822777 17 89857
879215678 53 99225
865537 46 1237
201840924 60 56751
1423488229 71 90856
453151049 54 35664
37482612 69 8629
329755957 35 60342
10545361 11 9805
845959858 42 50026
97223560 80 54398
108503936 27 43818
23241247 30 23753
1830354486 4 89283
1726624648 29 73899
3674450 99 75485
2479789447 99 77482
408326196 15 34560
105149 75 9263
59888022 13 46098
48188705 73 26686
7351409 74 7316
48560763 91 82333
707682280 93 40685
1277239523 37 93103
123565 73 1917
3635502966 81 91702
269293919 64 43668
7605891 55 13007
701818598 40 59178
1 68 418
5970268 44 7867
261061 16 997
996 40 837
1156572163 86 94802
2901802587 26 89191
702205534 82 60670
17869975 90 52551
1371865290 27 95666
847421157 5 44145
976435627 76 82391
4107341400 28 96999
136994025 6 33964
74985728 96 52188
320576679 31 41341
37025032 39 27933
1025110360 60 88901
363717355 4 40703
189578704 83 20628
844325535 58 54960
1561013636 64 92600
195431703 72 22129
1365262144 24 56987
318558486 65 60643
13575938 15 33799
17578969 96 20489
13669195 12 21262
61440824 36 28344
3559537 14 83708
1538649465 82 85768
355691473 56 49331
23140282 83 56478
1071823 51 53096
235364747 10 84527
142251506 65 24899
3092415599 46 95019
9529452 62 35591
567693145 33 91876
3744863 99 9780
187793519 6 79063
77669575 22 12760
200732112 98 25747
329130251 60 66731
694454985 16 80311
7761802 27 32467
267478044 60 79336
725133 49 42575
643899 16 75590
38659403 36 12480
3362494 47 2954
65588470 2 58489
12121408 56 27728
95652270 81 14578
196037182 61 37943
308127444 25 38085
27300021 76 19435
897636900 84 55178
940243280 86 65400
30883405 34 13561
113435445 45 58351
5321883 39 5108
557509390 47 39014
17087253 94 24495
122027293 86 71478
736632 89 34031
6182508 63 11633
1746991294 66 86994
2830280043 40 92558
788349026 91 64990
203991662 4 92749
1377151287 19 85243
140634819 74 88093
178565548 45 84594
742 24 9861
272706465 61 32814
120435776 80 15694
542299343 23 93495
207994092 4 52676
1798879 27 3745
1166131 94 43317
19060430 74 31853
849692 79 10117
1103707 7 5434
397752072 89 70328
849019 28 28354
3410687 3 72512
172229872 52 34299
133251155 20 46039
15407137 1 77394
26111811 95 25983
1557927965 92 77176
65975631 7 26510
23263256 11 95170
16820837 41 6047
1038251899 74 77061
162718346 82 40647
410108206 1 66429
898795 70 6028
219238013 53 23286
2888777017 32 78442
93448540 17 35769
67861045 27 90251
982159308 1 61308
637324059 51 44317
240282540 72 30708
160828564 55 29257
39155580 25 8954
3107029994 36 90190
1572590992 56 97858
519703 48 52317
273061257 23 23983
46929758 78 10018
20103093 72 8357
866589624 75 56730
253136679 35 28560
45884804 79 30920
12392775 29 66009
941074390 33 88800
2080612862 77 78068
721553039 31 94331
848592267 40 85306
59472303 41 82059
2165853233 78 72217
908228535 4 58027
172162091 95 22125
1070095729 49 82894
25292316 19 22874
82927939 24 16121
13621534 45 68105
38545678 98 14502
940190993 39 62096
121608 74 9058
409890776 72 83541
1167560215 24 98482
74523709 64 23376
3499299599 31 93705
4748717 9 15804
49689706 93 42142
801981182 57 98780
468169 10 3687
453722423 99 32683
1532028160 60 85606
205796257 4 20289
90581968 52 13409
2708226541 99 91354
159869774 51 17976
142749747 95 92980
2142536657 82 81422
59104187 78 23699
261855395 81 27292
37529280 76 30101
15960337 21 7378
159426985 43 19880
6843571 89 34443
3963801 34 18982
1287244 55 84617
95468801 82 36011
362232823 99 84358
2568690 53 3159
106180283 61 14702
120104824 38 36543
566470 10 67237
612422 48 5703
116314069 21 18570
233050751 53 45567
455852150 46 36090
142276498 36 20583
319428549 77 30086
762913572 99 55783
14088630 79 28475
11552537 100 28288
4073268 22 90514
1210682355 63 68265
1888386262 35 67357
5860769 15 36025
1237184 16 3117
85258978 84 14230
271684 94 48444
2861389659 17 81219
47984111 32 17073
11938072 7 33117
33075816 87 22215
1630807759 50 71936
3658605 64 10563
1704701659 82 99929
814707542 78 63820
405535606 36 51686
8652853 95 41394
575498612 51 75486
1270443880 12 69469
686819472 94 75549
779912409 71 87707
255314238 58 27511
50882377 85 54437
203627940 59 28550
50988040 91 23917
50382789 46 76327
518899 80 19347
223828352 20 27217
2308461922 47 86232
240335740 27 89013
652883331 53 87961
643033231 11 49610
21897875 48 18207
55660711 58 12198
1639302 7 70837
55147461 62 41959
252663711 19 95203
3396253800 75 94804
1114174415 69 63786
366664150 21 52285
2634590528 63 95133
417408909 86 32446
74139389 19 29320
49796756 47 53715
1072469296 69 77741
174558839 34 92642
93963682 1 19587
217871526 84 73319
6414998 45 92985
248468 27 51318
55215177 42 11536
234240444 43 39289
368049678 15 34666
215143532 60 79052
14815169 6 17956
48357073 37 56357
45855066 8 28319
96798846 79 36319
429669301 40 53697
160113137 77 19455
123793394 2 17213
20973227 45 7113
150547646 44 68008
644827718 80 49302
433724 35 13693
500606329 23 46261
476720349 68 73987
209134426 55 34983
839391322 41 92556
255083102 67 29188
300087532 57 75768
372706564 99 71235
3828070896 27 91282
5128231 91 64848
77179336 38 97276
64080522 38 55089
59324531 28 27871
441772438 65 46351
4087898 14 11683
4105073 4 6127
41846983 49 17727
175531524 70 29875
72421693 53 86526
472897176 57 73940
23180238 97 75946
14392498 90 88956
1621295292 31 87210
22945023 27 15121
757625927 41 56291
1991360642 1 93675
57298 40 750
15583778 68 79003
1549795446 57 97631
728440 82 11999
508091933 32 38664
405651872 6 74592
2292043 64 31907
3094792076 65 97278
18705680 99 6693
3148905898 67 85851
122672261 90 34663
297330153 70 74135
8716166 69 28809
101338517 76 68368
143828151 60 18268
62457320 89 34777
28059839 75 21968
301594584 79 37988
103763883 93 71827
42743343 10 97169
660242807 88 53559
2129822 16 14340
2908470391 51 77872
2917320 5 6020
68896840 28 20744
206690503 1 63032
2872732777 86 82187
2676713735 18 85350
324920297 89 42765
163069362 81 91771
183587014 73 29481
4429820 30 5618
3801831 68 3488
63449412 68 50085
319264523 39 26344
194150970 100 46021
229101190 87 35798
1076279832 91 64207
1859873536 43 75997
460360183 95 40621
1379879159 57 88238
402194566 68 52207
100975638 14 53135
2322130230 70 94128
89550153 35 41724
278431110 33 78498
269023370 88 45258
784824 91 5797
1420780347 11 53703
1140716515 5 90111
4587939 73 16278
3773619669 21 90753
1963548748 69 64935
138077032 81 65871
85729729 7 80358
1616195388 70 72374
686085798 5 95589
2863676 32 64551
13213426 36 10833
331923661 80 39832
1300305515 46 59308
103188135 96 18169
591320926 25 56193
132781989 14 52704
125851050 86 40293
267597797 87 73546
241 67 72
115193174 95 21244
914153553 22 75014
482860275 44 65577
1060398367 33 70272
1610927227 48 98538
35208388 20 27552
1857537 90 7471
12218043 47 15793
455244230 17 33386
474541411 50 66083
118305879 59 33550
327908867 17 62811
149843788 68 24138
1905013 16 10675
27940965 46 20283
1028891451 14 56246
7424324 20 4240
522538460 13 32956
2370628667 96 71090
196574919 56 28215
49533196 2 17333
1695967709 3 87149
2437620596 69 79440
28880157 41 60532
1060232171 53 84959
1544933311 33 67980
13188491 16 16303
243577310 70 54478
2723245 29 13277
2993711435 82 77497
27684 73 71582
467 98 1291
2054217256 78 66068
40322369 70 23943
463074046 94 49718
4149548212 35 91812
533990744 28 86722
149510 75 28543
3526807 60 3751
1627223847 95 86995
80803725 9 84459
167564957 42 27024
132736742 55 28879
616971935 40 40231
20242494 29 29689
154578490 11 37912
902727743 10 44093
1090047452 30 64816
771971909 60 91389
697158437 39 43693
624464902 24 66824
25107749 53 13034
49790 11 41985
580568082 60 45797
225408710 5 31285
1435285382 24 64033
208273266 71 21493
1484413182 31 84781
1595475 87 4769
3602 70 1157
629898437 77 46181
2352891529 15 95285
114394063 42 19570
8739343 55 68538
672596708 23 44375
308713700 50 44744
605739261 23 69194
15126 37 118
640626028 97 47128
38329685 37 59983
1240 10 14550
18110432 85 52104
3755239 2 14844
336056854 63 45657
1017149407 76 68896
50040602 70 83838
2184049 32 10786
593724988 17 93180
1154485102 77 80745
906950315 63 69301
53822303 34 67692
750112531 56 87194
42614241 34 63951
308323921 16 27451
79286786 94 79876
855354 72 16552
45147136 89 9996
2096636751 33 75193
30546843 38 89174
366675952 52 29018
1102612554 84 48715
10606932 15 57786
1380958485 74 68329
1507846 32 33155
1712116664 45 69947
99444 14 61122
411588342 18 30625
285128 39 1667
290420250 75 85036
2282273 78 11671
9544967 63 42607
1025179097 37 88605
141113607 37 35752
4219304 23 27922
145594391 99 17932
1014135413 29 46336
5281058 30 24660
6641155 53 4496
1865730 26 43026
24976895 70 28845
8915678 92 42766
1080957194 30 86137
1632395221 29 66547
3534480885 7 86173
616676630 29 82881
21081775 77 8017
589951 30 3273
788739703 26 73499
1332 73 51832
511292981 75 78989
194002451 67 35893
14272286 27 93180
3515505 53 61562
792028052 77 72039
183836721 46 67488
1312470 75 25114
63150915 21 75168
472440049 50 35849
25305202 27 18092
22489562 62 6835
270856439 72 56402
217301166 75 56735
876586373 40 50609
664070285 39 67644
329978236 40 36495
735636777 52 58446
5888785 31 49458
62954374 27 12706
986496256 37 85713
1176476757 13 79869
2042019840 79 93900
19811190 18 19236
1190744557 36 80186
58111265 67 97617
32439387 67 12078
33898742 93 26682
131511370 23 26547
430946421 20 54543
8330869 65 60256
14072581 30 37114
6606849 73 46291
78415834 37 35883
345815761 98 92466
43370754 45 14907
2818129396 18 78876
73385625 77 19174
366124488 44 60296
508085934 89 62038
706081111 24 50999
16008604 48 15742
971287150 56 45562
236517 39 33578
171012274 94 46131
1329669735 77 59725
935162001 83 61184
11239343 77 53652
12261876 57 40974
363181839 23 57132
75614267 13 15855
2988532930 47 92574
127293 59 26049
233298361 82 32894
841 71 825
2574356 15 3332
6001531 46 4694
101328639 56 14750
27957596 89 32580
8743182 60 12500
462263716 61 64873
590168668 67 42229
1018808086 83 97321
681561836 96 67435
1371025581 8 96376
772570296 39 66803
2437542 35 65794
575815360 91 51320
13556280 41 9468
1392523 40 3485
45175781 90 24048
124144494 10 16553
689277351 77 85193
4435522046 45 98694
68303765 78 18177
1236247914 25 96012
3776628 62 68270
1124766198 80 74162
700439373 83 45630
3177638165 53 89243
122918675 30 78442
39289875 63 54794
334350787 42 26749
546224240 21 42383
444381067 61 76329
320208405 4 53028
136873950 52 65019
803326884 38 66743
3594842 34 5295
4489694 96 3457
204524020 20 26196
388304372 18 67424
159089715 10 80924
1986214363 53 76893
67618339 29 38693
30152 12 46526
109034430 60 62195
99983 13 85955
34835501 65 67356
185841 7 886
86182462 32 22182
37704382 18 21745
869697425 79 58467
1138791907 75 69020
1354599918 5 82958
233006 57 3022
1515496460 82 97056
8130301 43 36463
21998182 44 40027
105316271 27 68641
620308250 44 43763
119110 98 34513
2687345708 89 74056
1911096950 48 61723
588677706 19 51669
524888934 34 79600
851739241 45 84502
28313779 69 80726
1278193779 93 54170
8998425 94 10985
249845535 95 97431
1232324249 80 68932
223424899 6 23284
77903601 30 14211
35430630 80 22666
40690156 31 10255
96601766 58 42805
1273114017 25 60602
173792580 89 39879
31342543 83 44032
2120829091 57 67264
1501443669 52 93717
8621680 67 40269
3662834635 84 97185
31164502 47 14918
133910776 22 18140
870558596 5 90026
786524389 62 55941
68276325 24 61395
1044673929 79 48593
2345016809 20 68672
2901878 15 15405
2002191108 17 90956
623899 54 1260
928620362 30 82108
110822280 24 67155
197121963 58 56397
500098851 85 70764
26143621 77 22660
372911031 93 49991
72780178 62 44075
138144919 91 49868
37352689 8 63295
583355285 44 99581
69756176 54 18392
46329162 35 25412
1056592782 97 48664
1964671753 92 74285
382596371 26 42601
417034126 33 50162
333883102 53 29213
814959966 13 66427
652741109 63 42882
7357393 48 14955
2560110615 34 73203
229046030 33 84544
44156337 3 9876
150857423 13 47365
242497895 45 62974
130602087 95 30244
1775849 10 9619
1846232805 34 78040
6357285 55 3815
22905434 46 91254
121567226 81 53940
447166278 23 88806
1312481485 53 62778
6934273 97 9561
335650466 31 28073
39081963 32 11598
120436368 24 29852
14226335 71 8717
69459998 31 67356
357382548 22 49246
2635784190 17 95796
871556413 29 56413
135593527 50 22494
18145214 82 7162
269019837 95 29827
45521288 16 16122
311213388 36 31338
96310594 65 18929
43312905 57 43664
231324505 48 76849
75297092 45 43487
1172860351 40 54704
7447537 78 5463
45550008 48 10507
75229449 45 70472
2009946147 71 74572
3047270948 74 85977
1570949748 41 57668
1333789284 77 83506
182273503 45 50290
19860005 82 95540
319773275 30 69957
123987537 22 63226
121722650 91 16596
112626378 87 57392
1371159273 15 62548
87054717 85 50451
1455012648 30 57737
550571056 56 41565
235525245 71 37643
55490965 2 30322
100701816 1 48317
444425734 80 87373
278548469 80 59779
3113132467 92 79353
16423360 12 10419
211934434 26 84022
112977488 98 45738
948802398 63 52240
273942300 96 63157
248160115 67 35377
1315518787 27 52937
1435450 4 14695
1269157369 100 74982
239246918 21 57094
172905752 88 23345
95275157 54 36277
903146556 39 52198
192641304 63 30697
719299 83 1217
54418792 38 14684
274263396 83 28181
1360765415 87 90202
172314013 54 20703
305013004 60 56203
18404873 46 22211
632870172 35 93656
28421189 49 8809
6943186 98 26242
511055882 70 32896
27531537 1 14193
2765340214 10 96578
489364 39 85915
1601439530 41 81804
63133238 72 25430
1246721553 32 56314
90267523 50 64987
2912977131 83 98195
1579469246 66 95042
197312860 74 72872
3878153543 66 88172
37883801 91 9336
328292453 20 45261
374919655 25 49445
1481104872 84 54832
140826213 38 30943
969700 88 5946
99983 44 7374
1144903966 67 83421
68391299 1 14387
76737897 30 18503
2928218390 61 88513
34383366 4 41594
828011 52 1933
169135319 28 83604
27734528 18 82159
310434623 40 81057
140015416 96 79583
2998599626 33 98414
456733474 35 67151
168443286 29 32143
1775874772 99 85363
22225751 81 89954
169037760 46 20405
164278305 52 24235
80583213 75 96920
23947141 100 12366
378237384 60 45423
140912204 25 21134
135625942 2 19118
436396213 7 40371
482382 62 2718
580429805 15 69110
57013505 70 28031
1926239919 97 69599
41300888 79 51156
688 47 47068
92412303 99 72222
17972650 81 94858
1657809643 6 79373
35572585 20 64031
185399087 2 60831
433838409 81 57208
1423955421 89 86125
1519738511 19 60617
211452808 46 61290
76350714 37 47141
863406251 3 71970
497934089 99 36103
24087214 76 53539
1058529464 92 68840
713940165 2 98826
1106887989 69 55182
8910766 70 40660
2628919555 79 75447
120988515 58 30788
3185969344 83 88364
47781460 85 12576
3172403645 33 83167
344614525 77 59261
1285893488 33 53107
93393822 54 44815
877197108 1 48899
143280524 74 42376
111055760 35 38021
337296234 98 55578
72860815 47 75038
5611170 54 76284
24530340 58 58345
98161477 39 21357
63649136 76 20323
3645751783 96 99031
1166378 98 1520
178660 31 1985
473625144 90 31051
104888 67 18448
2828194717 63 92512
16585680 14 37090
546155100 73 77846
3173042846 37 97801
1419089071 70 69995
259913530 84 41189
17195606 90 6990
105233951 10 19879
1289510913 48 56687
122877010 57 66072
46796669 93 67791
141627138 12 65371
1953507 71 9285
1762254911 49 81805
371591004 5 72363
1528475648 29 62460
178707593 58 26119
360616 63 19922
126659432 83 23083
1158024513 2 98702
6118324 48 4572
2554062139 46 78446
2573304 78 16824
723020408 96 42146
109889 78 796
140522836 93 70921
603591669 94 98720
58021747 76 68273
23452939 28 17986
1016012492 92 60471
27027 1 416
159873420 18 51602
141565096 85 92281
2199904 70 85509
1383491555 15 83083
31973836 86 10911
3314210149 37 92221
465507980 13 54098
3003748592 48 99537
814933063 86 51703
2198570119 16 93754
3044027 54 87291
14398153 49 9288
671693534 45 48398
110945672 42 50246
96831023 67 83485
10198392 3 29352
156363266 46 44787
211805344 14 45646
2441538881 16 88308
25115080 10 72289
218067958 67 62395
78239601 96 16061
233396 14 1717
59057357 22 28668
62218206 93 41052
987555391 52 49396
130211010 18 94423
2173222410 93 95748
3301730217 80 96797
3262198765 75 86098
1222738724 46 72661
71495214 84 12373
132021830 15 36042
1061898308 88 67479
8087104 15 5013
1958864829 63 97913
35649231 100 22221
50923163 87 31930
57930661 89 55047
5283921 12 4734
319736844 14 95855
56645175 6 14385
457288 49 2002
37083363 50 71544
11435327 90 99130
413979405 59 86700
85820863 27 21773
23915584 17 70221
474247718 21 64349
18343142 12 50311
3316377308 15 93916
877373573 41 62961
68512858 52 27167
1228556 62 7499
1892976 93 66105
1391116215 77 75680
919269 65 3114
700077834 69 91980
155260285 35 28513
619720145 44 92224
31526 45 43453
63056011 100 19024
2080416269 98 76500
3321673 88 14639
1363607 55 7636
935504631 58 44244
1008985756 40 72916
3468051757 20 84846
39301624 49 14665
56319161 57 23646
229071332 55 43936
693624734 21 68642
10707574 35 58256
7593 23 14355
385744317 34 62699
91670 53 4228
7890978 6 84399
41682053 26 16993
394107348 36 63781
136730079 9 69247
370645397 68 66774
11987291 63 41953
171926065 26 88293
831294859 63 54842
152510 38 8087
1377837841 86 82781
137596325 99 94663
3089280899 46 91199
1609958604 30 81593
42542957 40 40572
3733349 53 54118
258014005 85 60922
16172693 37 51159
14924629 19 5740
1537831744 20 80551
72143023 56 16486
1666908113 78 83336
3214243478 11 97610
12495998 12 5761
569809227 4 86972
116966236 75 28264
25501929 19 95863
340572628 100 39200
2138888836 99 85531
792815573 20 96002
81425137 22 16169
905556408 41 82999
97086299 68 84004
1040936164 78 69391
306529 66 46762
2050095927 88 68112
67109011 68 32464
2565460613 67 72202
708865646 82 76854
9758483 63 6454
20622847 1 22321
1262099638 97 64952
8501 16 84
2523261283 50 75704
9365548 37 24504
54583071 49 15938
194788353 34 28653
2091373309 78 95820
782846611 42 89538
195501 100 1776
27614352 14 18311
36544251 77 70451
28911443 41 11248
426748901 30 66426
3134769 10 7304
1075859 32 6675
1501814516 89 62760
114507166 89 19190
16715480 3 73852
2768025784 96 90603
864529180 6 50173
475152543 52 77810
266764787 97 33888
1120651134 60 83001
477765755 86 35235
1333640966 50 62920
538162457 92 99085
627345031 81 36787
415383929 71 36638
3248995272 90 83769
744361444 40 55635
361034788 9 27734
135320 96 623
262709665 66 88256
503776164 96 55452
797 31 367
4216075 29 16534
3482776037 79 96761
160389345 97 33763
87835811 25 38645
25596704 45 22254
98428463 14 24835
1991506566 17 69216
76771443 36 36480
137523185 69 82741
1240971471 100 87385
352434777 14 47352
1912199970 89 68434
1290773286 56 68244
1590956241 76 91585
29355084 38 74787
297919999 74 47003
1626931486 10 69637
37973254 5 55101
916897198 22 42933
919625485 33 98302
10133599 40 5622
407650273 93 40787
410561180 83 67768
162958220 44 67685
2451727085 97 80625
873574865 56 63223
3861348108 51 97822
389800981 56 33232
7821182 36 37600
1068326292 79 67268
152382196 55 44773
678421697 49 54783
1206639468 58 93442
34274383 1 11682
3504138815 22 93063
9655131 52 38399
225806340 79 50165
216810659 2 91611
326101547 28 82481
25057454 71 15509
337038483 9 75100
8489638 17 45753
1865416277 57 71164
1940937334 79 86277
212451658 49 34519
318941455 78 83338
520242 37 31493
239981551 8 24249
192832243 36 71647
17817546 66 61218
133156 86 42390
645542298 77 38390
2883969310 71 91752
627986815 5 57548
67097231 55 12293
96991378 36 32743
275367228 25 38955
760143833 11 44285
6391105 70 5237
879976656 73 75692
33340761 57 73724
33753273 72 46297
1680 31 35484
349871708 70 35563
490590669 42 32322
79055032 55 16309
1073204952 10 63939
95628108 81 33762
4161039 12 8794
2572748558 35 76032
94498 36 34019
1333865598 91 52526
315230706 88 38208
4464124 56 33422
986449742 94 73586
80583934 37 58633
32639 73 522
4246425534 3 98626
102628 33 3151
222191 28 1553
2299547468 30 89790
1213737604 12 74056
3435684 41 9546
3084471 10 24512
996120239 67 53001
3358 15 87
161923634 82 66725
20418042 71 50064
32862699 96 26442
1059716354 77 48903
436744532 91 32681
309250 33 72555
1069846322 19 70310
15403839 58 22999
665934694 14 57247
262344665 56 63711
2136461146 18 82761
2499545388 13 75661
53300219 27 94017
7148844 64 35170
83098103 89 60688
2438356715 66 81027
146171913 60 50285
72067405 22 70873
191820656 34 58391
290781447 51 77828
580594694 51 44876
204350525 16 86582
2590679759 24 90542
961547110 45 55660
41982602 69 29722
72803936 25 38748
108512101 49 23203
28643041 39 17654
1993698932 16 73956
472395724 34 46134
95346649 61 75808
65417368 47 18580
111999453 96 42363
32133983 66 64584
2541702064 25 88168
154594865 15 17800
1357904049 58 85216
5742288 91 18146
786954004 72 48103
551453115 52 67288
16156428 46 95461
489129266 55 78361
113499973 96 22768
1802315 54 5179
64294592 15 41659
316850179 87 95356
875903 12 65655
389761541 46 38892
85369168 81 30170
2636385 26 98714
245862574 81 47034
249230457 49 71743
282942879 39 68619
4371643 10 5092
737594 62 14658
9545179 34 78311
190345285 3 76284
22277593 38 29321
1368748684 80 88045
5687573 4 82887
1295381788 59 95819
143170972 13 61222
2368924 65 48474
98265764 17 90990
304901011 41 40611
1871026 82 15127
846590430 84 49651
118561109 92 46209
499436878 30 59264
371987218 62 78055
504213285 36 63627
92691695 61 19918
1097058 61 5968
2975204 4 19846
1443967546 58 91714
724093980 28 69666
1051309778 44 57575
267572774 40 28061
318158293 9 34947
978231698 16 64306
2232798 5 6895
2462015902 19 75322
90169 13 21606
369663 44 38181
176402343 90 46234
38482762 76 58907
690830993 91 60145
2892157 59 6362
23327600 75 12924
180588942 13 25199
13119308 63 7286
332064913 21 93079
1569716335 91 79419
1608685525 38 80386
688661954 51 59451
9237970 96 4404
1908470 20 7288
36321350 58 23565
76532712 28 14449
38332874 57 21895
161203816 38 32412
110564998 30 24375
876828310 92 95171
1347467732 86 64249
61382655 25 20401
33777614 23 82646
70227327 39 20741
15873593 53 12962
389908 54 1644
1507294702 77 58478
156521671 51 43759
11751533 11 14504
313979470 60 47065
679866968 89 78951
123575205 38 31905
27096223 33 63444
109034476 26 61425
59922830 16 16272
98823170 33 23371
1456295282 34 68145
173552298 71 46053
215119358 43 38959
25361 1 68091
47591439 43 27185
3293748881 36 86638
8115771 50 10537
987971338 18 83627
54665661 71 19397
345121362 10 36062
12242281 30 32651
207260642 69 22985
791121911 14 49010
109305347 78 32242
1819033578 56 73691
17797956 30 8584
980854994 64 75591
754291848 56 47528
386983072 61 89943
3969902 19 7851
12445 24 406
3316721 28 7152
362613414 60 46300
2368719664 99 73823
1002033048 3 93933
499666574 84 67017
215301498 24 67336
19563113 37 11943
1299439330 21 62919
32168377 40 10441
2462048838 15 98777
1 83 914
467781575 70 66671
2035525576 28 78489
457221557 60 46647
813673482 50 58789
1045007 87 23271
129262503 61 22182
166553 99 97509
389457133 96 58222
1608136448 60 80660
8799477 14 49246
228114240 30 72690
276539608 93 83882
23448 72 3453
709246935 49 66403
1447562865 20 80979
2179074558 83 94492
102504922 62 56962
183100622 14 50098
3576555044 87 88097
66507972 58 43007
2105248965 64 76809
35903830 22 12588
4199601037 47 91845
376611504 66 60616
2384634502 99 85190
292050387 40 89666
1207842127 7 53224
750933559 11 52746
25299950 48 25448
1669283193 75 83769
456238744 35 36233
30566904 32 25959
1229804367 38 92224
5232581 43 5189
1485965722 91 56855
169324480 52 35655
248501139 55 39172
357036103 52 85475
2615342888 66 76106
242066086 67 96564
146871647 22 38886
2850401017 96 88084
1133129141 60 72665
404354854 28 36622
664014653 72 84083
587354232 6 74705
2369851993 28 81822
1336752638 35 88737
64955729 41 76980
888355998 42 64865
19862619 36 40871
722678239 69 52331
862616727 8 53470
1736767 1 10944
331312387 67 60885
89472503 17 62912
141330328 67 24237
10072756 68 4990
530317125 92 40323
287452461 65 63097
2170477795 72 90063
35758978 2 21514
231200646 75 87002
34625 88 592
19830521 65 52102
416883101 42 41212
86193918 66 82467
139400 72 1443
1446593046 14 57439
154671423 78 23252
236164459 37 58994
2920877483 3 77854
22354720 27 7626
97728034 51 24452
4098094529 95 96435
1511340699 19 73204
573822282 24 57504
2699260976 92 82437
224139466 95 38242
5334112 74 18438
1428758662 73 82862
11168490 68 11102
76817484 97 59868
1149029311 70 55480
43020301 90 11570
101649315 90 92662
369659457 70 66525
455156 93 1165
412746230 3 40288
3943502727 83 96714
2229731776 36 70040
1815423673 22 78643
19724240 91 10839
5645805 33 39512
272432785 25 91882
208668184 41 40250
687680819 45 85442
326500880 31 80085
259366840 64 47389
15479186 54 18787
1389777 28 2613
919543590 10 75201
35816793 18 50300
263077509 99 48510
536052128 37 76543
53601476 82 28694
252034563 49 59500
237569054 94 48904
189887289 71 57270
33476474 37 20966
363397256 95 74498
3513133 63 11045
708793832 12 42501
417886426 8 42789
30246 49 9386
583762820 97 84500
20148151 93 10071
234711290 27 33581
5548480 92 54186
667939397 20 47202
1317670012 96 58384
286015355 3 77112
1401291390 4 69276
10337 62 16238
4278501 79 4519
2639613139 42 80479
364082795 84 33132
483268041 91 44883
1487087 8 5510
84989503 60 28646
20005517 85 9060
137656023 96 81426
35408321 50 49161
30242 27 530
1664507730 75 69634
4276 46 75191
479464115 76 75261
40412708 61 16756
7387589 40 19842
469341097 5 31964
61940308 66 37466
513453694 26 67097
1704188034 29 95522
1432181569 29 69917
482810799 28 51056
451582184 2 35760
269017537 83 71058
622330626 27 40869
571787571 7 44294
702001615 28 51078
21288316 84 35929
5972337 79 38242
343401006 51 51398
508623151 85 49732
575241275 61 56820
764355531 46 74881
27045 89 7485
33677138 78 70009
1010790565 53 58929
1066841840 73 72447
97863440 82 27481
1942819261 49 79087
95429773 66 65443
15926164 28 45297
407913545 69 50649
2936404 82 11728
26896019 27 11580
260513468 84 50234
82474411 3 19645
98538174 62 35948
741366 76 68197
427048 79 1224
42381813 4 64823
68332556 94 53859
423217017 5 81651
41834519 81 9302
5222 7 787
837092 36 36812
32703769 8 16443
182562004 4 40564
19566664 20 79102
76222684 64 52891
71474258 66 42402
12630449 68 15258
19404444 38 31892
4941059486 68 99950
4577251 52 6003
224108755 78 21996
374079904 15 93252
59766668 78 96427
1443577803 1 61982
137061 53 3665
96248048 52 28123
2303930078 56 80852
2100454970 26 67823
491346305 19 81466
617470693 44 44965
12865169 10 25341
542289196 42 67347
408401309 96 65507
1104301720 45 76650
3601623452 77 98125
159467760 46 89832
106531308 45 62078
266426740 74 77673
895379781 87 51732
58967363 94 58554
407586180 63 45548
598228682 100 57334
2299948823 79 69437
2514492521 48 70908
136520644 11 17310
889716687 34 82466
57385640 47 25635
80689646 26 14602
1153844 28 11357
1107320121 30 67168
1048274407 57 56663
37325264 68 72983
386217124 9 42128
676613079 30 75314
602817697 71 70469
1198617324 23 58434
695707604 72 97677
154208506 77 31219
2258911701 85 99374
235587 69 2304
4638217 51 95777
339812199 62 30023
333121663 43 49050
4792589 63 5469
158381610 74 79166
832127407 82 55887
20227882 51 9194
1436894214 34 86035
60685076 11 16662
75451812 45 92375
1393398843 23 57447
2724739241 32 85501
450857420 92 30983
851492282 8 80695
1559838709 80 92005
5156773 70 16943
168035253 15 66814
350478500 64 54674
16610 32 67681
607037954 8 53762
3678078554 33 99280
326474604 88 60118
21268638 27 24652
139349 40 43047
3844632102 60 97686
295246661 40 63071
7382979 69 81153
3325106688 29 97651
8666199 83 62785
32873697 10 15695
275511633 98 80972
135684861 35 41313
289866996 36 57016
158756148 84 93843
845673400 91 46586
3390816 62 17970
1702768046 8 88037
825527154 89 50566
370641647 56 67895
587723465 71 78980
84468583 67 83643
387662749 40 34081
152254268 93 42474
67583632 63 14704
798457 19 6632
14018699 85 44585
106347335 33 60316
586383115 16 99928
451684764 69 77623
27552538 34 67743
719466 48 24340
766729667 84 55404
1074165656 52 53044
298607467 50 36348
1294183620 89 59777
25822420 64 18397
2410917435 17 69943
39942538 37 20458
2684159228 5 97974
4304163 38 7284
11241917 33 21394
163865806 51 45240
2535828483 78 76535
7888629 16 93377
176422991 60 35856
898424 62 45158
767206052 48 39360
675893982 70 72461
1185211968 95 83757
286541122 37 42476
1970846705 8 70491
3699089923 18 93566
423496332 38 46915
161431902 6 45537
648059836 75 64224
6773865 90 45134
442359459 14 46634
291176194 11 41096
514650783 22 93345
202558193 49 20589
129283734 22 28612
1302344514 3 57185
2817651257 76 84289
1018415822 60 73204
2784435443 36 98973
397 21 2142
37469489 20 33916
3963204708 45 91172
17546846 16 64943
1389646483 26 58155
177 25 66974
3657680663 20 86663
77591608 16 34628
22980571 74 56902
13009498 91 14811
14656594 76 11864
381255498 18 46472
58063323 28 11923
650935743 63 85108
2987278762 19 88708
61895978 24 24714
1284593046 81 63857
3414309827 17 90108
99812860 64 24649
101812995 100 46519
1975058076 33 99631
1503056 77 1700
69579 49 2033
1596749295 42 71087
137924610 95 41394
238368529 15 33833
891022882 15 69078
863871448 6 45445
1360976 21 67037
978417040 48 47136
412301142 6 29518
834173152 57 42586
1171206289 13 59935
9988871 51 6355
642203947 71 64198
598924853 97 38676
1222842479 11 61459
45606761 36 33562
88301839 17 82153
19355245 73 8218
3980151 71 6250
1137086 65 1720
3475072218 31 95801
363052926 86 59406
673027 77 38321
118640384 87 97159
6623 35 93
2206272922 8 84197
1716641612 50 82339
293738709 14 52132
260374130 19 73465
88116 70 519
122804526 48 23103
13426956 26 6944
673676540 87 38877
57355522 84 43566
118624028 25 52257
357224413 89 34284
157698142 82 18761
4912205 4 14211
341272684 15 37931
214862 22 5415
23320763 95 33228
2439686587 39 86748
628558070 63 44993
68597768 97 27473
40376800 9 14609
979306539 61 47950
74799 20 5626
31473449 59 15186
1326907469 28 88953
102677267 27 14940
784566529 3 96983
22428025 12 14018
526378 6 3929
288497685 23 71238
33582502 67 11745
128306213 62 30829
36122775 41 30301
680333125 3 78447
483922 7 16959
35871 99 66874
509358314 67 50243
340314522 23 39303
135163173 6 38536
225583200 19 50619
153370837 32 80322
191000203 25 43065
310745541 82 28637
21697687 56 11438
174741867 99 25117
1522169637 78 57408
89263288 46 19609
2824287 19 59304
1359683569 60 58900
1663145175 50 85433
32643423 19 88931
190695083 95 99363
10163398 43 50476
16757196 58 37004
405424 41 45769
114095030 22 89374
15650659 7 35771
19902730 18 13884
113888025 54 71591
929557613 34 55774
101872768 54 21942
47491 65 18295
2698667789 29 94506
1987472046 66 80967
1048101834 10 75764
2879705212 91 87182
2620016797 80 85634
744577406 83 55929
472446166 76 70847
2968147545 24 90771
106916786 49 39228
359954 68 911
55728278 76 13643
245722636 70 41625
457037 77 97257
99297674 45 19847
1042113537 87 57590
863895183 85 73960
702169823 65 37420
2623581567 23 74546
3198438426 37 86833
173034504 56 18776
538620980 20 40195
2061022531 33 85884
128692418 8 34159
29124911 24 57108
1860008793 30 71012
4503617 96 10814
1514173835 75 82706
10073435 20 6507
23323945 26 32889
166797949 26 83899
8229421 83 59835
783313371 25 69018
515266656 94 66633
610769929 16 97932
794948768 13 66144
5490592 33 5232
1 41 205
15452974 41 84562
5241558 87 72974
247999752 35 25042
1083596541 83 74472
3424946 66 16528
1272073354 4 88285
545125517 49 59624
2878716458 44 94797
2977498558 45 89054
45642689 59 39029
636362303 70 46793
2710667 78 28079
1867514204 88 90016
78336860 18 12860
953472532 10 59383
316415601 39 35034
939261610 94 74348
402886431 67 38570
2958763936 36 80204
945285450 91 75360
76546647 14 98468
474210323 21 62691
2242360334 74 93780
1999737209 50 76271
498171834 83 49937
1337196079 73 71697
2080401544 98 78575
387095431 70 48693
6143012 17 98351
1983622250 23 66346
350534519 87 26544
2804854 73 3076
918502288 49 99565
1280616 75 8922
2143312 24 42799
15118925 44 6718
176053671 95 68267
137439234 51 25672
322680050 36 27259
80549 47 49603
951203 77 21390
16638 7 176
213594068 4 27065
2238077268 39 87373
42570848 86 12914
184612763 28 44553
15792102 82 5588
48159338 54 48962
117054 42 3078
811412428 7 45890
1361655935 32 74060
1370664174 96 85222
162599272 70 44848
4782049 69 10171
4832617 87 61004
387966175 69 50732
1699882371 27 98377
112162361 89 45808
867588 17 22260
1249640546 4 87690
1078583 22 1595
1636739431 53 80688
68960729 72 22231
17487796 44 12987
3671255 83 86805
2972668009 48 98475
252000 11 997
3496549 90 19805
2749100049 89 81882
380315188 31 36063
93712036 95 22956
3813417 4 98125
794986183 61 50984
377882699 39 39775
16545806 49 9307
2054063 99 3158
252229876 86 30272
22211805 50 55285
642435696 85 57380
154489477 45 20995
155099582 21 19450
1548057449 89 94643
4159395636 52 95071
2577011378 20 75441
163125005 27 67817
2200184332 75 66865
58024010 57 77659
516892012 91 71607
246831615 52 89963
159620728 41 29619
848815836 26 41188
1372925564 20 60079
27067 80 23988
225560647 43 24763
2294893525 23 78562
456415440 75 75982
21304769 3 61639
105030520 22 16195
1506719653 33 74991
208122190 95 84310
27954787 52 23634
954193663 84 77861
129981598 88 86510
471424 94 25710
851465017 82 71725
4127012 81 12905
442202749 11 51297
63125390 98 14049
225923503 89 30100
18794999 62 24514
118370032 38 31408
231547398 97 22375
477438213 84 45501
107684311 22 17595
131339949 47 28054
1745799031 83 76797
2915539827 100 97757
53602642 78 80420
931425807 74 94408
1345045978 70 56974
397270 94 46620
374534039 31 44076
853540395 59 45084
83221783 40 20781
26498012 49 9331
68328663 48 20567
351142941 59 81150
135481656 94 31010
3790137314 53 98389
168128118 92 61336
1736537817 21 98804
1551085023 26 72346
67456858 50 18539
221574228 36 26102
1388216910 31 73684
520509789 15 62343
768701498 44 39551
356207936 40 93559
4675366 8 59282
99239904 47 27166
94207498 37 20480
1552097763 36 72072
141531396 43 38836
512726230 86 35147
375643 79 24975
372766475 89 43912
136021001 73 17545
1571696054 89 77948
567924 64 36998
13889700 24 8979
209136432 85 79124
438520585 91 31662
356051604 100 59353
35903428 1 83648
69993361 61 97516
77359402 11 25650
31716215 15 14168
177845411 79 42854
1336551354 44 52638
955657016 39 94230
2653052439 86 74267
155827479 86 59213
23132312 87 19959
699388832 65 51678
4708338 63 43036
1154280264 87 66776
30892722 30 59586
109123389 39 34987
154826387 69 29984
21433398 39 12197
2356212098 35 69767
1702298211 34 79824
679243125 12 39699
796105282 1 63224
2094439523 61 91528
24542369 9 13822
74434035 31 31995
22393483 52 24322
363296119 55 93758
2286855580 30 69406
49664722 90 11883
68778358 43 20185
1114866792 48 58181
140492 57 13094
299162502 75 57277
3907574190 72 94140
44017011 89 14056
5866921 62 23330
1877299979 27 81527
354385605 89 87686
279236634 94 25105
4192655090 80 93652
82479634 47 18331
1115643565 14 55513
154305188 15 32940
656803 95 37209
1 72 12388
149788 18 90556
3930468077 19 95083
79442826 66 17742
14290628 70 5690
2288053 92 9229
10058101 68 41346
2748691 61 85357
726622961 49 61374
613672035 30 73197
11731734 77 17848
469695353 7 98845
2921761294 8 90825
235856723 38 45838
16012162 29 6995
393055851 74 39328
1137074280 88 74721
204335717 71 85555
678160846 73 64068
5601049 84 10874
769384990 32 50777
88840169 83 45656
56658311 89 56831
16232222 12 70416
1760417204 18 68887
4541521 81 98660
137208012 75 99786
601210936 73 89047
7388740 94 5144
517560816 31 53526
1952639 43 39650
702101288 91 42275
539806668 79 49231
148762193 8 67560
1284065886 60 58667
3859436 54 8319
3577088107 94 89524
6471003 42 6397
273429679 36 60987
12446986 100 34271
162977487 82 50386
325293578 79 36794
36973961 76 15840
1906512341 58 66372
3436761 85 2639
321583773 60 35556
63561483 47 46679
698038367 8 72240
132778134 8 65440
2508639 22 44544
530527506 72 46138
2458991 94 16857
80400 74 20445
368892782 91 60254
554637112 98 42736
209313537 39 23763
27624001 57 55647
83209430 47 39938
1438546 86 23008
775170477 3 58597
238503282 99 30214
340485139 54 72813
388945272 53 84789
1150009107 54 98442
4265262369 43 93385
511255 85 13316
34315975 59 86165
80423 20 19666
52296612 85 70382
1038766400 86 74265
382548306 17 80833
756432471 34 61153
79937222 14 19045
391271638 34 69673
205725557 37 56794
285342859 1 85776
571292104 52 65743
43648794 83 57104
452998 54 89314
16337694 54 6623
1587840 31 2189
3126772487 28 94586
12983697 26 8875
322054186 74 68739
10395161 69 79115
133526245 76 68766
220765 50 98294
3283946602 90 92329
2676629 9 9208
1150211328 92 84731
356593645 63 31737
181104421 87 41701
12484076 42 28702
479288937 83 45189
2540331181 35 89732
391271550 26 42939
2018882714 68 76102
41249288 100 46284
398578 89 1054
100318046 47 28308
28989969 77 53530
6410779 33 92862
1078477032 1 56286
20585073 76 7201
151493376 29 19553
11312781 55 67849
1329474746 55 55654
37847203 39 23172
271245932 85 67249
271652878 54 43281
2995954 94 43820
349643481 34 34655
459995098 85 49942
579290676 83 54652
799062183 99 89414
210014 86 8807
605935074 12 38437
3449855776 44 90964
8485890 21 19134
957144746 5 71229
127064 40 2111
58774106 32 17753
24057287 52 12555
1704618204 88 71004
23712211 20 37062
2857887959 56 97808
119300 64 7989
1355834408 17 68117
107507936 21 35693
75247895 85 38047
824258330 52 73164
3128496 95 88207
16137986 55 17118
528138341 60 90328
64982372 22 12466
122318908 12 46285
71148830 31 25928
146889049 93 29097
20068859 91 21849
2834934599 64 75833
2747376101 100 99387
1000751451 82 70642
1855062985 25 67609
2736173055 98 91125
10748284 58 20346
1224920155 23 61157
156678127 69 18897
11458210 6 13274
39407467 95 10188
1948451 6 48694
152358919 60 62853
341835 69 58351
85809493 60 17984
1571197671 70 73943
39953623 97 9248
970083188 54 46804
148616792 86 46152
46714334 57 41249
10627079 72 31236
436855623 70 31129
623238 48 3504
258723309 24 30113
2590438486 64 97326
1606407227 16 58864
960779 8 17110
3192791191 38 97989
312065761 92 26251
2121692187 34 81767
336814459 11 73356
2659283271 28 89405
76017627 86 96804
2750035 16 38382
1341857359 2 80454
164055797 40 45721
791505434 43 49751
1003016552 30 51118
263944977 47 38122
240526883 30 70657
820747870 81 62308
1585978215 18 75402
2301141 89 3125
1368939480 89 77022
52299216 79 64412
165202597 90 73963
5038789 47 30595
75056525 42 13711
971558372 57 82191
281887375 76 42809
29691503 10 10448
70680676 56 64654
49272 2 62946
201279247 3 26458
299984361 87 86531
162237397 77 56968
477800752 75 31062
1467012513 34 89598
142766968 19 19694
369396699 2 32383
245469371 100 30714
2662761 22 5843
907752390 82 81918
313311118 99 59312
134803199 77 65451
377679489 61 56096
5961301 69 78310
62166264 16 73038
82437 53 33005
324109707 64 63564
2356412105 64 92613
15674238 57 37277
14585 17 1916
1529735157 98 90715
602665356 48 86697
1780706 29 2657
131418942 58 22997
20535915 19 22538
14486536 35 15783
1625609983 15 91758
735420252 93 49497
16888079 53 9677
75452 2 16467
437293 43 53004
4595278 84 63019
4243967580 59 97513
29179850 92 47748
4400211 52 14656
33951152 95 60654
208281050 71 34662
17463957 97 10896
2689887371 42 78832
536019737 91 36790
1072683183 89 58901
2550491 45 7315
15442068 9 19107
398901 6 3685
404427491 90 59976
31287238 70 13994
44133414 56 21674
252840764 30 47357
5517004 80 32614
1203534994 74 81367
305465 50 1260
637524663 90 35653
2686824 37 14183
11336534 57 9416
179098028 84 45634
14823203 6 46276
56525784 18 80271
284411826 34 65777
1743279057 47 75085
46061931 25 82706
69855 74 14278
1341143059 1 58993
47710333 52 31044
305219647 32 39577
5729752 32 32397
1389443422 35 69908
445155217 64 43539
140175433 22 25750
11097638 23 26123
53474185 31 99141
30692903 67 81357
96861351 39 33446
3304448 38 35930
3048829273 64 99284
41872433 44 16589
35203247 79 34942
29420141 1 27921
836008249 64 70376
11927676 65 86170
179548847 90 58895
917809822 12 68603
29490588 28 33799
59700282 86 37854
1201856569 4 74644
550668 34 8312
72302535 76 45237
564365282 89 82575
2178089634 68 67593
2011109616 72 69603
125897 86 2138
58221819 38 22803
149202631 49 28180
82978899 58 21888
347762198 83 82850
1666570709 46 62095
1367460668 27 94921
19844035 39 26733
278295203 76 33268
1383778343 28 57185
334716619 51 77807
17724 50 1291
107965066 47 38177
14414048 49 46702
415521485 4 67530
6213474 5 56529
83782118 83 33298
759694580 95 43707
3283226523 3 82759
1598739996 84 71268
195729256 56 72171
53009872 94 29293
381234800 17 55874
450776124 52 74282
1337427203 54 70361
1118729 24 3414
172550 93 9980
740750 100 4513
9907226 5 12343
403601251 82 36979
7363054 29 17607
142147896 29 33381
436479237 14 36212
596983858 81 54100
76905254 50 86421
173241521 64 26107
510219895 71 84492
21747096 59 26830
674214582 77 39197
383749608 11 61340
62337496 99 17609
1717130 68 4744
21250171 60 13559
1030888321 77 96026
296892508 40 38210
1230505561 8 92958
2259108425 71 97612
246810 71 1369
45010000 56 62549
1709719631 27 73103
523904 29 44697
476955953 8 81664
164541113 10 49632
731106207 62 60684
2025032449 37 76373
608716299 20 81898
483690 41 48204
405586544 99 82558
451567409 11 70963
1325009838 16 80108
591976012 29 85561
393929742 74 96910
395556189 82 85988
875540326 52 44822
251274185 34 61754
1862123956 75 80338
16807677 17 8701
39731366 34 28349
378532653 17 41140
233114836 41 86048
24835 39 22364
158025470 39 59561
5359791 81 9682
61896671 51 26948
1427934489 2 95701
231815 5 1071
129322652 28 27397
746349432 82 61649
546453550 43 41739
421694308 48 91753
27504987 76 27424
526581773 4 62170
837629643 21 54295
389726138 31 59851
845700114 32 96619
800542585 22 94839
66074509 64 62542
1244748204 42 62715
78814625 73 31716
4737885 100 27887
16163711 75 98106
1565970515 41 57506
20714566 15 10128
1465118319 22 80351
19866432 86 7199
2046186030 53 79102
1715281 25 22679
493988109 31 74187
36115586 86 11168
4266108883 13 99489
215318628 72 83306
81119548 82 24286
23484297 66 86786
898794674 7 59692
240301105 1 51762
3927388 14 17474
10241801 12 12794
43209199 76 42222
379120 65 14338
346664375 25 66692
1178532085 96 99873
75272798 10 16339
2180645 43 14166
378950657 94 83677
2897721458 44 81605
396206259 84 35766
1677831434 82 78220
802638655 30 52087
5707949 33 16187
201493 78 25003
73606807 37 31004
257252911 92 64322
95313003 84 31035
28429214 90 91492
5023022 17 3716
537413699 21 66842
707373 90 78896
344058312 65 34678
1473565 3 84513
1563259649 34 61644
692267 57 85853
942216844 75 48642
127528002 85 76020
88006335 27 31546
1731333452 18 99563
2318706 81 7328
2265419681 13 84403
307758213 56 96452
976320380 87 60075
846812 41 77409
3078977780 81 91000
1222535512 46 88322
6726006 78 9597
2921736468 93 86660
380685216 43 72580
1182723898 42 87625
1027082656 29 69769
595739585 68 66446
62012 2 93246
26793577 39 47274
44447308 10 63735
126302194 57 70095
361546137 10 41738
591836381 98 46033
1162625543 74 49790
32105 55 1249
1243033427 2 94454
45653823 67 64296
44126965 2 11998
2163757 99 19671
350328 84 3581
46840682 14 75119
1665533 10 9302
1491762383 45 90465
56649072 6 47399
1728662408 71 60538
34789463 59 93191
11767508 72 35510
1466982028 6 81865
99765455 21 24752
25078789 23 44264
27660561 73 11738
136043553 63 58928
381121208 33 50482
3297223594 60 82647
48975996 91 43639
18502668 74 64245
549377040 70 61169
36355940 94 21921
335328 29 64768
1488837936 52 90242
456348604 17 67188
76181865 25 94984
3304999417 3 99875
253108542 91 99134
125482381 11 97867
562780997 69 56835
1014491008 76 45379
2240070257 58 78338
805197 72 98849
163588 38 9358
461941091 57 45513
472761013 45 51546
87210126 6 72319
24990475 94 60230
988561865 18 90507
218062090 99 38696
2468447667 96 76722
18244783 78 27038
15193448 94 15065
7893048 13 67390
206214526 11 84791
145656 51 25878
3214599 56 6745
15265 98 79893
77404325 98 15237
391208842 88 49352
235896610 45 47751
463539646 52 36207
46537850 28 62628
269442788 93 24644
3355795715 63 99254
6294451 71 5208
78787418 98 93742
52372093 18 18534
3706204685 29 87083
12602451 21 6533
344872985 80 36976
69411 84 39027
399213911 53 60167
222937304 3 27964
484959429 26 39018
37191923 25 39089
156504052 63 35001
6764629 85 4655
173319 28 2168
296403619 94 27867
608323292 65 78016
359383313 19 62804
677909139 59 43100
59702180 57 92809
129857538 94 35835
586696 100 1660
2108971007 42 76870
999713534 84 62330
12575 97 10492
533219672 48 45853
44004619 60 58684
80577116 23 93591
98646851 90 14338
52809457 65 20147
375291195 55 43322
460170187 68 95924
6796692 75 50465
54178625 47 43951
207915679 21 68118
188086141 86 39946
147319 6 571
224955 67 93080
1640084 96 16851
2744610 89 46275
62254983 89 98009
23220346 6 48344
1599851 57 11176
760774703 95 63251
4338125 96 3957
449247738 4 36714
12440650 16 45860
157435150 68 48160
845370880 69 58198
1235827712 83 89014
62052297 96 21444
567110556 51 53157
101617397 90 31389
1016053055 20 83233
256073785 9 50283
7361653 16 25598
1426023811 98 91539
6573020 17 7821
148867558 40 64013
2968828 16 45430
571124292 76 70550
11029097 59 13247
77287495 72 95486
876072913 18 91411
864263 100 1823
11666619 34 48458
226360 70 3018
548562655 57 59470
184730706 28 55502
134783245 62 27606
444281853 100 96718
3242137 84 32928
2417393 33 99032
992674660 25 78886
52354057 76 10215
1695421680 30 63310
47305417 93 55832
8094690 33 5009
2819518382 62 89053
17089318 99 72491
447140099 12 57457
17728205 79 42493
722427347 15 98240
639202789 54 52811
1056113450 20 73887
2816922 33 15484
169654918 83 32485
59195151 1 25384
349473201 22 35247
2453 83 22454
1423104725 90 68488
58345644 45 11771
710150190 15 55341
833830727 33 55626
508648729 41 59687
4941509 36 26876
14165222 6 27593
259593817 43 71054
6735574 66 6580
289942932 77 24067
6723144 17 13072
174989715 88 51118
835692 23 13987
778040726 98 42057
2985320 63 48633
211525243 31 48015
19568592 38 30706
1730812002 36 66336
50612418 54 24798
220036142 58 25875
43001255 19 9871
418908374 64 30093
122575749 69 82467
23448675 21 22342
196486862 24 34572
54468493 32 64723
24787980 55 8455
15923919 86 11419
2794656697 35 99378
8809467 60 16692
3930484296 90 89009
139561896 42 65664
3820397657 90 88989
220130327 47 52163
17769913 65 6097
237786105 8 42227
1546013646 99 55648
10282 73 4482
17539209 64 26851
530503888 36 35008
155865648 7 93024
1292936 75 55741
1795566230 16 86814
29520035 11 44928
518165841 60 39566
1082949 61 97329
1956130455 33 83664
3183082715 65 95534
1868525 93 24203
3039901989 84 84059
1059246594 58 57887
2820748 32 63341
709752107 55 60008
53695936 99 28058
75761338 78 62393
2871829290 63 92006
2747801462 65 76429
315762815 94 70003
21850172 46 8007
94622284 75 24529
67538526 23 26666
299827469 29 41903
63312809 64 36343
177709879 66 78311
143624341 84 97309
40052955 77 29980
206815028 7 23271
148301633 6 20905
758082521 9 59704
756776843 83 79943
4966819 2 5799
15367619 23 62917
426781 33 46809
1473671597 60 57479
11682436 94 15180
1638772352 30 85952
756295 67 17052
1921500373 36 96509
2550572972 76 77069
267251343 47 60902
443876971 8 89204
115897233 59 18331
3720510 33 45323
1166431252 45 56412
199035692 38 92941
121460 75 469
476887 94 1282
224603533 42 36378
152365672 83 22741
53705739 84 53994
1647880083 91 64099
2091381 50 47480
371353273 81 77623
9220847 55 62375
1993026013 80 75412
1514074554 36 79677
136854427 5 73891
982627563 21 62486
87592404 23 29025
118333536 16 18701
81625155 25 36717
26074884 54 16708
113936868 21 53202
70840583 80 59491
723985338 45 49509
226759597 47 42249
2638832876 30 79811
109731087 2 80780
10898484 24 13121
74859588 58 25686
515520982 70 75360
1996510267 49 67746
24948808 2 80797
743102990 26 54307
997580134 94 52119
156014326 64 20221
95706703 30 64459
76390659 70 28883
4310070 10 3036
1157577128 86 49853
439729 50 29870
72594512 94 45452
2520849809 18 83979
145084692 43 72584
5454538 29 49567
88608796 77 82721
219408657 78 40925
10716383 18 11488
3597136023 87 91252
1012969782 55 96491
1186719570 3 50548
434393889 84 42325
248057444 24 23275
808400296 60 47896
53555507 21 45473
1653820950 66 84692
20319562 30 39623
306736045 32 99318
97200232 7 77709
396077477 11 56029
358704359 18 85607
70299 98 292
27055 59 331
8643 4 11534
15511937 69 14904
165075627 73 48278
48811068 96 73085
821009446 76 79405
1781499091 75 97243
461934942 24 31363
304790908 58 30260
1312211557 16 91675
7027224 61 39087
428759838 47 75077
44266229 16 94035
6508613 71 53229
942960 16 63155
87130188 11 18433
525109036 88 51141
3194209897 96 88364
61179795 17 51519
175529814 48 64061
90684003 86 90817
46711222 37 36317
767274067 96 60601
1164831480 94 95477
58778443 69 62018
1220154 50 2125
2553787713 88 78908
66550 55 653
15937809 16 50397
4748222735 19 97717
340720220 69 54582
5221141 81 14998
280571881 81 25240
80488732 10 38282
1188878188 99 94053
305026669 49 27425
8610508 100 92111
226880 89 54813
26118008 58 13440
1093081180 75 64636
10671454 78 14987
43945 29 11456
388339569 78 57421
53046176 19 10694
162676 26 5653
92751123 54 32061
28483819 73 10414
131561537 25 19246
15068550 35 59067
1529652756 81 67635
40038841 49 49964
78569256 80 28839
7171699 54 15601
754073610 43 76368
644293355 99 50599
6744343 22 22273
2575024 61 8555
22420550 92 8434
1155061 3 94201
492486149 88 37843
100216065 33 64516
51346268 77 82957
55368281 22 26170
50335967 65 37382
983427254 94 48464
994756340 41 90516
3428761 84 22027
97833941 86 21572
4807557 79 31907
513023334 33 66693
1535322 39 86141
312543197 82 50781
70305100 32 93096
22797806 59 32993
1460890310 49 76967
2529438700 52 96374
3149385884 60 87441
37262120 98 23008
44753838 34 10396
39711848 12 82682
10082306 8 17531
2194755 62 14572
175485660 91 36618
75968622 55 82066
9793341 63 10718
148280367 56 51423
1508285172 69 99214
14419 72 1753
271451978 39 35970
6726808 78 24189
119245616 45 77028
1168606 90 13514
82561907 78 54573
1298107170 6 54667
286425994 39 87598
42470684 29 58169
97989799 68 34755
1497560349 76 64924
185147 14 1377
249066976 23 58953
259537731 88 71712
107439941 79 23901
84116431 91 43472
52477405 71 18077
2076044340 76 80737
12826433 1 6993
369253 77 2856
225670536 20 48540
5845792 13 14219
122468419 90 37231
30058957 39 20117
12556836 49 5328
254443547 87 81905
2672558522 62 83817
201541274 44 47283
25714481 88 45685
1261220141 8 80400
1797919670 70 76488
704661766 92 52138
573403664 83 70373
659549647 52 96120
238617789 35 88757
46226006 62 32196
1551500687 39 94073
1810045678 65 60851
494271731 47 33337
12956255 17 37456
967235931 21 52946
786574232 84 61860
1662709 75 45552
2063361443 16 75313
13260576 70 6753
1109428367 20 77437
341381687 16 94749
4877 30 355
1927761687 72 88091
2083545 1 1958
598493079 37 44263
16446861 8 9197
61089475 38 50361
48221724 48 10955
131613596 10 76299
564974 7 10757
204673167 40 98715
1703160948 72 86803
84393766 4 16962
290536142 95 32124
479832776 98 94295
6761399 50 18474
441120486 37 75632
1825480141 24 94330
4989151 99 23280
41705415 56 54642
324969777 59 55292
1081679 34 2595
44936327 39 30020
78602091 33 73680
1385341355 27 57514
3922683616 1 98992
44954579 95 14890
45930639 9 21699
14701146 5 7513
26754088 1 60950
1118433657 50 66760
1224032793 95 60298
18543124 44 14834
410290814 97 86990
293655658 37 76042
1217717295 52 65140
191842078 48 19946
1711948205 82 75463
36259386 36 28481
324991647 74 31216
1659383801 35 69295
1382437356 97 59592
323047963 88 29763
831419056 25 48297
3089945705 3 81335
287083101 26 29541
776399782 41 53142
386315904 96 50761
525911551 41 61170
778706371 66 83361
2828314 42 33628
411376758 48 91896
231993282 32 38284
1006373271 7 47956
15180 34 7525
292258605 68 47528
1863085429 45 83540
31721069 70 8532
1629033 87 5839
53732364 98 22132
1470551245 57 98416
609556210 50 55992
986687 66 6167
2297507328 32 84087
122564463 31 58289
1264028539 55 52193
803987380 99 69808
599075332 81 45552
405448906 11 37807
420492256 10 62125
24611727 43 12906
3806491 6 61945
493158266 76 62669
279871604 84 37859
413039819 84 66594
898808466 14 56651
794490756 35 67534
115310737 15 33010
129870751 73 71931
514488866 33 94451
367061844 73 32227
10826392 76 11270
1000736897 53 88189
573463975 13 69614
364023628 44 80358
836051043 52 62342
358131121 9 91447
35684577 80 53115
1059091178 44 70740
3916332142 30 92308
42874027 5 44051
1338360899 6 60965
767876913 83 91657
779964809 51 58951
1613046589 31 60783
1321284836 2 73972
31112842 81 11142
162404266 1 18168
33037636 4 8457
113285302 32 49143
782244878 77 87795
413472 37 1621
194191523 60 77788
30176372 46 60509
10614527 85 7612
1779862 16 16668
1974379216 66 67751
393158064 60 72937
1181286504 44 69654
229047 34 6145
767838232 18 79951
35847092 2 74725
17936288 27 82736
3891386 22 28398
4212 94 4428
9054285 89 10702
7878453 72 30285
36182038 10 12408
697816186 44 40320
455017991 12 94419
579730530 84 49222
329080421 99 40820
69386 1 20222
53867005 91 17322
95706419 1 91113
1793009530 14 79477
1738904829 2 80487
333700491 75 34976
45175107 81 20215
1302172608 30 55760
548827039 26 98056
796893230 3 74548
921323851 42 83721
305949 14 9025
1174745060 11 79454
27867902 30 38825
1489505 4 6492
61837634 35 14664
24465423 98 97299
3958459785 78 92291
758936 30 2100
2607724748 16 94438
1 53 85
1228810562 94 63517
230335572 22 31052
112218209 17 18794
6013925 47 16791
997574708 94 81078
43730905 84 36069
4640087 89 92636
754360081 89 48991
256420476 99 31656
450972640 64 31460
51897495 75 77619
258446523 46 50245
976139331 50 64695
24450973 13 9375
209714915 27 62381
964918803 61 65239
27853316 80 12456
1867629274 33 64108
1475709 58 6757
6491507 87 4323
7927452 72 9175
373968674 86 53796
764533 11 19947
234040927 69 41244
1104708 78 32592
54095376 32 17423
227559680 99 38427
399451644 6 31428
211796428 42 53107
1985458923 11 75125
7065093 74 20399
1148654924 67 83458
263802 71 58479
334682181 76 91267
659734865 48 85888
613736554 84 89957
934964 92 57688
1268344820 58 87030
486479183 79 52672
2448 22 1958
760338706 42 55900
1176315612 72 61476
98972722 99 20746
3418981595 24 92856
400324083 42 35624
110463665 73 45708
803738292 39 91246
28655 68 3268
222085553 33 28151
594168136 23 35626
7887323 42 50099
109806 15 2085
1955349427 13 66332
946628083 90 72158
216197652 60 61360
115122996 45 86320
19075185 65 43807
662798348 7 36540
589057143 55 68610
2924220320 25 92394
257861130 39 78980
47684824 88 19501
2091807313 11 74168
3989950427 85 94196
1129701979 70 85702
280711855 42 30480
38336629 25 27693
393261 13 4621
471022 4 6906
3096665992 18 82266
408019288 48 53613
1622843 73 5070
54959654 6 34863
1431262930 6 64065
9282262 88 10898
280570625 38 34257
14738626 21 35146
904993119 71 74925
368355599 15 49958
9311835 63 5381
674234 3 2426
1266902685 27 79605
9780109 23 29305
1026799044 76 58142
57692373 67 94068
29 2 3823
1229773038 91 69938
341420 61 45277
150893898 44 50786
5299 29 18179
2319726197 85 77545
48778160 87 39721
2613181 39 5397
21507659 79 18594
212389365 64 33854
700424953 61 42948
28721523 83 69576
645665820 22 99758
13209617 89 8779
851782764 41 42639
3392973 6 37898
551029548 31 38373
6156138 31 6992
923182516 36 54409
261357772 50 49971
1250749720 11 61441
1521837444 98 60649
53059262 49 14721
441068222 85 31689
60060897 6 20161
13482273 42 97526
1596956210 94 75437
2280547178 60 82531
13953037 47 7154
3818261777 65 97612
26129760 43 70432
22464593 33 44907
277287054 74 99613
706462657 90 78803
262844405 44 99997
27617508 4 8846
3199705130 31 98322
1894664488 29 88088
286449192 80 61215
23036065 87 81128
24324762 94 26876
4384752 43 69191
649410445 57 70959
691635 36 1255
305631685 51 66040
259574227 1 71345
31352387 60 18306
7442036 36 96313
643732959 27 58380
299174584 7 70244
1266737810 67 73795
395281991 28 81979
57891306 93 99088
379985742 95 88442
60672602 39 25995
545990090 72 82522
1425548160 97 84882
45512505 68 29735
299466258 23 27702
144459520 47 21908
15331357 7 71579
1036341986 18 75876
98433436 92 88849
1030924708 20 56844
5047095 46 16262
1593666485 53 67852
197104635 40 66748
585467905 56 81853
86498405 98 19540
1702346628 42 83689
15100 44 9102
6074884 28 94188
38518995 38 9168
133702583 23 18255
42450894 77 13444
1368109028 76 82223
557956856 38 63770
112941907 60 92474
48287720 19 10630
849220766 47 59708
1610262235 43 59049
9484839 77 4257
56942545 50 64220
191259540 65 36149
250844364 55 63569
23588325 12 17709
332653326 33 33776
17717703 99 70794
75418686 66 19785
973339315 56 47580
71332931 63 14249
187010233 9 49831
47682432 53 16050
25357116 28 20649
524645315 82 42887
3103042003 82 89784
73766292 94 18545
877781 80 16167
426237579 32 35872
208228456 79 46638
92570 49 74657
31997 63 2196
15866 48 82024
76987183 43 24866
2468165229 89 81499
1881471 66 13401
1803594111 67 71267
3098294194 4 84129
352616789 59 35603
20050609 15 36343
2327189 7 6858
582149521 73 78163
44711649 32 68102
1461028844 62 59772
325803 67 844
382383871 99 71644
15214 9 118
479612200 18 43236
62554515 67 19099
874915022 78 47302
15854715 48 17983
1501494 55 20604
916142755 81 91190
131906081 38 27744
781916825 78 84080
29026183 41 8451
519819095 35 64480
387956958 74 37551
93264905 71 24905
292595092 41 40772
730570 34 6846
999558324 85 84327
2996382737 41 98166
2566396068 50 99976
209955268 75 55951
654408 70 94439
90282524 8 26847
23516153 17 19613
91409104 76 17546
27738 88 1355
583554170 58 86950
703132 44 28811
186183125 27 20705
54142323 7 13637
2314846075 70 90811
358459 24 4736
895309586 72 60128
175281503 81 21254
587202068 56 78115
5281946 17 15801
342229 36 2347
1406842930 35 94773
347433277 36 46219
303997395 24 78313
772306826 80 49054
55715443 62 70478
17680780 1 71480
850676 32 27787
2648925454 77 85753
436609594 93 85991
106456780 67 41665
7235796 32 85330
1140303605 95 73504
228572431 53 22536
1305008151 33 91793
32956255 16 21287
24695998 14 78521
523476224 14 88629
283833808 96 77363
994580891 46 90647
547156292 88 38375
219572841 22 60403
1273742 100 3896
495098848 84 90197
198872123 70 34961
74551817 17 80345
1184489208 60 59781
171326387 50 26653
271617539 24 67756
442412337 74 87217
73575507 42 93321
659616560 81 76977
483604616 64 61238
55819580 92 31420
4482174 77 29190
2355929730 4 85118
221925 12 61803
165580689 54 27715
377957820 30 31848
3484248 41 73607
2158456112 58 81985
621913665 72 97261
777201783 28 95131
124165750 44 20925
364917433 22 59834
11271 59 4547
1057270646 18 56767
5885268 61 3929
86905106 68 63302
1478305201 93 61122
113011791 74 30688
11777043 43 23372
71158 11 47981
74262550 87 87049
174511959 16 87639
68979 33 6721
107373087 14 36321
14909380 4 57427
102262954 49 73178
1419315648 35 58079
58100505 48 63226
30973962 82 25658
653 65 1040
4798263 50 7742
22421031 23 30882
52356 52 57609
766480261 63 98898
7826581 41 18463
57925503 42 21815
424072217 17 51089
1336501388 66 63676
1656209199 81 80694
323020882 96 27931
7210817 25 89624
2111325718 43 69636
1 92 15455
1650718236 89 65647
33378025 41 13763
120756131 17 25619
789163951 94 45587
930977703 49 56409
520966634 1 92164
84024657 51 30129
49246862 5 16762
16120682 49 24319
281907399 6 91196
944329455 26 79113
879171604 53 57462
13407684 40 56171
439643 84 9346
84863709 45 15593
294043163 92 86380
142238782 27 64647
300885997 30 73488
28089998 69 7595
345924985 36 97573
65399067 32 61640
37331868 79 95657
7911383 76 4808
840029569 80 70663
290983781 57 31127
84840 43 677
136395358 39 48905
38645704 69 38745
2199227214 5 91965
1709389 48 15761
102052681 94 70289
32597424 3 33911
931303946 42 48878
145329836 48 42987
1118826713 7 69968
20810365 25 62936
281490826 16 25411
3341845 10 79367
9276660 88 11288
2238345093 93 83556
29770626 27 10078
3687954 6 3277
761376702 47 88301
869240358 43 82549
11073547 23 5053
23440049 79 15800
2497151758 61 73328
94514808 54 60433
20204890 87 75679
2060631 24 1967
605691409 19 73728
12247759 64 6439
281027822 33 89644
85608883 72 88557
101930589 6 31872
33802063 10 9142
4132928963 80 91692
64775340 97 14075
45613410 44 10658
4502706 28 14773
695404732 46 87878
3810595383 9 93081
545207420 73 81702
198295060 32 39697
141493346 49 46822
1671003613 47 87465
19210710 91 42332
1225139933 30 92877
25332514 30 37179
28795801 6 96165
2132460 52 33029
1777287 11 6449
1133183196 46 94812
402320763 5 31054
3450103759 73 94907
4347015 78 25526
85838274 52 19674
120584343 90 55511
71768739 59 23778
1365980780 38 86852
2165720721 59 73571
538783256 1 53865
20042534 31 93061
112694827 85 25064
660532614 32 55698
875560569 58 89745
17014928 24 22797
2147004593 26 71155
72218272 61 38192
2698056958 60 94025
6514252 16 8480
31629062 4 42923
18531853 30 20436
60879 32 16425
4954242 60 4656
22613932 76 7888
761927958 7 46062
41355251 41 56803
1171706491 35 73672
38914230 12 24242
284095097 45 61921
1416341279 27 54075
453608959 44 57651
126871590 37 99948
1238286167 9 51360
4370606 33 34608
35226954 98 11121
36960248 46 16198
2846316591 12 88016
1041932 41 82682
147540283 60 20474
150825 34 830
197115943 84 94340
1646395415 67 96941
86203817 12 65251
866696405 99 98426
2612976301 4 77869
1938728203 78 95722
92458750 95 25486
7661091 29 23378
49188797 73 42135
2829193642 18 88641
230603299 70 66869
1656860896 87 62570
1636416 19 5714
9876104 21 28841
585756141 21 93000
11103293 8 15222
3585886 60 2717
404319935 92 29343
2253681551 35 89676
214935914 100 23091
1901987381 80 74142
601344837 4 41226
70000104 89 36831
967331567 85 78343
379442985 3 60988
565742625 96 36025
1065486 77 6319
20440607 57 40641
116115174 14 89599
11647174 90 40060
180000329 33 78195
181184420 26 41189
891753028 9 65276
1075382799 52 59791
50017960 2 58274
14056524 15 25304
6687869 53 17996
44217282 26 19525
17124485 95 68169
86019369 55 51593
1168199183 76 65062
1484736 85 42066
491463497 21 74160
822290104 32 71412
112722365 38 24732
612551103 69 38297
9938951 74 5409
802579553 36 83476
76244857 20 26811
72119827 9 88902
2461671469 46 92680
1223653716 83 70071
1259302554 9 51576
9082533 80 15810
54659089 9 21000
49637128 89 72405
10173 76 96895
235162271 89 55387
985977094 7 67785
6007924 90 8790
8806825 21 6143
1179525753 74 55073
87450818 28 22394
84709124 25 36541
762992283 40 45564
589154 59 1071
923796370 94 47712
2223530227 82 71433
617658814 71 39874
6560630 34 35395
213212 91 41653
1243812 69 3260
998176993 25 72431
204594326 32 22115
35854080 83 27672
100391256 66 42358
47265005 45 11810
376159 70 66854
456616408 37 67838
333996947 91 27286
66310655 87 29015
609624374 89 62476
776748075 99 80614
754006239 89 38806
299774254 80 26911
720095 45 8822
3618865 64 5666
176044 15 7479
3080229084 82 79739
101700170 37 14244
17239015 72 56544
6824 26 5445
172139984 83 52078
2545205960 68 99103
285779442 33 99051
629664786 60 81688
1274720033 99 83029
746005233 1 66221
800572836 74 47442
342687602 59 38829
49519115 85 21236
7288725 11 65917
1578417072 41 60564
177961545 2 47192
382791547 9 92430
594626 59 1027
335779212 98 40937
6053783 24 19509
89955111 69 25733
45998299 92 62529
3209533698 48 89564
3050877964 91 86454
852596781 2 63658
956471815 72 50408
1496093357 49 60352
247513719 8 41311
61594326 58 46721
49706255 68 14596
3699097 68 2649
526087126 38 90560
248336369 51 51282
163317942 63 21612
562845459 32 79897
314398244 72 80377
2317662191 40 72008
3543868 84 6128
1249531519 36 89496
147512312 4 20921
21486903 91 52288
8417961 6 12665
24837835 87 18179
287543498 17 41965
2505568381 51 95739
864029366 74 75945
12473872 83 27831
1001488616 65 99693
57624187 71 16192
348119096 31 50815
91216097 85 73019
23632420 44 24003
38157983 74 15426
1366177272 27 62790
1172 25 83
2003815781 44 94965
98620118 100 14103
1346092 34 2042
160278 32 2023
377713226 61 46447
1893966066 27 97416
470495896 84 92779
43566841 69 37456
247475349 21 91027
4066723 65 22028
4826 77 274
83726647 72 20390
382059931 10 70446
43495630 59 19027
1 49 145
38236987 9 55842
1142391309 47 70830
92508991 70 65927
991733408 32 58297
881581 70 7953
4549094826 83 97383
72865269 65 66676
23654554 72 9698
110966041 56 56003
34510778 78 31902
1244529972 67 72051
573724842 64 57995
415660445 17 90711
2311306461 29 97456
109339704 79 18933
1480891 28 1897
461145 59 22218
2056183046 49 74488
70088573 84 62423
173758293 73 23733
664308936 65 56072
195748427 74 26102
652073006 37 68691
612081480 54 87218
555697312 7 82950
281622513 78 36444
271850933 95 37402
575121597 15 60168
150622115 24 27278
657426940 97 50396
10240120 1 25203
4322 13 105
786013137 24 46088
32639924 78 13575
180489451 1 26899
474151 34 2446
8787605 81 15711
136656941 39 69547
557447705 39 58201
11829603 4 26023
327334131 90 74625
15697486 93 75976
109605394 72 44527
139374761 61 21643
355290 9 3935
60467629 24 63534
581555114 15 80784
456379832 11 37585
93726231 41 98775
1209987770 45 79332
8306191 84 61636
4334823 60 59506
1835180764 6 82425
2042395995 85 87148
203239990 32 32301
452557522 46 65135
1559002342 70 58296
3825072850 24 96823
169369 55 24941
6849835 4 7241
2425604 83 3990
45933488 85 19772
3310913 32 17184
87806711 44 23768
3130167927 99 90755
171471612 36 23780
1246651116 19 58078
503198867 88 78670
2081691152 44 82235
25972932 68 43547
1428426618 73 72584
1816271532 70 68311
45370724 74 73405
67740319 50 25838
23643112 31 96940
9137284 63 9243
1692927481 82 66746
617726767 97 98856
10806 55 4123
97356964 46 34034
11604411 30 22970
596640244 34 47997
273135361 100 32195
2897580985 91 84761
346283598 16 47559
74066716 60 81434
328998498 34 62298
1703726955 91 95367
225178206 39 40176
289467627 38 64406
46531078 57 11160
165643491 25 18593
1425320365 64 67449
2205217191 55 92776
180730899 11 25670
139126 100 946
122265605 41 24099
2511909 63 25385
19085327 21 11784
7411083 52 7272
345513683 52 94683
45457384 15 82097
67619519 80 55985
818005457 42 73255
387174030 66 51681
1709823698 31 58379
1774943313 99 93816
634409034 14 77493
370347869 78 59956
2167179674 95 75681
40192606 56 20820
59429538 77 74938
977715783 69 64241
16380323 58 62602
240869453 53 38081
17451046 14 37951
20702784 67 33432
101475641 6 46831
138200367 65 69094
550602765 50 39774
354089583 14 29276
750084794 38 50267
33932026 38 9823
49882747 17 14631
1309699808 98 61317
49193335 33 62860
2445707935 34 75641
432827027 4 93107
542596570 20 58604
309988411 46 25026
438149729 30 66147
576904349 41 36896
1814569 64 9754
321355145 86 47334
508523123 47 58686
1154813970 37 93923
373705607 17 74998
18130761 85 91575
121429213 51 21454
70642616 57 25142
1395502601 56 86243
33813329 56 20777
42808708 60 13855
13601532 68 9964
3372966 43 3045
8465182 93 40919
70825697 42 12629
513760387 84 67682
550091453 36 80381
179748235 46 47692
293299 73 33354
18771991 53 23093
1033251925 75 84240
6368602 55 61553
101071669 84 58373
163427618 69 49954
156129253 31 97156
210446654 16 66039
39443250 69 10602
283024 4 53090
431432218 11 32601
44144261 3 96991
122919749 56 22630
8754394 44 69537
268040323 78 36261
638532284 2 48217
10488 6 93705
413855938 5 69540
846464462 29 55241
295981135 76 28839
410605552 65 79963
659537734 54 37757
1166921 98 18922
394204144 99 74752
1010130857 10 67927
1761968671 77 93992
93085358 12 83998
2264393922 45 74871
846062886 44 88850
152621369 26 53713
2295408910 51 97488
363665876 58 76637
80659541 53 74577
5103145 58 5999
1825459231 99 70623
1746294775 6 74639
1705381 83 3156
894998856 60 44268
7697769 9 56887
2987029216 2 87668
19056911 52 8045
1521740466 51 79325
2584175665 7 81139
55421950 7 65337
483249993 7 35429
1931971567 24 77651
6673775 17 14611
257257958 5 66430
1598019245 36 77344
273270562 83 50568
697590365 86 59494
2784896886 49 76887
1260250 68 51252
121320 16 34463
93581011 74 17390
563506135 64 38304
6217681 89 59881
60946358 79 18419
702520027 5 51156
595730723 12 45639
208159669 46 28605
776696104 31 45169
613015801 84 82255
189834494 85 24630
1407031 93 73391
54009024 26 24671
42302021 43 15319
219454336 28 32050
1161267309 80 78001
27855963 93 77352
141590462 74 76163
489202822 30 79478
419523 47 1451
49747 45 3570
570717017 76 94127
988645593 33 92161
1009326739 76 48943
492020252 29 50196
2124538565 36 89674
36035191 47 57288
163820069 33 57713
147809 89 35721
17574917 36 7851
356976682 50 49736
150071995 2 47309
689404975 31 64467
2759765 51 16092
13886326 95 5351
58025064 4 97455
30188202 16 36622
334639 52 3170
965570415 68 82366
214906609 85 94770
996722653 76 45190
82043638 84 55791
366170 56 1151
653170329 90 39682
1242624097 3 94995
3938645290 68 98382
127123893 29 74080
31869 2 24591
803670311 39 42080
147070142 86 67794
3873926 92 28399
545661365 100 41807
76016769 34 48177
129982061 7 27354
1392249 15 17540
103195204 60 44663
66945825 56 26913
136570717 60 33483
74966431 94 92824
1025493 69 18060
1430738636 28 53793
422474778 74 75023
4434 40 215
500732356 77 33170
2440561 96 99127
225166802 28 51190
5802390 17 13829
65730102 46 18426
653279338 58 84718
16209876 51 12954
286030977 44 37701
102471808 6 27370
3130457 50 73441
68252085 48 82898
1289091371 59 99353
2047132382 51 70095
1147421 25 2335
143542199 69 59786
105857479 38 19882
1821554969 8 85454
34130050 76 24745
37717140 12 64114
393748709 13 34045
38634840 10 47630
855145720 1 62169
308875802 45 44919
2532975 2 4612
71420451 86 78286
5583585 72 10526
789253 23 6047
269505056 5 31047
1668770101 13 72199
17873306 92 80891
2444309 71 25139
264775065 49 59784
10032627 22 67921
60006919 12 42577
1080103 19 3883
257269665 37 24720
424891183 79 38366
1494644596 96 69874
28853960 16 79488
63448084 87 40658
9073885 31 31166
5268497 77 69371
78979162 66 51468
19109467 65 14458
17259403 97 31117
833341586 76 54869
47612300 59 13673
563557118 25 48772
1466649 49 12799
177005402 70 56131
831075422 80 58582
698492498 96 59223
2794222766 69 98343
1076027420 99 88406
287357527 36 34593
439781940 87 69559
54155636 49 89581
1937729633 16 78851
1280220911 48 64508
3145673833 19 86290
1006298588 15 82948
1519763196 94 84015
3926239313 34 89164
1242568232 34 51864
1214900554 23 49946
47714448 22 74163
33977688 82 11529
3254505734 18 98261
68696144 76 54555
674692813 6 56601
189077477 35 29584
17187278 61 62746
5105817 100 40202
345744992 61 91704
1218324772 21 55648
1941659106 44 95899
463318224 77 60082
1218954768 48 66055
30177830 86 21121
3028769706 10 95254
665985801 39 49277
2532649668 6 81005
107909144 20 21881
13671 37 2348
10730446 67 44009
351416584 26 34345
84394156 94 16443
38775237 77 49284
1399586 78 5028
12325597 83 5469
1881365894 72 88266
378849408 95 63089
99704 26 855
3680597763 80 93991
363046113 16 27077
173105575 56 75765
4787539 28 6623
9580178 85 64699
3390101784 64 90373
484411712 18 72689
84037186 63 99755
185314394 70 89542
36922277 58 24550
1666784908 77 61324
14177026 86 15607
6642155 95 33544
1177664922 28 73790
12544970 2 72577
1641695861 80 77250
1323422409 55 76917
1730027629 39 68322
39920428 67 18268
79375039 37 43392
525860732 91 44977
169238544 30 31599
81336855 94 36587
47372616 61 41671
1200850 8 27871
261114315 34 23650
125146882 70 92957
328688052 20 41952
17697752 9 24498
20567206 35 8139
9588376 4 7811
275497949 48 27220
193735 26 6425
94561994 68 90562
1074669 72 2030
1639742824 65 68516
41013540 18 32219
25032683 66 14073
48080440 42 44571
5019908 2 19289
320602091 52 35214
204017893 57 50304
479571589 34 76580
816270949 14 95988
4758753 6 35349
3024456 68 13371
266981451 65 83277
654944246 75 72753
8750331 34 17751
19975415 8 32502
20797907 37 56406
545817057 32 38732
2169115 22 2750
31224049 51 17153
1127456207 42 84619
159500398 70 59931
656782723 9 52731
82101198 23 31574
91243237 59 49445
5225462 40 30291
7115142 24 61376
68363238 7 17437
37748305 93 10431
459676114 57 42085
154974153 18 48021
135776849 66 47257
1006 66 300
121 52 98824
450392603 74 96881
104701813 57 98894
626383996 35 63201
20357047 83 29216
332089186 40 77381
32874681 97 26323
356769806 11 80401
400906839 55 38725
30064690 13 8548
1108805221 25 60594
621572507 59 59715
2400957143 63 89032
49113684 88 19988
464472528 3 36611
340040625 39 26721
21854332 76 9251
39754 19 21332
604010310 65 48191
13371270 65 67148
270004853 66 83167
4076407 64 10122
918488521 92 55104
498194119 9 62772
1397920 30 10257
1537074033 32 63246
381537 32 2009
278528606 22 28137
75242044 38 71749
158870184 59 92764
13596492 32 18594
124143635 43 77950
30132933 83 27098
178149371 88 43803
708924165 33 59547
386684754 98 85292
609559739 15 43366
81934425 85 80528
58644504 46 10767
21409860 65 31306
37121754 7 20178
601960688 47 50713
1981973995 7 88528
265149567 85 45504
214847479 78 24340
428096793 26 98475
1431894730 88 57534
672014947 45 39302
1641729407 4 99784
89629386 7 56666
529670395 54 97914
1518684 84 1852
1073539980 82 54548
49902439 88 68711
44248586 49 25702
4288419672 49 99145
2119393763 26 71683
2502215779 10 92360
6405 48 84
6634100 64 42240
120409153 51 16979
155206176 9 90912
337 22 37048
8176037 20 5914
181613190 25 35686
22016112 3 23104
96025 81 2026
2771069 65 59407
361341797 76 71974
2478008 15 8119
1599638 73 10320
222440697 74 82701
978584173 25 93547
622144535 63 54778
13023555 50 22524
5816550 59 70971
195019471 87 46825
139566109 6 23718
251822303 34 26210
59159161 51 22378
51552051 13 43181
93196851 100 74331
1974756967 97 69164
459189274 32 81474
564690971 53 58034
2648062143 84 91150
809224144 65 78781
333216924 16 54165
892124831 67 87181
720091260 51 89345
158347143 47 43679
1071908350 11 68963
7384401 30 5137
241058501 39 84333
633746624 58 55647
3660849563 90 96945
385329156 72 69205
132887309 77 63993
64199444 83 81779
89883298 1 49449
150597475 44 44581
20805092 64 18042
1202986256 91 58043
994628546 67 56388
19703467 71 96636
35261426 14 52059
596658436 24 72429
78855897 4 14034
681170790 60 38824
578546202 73 73380
208456776 97 20946
2223420373 17 67019
44723988 99 60991
225681200 73 39469
836935880 79 58900
502226574 4 80284
491486949 93 93278
6544891 79 41419
528705127 27 83772
338028285 20 79075
1183222464 5 66055
222107017 95 72714
1523863044 49 70226
69263442 49 89893
11033478 90 25350
15815252 82 27445
138087035 75 23270
664535004 92 54265
466708426 80 49962
121308661 85 89510
41249059 78 60917
59572642 19 21009
11057739 56 34843
1309859 39 8031
1088160809 40 46959
50166740 41 24484
35819430 67 43596
69954638 79 27026
900680 27 30929
191132927 25 38456
1722549024 24 61659
7231864 40 42269
458951 23 11342
299397 76 3091
334628992 56 64310
52812922 8 95712
84845317 13 41752
1269291446 14 62165
1116954487 56 69684
10255544 5 14572
695598144 50 52329
95600174 10 72391
419425 73 5758
471511245 84 54874
15484142 35 16259
5554958 46 7538
885405678 76 56084
1597506863 5 88932
2162596157 62 80058
242621545 69 65302
231859376 93 22390
1701624642 43 98034
509973764 95 33988
1854016595 28 86122
788094882 13 56916
40765671 30 8964
404884260 24 36488
191971458 89 30714
31546830 30 17884
617901360 4 35450
252863261 7 37052
166187688 33 87468
798740171 42 44853
48638635 11 67878
1888893329 65 64840
3529803 36 58512
2177066392 14 87128
305389930 52 79708
5211425 44 51337
205937069 85 51500
64993975 79 46961
887063965 70 87066
38982410 66 17276
1752599 12 2623
68920 45 9182
2700962392 71 74241
895075279 6 42907
25338951 21 28534
50404684 97 99804
3190685 52 56374
307553439 88 58111
14375767 58 66535
340008645 60 40430
2346911403 9 74271
12903277 24 10949
39640 80 26146
359293521 65 83816
12955007 56 56885
1948290388 14 76329
77353010 45 68044
790282724 91 67079
48257941 24 78693
53495968 22 12353
4668179 80 12651
248463778 63 40163
489236613 26 70460
204837378 84 44666
1090081714 96 87262
11321215 23 45080
985444778 90 70586
164582152 71 56335
95473824 59 90308
243036113 8 84512
23379473 64 38529
24066615 77 43994
1080933558 25 67703
8480841 72 62211
48760259 60 37188
739827923 62 44808
9719036 63 88144
709183616 94 76008
46601942 28 21367
953717913 98 91196
92776428 28 68080
51360714 87 72205
16809463 69 45899
24618762 42 7307
632364 5 1821
221316075 71 48251
1089557056 88 74366
536853417 55 46991
2428379 8 6884
317351096 76 38948
9102237 83 32708
646064886 55 47819
381744005 27 37322
199433436 55 22951
1435098328 30 85542
6317303 96 63845
2981930038 86 89664
120159749 58 37397
328697760 60 76526
716185631 10 86727
1787006646 7 93976
39065145 54 89346
3858215446 8 97219
553089659 6 71318
51670103 22 39364
3568655454 37 95351
2883096758 32 77540
21108047 99 12643
111130034 38 86405
2356977921 83 86277
1648170603 17 91994
43215131 44 41678
3212514 32 10222
77225297 34 48293
83815847 67 79535
338757290 85 67533
1292781924 96 88360
1389184 4 84009
27060024 88 47515
149021180 31 30028
179341 49 18583
126514 97 15614
632707 53 1925
733746244 8 96796
3413982 93 62462
1594086807 79 66277
306797 13 4484
28206591 14 24615
119780658 55 28505
1356884195 34 57266
427707226 80 78142
6113350 62 4086
1603553 69 8610
2442753538 86 79642
234009558 57 49859
246254308 11 51091
20419277 67 39646
14095907 37 5809
109828111 62 25590
288019 38 9890
523887704 80 43067
14265271 83 19343
262010204 42 72173
1386903287 79 81638
879417896 83 66805
2533326333 56 74232
418233324 33 52213
362229 18 10227
303687 1 5321
79687232 31 99763
2391486964 98 74793
20770979 36 17913
477419729 27 73316
915609108 42 79614
105247262 5 75794
499994298 68 43756
442366407 45 77515
23251127 34 17233
202076070 3 26278
2286091 3 35435
2547357283 51 94615
118048498 13 94305
85606585 76 18235
404792414 41 95781
176356082 2 91842
219408719 75 97936
10518029 22 8651
1996488963 62 87466
198768342 51 29557
1292108 8 2059
22520712 20 30651
15783011 96 5987
3941818356 29 92507
2997188650 88 96074
21027733 34 35805
65510845 88 15465
1301092787 51 85408
1209215617 58 68763
55976 12 81812
826054957 18 94779
1228415847 4 62816
527436404 32 97008
121247356 63 24342
509189229 64 55496
100651374 5 22960
927792466 32 51793
7261907 94 38022
43720725 26 79300
976981171 16 65478
933337587 48 44706
156019693 93 37963
89974447 48 36849
1188178699 97 88806
147853097 92 35233
71023634 74 93365
4771436 4 97019
5991118 73 10077
67338241 44 16036
3574634 33 13069
58150725 81 10921
2782911345 33 78667
461083146 95 43038
2253300973 37 80037
19281220 39 12965
8783336 22 6787
232043996 17 37377
653861884 19 76164
14791011 52 30208
3786024602 65 92102
2436398127 65 95145
11844725 66 64579
1537067159 9 85778
2801721906 33 90941
2661683 38 38900
1736009016 80 59653
17055614 51 69951
688758321 7 51265
1249822571 15 77164
260280738 37 22926
6822390 41 13721
1423612213 63 91298
22051505 8 15220
1583479128 75 76974
93456379 1 30420
1853080057 22 74464
138069039 48 69761
446759290 47 64898
4500628 50 4471
36773758 54 45507
26526660 46 64855
132617240 91 84511
2381706441 34 89101
231897751 50 27650
1623337386 23 81437
1185691782 22 61419
1446703716 32 69396
88412 26 7726
108920967 96 40504
747500214 99 97535
27764429 19 37569
1797344479 89 77628
3288347742 38 84171
88519936 86 22989
235943391 78 86593
5518620 38 4738
2614667653 67 81377
803012440 52 85637
154460632 7 55530
368090587 16 48260
1 93 7726
19238691 32 67199
16013696 21 78881
1677669771 26 71749
2388388880 97 75013
1906394688 62 65878
526686471 13 74098
109588747 79 24211
3276435356 84 81132
442584712 10 34352
126395 18 27763
199056212 82 30875
562307849 59 55350
1131572369 66 76648
11542221 33 6269
126005853 29 28281
1486196879 28 66977
18914935 88 14018
9230251 77 9858
871682940 1 50557
11375287 13 66914
437835208 97 67638
4753800447 35 98549
136077357 52 46963
1404556537 7 71868
220214173 43 75020
100432323 19 22090
556487777 68 87515
574522759 86 56125
11430423 80 46181
73763778 92 43413
889084233 57 60920
158782458 7 29618
295612139 13 79899
211490106 66 41986
456667136 50 78553
226376090 15 85330
1360889 96 36850
362592833 6 55513
1 76 3584
1159794355 71 77313
25905000 20 74602
157740090 45 80263
27239315 17 15386
613806453 1 71020
384410447 13 99469
620805664 38 43942
165035 88 5809
10052269 84 6578
19489 51 1414
2558090831 83 97879
983082193 62 79426
464942008 60 31422
436244550 2 38480
573718447 87 44552
22596094 1 41781
585398848 42 98233
53233835 69 31058
1284564903 86 68603
178658313 16 63157
210164299 31 63002
304777548 80 63163
2868761132 2 86483
2766704270 100 82332
16266299 78 50786
142050604 88 43894
9100683 12 28088
214664053 13 34922
498648164 7 58089
333235069 73 48144
685885408 83 77471
46853326 9 19467
1070294239 20 93720
84305400 81 75174
356450782 57 91079
130310160 9 16897
401557660 98 83895
85092 97 583
173676207 43 26995
791246137 8 89118
118594533 8 30112
176305622 17 40974
1973185298 2 74816
248441049 52 26228
57652167 70 66383
47072390 48 12800
294241335 25 26421
276630396 16 42707
29017915 19 79053
980257632 90 45640
1290763052 56 87389
198685963 100 88109
1536080480 22 92722
12632308 97 81321
489217 100 2966
715130579 67 67995
205564909 89 56582
1418407949 61 75648
722342001 96 50604
23791559 40 46262
1162294216 16 64019
24879059 69 25865
1129839597 37 85036
115026706 63 54387
43242022 98 10738
2305620496 94 77887
1207815 46 2317
9798286 20 74184
1580951 47 4413
101974772 42 53986
48068498 46 82461
12862325 90 29079
1003533 22 4170
1209768909 55 81061
1867018 82 2479
39085 58 7574
4131205 72 5347
834003921 79 55306
234155 47 1423
689551624 60 41523
2572318477 29 82241
44828591 79 30034
560896 39 2520
785908333 78 45634
12258702 70 46485
2638256629 69 83052
402162674 2 43688
756726178 20 48347
6519304 43 23349
420572489 1 94227
3638653087 58 98863
652178851 48 83475
42389415 72 19060
1142718148 89 82037
86201620 71 19391
140326768 14 35341
2910 11 1409
224547 57 2455
796034605 18 93580
3594286 48 38850
62758 64 9323
2002249006 50 92632
2799939549 58 79734
5355448 95 11999
4626351 26 38574
13540 89 354
3587503170 81 95305
21817829 52 17690
5702628 5 59273
528321887 59 35386
515440739 33 93018
10252802 74 15543
412940237 85 98200
18419048 67 46926
411182748 77 45204
87854105 3 13709
92697194 71 49927
39538003 2 80387
63302128 63 17634
157978540 18 34609
33052001 42 67269
12962944 25 22832
2975088361 94 98467
242839285 54 94898
3589976174 2 89214
392463222 56 41243
72788495 63 25729
219492894 44 99215
372868480 83 50443
1412557 98 66601
213877822 11 39202
37788794 53 56774
9030984 53 10310
59697055 57 22081
1278299783 92 75350
870038615 63 73207
137636128 37 60511
192239744 34 82211
70509704 18 36270
51949022 35 71144
2108268074 81 93440
649500 2 45236
690099 10 48872
2468219 91 21867
27895848 90 26543
497437081 20 77976
213934186 2 69965
22168417 35 27447
474162855 6 39422
13442303 82 14996
835359848 39 50116
8122726 62 4298
13892516 18 23776
15634482 41 27855
31260994 66 10205
4899808535 14 100000
1226863227 54 79089
99201443 92 44717
28056346 9 8410
4840503 77 75871
2725402620 64 85671
65773024 11 21986
47405007 89 25979
136682018 99 22777
229471823 95 36484
729327190 83 44845
2569223737 8 75463
106489913 8 38272
31820841 44 21531
1065432 97 14741
242172836 66 42820
18637213 38 29530
69018172 23 16089
4065284 21 16471
8968699 68 4711
458082043 53 39745
2828054966 54 96057
23637120 26 42223
115124051 98 47109
296646386 6 53930
2660961490 80 79593
1296838 51 49127
25048547 79 11770
12504796 57 17650
254659554 15 56810
1761684277 16 99241
2157719 17 45002
114022541 91 53567
11559018 60 31060
26825 80 5381
301457937 19 32181
906086320 54 65095
10892001 63 19936
1231585402 26 70546
1696632404 34 63764
102514459 67 32288
418167730 57 58699
94987555 3 43466
696405163 84 71843
256434475 37 96558
1616562939 80 69158
59468193 94 23411
364864 97 54931
498746654 3 65110
4548619380 41 97610
1856576520 97 63497
340812672 32 85493
491271112 70 63508
981051697 64 79341
17929977 89 8179
349204836 63 85318
2209716 13 6941
127019638 2 38098
424977056 80 48005
21814248 74 7147
9067853 5 42039
35314740 63 26189
21191208 35 50711
388142644 54 38580
5466282 32 4219
11263131 15 50681
2139544 16 25910
38431249 36 21230
111327642 57 35905
180936194 1 29433
58057189 36 61716
831856219 73 43097
880621 98 26694
2894543 42 5741
161688 17 4677
4175553565 25 98736
263510405 72 36611
795015848 80 46495
428394926 67 48945
519581 51 9538
510378016 30 84449
345033587 62 42210
692736670 83 91729
674631769 51 67466
198703760 44 59388
1159272 21 29643
38129750 41 31078
618789904 80 67394
1296068960 25 66887
171559287 22 31213
123212038 15 82634
934013925 69 57996
320048862 77 54766
714537 10 65873
1156509036 86 50013
822141925 27 47292
8578973 76 16206
755216263 32 42934
898178762 45 54714
156490572 20 18638
13440260 92 39402
1962211651 34 75186
54649795 9 32623
135884084 98 29888
2812769190 79 77198
1445808796 42 82717
712544740 28 61562
52563124 30 22818
6075330 94 9979
101129810 11 95817
1164340714 83 95155
7084183 67 3681
42557068 61 18973
1341901 50 5985
125944913 35 90494
1754958 60 5388
1437263563 76 68848
1142723547 48 50219
836158004 7 53101
643801866 65 65764
6336 20 8424
915705012 80 51198
1146781066 77 48589
591878260 87 40326
16870529 60 82222
407470 67 4807
1067854393 91 77394
108471889 100 40543
574428571 64 34106
508280850 99 77318
151780617 48 38787
259150 62 33208
331661905 78 28862
189580871 82 76171
1893109164 72 87519
171135099 33 26172
34125 23 15671
1307902004 86 79428
106032400 85 44812
349577 25 44571
2518091196 71 76953
33633474 67 13444
358154833 49 34797
53644707 19 32330
4095072427 86 99909
1050218276 26 69728
762204187 42 43112
4524196 74 10856
2893282434 36 87087
1013577778 48 62753
614284285 95 53006
3758864956 20 89522
201603 94 917
515983672 51 92741
429527619 31 40234
3783318 31 5937
49880620 4 31549
3018816673 28 80541
1405532483 90 84168
2952163 84 64089
291799039 57 24378
1391664517 51 63092
135612818 33 72847
1453887 82 19699
7028177 59 24311
197710125 84 39892
143148617 8 44114
129961667 71 16828
28717275 48 9527
912524740 48 59448
1213883826 75 93686
949272343 43 79623
711001432 74 40972
24926815 62 8911
868248101 9 49536
86430217 22 43952
20560618 99 64785
42755 1 1209
24609038 37 38627
363111963 48 90259
163827 8 71021
204775290 52 40041
40084317 71 18833
9425162 8 14126
136162526 70 26497
925556042 22 96088
530754611 16 66827
652284231 4 75904
2327699516 95 96921
480918 27 1771
7326066 19 11161
533 22 36
283057028 53 42710
9567664 82 77251
1269240850 39 67406
75328762 44 49603
58307682 83 39184
366371695 21 35509
210687912 32 49110
1390703 79 21208
288991406 12 35803
356359839 21 90616
7556661 34 26708
738270070 44 51299
264266540 92 54597
24665342 25 24990
341464008 63 60290
10133 8 289
258326915 51 94104
59087492 39 24046
185444971 87 49857
235857892 91 72015
1865232 28 2651
298556388 35 72955
2552703 50 5969
425251699 95 61707
38335627 89 9032
45889519 48 29837
123140577 10 23849
141474993 30 58797
3642103 93 29511
136366186 84 57695
1459042579 79 76883
27472911 80 23663
971677 54 23971
3213315028 69 91550
75056977 87 54323
437334576 5 37698
72877907 56 99761
201008677 84 63370
26049941 79 55004
38913688 41 48681
492657243 41 44121
425890 68 4151
12271163 17 99406
143164757 2 95953
68663030 31 91763
3862587 74 87300
2785865 5 9141
11090865 99 13303
775091067 32 39273
43333049 25 53019
3016819990 92 80746
14400275 34 68550
326316002 16 43760
127924463 40 40799
271097024 22 34965
85462284 84 18959
3038448571 5 89755
23243841 67 9579
1681680 61 38848
86781506 37 27593
800273174 14 65157
1553063304 2 64290
1 61 35861
536317121 89 54159
50692178 32 58579
1915394903 67 82048
1329295125 16 54708
528624206 39 80781
160512602 38 82795
135519398 50 39935
678145027 4 68243
2414512703 78 87321
1289058 22 6392
140501921 40 67618
13445416 33 15886
312205266 73 35668
1941082899 1 94961
454640162 17 61065
218040069 12 29908
586249057 6 51616
315584530 87 95379
1075944032 91 54189
942387633 64 82289
1679004499 79 66844
31365524 23 16558
209799111 58 37521
290852755 36 32317
633049157 5 81618
11626346 33 22634
215856179 56 40989
685841819 13 93731
5332133 91 10427
39237491 78 51378
937509639 65 50811
6787306 91 73809
251952779 17 23099
270521576 37 25011
1297303 61 6310
551496850 4 88173
1224800332 31 85476
502308865 35 37168
9450436 24 25337
371745925 25 79245
37846860 97 9918
11896036 93 57339
51135774 95 74960
1156 33 62
668002402 28 57260
220618994 59 30913
721183371 22 96457
2958594 28 14235
55897190 44 53298
39355708 39 25235
2447085 5 2826
2243252 19 16924
50696518 87 30357
652944285 89 38272
4720753 33 4124
938977592 58 52901
89849873 40 28352
134471647 60 24874
82247 80 2737
141544542 96 26478
387830318 94 40154
120892746 79 30530
61943005 54 73225
463337440 13 80551
429349 44 862
73581205 19 42189
1056179 43 57021
576502696 46 74801
1321000059 91 60428
224449445 67 37023
151692011 90 24333
567072418 35 88510
427110531 91 34501
151265485 11 93914
1 74 13449
133502035 74 74214
1004984485 37 97129
292101369 24 82574
52820440 85 15131
2974950223 81 91257
770314274 23 48845
1196101824 82 60387
62295066 1 19722
415261373 50 44428
7312965 97 17903
1344592191 83 76976
105307329 52 42277
727007104 39 46414
19762716 89 25526
2771168196 84 86807
264548049 37 26260
15187457 41 40129
170054932 87 23950
13133898 71 7904
724548499 13 50980
875389064 11 98724
292662125 99 49105
138189648 79 63429
143433949 14 76461
9758775 38 4587
155442720 21 35785
611751770 49 35345
3245373100 64 89680
47778006 88 49296
62275893 66 87494
4663483264 26 99171
312628396 29 73213
437477458 42 88995
1079554 69 38793
135469648 24 24742
1 95 986
1297595106 69 67929
202467866 19 46992
374228679 40 62520
269988592 9 66330
57951490 79 56587
130115305 1 24349
565137279 26 86268
2484240643 26 88115
56297909 83 63388
6127 53 97
23653263 51 93983
2107717837 8 67993
2562850924 97 93529
9363299 45 20697
1398105913 79 99375
861731442 57 48425
150290 18 1990
25366350 41 51938
749439957 90 58682
2422626103 99 72021
29506177 35 7773
37816835 62 17913
13602665 14 5438
89462145 95 55823
237685280 16 37362
2196870385 77 71562
913292130 77 91060
1764741692 2 59616
46566468 31 68646
7776147 63 81558
3295844102 5 94553
127121961 94 81435
59057767 100 17214
57183707 91 27536
12731143 79 5087
274363467 47 35463
3224249700 16 89211
1448898082 76 97181
168858 43 1396
179914755 4 43116
231090569 5 67473
55166948 30 11909
759519103 3 92605
13387691 21 62985
1167569302 47 76632
16758642 80 58261
963047 21 26474
190831781 8 64422
36656399 37 65532
2083470748 11 97865
655610985 82 97872
772062201 55 40711
69146340 14 15789
656933442 35 92056
2051869842 57 68817
229275003 94 64566
84708611 48 19894
13648650 31 56567
12448368 66 14835
2501753297 77 86393
181948659 55 23039
1783571076 40 78083
3391639462 12 90002
1044646982 25 74785
2556090 81 11483
1299513983 42 82677
92640802 64 32959
1920060551 70 79819
50202113 35 12649
6616577 86 53814
119117161 73 22357
24432260 75 36466
2279492397 52 95001
31018072 68 46048
1346719596 78 69367
189088788 54 21266
250380130 39 81151
99329201 42 27085
39909063 95 90362
87523440 47 26313
8114968 64 5070
42850637 97 10848
505028551 94 93569
272345195 51 95802
8952869 27 24263
14930811 78 51846
68867721 91 27370
3032137781 3 88844
14901078 89 52925
466206872 50 91968
3758606 34 2766
10545007 84 26608
629441982 14 71537
102911326 39 16993
1080722566 29 82761
247388431 36 80979
2359965052 70 86817
2412104 11 2682
15412167 11 16047
232686072 56 42435
215190046 64 82172
3277440 92 6254
1734580237 10 70802
135238227 54 47629
339425065 56 78880
3109862762 40 80118
1102577684 65 68974
25386141 97 41878
68239871 69 41123
11203081 3 38458
4561451 12 95439
614632810 57 61391
36336326 75 48774
617264 70 10887
26263566 49 18056
552622444 12 67558
36670250 10 14539
2372730508 8 85851
145525129 43 94823
1725345 23 7222
413656240 17 64969
912866748 22 84603
189551215 41 38046
681691 15 32195
629698 96 1516
989175994 19 54407
975120 11 65124
30197102 83 46746
881369275 46 82459
1068611153 55 84001
1234746463 26 54078
71211655 46 49508
198103881 6 35984
139288133 67 63173
1302985281 4 66096
2774861 60 12122
80886309 43 33484
18801 59 11240
45257402 48 11727
798153 10 59450
219662958 29 74902
8166131 9 8237
30456592 6 33686
690896030 61 43394
245005065 8 24325
1411663155 93 59764
4419541569 91 97197
918789092 32 61670
34411664 68 23696
338313653 35 52775
728234396 49 93760
683449442 95 55240
1267672935 11 65934
11006460 93 14212
77027 39 465
2689310397 62 89090
3308035209 26 82704
77203132 77 91995
1394681768 71 55484
81664928 41 61945
390616385 16 49594
10680768 26 5922
6275 29 1580
2171920387 47 77584
295116161 54 46649
304221601 72 61672
55632 84 23200
115662909 76 15659
73246556 93 17214
1395711817 95 85025
215485196 23 35158
5496275 51 54475
37273470 98 53412
1524835157 12 68099
5222701 25 78289
77288577 72 62716
269779003 94 32824
1080148182 96 69303
263661426 45 70085
24038660 29 9544
393723419 22 64647
2030182361 90 95168
217775875 13 93639
2126397780 81 79658
1596183747 24 58768
177141763 62 18725
93898389 4 60138
650640868 71 41185
19550331 54 74658
1143896728 98 81084
27868704 53 50545
564686244 59 37656
459139427 13 45754
383715272 35 94529
34777318 88 33423
67993770 16 15179
170214084 10 38902
481441839 63 35406
1808843054 99 95811
101550529 46 43577
98480670 48 18359
79106647 75 24632
427337501 57 86294
22458545 42 19720
1878939391 87 77147
125477901 33 18988
17972376 91 62087
293150193 95 25774
276247804 80 29297
1014765 87 44780
3842492 53 6776
9336646 60 6047
166045356 16 23313
324994266 58 28646
978153352 13 74612
1632307120 98 86885
1 95 40194
181134 21 1583
1854260680 94 72230
17210412 42 29445
1375268945 66 86267
166783697 77 64035
455522423 51 39837
922059201 73 77077
961638002 21 46914
391407624 47 53657
169252530 79 26367
3166003991 20 89566
33263 22 2829
15326479 52 32641
58395913 95 41516
119861446 12 40713
49203 15 6568
2416116 74 68941
1202975608 7 56838
3433793 73 22857
1364055952 79 68288
311797369 20 68097
38947970 98 25216
115318304 30 36199
340601586 59 28726
267838994 86 36748
179984368 67 71597
41425241 4 89562
554385726 71 74688
19862254 14 43605
267273275 90 23019
1248895 11 4481
643901927 37 47215
1813165 6 7637
712278178 82 53443
17893022 94 37054
24135767 65 13992
1036879929 78 47608
260470154 2 81870
498113529 28 41127
1962429296 29 77328
2510490918 95 75245
3058958 47 16869
163809519 79 81942
7131611 82 13835
3334474011 92 93766
467414760 14 81414
6054372 26 16463
32091362 58 12950
6370979 91 6083
1239278410 84 78969
4681534 79 46087
338984365 96 38229
2505470 57 8692
31613953 86 9697
523715580 12 40388
36895241 62 9623
292771101 3 45985
6475117 76 21437
207059920 42 61164
192935722 30 69641
2003756 23 26207
336243315 27 36957
453370216 85 44248
1249751771 72 70879
21466252 46 18427
1272368 83 46143
19955475 78 10275
154396073 95 73792
2638345924 49 80175
1919567858 87 75614
3333562 63 25321
280976397 76 24696
2354142278 21 90246
1733707881 91 63145
4924487 14 60572
494568 32 76065
47283604 95 49833
13794378 38 27243
547357841 71 69018
21007974 65 9071
2743825505 62 82821
150881627 14 18096
11707 70 238
1494781079 45 71608
440233674 91 44128
52679440 74 14730
35178684 5 40924
484648473 64 44827
457581984 91 76545
1396352718 3 55582
13935104 82 23483
1645211 45 4107
732174 89 6602
955164218 87 46966
651577 70 86196
276310581 6 42509
1771510191 73 98665
534880024 42 75824
7035314 18 23729
577014781 57 35575
204350631 42 54483
1368816967 38 64732
63425291 25 19318
2259712909 71 67505
3807263356 42 95133
289465799 5 51836
17437472 26 18388
606750519 84 94097
293723545 13 75560
2527010064 10 96194
42355294 22 16863
88275060 50 36047
164723436 49 23578
7038324 53 46616
2364803821 5 69539
13446821 49 16976
803794337 92 50199
538979847 1 63830
18908389 72 32841
1294175 5 8780
72361618 10 21948
80138802 78 15393
132459504 14 18467
41316611 35 17168
403328 5 2895
1332839022 36 53284
892508818 26 61183
64569621 15 11648
2474413 21 5676
58226561 18 61783
1353633875 77 65840
58287083 16 11650
286721752 12 98843
2429213 19 84931
8164 62 62973
509813868 28 43183
58551355 9 15318
84793075 32 34802
298131287 4 95336
1610393441 77 98629
28588 1 8364
1319081 71 91074
251573691 100 96369
1849455636 64 77407
1108635728 4 72205
84339031 72 13072
453924689 30 42863
6952066 71 7224
20255231 63 24535
173368536 49 42865
1356756711 58 65853
184346742 30 21772
10022766 90 4646
41352366 89 51742
406211639 63 40721
436164772 94 68216
1278071300 41 90480
1266478170 89 74211
749053231 91 47573
654020349 66 39246
714400 45 1790
1222657656 3 90179
733694927 51 84813
62350471 99 44203
85247 66 67765
11718858 97 9525
86973 15 7074
458652435 11 85267
2107776 68 17137
115091557 84 29519
120484711 86 28609
1115867369 90 82880
150639 57 1048
313528116 54 85897
42144 51 375
495654705 10 70022
32431855 46 10674
111770311 81 23456
97797401 61 19521
124281739 87 71085
45641150 39 33793
235546128 52 23289
33242025 38 97043
452188665 76 84222
2943188638 80 85333
12851207 6 45084
353698 81 3355
8247784 58 60535
1625040735 72 79717
207141 66 24538
299960679 33 25652
4551471 77 76529
17263300 45 14415
64366908 79 16183
338403493 40 80295
1200693872 96 73989
23576645 2 18578
505444507 61 58662
92816915 22 47299
103944559 67 23819
810027485 34 64182
211439910 75 36909
13847831 76 56815
53222358 40 76540
969235950 20 90200
7078970 29 5804
1540 22 258
341773474 88 53440
304634000 97 82597
838050721 100 45333
28549131 18 30080
1112069910 19 65363
6550683 45 10595
458961963 20 33312
11263338 42 18293
146723747 61 55158
2206654 91 88501
358086618 75 69487
49055691 12 12089
27724 86 7383
557689009 13 42572
1203464314 100 80412
167632084 57 19585
169924638 63 33394
1540906527 51 73659
47999262 54 53182
36316322 44 40209
912752669 59 97645
134609349 98 24039
932911865 28 50186
284137 69 15149
58351740 24 27701
44515194 57 28931
1219581 28 6351
210370648 26 38491
92783730 24 22650
6005409 44 62468
91899072 1 49343
98874434 16 68409
16035112 100 21140
2040832318 12 65606
298158473 36 48728
127888000 34 87418
2671920636 37 88112
1912780847 1 71952
626436429 26 66862
735460 91 88462
146042860 22 63034
1114175 8 25956
814847423 67 67390
40347477 40 10195
168916399 16 27039
47101037 44 21508
2226194065 23 93665
5835855 7 4214
3297882 11 2725
72017841 11 86956
9461043 70 51714
262046768 71 71401
1822041408 17 84714
44957051 76 49059
164595399 19 29918
84082777 29 23050
302311663 23 31216
10613151 99 20262
472429601 2 42994
65058059 43 92638
38293733 52 20587
405862014 92 58051
233574118 36 82162
24914733 19 50788
2698452030 54 97950
2563621548 78 77763
570478919 12 61456
910490455 60 46122
96365361 48 36477
6015305 3 74038
156205029 5 23763
24926908 26 27798
3626093259 91 95959
2152684758 74 96454
3310146872 39 93681
797446267 34 62094
2503277181 20 89449
1380906288 91 68688
32528070 55 49397
40094746 71 41932
3806046727 45 89392
1665012793 4 72395
1975821 36 88422
11751345 66 27523
551997075 37 73132
4451870690 25 99025
538241929 41 66367
249599459 30 64093
109507801 17 78053
4622442 91 4463
584455727 12 37366
703250420 16 43632
22004 37 1847
487969462 61 47316
7292496 16 25138
929146300 93 85235
132596056 94 54527
50102780 77 17915
547504836 16 55416
257428239 4 23189
1411531975 13 90175
15922996 60 14101
63013151 74 15891
109646741 31 17464
614133861 88 37635
238151702 2 63232
52063017 62 26295
526737501 76 76190
822147628 37 65660
22316303 43 94578
12431524 77 50721
79874213 8 32662
1300527201 95 69204
39721011 55 11243
36289 57 1693
337614615 82 67476
395766187 81 38148
1026355098 23 70396
49790519 7 15267
2019002108 25 97400
500991769 5 58921
532208603 12 89355
268410072 100 68652
145328807 94 48464
33508370 84 28015
15583265 96 20187
669533509 27 73631
267804132 88 66912
12325128 50 8912
991181684 48 47385
5209198 28 10443
1314372323 8 59874
1741594894 87 89334
50543271 70 14808
502158773 5 40339
107228755 81 66262
118896443 24 32667
43333976 42 32286
848537531 33 51790
75907358 47 47664
554890269 15 72790
2375317016 16 71902
71466460 15 94304
192731102 15 51957
24891279 22 12926
1865939187 92 81173
136830535 100 42337
2921121876 89 90324
2771769 40 30309
718933927 23 73263
265215900 1 78308
1956019380 34 76356
468538641 15 64496
205822675 91 31507
75956486 67 53676
766878481 21 51137
444566366 92 50515
24917275 36 79561
249691715 89 80834
17322085 10 15507
354625635 6 54650
702921254 4 73735
1277451100 34 57546
45154894 60 13031
59853720 43 13465
112679193 15 46842
1104743960 77 78058
129035306 1 51783
1123257 86 8086
12934741 80 5595
2243112 75 71031
2269307554 41 75201
185570450 43 35563
8828 1 22444
3178627398 50 87953
337783926 59 75526
88748139 89 72715
538670439 42 45948
2013630 87 3682
640719894 43 51726
241275467 43 47279
388245925 48 75616
242163 81 4915
672160061 74 56186
33864996 11 12385
180672826 66 28426
1578491799 14 93386
221929309 19 99639
14913261 71 23678
347921 58 7546
125703671 60 28587
1424277286 76 70838
31757196 10 92366
21807 14 12487
43167919 58 41691
403016041 66 65694
1480958 4 1761
47145415 43 10134
249047 72 40783
1877769508 39 62181
521063463 2 61232
1371658110 24 93487
664698400 78 46980
140193820 51 27585
37440 33 30668
660617 8 43840
37582172 3 82355
1004352732 28 45806
180168601 28 25212
4806749 40 85915
4247714 47 25247
228202721 71 24876
424194018 92 59059
695919845 36 56886
42919934 80 15588
36390301 53 22540
383311837 36 99232
1116152599 74 59177
129483695 67 17300
73446250 48 17798
830895207 56 81189
475545998 60 81049
32623731 41 30129
1161993916 32 99490
98029 11 8486
2593954470 10 83545
837014532 99 57383
330543633 98 44331
406769755 78 37786
10677703 7 28118
517858326 82 71253
1444216431 58 69693
20469713 84 14016
133100973 53 57649
3438002 15 2545
1497442 56 47597
788446142 5 55574
371577 8 12661
3180511928 43 94914
140828081 82 36610
43240481 92 16806
91122699 30 14688
10436701 41 7523
19239787 12 30864
537213152 5 35618
598301259 93 35072
79908097 75 22180
235741240 86 22399
44335218 63 88770
266665654 41 95156
63632915 18 62888
3531399657 60 98568
4018937 47 4431
83485188 24 22468
242795694 50 51705
140070512 86 85623
76789 87 314
1584629247 98 75453
9175731 76 41294
13446259 35 72667
43930466 47 16657
608781 69 3716
25670 95 3515
14667908 95 64728
134155848 13 35008
348641448 56 32915
1009792 19 2320
853034 11 6119
28085362 28 76022
1610626 72 90032
1182675866 20 70057
738209119 53 73494
7399301 33 19745
1544872246 48 65335
680043579 44 65645
76166400 88 49896
140519774 14 67389
1233765 23 6652
122931631 20 39191
3288691818 38 89005
660289298 68 37953
47904712 34 22153
357496968 10 62207
46365587 23 43085
29920265 3 7922
71483815 33 44873
3253869421 50 98419
1930505882 59 66789
3067795 83 5114
1900481287 72 92832
60083122 19 48708
2186788543 61 77551
19446784 12 33298
930828625 37 47338
35667279 54 15989
2319631795 70 74293
13619866 43 12662
14247607 36 6280
275090864 50 85698
3539861235 1 99569
127885652 48 33599
32333 64 3354
13389813 28 9486
1924391138 41 84406
703948119 5 52439
282150502 46 39296
77855791 13 98347
421292557 49 70728
597653664 48 64788
1579872337 73 81761
14476550 91 14655
1096951289 55 57900
79010531 95 32991
531515429 1 49682
18527295 42 86716
374461489 58 38927
16170747 35 97093
1829198 22 17647
25794274 60 15773
254796301 62 39125
9343 95 5256
558751166 99 50684
66907096 26 23045
199106287 86 33048
662658632 13 51065
693786311 65 57220
39100722 95 27790
3027853304 86 87720
202291270 96 24758
30494366 41 97520
511705966 54 57259
294615 100 35799
42908223 70 42299
2795902867 66 83559
82936517 71 12873
182159886 89 93590
45133651 77 65859
2283525 66 4305
409640375 55 35799
2486474883 60 95539
173459563 78 83317
14969107 33 13053
210116369 16 56335
6681832 14 3955
382737897 86 76207
341842426 61 32497
4217249545 30 94093
94695955 2 62045
269979597 74 64160
2025638712 34 87052
1246490243 20 96502
1466307 83 7029
75957468 69 31215
1013768375 33 99813
2768056904 10 77204
817729386 5 77320
204936294 61 27414
7620846 37 88017
3390994 33 6897
2375937013 91 98170
30112230 41 7733
340648685 46 62330
2362279817 64 73666
1154122338 9 68258
215094662 72 76903
18697948 21 86148
129951 69 4639
215600931 90 73048
303584715 100 29255
21731908 71 60872
1176852207 82 88950
207473 92 2219
3421187145 46 98051
171659254 9 37570
68443428 87 49764
532979741 15 82188
44901443 88 41570
35695923 14 24961
69399433 5 51173
622574294 7 70251
398211658 41 76594
3219198699 11 99747
2774308169 87 94825
76612275 11 84350
701644726 94 59238
51884106 39 49182
1689750497 31 81763
118791740 33 25064
2804007416 27 80533
3952285 9 34131
247523922 26 88404
75173667 25 29547
67713324 80 16557
91596093 23 45331
2559040 74 17154
216054197 78 48852
584988 99 22211
17235117 88 6487
110598621 84 36833
72205118 76 22987
239602699 45 25899
1833724608 48 76112
925631390 14 51993
2381868256 69 74985
226317248 33 21548
86837174 5 81816
366657612 66 27276
2725436 17 33465
462697770 15 45185
1628088204 16 70123
48572022 57 70255
399149 22 31156
1635774 22 7652
7716262 36 61152
782167 33 1758
25687425 53 38277
3710772936 16 90562
3316950 10 13097
8415005 53 90142
4118173555 50 99017
164339581 55 67588
1857949230 97 71730
75669 17 24761
16408441 48 6520
3077049243 82 97491
1 23 222
22406724 20 33437
1357245 18 12805
709530729 34 42272
58910038 97 75877
178756 11 3124
205440446 25 97691
4990995 68 22470
1423769256 40 76500
1150 87 55890
555291299 21 52611
395240416 50 64217
52747471 50 24298
437498 28 29674
1729487394 72 83595
322883 19 93534
96862308 17 71829
499930599 75 97242
481191667 63 41570
1947307 3 5730
3568166 12 4028
423041484 25 74095
1906763722 74 88123
129659126 68 22494
235284548 23 30814
159358540 76 30336
5038373 48 97813
392689753 55 32092
7469323 94 99309
73717898 85 33568
42343276 81 91998
359487450 64 86644
3209684 16 20489
710191815 39 49087
760315445 52 74201
11856089 10 11314
35580754 19 53128
126464002 47 48656
6826925 50 85268
1174329210 8 64445
75676997 95 81913
195654346 50 37681
83946301 100 35721
112463068 61 44668
5857 54 18887
194825912 83 89665
994833 90 15489
136821706 28 68966
3767299923 92 87544
1352960810 44 98803
1795937329 26 67685
287138643 24 58872
701368217 35 79648
8343915 70 6933
3064491 49 30513
158936873 43 51316
307624155 89 95400
375206943 2 51331
1876906022 41 84503
1665907 67 7664
2336294377 41 81897
188341867 49 54726
9780734 23 24601
155578101 52 41209
701932765 21 80745
319027903 32 58169
237166439 60 72035
158230083 57 36622
23829853 24 41135
1070301547 80 51019
1158731162 65 84795
480440147 92 51374
118031789 16 27108
171737152 93 28734
73069251 21 46141
1 92 33662
789333696 33 98611
1224809919 4 62301
422743875 51 82315
5170001 28 23819
843464032 59 42063
530034461 84 91180
43593190 34 23229
52359524 75 98951
2753654281 49 75364
665664699 49 74220
5980188 35 7279
15324897 20 42328
330740826 40 51412
454173490 67 70090
801233432 2 48637
18921183 38 47432
385827874 38 43874
32813030 71 78055
1230266150 57 82354
87702122 37 59046
4246278 61 19782
107514435 75 34607
3725115368 66 91436
317123543 92 27847
1020847860 42 85854
72862868 28 53854
1645768899 11 93019
579139351 41 54573
4404211 66 77119
942523768 42 57734
34089745 88 17569
259214512 50 74443
20897644 100 20938
978854 14 81827
46307620 69 41398
1004043970 57 68934
281007001 78 28510
512751 87 1916
416951973 16 44843
2511950 98 22632
414576690 93 72312
2792496047 54 88934
2466381757 49 94212
104165536 63 96922
10970001 67 42807
7920236 22 4254
34734807 12 82345
16090045 76 10361
1135655 82 3401
106118313 95 26838
87543646 60 39264
120438828 22 29218
301981194 86 31782
877425 42 12648
1210232752 70 98882
3042287171 52 97946
23886150 35 16136
389233637 68 42942
654774607 71 66086
32665381 29 24284
1750152040 17 60928
672310189 39 44550
126888014 38 24960
1115754336 69 93158
92364342 62 34258
213591439 78 34730
207104437 42 78091
2437198449 61 88066
14637385 45 97302
202504198 16 87118
36518878 93 11147
203182811 27 39105
10255 20 66
146356881 44 30458
997265995 89 75529
88622272 84 32481
292770164 11 35125
919763130 35 53252
58034 74 838
55907799 35 51708
1987862940 63 78121
953382104 8 50036
3059996320 26 79503
1849503339 58 61580
112166444 45 35991
935580429 100 97927
671036647 98 56091
248103661 68 35377
738398 59 32931
97998446 91 52716
727469826 62 95660
13184374 84 13007
361965281 75 32689
7599155 79 3944
75571879 37 21039
1457892 21 10224
1339600182 4 54510
1724635 1 44709
13072941 86 5461
2548452691 67 97746
2708714 43 48031
1321934643 70 72764
737551713 47 75350
173817807 29 46548
166208748 89 36244
20878093 82 61446
1290180649 59 82895
184266236 15 32554
817116315 44 63388
40059814 36 61426
118913574 72 21199
27045655 11 29137
16951021 34 9107
1263883416 74 95699
5567834 55 31706
2470501432 20 99860
1426359820 11 65585
24873282 11 35545
840787471 71 73299
91577343 51 28569
2187468182 61 81340
5816407 81 45799
83590624 97 29052
4361621 71 4244
3191069 80 12968
184242480 10 36810
88733016 9 68303
742918126 6 64621
27967547 92 66878
1190344033 8 66813
42660 25 1877
197506 81 13871
10247303 89 19824
206261 65 644
56119424 60 18074
95757869 65 22304
346724280 4 37190
10207615 86 86702
172801347 12 29640
18927716 24 11641
750310 30 10207
35177741 56 48883
1587908315 37 56582
72501414 45 27905
1233734225 93 78384
1691027 49 96930
13580806 14 40126
358352482 42 27381
78868961 54 88034
30425879 54 68630
355718568 13 34747
1360589797 58 60993
63603483 85 15129
1726859505 10 64072
206063504 85 22710
329441058 11 34900
79183315 71 35694
322095378 76 55971
350255769 92 34083
83531303 1 43228
2917280409 57 87975
464457017 94 42762
1583855 8 4687
21998747 66 9818
212736505 20 20587
132152418 6 36422
16042597 64 5872
9595670 92 10078
136024823 98 76867
1529996786 49 66217
622431964 67 71052
23532 37 63583
223729335 41 47517
960441499 68 64496
49081050 43 35365
24974118 58 18733
1855247000 29 62622
297319054 100 70648
496962 75 2641
76306 5 1654
18205669 35 34187
16289668 3 73234
1030748855 74 87199
1292558916 58 92491
3494817 95 8362
1981493391 34 64902
258997774 13 33160
561819431 31 37821
149822557 8 36915
2382161 1 4098
1061157 100 21035
1035681 73 1390
389690486 13 94225
23077443 73 28525
796732792 17 84387
62158783 18 17183
1106639648 79 66520
2300744 19 4308
76877095 47 27015
427775842 76 75171
197671 75 85924
136002182 32 25269
1441548 5 24918
187376 65 1940
1246312788 35 87414
214538885 29 56204
1005709999 29 55837
261659370 93 75924
112401557 66 45172
167208205 92 38246
4355955665 99 98885
5760600 37 32740
1423998200 62 90613
63553827 84 22000
606049 82 23506
1806342387 74 61949
438326026 20 51659
31515008 34 38581
268324163 51 36599
861300137 95 57953
55242233 29 20005
786307830 4 68327
147237866 34 34388
418335995 48 37379
17944274 24 72502
5127584 69 22159
216161 31 93464
23527939 23 97249
465544639 44 58664
98181586 82 19339
370596378 89 56921
477774 21 9348
277837353 95 62875
2453562111 63 70657
794476862 7 92142
172134642 2 21034
597856959 84 61520
6048832 45 9641
6444961 55 23969
3886819750 20 91371
10347214 24 19318
1749680 40 98161
30805765 17 15897
35211629 36 9962
18221717 81 6569
882922159 55 67072
358739318 75 72460
711592325 87 63284
1 78 13519
1518364038 100 65004
38015527 27 30798
13340300 10 11348
1962328795 99 64653
280748640 86 45301
29714533 2 12667
241871801 17 29203
687086658 54 76035
360110879 21 56621
1305701933 63 51417
85360460 94 36920
3142849 51 21196
653506940 39 70950
2329696707 73 93583
107517 14 3825
1777469 91 18345
211444059 97 32770
513798608 50 85525
32327853 65 32902
676349128 13 71298
183380 62 46790
390746583 93 48321
1805304102 87 70969
1333874858 27 96558
213374358 89 77169
10487475 93 9196
115347836 68 18350
724813431 76 83648
995785665 51 65501
1865043130 1 62758
335239305 48 32796
2204875 85 65366
57403914 55 17903
2763212977 87 96887
76646122 98 90199
128964881 30 25651
4668063 35 95291
543271 40 3826
298850814 2 94891
23021595 66 21629
1399970612 47 70345
71495040 59 17627
40299617 10 12248
1673123097 89 98342
12306673 27 79594
348292167 68 66693
660889889 99 78594
384045224 18 85440
6916491 60 36181
29889212 24 10910
933329284 22 86104
2092480305 88 65747
248168260 77 47648
467594052 40 74467
101392458 95 29040
49658382 57 22753
2652597627 36 86401
39962 9 2112
8909018 1 16278
1 37 2670
725773860 89 96435
1655006 69 98217
834514921 39 46971
824580306 35 73631
2217497526 14 87759
56270970 69 18776
259293373 17 69071
183037950 93 56746
5219094 77 51867
219784868 84 47235
248288881 14 47612
38669973 94 40861
345613707 77 30268
51058894 67 13749
58627941 95 34768
2723715235 43 89387
233155910 46 87814
54470239 75 10516
8389582 93 35364
216169177 18 67825
79240859 88 95532
39690940 33 26987
533449082 30 33068
126150968 11 16258
113381401 96 17170
1949695410 55 89633
1003983682 85 54393
60467517 91 38603
2086794027 37 73603
14185598 11 16711
582058718 1 91368
46945015 10 37981
39504262 19 30278
249377 65 67708
970145 2 6760
23155805 50 15307
947839462 52 44998
1523930466 27 63678
2072157081 76 69991
31691796 95 41472
2057361855 52 85712
6342574 58 5113
469273154 14 40171
1108982315 9 76056
1114068764 81 55356
171211348 43 19575
119270135 83 58831
2476355752 83 77895
1002734567 20 48047
289616236 23 47022
2511244329 99 95021
804627539 21 79571
428320566 29 55752
2736732 78 2544
1266805655 38 63360
26055414 2 66677
1146265942 41 88472
96014275 82 15681
11364014 23 6389
1973619834 89 66806
354303461 44 48911
425807742 7 74343
2320938553 69 85464
1070035255 92 53638
289604595 81 63301
414049777 73 82010
3256891 55 3208
124047965 62 45383
1587519254 67 95721
88074581 96 15662
1843782 59 16087
7361294 35 28693
203259115 21 37138
71119230 23 16957
95299891 70 15262
2385569278 58 88527
111168433 29 37145
530803436 73 38985
72567983 36 12323
37866653 60 21310
403839306 95 28604
248651455 1 67614
297637 23 36735
28688239 97 32200
1659365139 64 72032
26909360 18 70040
739302817 15 80414
72487562 86 12618
141999003 31 95295
1327983414 21 65165
255104234 58 44402
357534710 48 28324
526539 62 1238
848553051 88 60236
938853971 88 56829
485649031 49 37046
3949268229 6 99807
776366361 33 41124
456509520 46 48119
32799927 98 8662
168418675 74 51963
115909662 26 32965
155228239 99 68337
247458753 2 57290
17185522 85 18272
999238 94 2360
838017700 77 79266
630652793 19 66391
103153 76 8028
70190859 45 21839
3309242 98 12799
735500413 73 40160
161707621 17 85544
34548389 65 74777
271768084 88 32010
8492160 5 5499
15326065 53 28406
1208168822 12 64475
22974894 18 51472
998536607 4 66372
303216205 55 38382
140050103 72 21348
3279481822 18 95335
67755895 73 12375
4575112 71 4949
3528565 80 34460
614615629 4 49066
65523691 29 83424
163548630 86 30868
225452626 38 91096
54371767 93 53433
61607278 2 76416
201953802 50 50365
1048790198 83 77435
37615986 77 52662
1626988729 28 69747
27794 7 1703
29243580 77 13986
1123672082 70 94416
641399706 36 92320
332946900 43 70158
1525903 51 3670
447603649 5 58384
5398061 83 21480
523285412 35 45767
2205872369 98 74255
102225 55 6787
294308795 68 49982
2301307 36 4529
1066833504 100 94333
438547941 70 78802
14803168 22 50333
427076 58 23421
21938338 7 12302
23447273 22 15003
223126695 81 96795
683774 8 31357
36710569 20 64543
210442503 58 46220
153776670 74 50808
46459426 39 19353
3079174039 66 98279
377546150 83 53421
17883824 72 73725
525633146 45 68795
134388177 5 72806
1464552777 67 78662
1184475205 92 58526
735311441 81 82817
87276 77 2636
369111390 24 37481
40544251 26 44051
318524336 29 90851
383473801 92 64325
18145131 41 26428
17582786 90 14442
64374642 97 27890
133344760 29 66868
1296293716 68 63539
710779 96 5030
2101925192 75 71877
40120670 19 9893
736566321 14 92942
199284101 6 59897
1343633 57 17043
1683301865 96 92407
188187100 97 88716
809223494 56 86824
888933 24 23371
43815576 66 27117
30893434 98 12667
3215001338 14 91636
81705647 24 79771
5336556 58 81404
2264417199 60 83292
671568 57 1220
329357175 100 43575
23661816 68 16914
81220403 67 29284
1701533 65 4061
19785462 63 52541
491526179 86 64684
77578439 12 78798
539485621 38 94475
23096151 82 59932
68196473 56 21369
586648407 6 38156
244680378 29 39749
1222352 100 19000
2496047 76 3043
6306077 21 33071
162496673 3 69502
2753849199 14 88051
11828279 1 17471
48156637 3 25632
1489650228 61 62216
46070076 17 34727
9602156 27 49296
14646823 4 7687
905447585 25 64122
362248458 23 52617
176270017 98 43336
4455344213 58 98322
1142832022 87 63262
112913430 37 22357
149480898 76 28845
92509909 43 86273
224858610 96 29347
421498297 88 34846
177603845 78 68675
50154447 69 30613
1859983142 92 81347
961656222 87 48434
848251849 13 91502
2080294855 84 74754
138448060 49 17955
22723211 91 31812
3806888646 24 88475
2788745574 49 85974
1568468626 23 93531
7834036 85 27699
1347705923 96 73995
2954655510 48 87450
13524451 100 30992
362043783 31 36749
71226742 46 72125
2914979496 47 92719
8994501 37 4334
127740083 31 32902
3150592488 67 81027
293115345 35 80028
435929844 13 87120
4578593 11 18242
19906621 20 13124
1058686013 16 80566
18741489 79 7042
54995212 47 31830
534590400 58 49997
38259730 99 73018
57272486 98 69302
218928279 98 34530
802898470 100 58609
1085495951 18 83149
286633719 9 34245
7641141 3 53757
209334090 52 29184
219666896 60 24268
8220748 39 94130
222054304 10 33369
35196617 53 11447
25264418 11 21587
1574660 34 35073
6998843 78 10111
684598757 92 61978
321684072 44 32018
140105492 40 41170
19625395 45 77289
912157411 46 85722
71274841 5 91780
33994171 1 31191
1050201264 69 90477
449894925 30 36185
640151577 9 77880
3749192 96 66049
8732133 96 24079
2289955146 21 99916
3740221529 27 92286
1571487 26 18621
502443538 54 81612
1263846 8 6563
536281083 55 69772
452111908 5 60766
188558484 57 36816
29181888 98 69422
62496232 60 54897
21845311 71 36789
347412006 84 63581
586568568 7 61154
69315 88 1309
92511730 58 33232
3120312 42 16913
396626 11 1016
1002922443 14 55062
1132593718 100 49730
344651908 2 44884
3505362 62 88279
661108082 50 78012
2586000075 74 85601
856219972 84 59937
88715509 84 94877
2198207718 19 70993
64998856 13 66638
649180409 15 51852
60350683 20 84173
494531027 99 49860
190818655 55 37735
998708941 15 76018
289878980 97 94431
98380288 29 30171
2375684742 58 77386
1200848398 17 81759
1762905 74 41819
243961847 14 26069
1377488 57 1580
1094532 93 47797
70468908 32 41707
56974822 23 58372
2286062992 73 80298
38692908 36 32139
810501768 26 44069
658161861 27 58583
3154456768 76 96271
716167377 72 56328
7419113 95 9032
349546620 67 57535
373588649 74 47654
256298243 64 52182
294445983 46 25593
2138851 61 57751
716820996 12 51469
676573 41 14530
124121078 99 60510
423761472 16 32854
11600573 36 34334
1090358279 24 64472
3033552584 14 86061
4573408 82 35725
26432339 67 26867
591992660 17 73272
16726162 32 9676
14675963 19 8084
315228929 44 49776
417135918 67 31039
2038509390 27 71959
428492391 86 47047
86847617 95 50810
596032784 90 71888
20419143 22 8829
877939 34 2232
295613607 1 56909
45719365 89 10948
626852183 14 67130
2578365528 6 98938
10838806 22 36146
463516490 22 56400
482731604 96 43190
1224223263 87 49706
1865497 60 11632
1110661591 95 80750
1508899819 12 93342
2072033192 23 77422
123543714 30 65928
302095695 70 40368
1740106404 13 75352
98633813 47 45332
1513420818 54 64019
156426325 88 60819
1037754215 88 90151
106176060 63 56068
183017191 30 38548
1379851930 70 60238
1236361317 43 52969
103760198 82 32385
219316869 83 86240
8465770 79 8702
43518161 27 11455
1479315799 6 74590
14611977 18 50354
1208025750 77 87185
1578407432 37 56450
857076185 83 47252
71836016 26 61534
1063508553 94 77417
1635892 18 59135
1226596809 45 95134
1132373886 78 63790
959129190 75 77647
335719816 26 44656
2357189646 19 85245
563334173 6 53081
598312679 14 38737
439010947 90 51502
1037500556 51 97696
103025636 86 25202
184712 79 4038
3763246 51 12780
262722 39 8432
2040017345 15 69909
227247827 18 36145
1211183042 97 51318
186281782 6 85355
569660 64 2202
4624625 36 9465
50790254 67 60562
1035081389 68 78556
114530777 98 64726
957302 99 15738
781784 57 3882
831941648 76 79728
2196842 31 8260
144117581 32 99870
681367432 60 74999
812569050 95 99282
2227098433 21 71464
6859940 33 33193
98430104 98 18315
336426820 17 27844
77356122 36 46497
93069277 58 21330
12944457 99 36878
2577230 32 4322
84645895 99 15003
31359077 75 59717
562615011 26 78481
1684446204 33 70334
31633765 25 11722
20823 78 344
38390502 61 59836
338618407 92 48317
744403983 88 48890
253114446 31 38235
772815631 65 74080
1295977 52 45582
508893428 84 45285
84832133 92 20442
22611288 77 20330
51363341 57 16402
3167296782 70 91013
1594821292 70 71655
231435913 22 63381
301247067 96 39108
86531559 65 20611
1033523534 55 90923
127447 39 6799
2391058545 70 77787
651532086 92 70459
134214832 37 34032
1260435649 3 92581
1296598085 85 93122
1554583021 71 98840
74034564 84 22357
587686993 87 52482
2782954 36 88391
184582382 7 50357
3019065 73 4157
325349096 48 42284
683016962 30 63539
10599244 10 5460
1878073112 82 86368
1424786512 13 81243
342886690 86 47006
17867788 44 17733
2137492507 6 92895
115225617 53 93694
131871246 46 82113
13923676 23 58859
44365282 79 24472
2404128356 76 72050
101119 65 562
642994649 16 49146
104500975 68 18389
156347314 71 91065
53345 46 2864
47835074 79 21637
518063859 3 37245
743799 49 6511
29477856 15 21622
64809436 44 21073
105701455 64 18185
4752973085 23 98698
1016098005 47 49147
1747732894 51 90704
151133573 13 75604
938970333 2 90845
2966809485 44 96876
18117356 87 14290
819535865 52 48520
553231023 18 36185
1850007670 33 96448
10233341 98 16254
122596407 42 20467
282103815 54 94983
2667803 69 65181
28856801 21 70752
21487394 58 23120
2455632213 46 70555
3656251 22 4632
385185784 66 30509
227155753 23 85474
1 74 99541
308704086 32 26864
910192112 92 63412
368004316 100 32834
2825513 9 9101
239843698 91 54267
4734904 48 28277
1089029860 85 93061
159136635 65 49253
469152934 83 46412
610996781 65 52689
1 30 16412
150427 54 56948
109394379 75 33962
20807076 59 40092
638448278 39 46053
60219 24 34028
4925749 88 10260
2141206923 11 95102
24684753 30 29812
2832342 55 34843
3339732 26 77291
392176073 71 82605
3732327869 84 96835
243142697 59 25925
1659277 10 7785
1599206476 89 65109
24207918 62 54956
28407140 67 9143
1576846 57 61507
246135200 59 51324
12466030 60 75428
417347734 66 48430
840685502 72 41936
27951 20 3003
288120823 82 34048
118944191 14 78305
1045043652 18 61467
7014533 18 81818
769149412 66 96713
19393665 87 6587
7407156 42 23962
355009766 98 33538
127698994 42 52055
17807964 55 14365
1203235 80 1677
12894717 25 98008
26255176 25 50803
303716769 81 66700
59059864 73 24780
461569802 96 73793
63700 95 75692
80535313 39 80766
3895780 32 35900
1382421682 40 55120
30950196 48 17817
3095794 31 5209
4998015 36 4625
21928184 3 13640
35043459 30 37328
1312651007 71 60586
58737945 100 93739
1819335118 40 61693
823455073 77 54128
306568204 13 41283
43606810 50 25523
92118945 5 96971
11199156 93 27806
876868903 20 66238
3994675306 31 92479
2286314623 38 78840
2262247138 36 87159
509212925 74 68742
1193909 78 9640
139892069 41 33816
1522640 18 61945
15073062 21 15053
11569267 49 6799
152928305 22 42381
651765425 14 42198
2511689 40 14491
343940462 48 38316
1861114848 59 67009
2743307818 85 90387
12557871 84 71851
816117 19 3124
150936981 89 31622
4353331 50 11520
60723482 42 38068
551071905 42 42153
45908434 89 82541
592955990 46 87338
21396768 71 90642
361509800 84 89712
109168870 77 44829
495080 59 21838
33457270 53 16363
164657815 25 88186
734078545 39 40756
18173 97 467
647487019 5 72693
787023698 52 63059
56989608 20 70269
45599343 81 18612
5662 79 64376
2291617635 86 85420
43290659 51 48579
7378977 36 34064
1532915161 85 83150
681001 47 5023
11965664 56 4810
162037685 57 32584
33583927 99 10929
1 49 161
1986527247 95 69003
41638177 51 58859
446899 96 1572
332151891 78 63750
168294997 94 62673
160185388 88 87086
1696970 88 73754
150250023 93 44400
248977003 76 32732
727552423 17 79898
67488 77 5888
35532945 49 11323
1018462 84 38442
529105193 42 74137
66834079 74 71985
1776193069 21 62275
657978308 2 41851
71884673 77 32537
537266419 10 37751
109524 23 3992
83605390 85 52900
46849272 85 9941
495919176 87 56910
924345106 12 60889
649831429 68 99636
14050159 29 75437
40335318 34 38314
22137093 68 29567
16061204 31 5836
985671418 76 71466
4237335 11 3391
184457 38 863
2550366 29 37626
355405070 94 73750
10603 30 83
28057072 72 79001
295810548 32 30793
267843466 79 70911
492946002 36 86178
32058456 42 24700
42056437 72 21804
8866 23 4124
3140397570 48 93662
148481404 74 27845
56065378 15 24775
6165069 77 4480
257970866 98 41325
91722347 46 16200
1367078150 71 99208
1472726483 61 94396
67158464 76 64353
200868169 19 54165
143724 4 2358
416579534 44 33833
495546722 7 65995
2836277813 5 76421
648974 81 16825
79590772 38 41043
174376779 28 64778
142261 39 751
56482766 84 18568
971594 97 11623
105372499 72 17764
234361001 26 98348
242858176 26 52186
5752992 56 17238
126231406 60 24640
1417 55 5992
182734047 53 80922
70935766 88 33311
303960 17 2271
761144694 82 40912
286329139 33 25635
371981 56 16905
350285770 56 35094
5020960 15 14907
46432950 67 40266
1585465600 53 86910
31923413 90 13036
1200933646 32 69574
1061755988 19 88402
62311938 88 14058
269984171 47 65746
506485630 44 66808
70349 70 36051
29339220 85 25452
28102100 82 20700
198687258 65 85258
11898908 96 27474
248273174 2 27604
34158290 30 33842
3803909166 3 90311
1169520571 75 82248
54529797 5 38851
2227096903 97 80343
2858027 2 81389
114262707 93 21045
726435894 5 53145
549236547 8 65750
179767529 22 48428
151170300 79 19522
245956713 91 84583
2951569259 6 83493
583556366 39 67287
10601151 66 4835
387023729 77 96253
709204905 15 45365
63163844 71 18742
131085630 6 46823
136735219 62 57052
1006852 19 6590
170346338 34 95780
45208396 97 35952
183690477 40 23979
3232863 11 63620
717918105 24 50525
530656014 78 35490
25989 55 59441
476612 44 1803
406830802 74 51227
7833590 99 6706
1789727189 37 73403
228836208 26 82430
8880971 89 10921
2921795097 44 98038
79638403 97 22906
19368 16 734
1511478048 51 78640
2533932 94 17551
1695150870 61 71666
266706344 85 33198
422178581 3 66838
165916420 20 84081
193843595 37 20158
510617193 49 97812
67776187 67 89455
2436141508 55 99413
178197289 44 23751
406759537 25 33459
1227660840 33 54788
76320872 27 13488
50692629 32 49008
13367486 42 6930
76981080 36 56633
253624028 100 64667
35108038 35 55678
18561512 81 7846
83220324 83 42467
3273030 13 76579
3078096730 82 82503
604942725 80 48262
100824934 76 96672
5309734 94 3180
110544090 77 51381
20899 95 36484
984438611 66 58335
3805970 99 30667
161397956 53 46849
5131831 54 4498
175377 1 3930
83073588 89 35285
10469161 49 5192
253232635 2 44504
437025722 89 41127
461958999 50 38116
1217430905 4 53459
2253194927 84 90346
1975863 91 98254
642791368 86 50930
39088559 43 9522
134756766 23 44161
1794410455 32 88265
202049810 33 46139
1446953732 29 97057
140020680 51 32697
549874832 30 38929
34524468 31 20078
1997712820 95 68406
159414974 5 37552
27592757 29 86118
549631233 46 51002
269790765 19 78939
33008425 18 84110
27704731 88 10134
849764806 79 56635
1777468576 50 75632
246249 77 892
91782878 5 62960
9578497 61 76224
327166692 47 59698
18475434 83 52747
39520690 52 84319
1841654411 26 67387
56119384 47 67951
269659828 67 73077
1632047699 25 66465
246610937 75 38136
235704248 52 62295
268750391 24 81328
214481311 47 37511
1084404178 87 61192
41682002 53 22161
57754049 96 21208
656360052 34 40770
3529829679 1 95444
63775597 21 12959
300174297 72 89022
105545321 89 41274
91272723 72 55892
78112464 96 46453
4419209 38 15484
2615140132 46 79664
763068 61 25299
52191900 63 17749
122912 63 22149
101858240 35 20554
56704413 58 41858
1444962204 83 78830
1108123125 17 54822
83758786 86 19057
1478175 35 1917
15090798 85 9276
28467934 76 33126
687172743 37 91282
289021122 46 96172
26928741 16 8419
1114988948 86 83031
1557120286 74 77397
10598298 51 10007
561843543 71 70744
1518401273 93 61861
67854366 56 91308
3295773559 83 86690
237947200 22 66929
307429487 4 37061
368365911 2 48615
2623520706 17 98218
338575056 61 71249
3861218045 56 93241
40408203 5 9918
815987307 46 89262
814858068 9 65826
1248842914 95 75001
169257186 40 96764
1589945116 44 70947
52825111 64 29277
80843573 44 94995
1514575866 28 56542
495035 59 1305
3916760 79 82643
6418898 87 8044
2504181493 39 83418
2045073964 92 90587
4358073 17 28097
984232510 63 78040
286667809 14 75485
237344933 38 28434
587843 17 3634
446945065 81 41495
721089176 93 84796
724520 65 13150
109211837 85 31301
30631461 48 51013
1515179045 31 84119
1601583925 7 92377
5909463 81 20552
67394140 7 67745
5738556 3 68297
433825561 9 90983
1832032796 18 60755
459622289 61 31219
242294337 47 75580
1042151121 89 73302
2546729 95 4111
505763423 91 65927
1939748 42 20643
312778140 49 77802
38877626 100 29769
89090 6 1197
404103891 25 82916
22840055 67 17679
643526242 56 45522
7697693 87 89721
138461222 51 19153
153319057 88 89396
252303080 62 44030
15992276 85 19585
1739255881 10 71361
54447964 98 13371
118831105 53 30166
1224062835 14 63216
60736656 19 11592
164648366 62 70802
1425770176 85 83556
216970169 37 80081
228403167 19 22821
640493064 53 96820
1504149 45 6110
3030274622 84 85548
55028228 98 54923
90407434 8 36449
50683631 55 16092
30802907 81 9365
164802195 26 21167
317575427 14 55348
91733881 36 97081
463796006 68 53220
115367210 74 49361
10232879 21 38512
532223980 77 61155
216810384 41 58237
1311968183 33 61868
5638591 43 33923
89383613 18 48705
480895969 54 98385
319651913 70 41823
3206058759 18 87570
2694239400 10 94221
3841853963 12 91129
2226582305 100 73128
248694764 84 40151
505889860 100 80858
1313764876 21 72519
9319830 80 55357
9478003 18 17444
99087112 24 82514
2771603119 43 89766
1152251686 89 57949
100487236 47 33824
221052227 32 48826
2376741709 76 84743
29519914 2 25040
1075392397 21 50349
34382404 91 10666
243443347 9 22605
59165542 24 12161
906985108 69 63424
85069731 61 13298
632184 89 4541
58444852 84 40019
3153345 95 5809
393122909 84 89983
53084 17 53645
75022126 59 17946
9725102 82 24326
137703223 97 20615
79755767 59 30893
813282956 93 73967
1163641041 63 57404
241132057 62 32378
600668771 2 75164
354902359 89 85042
6483007 77 26387
169610346 60 26366
700997926 3 75232
162992529 13 33604
1860305279 66 62802
2658618982 59 79881
78856295 7 14636
95286 95 7202
15727476 14 35808
1765137516 100 77213
1168636992 13 94826
152373313 94 85180
566101388 72 39511
24668763 9 46975
466394816 2 52410
26205822 6 7667
131118858 72 24893
1454241016 90 64279
463910315 31 52790
902759317 91 60038
981894121 57 90176
55085268 84 53871
1327268 61 39186
3559685964 91 92382
1528914669 48 57116
487042711 77 50947
1702239422 55 82809
155045047 47 34245
36049381 66 30969
518325687 58 81120
167215025 45 48204
2588210391 63 72117
59106720 88 10891
298975935 86 62226
6155310 36 7218
13146082 23 23512
697420375 94 55418
2871801803 30 93182
8305291 98 9918
686265 25 4365
1636828344 14 83600
1972478469 8 97501
36854544 77 42022
19078023 50 19339
276732199 59 91461
30465005 30 31840
109788893 32 22278
754103479 68 59104
8029677 76 8750
132007306 69 42933
290345717 31 29987
25252674 59 21633
1515752197 44 71946
491054737 33 47545
110912663 61 62814
10703038 9 5472
1292714382 2 80476
1734456708 31 98393
114945358 82 47658
88235419 27 42182
200269635 82 25475
2000780411 46 89397
195230943 80 54628
2968965453 33 79882
2535655128 43 79791
780023 5 91497
296591142 90 38284
136098 9 21345
1395602806 19 53587
166163354 13 35763
15997809 14 19960
1608254 94 20979
766242005 57 40716
492 22 2484
197774304 90 76648
68711374 41 49871
2754618038 38 84013
553480651 44 64636
1315605 7 19290
408062290 36 97730
12319884 3 8331
647783066 74 67531
707592875 69 79823
350367539 85 34374
1155018724 33 86754
660498717 6 81893
10080791 91 34390
137121131 11 35294
879912419 57 42297
541990971 12 83231
2367368485 41 71814
193528042 91 86049
3436955 46 14881
154470760 60 49911
15674752 32 90414
145970199 35 64495
187458 29 95626
247780241 27 38760
205224167 31 45791
22315470 71 87111
413728 24 53075
142960064 94 35545
29872416 59 15138
1598966162 9 83712
65140281 95 13676
4873141 24 98590
176856194 65 53550
988135310 17 48041
3650809334 91 90723
68497189 2 12191
6380745 69 43354
9015198 10 47055
4023308 3 4261
38320405 19 13215
488336660 92 42379
2785510069 18 96339
449823643 98 39250
42108068 49 27619
3577 9 2630
559648664 4 83845
45829 75 371
1815929 78 9581
48852173 66 48764
308097791 51 52679
1128973582 20 70049
1136016 26 42152
649259260 63 82349
1395009613 33 90112
375203514 42 33679
478287764 30 44570
181371017 100 26852
200209449 86 25590
304652396 42 30638
943 46 40936
3160736393 82 98389
527536298 85 95936
11655763 52 48028
134247531 91 47069
16032697 23 58949
657396738 19 96484
733616193 11 85100
13948986 30 5846
7149808 86 12209
32554413 62 11928
1466581454 3 77038
1409742028 91 62178
2281434275 78 69940
106799213 98 84848
861557003 69 57023
161797129 49 77120
2989226 4 4802
2184017138 49 78813
1532841372 93 63929
235786610 54 43986
2778603385 95 99728
12504874 71 86272
721845167 79 76025
185742196 38 29529
52333773 100 82968
221239248 45 69252
95958392 23 76533
790599 47 76229
22050344 14 79093
144302669 85 33765
12719613 41 17484
825523433 54 59519
500610 92 928
106436229 20 18317
464647644 11 71561
4177 97 12256
41135499 35 9012
149732266 91 31016
102017125 67 52837
26423547 95 11690
101232260 6 14880
69388450 41 23190
619963944 97 46779
187953175 98 85307
2255806243 86 68896
57576019 63 70526
1765457361 66 73170
172063 61 41140
38584900 13 14443
24951338 38 21535
3849998 2 63567
260050202 4 25284
336271041 26 46716
207931455 29 77908
25735 86 67008
1095783 23 14513
415513281 7 63163
716406911 41 73268
25284908 7 56757
60825442 33 37218
7999000 52 16071
25211 14 21370
955328908 94 74959
50857 1 229
570894939 96 69505
794276077 8 77282
215725053 74 32787
4119233698 26 98744
1961540 89 2402
167996278 84 24203
125445848 81 70024
533300689 21 33041
92505 79 1767
319233922 49 72748
435088559 4 36435
20817883 56 75327
1648555 74 5337
136193838 61 90185
17026752 97 8389
149618 98 49863
449533042 83 39873
1654420 34 38899
1293860798 85 66303
63672550 57 24788
9699732 23 58751
1805343448 73 87573
1475155440 85 55943
1343959710 24 84570
620572703 49 39206
49458644 76 67287
3432621658 39 98813
3894930664 92 92826
905391396 54 83507
10468533 38 33618
155030073 62 17573
281060376 90 68987
492668177 36 68101
247374339 86 54513
259765908 20 48294
2093646061 26 73783
107495 68 6766
140440898 48 74238
839505979 58 79144
1461100810 47 94334
42430549 74 11741
758747 43 31610
14133658 47 8707
50190 96 355
47262357 58 28326
717383451 9 83652
317853110 61 57780
19552510 39 7184
13994791 31 18071
2060632830 86 76231
325843690 97 69924
20579146 63 17512
2234595003 22 69661
1066120866 96 49082
641210728 78 56966
488293814 66 99011
10802462 91 72043
4263052 62 29527
4184978 54 4313
630292694 3 65608
1969533545 75 87571
244338146 23 48764
352309217 62 49662
399615 73 1328
1929716194 13 68368
654514965 53 45622
603113496 2 51007
790021895 87 72970
754893178 47 76769
31793 28 529
34503798 79 15616
769294425 76 45744
307218897 8 30449
932161686 60 61925
2245852226 73 75696
150163962 36 43612
125132330 17 40523
10345933 4 12942
1148476318 13 54833
1492590660 22 96977
186377180 25 97088
559949687 94 71302
344617254 49 66582
1765754121 17 90939
119774680 18 94772
28608718 15 20592
455982100 33 63855
1637536542 55 87589
1145417197 99 53127
135951905 16 47028
15086395 97 72532
1926217 73 36849
1899640864 30 87053
1560208942 77 61432
31131258 84 95589
1439686766 100 68380
27230 42 4766
764993996 77 68889
61591248 68 25549
32762466 40 57331
18287904 26 74982
1734618781 45 73198
125415971 7 34896
202718628 97 31824
53208514 49 44736
101211106 42 92093
106298888 66 50095
19062025 53 46622
43085436 17 17299
2125894464 13 83661
297371090 41 89810
15808306 38 5866
1902962797 98 78303
278694532 15 65008
575997153 62 77486
829503544 33 62141
11704037 91 42013
409055720 13 89850
1157051424 52 73709
1004725152 88 59849
170184602 1 26400
830263626 52 42515
200600890 15 82198
29554315 17 12002
179002994 65 19923
2737381 7 8054
2297993390 32 74011
3685861 94 14241
791312214 62 65100
229443445 77 85073
4073396323 33 93779
3738336 89 3673
82455965 68 98106
2203965650 71 81585
266345512 91 89248
99643093 20 82211
5504059 54 51940
44906876 82 27102
136229 29 12620
2418781 45 10284
279754743 72 57981
14927139 18 14876
243644570 11 86606
193 13 38707
6533118 43 3718
961925345 63 81953
26397 32 2846
18745 5 59576
302666251 71 37239
84459277 49 51672
190537730 16 95099
3830318631 91 96817
347636818 77 67604
1157182341 62 92943
2611739 99 42008
154539952 51 25861
30135362 93 9744
48304927 99 32575
2175607769 39 82703
90955682 86 22024
6049826 69 16627
3794514 2 77195
133774513 77 49303
26858234 36 9460
71586327 26 17868
99465773 79 23337
1689823041 7 74448
1515117279 32 57428
110330143 99 58652
626909362 28 63338
794837834 54 71761
12011688 13 61518
2956274454 92 81959
2540951563 94 76054
476530799 17 65315
425359560 38 71339
1336585656 71 75811
1509819524 43 80751
78568065 22 15452
396416133 97 61226
3613396981 36 96529
306913921 76 59156
926940479 80 62547
444005 37 4603
9442902 63 85043
90005271 80 13438
41933092 20 9669
33032310 59 28526
23903592 12 31175
701486645 96 51825
161002878 77 34946
696113470 92 55250
1558466544 99 88742
1778692239 11 66832
22419385 21 24357
453064388 70 75263
59242543 10 46204
432646344 62 86980
30001 6 74692
2134848046 2 67448
477542380 15 36356
225810075 8 30395
451096 80 36158
450476597 49 33528
21256125 20 7618
72774296 33 42179
1271576745 18 57211
114590344 56 96130
443956181 82 49560
33586532 16 76381
27876324 32 22172
393285477 80 79211
12307219 10 97204
72935127 34 29526
1096862753 38 82667
1147565483 52 48796
24768612 43 8178
2760751 95 41173
213810899 13 37497
35509354 10 8943
1470809026 54 86677
25819 32 588
10465759 8 34294
789119230 35 57607
790375495 23 70025
4779050 14 3336
1607508862 75 67166
714949281 53 49605
105436623 3 50260
831370590 48 42507
136520498 25 43620
3565341129 94 98048
8889221 76 24570
400810581 88 95272
285805244 29 24064
214257379 37 88796
6947451 41 45288
192171262 31 79088
1420391738 74 84756
56683794 6 26889
2701716824 2 78990
1402299439 72 81021
270323285 34 24454
843136343 92 68820
3369066748 50 84193
883418803 34 67481
568591848 6 65812
3831839897 14 89488
8911735 61 32207
1150298544 55 92134
44543061 37 71290
2925333229 88 88897
6866092 75 46379
15258472 72 12373
33753216 7 10249
463664042 72 86804
299579320 67 45639
1406424420 84 58387
1489984 74 4924
152567862 23 23822
1326116060 87 77137
313512336 47 46411
1620537 26 15853
1775307088 50 80690
21538491 56 6907
2663535992 11 84340
3662958 50 17901
1891403029 50 65169
1429193976 20 69843
1864676591 83 70112
23406478 35 52001
252554357 28 31195
468460092 63 49232
3141246840 57 94732
1657836142 7 76268
386533478 14 80849
1688272531 65 77036
10107143 35 63862
347994545 43 40109
56629 3 7901
222197891 96 34020
92258392 38 23282
466657480 68 63473
1027977100 63 54767
78076792 9 68372
1836087035 86 65727
13481331 60 60548
154524895 1 71452
259037202 93 54202
174935313 38 22714
13238013 50 9194
2392904200 1 75587
34226422 27 55049
2815605708 91 81743
198674900 52 23080
1189438117 47 82015
639370663 97 84353
1388563 85 3850
12077206 63 21347
22633024 94 15340
689057062 100 49963
244881485 52 53140
53137098 53 54233
70299759 70 42008
92443980 75 48742
34188068 34 14668
133973305 91 64920
4034794892 26 99587
72024093 98 32152
116406014 7 29215
18986724 39 45430
839782198 8 54355
22759488 1 10121
171224083 73 74772
38687 97 46365
55803875 75 15003
5876299 39 73917
3645763503 47 92632
218876919 37 87848
616514154 94 79972
918946095 24 44706
959289068 2 57705
4259116369 92 98074
1525261345 89 92583
18560581 27 13037
84015 31 78663
792840351 92 71526
145854159 17 54583
324833836 70 42499
12308742 28 67091
59458047 11 20407
52304990 67 31758
67575 24 5483
348101877 55 60417
188306489 90 87677
1479763136 57 64228
261883389 20 54577
2624016039 59 96523
247214405 44 23450
22904492 4 20622
167098148 31 88264
98345225 79 42421
559235288 2 64029
56046709 47 17116
528275669 7 81739
258489479 72 96694
94818545 31 62042
745162085 8 46080
403878941 55 53720
35625033 61 76461
126756201 70 93130
20581693 90 11454
444441342 21 30963
3059339863 30 92652
68208030 15 89667
914993443 82 86023
358440 11 5106
1065163297 66 82381
422751570 54 39474
1197090588 44 77009
3385693274 69 98676
194801194 51 21270
6637005 13 6882
15169310 65 47586
117693876 49 54606
1800959491 39 98458
22489868 4 91624
742553854 6 50235
2484409575 58 77035
216009808 33 91429
72006045 92 44888
1781041093 97 63858
1591589728 33 76950
455940994 100 86537
4994890 7 15976
7088600 60 13097
35426207 57 87123
345151338 92 80164
57215273 93 15632
21524 41 29015
1173142 13 4951
33632664 83 84738
1741916105 15 95605
121504952 7 34660
148871720 13 17592
5593120 75 40029
1083259796 86 89452
1211707 46 68106
660589276 69 46902
76508468 15 16978
1646602684 100 70757
312680583 27 38330
28644380 11 22719
1422176829 38 56652
25525187 23 21100
214221027 42 82279
1749190 30 24855
1274821324 79 94287
3242594604 40 94817
61076518 20 65483
107448361 11 42469
96246645 35 77138
4087201846 96 98852
211132218 42 23373
41196 62 56076
530436882 72 57233
1496136 17 22416
297787 12 70970
3163 38 19121
54604978 70 18226
314129688 65 45989
1650064417 34 99160
1003986 93 5082
2105199339 21 65885
443774 92 40300
2949708161 98 86706
12600046 85 67503
638426931 51 43063
770165 61 5434
1190364904 15 58034
7869620 99 31988
463807905 3 43833
2667431258 55 91918
397439747 16 53950
101177813 95 20085
413342187 61 40657
540652112 33 60193
408835189 15 32876
1316455321 58 52920
1467040385 7 81280
3782133182 79 92492
17124371 32 21408
120968639 51 26942
183545528 23 34072
18114 70 11785
490365403 72 59380
66478987 62 50437
93238076 77 21731
704909414 80 82834
782957119 47 76069
112895635 47 77702
194805436 74 29122
778193 64 29202
240573359 38 62461
147592925 27 23643
6916596 34 5808
868260482 70 74492
2694949159 42 82780
874080826 59 76449
1545764554 17 82860
410102128 61 30431
1472821836 73 68183
556808211 99 97584
3646391377 72 98546
162520273 75 73409
147228839 17 21859
876263229 62 55617
310692068 76 55152
40602660 5 10683
537836612 7 36892
416176566 69 38119
429863628 6 88388
14322147 87 7117
85126810 38 30895
819438 8 8388
3871003381 97 88267
1043037541 4 57709
18048457 35 36821
635062506 53 68628
685937 91 23211
2226022 6 13557
1854082123 35 63705
846774210 35 88883
1882151 66 10228
7429583 41 10360
1683696777 80 78660
9274543 30 13670
12944278 12 54237
2141870880 37 98191
30597821 52 43660
1387125820 38 78680
453604702 96 50397
231981275 19 30825
1960632083 88 79673
816553836 44 55640
228575752 80 96717
1912 16 59774
44589305 64 10782
162634071 30 93472
336626666 8 90876
2102870697 10 90706
3398485 83 4306
57115493 20 18728
270939758 98 73972
29059986 31 12487
2322795691 69 79004
8347383 54 90146
2080091710 52 85321
484575294 40 39915
2087443314 62 81903
869547 10 2165
75818206 35 20053
1791669 6 1995
85571067 90 22364
21774723 58 44454
1599130452 27 90659
620548286 59 69426
184455760 54 64777
20646262 98 16957
177997322 78 24641
19642 65 456
146209329 34 48869
15256973 83 9117
231018322 56 33589
187216455 54 38679
38161 38 5053
629891494 61 45822
202302730 14 68348
2426557857 59 87293
79480189 36 39166
689036 46 26065
30908653 17 8235
36928824 2 13883
1218895 72 27559
26421142 62 18533
42389058 83 11822
1708164583 68 87264
87653522 32 26423
1268170 69 12070
1220216 100 1519
19802623 3 23750
624297604 85 54619
540603 46 18669
2190296150 95 83795
16284074 47 13182
1150956 24 13285
68832491 46 29953
26719700 87 23564
92910950 26 39398
5227598 97 7597
605577125 54 77467
463432922 2 48917
112224803 70 21149
3161569 54 2751
3866647146 3 93073
152693766 28 59016
434275 74 4481
404298269 81 55608
161943608 77 28849
3405141 22 7416
1603178 23 8346
33187779 75 38281
405940473 62 34787
1594385 47 13310
329960160 86 79283
305115759 16 42473
1860177382 44 95971
69838458 2 55403
49951 5 40560
261712269 91 62512
4664627 44 9659
835092 10 24757
219998202 93 33070
56672 6 36242
463281 82 1245
4931731 12 35369
23173719 25 71309
9220723 3 59123
180502311 67 60741
2816817306 89 77033
390510469 58 40837
1740880287 21 95119
144392292 48 86515
121696527 75 17133
17445295 68 30176
3370002030 85 87124
132820710 91 57181
489911 17 74287
1827718320 29 66695
1376334124 91 79228
608571621 78 47616
246534 41 28182
595908267 16 63600
846815824 43 45837
1245313865 70 98352
1931494515 52 78498
13379056 90 10621
4188226 53 7923
2104222 69 7938
56725055 68 90326
642883541 91 72787
522797197 52 91904
432312 69 2384
14702057 58 8314
356553 76 3293
225552135 32 29476
117978735 32 51920
1537967402 50 77150
601241192 89 73150
633457554 64 60079
616409454 46 62295
261991567 67 30207
123833323 22 31733
56448330 88 24142
3536384278 25 90219
304999880 36 34129
11577656 68 19556
15092274 87 16094
39456251 97 26050
562474052 24 76172
1493623966 74 79517
97254417 3 22039
56048579 88 63225
4083 67 3793
61709465 65 74865
338664655 70 94929
148093271 31 23728
273848477 1 45733
5504495 64 10240
107135752 61 47211
3686438289 71 86223
316379705 43 42180
1834995579 19 92248
13177651 10 45115
2668290501 92 75170
63108683 66 72389
3286079 69 39946
20806164 55 24077
208112014 73 61771
1071401857 28 67959
62533958 48 16957
23551053 29 31201
944010464 40 88220
10071958 35 35589
680609537 43 94334
752519663 69 62742
3181132452 45 97334
65357291 42 42284
264334039 20 89528
4080171 15 27768
145784633 37 81536
527602458 31 91828
2213138863 68 72269
2870712600 36 94490
82183245 81 26437
684228 61 7626
302615930 81 94025
3523058 16 3694
2356348 55 2217
192599792 26 78399
86687680 100 71525
30183728 9 17143
6038 12 536
841751772 99 90543
2031253 39 3651
599148 58 6857
388427763 33 78155
3734358881 92 92256
371897 4 21825
2713922890 57 92535
159326259 69 72872
486976363 52 33399
370692450 77 86140
14640087 15 6092
16631071 16 20574
223168761 42 86843
2479983 42 3144
86281595 49 14539
846393 51 2103
3601780239 63 98692
926364948 88 46385
3127638 80 5049
31507661 58 34465
74125506 77 44652
535786419 23 57966
320194211 14 65758
428010359 37 61200
349731258 56 86716
207699922 71 83934
4318224 93 10430
417443876 35 29973
3989012 89 60659
5169 35 81961
56602 1 1033
34842463 84 19973
55414012 62 19117
145073512 67 19535
330598325 89 58756
1904283757 30 94990
210781129 75 21445
99558782 96 55596
1972631428 15 80976
181743354 3 59666
314992769 36 46686
1165840844 70 91885
182830545 60 71763
165012679 96 34338
121552940 48 28378
3044983014 18 80585
8020 21 119
224700818 62 26845
854469027 39 59255
1957544403 100 74341
32764401 16 44555
2436092945 38 77661
325029157 64 71212
637824553 53 64588
1112751 24 1754
19279522 46 89822
251985355 89 30074
1568366 66 16478
81202696 18 30864
727899873 80 84464
48008064 79 41330
984518 4 18686
142234081 89 53492
307892548 52 55508
129146995 37 64499
22549309 71 11492
622296786 41 77813
4721720 51 10049
87202916 42 15581
2189096 56 3920
1083799366 35 72144
1410027814 67 57606
251339834 61 37186
1169836386 99 66041
24678818 14 24761
973763 57 96300
3011630282 62 90892
6268 60 6180
2887552529 6 90164
95122105 60 40410
984704037 66 84517
2186243224 16 75925
6519727 60 60066
73181022 17 41628
700546 6 39622
7696583 58 7987
311633019 98 80089
50779292 53 12955
1761687201 14 71059
802599425 60 98356
5231642 60 8840
88900203 77 35880
21636976 7 74238
297664487 94 47364
2959803136 1 95437
742764 78 8583
429782273 68 81043
336599086 15 27027
1061346863 41 49225
26821252 18 70945
487151078 97 43458
646374181 11 37415
186565 21 21970
1600475989 24 59945
48073451 96 47928
53149640 5 91735
12567319 54 17607
1149555 28 4301
127618199 2 45410
1158503646 88 73341
35727506 54 30336
1244434627 93 62990
17520360 46 77031
670892352 14 41145
91701244 51 40563
4158974 23 7332
3571113473 12 90808
35716442 36 9056
33747026 15 16612
454856875 39 97191
495400 94 50248
988683953 22 93214
138361 33 896
3088150610 47 87691
1771324 59 82262
16252144 61 7313
171406988 60 21955
1175382 11 33746
5646893 62 48923
2807036940 100 87354
1178727292 63 98092
166945930 74 58904
499242100 85 57923
684016742 37 76539
646365253 60 35961
2590136368 40 79622
635817513 59 46253
2205361481 54 97091
91082967 38 74532
318496 90 57586
3951370363 68 90603
10874126 48 85714
62788196 87 32223
48164550 9 20527
210137 73 2029
1492418273 49 56963
266430097 51 89091
540813587 68 65282
172178255 55 36014
10230974 27 19326
190443328 24 47471
86721977 27 31738
73797391 81 32939
2883910 11 18313
1935251 46 46878
15254250 30 10277
15092216 79 67171
7031024 39 13789
775529126 99 66069
65745 60 2104
19194033 10 36641
1122788816 88 93709
10204989 13 83259
3457247 72 65242
664396983 61 62491
2270624571 43 75990
2110405488 63 87284
77254273 98 34810
8531788 1 8835
1557424533 27 89574
262822126 21 26224
34384 56 1512
317961355 78 26939
407269 6 17304
69921908 86 47191
24389977 19 96590
341531098 97 77783
103098026 66 20351
1587908400 91 58183
5477088 25 71867
33323513 39 40574
809567446 78 60924
2473981660 35 72783
1363064 5 15621
605388001 12 46698
3079452 29 28547
106065825 7 16314
707843 78 8609
16516163 22 26397
16674949 20 89157
1274030757 30 62011
442140 20 2057
1681926 69 4837
1994793332 9 66697
1625026 38 4901
2683305511 29 95318
3436530 69 31494
203375206 79 46504
346684301 9 36761
885554 7 8923
640309648 36 83224
1343694942 13 55977
302846 64 6712
18516833 31 13586
534297 84 2674
5949180 9 55212
383787232 67 38810
113130279 78 22952
935751241 62 57635
32862537 88 20674
92945502 72 46732
2702942 41 2842
785661321 46 65281
674933409 52 54018
1014624494 26 67622
278528950 56 72233
498967674 64 33176
176652 46 14029
237120818 35 56709
97139582 99 19607
494293036 89 46838
54172225 72 14935
1113590603 81 88513
2816732 21 2359
2619701772 96 94429
11281401 33 23330
415492950 51 41968
2831559539 29 80992
24938570 53 82301
140878710 29 97527
164832299 17 25407
28007477 29 30571
163703899 3 45845
303289258 56 79347
1330459052 54 72150
1023760975 81 48346
388227 38 5583
184860375 17 93485
2644638009 67 75585
1785461634 20 66358
132569330 71 43253
5243779 46 24145
2326476468 7 85535
183325030 45 38933
1012697488 8 73558
56887 8 1614
775861758 66 61692
39339583 81 20743
129289343 59 17232
4316493 13 36216
5129526 36 81816
8116279 67 62289
135211 54 840
33057006 14 62159
77464811 92 91059
15447232 5 45480
16167513 70 21511
106551888 68 26297
421871545 6 49399
385992 44 3344
1177435489 91 52111
1460111039 90 77938
15632119 5 43648
117499000 40 29021
178212324 3 60235
2728351 46 38830
764608347 11 48930
2381413564 52 90170
258103 93 11597
1332 7 7184
687145236 36 38276
3035043 94 2665
2643631991 2 96655
271830801 4 30352
548145451 89 54518
735819382 29 73822
3355538654 4 88045
43074675 35 11171
7497384 47 3791
548400664 44 46820
705688 57 2597
364717371 43 48445
1553029652 59 86205
143563379 25 44620
1009513795 97 45592
45008435 51 33537
27371780 29 58630
355467 41 8924
159872 2 4634
149157525 31 73819
8877584 85 6439
198327651 69 22125
144341452 26 25678
23646817 55 7293
126245162 95 36024
2656824 39 46471
352767165 50 88269
52608741 45 97801
2069105 4 17678
622046 38 12114
1074393500 30 60984
35936489 91 88504
1262796320 81 73465
121141440 51 38290
8153582 24 29619
688308 54 98521
995326621 3 53296
357004232 28 87601
19961773 81 61342
1593242802 87 69006
5924781 70 39240
1743915218 72 73365
2311233037 13 91983
298761 50 36602
8216341 20 24057
125651592 50 92132
675695982 2 57172
215041568 6 36191
88258683 45 53337
9587589 47 20084
207297140 63 45003
50286918 11 38378
27184995 92 37077
2011109749 61 99103
999870309 42 95481
211842 17 8454
196961451 4 81139
115344913 54 96504
278905508 94 63955
72320537 37 49537
13636364 23 20291
1526188581 25 60658
234113009 9 75779
2383714683 83 82702
6316209 68 4522
2441 10 574
556802 7 1503
844820847 69 93878
299362 63 21636
162666495 16 97387
19727 37 1892
293752339 50 40196
3207405 57 72379
1720040 73 5429
161889025 53 38304
373469941 6 31912
112191168 38 93439
98005163 37 89802
311339395 54 33797
95146712 64 84843
100842571 74 17626
33497632 48 30773
318876150 91 71501
14293582 28 52812
534298988 34 74745
454963081 41 44290
1163961222 65 77435
177506644 42 59840
435664261 99 36854
552874960 85 50998
84091586 71 26666
248971570 75 29690
589650501 82 38661
34351750 85 34858
94419109 80 57112
938532203 34 85941
103023223 88 34218
1993801959 10 65929
184814969 23 82415
3310834588 65 92939
155006 32 1592
809944697 39 64559
830600191 32 61277
1973153141 81 68655
23693324 86 7551
34896670 16 14929
608788285 10 46473
844358492 47 68627
2226670294 44 79243
485803582 89 69991
562464156 58 90471
2296291545 5 94589
6838261 1 11009
5615916 39 4450
27584797 51 14105
1458690599 89 91754
101401827 21 64916
509937295 91 46020
135288632 64 49741
3396565 27 3565
53471872 81 51261
50773911 26 15699
2480575864 82 85292
364815367 76 29046
333071488 48 76041
959058 24 1738
88496597 16 33174
2399173074 41 82160
10443 69 50717
267352556 100 44729
108896788 100 26645
4611668 44 29779
249273446 33 22266
1580553 30 57446
316470396 82 34888
36324911 47 42791
49074276 97 10054
1436969833 56 96268
1825406028 64 91454
130359460 51 57279
145130789 46 52153
307993554 76 35134
1138693457 73 52204
72821285 34 12293
746051354 44 83445
681028294 25 95095
15036760 40 30359
640255462 73 49383
245884 58 709
151109316 62 20343
775132908 99 57410
615158482 64 54582
33211853 18 32094
478134265 67 77495
1153614429 65 72001
490391726 61 77435
16778799 45 13064
1093142055 74 62279
1058044299 31 97578
153039964 62 68676
914017848 62 66046
190431772 63 68024
254407071 92 92123
941319602 47 67768
548687417 27 38094
314186110 69 36983
6305887 2 6049
1281027572 67 63113
124924074 10 20516
2164640200 26 78010
517424995 100 33294
4684974 38 13044
615530005 89 39890
2181334641 27 80688
309191169 17 62133
190912074 59 19520
215267476 12 73117
8236731 76 13798
3191721505 68 95375
259663820 11 35912
1168196085 26 54264
70686956 91 12712
11526455 84 7477
131915693 97 76098
30818779 18 9108
171165572 88 20427
1993050219 16 70042
178771801 78 96851
337602443 20 36005
134242021 11 26226
1754179575 25 64523
85624939 74 16338
20000144 70 19976
1482489302 64 64976
2638821020 71 96940
1480797097 64 82769
1469586323 49 64755
4316628900 66 94027
150322986 37 73154
892926 93 77657
762055846 38 46012
156976188 86 73945
2549593249 5 72876
5996190 5 16601
412565377 19 55333
164315691 46 20834
525280522 17 55559
3898253 59 12550
328089031 23 85630
142330243 50 65749
1119718 69 7098
783541 18 1368
4601298 42 33045
2851093850 27 89865
941948963 43 45756
2822617311 81 77117
87635623 54 17293
3670698 53 11020
65506410 72 50618
354955012 7 52770
470592850 59 99943
3350769814 78 87914
793671096 71 42652
16339943 82 11574
80197778 38 43753
27388995 8 12014
145747 86 2619
26266 23 291
129140785 14 58588
4409419257 49 96267
158696528 90 53847
391377412 100 50454
43719042 84 24551
1372545908 39 53202
62306227 2 13950
4523556848 65 99375
46818198 89 16511
1121750 10 41182
24278030 7 13477
199826 7 37092
2327600014 60 78657
221067577 97 24827
293954332 31 26327
242944414 94 73327
415035220 32 31829
760292218 52 80192
1210186991 80 78832
17579357 51 8455
40726964 81 44011
135074 96 7606
11041268 40 47498
75712587 99 19237
2313956384 20 93141
24010457 78 8945
581648393 45 48226
965004280 31 54827
669617717 62 38080
929160262 55 89297
42337994 7 30033
175998446 45 21851
370018197 57 60658
18119527 83 67152
247217639 72 26800
56429280 36 32696
913907197 36 89436
449751801 26 47899
221640068 12 46029
172752189 11 83100
240392080 5 23238
160504124 45 50632
370175835 36 28637
256904463 23 87906
69461042 93 80963
802930402 87 41120
255675 80 21259
247979524 15 62892
27965292 78 9368
2252706310 83 92017
3732368 13 5559
1005501778 37 71838
618060849 52 56300
84520158 10 53767
1248369471 11 66436
1569873627 7 68152
1806818 58 10208
2751421308 48 78413
531702778 48 47613
314554854 1 91357
43496 38 67336
2111266150 68 97496
2895923 1 26109
49576704 45 19281
1009392812 73 74717
6675186 36 8368
3552630 72 20173
2071361068 48 69447
2749531985 69 94723
5733782 44 35073
182348224 23 42860
354643201 24 80822
450983376 81 68208
337042020 70 42221
356566811 52 77543
50619554 53 24809
2118858963 88 86832
224761103 79 26175
14736470 25 10129
59730794 81 14846
1182924 80 55780
5230625 73 4682
12235271 94 41215
114323723 21 15534
7072037 98 8763
115130137 29 51295
245235541 51 84169
7523324 59 11046
16079871 21 24309
192441892 23 30950
97158085 14 29864
171799 82 1158
2223433 91 5768
2178376422 75 96549
266755467 5 63782
223903743 50 24342
893193505 73 81303
10339218 80 60331
134746568 99 27308
18222882 64 7523
41879566 24 21556
30320033 44 28807
2005999504 69 94758
4314076 67 4203
783172904 87 53605
423085669 96 32837
761080431 63 90662
626943562 90 69512
490521846 79 42692
741555754 75 40859
29547430 42 86884
18532691 43 79332
118639556 97 17876
148881465 5 17766
4210026192 7 95069
159390539 85 23504
2013060840 62 67282
59614061 20 47390
156827665 64 28257
442048 100 1081
216169 96 27769
140812926 82 49635
3170084511 89 87257
4292947111 94 99831
799556765 57 44997
333038 42 2720
1182296 44 1786
2162536734 33 79123
1011353844 31 57295
168656 94 3736
438744215 89 31833
193488388 48 34501
187444666 86 42313
2043694 98 46689
14161890 45 81009
57116251 58 18577
586323852 70 50694
105213678 28 30133
1579668740 6 89226
45301610 7 92706
20062018 32 12451
33242599 18 17744
783744903 52 41744
286883906 8 29887
63867414 68 34966
82308195 76 14119
143073740 2 19084
84054931 24 48658
75817278 14 99727
8338255 2 20265
46033285 10 16405
2696894961 84 94864
121015188 97 97335
4001690 72 12808
26610011 72 72076
98092010 51 60205
120494440 60 74739
876815910 82 89852
2534859407 17 95387
27502592 19 46263
13581 15 630
1917693 97 2296
5739557 66 31883
168962195 68 58276
317595659 40 95950
75950237 19 40315
2676183591 87 83802
209490377 75 66338
1058653881 20 51846
472643 97 34382
2887258183 78 95937
461613831 50 73000
22450469 50 16258
3766103 28 4493
152141192 60 21145
669666528 9 86766
200463120 21 37163
3350361543 20 86407
479956444 9 89497
128785159 35 20414
1373506784 36 67017
175896172 90 98393
529280332 12 62581
10061478 42 54837
661345585 21 45005
229642255 89 66015
129611458 23 99386
1761361482 43 85753
226328867 84 23784
36448735 99 9519
4830818 95 14525
66600722 19 12216
220373814 7 77233
39581554 27 21473
39424477 74 31794
2307310030 73 70476
429037218 41 82194
2443940553 57 96080
395840749 39 79045
3283015077 46 87769
498056980 18 64955
38344294 29 55125
60195363 6 90805
11036037 8 25108
38735935 61 98097
1139901856 98 64609
128772025 87 75386
161501661 83 95702
2581653087 46 94750
274067464 11 36501
13163990 9 31911
47610719 6 41433
103573640 69 19297
1579626768 31 83035
256274 97 1392
25227912 56 38202
412087263 56 75147
619069 85 20255
418731197 64 56274
383163 56 82202
2887629223 22 88871
1037765085 72 86395
196563377 45 34125
25568928 83 10425
337687689 12 75537
79303064 31 39625
20238349 46 83886
846532838 27 46701
708553595 79 39960
2975612 48 11204
15036063 96 8687
222300384 98 82187
21898330 62 13734
1756578280 37 87367
323236 39 5296
1733139550 38 90802
18586466 55 13180
167343807 81 19936
153432357 69 24798
478755083 48 91975
3974598761 76 95054
88262153 90 59167
2601978014 54 99650
110275 8 34640
697075331 23 44589
439111333 97 63950
5490432 80 24170
1145990452 17 50477
1142656844 78 50554
399284314 43 39078
2104928 82 59806
417334980 50 95144
165646443 23 20458
26216801 71 74341
1222345148 78 60112
90733071 3 21131
317481741 76 51784
2538696 89 4802
11205547 95 18401
106286471 29 61724
3574468690 33 95845
1332410590 89 88231
44251083 39 17825
295379757 2 34826
17383237 62 94630
113261626 42 75483
2650799712 6 98289
285252946 92 43830
523413260 85 73043
5721844 24 83817
3311939 9 23426
42024960 63 16490
1329827 55 5079
165356599 23 28778
2128810 79 55469
24262690 64 55831
2163792239 87 98399
103027456 76 63693
1013013144 44 87015
426502706 73 82439
1948138961 91 70198
387171037 33 31791
67638036 16 97791
24937414 14 59588
1111091493 75 50934
909387525 47 90189
11566470 1 13760
6366821 51 78261
42169284 98 22334
113311492 96 61777
2438082982 87 78227
38779764 68 22359
33297970 95 11217
724627150 27 44136
184063617 96 51139
1336437593 52 67510
268300499 16 81060
170130295 87 22228
122562728 64 62203
2058754684 22 98098
1935447 29 4282
598818215 47 42175
4562555 51 26412
3168405253 63 94595
448692619 49 43732
12939438 39 43466
98505576 49 32381
1337637649 77 84141
2043199833 8 94732
48283358 62 17516
46447234 12 11006
576285210 32 55100
3570686310 56 90487
260366314 93 33962
2560487208 62 73229
14254928 37 16784
126147699 19 21835
238993819 5 78077
185335662 2 24833
913509416 89 61591
46018059 48 97652
17289848 22 8881
3793394882 93 91783
4717625 15 32000
29508599 75 56506
82970849 50 90124
461143571 9 34827
42582787 70 10381
26147820 49 8228
2218445725 28 70309
2265719277 51 70943
1496437793 27 73556
37471147 11 40540
89019692 93 66814
4225661 82 4822
17699 77 12827
998238533 88 62026
378096444 68 47248
850622006 72 44082
382498552 75 58148
63241976 87 59773
157635562 79 36061
42623425 80 20933
9938 78 2427
3231256 67 41989
177058318 7 71530
218441307 43 83005
309270 50 26887
46184294 74 30600
21600587 25 7652
1017288510 66 90658
152565228 97 18120
104868810 21 41384
219554009 14 33905
239801281 11 29736
2021664011 77 98487
918891155 28 64053
11617624 91 29711
408498866 72 56522
3313687399 21 92457
594918 42 78839
593775 28 1453
438325828 89 48275
44973811 15 75575
189926843 70 21684
6901177 76 58518
66136676 95 41905
518860551 4 83552
1908977336 2 74595
65218869 66 55176
722353112 57 49301
1076069519 95 88019
17683714 66 6487
2030532240 98 75658
131431053 35 17495
1366315 41 29725
803768965 63 80243
1961404 8 4015
20503272 38 48919
144779659 6 39762
78177287 99 13082
52145786 72 52120
298402798 94 87307
6217 65 673
102081120 45 74781
2245945281 4 76478
155699688 41 62145
921958130 90 54649
202279 44 1710
1148912 70 65472
2742744433 17 94459
2245292832 85 98679
733397 75 3368
86255700 28 66025
399040859 41 81262
4761943 79 10398
529876 37 12235
28194015 68 49338
588242666 98 35610
4081899865 89 96055
2465461520 89 75475
639037422 17 36638
641475669 67 60534
48199406 45 10436
2642240894 21 94660
366884235 18 40615
786743942 27 67850
233164562 97 83403
459932766 88 44303
323746938 76 85241
359885400 78 61183
44666733 55 49149
801017530 63 57214
237544163 78 50979
140519 55 482
286798754 42 54507
120669 5 12946
360032807 2 96735
553414285 57 74774
1 35 41
1766332534 89 70248
39905427 95 63336
221719246 47 24032
180722381 70 36708
161287201 9 30303
24168041 47 99132
1111801923 13 63129
73811029 40 57821
1953732026 55 71677
168749295 73 56159
71045461 91 39613
28289869 89 14624
322446853 3 41194
992536531 59 89355
255531585 77 84316
1368644731 44 66359
2981469058 85 81470
707076271 57 61228
107095186 41 15973
49994162 86 10990
21352124 68 54179
254559847 31 41066
115257982 25 42099
286898767 18 65370
3676930603 3 99813
289241845 12 72528
2361212442 94 92055
72198214 59 29449
19552156 77 13901
48568114 44 10297
74753450 75 14712
1204137 19 8545
1468019480 24 87948
884864393 21 42367
12617740 56 27510
511670331 69 77783
1066425069 49 75378
914099238 73 81313
137368209 56 22669
446828503 99 54698
778384386 25 89222
247601099 18 59682
982382882 96 70739
20762349 79 8340
220478756 13 83107
49593667 60 74169
229823562 90 31174
516712191 80 49609
2168923585 63 67550
134549959 88 18670
1200442868 17 87847
26340199 46 68688
866840467 79 49787
249720405 22 43530
1469616817 71 66081
1254726 62 98771
2711480697 69 82898
23230746 39 7765
11653964 91 45724
3840638858 98 88234
257528 16 12610
121446791 77 64032
755153599 90 69927
15984462 65 19931
120123273 12 54895
252452786 37 59271
1103053 37 7075
100521991 60 22893
282511368 71 39775
242591054 69 24471
3057791382 14 80803
1694001312 16 59872
276115084 13 34186
344622838 96 33244
93105491 99 60917
3902704 30 28158
1899705023 51 92735
8968965 42 16073
533662391 61 44803
2342590 4 2452
32640518 84 9863
727526 54 51970
701789352 74 80557
8022601 15 29346
896721701 6 53349
48099493 4 19450
1509201220 70 97695
1190832602 61 65713
46376224 6 85493
472244743 1 64683
8622621 83 16166
1523279 20 7708
155122340 6 70422
612158126 76 88298
1777884349 23 92701
3064991692 100 81391
145652019 34 61425
1294781692 63 62733
250227487 6 34402
1187914573 41 72775
491646023 55 49147
221775855 60 21815
942582181 21 54836
28580411 1 62407
1421311761 24 83190
83101 37 2987
77897915 26 32713
450355645 81 95094
6585711 48 19297
1903290010 20 82386
487094270 80 32259
53903869 39 12303
459129982 9 39456
990516783 5 88452
983386409 32 87734
43812562 7 71402
13031 2 245
1587775 27 45511
846987 76 6033
126406076 26 40116
1252188991 78 56352
6638312 74 9631
22340325 63 53508
1504595784 66 67636
386871 38 1993
623932224 26 57897
326659668 25 79258
97867628 20 58708
38342696 39 18404
1497381623 84 82110
34643674 94 85865
1374428075 76 67415
121957407 64 33334
220532 19 50433
989359286 38 84199
105090086 92 15938
30326541 11 21484
367388905 83 33967
439923178 69 55467
3715767 21 69416
181713938 52 42882
48567483 87 25486
6277911 94 16381
32235169 76 14684
43084731 12 19203
224165813 81 46089
24951296 80 45448
1620803646 72 83778
13439882 69 12390
13831133 23 17295
553686915 97 62330
336104723 42 78146
871219043 91 59061
1163181178 5 65111
92325596 100 22529
36788726 18 83488
64437631 82 18816
273659746 23 54333
205938323 66 27089
333435778 79 72215
1132552644 82 70576
79876230 73 50865
631230859 68 41220
104931840 89 95968
2101865535 70 87858
909323586 24 61325
198988519 72 79965
1320439 38 24030
2323939116 30 88794
138375995 51 60704
3061527 68 4138
16211628 71 55279
617908 72 32371
83944561 19 36909
571513136 60 48142
57813157 69 91141
453883894 36 69922
3056 76 1884
25750588 17 12894
95009899 2 67840
173410263 53 41214
37439267 76 42698
1047334454 47 77793
34684610 7 33371
1489225146 1 61571
1731154181 31 81416
374713644 55 87765
799760879 85 60092
3118627 17 73208
1252668868 48 74073
2272234 61 16535
155720070 6 63298
2581604831 24 87576
82961047 33 25818
1293914248 44 95616
1408 49 8839
30589109 70 7996
3775766 73 78003
422360943 39 84837
123496149 7 50574
21619181 4 18664
15329357 19 7190
2309998756 97 96600
30327272 25 46349
7347379 83 18605
443793577 100 95933
190851400 23 33563
151242280 62 83602
663247889 30 64791
296832633 19 40533
4004 6 1365
2654529922 30 77015
141442 6 3118
2440367513 44 94652
860231858 17 78194
13670043 39 10762
613798175 100 59989
16467675 45 8048
431155399 45 62700
3158820311 29 92641
76046917 8 36223
6651813 22 99978
10431192 21 36173
1011411 69 14331
1187109166 11 82155
397458 64 12513
29315917 52 13138
4742279134 41 99481
132286332 6 77375
292727654 54 88037
1184209860 57 93491
289417247 23 93060
55438825 49 15418
152948573 58 18415
271844780 20 37248
364699936 66 37200
3279428226 23 81284
338360625 40 68964
85995853 20 13450
66799189 45 38726
1434688108 51 81625
1282532 93 89985
72786 21 458
2397863 96 15490
79315081 94 62519
3383987817 27 88763
183022 3 7408
385932902 37 27962
157052758 2 27293
223318324 63 28780
4528491856 36 98621
430630163 68 59518
112982263 34 29886
77017680 70 87898
739649 70 7422
1469341107 69 64237
61178023 88 79425
184709914 81 21268
927447540 36 82028
1689179 30 2821
41939052 44 49397
1140528498 11 66027
296291740 80 37001
323459502 24 49267
37653118 67 44746
19059235 62 13402
28376736 67 22120
11273832 87 90532
972991235 28 79922
1498494 40 20466
8560258 13 14099
5096955 58 3427
3698072 84 6173
3114623285 38 81948
934629 49 2655
60699418 78 31162
100327097 14 15955
7235331 63 72628
72383442 98 29739
3297466180 56 86711
2005681734 40 95449
18144 50 99197
1501619406 2 97656
91561923 30 84103
588495867 56 53975
565675642 47 44223
361266269 50 63022
1983377358 21 64542
3877804347 11 90251
874669907 25 86488
111356270 59 34830
3223981360 60 83609
571013741 48 79508
45151404 39 55088
1082413026 68 58578
1825333530 87 70024
633538679 60 86820
148233120 54 91973
140238958 6 19211
120445689 81 83182
47892477 59 25305
220780571 78 29995
2164704 65 3383
969590 86 3561
2199294792 40 69422
99295009 65 33918
60670245 2 59269
2347269010 21 87903
414147447 5 84393
16835648 54 7433
86169801 44 29186
175572948 63 40951
665890133 55 59246
999692 68 41527
1978161179 11 96779
402749874 6 84092
301978580 95 34038
2632974874 53 81476
679665284 30 61383
15431822 43 7426
133974288 21 73407
8115140 58 25903
1469030997 7 89926
225669 78 41235
114377472 95 59340
1451832931 64 89347
3588269769 38 95826
1237135384 98 80559
1801118 33 2882
15453572 36 71525
3156206316 87 82970
737171879 16 70998
3945845112 11 93259
166854630 90 23295
137771965 87 64624
94158103 84 94101
115845672 19 39666
488355738 79 64982
73720962 47 12843
229149718 74 67407
798546789 35 66902
3337557 97 8564
1139248039 79 77824
9581763 93 4772
78685452 83 49375
5338848 99 57779
431982144 24 57525
4760662 28 4021
723992582 99 95408
467746892 56 77880
999872558 46 64559
1144234016 71 72222
46925898 20 25042
89446899 67 53457
371521801 47 48254
840496597 34 98241
33367031 76 37220
24744937 66 11475
1405044 94 21609
93681613 99 26487
2035558485 31 99034
293888416 45 67814
13270444 74 27775
772170247 94 64886
1459369596 51 60553
35132420 61 10787
270458757 5 36405
205978655 2 59493
2749315 21 12462
46372 74 94986
255734133 30 75400
300431450 18 71682
113576045 87 62618
1 81 13918
310105736 76 26675
71563023 99 73498
3077431645 21 79176
2193256745 21 66846
149660603 68 68088
83936 10 1329
177584671 33 96500
20512315 14 90606
970780130 94 66491
44938922 64 11123
60606533 48 88947
404700896 87 40282
502637476 67 34997
341286113 34 46713
2166667223 67 69739
148729906 6 17186
125288643 87 32989
442355812 72 62926
126776172 84 61636
1013380703 6 52279
391851426 15 61928
3575861 29 21244
707568 2 47139
426989978 82 43518
351617545 23 59296
23784325 51 10901
1725592960 16 78449
15167149 43 49955
650537 53 18038
229544039 58 34051
2513544415 94 85374
1139045441 91 64074
2201226854 47 83183
444188 68 81817
168637893 67 54896
199386931 88 62008
2096417639 81 89271
761321628 94 47670
378534234 93 33046
13841440 64 7816
720326647 1 58922
177921036 11 30505
699820374 13 39621
299217 15 23013
321018212 37 45518
1429530489 60 74962
83705766 31 47862
12465096 51 43577
278267457 34 43576
90237497 7 18865
1138697645 36 75904
58925063 87 17112
14284689 76 11244
817946620 77 41855
97037936 74 26167
14082629 13 10050
577986597 52 55249
2185128349 38 95111
66893291 7 62927
1138666 51 12711
2084105374 89 68584
2390185923 84 94527
1065789 59 53570
65947916 14 12214
171385265 33 82858
354813257 73 33420
145701771 65 18654
179327327 7 26004
415993106 68 49213
5873996 63 36960
82144836 44 44216
7350860 100 5681
79475239 91 22987
574148338 46 96879
190101738 19 75045
2226778112 15 74012
89028750 64 62557
782267136 33 41894
2254187424 66 95416
6578577 69 18635
78381466 69 12631
27254189 93 16199
365308550 28 48299
349284202 6 44984
1565638242 8 78627
185764352 46 42553
179695672 96 21161
3366566108 58 98371
1762700703 83 72871
1351846071 24 72316
42756487 2 22380
14118148 47 94696
2220344176 81 70438
53698 88 2111
176963971 43 41178
1505781017 17 54981
1228590780 42 54037
1360400410 7 67820
13923478 13 42118
1159933904 85 59427
344012990 99 30435
271297600 63 71913
1 46 1330
876998566 97 47401
107134113 1 24892
617535360 8 64243
41946974 31 37219
1 68 24440
58076 27 21278
2197725653 49 67261
78808 92 2385
1295194593 25 67306
9826155 2 13793
36348208 30 16262
3605928256 36 95704
908515570 71 97145
736538499 38 45023
618861067 72 99124
1262019180 12 73944
56653069 60 97991
142365574 13 51587
388451999 34 35872
70911159 3 80656
12328989 54 49357
308345481 85 72523
92732216 94 82713
1068554849 73 93058
49187419 31 15485
2441455 87 3761
27094430 70 31877
10070674 64 34210
492034 91 32642
264077971 29 69169
1300958093 56 96474
27699554 56 35760
531584777 30 40576
254397435 38 34401
3033278540 65 91843
1168869088 74 59867
192570336 55 64775
449594827 17 63822
4037879118 1 91317
95894166 12 20961
431494407 20 33960
1442484560 37 60282
3486077 42 3890
173729077 21 40331
122234026 91 73705
2299062392 51 95062
477280020 7 95464
806180425 83 80463
66099933 48 14205
29443194 50 96604
3422934064 30 92849
14457 18 22603
192541249 15 44273
387729890 59 55783
1344584088 9 83001
11567790 43 36984
2062254538 32 66102
206515974 37 37510
2917800812 77 94133
301130444 39 30979
145200 17 6336
518651 32 16941
52687721 95 20636
7086723 77 11686
61720064 47 18970
952927048 52 76877
775761684 95 57781
17012328 92 10953
240485367 51 53998
565473296 46 49139
2090959906 92 70128
325593457 2 49885
77116016 82 41863
359603757 14 39373
196637916 67 52660
216603317 56 54729
736033186 86 77887
124639 99 4150
277296354 96 32330
40380053 8 59848
413668272 7 72352
1683121334 41 70166
2264551326 6 89401
562381011 99 67193
32135555 56 73776
2330861528 14 80990
2258798 27 6250
183379 20 90874
80351473 95 80861
132407236 56 87256
21925 42 51453
2436218 9 2401
354474 1 61486
2954955488 49 93042
594069782 96 65357
181631644 66 67455
1088516446 36 49770
1410678170 61 65021
4604904 3 84937
4799759745 22 98603
996532493 22 56358
1505910 64 5895
325852995 61 35557
1294916309 17 91581
3025267 19 75557
132262075 38 31989
6343407 34 11749
1475436512 84 79161
42993035 13 32685
2458861937 43 70222
3012976501 38 90141
1309357822 57 73688
687642550 56 79550
1076590852 22 58015
1644032254 46 60187
43772476 70 30854
881183 7 44252
15204415 58 6008
493743019 33 90525
8361565 64 4291
135294188 18 52054
5375319 95 6309
3367980689 46 82426
1693752931 23 76044
763819859 36 63981
166778098 20 45008
1641254109 36 82541
11234652 51 64820
1027324167 57 67527
294 57 10720
1666218037 14 92014
4291410231 32 96188
526129122 16 39244
74613536 44 40034
131080285 81 20075
19143 85 614
862102201 96 71748
4342616 43 51748
432494617 67 35490
8713703 88 5524
312190954 70 43482
32661701 71 21100
301054373 13 48784
108153618 25 77622
156882680 30 73666
552084677 31 54813
62040139 67 14632
57717175 56 12351
79287316 47 40301
47402770 72 42940
555586757 58 61986
355659423 99 55257
5459320 40 8552
1445904 77 80067
357756698 21 48285
1320739877 42 68870
192 20 251
1529421295 92 88530
1590050819 42 64954
951999 17 9515
16489639 7 67103
1064105063 47 62548
2189834379 58 99771
451803 60 29015
360894622 46 38836
186913990 67 42041
4896793 46 21831
1356634 93 1663
160210012 32 75198
240517639 60 57255
1649942275 5 84437
54432189 67 12803
528138296 19 47588
2066269035 9 68714
264869223 1 70519
170304266 88 72604
275520466 19 81595
146372890 16 58943
2485131950 62 97535
24489506 17 54574
2415985645 83 89531
1177367 75 4994
101172979 83 19886
825645798 54 42055
13917889 76 52950
41474909 73 29696
844336 89 3496
1803528745 9 96045
393010 14 66908
585891 26 6843
62652199 66 33150
191782915 69 28782
1098020659 69 85101
177554812 82 72658
9419091 16 41276
244098321 53 55320
482607030 12 60047
866694560 75 54867
83253656 62 15214
11220449 25 59901
9712779 1 99533
1566822208 97 56079
55807389 27 19326
536159240 65 97243
2489485 20 99084
1804623394 45 68529
1065197 98 5715
997744603 22 45083
2179397348 98 68874
9994633 53 46453
651149250 14 66143
8375021 76 26403
535856167 64 66530
17333758 45 11367
17426424 19 52607
1288507746 50 72450
1363345232 89 81568
1401356 85 72644
2016631124 15 63632
1622443677 65 65531
599068801 35 42160
26997806 92 33819
1127065073 34 66011
118212 49 86640
299601775 37 86784
530677788 56 79480
241111549 93 63533
27697485 99 8722
2334822674 74 88140
5401548 52 32363
53488 50 11956
195608245 43 42490
271964631 80 32243
29741552 49 86569
3668394308 75 95318
15543610 22 27669
1035632963 34 98751
649561440 83 43274
743616008 11 48782
1269215 13 2400
939284841 43 53485
37945346 18 66467
237837320 35 44234
10415389 53 10610
111729371 29 35009
594159619 13 54617
14358758 67 28485
259364856 44 56839
14672453 80 73399
36639472 58 61347
200387234 72 36652
3635819721 27 91952
2481281526 37 72264
255026701 25 94605
250198 15 2133
2514640 68 3138
559834397 14 60314
60511377 98 17304
403029 39 79177
184369246 82 20061
1120511367 84 53843
134670150 4 40177
768426615 21 42688
139936653 73 26504
416525906 67 68748
532157791 44 71596
16771229 92 8911
1423622 86 11066
314622198 90 28703
157934865 99 19993
164291 89 737
1615790344 84 80736
936320945 18 54264
153597621 21 26796
29933227 17 31297
74801875 86 59010
193133553 12 60850
1916091125 32 70367
93625124 45 26525
1952250 20 6234
2114894930 63 75218
159024 95 2326
135774160 49 73892
10152292 19 36885
73546452 73 77520
571223329 8 75983
24325013 98 13869
711309 54 31506
1400334106 90 54936
92222973 91 38355
319587618 71 61916
1540765 5 2076
134842805 87 57431
6588376 82 44035
129805274 41 20202
33386036 90 8302
770189 16 13863
14403 65 38160
273706041 26 71601
925126263 54 48249
6118947 14 14825
422940561 12 80198
138732735 26 23214
109941412 19 39643
1 62 958
35388501 8 16039
120500273 49 72335
236296548 53 42789
2121461664 35 66664
275180305 36 62164
44573249 34 83063
28276614 98 32009
853956067 39 99524
702805 57 16374
13667645 88 39233
155098977 79 55524
189964149 27 36128
106474904 24 68207
842306932 100 52076
136893799 26 54339
177425431 42 51532
121196204 38 16978
11814116 23 24175
234906759 43 51683
129490257 99 59917
4342623 21 10284
231887183 67 65318
2350775 50 12648
31000801 81 53402
33721339 57 44278
33256137 28 29312
371620306 98 35514
56820790 81 11892
63371408 14 59423
119293642 53 20095
1922656109 31 70940
1 85 2896
247399892 40 94788
94729545 67 41009
237413967 55 25854
500844445 14 53358
53248238 60 36629
318425962 97 91152
2255489863 20 90934
702026525 76 92916
263608981 83 47060
3026675918 22 88068
3848175 98 7878
1909675 23 27934
317562622 51 57377
373338831 96 48663
724357890 61 39620
500220079 57 56557
2980122 89 21580
47413812 60 38482
9102878 67 38322
2762478770 31 74570
460622687 89 35801
1534884494 15 99254
2285621632 47 85444
120464961 63 16737
1699354 55 35340
12519358 14 78995
899834197 81 52483
229570575 15 73589
440056180 95 60369
11907735 59 97547
367033070 20 81416
3101669221 63 89657
458873499 57 74987
68176332 31 71433
1646770 25 39043
4117783422 32 98623
265525180 80 39415
47837204 75 90617
52330697 94 11403
31859156 29 20884
27119710 7 9011
903078114 55 70637
998623317 62 94335
79237862 67 72264
1373322 94 6207
134060942 92 65631
30707962 24 41760
1613366186 27 84622
1007889 15 15427
426374806 66 93190
538175082 70 44026
1168106805 89 70339
41953310 93 55833
462282818 29 61993
34960733 62 41078
130903462 96 61012
1043157495 89 70946
2671887 94 59088
336325115 46 42947
8005361 53 26221
575390815 86 35881
215476202 63 68533
150011114 45 50005
93336 52 2751
3214765897 25 97178
433632630 93 52183
3198653491 77 87690
419193910 90 75107
17130764 43 60465
28012971 32 7415
77558794 58 91330
12025212 8 7367
63726828 66 33193
1428925 28 92380
8443024 90 8249
22793467 68 16485
9107772 24 11213
126191 79 24772
128408970 23 52745
2716302660 76 82848
459517178 3 44147
1649350567 37 73933
489892806 26 61048
14755528 74 74928
1967304096 9 93416
578748869 66 45471
3155983511 77 85074
1801639040 21 65413
42155360 89 20619
439718 44 40075
869320522 38 93414
200345347 30 32897
484670 44 43751
1819439550 53 68339
478102220 68 99243
146934484 57 58945
1033342050 73 87383
14148158 91 69322
57441001 36 87145
1415435164 21 95961
447650908 12 39938
603664539 45 50322
1503686 31 78729
56952133 96 29738
3103825672 75 91807
478065605 66 54218
8687880 22 18158
2427091585 24 72565
721761610 52 56331
1209301033 20 88719
187134687 25 47122
1045653924 26 79001
365245858 15 52743
1564418 15 23321
21637607 41 45123
13741098 95 7866
5021 74 794
32629 78 10375
8413255 85 19860
1749844086 28 72557
51449537 88 60344
104212595 91 78076
264976922 55 40619
155158 71 8091
7079821 67 46297
1316198 8 1575
179316399 7 19658
1644 14 28
110085519 19 34675
1265803 93 15425
1519846648 92 76470
3270432902 41 97284
1370169798 4 65655
1178730135 32 74391
552732361 5 66243
562581636 84 92954
3041729622 85 93118
3034538105 74 85092
939529 88 66243
426945 32 2024
188432075 55 19914
2618114652 78 86640
31055171 38 11716
82483341 73 35543
571475675 70 72893
280878068 4 76853
1139932 39 16847
74865745 28 16731
884628582 10 83112
313940996 60 27841
27660492 66 74589
164945620 52 28349
487645 25 8577
1840058209 73 98999
89717949 84 19101
2244760 32 40984
118518606 97 59591
2121787326 70 83598
686980395 3 62191
90776380 46 29906
443824831 24 59083
72974953 88 15974
3049446001 16 81789
2692043512 32 82584
221712117 98 31847
1429685 63 39784
43095554 48 9917
438779307 59 32973
284523 6 1667
17501 95 5329
580242614 69 45549
30168552 73 68236
570469029 57 94595
1105378427 77 50529
186500 60 54247
14843751 80 24348
35608 55 22747
143364022 94 48474
11543780 38 21199
30497801 73 17186
6042491 97 17430
77344634 46 25120
22861818 79 58955
1773512528 19 86502
1078017886 60 92353
2099297730 50 75682
734310305 11 49659
921249 15 12273
391477 100 4923
4599685 31 8471
490946670 46 73067
1497763786 1 90414
65724843 61 18147
3187515 53 81583
295203378 13 25840
984507914 98 80480
280191541 50 97520
1606853322 83 58357
327532991 29 91994
455046923 82 33782
1608444 98 73105
111399445 28 72201
781709770 99 65532
116153 60 13957
176322397 25 47711
63882488 15 49470
140532320 3 32957
376785275 43 35339
947598939 53 72253
13985471 3 50110
1222846 77 3152
92112727 63 91175
438436583 96 43902
78723 10 1055
2694374509 72 73618
1093931842 80 81891
569416824 65 45371
2504824601 89 71160
321622161 99 54508
392347298 18 60587
123015426 68 86925
324503407 47 58956
980981306 18 53500
1394267 68 53704
2138481 75 3706
3148389953 14 95991
609730049 43 48727
3080318902 92 92971
134769357 97 49024
175973921 81 37098
1013383337 71 95257
2497985616 30 91213
2175471 97 27021
1745310845 56 74942
280275649 10 56488
103980049 2 50098
124967833 60 45376
4296373 51 39401
444 69 25443
9232243 7 20884
185760455 19 32850
4108042211 10 99601
255666000 40 87793
3516954657 74 87598
645483623 5 48183
1616262479 61 65615
481888667 47 80842
498266039 86 62556
1282965107 16 74816
66799088 19 15834
199488108 97 61009
2052730979 9 85414
326442413 46 52304
342284873 93 43273
65095883 28 55656
381385126 68 43020
108274794 64 19251
672707548 34 56164
255211966 7 53835
124408661 29 19295
16599989 57 66428
123044601 22 20148
275797760 22 35192
162675518 29 32811
216023603 40 25592
348135066 26 27173
415301465 29 78487
150184534 6 66826
20279703 5 6915
1068693088 79 87176
2916219 24 2541
6763755 66 31389
14673626 97 64406
47426327 74 21998
1598226003 53 84132
2179089841 62 75779
399012 73 47069
106100013 9 45199
1016084750 91 49923
1184150478 33 53271
316081109 79 71483
1715258532 50 77936
157195126 82 92447
129343975 51 31745
1677354462 36 66506
10438331 72 51455
659597350 43 46483
761547486 27 48654
1796889537 38 60557
427780776 65 29253
230182058 28 36175
39965400 62 56112
400642900 10 37185
2279208759 23 91596
483878393 7 32206
45304281 12 36504
1357859957 85 98052
49625787 19 82653
2154176 73 91117
2026493171 12 96989
33880395 9 45106
810637619 74 54187
8311946 17 37836
3623289344 9 94404
2883948990 88 84677
212721424 41 58731
94825794 72 15678
1362602 74 18228
154233461 77 88590
1177216236 52 73748
3464567033 48 89359
13831511 39 89165
80644245 23 18152
2427956 48 9137
545325733 8 89474
190458864 43 37750
51045849 55 11494
611776540 15 42097
295975248 82 70180
1047242 69 42954
12035638 39 73061
20647907 45 7194
4007958112 5 94229
21928084 41 79800
411340551 97 33365
33619 21 21398
22574228 88 22541
20203317 16 64318
429277138 56 62836
671202443 11 55385
78645917 27 24735
78735 13 679
315792903 3 53931
72569153 5 18929
197426209 14 51536
327304105 90 95820
44029022 99 42252
6961959 78 63187
452021961 41 30989
928438018 35 69358
16088625 4 18816
126102985 97 15916
61225 11 2135
1323459263 44 64098
34110622 98 20805
522193723 58 48711
30358989 88 26772
20650595 41 8956
285432122 4 79553
3305939011 58 83482
36273834 49 36373
795994695 29 47758
294805446 73 39156
7065662 70 11009
1628222257 72 84561
24227988 11 62688
172493930 43 27449
1864412574 26 64728
184729489 79 74660
6500614 16 28802
487654044 23 46973
82069071 46 98584
100206 56 4196
744075943 10 81213
104093145 60 67348
17032311 92 48215
77367572 82 24649
66262024 13 26715
9758689 96 41385
15400333 25 44715
1950318174 25 83703
1497553723 91 91606
34807703 94 23167
17439247 7 50601
4345586 55 6379
15348693 44 79564
2193948 37 41898
170162 52 2465
1805083277 44 90447
345906226 68 30658
655492132 96 48577
3425532 73 8281
977056628 88 86539
2008626536 78 64758
88039999 32 26858
1 93 1851
43664529 89 31479
1617436159 78 69456
18189331 48 63375
12628404 50 68762
2684 89 18381
639428234 45 37973
398645906 100 30758
1630314569 6 60420
358402464 98 33929
11079501 41 8122
42563 31 40579
298336108 73 29626
121640646 37 45138
2617745 35 57757
2690908565 62 88850
7191217 63 25402
127253351 26 47214
24972731 3 9846
216922088 4 77377
249645650 48 58750
27009633 86 16982
7107975 40 7522
95788219 73 27208
57037218 2 11825
118736 29 10958
1629481271 8 63012
1640599 97 7754
104188480 52 68648
188546851 40 32836
35416759 80 60522
410550080 41 87361
4583103024 57 98808
286362122 65 36044
257993103 68 43155
7276743 72 77725
112031500 69 24097
2194334 11 8101
296198605 5 99568
272980 2 60186
1462888095 95 54921
2247994365 38 71587
1873106 18 9804
155205139 83 45244
98996060 19 24639
2458346 4 18873
122333088 12 39633
226078059 59 31062
109819490 2 14950
92541694 70 81943
17809765 99 59720
505468518 49 87946
613315254 93 77088
1222370175 4 73091
559344 34 27117
2994101684 71 85027
503518746 80 86593
39137011 15 10050
2451825027 81 71850
28523434 22 33510
2349223603 25 94930
12826905 4 18727
1704308622 66 73934
39349030 46 38922
22347824 98 50775
1916463428 4 70945
2251 67 741
2557181251 20 88640
1154851816 29 73763
1652448869 90 70608
572739557 76 47350
23627339 81 23716
1878420007 43 75696
1007632933 42 67069
1839436763 66 90409
1058490426 71 72311
21961306 82 9413
41054325 58 12653
2328193276 15 72899
1291467767 96 62489
138639204 28 62059
124420861 1 38232
8602893 76 4130
3034487 70 8059
1048487841 4 87768
1060998285 2 45993
1747705546 61 68094
3227431 71 36965
294089774 21 63456
60453593 34 81978
449655018 23 35198
166252 49 78693
2678152076 4 90476
566218301 69 58581
2906155204 2 76319
668216203 15 96188
1542685768 80 63533
31209031 3 15932
40158345 50 14423
6589728 65 23598
620609497 59 58682
750674290 10 90810
73976006 78 83401
233024001 67 22291
271674099 94 35904
120203414 8 22479
135431059 27 25906
33658904 92 17022
2227334956 72 96244
52222873 30 43941
163502481 63 61938
289882340 17 71316
3625023775 99 98143
36065016 70 92502
51676784 95 77398
2230190214 52 80130
1779476060 85 62606
760607722 7 39151
143200558 45 22531
22657888 91 74638
96046467 92 52347
124723951 21 40261
100222462 5 16504
849140055 59 68746
31288253 32 8929
1041690049 29 96556
155010 27 692
70429202 76 39220
149211599 80 67757
186891200 14 62845
733097210 89 77541
23169369 1 25024
1467279433 31 81486
1157372 7 1851
22814760 59 72385
248314332 20 38120
106859644 31 24177
740180339 11 72048
7965029 81 9872
4066 83 15822
451448310 19 41790
1058184981 68 87100
3024085942 27 84815
8066628 7 9668
11751138 65 33984
714352396 41 67951
32600608 44 29059
12116820 90 5567
20289390 15 51356
3908839741 8 95889
169612121 69 40252
2499307 1 2941
1829044 79 37759
64731321 62 27089
1109990226 9 48602
393468239 30 56665
19846829 60 10961
1410805561 64 84646
2925811 81 2807
768650658 49 47971
187806830 50 82952
87475760 78 86549
525974294 76 99933
65576349 56 55492
335880292 27 51718
2293520631 39 92613
1383733 68 19431
5300779 25 3764
1470728 61 2349
13521 48 4662
40677743 84 17434
1598644534 50 59476
4224087 44 27128
141009572 48 40733
856821337 5 80144
1733000543 96 92090
299313359 50 89348
98753226 71 16704
1329557 15 13340
415812323 19 31742
1497328446 16 65655
5073944 69 14488
418315651 86 61391
60065615 77 30217
2341917065 83 71988
481529460 43 76500
2668209963 92 96189
2045290434 2 87814
22741855 68 21801
2940152416 45 82962
1047767 58 10801
773805426 10 60645
2764625 47 7961
1217817999 84 90881
287417728 27 66889
208251335 56 39636
262791635 32 44611
486109441 88 51822
4415728388 8 95746
2396157896 35 80962
893153412 22 69762
2505820 55 14055
259586199 99 30286
33687928 85 31692
3972016 89 9908
362513509 4 45434
66786911 59 55952
77584855 66 19242
120084367 1 88765
719770003 87 75112
114964185 82 75503
306681371 15 79810
999365 4 2599
225091135 71 42039
2090954604 83 71783
346554572 35 76470
1238470289 78 81014
702128712 44 50047
17403680 27 15136
78247645 75 15955
683610375 84 63781
87755419 11 40923
110871815 14 18946
928266 75 14496
85195780 16 44391
215428668 95 35634
122460347 97 22199
2047529744 19 78223
53536280 38 17549
9534608 71 4640
141264092 21 23415
18853180 38 25182
12101 74 3976
1301160425 30 69635
1386167780 50 72851
19252211 70 36280
35423848 44 41886
1535342 83 3888
825422183 49 75998
620490492 100 72358
776116215 28 83508
192900877 23 37163
991177 74 13689
219674810 4 25070
342642550 68 97768
22348856 15 38753
30842543 61 11671
2447718571 55 83228
196805660 82 45921
346560591 38 50118
45579798 79 86263
224297807 64 76362
3285229106 44 98693
303638640 64 80402
856164347 23 42908
308807669 32 81410
884463952 81 94177
4322702 38 10430
313913 97 15599
2534176 78 2446
496609027 38 33452
230066 35 14544
1340236382 68 70276
82024716 55 22411
3334197150 17 83237
278976405 77 31466
11552615 98 8043
8623475 25 26944
20622949 48 6416
246229896 15 87316
1712006800 57 64600
80132570 11 35023
1920470793 30 92280
491777232 83 36673
27266287 98 71808
10071303 53 43770
82641796 48 77541
649970819 46 67820
203761160 3 61582
753804516 68 38945
2386170173 54 86295
930151759 55 92551
829122248 34 68093
1004854318 95 51621
129866024 58 52501
145868374 27 97571
257421898 41 77610
3486189 72 42302
464994069 39 49102
1273438700 66 50702
485249551 35 80297
12335 85 1065
137978798 44 88702
501575350 46 59871
28771410 52 12547
568833514 81 39104
785208142 26 44638
101406022 8 83243
85867550 57 60253
14045920 93 13279
466633713 95 75463
280569 53 25929
592421485 33 43174
1927888318 60 65387
60936063 39 35120
7326565 11 23424
662393347 93 98766
21203437 91 95588
7225714 50 14032
939565 27 17129
568545366 69 69886
37109474 79 29199
192316367 97 39905
4510240338 31 97864
3822014377 3 93843
2047384963 34 68960
324743361 45 75930
150199834 4 43732
113799449 51 48129
13229796 70 6253
423010 37 1772
303983922 22 76879
1406526320 49 60121
103766555 29 67701
918081 73 4477
2711461 27 3795
91120752 79 79919
10043940 45 24601
359803832 9 38902
13409175 29 11351
110935505 5 46404
1669902113 60 73821
947318942 71 90332
831799 28 10831
96437081 17 57093
474434706 61 60254
17277184 53 7098
204182691 96 29945
826176847 44 99737
154451532 45 38268
115001 11 41019
144897208 23 75767
9383879 57 4747
257571465 78 87016
895581857 22 52662
10010067 54 8718
2771 11 13371
116014021 5 66553
4302437 14 12547
516447514 94 35437
116670446 50 52095
1 95 19599
4288189621 23 96877
1400320280 90 73545
11275142 9 7923
800584986 6 80599
8881567 19 25779
2906082085 4 89319
241989552 30 92487
503843583 9 37549
1135884022 100 61652
164121995 22 43508
438002332 50 83444
156973596 72 32396
18697443 38 12531
301627738 65 49813
25581807 11 19378
1754437 75 52429
2243678002 84 98175
94437983 54 67209
287418536 17 81862
155277764 8 23420
2726970664 49 76127
1384596327 24 52642
96867861 51 22493
40891399 32 9498
80235481 89 63970
1394056870 62 87864
171563511 24 79086
7322111 18 6357
12486742 60 18396
150615837 39 71584
121310678 60 80037
292535605 48 25643
626710548 26 73832
311211966 75 29275
606752260 13 35025
1132772457 64 98386
355405223 33 54348
16151424 48 12327
112622302 24 25602
926722565 30 43234
53086072 57 23298
5447240 9 6383
614938530 74 90787
111975006 75 20101
26113281 28 23142
476975170 27 37711
313659912 77 49705
65024911 86 12318
1575193 30 18735
304667 57 16776
156132592 77 70430
502411088 69 48655
54275511 84 97251
497919653 92 74361
23274681 72 50804
165352993 85 29793
104963 55 91173
435786165 20 45156
139174 82 5441
1140650416 89 75250
1846068009 10 79788
32150351 31 44474
12917618 92 43329
157996931 59 22970
162822082 32 89813
52550800 90 66744
1887 17 57758
2862160879 50 99209
315052783 29 38765
324765338 14 96897
1785851120 81 77351
195945632 21 71825
248148418 43 74719
774855775 52 59997
26910153 41 88371
414048151 69 97037
30113271 72 86717
4628114 2 8179
262660832 39 27199
102943373 23 58532
581312201 84 38233
111245711 18 58087
1334444764 8 54371
23729264 71 37829
36076050 8 8458
2450410620 30 74992
134698017 30 18926
305405043 80 40087
619722053 85 50826
321075218 50 34340
649173303 15 39612
445869 5 52301
642936579 22 74247
27739625 10 72047
17497254 9 16149
518053027 100 35096
2868 87 3705
27603815 93 23768
4086241322 99 95009
101923 12 5380
367685610 36 63325
475315 78 24336
36688356 83 67555
1533913 3 2427
87576571 27 48098
201824001 75 45995
799536507 91 49314
245603919 26 91251
1856393380 48 90490
1692886505 74 61538
230100216 29 89229
739950 97 37422
192466187 67 37431
137119855 90 76085
2402967955 19 76347
577472098 61 85445
1828179614 5 71132
545266349 76 49791
568406279 67 45788
1416586134 29 89250
4245115 80 8041
32200416 84 75740
385175 1 41784
52919577 70 84587
304159422 30 30756
1300076584 67 89954
19981 31 3084
1022057696 63 60032
89779435 62 33963
461343561 70 40777
634855426 73 59354
1535463606 93 76692
285988293 57 29030
475706 86 1144
332230692 92 69924
1273164832 5 72993
180168651 79 24586
1051883680 15 58575
2235565 4 85844
4593797 82 92693
1657562153 43 66044
461531854 34 32252
1298544392 93 57768
48376886 83 63884
88110048 59 71384
3521869 93 2953
530827631 98 47070
33645 92 37170
12830558 7 7103
522885910 33 56123
523587041 16 77496
380851580 10 52878
1 86 10701
72676 43 10909
167757975 87 25769
797558 64 6821
128153819 49 24283
136664480 63 40034
2154830337 46 68954
130163 44 71983
1800177645 61 70711
911220202 15 53770
3558506689 48 91671
122464053 79 35106
8450 38 428
127121487 38 16416
266342461 3 25167
266473341 46 97402
1079567 4 7726
2162035629 40 86595
3898306964 70 96109
112250 24 31348
863956 33 6013
30459873 68 69461
749765426 78 64671
1339058920 84 52613
4547168 100 7078
73971872 95 25879
442156734 5 70142
16475083 79 5946
1044088725 27 50239
51101738 39 10615
26180367 7 20672
278586506 51 27064
104473467 19 15249
210512 79 25154
75258138 74 77516
610064601 83 38859
355906922 68 32476
20718877 74 47810
99507501 87 77471
204919135 86 39606
615368869 10 35794
484075986 88 85793
322796070 1 27900
14655248 31 9193
3596111919 96 85350
1151826830 38 51052
543881544 33 59944
2467673372 94 78736
3032962524 70 83942
16215339 84 20433
470088413 7 61420
1401779774 98 72130
1647758035 65 86690
59842639 72 25645
14524016 50 15021
2060938203 29 75424
1178527932 47 70910
730052490 12 90822
151346759 44 62910
112100999 45 17285
490668008 26 34741
7631332 93 76657
3377399304 22 86401
2798973514 97 93792
4487100331 6 96636
141474270 95 18054
224181453 5 36239
123661102 46 16932
141153551 44 35471
158293516 72 21081
225434089 2 49483
25145518 26 7354
520765032 2 59267
474776202 87 76985
1436510243 47 62898
74735405 61 18853
75635456 96 50425
413422339 1 56652
6114834 46 41256
531081109 78 42548
714920421 87 75991
4570184 8 92114
759852732 15 96612
46177465 93 80617
803019810 17 99376
376768612 40 57519
2746969 18 5762
4166057362 16 92727
18063058 71 17854
3626031467 70 99154
499718 93 82406
19418670 62 7117
37202720 85 12190
471867279 67 63223
38689198 52 23944
111592332 96 29249
54165786 17 22796
438438108 32 49672
1975676 29 23192
8445321 64 46242
2111591426 38 71050
64420012 20 17006
17326107 73 68472
632253 1 12571
902709717 37 68135
242843157 44 53291
791489395 26 61848
252503201 76 76859
26050229 67 8739
700683649 23 67794
661455077 20 44737
130116345 10 16894
148807230 53 94766
91968551 60 42305
42360965 53 11915
997815720 8 68075
1545933463 41 94259
81607636 85 55384
240802 56 3468
10653538 80 44926
4360 26 41
140723628 24 66103
9203439 92 17101
35089605 78 8781
20400516 51 39450
261675479 47 34003
342142851 46 89241
188666917 61 66249
1754182887 7 78010
43320891 44 52836
441409830 16 60873
2592435 17 75941
590651214 50 45414
730663291 32 74000
2005 41 325
559061137 85 90597
48450 10 85631
91600637 57 15437
128104225 31 69961
325489356 11 48347
275228609 9 65086
124145149 10 97190
114710940 39 46323
1422786953 53 54326
7592149 56 10055
65342141 24 19802
416952896 26 57811
4035248545 57 96324
15083 29 503
2666330 54 4246
71046720 17 69609
1664691970 83 69822
220540225 9 91819
677110121 17 63903
6318285 66 6505
8000444 35 5535
678608186 71 74168
970671704 88 65018
95556843 57 16625
168559536 63 77564
329299158 63 26508
2185272704 42 94847
92087168 28 24673
1337010 93 79671
2043281310 13 74140
666886525 42 55425
569221290 83 93899
24125626 31 44600
51185122 41 12420
33190365 66 30998
55005112 30 18260
1369706481 95 78954
686774987 13 37410
175890434 31 24534
25534789 28 19880
118193 62 45124
790442921 48 49619
20071894 28 78508
387645571 33 45869
325682119 29 68978
3254887942 10 85100
337186319 31 90501
77152346 81 14844
1195583962 69 80540
748496500 45 83902
327984255 83 73561
96191 29 33322
6381919 9 5155
88200075 90 16078
567710621 48 33759
53480255 51 17655
200475558 63 50953
1809958805 49 61606
999373304 47 76118
1620961135 39 67836
26883382 40 21462
944498284 93 95191
553264671 19 67794
18069731 83 22563
17830540 71 33286
253611746 48 29210
24253 55 527
384288163 90 52036
126041598 27 22936
168534556 64 31232
39595626 46 27471
256278 98 30091
1410869 19 80034
1518130802 1 75101
371859874 61 70299
27505329 45 88483
16953 35 1107
551279106 10 89837
87890811 47 51645
2436494091 63 76089
242433172 34 35030
118929255 31 28454
2113399251 22 78393
85208102 1 20667
116145148 24 34554
72478025 97 25450
283877557 87 86666
117467217 96 17378
1799268375 1 89995
590886205 87 34293
61396847 83 15605
3842854336 71 93828
319338533 63 36894
35882294 1 9102
16465962 67 15725
5873401 59 11671
1277829 98 2252
18285782 61 33535
2110243 11 34398
31132884 22 20623
3417820583 29 90281
1738002 6 2333
90020541 23 23281
1769174621 15 68942
307632149 63 86384
1789646657 60 97810
68043436 88 18447
25854 68 47246
95756730 32 40468
1942552304 66 69815
48669158 100 21578
175244739 38 73794
1942047431 3 69479
346174 62 19604
2056363 45 2056
14896746 90 76938
1196933465 44 78138
640744395 71 41005
26177614 19 64441
1886190850 17 92048
1424806351 11 78847
222053173 35 88261
3318163 99 23806
945719423 85 97516
1689901334 81 76854
56635832 22 87491
1412804414 89 67561
247716193 37 51209
586142357 37 53404
75757355 83 39021
31122 2 326
557358684 95 55268
45913315 6 82526
843369807 60 75684
11681527 64 13275
7649058 69 5072
2539812104 24 88905
9638 58 61581
1358106390 25 64247
1464320589 2 98565
1035246 51 59995
5409165 22 50234
568229510 57 99216
289332983 53 35991
589270555 63 88020
1630218 94 30156
1197715084 91 49159
227402786 4 26397
1163617303 6 89075
256355556 32 71384
3887732978 23 95474
19796375 94 24536
24600922 33 7982
19592 67 55774
257647575 85 58393
4125539 89 6066
2211690537 27 94313
87948782 63 14643
255593467 94 44532
1373975496 35 53295
23219842 45 65743
1120792982 33 76868
1007482143 21 53590
1915582606 47 87135
339805346 16 56763
974261930 75 45395
31738775 15 59918
1207064732 44 55420
150888 33 72253
7321142 82 42522
38695747 25 24340
2521204225 12 80715
3279085526 77 86153
501152130 52 66751
651282055 93 39650
4130616 2 13294
9679 4 13060
34217295 77 89907
2360657 65 20961
4683 52 32293
55028562 48 22905
11759364 93 47007
419222535 90 84729
8486883 88 6105
354092403 62 64916
141064558 36 70727
754871904 30 47518
66444990 100 14452
278658516 100 45371
23275070 60 47993
1029483328 53 59190
6033511 59 35010
1351996661 90 66114
88485854 27 32277
1702746869 43 83854
68946 8 27342
33509787 60 29145
115203355 14 93149
1057820918 57 58812
9636100 58 88504
158342167 88 86778
123903371 99 94729
309539041 22 39110
504670 26 8850
69786195 23 13859
2133110265 23 67405
286699630 45 27973
276838825 28 56170
718924633 47 38331
54306363 82 82012
1476500 75 58248
9294658 30 9581
3087354994 23 80300
751424 69 3226
29777375 15 27780
1618541775 43 59900
43884441 64 77839
489634895 71 34256
665399364 53 50904
34155379 30 36126
135286485 66 25946
1673057 14 15810
606876863 97 62078
1019541 94 69401
140105 90 10051
50423765 77 20425
629144101 78 98206
443621866 65 89078
457184214 45 44577
60780613 92 74764
151412308 49 98904
1114852434 87 70362
59020058 13 44784
34424935 34 24867
3577 81 26158
414882456 57 37323
1560112932 82 68722
2643512215 86 74242
4271062342 77 96156
234717671 41 82960
84356356 78 26862
9882386 84 5542
8532222 47 19122
100914 79 48545
325515668 63 84893
129819726 25 23235
7898437 33 5056
934118974 36 64799
2180528135 88 92631
49251077 8 32238
720392001 95 73968
1285742264 70 68257
446437145 66 39594
94002865 59 47273
2788501 84 2528
989058619 97 61788
8282944 65 36512
140983689 50 39468
513631900 76 48059
1092903148 35 91670
273828452 9 68877
29674397 32 47095
791306615 84 51361
10990003 7 77954
1225171064 94 55433
571890449 34 39188
153342626 58 31961
11667412 37 84774
2970733 33 3282
863396421 92 76414
1172981376 79 51048
586245 4 9459
1818720485 1 64802
82622849 91 45806
53018370 82 87657
68799302 49 50268
50912724 38 50199
545419 46 1937
6803897 72 15596
344725585 84 39468
26235338 59 7540
13535873 16 14954
119989157 73 23986
949515 86 2680
551277219 4 48514
36178751 44 8432
164449449 82 87749
10804986 49 13095
3219698 9 3452
928720 56 2976
1529068849 67 65860
411049477 23 87523
375882803 63 28874
66563491 34 89845
160427561 71 21138
90403 82 25366
33576024 92 29617
410032402 2 30549
866304043 58 48517
3910366 16 22693
51531722 28 40539
105128033 68 16519
389968026 14 53439
66636517 2 38055
19369831 33 33432
693704284 78 47947
1676739430 89 58089
898912822 6 43845
47396231 54 52542
2136976 87 12152
421890234 59 29149
62850678 11 26319
1132043039 63 79048
67789593 32 22226
1092252262 76 64882
7477775 39 4442
1251987904 79 64393
641410244 19 53008
493903075 98 55167
494989599 28 76509
509142 93 17841
77461008 74 26243
1701067103 63 95197
23046593 74 67634
247931740 6 36787
778802675 68 72139
3177288 54 20642
1123790 95 41448
80023469 86 19028
95470708 38 19970
211834391 19 60454
1521482 55 42869
74597606 3 30732
455116899 70 37256
161060191 81 29287
834947088 66 85202
210854775 20 86135
1589523 65 15968
6590361 31 6017
182740293 84 92987
10488012 9 17114
673083537 64 79508
91592 22 4459
1454473640 32 89315
1152873906 53 76521
1637727521 13 64367
1701231694 94 94639
56818424 12 27825
475899000 45 98308
33336496 66 47555
349672612 69 33932
4086480968 8 92357
2631754 37 35260
741372396 51 90386
1953210 29 5063
4373545 59 33375
27055 23 13550
26128726 88 49329
126550 1 2850
98027623 55 49685
57346111 40 27456
196009826 57 23483
941849195 45 51347
164353653 67 30447
52974487 63 51832
27795935 23 97260
1431215 80 42273
1 35 661
1329915306 97 61446
141300746 14 37386
6579964 74 88971
1355612678 51 92647
1994259 14 4494
2198820356 43 71828
33489282 89 88767
52848130 67 10327
102153867 15 16145
514496 4 5029
2788765273 24 86913
416 86 7365
266440608 8 88700
281246538 70 72007
8140302 60 5743
200833007 99 37684
2651062147 42 74009
595310866 33 65658
934789374 5 59530
175308 24 1846
1093226032 80 96629
217327061 13 30801
4547342 64 46304
616343918 90 90449
63975355 33 69339
407004588 73 32197
4567654 19 59211
12560628 30 31057
757741054 45 42106
923814428 40 78466
365293983 23 80652
88653857 90 64256
2457706369 97 74123
356881116 76 66981
168473364 16 30678
4379246017 14 97860
58065065 3 93306
904286561 98 44790
231071 84 7327
690300091 97 51377
666480 16 94987
268798211 60 66878
389692629 27 63791
163351069 56 33852
23892630 14 58202
1214679191 64 52842
9720798 20 24015
2719153923 75 97119
38193032 91 41821
44662338 93 9533
15849849 17 48902
11580129 97 6030
739103 17 22555
35369470 43 48342
863271345 11 79114
131990270 74 41402
167996258 3 21659
839583558 1 49365
157480 98 16333
1265777829 19 61148
2413247245 40 93568
198818815 22 47290
38654401 24 85725
119505970 12 31253
4591298466 86 99675
1031246899 9 58563
1352607900 10 52540
186657935 33 38882
8178572 73 82215
23132129 76 32347
23138794 86 31512
28297050 72 12119
287119276 70 37671
261172730 36 27450
491778675 37 32738
273119405 52 25526
118124 86 3276
2872728 95 27057
644623245 71 86246
879351413 24 45407
1707675 56 99573
360462083 73 59084
300807948 28 62277
3254218485 33 86453
48010837 6 44836
167301803 21 20670
13033665 71 18411
589402680 18 99639
157799522 46 59906
887599739 66 58944
490708452 5 40199
874411 40 6962
819925332 89 64730
222987037 37 32831
7025910 38 88692
164830136 65 44307
876045897 31 75547
680971609 89 88163
1697579590 99 91563
41003600 70 14303
7545670 92 62963
243189859 74 99795
7560382 15 18898
7602134 16 11529
1025050982 25 65702
1209881841 85 62201
639719650 7 89653
2139098 54 9162
70274017 64 37182
536898 94 9426
3020812693 70 83510
64 2 16836
604550883 19 44591
14700 22 1506
1212904625 48 63129
15320299 43 16125
32516391 90 10326
708062755 98 55980
1270553206 37 88513
420975276 75 36063
226256896 99 49148
3747572834 26 87328
25586214 74 17850
3260842 98 7269
85429 8 1843
323131 56 2076
1392553 46 5770
312 47 14777
349757632 98 26774
8978606 40 48348
495189447 71 65446
2378236 48 11621
504204736 81 36767
8554860 57 91235
61131938 80 70727
61382434 91 45864
3452165986 64 95613
29570212 93 73182
463285738 5 74651
23747572 19 7886
215929171 100 52363
922679305 46 95256
191142515 51 37056
548243810 94 69641
582840573 72 63248
709799062 12 60215
4881114 63 14546
792470982 30 85316
472992468 91 62015
5744043 74 9656
102588296 11 23498
2101463577 61 72374
2855917 43 6122
61357913 31 29987
3174082026 41 92723
2022471 9 33910
130154151 13 43630
1011308726 18 45742
27119 70 21606
1443859 75 4770
51430501 6 17722
1978900611 67 63734
60519007 8 61784
18748739 65 6618
59230583 19 43872
613745126 17 84930
388642683 52 60801
155008771 63 22579
471526302 65 34074
1428966806 23 64991
774720801 12 83607
11390403 30 80994
4813 49 20264
533588 21 4266
399599486 91 76712
177954960 41 76603
668839673 5 47250
5878855 97 32940
1 90 991
110354470 28 15604
3874722 8 11518
151892620 16 20899
179242300 94 47500
64168 45 7879
846694424 60 49034
23985154 6 7883
477427524 95 78310
3203352 76 76144
5984311 86 27724
643706318 96 59661
361430 28 25852
10798858 36 9391
15369509 21 27214
3498442 37 3135
1877586163 27 75401
63048865 77 55943
221984263 27 68154
2058753 60 8667
2698757119 42 87337
3787425585 75 95048
3362990 21 10222
101441966 35 25336
19208542 85 23541
243576255 99 66370
76592580 86 69884
47322837 68 14794
248576409 63 65401
238880040 79 72768
69671326 15 22477
84798117 21 36545
33578525 98 47039
115929842 24 27075
738939465 17 56909
1572140664 77 65998
23444064 97 28195
1175970 35 10969
16206564 68 27818
13369737 45 17331
28670005 96 13279
938165406 96 78829
268441267 77 42547
1650843493 50 67885
183258419 88 31810
96838077 7 53769
23391210 97 71666
4761993 42 40122
87697 27 1996
15505367 3 17239
268607479 87 66626
178656040 33 72073
5499479 97 13098
105426306 18 89757
2715857118 52 93577
1507019 87 4271
3205983437 69 82173
1496302395 60 61411
13286699 67 98113
562860920 3 36919
158515465 27 61005
151025945 33 32140
208701 68 17932
3153512 94 27486
178337 94 15822
129997 91 733
231628228 67 53282
319041 75 93512
543960131 64 48784
2869943213 82 79907
131496 59 38883
47647138 57 13703
81451569 73 35209
320005326 14 65615
8230745 3 22215
2656066 44 2271
929007614 92 92386
1286177264 2 58949
16931293 33 27347
2033316136 93 65098
85098 88 6227
106812 50 467
1944130590 92 94591
91919069 100 41058
2675474978 23 88213
178195787 59 38134
790742173 30 60866
632168253 33 50955
251550 71 794
264626850 68 38908
347919195 50 62130
191026889 80 36786
718839 31 25528
21004174 46 9215
827047503 77 73088
1081873752 15 62511
1653819254 68 96507
264162721 72 78901
524508206 63 48829
108479811 59 60898
332091593 7 72720
94444243 5 22292
47920315 71 79160
145988480 23 18226
9637161 99 6064
190876391 49 84209
852600342 28 47822
352712307 100 73842
3241848148 57 81137
572416548 22 38674
96135261 36 14141
5449320 64 36791
3656961867 20 92516
39882470 63 71183
493479842 68 39597
6357049 28 4942
669319405 46 37210
163409472 92 62898
801529136 14 53921
805055038 78 75747
22615144 85 13916
12368 26 9262
2059771501 26 64988
33356994 29 16488
508214912 22 52642
2913498 9 3404
630286574 50 69587
14299982 89 29187
156347855 80 91381
52584120 44 84329
35491561 70 49432
261555620 97 39394
3089741 81 21304
179245520 61 21058
1877939 85 2928
12839915 52 33132
1634340313 99 69717
8244002 48 7545
1596755340 29 72448
2072346625 43 91092
3667800133 24 94561
2478499 57 71174
14797583 94 88004
238580872 47 94362
911438206 40 78940
3706442 92 64889
51927190 14 42218
137642439 99 78003
1435154456 39 87338
1549458377 92 96973
1248767 99 2808
19678715 33 13476
124215899 52 57450
93064922 14 15334
573582669 100 48247
233298 23 873
3159637288 95 89404
6001260 19 4177
97682647 44 51715
888772470 61 51576
82755342 55 55662
3044211069 72 84099
3028904 64 4937
866207 76 32328
203337358 4 25698
82220274 34 36842
23440082 85 92703
531664312 17 74354
167309146 7 26681
82450571 4 19318
24982611 92 8062
195578630 71 32273
1040028903 59 65334
1299456 55 25182
167099 14 1410
40154990 3 21649
163635363 61 70116
25352845 14 23030
434322771 89 64328
264567836 65 53587
12634812 75 27616
181831341 86 94047
25818203 5 80974
397405545 26 35909
2789959 75 8979
1189840394 29 58755
114916633 98 17138
689558112 46 42426
17252796 42 6112
9675227 82 15499
634409 66 4603
1952479734 12 67401
3911626683 21 90830
1560168 21 3697
4340683153 94 94587
2087951 43 39635
2554039 32 12537
214364204 82 31101
70857 60 7976
3451123578 7 83333
477004655 60 51450
218816110 4 25320
1440413370 48 64500
92848576 97 36811
741464 94 1928
191038285 68 53625
22371002 17 7292
124621849 57 53093
41067170 9 50354
133163 93 40650
492465119 82 35039
675624073 59 49032
970629023 54 79133
3621580 23 12237
1755126830 79 76574
836520319 88 51501
445607801 62 33606
339432240 81 45849
386276907 37 99203
362701779 1 31301
3969803703 12 97538
6116923 4 56781
353270880 43 26823
8463400 85 6591
50129078 35 71961
105049401 48 55801
428107115 42 41467
258808063 23 34057
403802455 30 63663
1154489 27 12518
12251047 20 31676
2583840278 82 97808
2129611670 79 92735
7068184 47 34108
23785773 30 43999
2453290561 69 83370
52051538 95 17124
47531236 69 37490
152995099 77 39700
471775746 80 92904
9267371 3 42322
1016843 74 5099
2818164 58 2916
203702081 84 73852
390269596 40 53446
2167344461 50 77645
19513155 13 17315
1121630499 52 50818
27010594 30 9415
3279176 11 27748
6595121 10 59755
209580339 99 61206
1388496 84 5517
83639321 73 21981
426129807 69 48060
109893665 54 18201
1967752008 9 65561
741133826 85 40620
2871041200 49 81721
4686460 28 7359
55869542 95 10945
769838764 15 85070
1030 25 2526
185182082 43 49733
227387001 34 48781
214379249 70 21668
45872597 21 12075
108261875 7 38767
91572 20 1545
141839898 87 17834
1070457704 47 64652
266529116 98 30887
1733805996 40 87442
1816048015 36 75281
349637098 37 52743
327797981 33 34947
512771694 4 53396
19122052 35 15849
41029973 50 43675
32546223 75 80385
2930701901 51 82356
1190872705 19 57193
56834924 47 56295
70926959 5 82015
3957657269 10 90676
65080192 55 22881
1512108433 28 74288
167528228 47 47755
58182392 54 17942
96160 32 97877
34021871 58 47652
57452667 95 11463
1313131946 75 63956
5540146 76 11478
921103582 20 49771
102931247 69 87724
91825881 42 59802
156745738 90 95158
2665206250 49 76376
630793141 76 42759
31653438 12 58439
98062820 86 66020
2901747475 18 95543
341508618 53 97879
1044470367 28 51923
290172015 22 25925
784961748 4 91905
3924394 90 3120
3309512 56 8178
3125730230 53 94257
23560341 95 51756
83204621 68 14655
755253805 16 47437
81574269 84 45395
429143 71 860
8354677 94 25605
3192642046 37 92165
2465982 77 2765
87723032 50 61718
77672901 5 91042
1537789712 63 63230
31950 85 552
26945102 40 8383
1020758671 85 60870
200805113 78 76696
3778309 90 12040
27383336 27 23385
10161010 38 4479
45057862 21 9745
33989583 1 16501
806063124 17 88843
64741677 13 55637
62007089 42 53566
8926165 30 27747
1358486153 85 87587
548892285 60 35240
18693008 84 18879
1016324046 16 79522
197369 79 24921
16118225 13 29428
234486157 69 98021
318305781 66 60622
1516211761 56 79323
78183436 60 19601
1550233939 98 66224
24159397 37 70373
82359241 99 17388
11689138 98 5521
5174392 5 5725
6438364 76 12469
1103236042 73 57706
149892284 48 95079
817492623 17 55357
3999278 22 86160
2189 84 851
778041799 32 59815
13583 87 549
1397963291 79 76676
1941325590 22 81265
326073330 50 58461
81114462 19 76806
142311920 42 17034
1987779263 73 87305
33534867 9 31629
2720230616 28 74357
30914641 86 8612
874846115 64 79804
11893764 40 8322
1612084271 88 65458
367132905 8 35192
447978227 60 31682
894998147 96 75082
469490325 49 31424
23989430 71 59430
247363577 2 97379
157856 17 72957
4426797924 6 94254
335601938 8 33416
8148235 71 98322
49579668 13 51587
2754471054 92 75194
352450 96 3005
2423388847 71 77701
30108199 45 10369
2413310767 30 86153
3122612983 66 81340
2702844472 89 91655
113391525 46 31016
49172600 31 65682
2756912803 16 86448
457423218 65 92114
37695372 18 9953
73867449 16 13157
552020151 62 48978
78384709 80 82894
227028477 92 95422
18393016 53 8790
14595045 56 15795
1391333509 65 60593
66379362 24 41865
343531632 56 76751
220811760 52 28646
45295839 94 49924
90525437 42 25046
219092460 94 59629
1998117381 3 73977
21655543 78 71342
368548433 26 38111
399894289 98 36103
406950428 90 64657
9428939 73 54712
356880816 48 65455
2406254495 51 92081
323721617 20 40084
477047417 82 93396
335541097 25 40378
716911376 43 45996
502873 14 2198
149713763 27 19624
13661609 98 36628
937458563 87 46899
1545339140 72 59592
37626114 89 32711
72987485 69 61771
404105958 99 54662
5495 29 831
39744971 12 13539
120412107 73 37476
395091949 63 75210
61295384 100 20291
1676633195 31 64700
193690122 57 44300
595604 21 1062
716611638 77 50255
125192417 99 45600
17052742 24 32727
109886841 15 18596
648287858 52 78489
447399838 19 51336
239802107 25 37429
56330875 98 19795
1547498 100 11149
173518728 73 63800
250803793 29 55588
518200325 94 40452
4047002 75 5877
109260153 66 69249
236400239 51 37104
454200277 19 40159
63093273 91 22023
34026594 20 8504
1050003168 26 58999
208081081 88 97611
40652029 38 28160
312414622 78 81205
31019264 48 15927
41248159 29 9846
11850560 28 38235
52081130 28 71537
118425464 69 16568
283456459 14 36886
55715435 73 39137
4672073 47 4314
1275298043 6 80861
757944478 17 67168
1886430838 84 83349
116351661 4 29323
941788943 11 95319
1133133 51 66985
4557886 39 43380
40617295 16 31700
2794482659 17 77059
3620650 74 19072
833608 46 30842
412999175 78 48399
950901487 55 69457
14520602 19 53452
282387476 78 61906
1588059278 30 96041
260925212 20 39453
752239807 1 69361
1459682 88 3977
27028157 35 16821
19524838 9 39305
8692816 5 27394
2347055686 8 95519
746514101 12 47522
1085936699 99 74742
561539 63 15442
33088167 37 41370
10625984 6 19970
31617332 44 29166
283448355 81 93707
1194791558 94 88483
67364934 19 78015
2133231371 8 97491
13826340 90 22822
15718914 41 93490
603501323 100 54400
96465 95 2270
1274721127 73 73441
288204782 23 41923
1448259481 80 75387
10241176 54 36866
1665446811 55 83916
16144536 23 18828
9323350 42 6205
100345393 90 32486
256710054 65 72041
1559415 32 2628
443541098 54 44492
307271473 11 42006
5583359 99 10203
838008447 63 95394
45499108 3 33735
25689994 84 63040
150422621 44 61177
268520362 84 74568
283602114 39 69125
3307383 94 28340
1200926514 95 55206
119647114 8 71325
1747666458 46 99515
3355973 28 2924
1317648 20 12159
9029374 16 74654
4065136781 73 91279
119436737 91 43158
903343751 29 86991
691863 13 1522
56323224 54 38724
1883061685 53 82882
118114126 76 35878
5745261 12 51920
1257089 39 80533
617191777 37 69779
55941983 82 46494
12583403 8 36669
261117839 51 80727
206453193 43 33584
26410495 47 22466
577312577 33 99478
119861549 35 84362
620748395 11 75719
530992270 31 69881
722615403 89 49193
161977836 94 32219
229744486 30 35129
2905702831 90 91790
153174674 71 37893
117987301 58 35747
173278152 82 20237
597834351 44 78313
31016871 63 76530
443562521 41 43476
1160916703 71 82078
220598350 32 30318
356288085 72 93583
2063163096 28 80635
78664948 18 21817
1999861 63 4288
90553474 76 80133
20347534 91 15020
56908022 83 18209
787451771 34 42613
3419312816 84 93093
1634246612 10 96207
22678723 52 35624
408877267 92 41341
9493040 45 10257
130506516 81 42088
4269699 7 14516
125291743 96 61621
234680649 39 59832
389058776 70 41407
1219021783 86 86998
54112075 69 35603
2982958 93 9436
103270367 19 16758
172411097 13 52709
878415329 4 76044
12483115 41 9362
290861801 32 29427
1174421464 16 66563
1274796 32 7131
512728883 14 85732
166838006 84 35265
81359134 57 17548
1132058937 27 98436
44203178 44 94910
2353931 13 30360
1662043034 61 68268
508574316 33 32467
33772409 26 37994
11167608 85 5778
346870379 37 57827
109027681 13 20132
622872824 83 49541
2233920255 91 68210
1075505531 5 73198
36801468 52 55658
2014061579 33 81949
762528622 58 75674
3440083 65 64149
74068912 65 58838
64414 96 35827
206355787 27 46117
21953910 13 9896
534984923 12 53693
109428372 99 44932
16018649 79 89266
61352012 44 53898
40621896 59 68714
90117395 89 35724
45259101 65 52798
2654091560 59 81557
113745665 51 96662
143779810 50 35221
700748917 97 87031
115075036 63 26310
923293335 26 44850
332148064 78 55479
307694077 14 60361
250967226 85 90224
4182134812 89 97791
1684439767 42 59956
295164098 98 76675
1494065743 61 59554
1014546573 14 54956
284512 13 66053
1175024305 98 94460
196410530 96 20605
65136739 29 26660
94723746 16 98047
104606634 29 78444
208177124 80 81206
25247511 75 7161
35833747 76 9727
1057553921 55 84320
70822511 93 67425
41388103 17 10956
1298443 60 19329
4059301261 30 98720
1661043074 76 61748
139448723 26 85193
116557477 32 15702
42202367 95 14973
628485816 7 69302
2521905612 14 80488
283936484 41 52015
2146074088 91 93904
170390003 29 23951
1500700 62 90847
12450386 39 6020
97148265 41 17382
101000531 27 58273
4901877 95 8569
60673955 97 20732
3477058 14 78514
905868352 48 55029
69168713 24 95518
174011114 96 98440
760607215 1 72633
4878161 41 10552
231662340 65 66479
145835640 76 32558
11665840 24 40429
230583856 50 35577
424611154 30 72931
191462068 23 57116
20913 24 3071
7633398 68 27306
16003 64 98142
3363040204 83 85732
199869059 10 93622
2643317491 71 89163
270696105 86 75740
354920201 37 71811
30300144 80 29528
324139259 69 30124
649347 40 25033
79871800 90 17175
6735 93 175
557677046 19 83201
1510900 83 67234
995 63 13861
1556750539 45 70736
52164677 30 27568
785333 97 8782
13399860 80 40460
11335323 75 34350
1123529475 15 80734
81473809 64 48464
523286396 64 35431
2146396062 57 65478
13953261 14 9129
70171 55 85631
208607927 23 24271
274753695 94 44728
2446140419 63 87807
806272914 91 51449
122670528 48 45308
514309999 42 42546
3562976946 19 99865
22109843 26 82601
805132 8 1607
92202332 57 19350
3282333 60 6737
4633145 25 16909
9050858 59 6803
14669 41 27216
691553236 43 44919
42997295 31 16447
353351581 28 40475
126562829 31 99716
2348360866 94 94637
1351702352 58 70459
420114711 52 34506
125931644 71 18367
2534655849 15 74333
527499461 72 75263
2492199109 72 90412
1132529672 23 96833
177385030 48 38931
9995 95 16209
48280059 78 15796
376760066 77 32470
111742 20 439
900708898 50 68449
121139815 77 50080
168713352 30 45019
80728727 14 37459
442658088 28 69515
1298990782 14 74505
193867726 67 84592
27282012 86 8203
373337193 32 42945
390105929 43 32230
4774177507 76 98931
203511355 61 48083
9928665 49 46050
1177754493 58 68532
6499307 59 32022
152362484 4 85500
144938567 74 17726
104879 34 28532
11214132 35 7856
364607 20 52097
9825745 27 4840
353877171 53 70565
695135652 44 74511
903490888 76 80198
678072215 3 92462
13294858 8 33078
17860186 56 79038
177407388 72 20225
456817144 17 92106
18452306 64 9738
2936911427 64 94330
42969318 91 21617
52790177 59 71656
2576333191 68 81653
1103344228 37 79818
308299 58 9439
581147142 58 68233
655944006 85 46290
495524246 39 80176
2446598789 67 96846
33677276 21 20338
12147993 59 47523
1726277544 74 96483
288817966 99 91814
1518525749 11 93636
3371543215 50 86434
2312931683 88 77756
152888113 14 98307
722645827 67 79545
1164305223 53 68864
1243190905 5 89107
100615444 29 40578
287324333 71 69633
198371984 7 62026
4259891 48 3430
44001410 93 36924
230966930 31 93039
346817551 61 45559
352943679 31 34021
178506898 50 39534
2458096071 62 89320
984746309 79 48334
46062682 35 31051
50576549 34 22038
256183273 67 44149
516931 94 38046
208083873 43 34514
2749278 90 45176
5391380 88 4036
873626569 22 99142
4702011 79 59468
3419780441 32 94636
134743211 76 78394
84441501 99 93231
1016264154 75 63937
447925731 18 37890
165530248 85 29193
197712668 57 60575
587563028 96 80022
1657122386 95 93163
3865112611 11 98603
2552050163 10 76710
4014891954 98 94767
620596 47 14887
37487 52 337
14681757 64 59232
293351871 48 57305
2056923834 33 85791
416845923 57 30755
1808581269 18 65651
37754015 81 35914
458099036 28 63338
3782213304 21 92358
3216042 97 12602
323273010 90 33338
474074786 45 82590
5569 57 46215
66973041 59 74430
89666905 41 15098
1074253042 22 83047
1258109 7 1752
22994405 7 23620
210881916 94 80254
1610722936 36 91639
238497231 18 84340
2903602137 61 85949
802250779 23 63622
2432955746 37 77820
117007029 79 83067
835944103 56 98820
796225257 32 66693
8801945 64 18089
284247510 54 40736
265134 89 44362
1 82 59459
4096697064 55 93324
765473727 95 66774
192021282 31 38664
50833221 86 95488
496496390 94 68322
46354649 48 21198
423138262 42 38941
94864861 21 13689
138942060 91 18751
604462125 64 38313
100936337 83 22706
116801390 62 29368
144667003 35 22453
285748 62 4013
418709983 11 33782
964297125 10 80425
67775 88 12286
781 9 57650
117150364 36 42546
276825331 15 81343
70493520 79 26564
34746846 63 78704
30014363 70 83340
3716854 80 10324
51719393 2 69234
3416596593 60 88857
2836084573 24 92484
62137656 73 56511
1814092713 5 75895
64597 8 21763
1509025960 58 56184
1750146539 46 71754
211951320 29 80017
4125608769 82 94532
40109737 38 8885
345940444 45 55677
2248277 50 30521
5100158 24 89589
60662960 50 12568
15717572 29 15287
433486237 77 86019
6997603 26 98244
1640586964 13 83119
743340029 95 60595
837299630 10 72725
22586638 82 76549
47397237 99 17679
3870326662 67 92821
45768660 3 37512
1752855065 52 81168
10068612 46 7138
268003372 99 26090
39788078 49 74298
18036117 89 68818
64977837 71 88301
10614346 6 87865
1435572724 38 61148
87264820 60 16556
995764313 71 54437
2023047533 32 92772
5151112 29 5034
14785785 59 7717
173937156 63 42033
82203937 1 75349
411619798 59 37695
66280589 23 14179
83094478 94 67610
656390725 53 65662
38473497 88 35315
17769 34 711
540006 46 4516
86147759 90 33287
1 94 27825
2883253917 62 97433
467931548 90 41896
2125813121 5 78607
3428645745 14 86325
6158182 88 12009
2430 18 64868
799716 96 1284
1330121801 81 98303
1362 4 234
1430477515 48 79915
13072348 65 69671
173750933 94 34700
848966488 95 84383
371948722 9 50128
1249838 83 7527
108543830 4 15769
1021367305 10 45782
62224699 20 21673
31001895 32 26713
203835801 77 30610
1240746033 51 97373
298195 59 12311
1628006429 68 83043
49885147 98 40437
240284011 75 49628
9730096 50 69052
268817499 94 28458
14967937 90 13431
2169376240 67 70442
179442880 39 75376
1984188256 15 76377
625428320 60 73303
31504622 78 22062
46750596 80 10190
8505449 2 17314
131510 92 3452
1179217006 7 78526
209366262 52 27805
41082 24 334
626268624 10 85611
21134438 26 60386
55588 7 99549
1529916144 95 90913
3276654 99 5006
1258463927 29 90161
842568001 46 52785
4549030 44 5073
1078907211 78 85169
662348572 67 40636
739057094 31 96972
2718306 21 8909
40209214 96 54057
62327785 26 32740
1113725504 4 92101
34522 32 54827
408427744 20 75927
2457392 25 4564
20521992 85 44947
133640687 82 97474
7248514 50 6125
117159158 5 53048
668203263 92 90019
39419224 33 16994
3993663 60 3026
838936212 76 86259
502039963 73 87951
29154075 49 46772
1827373323 65 84772
81061019 77 33214
764360332 80 43747
351371227 56 31919
141115574 55 83832
17721288 81 81311
993026135 91 85322
9186048 21 70242
329446171 70 43498
3587780206 42 90307
199042938 22 45622
2235759163 46 72606
85754407 33 19645
54409869 51 40065
187547357 35 33834
2163297887 8 90593
83637293 92 12990
39604245 45 30288
163214070 17 39660
67254449 28 69013
328297144 78 84853
925515693 18 79730
205887739 30 89796
121308916 37 34287
189816768 83 43299
4304169 41 29278
39664 61 1619
175660774 1 57205
49054240 74 49444
2994958848 75 79956
333893476 4 74107
595267812 36 96197
376352064 74 63967
113186431 41 18723
2329100906 30 69483
25279887 67 40982
286934678 61 53986
964789016 6 47334
1387779088 2 86760
3127405325 26 94452
13998776 36 28863
35829894 67 17557
120681087 39 23018
354765793 46 52708
25616980 60 16599
9346914 72 13398
173982865 82 29485
442674 66 84374
716227045 68 81008
917528 67 13112
537505526 10 52399
69074252 30 17300
134291216 37 22861
826874725 84 53008
133253534 88 51281
79341 100 22891
477338 5 1715
880169886 88 65523
54193969 82 17597
967220358 51 53912
5731418 2 61731
1631117292 37 89413
341022332 74 27020
151699500 9 32615
1369253542 52 53358
9397546 85 85843
50615273 5 26076
14940841 77 5743
428515699 90 47576
132332051 75 64911
5252251 13 5195
59209910 54 80741
68595357 21 43173
251883014 25 90645
7235683 18 11448
282930880 100 95965
59062 78 20436
110981422 46 18265
838713863 51 81236
376620778 84 39847
6771085 30 7737
1698280109 69 70093
10837036 56 13100
523989 77 2760
1327431142 80 83704
126245872 52 46130
182420903 92 81367
168998647 65 43125
120904100 51 63022
88065717 97 29644
31393743 84 8366
236637531 43 37018
14605102 53 11572
41504066 44 10364
87464282 19 20432
13575335 5 40266
9567843 71 72706
343450785 78 33094
122163643 71 36158
600588046 58 67919
491448 4 1478
3056182773 73 83681
1298453241 11 62035
1250593886 59 76810
171251971 68 90878
17879536 58 18219
189470998 92 23081
396114417 85 60035
299609757 83 61119
35396 45 54296
295660809 67 33235
750040069 11 70913
1402534658 38 63710
4655833403 76 96598
802169370 92 87221
64498172 34 15997
59794745 53 60044
524364867 51 47888
43210483 63 13907
720032036 48 97521
11348555 92 45134
2377213578 48 75550
1657686039 28 62028
1005637948 100 53654
21403451 48 15181
16003 35 46876
499391976 46 58499
5521256 82 70792
980389696 48 87353
169031138 68 44210
265689860 96 65288
444437277 58 58914
61765948 65 16996
727771862 70 75110
2858660 39 5585
17203150 63 13144
4128311 52 11397
724188443 75 91500
667693455 8 57286
905518058 48 92875
135264 50 585
1294465133 8 59051
2997338676 1 93186
40183339 77 45396
1695 53 28312
2497253333 2 99874
2249772451 64 73633
703001130 87 89162
316378858 78 30575
12377279 91 5458
213003865 51 31117
23909142 21 28440
602993784 27 45161
1057093160 60 67954
541353683 48 62169
167364568 58 66316
992138638 60 81176
466153775 45 86245
1055895914 81 62824
2643059756 88 92253
27103889 83 10758
3776879615 45 87396
50770755 58 60281
5695277 81 51056
428252387 62 61061
168496434 8 57317
44718620 19 74486
1430056213 11 54285
1789565852 58 97455
1536001 97 17699
48549060 61 14762
454150742 90 74084
360870067 13 34991
333917617 6 39887
276448896 35 64549
263705 43 38905
629848998 73 65068
218414617 9 34802
755573842 34 57206
1098452773 55 62270
85491832 48 35094
594790474 7 99489
193120938 81 20870
133328329 93 42060
1190072488 97 77124
1318425806 36 52529
789294866 34 51828
256721045 67 32864
8286700 40 4730
1034636147 35 56830
41580234 19 53579
486821711 14 83542
63862863 16 67682
364560467 7 42049
1234553672 1 61735
44427578 92 39433
76744986 23 45277
468223385 21 35926
49131 99 2597
438011745 9 76574
10263101 3 6681
3554612 80 18412
341591168 85 70742
184171369 76 70160
3147383907 2 97588
160027 11 18328
277721860 62 28374
166358 31 12076
1488363837 14 65448
1196179890 75 66580
203703821 50 32167
3090993340 40 81416
464462 34 3107
46254787 85 85047
227443640 53 55500
288345560 60 65517
407427 73 6041
1066454435 84 87498
820294778 75 42890
952929571 80 65342
315991227 40 94296
353103782 95 45064
1615606002 48 74606
16197 50 349
489509 17 1024
54587621 18 10922
117182352 68 41992
373234376 43 74115
144379630 31 17194
115207771 55 46358
25839404 13 51658
52903700 66 14143
16890456 98 13261
2489570621 60 78022
225880372 73 21741
4888129 88 29132
2638995 81 16714
45636717 99 36152
80576227 30 70907
182145261 12 25802
741687482 27 44227
280836386 55 52416
136097502 36 19482
195616297 62 38639
3420924 37 70918
3736609 61 5409
3912976445 10 95381
2372716085 1 92947
129202379 28 20132
7275932 28 5701
405416053 64 59599
6271690 71 64608
5579881 56 52182
203762043 71 96936
1608777632 89 60970
120894027 35 23444
75924831 77 48328
429344060 26 72292
111800135 85 60171
1 87 80531
8466060 96 24561
45293116 88 49246
119246651 59 91229
3305225242 87 91235
350534877 12 61276
203972844 26 31007
6391738 85 23350
1471245237 7 54719
153446055 32 94953
610112841 31 54559
152092204 13 32383
398851104 87 67599
59164734 24 21215
2000339965 36 80124
44455026 92 14032
73186364 42 56612
123384765 78 16975
776323286 100 82441
572098014 88 82717
18772130 92 14165
1452763 85 18866
12953974 13 48202
1421082547 1 82735
24953 38 4545
157057350 86 90317
4480111 8 30671
27172376 75 20863
32389288 25 20954
194284756 48 38666
196732260 83 78017
5335673 62 5659
424282894 66 57728
854818 53 3728
476279215 51 53296
31950026 75 68340
749245270 1 72167
50563185 53 36002
3015347724 56 79470
477780909 83 46783
15639728 90 63369
1823513159 15 66242
1673233486 49 92739
21987299 7 21716
959318540 39 63684
53483945 15 54650
2992853715 43 82966
12896629 74 8872
557727361 49 38607
287197711 18 27193
577360070 44 65020
217651539 68 87428
66921353 11 18855
338348603 6 28215
211813631 10 22372
959025240 32 77832
258502080 49 80597
63675911 67 70959
314585 60 73055
20825334 47 89357
2305341 45 59906
905909205 57 60720
2057153156 76 90365
8924 14 11792
194224032 38 39008
252653589 13 55153
4018649 48 73806
117817437 93 64422
22800702 71 12043
3635008 25 72537
3155384 11 2924
18968644 30 24005
1 80 55588
14900743 24 11247
9020499 65 37997
277573 64 39917
704827520 59 53852
4492 69 4402
239058960 57 23161
3438955157 36 88265
16285329 99 6595
774447724 88 67619
593620515 92 43030
22410254 19 26567
75895263 2 18470
1903555913 11 82598
311567 69 79060
286306837 93 42536
54584098 44 51361
2574544991 61 81346
765272706 14 66076
508560696 48 38329
104719350 95 49763
1118511885 84 49502
69778324 33 53195
29349896 35 11449
163110241 85 37089
2025218626 9 78355
1001520174 1 82202
1172310140 54 69453
55161748 72 34863
523352071 66 69024
53663692 41 24622
60903233 78 25075
769225171 42 45934
198021832 42 29522
804960146 80 59915
11690717 83 14915
3293934165 98 94134
6598209 72 37224
103912185 62 36974
145921449 51 32004
293824992 88 67807
144936665 50 66146
433245440 1 38546
96857854 26 60339
11324125 48 4941
35322487 99 15710
441675980 76 60070
42330973 97 18107
371307954 66 80649
858528248 85 86437
802513 56 61880
108356633 78 86883
2128728481 14 71632
60995739 36 69896
778037458 14 88965
570835395 27 67470
2013264589 50 75838
355438848 5 33417
1536272011 89 70629
2688795373 98 96682
2959479478 33 89363
297975450 38 80016
40597263 78 29718
1337771862 37 98183
31384 40 1283
361276930 86 28397
8626158 32 50964
956470332 78 68228
13255232 35 17112
1982470893 66 76106
3979142002 68 97045
523363180 7 85526
855635508 98 46978
416880469 100 34716
1149513148 43 75114
717817 79 1744
16262041 77 31763
146763413 65 19833
400492602 72 75677
113997919 90 74171
619268 23 6218
97155985 80 18480
15263970 88 9102
8254 39 3204
9870116 93 15429
594573901 76 85993
540998325 11 54652
38981961 33 37116
39492831 25 89387
96554353 32 70619
5925082 9 35590
12696506 54 25357
184594248 86 59013
2574723247 39 74792
155499202 80 55901
2365549154 92 90056
43846227 37 64363
374810469 76 34523
12120426 10 5616
26315312 79 66246
82988 61 61378
1035601374 100 90771
2207416028 25 67003
12256453 100 7146
294915909 87 74842
6833765 97 12600
23183338 64 17813
883291913 89 52495
728072665 87 44002
84359 42 35636
164152 100 3789
544583981 68 45360
204331572 24 21861
1461642584 79 71713
92472724 33 24777
1709966858 79 77029
1110936625 68 72197
1222284420 37 80413
997250402 10 68040
188188116 25 44255
92624177 53 40895
326414509 8 73297
4781245591 25 99160
9763629 7 21042
651701382 83 38513
876005329 3 62650
1620432138 91 76757
925027195 98 81331
2532741 49 56136
71643052 51 21509
55769890 84 75479
294332933 34 28893
278785753 24 27705
1469273172 24 54519
2445848696 48 89463
162861129 28 36215
9222111 45 6104
268384476 56 29350
2119837563 36 65571
1933045558 35 68048
236114507 73 37279
1146307439 99 54027
1469586 93 55021
212344763 33 29099
385802825 20 90510
918163611 27 96469
464262750 4 66267
3367347804 85 83924
18339602 17 29363
1066317791 6 48424
2081138 92 2487
12675122 36 49493
1751921587 60 76442
540468325 68 55633
1936961703 85 95165
33870827 34 13299
161356765 7 42711
1354261 42 30085
2538487682 95 87472
1281224775 16 85251
9702026 64 40922
10442512 87 72950
1 84 5274
2777665724 70 90132
387725954 64 39135
436311904 39 75289
120616385 14 56910
80230501 93 36079
240795165 65 88936
268807899 52 68430
2517395585 79 83147
13344073 75 5717
813893984 82 80329
470184357 9 41269
323915472 14 67465
508592355 78 41236
455396228 86 64799
83083645 53 36516
46302936 79 41819
566969 49 5934
84633098 3 23259
58645632 21 77812
1883031437 91 79763
754914842 9 59776
1680337334 15 70877
256144923 88 48516
166347743 55 18378
510197839 21 64996
35271642 24 84111
182362 16 13765
421555338 50 30806
504826143 67 87344
24330269 93 52032
182646487 13 34823
14429793 85 19803
3052416114 100 90508
1613396 20 1749
14261081 64 86931
322562598 61 67945
579169846 83 34112
423056336 82 73405
955691 36 2531
160479 29 10461
653599650 9 42101
391924668 27 94225
48192820 25 11043
50565087 39 18110
73803959 88 33099
216261454 63 91755
1684136283 33 83167
453543866 6 66412
120751216 45 26120
8513586 56 18467
36942885 95 48622
1549310188 77 70552
3002191 27 30870
732363591 91 43829
642343 27 1428
20167661 94 47383
756495858 49 41170
178081317 53 84722
145574870 47 22683
1592202111 72 64963
8368510 69 13198
1889545931 27 67416
423087691 6 68413
105098337 37 61065
767237574 74 41517
154699212 37 19634
1564676 45 69369
2506673079 25 80244
1292791381 8 83222
8383958 94 56322
253735461 1 50145
3871747 64 8539
87183128 12 21807
5126826 22 13840
62965800 72 75522
19188516 80 22121
7902836 39 4291
502469533 33 39477
1236345512 21 64373
170076616 75 24343
324696609 27 25668
1665386 20 37526
1113012243 47 63303
478280770 24 50371
2733089666 48 93678
10488351 1 66242
17010539 13 6360
792064596 68 68694
1834035217 82 61589
23372 90 19992
2908663700 10 99761
999000114 38 77739
515366953 65 72758
1789089392 21 70375
51280254 81 71881
965853973 60 58683
33629423 46 8728
12691986 37 66099
1438590688 27 89659
255298806 92 94264
3790156 15 3723
513385136 100 48543
274913993 37 36170
570249235 88 34262
701758806 75 91967
1852166 40 15971
4913361 68 8482
82639874 36 16335
72664149 94 86215
599511713 84 92405
188032593 14 62065
1048487538 82 67098
83832679 6 89138
313710226 78 81849
814052189 49 80314
9933274 72 96166
3482568251 83 92801
867174755 56 79484
881171071 66 91135
208938947 23 49736
492492451 91 67924
1725176889 17 70640
129093455 43 21214
2364814 83 39317
250619988 12 41817
968185230 64 70089
2644570249 39 95975
8802017 77 5297
949817754 59 67179
19784135 99 39887
43474667 99 18099
45642498 5 59300
3360942 42 35131
2494418623 80 86698
4209849 73 7002
16569637 94 6372
4596905 71 33254
1159108825 73 92007
3274625 36 20216
388660 75 5842
103027420 99 27715
145186929 71 28514
737249285 86 99039
15633588 40 27018
150201797 21 44464
475346830 83 43248
1030650410 30 74440
362159823 46 53908
243352008 92 33332
1458223237 27 95873
362524 89 43310
790243879 82 56171
78097511 20 60623
361584217 75 31320
93422735 51 18755
5663907 36 11386
5610398 66 96465
7909115 3 73260
5154859 2 74191
3048686104 90 86664
763434480 54 68746
3207293547 80 91301
3143861547 42 82728
401095087 62 71587
46107900 44 64994
2893726 24 6384
384677460 55 40976
408546935 47 29927
69709073 42 25444
314394009 68 43241
51808968 69 63803
537290800 84 98699
179961744 32 19093
263581161 47 56578
4810126 83 8989
317147472 74 70391
843791662 96 50229
2294203574 57 72641
98104279 59 26388
2636970999 47 98665
443367700 7 81199
33629374 24 40575
458935360 76 68032
89993884 70 23466
672380554 67 38422
282976 96 98963
87538687 87 58767
124551250 15 22307
254671489 78 27665
921032889 89 68752
253702157 70 45234
947433 78 13678
1278011106 80 54454
543766117 8 36721
53555762 47 53606
581860997 47 91243
1588528890 5 86644
933942604 17 49077
1317908599 43 57684
293106543 29 90587
588815314 49 34831
70446910 1 42303
1268265060 5 57673
1583089369 61 73457
3268426427 50 88732
18788855 5 59515
4287281 34 9305
3016724318 50 94982
36425228 44 24993
2093923957 23 69103
7498064 2 24288
1284962 5 12617
12360545 77 9911
125173084 73 54471
288874187 50 99463
33957436 93 14285
170627489 18 28647
1611575419 58 72340
29001441 7 35158
1878030267 15 78272
37748997 31 22626
117249374 70 27091
507506249 15 53946
3614260396 96 97406
74969792 21 57252
190950887 49 60762
57141582 85 48284
70468147 83 27981
41868901 54 96946
179305538 96 24449
237307116 77 51614
2299067701 27 98958
314360952 11 70632
537129606 84 80765
373084289 90 87334
14970562 96 20802
29404562 17 46610
93391436 66 15588
1154466313 5 67566
97145762 61 18413
54687309 49 29297
275745015 31 98749
137575605 84 98804
14272649 79 5770
162039437 53 21357
286370 3 2441
1345253 75 5221
966369878 44 68395
2853110 4 83094
158866758 1 50281
146858791 81 89427
88453411 31 13392
3120603749 98 85941
292960783 60 47848
1826564444 57 77353
50505803 69 17459
539813399 31 63003
637515166 58 90775
31224968 47 77377
3350955144 93 85074
71836688 7 81868
38870217 20 43103
351597311 21 30134
597619751 43 82666
9 44 1431
871224 6 1660
901480357 30 72128
89936067 100 23991
6103899 5 74189
235526860 7 69175
1290302789 15 99724
33760240 7 21244
175652490 76 33958
21534104 15 10900
13577332 50 78340
167933413 22 29338
24627260 8 26085
79084891 70 71611
966083 96 6032
1266654504 56 64314
246037000 11 86970
460765824 81 33443
1619933235 45 88462
4573125 90 88357
14992639 64 10701
90470126 96 46429
232596 25 51476
190498948 36 47650
179341856 13 27226
145460800 23 76419
571467825 58 40704
60276895 68 99353
1234601815 39 61735
408486323 39 48022
3463744541 99 95754
55022937 5 12049
616301656 36 49412
3378796925 8 88855
61323864 48 15714
153653053 23 21024
33531884 84 12719
68902125 28 46950
137433880 15 19034
1390977397 81 87749
17920029 2 30055
1240763369 18 95442
283032770 43 57347
16978177 96 7800
72157996 45 55515
2847199 46 4300
176832911 57 43509
43859940 90 40380
3137161 1 7206
1596657333 75 83612
90328068 90 94452
10085784 29 14737
365142421 57 30135
26042740 39 8968
6985976 65 20024
1463768051 93 74977
625308632 45 63388
166142347 9 22882
1961593132 90 65859
1980144342 89 78010
24094845 87 30855
134383411 10 87212
1383 10 4611
154599637 26 74483
13075817 23 47283
155297780 43 20905
123792530 55 20425
4191815 47 22139
13086068 83 79818
2903717 67 7443
5576455 88 80353
1018785109 70 48500
486679717 64 60386
517775787 96 56533
35427578 63 28052
3360391 69 4196
11980509 56 25309
976453933 63 88470
309560121 95 53045
17665194 39 64281
36266158 62 50216
335465445 3 44858
7240114 73 4564
47607182 25 63280
3286104511 36 90692
2203997081 71 83862
12519583 84 24349
694833771 2 57222
33541307 26 15369
4036257387 56 93015
25320924 34 12488
461732320 10 57153
253799 25 16194
60595794 38 13423
1702808 68 33701
67437674 21 47412
1970416220 79 68826
1396577 33 6957
344619884 13 67522
6689811 61 13648
107899012 69 54646
329994863 35 34334
388229435 61 81068
656283 96 3531
488596652 59 36318
133713318 96 93314
623916379 4 40742
131734569 9 92670
948223 57 7628
327366308 78 51504
95641498 56 41120
131291014 37 28761
178883324 31 59963
562115762 55 63659
1027018105 26 48048
297869683 1 46846
1144076 53 17466
770144865 76 98642
163307619 76 18785
3674359 55 14163
1097996143 40 47063
3163159162 15 86074
957227495 11 56534
278948298 38 24823
60057594 97 31446
129133135 58 80254
689872212 28 40810
316134601 68 36242
61742574 90 67710
51060819 79 20173
978068674 44 57926
582875651 63 45386
2406662423 78 99056
2852849 45 17169
770963671 7 47052
181524137 53 55786
673205712 20 82712
2253974941 3 75239
1265944700 39 96404
22238 77 298
1451782844 78 58643
1192916474 53 90967
27322011 10 32573
558730657 23 34128
177013237 36 38755
6851994 70 71176
3236550195 25 99001
659408585 4 37284
24923500 65 47356
10461773 100 12161
98493267 64 96385
122472282 6 15585
58791637 75 31235
168790504 57 94494
581681964 58 98261
3223910255 97 94521
2002271460 70 85154
825209780 25 42278
1139885 85 12404
533409833 15 81503
276848295 49 97083
6880218 72 48770
2329994237 55 73532
372283360 46 28705
405387886 86 28563
11719401 45 55015
51367 21 2716
5509564 13 8893
487745033 69 60622
1652698 20 1729
1967592351 10 67213
121030817 21 27354
16207463 39 24013
52430257 100 19290
2669741392 29 97016
53844861 39 91076
1309300440 96 86069
36836039 72 69820
41195304 65 33127
4486746 3 7398
51115882 17 17704
773796081 5 42490
4739365 90 86887
451239 11 8060
4317843 16 18480
4768347 14 10100
2481646497 27 96099
962331722 72 75782
1082708437 29 93898
15192946 31 71270
31495275 1 61500
2046359561 92 80900
4205849 59 12321
1441796731 4 64891
5153311 20 8559
828806194 72 62751
58159674 52 41713
29162235 96 50185
20615332 52 22672
737483502 52 61976
569 7 37317
365876177 45 91716
169521526 81 55649
3056714502 85 81189
5958156 77 67946
61374589 27 25922
1306237563 23 52860
203448918 24 29100
963436389 56 81161
616580479 97 47398
255138 66 4880
34873521 43 85851
102952811 8 41288
2867662675 23 89420
424721 21 1511
43071293 8 18230
14821566 21 96774
557284182 83 96682
179457011 19 29935
28575451 90 55995
16370563 41 78772
533262676 91 88759
746849773 36 63084
441779643 9 40139
2190997800 75 98746
193435640 19 69412
14505257 43 8604
3201943278 60 86869
108311732 43 36094
11254105 33 19480
460590060 77 32932
244355574 67 43296
1113233565 28 78407
67402614 55 95135
671229698 35 37518
42925040 50 14336
17606435 13 12290
313510425 38 79681
3509416 85 15491
469243258 11 82588
68367654 20 76836
245540902 8 95357
336176326 11 44978
569914235 25 46599
4709396 5 4159
195246806 89 93587
1120322 100 30672
205080567 54 36718
203148874 45 25597
633982310 53 94288
3088075 74 2696
2720417 32 4852
1336310678 44 80238
1817421290 85 65137
22926901 18 12097
77874881 33 19224
14794282 67 13819
1761212 32 3434
74527357 58 42840
119867441 83 46413
1227522254 93 67113
94420167 7 91965
12286490 77 40691
1079278 33 28988
6210917 83 32262
1630727857 81 92286
49025979 19 40236
39087085 59 10685
224629390 87 36111
26220802 75 53449
56333386 90 27412
179715713 83 40882
87641701 10 18479
639156 96 87969
3229380 2 11656
17304745 72 58684
2320362 35 9931
1278873795 38 73023
29354648 43 65311
102384106 25 14883
33604 79 1053
203954944 46 20171
217231406 49 59044
56135583 87 19903
2210 83 31815
2821537 94 6116
221507916 31 54424
43436759 30 14069
80932741 5 18535
384707212 94 32033
154192 65 5291
838253548 44 41396
1494273512 97 76872
293128163 98 72067
322928570 3 53856
569878081 74 34560
199779765 99 34066
834321835 24 51052
892778423 10 55663
2919488882 51 83881
118948419 49 22035
847634399 70 95495
83117040 35 17458
450889355 54 35015
727585268 17 85165
1759108635 68 91985
750824167 88 71114
1295063715 89 58198
444241997 58 34776
75029065 73 54835
2651255 36 39654
1305530865 62 97914
1031466413 45 73989
397693899 85 32397
2624594366 44 86678
1021193 22 81119
62412788 39 26654
221515825 61 29847
681046009 59 55037
19486089 13 83741
1407856 78 55886
566573343 41 35727
1051780787 18 97450
195129988 1 48120
55037972 37 27089
6038662 73 85935
585217495 43 71836
1331640 17 7153
1020152108 81 52967
209729252 4 84783
2439212409 23 96521
588229714 18 44397
1872449739 39 93285
9318852 7 5219
1718929258 45 93676
59165759 18 28338
465423351 52 93739
474187836 34 58187
57611281 69 26202
797413847 81 93796
178604901 63 39675
77331798 43 45994
714502 20 97708
11120188 10 21487
1190541903 5 69878
6806776 82 85725
25280280 79 22100
726239575 94 39779
181396 90 82556
603337073 66 38708
123401 38 28739
1 90 17209
67999251 16 38527
41916597 58 46150
3177798 35 49324
16926870 58 28915
2409527200 71 83101
2300493 53 11924
1495232813 48 88221
368949114 7 51367
453936890 25 98910
2252987900 99 89472
2390758257 88 98634
660171 68 41471
254382810 28 66102
649533971 66 79340
166803822 11 29946
2820396 59 3837
377805047 53 31805
1301436028 47 59283
1055888173 25 81431
1623042731 20 83251
116793579 93 77000
4148060 45 8165
409397287 45 42441
1086206673 29 54792
14743652 35 19654
1671211234 61 66323
20556934 42 25024
127233355 27 46100
476281 100 4678
10303588 15 5700
503333355 60 60126
126907499 86 23590
911213938 49 79713
64069 19 99234
3167029972 91 93438
358412 24 857
968794498 67 54609
129556966 60 69505
129828734 5 44496
22271430 18 14485
16369003 32 58824
40712 51 10703
52779 90 5970
1348831292 71 94654
252039796 5 97456
449597 87 19651
28195607 55 84958
1082878643 86 52017
54023622 33 13451
97092458 28 13950
455697376 53 35246
573382069 13 66904
865634200 10 88324
2711936377 46 85806
10718227 65 9535
136937461 61 62855
160954649 12 68799
811100220 63 50722
413633498 93 97256
557234247 97 50223
58178707 8 15781
229557424 75 89599
505118143 90 61827
7990062 55 4708
95750418 1 54171
1551792 55 3379
449431550 2 96728
107078142 89 19705
2249538613 62 71282
50116034 46 57686
1084822362 58 89301
6728473 51 98550
29901516 73 13405
288627250 90 94489
9983096 79 5323
416855413 75 38504
723893759 69 40178
50747467 9 29867
639598841 38 42277
189876626 27 61353
226513381 72 57304
160556091 86 33527
35548716 51 34391
974811191 81 61332
4498302 33 5291
19558675 46 30967
20756842 28 8630
164590 41 2139
1 53 1256
1576482028 56 70616
2041060105 10 84752
491537748 18 59728
22813 41 4035
253807852 20 29981
31675584 99 9522
8964949 57 53237
23635407 19 19682
2501386471 76 82478
1853688 93 22742
53925035 46 43472
1366015089 49 70696
68462592 85 23928
522079616 76 33210
266026222 35 27933
607541990 89 48688
244426265 82 42631
7279540 62 69353
3148743 90 6090
87844331 26 37623
387657747 50 42281
78728889 75 32782
170042945 88 48065
269626631 62 55383
263801741 28 71358
3783 1 145
47370873 81 46080
548186987 18 52638
100944025 78 14120
14067188 51 15684
2051207 71 41254
48006500 40 37399
592621 22 6225
454414109 46 35389
1473991714 44 95098
1170879597 57 98029
11117431 80 21707
93223958 96 50129
956761 36 5041
800515801 39 55066
779810369 44 39926
1411239996 77 54901
2331491010 69 89982
40114625 17 99172
1458207776 97 62640
2045442513 77 64840
655013152 49 54432
59135 20 12806
11435222 59 12152
2005749775 96 71523
3993943 25 58827
3256710 88 18739
419176 43 20558
124933903 33 88213
1921057057 90 97926
397365584 64 32807
535666886 7 41562
2471660591 34 91779
26448789 84 7572
1428597086 31 53968
688155056 37 41809
18549187 53 35216
5823225 20 12693
444425512 77 44838
2233418340 6 86450
8491449 10 7833
146380019 10 48389
62855313 99 12803
403688825 2 58698
2837944880 78 83473
43049199 23 26465
152598924 7 23764
255759958 24 57168
1513255741 78 58277
988849808 70 64920
259510066 5 89945
540309476 96 96536
118951 91 59619
19319 52 2027
2109864865 100 65376
3799008 7 5650
198080944 43 26217
455775284 88 44867
741488 30 4303
838239974 52 46644
4472720 43 8153
28592284 55 37941
412547344 77 75725
9967718 90 93932
18912499 69 6897
191265338 9 65649
7518341 23 63605
181748074 37 67476
827448 37 12705
83206001 13 34540
1 75 23182
423953880 10 30355
1940156338 32 95409
8721446 76 26099
443315550 33 59639
186378885 15 49158
814370075 98 41121
2868247114 29 85303
974509450 23 67325
1253140112 52 73982
1167232 69 14431
141358979 67 18614
2569182727 51 82520
183703241 71 25194
881449429 95 54717
662705212 13 67821
234249097 64 51657
2263180494 49 83505
1957992 86 54865
2071209435 66 73510
336509 62 7704
6835766 89 83937
30668059 38 45858
1915377736 29 65991
1802329592 79 63706
26288810 2 23334
685361696 37 69403
451902620 86 38441
79774154 19 16228
329001836 34 43205
48803 5 1157
750814061 75 55405
67903476 56 29087
289968650 38 41741
134930954 86 44573
104503358 90 43067
7864134 20 12380
1699064 85 54169
698296 94 15663
324257952 70 32008
2392304785 86 77079
24606371 87 72868
930546 55 19083
1675747008 69 83748
158666450 63 17893
658429 84 40606
108784363 42 49648
101027301 70 27556
623419158 7 38763
392825995 41 33806
48970989 31 39194
19766677 8 7754
435929477 33 57901
413575 68 2154
75410567 85 34939
131196119 64 27081
65691630 44 65321
18563693 59 70851
422131 33 2114
12553809 72 5240
33751390 95 30595
3493369 88 49205
2477141 14 2272
12738911 14 32873
852193 44 9648
658049204 32 86166
1879327857 85 69644
5349863 74 3941
728232 62 79515
1129267304 95 97243
1626183505 9 75657
2000211 21 29501
1019863461 54 46964
638738452 46 42530
18844458 71 74587
11226727 68 9369
394096979 26 31680
151783996 58 46607
196897955 39 26598
840935786 27 93775
21584259 78 12601
550308499 29 67907
1747400469 13 87165
398618801 53 38347
238351810 72 38502
1900769525 81 78789
258983920 1 72139
10898414 72 77904
21324383 44 7758
37274733 87 8716
37278371 24 14582
364906508 8 49077
8398850 49 9038
560221 84 23045
70704390 88 91754
14444009 49 69858
538538 49 1369
743947144 56 40718
109532680 21 83592
1413137275 34 69968
1840317508 50 62544
685203773 52 47504
1645593639 1 82675
113629091 44 47900
2017473 58 74947
3251169196 5 93837
16848243 65 6345
40664364 3 47536
1744135 79 62268
195225908 11 22121
120191335 15 87026
25683545 100 7976
196970141 63 43701
969936542 85 62191
674509884 87 97437
1355696715 55 99936
60117 35 86300
4874516 83 13897
347046114 15 31183
1167241877 76 55018
3381701922 81 99547
235080730 25 51713
24170 2 183
383946246 97 48534
398580761 2 72953
2026093485 42 83068
1680691994 14 60770
6207305 89 5340
2410584642 17 84535
598797349 78 69055
1 85 433
105107804 43 43724
62173094 99 33766
15623520 66 31888
2279352248 86 93770
911725107 90 49439
820780988 38 68337
375505739 34 42219
9230255 15 4504
29708 68 580
7069879 49 15896
169951935 16 31342
28459521 47 78680
734149221 77 88422
297901138 10 34349
4230330429 56 93577
107423997 64 29013
320061804 86 37833
14977387 23 24471
24784895 41 8576
289833301 78 55613
492263800 24 35508
47034695 71 44058
25889012 58 33966
1268512971 73 93935
30444902 46 34921
2344863074 77 96107
3005651608 51 97791
2039036 43 15836
1352 60 492
701585075 19 72285
1425575064 90 82580
3210047 67 2653
97280033 79 20081
931416696 8 72118
814405710 87 68633
1393198 98 20319
15810546 13 44730
153017798 73 48774
271050181 86 53801
575136868 63 71960
162824123 59 18742
3406863 95 5984
50607384 14 30466
81414075 17 33424
1806540771 36 69623
2483040210 14 85159
149144385 24 82210
20095 58 1502
64402 59 18971
2041987454 92 70841
263884837 45 51652
1940479 64 2216
407891587 2 32109
251465688 50 46533
208322104 17 67000
480827 4 27980
1576277 38 2112
1757424 90 18263
1352836879 2 70141
43991 89 282
1705563511 98 87711
1220357649 50 68219
90969207 65 16580
1086307664 2 93158
124422188 93 70806
25469877 51 16578
176577984 96 39149
2259104825 52 68144
42028430 10 46061
8954265 11 30499
38889104 71 38055
3932514333 78 99177
265866325 6 68289
268199052 59 23816
15063087 72 6381
154854940 34 91345
46510739 51 56778
953520913 67 52513
26657174 12 72710
4083463636 57 97870
257008914 95 45257
59685297 90 43969
903247525 38 79095
2243729426 54 76969
233420434 33 56769
11551501 21 43656
6794013 44 20120
361152387 16 95192
794555159 92 72201
1698937588 21 86353
2805924 97 9140
84001045 26 97314
550824 32 1113
989304024 65 55578
252375635 93 78034
900741031 89 45714
749255260 46 91986
2419007699 32 93313
940076134 51 57765
7155439 13 33857
172888152 81 76509
298579546 23 82514
11270962 45 7939
494217730 73 45012
199407791 7 51095
19580162 29 28835
537986133 54 96260
22804526 39 63974
376373334 43 49965
135101633 4 20149
126181974 49 27710
110419 1 370
69511410 97 51153
37882149 53 20758
720197610 71 76212
340520780 24 51182
331268762 98 57176
78694010 35 24121
442404 75 87213
693080298 21 67713
333575147 18 32853
5672647 5 12833
120003041 4 15674
25336451 95 99566
2194421388 85 82528
1153285810 29 95899
834945796 19 94849
317774483 28 52426
2042265513 85 72226
2024839751 18 96088
105411612 62 19288
400254888 91 67186
6370889 100 20313
1478920172 84 69464
787553989 69 51261
35283664 49 77130
453777698 19 34135
4438059178 48 97851
120374353 51 36780
42306527 5 10488
277369204 39 26494
471293479 60 69354
28521964 24 62500
845803480 27 50093
4422795 1 12036
4833884 74 8955
165439245 72 31931
55169541 53 12638
2050598 21 11606
872671911 41 43544
33133795 97 27751
24988875 13 33835
776711394 68 51202
62697092 28 29011
25267326 77 71272
1031139048 59 82768
578747974 88 34690
154982737 53 68711
9231875 1 44938
59618846 55 18374
936680284 62 62619
699698601 57 63212
142352980 42 20936
3957031 14 33323
240206 39 602
1527357022 24 97136
7035940 4 9772
16631707 98 37785
2335153 99 5166
94333576 73 62652
27603165 40 34025
257907043 49 88071
935269545 65 85620
36863783 20 17780
239459643 53 33690
7628654 34 5643
174182 57 6268
60984997 91 93956
1191795523 92 75784
199322301 66 91465
1010509566 5 66576
1280561960 81 64383
504975793 3 77707
93387719 12 29072
1308980407 60 57718
735970542 9 74235
1036974644 88 98490
2143845761 53 71501
1453331689 79 70190
330354234 82 37789
57277464 93 26012
1228248 4 8951
341854587 81 39599
213576151 76 20763
480737137 62 40723
1891509 9 24166
29922 30 4013
281231 67 1133
40473488 95 20564
1091072950 61 77123
51959079 26 52134
52853154 9 54483
1692424 94 6100
484199416 91 45514
56387 42 267
3145275909 54 99247
1695415551 57 85455
1089754485 92 66638
44526978 98 77406
21225154 69 80212
447455012 50 66645
1443075004 16 88993
99910948 78 49168
437686891 27 85125
183105899 72 35185
542866332 31 37669
358069121 31 64555
1682471314 50 79937
2358959045 55 78944
26722343 67 9832
4255189989 94 93270
3604581124 55 91168
61417411 54 14163
141097139 96 30016
1449923567 52 82592
2334317293 38 85310
1377970732 38 73118
205557 86 12983
15532154 13 73927
1246293246 27 55680
140471539 15 63140
1261366013 7 83593
2850299554 26 87483
2611526 45 3606
14012013 89 10154
33977535 1 21602
90583851 20 22388
2598653 27 10099
16573587 21 9820
36539933 10 62046
4061997 48 77780
755684823 51 60541
88738779 96 93290
481178839 69 61359
8112588 43 40400
1044376319 70 49921
1305344570 54 67133
2927671303 34 79726
86708975 82 34832
63772603 2 16699
247580212 29 43468
18803 65 4139
11577759 36 12333
846470 82 27188
573768013 7 43275
978828098 42 52030
1253489 18 7968
8722253 79 4497
119574840 100 71018
807583111 1 70987
1071588529 75 96314
2148741112 27 89552
63108937 12 25800
245566000 49 40839
1587095 62 55614
9353570 95 9931
1338560995 95 58879
33923991 92 41390
12527674 45 25851
131999 33 12267
2087 14 1792
90548390 23 30749
360396339 4 59758
638201811 26 69358
174236238 88 81441
2049463451 19 78671
1010840752 21 49296
1741963754 1 69904
1467430 72 10326
953687 8 1566
114468004 24 18741
499387757 30 56030
79017073 54 44692
6106948 74 8594
3398349 68 3723
3495603 56 7357
2066965769 38 97671
853057681 98 42328
156200 65 13108
1170634882 56 55530
316153060 29 45381
231381488 50 22897
27911915 23 40813
1317632148 62 62132
220445635 92 37784
92750008 70 29196
1363948991 53 65255
1541918803 96 98986
20024786 16 45471
2296911575 27 68744
10640877 68 53054
927786635 73 44584
2149975498 36 88389
3309521 77 19170
1354388675 4 89144
1654080 48 28332
238029816 41 95431
1841782963 74 72375
3623727477 73 99027
86002948 38 19650
77360027 89 51475
1399359575 83 55923
10723919 62 14541
536487084 8 65914
44559419 76 29618
699924543 39 65826
327333393 97 37763
36410706 29 28588
347554637 45 27581
37026756 29 20072
1062066796 87 93044
1288371 62 40141
315505227 95 74632
5099295 99 94400
781357051 8 53705
1156362779 63 76026
381204638 36 35815
622152190 21 73389
159624379 14 17906
160113318 96 46020
86299029 45 75411
790056892 28 77925
82642356 59 78644
2608763230 91 78578
6574 53 91
2802595 26 9289
35139894 11 20019
2149937220 26 73111
522912768 26 65889
1412302348 10 68990
275581050 41 52665
397847019 49 52600
6301726 97 3539
21188771 95 9763
3111872454 1 86863
1057107243 81 75301
2694200 45 3819
1165954262 73 76498
22354818 52 11038
1050740710 76 95471
1181031051 17 50555
20138892 24 75019
520912 62 1147
268855407 14 75968
47080 99 2178
254692 32 28213
1116276 35 64990
1661983 43 26263
841900285 25 72175
251369275 86 40000
1004567058 19 55840
99891604 44 25688
671734873 39 36862
1228954241 32 79445
1150420897 11 52220
167797591 65 64887
1506234417 81 64775
102137 48 33804
3142069006 97 81173
3466900 43 14499
305018934 66 33451
13959170 16 15371
343666481 74 59128
349007 52 46130
768442846 43 45009
1359524305 89 76860
786719331 3 50514
1497383101 17 92750
537720931 97 48309
700775168 42 68296
50940526 50 20020
291065271 92 46056
4326655046 72 98844
589396172 49 88867
1662376189 49 86314
144351631 25 28382
1096533980 20 53324
12835409 77 57286
776414582 68 53837
145641131 66 96167
5263639 17 17141
43109679 19 22582
113764323 38 21228
2531872395 35 93890
28857898 93 58212
36547619 53 34856
3412627 30 3018
908312267 57 81130
3096022 73 39901
27959442 51 39087
21513542 85 10157
1596534522 74 61048
279545256 82 61263
355994634 20 43829
54008034 35 23084
64862179 5 15166
503582227 39 60867
782507114 45 52200
621718134 69 89597
88384 9 566
1 36 2183
650157653 12 62962
1756522149 88 72395
2623981563 5 73515
57694222 96 30719
581242520 78 96369
5127450 44 10079
621466321 39 50086
3767891026 66 97025
155055544 21 74700
101749166 87 40754
258510642 9 98244
558809725 71 78818
709951329 34 76676
3069926528 44 83199
1802018 87 5854
157900449 33 30275
828083178 72 53230
76697716 67 16183
1204449425 95 75619
1100734925 50 93292
1445484274 60 68137
92974652 94 64011
691290489 77 81929
349746785 80 94663
222775229 25 63981
3329504 3 6194
339375797 78 26181
788113 9 3886
10138 55 9499
175263 35 24005
12270559 11 12798
1418683474 6 99818
2220681048 3 73198
232567789 61 87169
2105287542 42 66794
2007129149 48 65098
508955097 57 81348
1643678779 55 94115
153395193 53 55244
2933665843 86 77913
98209815 10 47974
2965707847 18 80096
81988471 54 14452
32804845 52 9099
614471 73 30556
248665497 43 82696
149694147 96 86077
784075164 94 87966
353462041 46 63379
329090883 73 44001
1508601 55 65163
6414807 42 11871
2217153680 12 81637
1067290685 65 51978
98045454 74 73697
360680000 51 34315
1755431379 19 67381
5346277 33 90851
992983500 91 84955
1 85 10698
2643264638 56 92212
30354841 92 37231
38718906 56 10670
108443364 79 26654
91527 90 674
106210389 84 31602
244565272 26 24273
1150347791 65 73554
196819622 40 34476
773938044 37 63823
282185213 81 62356
1867931098 93 94275
13834018 6 21598
980688465 36 99346
2350459919 21 92592
1475801507 9 66370
265598257 97 25167
291608643 65 94254
7714 14 53467
1943690902 57 81678
2889049132 13 82834
316990489 73 59127
835352227 24 99558
3964671 65 4227
55409351 83 33590
223113998 34 37849
1203544883 95 62498
7129462 43 12942
276285193 2 43513
275742387 70 30564
39686713 50 65263
271222704 43 55135
36021063 87 11596
386090411 31 32170
1080723322 40 76675
649260808 37 89757
35329512 92 40504
168007830 65 27210
1195406745 67 95409
47192444 98 12430
219025290 60 37024
142232455 2 21921
21505 94 146
121978229 69 44787
130587 24 4640
74374751 9 50010
1389932 39 49951
79751513 85 13531
521569685 69 95655
820811330 64 75071
144211456 100 17193
104340105 35 31804
31614 20 302
128585540 76 99129
639237 95 2946
2704509592 46 79211
5353992 61 57895
14371066 23 50038
1583607 30 7513
229787054 58 95159
137160111 77 27034
74102927 49 15852
719047680 73 64864
308758038 66 50179
162102929 50 48237
1138809645 58 91823
36132874 74 19654
930784165 35 61866
824868083 92 53129
2923592215 75 92806
16014640 17 13948
212530845 97 42270
28512323 32 53087
38545250 61 11582
3514221 27 77154
360716545 90 72711
549667243 41 62771
674190074 1 88890
1766827117 1 79487
64835871 57 54836
3152872409 64 81791
134075355 44 20902
114151378 55 25479
4039883788 86 92397
90225282 3 22330
130181378 17 44909
1797985 85 1816
14377 14 9958
6151788 80 32427
23682374 18 82846
198610999 95 37822
320621049 96 49802
58930270 21 71535
13622125 4 17608
37912 66 333
220267 21 32779
20802015 14 8091
33795497 62 11081
4369931079 60 96312
1835940573 68 68487
478820334 49 52692
206821644 82 79574
150116196 5 48339
320500903 93 98700
105011086 55 15753
67915769 30 12367
189356843 34 58511
67209233 33 48610
741450745 91 67480
2497273099 66 93204
119902996 3 52576
553210865 44 72088
3476961437 51 97450
1135190637 62 67610
165617828 45 30049
1602265490 27 80568
530558701 24 40690
62962075 92 28066
661720392 47 48482
1332756438 61 89935
1165953649 42 72063
2321923209 64 86857
2171720264 73 86729
33992245 55 27733
17886956 37 65863
21651603 86 44863
1705368 16 8589
49428511 92 15994
451084319 60 85828
99162270 9 25422
10193844 32 10262
287465898 30 71213
141072971 80 20344
809607 37 3917
202817 26 67510
7342467 14 6268
1 34 63
781579228 24 99719
247905082 26 26319
5839649 52 3686
4182637 48 10824
1273995 86 30221
9154504 28 16138
6846433 76 58857
881850161 88 51173
58511128 51 15305
1252683825 26 63296
177647931 9 21610
1725450826 88 73145
1640501402 45 79504
30771 25 21123
6827299 89 5877
140470715 78 25126
50138049 90 48856
202449356 70 40469
158873450 54 25565
349376102 96 79568
74548390 19 17474
385827104 74 42134
461305955 17 43433
72741520 81 26727
246453 70 33996
581180725 43 35632
220308887 81 26558
14693671 96 15908
225327472 29 35764
19047494 38 48897
4377044 84 45507
667520135 20 87763
582067 11 2988
31994508 57 65040
332918223 84 53609
1006445494 30 70170
499917823 24 81432
793905 81 4004
965880215 41 78871
1801481454 51 84200
640581965 11 76772
1727765 95 7644
31217859 61 17227
3387341523 72 98773
430096 83 10401
1032609728 3 56509
11089467 79 18080
341336511 31 96282
19142734 52 25517
179320982 7 64054
51767088 81 22702
41560265 26 52950
110168583 95 44179
3354853720 62 85451
1049975266 53 65628
1158068 94 14315
682700 8 1126
2472932199 36 85339
907533928 78 93814
27158927 26 17040
4216095401 13 97500
15494950 5 10920
285997592 27 24147
1903793117 11 76794
27734354 97 46738
13177945 34 26127
1212524836 5 53422
3583441 4 3406
961583082 88 51727
172518230 88 70018
26513324 61 60163
30545058 98 12014
57421585 68 12507
76890025 61 66271
425863945 5 42969
16110358 44 34904
14743080 52 21368
61110462 37 28756
844803996 77 84926
434393208 43 40186
88783 86 423
54066860 16 39203
164611901 40 39286
1498454546 28 73920
275425396 84 54148
1019481824 27 89257
98703521 22 19050
52656779 93 21305
72275629 79 23342
25254683 89 83915
14980553 16 95410
192759104 93 57786
330227453 75 73801
337221856 67 43397
153916374 57 42257
539101686 29 68046
5271857 74 16931
485519744 14 82064
1201591858 64 87705
619029 8 60585
21695537 94 90692
10728671 96 32186
2286132 67 4549
1034476 44 4205
4350554 26 72400
643206471 72 83706
578399885 29 35470
162875330 98 68946
100842546 30 38130
394724124 18 92116
2302823002 92 96278
149374507 11 17802
137712182 53 26320
1656507221 79 86706
46512716 66 10214
1 57 53368
1301270 59 5976
490736074 41 69363
39652234 76 37790
548165522 44 56231
19146333 20 47897
124615044 56 56247
1088379 56 1979
10175155 99 19094
994277066 52 68279
29336628 100 22839
19061431 55 22241
172053703 14 28897
41594668 88 24293
32476961 99 94623
994088116 81 46910
18514931 58 18332
1998409989 3 86745
21261 80 2503
307025206 55 99311
138760898 85 66235
3479148555 45 92649
844674 59 45816
231645931 97 32551
78861592 19 14127
966478958 94 92891
89451914 89 31778
132942533 67 82961
546576076 99 76553
1173479 86 42529
229464177 99 38767
14055425 99 47500
148283164 96 22231
12688678 82 30031
658173186 69 50119
142386397 62 64572
164645012 51 24151
14817649 74 6751
336318273 85 88554
1 99 3646
375020648 16 34889
235387939 47 24066
113468450 5 19395
57467387 18 23063
797004365 30 69097
164285979 19 30760
869504 48 44067
523988328 10 80888
16517060 81 33912
134310885 84 35338
2245748824 40 96665
157297289 49 22671
30087057 89 82573
634595927 94 96480
596789 7 22677
1751753024 46 95523
250255107 50 74461
832886 37 22505
2523544 64 2798
137949 84 55515
3981420746 81 97035
748071408 42 70552
1565164283 28 57058
5020900 63 85726
960208633 72 64032
2679002830 26 97480
1327905917 81 70351
18699798 63 52578
214304785 88 36486
249088385 34 39674
1211637588 33 55467
1407566 57 72793
227363789 40 71552
448464662 18 62996
480552 1 8886
90627973 90 65118
2180598534 75 93312
161208679 76 87929
527142487 65 38159
85149279 79 46641
597662796 25 56166
743740771 59 92061
743950874 85 83337
1077533038 35 76736
694228069 70 39417
8749412 49 5146
90942962 87 33852
26672388 83 36418
90391742 41 35852
187408773 10 42393
2965540216 35 93218
585537190 14 37794
296330 86 12410
1676421038 61 94411
514019438 6 35098
1388011 30 3945
210824148 30 29341
17482582 89 80468
1472698123 63 80919
82599302 70 38400
168214344 77 86398
255433441 79 48211
1255476867 32 66305
1355305808 93 91150
1008236547 19 47874
593658216 41 64625
14937405 76 33071
73706584 64 12622
301522853 76 79559
865396244 38 61214
1610095 20 22016
1270963462 90 69451
310673862 5 57894
564680357 62 90492
40587998 48 9593
91220268 50 21290
1183882 21 7425
1016473372 65 54325
66991 26 10068
2609568725 13 77661
213951234 11 30565
614193481 66 80904
9475 94 556
60510544 95 80882
6887429 21 12305
88054654 53 24630
1474546119 54 77119
566505901 91 81442
220452642 13 90484
118726109 54 40334
254365949 88 75553
1281906 52 11244
133341273 16 34237
105723237 100 33592
4449616748 49 99260
163521371 91 73814
1599659618 91 62040
3800963962 19 88274
1845933 7 4754
63144129 99 65589
2376953643 43 78830
405497923 87 28559
44417063 100 38518
12452698 83 7924
312446145 46 43599
674841 13 45139
10860699 59 72115
21669727 64 37232
164181513 83 40184
169624901 39 28203
70931342 82 65241
435231668 94 50106
2174658762 96 77591
139384068 6 80668
91893095 55 33842
41070562 71 41981
67977224 3 21330
986598373 16 74938
117503674 99 20350
1802153 3 4516
230437699 88 72543
11952909 9 18087
101668200 66 84183
75262438 72 77447
153857927 16 44859
4820582 84 3239
942078647 40 44261
24928502 64 16363
1349790204 76 85463
6653424 91 58174
33980215 5 47796
700992293 13 37681
861499467 74 69278
62499616 24 35767
169249611 73 32430
23688308 50 28097
313861687 45 32495
1444521708 28 86216
20957229 3 17329
257713355 93 85180
75206470 91 32422
2236545528 61 82936
583054 61 14501
3857602 72 25534
776406466 63 62662
23418702 10 26579
821718 9 19334
49061670 10 84769
1417313546 46 70916
1576539572 49 64432
8043664 1 80821
12356468 47 53595
316630 12 3473
173042 16 593
1845452715 57 96742
8806590 65 78953
7425235 89 4649
171137963 10 21635
234059740 47 87851
57418537 43 93200
2972826068 21 99352
2465276 16 10479
117085128 73 38378
439964151 87 37874
583285822 78 42941
31361649 13 19865
185232658 57 57309
1654659500 83 97146
26111483 13 14615
52965 94 4029
33483567 2 27673
1179896799 33 85202
523848841 3 36592
951987474 47 75701
4023635 26 89073
3031031731 81 84208
50055633 1 41572
251963083 75 68800
3615379673 30 95604
149909277 65 23618
1326464189 85 69347
45255915 67 35023
2839131956 37 95597
2482415447 40 72963
209086225 60 51395
305057589 61 25379
4137777 5 16180
2616270574 3 95143
102666123 36 34210
18639384 98 9705
36199195 30 11556
204567820 5 22080
17109941 76 26276
1571782 73 25177
1170151407 58 70123
24804790 79 94279
3895201648 60 90960
18015232 6 8779
768129020 90 51885
260941189 12 56011
902285733 25 57380
196923282 92 47221
384083953 57 96803
1210631907 36 82400
195862881 6 53493
3682 91 50982
1518883462 92 60418
27396396 66 31089
9481020 33 56332
4702878 5 56879
5108 15 109
189990975 35 79736
1434002526 92 58755
2733895 41 19031
1594278499 73 71581
29980899 76 60663
132144148 90 58663
38139099 51 34198
2118243 19 91475
742169109 91 79245
451176134 4 39986
1438789772 53 56282
2293431246 79 69630
2509703218 66 83829
817188809 81 43442
4345285 31 65044
2405784447 74 84730
322213641 68 35156
766219455 6 56134
1002959482 45 56730
32067109 10 39979
855787044 30 82790
462503109 93 91592
721937069 39 78181
5113369 84 50650
44526626 11 20649
88075072 39 19928
138557301 40 77093
859231570 58 57178
310813970 58 72441
73112978 27 17553
212016047 54 57148
804501592 66 91193
288710 11 5890
249017 100 2568
2211819253 75 98507
1245249689 26 79558
354491643 67 29120
433122927 58 29749
98023626 77 18944
14431383 17 9599
41462361 49 77965
12172453 28 7812
4219966 8 6205
2998661 3 50602
479565508 63 48247
733159095 59 73945
1278027394 84 72051
378440 9 25291
374416018 47 56526
1313010421 54 65349
559069342 38 53163
2299257 42 75084
195496322 4 31214
64655513 15 42663
82388853 93 31347
266627813 18 89005
2062740534 40 87413
62604936 6 65407
1046725943 20 99594
30381327 1 16126
1302272558 91 89063
110494455 66 27438
741820039 5 55898
28873110 79 55234
2598414 27 12123
113248252 41 52408
156501633 15 24448
330060217 36 33401
2748056 85 56156
1367882925 87 72343
81815819 1 36329
1928616502 66 70326
410738270 10 40024
117768295 70 24989
184386817 33 56951
853790185 94 70026
813038834 39 72197
2798767841 79 91279
375877862 80 34001
1269476105 4 91985
169643158 52 22101
1110719 92 12421
48724650 34 33826
14014516 26 33736
6885796 70 22078
4371625 26 28550
358800 95 44017
131616364 57 17405
410647301 95 47487
396923 19 28695
930494732 15 55711
24357387 80 8517
590978 54 25972
87448792 17 92862
1299988049 90 64373
373200419 74 40816
83278479 70 24260
1549915583 44 55624
4488214 15 67521
1539390931 97 98866
341076883 77 31801
744171 17 1306
406600965 84 34954
422902688 90 38576
410399213 53 97138
18895423 83 27918
1465439574 52 55536
76487993 72 28331
4824736 15 42638
900516237 93 61440
285696891 76 51187
201749961 75 23432
15391217 27 7701
2052576547 50 80934
156424179 39 64095
288469480 61 43358
2129203762 61 80755
223053700 12 98631
1092745048 94 87828
58724106 10 23515
553312794 74 82812
82470 83 27476
233601014 80 49828
2806935908 74 93728
568553894 81 37705
223496537 30 63007
233244111 88 67938
2422484 4 4421
48921909 26 32484
1310034578 68 75363
99762849 6 41772
84154054 80 73088
5748835 29 5560
85151662 75 37855
108529061 86 47857
1943142937 89 91767
94430426 78 14768
110125827 14 55289
26606281 41 17576
137141 86 15761
314256417 1 50869
5149235 93 8885
297464748 59 33019
36231014 86 60894
931957912 18 91278
716042719 19 74759
324770477 80 41160
16707882 97 49166
585205773 62 79733
181296969 72 19894
28231233 98 7861
32482 49 1282
461596831 85 90299
112559685 42 73289
37548477 62 20137
2897362789 24 78292
4544942 27 24862
3496006 25 3717
35540491 86 88179
258840921 44 35482
851173165 49 48078
2045170276 16 69182
72997852 71 40843
27274610 73 54133
869317971 28 52405
28749156 88 23761
465628735 36 92932
599396 23 9487
323151096 80 27614
164875721 50 43080
2169841051 28 73520
694110122 63 72679
2381875 47 25807
101249969 12 15641
419575852 81 33651
667752024 62 94467
28006585 82 59263
1582611743 32 68343
25059255 81 9549
855786542 63 63987
189701 92 5334
483867802 85 74111
490266569 29 31597
1585822734 27 70440
510283094 31 85002
8681748 11 9324
1337960665 73 55494
132520461 49 21976
1225635 34 78609
12409089 50 39159
3074620835 1 99882
914389186 71 57614
194788426 30 73680
281733357 1 99446
104791898 26 23807
742349775 23 97094
231276907 98 47025
2662964255 20 81366
159969936 76 26744
6348429 51 7272
1411078078 21 57637
257357817 62 91537
63542681 56 56833
30038548 36 21338
716550816 33 76404
220612680 8 30059
1637925424 62 96405
20585575 84 68924
123941812 86 29885
96285223 86 30778
20989922 60 11050
7706464 94 22844
253313857 41 93228
457275823 31 73347
619133657 39 42689
887135362 43 68266
437701998 1 35398
42337940 42 88009
274626016 76 50511
49715235 20 38524
132386090 48 18791
17003432 27 8678
688093 15 18658
1163350548 100 93248
796179869 43 61124
843025748 64 67843
74347 60 1992
96153966 82 16697
2728610061 35 87269
3951 64 1741
105679719 24 15286
62720783 7 26517
10561222 25 11452
1889402646 32 76463
48259394 79 57783
37642460 6 18442
119715894 57 61692
6971683 78 5216
5445703 87 22437
23126529 11 24198
471623823 15 55759
184438655 23 67546
4770293 18 20958
1542158190 53 57063
4703901520 14 97022
926048661 48 69867
2653806 81 10351
811320633 2 56624
3760106691 42 89456
87962908 45 13331
984636384 88 79703
7645 45 60927
6280233 30 89638
146424433 97 33273
2045537 69 17381
1051979793 56 49876
67330 100 466
2875716 22 5550
414916776 12 92934
503122657 2 32110
80136369 89 72213
201223002 16 51365
454891520 45 30177
3299052 50 30584
1869641783 65 66543
635806740 31 87555
18767728 40 26129
922713179 93 45245
341808450 44 41893
229897783 82 54897
648188086 70 94787
1258421254 60 99141
9870865 23 56054
1214912 77 48684
848257870 18 84841
110540712 81 20486
7744441 95 3915
3294837126 25 96873
79826 13 570
14450338 16 91069
1059045556 6 95488
1114793385 5 50080
584054225 97 52705
133070948 80 76052
9753982 82 14273
131014364 51 40638
128578546 19 66737
1824076961 21 71090
200561414 67 51401
694891 1 4799
285135733 71 36009
649017865 41 37807
523651 5 6444
481855950 22 64745
3767080355 5 92824
286552626 37 30318
11568283 36 7165
481522011 98 43060
18961988 56 10868
22210154 66 57845
70152389 71 15130
57379335 55 69021
599133967 45 98188
13252866 58 12387
409692 26 5250
147651690 67 18488
47886329 19 15532
209543387 72 35714
388585080 2 63129
1752493877 34 85040
1173137939 30 49261
232716695 33 29041
8022321 2 42308
160207426 74 65802
856837891 71 68513
1216257340 79 92408
38757043 64 22211
18530978 37 46018
1201235250 78 66967
273410962 43 76422
194060820 21 23970
122358994 67 51998
157728733 84 27330
2747651590 14 88057
326421514 89 32243
310573633 72 29756
178471163 4 48441
163248244 100 43055
533269629 9 47413
3873570 89 5398
213823 60 1166
4024920 68 84856
8546072 96 13131
10514046 94 29479
20234027 86 33203
204410500 15 76122
485244216 86 75744
23806938 45 33361
224216530 54 69606
2024528964 64 67419
416098053 7 42975
12040921 86 60631
19275459 71 16183
5005565 63 13346
672094266 57 53597
43650103 39 13358
28798610 61 9568
704755313 64 46906
4275237 4 8558
99730309 23 62920
619910940 35 36725
76460268 39 95090
2024751843 75 79006
36416468 82 23246
350657994 41 26711
3235502 42 15629
261383136 4 54340
15422557 57 20794
659489467 13 48866
546455905 69 77135
15933 74 7182
185475657 44 60327
335097824 4 68587
798640327 92 41370
2051635800 56 83631
1181849429 88 74931
1050131718 46 48096
346906956 65 29426
2048966909 74 94046
1358345616 53 94766
3340559207 76 97109
231528653 63 66257
37606655 66 17675
486904239 92 81576
2847675 82 21458
535424680 43 34928
64584218 97 15762
44734759 98 34249
56451263 37 50357
1279796754 58 51142
1062884860 39 55493
843201061 18 66910
993727490 2 56525
67352746 73 21985
1132683018 91 83342
360737 75 43985
27129169 59 26267
2084627039 85 74593
642358765 22 93654
22777 53 4533
183037842 94 59735
17200995 23 19862
16173004 13 67896
48230379 63 11325
300814092 11 48385
3050809134 5 89990
2713245 96 3909
216442280 38 83740
2549107 97 44907
125923517 31 85575
1718210 70 55109
35729073 1 15653
3917656602 19 90198
2093828967 44 77093
21463969 5 26653
170087796 82 85750
3727921 45 18515
366296515 12 33326
271342216 24 32059
345723369 51 45496
700998376 63 38544
173194009 31 82160
2609310653 85 86690
1904720978 21 87530
10303395 56 9603
140878216 52 17868
33554018 76 31180
22199369 77 59211
102795661 3 20751
1653108 72 50088
46220449 39 22828
26248077 31 83293
170927622 46 50028
46883003 98 18946
363678854 67 35429
218235572 80 27098
250394427 37 35613
246309843 86 69037
1497143985 89 67282
1347941154 4 75447
882318 93 7759
16943245 34 34520
953247276 11 90975
528406846 28 53964
23722390 55 11528
355002816 88 57938
47857099 23 35214
61726958 69 23796
294635581 86 74062
102210696 26 25486
17829447 47 30685
1831470025 74 89572
9274 90 788
183626476 22 62788
130404 31 8701
2330554995 46 74838
642620238 95 37761
829569163 31 95697
3171901584 68 99510
497459 53 31031
278009503 95 80841
11681446 20 18694
22256540 18 16366
37297472 65 43822
2629924495 20 72843
290454 53 910
1124981879 8 52875
109010 43 28950
379646 38 16445
132459212 84 16943
164977470 9 21811
1300566231 31 97285
2455868990 58 82038
16907085 86 8275
420664952 24 52251
941583802 74 49523
918392913 47 57286
107465959 45 29219
102749567 56 79042
847631473 87 45531
318100777 97 50274
21144738 32 53653
18709726 74 60001
1594643693 21 62439
592028897 41 64207
1233787062 91 70719
9534759 93 64049
210673399 12 23167
822589042 97 87755
54259040 2 55711
31992534 52 11584
35302172 81 59669
12604749 28 65525
478527124 89 81165
542096311 85 46004
27842196 36 10508
963243923 64 90491
10840046 45 30580
211250883 76 92833
237540616 8 29976
41615926 21 18768
9819460 32 16145
186516029 92 52267
46573126 75 13883
299133 28 5716
442847368 59 85549
62670754 70 43661
244565154 93 84026
1198069 1 2009
7346107 39 90476
302452683 58 93873
244155864 16 46002
73887523 91 63255
177839105 9 27761
24213092 99 62339
2108471901 94 82694
868055719 34 52125
329475505 71 83086
3196261 56 55933
407927967 8 44733
455742348 18 84481
55536114 52 42211
129689419 30 16744
82234629 100 22377
815687 36 1294
926009554 13 42957
1613360 34 8762
341649682 29 78650
12484637 98 49079
1357539772 27 89634
30635792 92 17656
493422402 35 50898
1463918 71 3038
29679 27 6775
17869 75 5794
384156530 37 89248
282852 59 20118
3666815 77 54282
1029050193 8 82786
2355361831 40 72731
802498877 5 64383
14620550 38 10018
581665958 58 50009
15867868 93 29527
15695840 22 39610
1094020813 71 90462
329622623 59 37738
87471932 23 52543
1292509263 100 81878
1139376451 66 54200
26693837 23 59021
369745429 39 31365
667459020 53 63828
207238336 16 20996
1316 24 14509
307513164 3 90927
744543997 25 66541
137392776 3 49815
32945811 58 60372
60704110 97 12897
79592767 6 51753
29901178 98 9061
388997536 43 40558
195942635 77 76267
3227972509 27 85746
130678294 83 64352
536297733 29 69560
817664713 29 40503
667394164 52 92433
1093860646 6 47419
2121659546 42 65537
1693286225 35 96834
1488680434 54 89395
84978203 77 50718
2215871263 45 67722
258044379 2 51804
276950068 32 78895
332273517 41 49319
609128637 86 71269
443799526 59 30121
45795342 20 26647
79818132 27 23346
602011381 54 97422
526449292 13 52422
984071353 72 62855
12766553 16 21458
4037279 64 80485
169043014 9 87674
5664999 48 11413
490643 20 67857
3237546 88 87189
145607811 17 60332
103242272 26 73780
3178676982 57 87214
497988809 50 45728
148016453 78 36512
29993751 100 29540
53384341 32 50162
2694059710 44 73805
3703093583 55 86926
30125081 70 26657
152065701 5 76708
30854497 89 38817
1007904146 45 90041
761155146 63 81926
1709750823 47 61116
2840841 2 10048
698606494 60 42918
130950760 96 87654
54457867 2 62024
171613626 11 86501
359125659 29 53664
428175729 79 52026
177013853 26 43194
53447839 13 12133
1661804827 58 96870
300600 98 21865
274872656 56 33497
428598915 18 63479
111071558 57 19298
222866587 83 33116
107116 30 824
984902008 19 54002
455892 100 15985
558297 90 1456
5367314 100 8708
451486951 98 36316
148647677 3 55051
72854582 78 65220
625767040 52 58180
392618579 58 33507
14787404 5 7161
390234870 48 91273
290091791 34 50737
8359466 91 21914
605880251 93 66796
46645858 88 19337
182281 11 1321
1321518554 56 57771
92816299 38 23654
222411133 75 82487
905009 20 1841
340069301 92 33477
1117488875 1 61502
3144096467 70 87339
736862114 98 61057
1052462 95 3529
2114609641 4 65096
36609028 54 8796
1572628561 85 98100
423852689 84 76047
256044781 20 36615
33329980 92 15092
16515379 69 52408
3113707994 39 79253
249136484 8 94809
2431691 60 95520
1009179766 10 50533
38037569 84 71899
2998191074 62 79356
635122653 14 87751
403740909 72 40051
151170040 16 48516
4746287 34 3442
509545256 36 48423
36928512 38 32590
716106765 90 80561
2006380 71 50827
19006719 27 56034
997152782 14 55510
130195709 75 50111
1839076749 34 81069
2833719277 40 97127
616889256 6 72475
32530 53 266
34768238 25 84948
412237 11 45520
653771723 73 88159
4788942962 1 99940
158346290 37 53886
59412414 54 89203
2910760 99 26969
852413 80 2728
835927 53 37886
1377793890 91 63621
2144406788 74 96068
426914193 95 36656
277243645 99 27776
53019132 19 27087
1758869776 82 78176
27329402 28 33282
465616571 72 59992
997464688 23 71834
450772721 40 90611
55206991 55 20475
1094713752 78 62302
6929592 92 98880
275638 66 3931
438001311 3 71556
2739845763 32 90926
244621821 83 34816
1425658 1 3282
656916278 65 83988
11047139 10 14747
489610453 48 40167
76200373 45 42540
306412002 34 87751
866870525 74 76653
26968665 40 40425
16957 47 7091
338732 8 12909
586999246 61 68357
80161802 55 15099
2590734751 47 74762
64 19 97629
775208619 1 70461
745188025 24 69059
180543780 56 26161
63680275 17 21666
4964287 45 43244
785601694 34 49429
8995798 85 42479
4062541950 27 93837
1152305306 50 60441
57745646 71 19579
1 72 10130
3674687 22 4122
5944079 94 13531
296610929 88 66561
96741039 21 34427
1253109653 74 69056
1693540620 23 63204
318269147 54 32523
1376732907 43 52442
36631492 55 13848
432799894 2 30526
1088776612 35 85222
555146088 91 69919
2776829212 32 79592
1749613827 65 67902
12288861 67 39650
317038318 69 36368
76227079 10 52191
4086476 86 17678
8560696 67 9956
177289294 92 47061
555293925 95 79762
3245306354 8 92286
10496169 66 28345
3368209345 66 98156
1191714568 22 59435
481062694 7 60357
168612678 30 93326
11133869 84 59427
33252142 18 53271
565745858 44 45627
944012899 92 59378
124427266 90 66103
48377916 4 12761
18537 17 127
16989610 46 7413
3307869122 69 96204
379167660 23 53444
139997203 69 32387
213715108 92 45746
130493969 77 41631
182162760 51 53857
4376034 7 92695
37071006 38 53723
66919851 16 45900
628081222 73 47207
128495 76 6947
32447311 55 16674
692265164 8 46558
1710956147 94 75290
7092082 64 7137
785940061 87 54858
69955772 26 32518
59035715 28 19733
11464526 52 26021
75969698 79 14442
300840694 57 70221
500049625 51 39212
561795257 10 54199
29673931 81 10277
4407286 65 5075
1242327284 56 97268
978234422 32 69979
4465184 11 8516
126388369 15 21616
282842307 89 62330
277562 56 79242
1080927227 11 90621
1690061125 49 63201
542802182 13 63088
787798045 30 47986
90140 82 1237
255937901 23 77045
175072870 19 27774
4402433744 86 98657
3115478848 69 97378
25655254 8 87334
79092244 16 73470
438508971 74 61918
3024686 44 2731
136634029 99 89349
1108927064 29 74408
2881514902 52 79232
457744782 36 45925
1646123714 84 86029
436832023 56 49700
417580845 21 75860
23092381 34 54242
1138223766 65 51239
141263788 41 59898
282742 80 30303
91992714 87 19907
409614846 80 59385
921149504 15 91303
7658182 82 4756
1019396456 79 51367
2531382 12 16590
21554618 3 36158
803286476 27 98305
201953042 35 78218
1905426 51 10749
113626064 50 18033
2417599 30 10886
83809840 68 81661
9743080 94 12915
1794903554 54 89168
37732128 72 32101
2285788165 6 72718
255209785 99 30344
302832047 36 53356
173415739 99 92866
3760808087 5 89808
23239624 59 15770
470570939 72 90111
4237449023 91 93898
224724 7 11513
1329177377 42 57435
25792047 98 21266
49130627 44 49246
126799583 48 27902
24238307 39 9899
1831653034 33 78333
123796339 45 45584
203479531 95 31763
591877343 7 50637
1453164529 74 98973
311699431 21 95605
802128866 9 54585
1302020761 93 52075
395251331 87 93428
1004828716 91 61864
22592384 73 84526
544621310 74 33411
532198 62 65503
2168400074 76 92852
596290812 73 55827
103732311 87 46224
291444359 8 58657
2670354975 10 94204
3997454863 65 90977
233547586 65 77646
468638973 9 31520
679331820 15 86333
8299103 58 84361
81819932 8 37921
81193558 12 52000
1210630890 88 65630
248928466 14 49782
292436374 38 78595
89723751 41 62918
5003715 98 10997
236336 78 47325
344774666 18 32392
1035028 98 15799
2132942316 54 70779
29656 37 45128
2359591780 83 94979
753382536 3 63799
45884226 48 47592
128794738 65 32546
3765029586 52 98936
983985 57 22344
726275992 2 61127
42139893 18 12391
6742502 48 4747
206286788 48 46170
144691084 19 19546
66534061 20 56093
261550706 52 64662
141807221 70 53331
2296574575 62 95594
1917538148 25 67333
638228290 78 79486
50201659 61 35574
473967814 17 33856
491056044 100 31362
33814567 33 14429
2384224677 74 84681
114168662 28 23542
1114673473 23 77623
252872860 4 28118
111598945 6 91311
10705164 71 39514
18962138 16 6595
2209949903 70 82029
6198127 79 4809
15990422 42 12889
3323711961 17 87453
745128564 58 74580
531788143 39 61821
2166543 57 55680
2421380047 38 78265
32161421 87 33852
764660 92 1692
21025392 66 82179
2631130487 59 89894
25112124 28 35324
87600847 74 73866
1455781638 67 57523
825599 60 1948
1516265306 87 64972
57206617 32 41100
2282039014 16 91601
185196525 60 39540
1385797 70 17362
1358377 55 13967
414356138 16 57749
165363444 38 42904
10136 8 107
1352269 80 14123
1996219336 61 68605
57151308 35 64661
1545817147 69 85959
115599398 30 76626
58219206 44 14821
22858576 62 59092
368938 91 1056
27948468 86 34831
149888471 79 23264
246101789 39 29192
214203279 81 21082
49676117 24 20334
513638814 93 61680
130921 55 566
9433563 49 30471
1257356 81 1952
12471016 17 80213
32217897 3 14577
52920927 90 44783
1518111672 73 94126
7368814 40 41082
206086946 59 29555
8245507 42 21222
1787968122 1 83896
18082258 85 40758
37497580 75 15194
1503963783 19 74746
137932383 99 83609
2539622004 54 93892
684643 87 23191
508512556 36 50386
156030247 20 20042
2832886825 37 95818
401824040 51 33587
220868843 45 94359
633944746 16 70227
1373021847 38 80128
265965199 37 33622
30834948 50 35388
1210968 47 5434
47076477 8 12517
55922657 38 22305
83484199 63 29746
69382453 61 36126
247286334 20 51141
32468621 5 30330
5288284 26 5182
1 83 2117
93733687 26 19613
50683086 24 49802
52900 2 97341
1846135687 75 88061
1074333 91 7043
5075707 40 8556
285664465 47 72595
1777020271 91 90944
29006194 23 92098
2358528508 42 73178
1272886631 54 83181
340296750 11 64347
84793 36 28214
116666661 99 72768
477166476 60 63953
152332791 39 69262
10815512 67 19106
3455712966 49 89040
59923872 37 29171
5748308 7 14756
8004777 71 7869
41808048 21 11547
3181808896 37 86028
23210909 63 18142
1736968683 50 64158
13340688 31 7830
7183178 93 5574
1963789399 35 70008
197987163 52 23611
2623984673 84 73413
761661336 52 42576
1028979723 56 71459
239126278 95 92542
4546243914 37 99931
146714852 61 43550
237163277 35 69764
58398182 1 10783
642305163 86 64263
72987961 89 14508
190313161 62 45921
2533778931 61 97309
274445426 27 30198
744768322 77 72963
829974737 10 84875
440796690 97 68981
2535 10 2590
491613212 78 43477
54177521 82 28908
61045919 8 53439
957431894 37 65471
3898107874 98 88248
860658542 43 48356
70701510 5 93791
2297886 47 47390
1004623 75 49165
123054159 35 18812
144674624 82 36469
37964619 44 66571
310296 80 12662
718297107 36 39516
129382 59 690
114742766 37 95140
1074374415 34 49940
17134361 6 15944
447499169 61 43496
359099771 52 83250
624147 97 63424
92642823 22 26349
465143420 67 69865
1899184334 61 75982
1795853895 44 62275
179779051 12 40303
3359697350 65 92019
17401653 63 11202
47199115 100 13798
904176 77 4424
2283568983 14 98881
3106516410 88 99842
1416964 51 5912
12786208 33 40693
29915137 90 65870
7626619 48 11309
1565809 88 36274
1405151 20 2896
367119921 51 65825
570974899 20 60482
1492535777 68 91190
537056048 60 41932
365064283 8 27214
677613524 68 85438
2544032819 32 71625
389524967 22 51335
188760528 85 20106
387260519 57 40757
771929079 36 78851
7805612 48 37841
80714723 50 81516
618947475 61 72329
222600576 75 26390
132954350 42 18479
715316737 68 45360
1609478303 25 58187
1691615952 31 84781
263332 46 1535
16539727 90 13580
363603 68 18876
1464584 44 57922
2967733 64 18857
658010788 44 50967
1022018782 31 49671
232048317 57 38504
684588515 59 37134
30051576 75 8782
701830 47 97519
34958487 79 26050
147403 90 39614
1344453371 99 71093
257853456 58 34275
1744571109 18 88209
287509 43 36049
486836001 44 50383
62184732 43 59312
21267440 45 60117
65801463 76 39452
1044494856 36 57982
458171773 84 91760
980492544 21 95873
8613880 70 9009
282161284 11 37980
576675035 59 42151
43439342 45 30245
1836711 63 58515
39798716 18 18772
16198636 95 26009
137166716 80 32831
1337691888 68 76937
117484095 21 31159
1100051 53 2206
2418887058 66 72027
872519372 52 79708
273690761 37 39575
2170381 34 18208
165248711 97 76781
1102959110 47 76509
10633479 63 19746
117738 89 2543
138856209 78 99697
32036689 44 95440
386824 83 4797
203390338 3 81313
235144307 53 45570
1670597302 100 59548
110221022 65 80662
153650620 58 19505
28721939 90 16627
568405730 8 40002
597820386 1 63138
2184936151 39 91077
993690323 68 75488
433169866 6 47271
44701317 24 9404
724445635 54 40636
686392541 17 38182
14036983 89 14356
17959757 81 77324
387300838 40 76263
147353222 90 33441
304417176 67 49216
201429374 19 25412
3065628274 9 79210
1990548 25 6385
21446050 17 77730
38015 45 399
481839319 23 94347
53981816 17 17313
326135363 34 44676
1879290312 35 70298
161014723 23 24314
34307415 24 76403
556237063 87 45502
539139245 66 69151
189691976 31 40518
266556822 65 30854
418444074 96 30711
280799 50 14139
13666543 42 12767
70952354 11 40075
315597962 60 31356
49834692 94 11287
143662639 50 35591
2008502 27 2632
374183204 62 47908
20118113 37 7271
395649825 67 63522
96402046 94 83253
81486672 21 34691
2446901100 77 78228
496014074 76 47853
351924373 33 35578
147654868 81 40166
31274586 14 12187
804830725 100 91663
235763300 48 59015
904052 56 8859
24076971 1 26752
1569143878 84 71592
1878518791 50 73651
1543465752 87 65392
13911406 77 22314
632872883 19 86955
218108970 68 29316
5006134 18 19819
1334421567 3 61300
2178543023 33 67752
1 28 155
2679766123 65 79343
2978801821 86 78893
2508512 99 2602
21929760 15 39861
75667259 55 29262
338808209 77 94430
9592490 70 23847
400937011 68 29687
12687986 42 94966
4994466 84 60962
51710620 79 93471
1514123016 85 65816
379681233 23 31405
1173446390 45 80663
720801826 38 52970
453429167 15 55915
165403661 39 55392
25869182 2 97565
2027743368 33 70613
88743172 43 16485
2354561314 54 82726
2013628739 58 69599
3229908350 87 88079
2675671053 69 76005
629264 86 80261
268656574 4 90654
156491472 100 50173
383869258 14 48448
539597466 67 36166
1911580264 85 88961
957419877 68 71641
1072097730 59 56523
2256532001 44 85371
85997856 85 84314
23087414 82 21863
466519365 97 69145
5279130 49 4510
57633857 84 32670
375527739 52 46338
993063 6 89719
45170494 44 16685
1594759726 44 77974
18847647 19 8844
1167655 87 4171
155017800 62 36692
1227423213 72 54073
703099940 29 40213
17177447 9 41592
4664397 91 76326
34606372 59 13995
4199076 6 68164
2397344001 81 80102
301987740 97 34601
1815531864 37 88416
258375309 7 29715
3638919 74 29781
1365067116 31 77589
167161953 39 48577
2804475732 29 85134
449342 100 16698
2706082 27 4014
6475718 28 8371
450290685 30 49678
1904931939 53 76652
15575926 62 33402
197505535 19 79733
843187774 33 82994
942815204 57 76970
6553974 44 83535
319822139 35 94996
310627881 46 25204
2543059182 79 90974
1931325277 50 84502
3107716292 58 93147
354859609 3 61155
2061217538 89 77416
123202496 100 70471
2593912989 41 99543
1912372600 5 82964
187501502 18 27304
414042449 93 41858
2253196 1 47231
645743518 95 67000
544336912 48 40348
10992736 67 43145
2285201856 91 79264
621140 54 3204
643997241 98 69724
1097849494 65 52948
2024071821 11 73105
1767028725 91 79180
1486000132 77 99132
255314152 97 37505
39009395 78 47164
619571129 25 58689
82123685 90 31871
7450711 49 53933
156565807 26 28031
1304896035 20 67028
103365785 76 56680
701605969 44 99477
601135375 37 95419
4184098 73 12504
4140408 24 5495
115718873 29 26410
3351732 15 41710
345949970 66 40615
947297239 90 46109
258569875 26 38740
80535711 28 23325
621528992 32 42214
2769116283 74 92069
2164042 35 28108
484053762 52 72202
194606223 41 24862
966676848 67 97968
2878013358 78 84249
2495946966 57 75507
181143851 14 85769
36510629 36 57280
3893153251 4 88525
1653093785 47 59544
3928150483 81 96025
4877 91 37455
2990345919 80 84504
1825671371 14 96229
13458984 91 5954
1919880615 30 88747
1612311923 27 60836
2013628 81 8747
51029467 59 44814
341109902 99 96057
7321694 48 12939
2092417578 75 86321
79089093 56 25932
3867348492 60 89539
119228401 23 42252
2454474825 88 78529
1095462 9 15676
35624122 1 15883
123313765 43 36607
4467830 33 79864
21134589 68 14484
260107582 99 28030
153710409 15 35737
218067560 68 64129
38629999 20 21119
150098564 86 99027
17230683 88 35093
1465885723 74 56436
70819735 86 89112
114129663 35 25333
874126427 43 49949
11416700 87 28639
340561065 31 50756
3305647351 69 91536
13313947 25 22904
30335230 79 17226
50215248 74 86833
435465692 22 33575
235884715 82 48665
490 15 107
28694892 58 14019
11134784 62 16015
1513838043 88 57244
33138850 70 18620
1054276995 54 57968
103105989 36 15485
501497495 9 46340
1309756659 65 62013
73656137 12 63663
22698837 47 27144
922116042 57 71892
1780315978 86 93317
1833103 40 4948
988535084 46 44381
1805113978 58 79310
10545692 47 43681
263049704 41 53521
1709936878 96 84395
15624604 8 12544
331037968 28 87360
26031802 16 15765
645624 15 6074
706733537 69 75505
1890972891 39 63823
1979856147 53 90707
266085112 33 97087
975776716 48 91408
149522497 100 37211
3278803994 15 97190
1721122075 60 71680
1771935 63 11284
10358278 61 10060
3064964704 66 85793
931393085 84 66387
113566319 19 28962
7289445 15 4367
51200871 40 23003
2143983209 25 90946
1861950748 30 87773
155214450 3 61182
287431670 65 67564
109033948 3 39733
741238302 42 79018
357606901 54 29409
199060391 9 32460
278442184 79 92431
4252003 24 10774
1578080908 67 59730
3207508834 27 82428
1836284374 47 67165
602382308 77 39565
4469364356 5 97709
2758297485 6 77917
285621003 57 38437
1006923 24 10437
403423320 90 44875
25289154 4 20646
2160545502 89 93323
21538457 13 6811
288385270 45 62219
69462460 41 32792
87250219 80 28289
13277 89 39102
2179132837 43 66435
16770814 100 51222
590626149 2 42781
10185 61 75107
231036 58 5127
122127529 72 17712
204719421 44 52309
30233765 66 59880
247834 80 2201
20694 48 3343
182123007 58 37133
234712439 93 45642
687554191 7 94821
1829943527 1 71108
305926454 27 60231
2382068 95 51957
1640175 20 16599
77759317 24 55678
2508622890 60 74352
2715613 84 89825
185000302 41 63219
168236013 39 33875
631876508 32 40770
700156413 26 80109
221110167 53 21609
973092911 11 65315
28044634 65 93639
2310820347 30 78193
132835177 21 41175
3842188102 85 97929
1488744226 11 55259
12727038 93 87072
5884225 60 29292
60671613 23 62298
2293213196 59 70870
95194896 76 15020
43424023 74 30607
13718777 25 5158
30501731 5 14077
66664254 84 50741
1582939088 37 61446
4150876990 78 93906
33261805 100 29819
173575270 1 27687
29707041 24 84914
3055208227 85 80416
208602347 33 54369
623797732 94 65924
111856 38 72331
2892654675 57 93439
707132605 48 46338
295697673 61 85047
2673686198 13 92368
312079661 68 49338
62289451 75 36467
225675734 1 51299
9139937 33 10008
21554483 72 64278
79249448 92 38186
542843 35 2181
5066350 42 27770
382074023 77 31465
1303093 52 10673
173891795 96 69009
3640950 36 18489
1411408602 28 79937
328716270 30 66616
277210535 69 42632
220693265 62 21505
2145734028 80 67594
1710392851 100 83465
1136493118 62 61011
638772 40 4066
27999180 15 23109
194541400 1 54703
136181368 24 32049
16985 53 929
3945816 74 64964
3880493169 61 89475
9334491 13 33564
202831957 39 25825
328100445 38 45622
9095007 8 21604
20072863 86 31484
359823065 23 54298
132065920 42 29664
5623756 75 97722
97819763 86 16615
184323424 67 21212
38836 72 21187
1240187475 20 92049
64247222 71 49758
2039950420 33 66057
1147686868 58 52588
429748910 15 91502
24282802 88 57345
9218692 55 22005
7795646 20 15735
3022452717 71 79189
455840276 39 63299
4533730 60 3303
1295314 28 26997
23308582 11 41611
337502384 4 97789
48652175 14 20088
116340550 47 82231
3555 18 33106
5929831 72 74619
597754763 72 92370
12914045 68 8500
257702213 2 46471
58223040 71 53275
103143739 66 85078
809673779 24 58438
1809464572 78 73882
506921326 22 73659
1152212713 66 74446
156741726 68 53647
745291738 70 89400
4954412 39 10633
445116389 97 83986
1141754315 45 50191
4236768 45 6528
171668772 7 19528
90815529 23 78680
53628609 19 23809
646691 54 5149
25033160 11 9189
2669828058 36 74201
230765662 92 69416
120109916 28 94184
2175965084 16 66246
391396172 53 85164
80342482 18 69644
258355 68 1454
216082204 99 91014
237251795 21 25228
6012746 5 83876
402131 78 1824
37474061 27 25770
21725645 62 51751
110051122 69 80505
56723667 73 10799
965890597 30 72136
624802338 100 70653
2806349616 34 78441
862772851 68 97394
1338641376 85 95171
13804385 95 14218
469173027 71 68682
118473 12 8215
63084483 39 37843
11917473 69 48154
2828986734 79 86716
12590305 46 52275
390968541 75 32863
1052751752 8 50543
1160978 5 39929
144314707 12 65605
840831294 20 66626
81696051 41 26637
36152216 16 45871
6418522 37 6990
225425334 63 30011
300660576 62 30044
17625840 55 31017
290691330 18 78033
116159443 60 43755
30270084 31 55030
623462322 12 60482
37151901 52 22456
1111551332 51 57637
636769944 37 40553
405160961 80 59027
12475196 82 72854
20852782 82 7059
461296482 33 59376
32571750 22 53849
364095541 62 40301
5309920 99 54571
5118952 4 3413
1025714188 35 90106
1040814269 67 65738
1381170503 94 73592
162482093 50 83320
260234514 83 74827
1289367329 11 66585
1065224342 60 66320
9241 98 62084
1980621981 27 97314
1149040407 66 65806
371470 88 8493
2422833641 86 90538
378558412 97 48936
234286726 21 34420
908930043 40 66637
27442963 70 67622
439114982 70 37363
626519861 100 40355
336413407 70 52788
2704136966 90 77089
4375026 88 6434
32944234 43 24847
2577030 26 4304
18283859 58 50866
104873088 13 72752
15299658 97 29790
759710992 71 38950
181090328 66 36197
160059188 49 69001
3206895000 66 96693
879847171 15 70633
257450 46 16004
103862029 60 56427
168382838 16 70565
72032820 75 78472
2614197988 83 82868
12683026 58 99700
738182110 90 78930
9783108 26 8372
2190423754 13 82388
91510019 15 45166
812122 75 36535
88280 90 17111
249134532 20 84857
827280275 72 72755
1552243029 55 80866
122478 97 2790
2164620089 43 93645
7312718 47 30966
7097429 77 8923
2527815783 10 93954
565824228 83 71307
1401144428 61 98623
11922291 6 48121
822058442 24 75259
3224466427 21 82866
649174037 46 46927
162451413 78 20069
143636182 17 36119
2234781827 69 67140
123520046 28 63985
261759605 79 24024
106012514 63 24224
376598997 32 70192
178718508 58 76443
104165 54 467
663696860 63 66432
155758696 53 39475
32239143 40 10848
73747273 65 16345
555860290 48 80485
7638310 38 53115
1091453156 86 48698
279977263 26 57836
12603555 15 42871
7372229 59 17118
14362993 84 75610
13184214 94 12962
155763956 31 68427
141260101 77 68054
3470810 7 46821
9182196 36 20807
14348161 35 5575
57820471 18 25660
438466681 90 55295
1946700 49 1912
189184900 75 30458
730529329 27 39556
7943 64 32031
3595785335 7 87815
151130791 88 62157
108929751 54 70468
260921379 15 84228
801829528 50 60825
28956099 58 8162
1899323544 74 86073
62708187 95 20514
248586375 57 27596
89273 65 18750
400503787 48 40543
1504223812 55 70151
553417013 18 71259
85603980 34 82960
772483756 38 42200
316994345 28 76977
3336136884 85 84397
225131305 59 91234
831973 67 12507
6101673 90 6345
114004351 56 51961
5664748 27 6044
2151852 52 3613
322159055 81 31622
663057170 85 54623
2148064340 83 75690
1608925 83 4733
1932790900 83 65228
60060120 27 78099
4836669 91 71168
1751359987 45 60100
2329864827 73 73599
1879199131 3 82831
68099635 23 50141
10982937 93 63595
443516243 18 52166
2452409465 27 93081
33503235 36 47968
864690023 69 47120
19823 73 404
2735584410 64 89594
157594288 29 77857
6184029 21 11949
215094061 22 78231
2099494761 16 71284
92516193 99 39005
825297036 49 89631
41545477 31 51617
276987807 17 41300
6874729 91 11866
208268691 28 69625
149523974 56 47294
2190231 93 2833
503838936 82 40643
565142 3 41567
12335781 33 6712
7461209 68 77753
5697973 46 3516
253632 42 86724
65228888 42 14259
17304111 90 31014
514523134 46 96854
9306638 13 41020
20072582 35 40014
28946921 57 13614
136538499 80 18830
37960328 36 10735
757103072 94 74936
243512964 33 93120
324854137 89 53903
1541425575 21 75616
12506942 62 7512
9723 75 13130
1509549322 71 60195
83770449 2 20629
503363965 49 47853
2102076001 95 96933
51041745 8 13346
467090843 22 53753
1473708233 97 62293
702426938 68 74328
1816611222 50 80670
68450439 89 51925
89255762 6 13498
109980320 73 70340
1464868475 95 99336
222537120 59 27927
679867103 77 86174
1009660072 24 47225
1094713462 69 58264
44973953 22 19842
2327803824 2 90446
148738948 60 33897
445288393 3 93162
274441503 20 28180
428898531 91 35041
205397638 78 59659
43702500 6 77946
107730610 26 19414
641354216 66 85304
702532442 28 56087
892652819 68 92459
58135244 22 31599
347757352 100 61193
164772717 17 42337
206383663 94 42736
25344027 49 36173
7935921 58 22973
2878883070 60 76435
106696680 68 93584
3387599266 20 92693
1476775 98 98702
1260960239 77 52921
109205456 8 15757
2544138948 7 78463
847919471 3 70509
784660403 52 50567
33628340 46 12592
31972314 94 74186
1214023894 86 85731
67137094 12 14899
56451795 83 25649
2514199479 90 73542
137426881 1 93187
7820889 23 31176
6076007 82 3820
36370138 29 47135
135760411 79 16733
132013726 79 19405
115237951 68 53304
1850470701 36 64775
34234440 78 70643
128725280 99 80015
2602176806 75 93183
315250218 4 39970
433387387 37 34242
11591468 29 26515
7075350 86 18197
272762455 17 92176
54868592 4 48129
2009081778 23 66742
1367866113 28 71187
203147066 41 33597
93018128 63 24913
391071596 1 33802
289396349 3 60349
676566546 73 81043
245271419 9 47666
549033 51 4038
55044918 17 14527
762010699 66 49722
338228988 41 88166
19333253 61 10859
23394228 14 23887
540443762 80 86596
2083312 66 66464
684628089 94 82723
87977173 27 55837
308004051 13 26410
1584491164 48 90595
534658637 78 59073
240350751 21 28443
119656215 90 37621
52882059 16 12656
1293760945 66 57750
12044 61 47759
4765177 60 10435
399773732 91 43013
147184886 80 98690
77278706 100 14409
12260863 35 9582
628825397 11 46510
7084958 33 22722
659715335 71 95792
673984298 84 44821
148283563 80 32966
410461180 22 67195
314882 81 4262
994863 3 49122
951589329 43 54021
112343373 43 16565
6873 78 1692
118059683 48 20223
652209395 80 69577
442063 3 2028
234726020 55 35593
1104052344 22 88543
109042586 33 18128
684826638 55 44388
853932330 42 98406
58909952 11 35284
483225150 43 31725
316972561 84 31520
1734278 18 5983
42945866 46 55055
144561932 52 39415
135789643 64 20842
912092126 76 90982
162601396 3 34429
290872970 78 92738
163580882 52 25270
33228168 9 11482
2659263486 30 99040
81552619 100 21278
318416415 56 49666
792060426 86 41829
10531567 98 69538
458580938 28 70611
32370536 73 23437
213322788 67 92902
19661413 88 19671
3147546919 44 96826
12568405 82 6202
896786900 56 93442
87572955 94 18801
28171047 45 46606
866611831 98 79660
351116391 55 45360
2241959136 5 67941
2703344903 79 96406
19431323 29 63115
23798663 66 11504
134547234 31 32128
1241372354 82 65080
13261519 64 36372
1492204344 19 74559
15187595 34 12451
421454655 60 70427
597663416 15 71001
118256829 26 86216
23567753 84 34398
2106839285 98 75681
824017359 45 81191
253896959 87 50547
28605514 94 80633
190384876 30 50239
88809612 19 23277
274558074 65 44228
11882315 94 18443
10542179 18 8346
22206241 96 24214
1942137515 53 94686
81397261 41 26502
230929992 79 23194
106260876 91 32957
718215 59 1411
82939424 61 14988
8084734 100 12880
27383015 53 21189
29990424 51 44124
570939861 4 60722
229662754 65 34530
204275569 95 51979
534573191 64 50127
80750229 23 24951
176655361 7 26634
277578200 86 67247
402400606 79 42760
2797222328 66 84916
170809771 52 89299
14964 44 11564
813902253 58 68561
86203230 30 33884
51650952 34 79957
7192890 65 9406
20153831 87 10327
323818639 81 26858
226195740 56 46123
12578557 100 78241
4829989 71 40101
1191266684 93 73569
2764 21 52869
29715205 36 21708
85121885 96 57317
659404725 20 89489
1361582 3 5630
9199 48 455
28423083 35 49122
16883544 42 12005
150227287 40 54488
24912156 6 93374
699713643 98 57950
1016567227 70 46864
307331894 74 41120
1632364235 55 99356
1676402744 56 72318
549220384 80 42103
5509 75 52679
349715980 12 46605
125384787 93 17230
56227993 17 35814
640386028 63 83379
478036281 32 31841
627947185 75 58026
490598828 86 93685
1223611100 89 50505
2585299307 33 82588
237025589 74 58756
197632 80 6499
57408124 91 60191
789992420 15 41263
176742728 8 59794
514353042 70 76576
2343434458 10 97114
319453559 49 70501
237569220 3 32734
793496011 78 67502
187704687 61 40189
72364614 90 44639
3051405 15 20130
549174133 36 48866
358058935 79 30317
2912706431 25 81696
8328228 42 24915
107653316 66 18362
219760942 92 24721
23344865 4 10984
259499101 68 23980
785133 9 18361
309732119 4 44969
296930 95 5460
158355257 49 24139
1007770490 42 48700
35230562 96 14703
2115441218 95 76061
298224904 48 58775
206627818 96 20826
67732121 55 96240
1387138 81 39563
1734089 23 4315
6354899 74 13635
707 22 29
836711714 30 45967
36937992 51 12097
387670442 21 39290
1401859625 39 58380
256479 74 66970
6619181 18 73405
751241295 69 49121
11689256 59 57459
14769423 61 19400
764740875 93 59478
365778712 36 47422
975003578 91 95800
15874611 61 5670
89124925 7 39393
9609156 10 66944
2460757436 71 90309
98925 65 1908
1535386285 33 70331
334347167 86 31166
4415232 67 5826
623390880 36 68958
47663 66 517
16413502 25 16972
49271996 11 87229
24460125 3 75843
6414996 29 82802
1098770000 79 79427
362861425 42 74308
2595225275 5 81847
161019094 86 88836
2294984 53 82946
316650277 13 47247
9400599 40 45635
1094602993 73 80967
4292391 13 4178
2398269234 14 69678
6312983 6 7400
111898826 22 17050
44408565 31 95236
290988359 32 33837
25734569 61 65006
1755885577 87 88413
2255239050 16 93551
396111276 80 52547
357359140 68 41859
199043073 90 98533
780298316 4 54266
466625786 81 98867
7051592 88 14456
3274300 16 95962
2834130735 57 85639
566977174 87 35732
632932444 23 92781
276530991 95 35369
51062 29 1910
863805 77 4100
55237321 37 52498
2360355 87 8038
3859835 65 12529
461052165 4 33413
141810283 33 67842
1902824891 20 62224
2090612924 90 87132
21660035 87 27524
848930891 45 71145
37516789 13 78971
5406380 99 8470
323719615 87 61369
29483452 78 20088
798350171 72 97194
118937988 78 33938
2764932 10 3838
759835343 46 59523
104196552 32 36833
24017175 89 79617
13085602 84 22306
812346044 12 63263
104116990 6 98434
233383571 83 36316
287790 4 4084
273152798 92 78465
108680617 54 88796
156455846 21 76502
60604962 45 13678
928854127 2 75637
858634 84 70436
1037719 14 39643
325667564 56 77343
827273354 54 46718
17302937 79 11120
266514930 29 80259
1827290724 98 96777
36185757 5 11465
8089482 58 44476
528908185 86 57695
832666728 56 72704
385787944 41 36904
1118246 81 4049
819900514 14 88554
2181774624 75 80556
356513404 76 29336
272194803 83 25953
193396426 74 30481
2060083782 13 89164
267457241 90 36623
9978116 40 10792
2554694191 35 87803
1297947 27 59290
260837885 49 26839
180471502 77 82292
6653801 62 10675
310225814 43 42797
306511286 12 55674
1821149296 41 87204
3684604 67 2953
116730 79 543
268952 74 85167
720631333 93 39031
474927287 82 79849
2338880471 20 95834
512275708 22 65577
111629353 58 69691
40162 78 2666
2995271 36 40241
41034125 7 44914
401361718 91 30709
182386108 60 25992
4558796100 3 99254
566097842 28 35597
660562430 77 38532
19475908 9 22295
41470901 97 15841
349514136 52 58587
508887280 16 41667
1056165105 91 60296
578938586 10 58646
62009717 91 20912
442998132 76 37574
365317147 55 38368
16322430 38 10463
136861183 88 84858
328168982 63 46438
344128589 8 43876
271593354 46 79933
59466059 1 32093
238531 74 4307
4400330712 86 98511
17911024 65 37110
137189110 28 42743
26611310 83 17445
141346228 92 99730
190455163 79 26459
529987787 25 86139
2657352 12 25178
5562245 96 36232
176106499 34 55836
722934315 74 40728
1687810 58 12407
3070010196 58 93558
751194812 29 80923
1386247901 91 91356
368303540 64 31550
248706 72 1764
1267342449 86 83226
361160557 38 31446
845877543 79 53009
54338372 17 69730
82332297 92 87945
11131197 7 7131
4919132 96 5269
499890285 38 65098
2240687668 98 69624
483859 98 4396
2716098482 43 83768
32549150 98 11037
7872539 3 92391
416023 59 5927
2303327808 40 93537
1292550197 9 97387
91044638 42 59968
39835784 77 59928
461754973 86 50778
1637307727 49 87910
641147 2 4308
852726087 48 44882
1062324188 12 50222
123874640 60 29153
25990098 64 34174
53162662 39 21259
169822 8 4699
1064172368 32 68912
4815960 83 45434
448113638 20 93955
100212666 43 17828
1128505 32 12176
242983484 55 29663
116143904 69 19452
571516563 73 53191
120212737 96 42655
48462048 53 83073
887578331 20 99104
10697835 97 5653
18556074 87 42479
60141206 47 11961
63187381 67 79739
483131626 71 70943
86253 44 16375
2100072 46 27743
1087026955 17 96169
50379221 61 16592
3070496080 95 78902
3188569066 10 91854
73464105 29 72724
1581462785 3 99766
1000980495 62 81227
1687338678 39 73870
203462582 81 28615
1173930138 53 60366
2351387160 10 73261
56233536 2 14466
186041310 25 53211
1202705167 2 67534
36833615 5 15475
1895651647 36 79193
56534676 87 11971
153501293 14 35484
13959605 56 16702
181343342 13 63192
14886114 32 14922
1189372905 1 91788
12992158 41 8024
107631603 49 44287
90282860 72 50386
5522804 100 31512
476405468 56 34074
64796035 91 12742
2045610227 16 73934
59734881 11 70309
1346317362 37 91400
75533854 2 15822
96216584 20 21912
1700447 87 32047
310011779 67 70269
4239003 100 69976
225160272 54 59207
54821496 27 16943
315957598 70 49104
218863791 13 23933
2005705795 11 67251
19332190 72 78550
43406473 51 59044
799155067 70 45578
7751565 58 90569
371578364 88 35861
3081511386 23 86792
34780847 70 13435
1283369952 14 54940
262798858 95 58799
728480 99 4839
2925 2 57
1670587672 92 72041
46296833 4 10256
584548041 16 99961
44275311 19 29065
149718285 32 98982
149728967 78 23638
3037983 77 76413
264532642 45 72210
832518094 88 44018
719181725 50 37887
1580395819 70 69560
63083885 59 16938
119138911 40 91956
319577116 77 50523
335217101 79 49321
199386470 88 52179
303654230 43 28338
114606 70 4107
123346762 91 23919
890485694 89 69291
15377349 39 14948
133748586 53 40421
77991 99 12616
2369003995 2 92911
11977105 85 12321
1369901681 9 76158
322063974 69 88237
330799079 50 31889
138552130 80 61484
1622170 61 24743
33352551 39 24219
1182535 77 38913
20386 29 1997
318358722 85 41640
24281603 55 29598
331004019 61 69142
166080529 10 79534
295201614 91 89482
15319335 28 6169
6007171 44 8814
585032879 48 78919
2183582157 99 93512
454626978 41 96541
1042 51 2384
355165236 95 74008
1061384247 6 48584
4145454 23 49734
28974434 23 39890
1832978955 32 61406
89938580 39 26056
2602152039 46 77029
2783646503 13 91697
51371128 55 17175
1733711146 55 63427
2051669884 16 80446
677223014 2 51868
854550711 10 80442
3476323 34 4021
1383551334 5 79976
30118 24 22109
1001421585 58 87326
893768142 28 72055
122546003 14 21317
908459618 58 72059
11897436 27 11064
656283 6 19364
279027247 95 95112
663639505 24 43272
521165242 24 33833
314844871 89 77815
70864825 71 58509
122034950 41 60715
1654972846 52 62454
49573670 73 13242
4070222806 29 98780
246593590 29 25250
919092368 62 50095
1889353915 26 95197
637482102 31 91753
1304986198 37 79514
382337970 80 91766
17907710 96 52265
3792772989 11 95005
1586290702 32 59006
2767955038 66 84533
4491843 70 3260
210397473 58 35623
2555949067 96 73270
1630119803 28 59486
3110268 27 64694
31348055 23 87887
462249821 83 36142
55497 18 15142
1871369241 22 80344
66882718 97 32323
11114836 1 23373
3391092 44 11381
157842333 97 95459
752867119 52 74271
636103458 23 43047
25943996 13 9057
81299278 99 13282
374898735 62 46289
173133 44 980
20279544 37 90754
211262697 21 60058
3692220007 93 98044
3558174475 16 90163
50370468 25 77052
52773 40 301
591932226 47 95277
3880549540 72 91585
175352256 96 23937
479596731 45 55605
787689986 66 78655
107275717 11 28475
44138480 53 17705
649 31 723
1000799524 79 60666
409895177 73 97021
278242051 21 47191
1788195211 79 90165
54037942 66 57683
61430370 47 26556
123925353 88 28033
28717055 43 67707
1599882423 64 71987
1109767103 89 75584
1028278198 68 54453
4919550 74 37910
54019858 64 29355
1917743460 60 65307
6851958 9 19956
248352574 12 51694
77529326 62 34979
135089 30 6263
412652665 41 70237
286463497 85 42937
279386263 99 25665
282432042 75 44246
6886016 2 80042
6402855 43 18884
17347939 64 17622
45615936 16 16170
436648871 89 45824
131460343 36 91954
30503536 83 28555
2167862047 91 91828
167937267 80 20289
3384923 67 81356
3932086271 9 96197
487036354 29 85077
116779951 46 46598
34880277 80 57628
625716000 20 80071
24139940 96 27689
240613832 26 34008
179557836 65 25584
584296455 83 86617
193226227 24 27441
13775113 74 18788
562580 56 5790
47316475 63 19872
546900340 69 54760
534866752 5 35513
6007044 3 16279
38702211 87 30698
11092109 12 43016
2581706426 55 88022
799554235 12 77241
75563055 80 19847
301411212 86 33733
2207615315 94 74470
26773775 97 7257
11316051 29 23301
2517571786 82 76454
475208916 100 36605
38546110 77 63834
11430468 79 41680
73490 64 782
9359285 79 9265
12008640 54 30118
421243938 35 55023
54592092 4 90825
30455773 49 61753
308432 93 1661
36315685 97 73578
27935617 68 11104
32284279 95 33596
580152 41 46874
1044625401 65 57904
23799011 27 75896
1865311513 56 98560
848109861 83 97657
1959411279 48 78923
313965412 78 57572
65376262 86 49065
384009110 68 77483
126115713 9 50134
15321449 96 26475
5883761 26 26301
1791753247 86 60077
210518297 67 65526
1010546785 9 64986
685572309 58 37282
1 91 45186
1236599593 4 84569
14626597 64 6934
209815164 87 50273
205255865 31 64764
425694382 35 60005
828153807 77 56493
787654624 5 48594
64454194 89 87456
793344706 78 85589
690579 45 57048
2022210902 52 67877
22221299 30 27249
157758141 100 19674
6289136 58 33321
33470539 48 80284
48595673 82 19438
155204466 11 33572
2452236 53 13265
717350300 75 64036
310812792 98 99207
27166231 50 47733
31947936 30 98833
2090988925 52 65302
2060747395 41 88082
208378363 15 78363
771222625 29 83982
573379294 39 64366
4059283491 15 95973
1366433542 31 90012
68503188 54 19805
434881247 15 41375
14972692 59 12317
787103037 54 95019
1992671718 9 78455
831812331 12 43358
2063207503 81 94301
111027921 34 92929
53775540 65 52056
28137589 61 89285
60626418 83 16255
64231797 28 34971
224228641 63 45726
429534413 26 67129
26991655 43 9510
298629850 69 53113
1 88 689
45065349 84 34280
1302086131 11 56180
25128935 22 51415
1379134320 75 53338
27586132 53 56512
1236466 100 72795
78576959 40 14040
13512965 57 7390
601223345 9 39783
863076 44 7886
858005570 29 48220
46337817 81 14234
39024615 68 94945
272581638 56 66449
401301 53 3143
68431737 40 37666
49933999 60 21637
3605161991 79 96931
564536133 70 45319
3105080088 20 95392
474919821 65 32755
172338723 14 26101
444378873 90 49728
3011393550 29 88027
7556993 43 81017
3924949 95 10986
2945243 64 39062
648791892 100 54996
12563419 56 37270
910227172 67 44254
908054877 69 45642
845218569 94 66377
48783216 86 12917
360889766 13 81039
3215225329 58 92488
39680722 85 24126
4205754058 6 98104
848238899 23 52028
42156968 68 65981
749507138 34 63847
220849321 77 99116
11042709 83 7349
265838672 59 32075
1043324048 91 71986
2875318298 19 85640
437975 24 19524
2779946705 73 89496
1921957 93 4786
518004772 39 82890
50985121 10 57956
2035852687 62 76548
594346188 40 40457
59037508 61 61320
571466222 9 71406
1196679493 76 72127
13086090 73 31156
11053543 9 14582
19852082 98 23785
71077210 77 91295
1687575166 24 82686
1443594763 56 54595
7005011 99 3660
1066326281 29 87928
14383058 57 24621
4502102 77 9377
1828573400 91 72035
336770748 48 63822
172398584 35 22752
140967906 78 34108
2438394452 96 99720
1560240468 77 74318
6801 89 12814
1618002331 92 57152
451853735 41 82413
163377134 38 68997
909934237 8 51544
579752361 54 50578
23849886 12 16950
1168884175 46 54891
17504 78 256
481133674 32 81084
637846382 63 67268
44980144 35 40588
536564214 90 63668
25650914 17 19843
583020310 97 40419
1309905731 23 53307
142342970 68 24697
22333729 73 67315
156435 75 7835
560797635 33 53445
125549429 33 93794
364466713 97 49214
1330496957 73 83613
1333240971 98 69006
902516559 27 54576
23997427 75 18679
139081188 50 28069
1369859360 45 93917
1263448290 44 79598
1769402396 5 99333
1729580 40 32271
512181410 82 50867
17300179 12 65218
858233627 65 74979
1840560189 34 78351
28872631 2 30941
15681945 93 8401
1795827071 80 85220
2527717159 7 77085
610050 31 2991
181204734 17 19282
97047953 72 27129
231512076 82 41931
82320441 86 44865
1154260600 67 58476
30140763 94 38610
15651894 48 10230
29559217 74 56259
196037171 57 48221
46724043 22 16381
25211333 54 33680
1578533266 43 81279
650329669 31 75708
1445614943 90 64879
64906865 48 44120
3232094409 49 93863
130922272 64 25870
953822166 96 58828
105641313 29 57304
326041 2 14178
111439325 57 18600
38275734 51 86609
72012664 92 15854
6498146 27 15485
21866062 50 49248
129576 20 41851
480365215 59 58476
1910206314 19 72144
228276534 53 38347
1141259363 83 55198
1 50 6621
6563888 82 29142
22976985 79 97078
53040485 63 18176
1527674459 93 58582
108556502 76 30563
148321187 47 23427
94292183 59 21600
56137418 9 14155
38973825 48 60646
397998317 8 46101
1152931451 18 82443
508746526 83 75073
97462472 82 67988
18614325 17 40704
52983212 44 37136
6954499 70 86002
1365312 44 3516
2051359015 85 94311
30995662 62 79543
2622712017 92 72570
886517785 93 82199
7177 32 27543
4073801 81 27582
1124306358 91 71821
147908248 72 29046
28363614 42 28001
33269812 53 8822
1220 2 2146
5978136 66 60153
762165183 96 41236
51831113 45 32240
4571741 41 65330
768498 91 1631
557330 32 19471
6884839 10 20785
1523930 95 3652
94444717 43 23080
82679224 25 56914
266970 28 1278
69489455 40 40036
444039265 1 36819
257689270 17 51654
322781563 58 46819
2508708329 70 77681
3757888194 29 91410
384789027 47 77218
5843217 28 6786
26691759 72 13370
118644179 9 21543
26945999 6 30873
3879232 36 6486
1112958670 56 51786
3934324 92 7768
20470925 22 68795
406971286 81 94505
113512932 94 20927
25594751 4 8838
6042809 41 93306
887322 90 38648
10151446 79 42854
588416149 7 55093
4457783 22 48702
53113777 32 25809
16935248 81 69762
1431877020 77 99512
33531704 29 79692
254185372 11 38093
537240590 61 87348
375936 25 29692
350735334 63 60598
733028624 11 58986
96215646 19 17300
1093288984 44 52594
1 88 1034
875650172 21 53845
10549 53 4284
1867976 49 4545
137469396 11 71267
2361966 43 19098
2369099 66 38389
1184442690 90 80681
1191540963 2 84733
986134863 71 63607
48120498 87 30045
1357438392 93 99016
1533770652 25 60438
72398545 32 97118
109942815 4 86780
37457170 52 19776
4592955 53 40649
72315200 86 41563
116934373 34 21066
2402912 76 2622
314470560 64 30976
541060729 50 85327
61086174 16 25486
412840865 82 54110
2627432893 13 76007
15870462 85 26025
471205377 38 70789
23532607 47 15837
100963010 19 53311
295695190 58 93975
139157624 79 25881
916278208 1 45280
1167326591 98 72043
18421570 9 25197
3314101194 73 92129
2140821639 21 68718
734922050 13 56974
4640074 100 24309
443 61 12369
12953670 7 5467
55002077 84 48711
77475623 42 34387
1711489 72 18842
297833723 86 28164
65714901 26 11754
54694902 39 34773
1777426942 79 68759
68853378 39 85327
1349904740 46 56826
964079245 8 82619
10733827 80 6178
522776875 88 55220
1206336168 20 58276
620146760 67 51321
663224970 95 39243
56182324 1 82223
2703532 63 70503
34732997 26 8615
668304376 95 59529
2139 53 123
79589574 69 74386
12301329 62 26594
199454127 93 96223
2104002802 90 72329
27608837 84 31514
440778712 89 81209
563679218 79 42252
3968195054 87 93815
34841549 95 89379
73182160 64 13538
2013988206 68 88444
1688692865 37 66584
1386766779 39 70268
756247047 61 53088
18748625 80 47145
739114325 78 51887
43427835 33 11368
28940620 28 19453
275445361 50 69646
400702268 100 37208
187561435 9 35247
761951109 80 60856
25519116 75 38640
235606617 66 80367
2221790 70 15711
3803526406 94 95715
143748145 88 57699
972127349 72 50953
617367793 95 47580
1996214474 55 93503
1128923158 40 47840
206241705 78 23616
25355632 65 19900
224156 62 10171
839932 87 81841
1999346301 11 68566
38720192 49 15047
67293824 46 25348
1506655907 52 71264
1234888866 39 96979
16088414 7 9837
5403716 51 75084
13362035 64 77934
2222189591 25 68272
1905968908 69 85971
2032354 61 15026
102533428 99 24994
172659453 9 61773
219422208 36 22531
13229009 73 63468
14623728 71 95558
26932943 42 20586
3333442115 18 99419
1171058654 80 59709
135548686 42 86823
18001757 71 48763
853230316 38 55427
1277506323 13 73553
575703680 30 82207
855920883 18 75169
45814703 2 42167
6222944 94 7950
232632479 93 34801
1135762084 16 51535
1351801755 65 75180
6176493 2 9690
51241584 62 26299
432207578 56 38965
1376462335 90 68088
89903438 68 15020
2685624390 21 81016
510908408 41 79042
193489586 10 69190
3150467344 48 81339
198512037 67 70987
4919183 54 4146
869804819 47 65349
173112137 63 72124
70615124 93 25438
2784617 33 8338
2301302333 91 95190
453460031 29 63947
2910153077 97 87269
1066977 16 11710
9640 61 47256
351167902 97 52397
156200259 28 19356
57528572 42 40524
469585450 24 80864
11145750 95 25223
511274331 91 64631
349910326 8 33538
92465847 97 25908
338106003 59 30660
982728682 17 70300
5807183 18 96818
88887743 15 96825
58965259 86 69541
28239761 44 90254
74265 73 361
350269641 45 54150
366544623 81 53230
942339689 93 55499
303339147 83 54920
748608 7 4784
962672755 29 69213
4823176 17 24266
15471 75 15329
606200429 68 42086
299403534 98 93635
973781461 55 84675
3597433981 68 94569
67988969 82 73204
565511167 93 57563
184811245 32 74493
1274364 89 5789
269851 18 10531
81512680 79 15132
2841053102 72 93319
16271648 74 24668
70054464 21 16946
837427803 18 52627
90594390 91 42588
274133353 98 52042
627695375 8 38600
91178 77 2024
1669941758 76 77115
15255634 30 8468
1962828348 9 66172
91396251 91 47442
1760239387 55 91599
724811335 31 53626
10765151 77 5143
93457231 62 39043
2521816 63 3060
19073863 15 19583
7473252 99 7703
911173336 17 78780
5109448 78 15420
336665103 25 70439
533798440 6 72633
4474591161 17 98163
3606306445 7 85216
409170718 72 51431
199322 41 3332
20518981 92 16464
164287697 25 58614
4376420761 97 98821
226253494 85 74129
46639794 22 50995
593035 47 3743
82289908 99 71950
112427 40 12304
1245426679 53 83848
995775802 91 91768
33339634 35 13008
2287864 58 40207
459628 5 2086
138064612 81 61652
1362954310 33 64720
1120913457 95 65389
278969529 24 79878
2063515638 30 74199
137912948 13 28086
1193673819 80 81818
5630 23 32685
554709824 5 90899
1816702118 58 88790
73733 100 658
319310029 72 62758
12381816 45 21295
1766441288 39 91492
20802719 51 79839
1868587114 31 79517
735055104 91 45518
196889 6 13579
260796132 34 64137
10046547 14 7982
604900685 7 81224
438363275 61 34382
14338693 40 14417
385582843 32 72360
30009814 23 67969
2275755313 99 93303
2217063401 90 90607
506300036 47 51440
1368131 16 4688
32050906 87 66281
2473132 40 9155
10188350 95 93653
432637194 100 40686
547059073 24 82528
3029191586 49 86800
33522648 46 60185
182008865 56 27802
383941397 20 72962
804374982 81 55565
844649336 58 71885
693540 4 5542
869032 8 1520
3407918929 25 97603
1067935151 20 50459
850022 14 2242
92892495 32 35474
2296165911 67 74960
139729387 10 16912
3188022074 61 87346
9997005 69 25602
1478803609 1 88157
442679367 40 68301
520437 65 37786
5216074 33 15602
112733516 11 62609
46883602 27 22198
11295953 17 11713
261300590 47 43215
10742010 87 17502
692403337 48 47177
254771333 60 24528
381161428 77 59586
7901538 68 72484
1720478987 47 63531
1076095196 49 89008
370620734 21 39524
827714347 55 42093
7577173 95 65462
31996459 44 26510
4314641115 2 96129
45122836 36 10219
514167823 24 68510
30191509 39 9147
242325764 35 44733
157552895 10 29276
2781865 18 10664
854761687 85 90516
782753044 7 58518
2745763883 47 77665
22859638 73 10045
419844474 19 44990
16947977 13 9533
810418492 59 61456
72448674 88 42798
693433256 15 38127
130388031 71 21858
160838845 98 35306
305469723 90 56396
873770093 56 73595
3255744469 36 89598
93519513 64 55087
409268342 9 53649
59416121 100 42618
2298835955 41 86262
254509212 98 26641
213699687 27 23982
149014950 75 19544
532016945 44 70894
2118695160 97 91859
590591089 31 70018
4000976 77 6625
4589994892 85 97045
4979679 20 13693
4059799523 61 99146
39081680 3 21691
15306604 34 43961
91858884 89 50780
57350859 91 12968
943981990 53 71045
1060342581 17 75115
178412356 20 48928
51135548 87 12703
3947713825 36 91982
52934075 42 20320
2599249520 87 78961
1170356 52 18518
134278466 90 93953
117295324 41 23389
407570 77 26921
310946761 44 69633
381894195 69 66165
2383332 74 7614
8404209 98 8099
109523 98 25410
14407384 85 43406
285538095 39 97549
56191641 97 40237
643322513 99 48917
32570319 59 20945
198942094 74 28976
1255444894 38 97765
573386 62 981
326673991 8 36887
335583524 90 27466
36156216 50 41202
2235337628 40 76727
876426212 55 76725
1 55 3226
487438659 60 97370
53147547 64 29081
55429518 63 23175
494426917 23 32313
21593267 13 38875
247729470 21 77360
2618133249 71 78523
534985711 24 42546
16146929 100 11264
671193784 58 86807
841480805 77 96894
177738752 97 89731
1440092807 40 72261
30169960 4 26728
267433327 54 51269
558418 58 1063
7016282 61 5459
286220519 36 25061
809923782 41 73043
545401825 94 67421
1878495629 26 97998
218902107 12 59458
310662772 52 77017
394550403 67 33480
879992751 67 61448
638272709 72 98775
565874274 42 44142
386871956 60 62120
1825930461 31 99633
25735107 81 7467
81809480 24 64017
20026724 43 7839
1152641189 56 60361
1664686 92 22687
844120 72 3262
439987343 46 90488
429749700 60 51611
12266197 53 27489
9994528 58 45549
580713873 81 57874
662904005 59 60610
2429343561 29 70702
803488679 53 93456
14507731 41 57075
1572804570 100 80556
4036724 21 29644
2641393619 68 93163
54588402 75 36691
595488631 24 60974
37317927 12 10294
622182872 35 51867
875531947 14 73729
6967495 86 45752
2058911905 29 92690
45416 70 1102
1114113718 19 86346
2624657667 16 94679
6162335 80 5750
2333292119 9 73207
401217854 86 74320
260980287 87 50615
689789932 30 37375
99679919 47 90677
371807048 62 82464
327901 36 5697
2790796536 66 79007
50037445 65 39863
650901 54 50542
261771 18 32166
87211247 65 17810
481001064 100 35525
2012142884 46 80911
3051337 62 44117
1329471 54 7496
45023789 28 65861
29019324 84 38967
921521007 93 53838
23420609 67 44573
211353260 62 77734
190930794 69 79037
367098280 56 81781
139244142 70 95411
13566 19 91
38354395 76 77948
205823359 52 33761
145115061 35 35441
27187532 83 18182
130377998 76 85555
289114818 32 60329
153543413 3 28971
870595972 78 54028
64047783 14 16844
1409795628 10 89425
470101 42 66842
498727745 23 87046
90234311 19 90727
28150639 89 12840
642170484 8 48827
235385792 71 30595
155930036 16 30110
1419486821 55 90520
40118119 69 10103
297545038 1 45468
1905442043 36 70545
1091955 16 29301
55787269 4 15776
15435855 50 26458
373901344 87 51875
89929444 85 73545
1618457155 51 92492
190136033 19 32380
3174946707 25 88351
144750528 56 17576
18159208 74 6105
195025736 47 41168
876267744 39 79158
771698346 65 77771
280824242 8 23721
89067313 97 13892
115174421 83 16258
30277918 10 31590
151800009 42 92301
198615116 61 26664
424358952 29 75704
697377 10 75278
3639131089 25 86499
97646793 28 33324
256781045 79 22876
486796 87 9151
2072968469 26 94841
617509992 33 73448
16737545 18 16932
747881424 11 81307
804023521 59 69511
3244823401 37 88126
321213474 37 43884
125497889 39 19425
1114539544 84 51241
2055 66 1459
190837204 77 34899
4412574 40 6474
3098962276 65 90441
1899358155 81 84859
1209306014 34 49979
1001846 74 1531
2060053939 2 66635
146050 57 764
1235339805 64 61181
149385 89 9638
59115353 22 15024
20899341 58 7291
1 57 14099
1703048080 27 66320
252852835 86 26429
81868909 75 52191
604562382 89 72595
1932972106 56 77123
408720661 97 35581
3249553440 55 85647
360389011 86 82649
2101139736 74 72597
87133293 90 14442
673006355 33 53285
5081 99 144
5139118 14 32127
251556777 36 36207
160184607 76 67052
3723229 82 3071
36362827 4 39440
367877862 51 38988
1942735629 26 82405
2810570538 2 97909
2855836505 2 88352
181186806 92 80595
2160284 2 30273
4786817 45 57108
593570 6 91175
63592808 74 84612
92181322 39 25086
1039284 47 88533
721640382 18 82958
167824209 40 93812
11321484 33 34042
2582352 11 13382
3371829242 94 89817
41439426 13 39160
28257528 57 9691
45879871 50 18202
17195846 77 8655
807467 29 5517
77673482 33 86193
1739324555 39 93176
1251671588 53 63386
201586036 42 20812
145666994 38 34842
168331236 73 19019
4018603 46 3516
45793 2 90326
460753110 100 38488
4231250 52 12652
37424042 54 17261
57254854 62 16089
1568250 10 78726
680855585 89 52005
2367788933 68 78366
1159603 32 23839
176457267 64 52944
612411 30 10116
89845822 62 13884
4073203 59 10411
280067141 96 63697
46562555 14 20985
180822516 63 19337
25704137 99 11482
90080726 73 89952
366313061 51 37630
1887935351 52 80082
328176647 63 42005
172124452 31 31761
493463415 36 45399
114566853 7 26757
11403387 87 47953
1414386919 41 65461
2487046538 8 92170
220574994 51 38817
362433772 86 36764
5372146 91 5782
1467849 61 6121
1199018319 8 51730
195958319 73 46024
22245930 67 98998
10337448 8 44480
332461108 37 55430
1314699836 56 91309
422731470 96 45482
1768315334 86 68832
507821534 71 46639
844129 28 32223
3578265 9 21898
165521257 75 21081
712288517 91 68267
2817255611 24 82333
240808290 38 67332
38960163 96 78136
46439881 80 30247
55756815 70 45009
63813888 7 53738
208524958 63 26349
951743 7 29529
1680033256 44 66737
108468704 33 35606
1402108 75 20267
303351 32 1360
143561418 8 87923
1336287 15 5256
361303298 12 27118
1967375529 44 83466
485345 73 38619
25783704 64 35021
4718121 22 4887
125848085 82 23965
1599407 90 2595
4521877 90 23989
702108822 9 57368
694690494 72 73382
472778276 37 67132
1314964755 10 58663
13196 30 5324
128893761 95 16845
528444 93 90387
77600853 58 63813
63263061 55 17364
140503 97 78012
886934697 16 63179
460542641 91 35005
120016627 39 78286
186812652 83 82907
1632236472 16 65781
23643155 54 96608
145425598 85 39401
78945 2 396
389427187 51 39945
11898203 91 7063
1104260 14 5866
210757747 71 94870
7753210 41 4732
1209002366 2 65025
409361266 31 76343
1262693 67 3238
107332856 91 25280
392296393 18 70219
541826135 56 52434
21130774 26 39853
20066942 75 51346
169833264 16 38568
1669874837 39 85354
137381587 81 63465
7369801 19 5564
1065356829 14 96200
15049049 55 51152
12307111 65 4982
1879017 85 7513
1465062 75 6495
194173534 17 36160
444588031 62 84677
5113360 55 11671
294885566 31 26115
16513645 6 26689
54250616 92 22772
1496256304 71 66522
69244 94 702
2183252181 78 98321
3266445 17 25302
241651473 46 97986
420184932 32 59199
5514727 92 29695
264745290 76 40296
79928551 90 69725
1326535 4 90927
380322654 64 53924
253357540 29 90798
230355858 77 89826
32083482 38 23338
161399860 85 22311
81340553 73 66973
149108367 14 35337
659395506 31 93974
23983014 94 15890
158753979 4 19706
8559216 89 74911
3835520403 34 94289
206281316 60 69027
135292039 84 52920
250915152 27 67751
388428952 41 90488
171047749 32 75543
58955311 4 63070
3275628384 35 81354
60085997 55 35211
255288150 56 39573
72645412 48 82452
70336539 16 34244
32280876 33 8865
692875476 82 59099
3968058 48 4255
210280668 49 33246
785581648 72 83114
1372370478 21 96882
762304522 42 42306
1021053139 55 52588
3859173735 29 89640
246147032 58 47394
432526909 94 35829
1405060483 8 61643
265396668 61 71308
71870885 68 17647
443152278 97 89167
10709 96 595
594878 83 1238
1576489 87 12734
1685828521 77 60440
2817931829 71 87084
332968547 37 41545
109227 9 720
803991218 59 80160
158815422 97 36982
2576474100 21 85251
582635266 49 59605
86196788 48 49440
25740791 60 30072
157845041 9 62565
1030663403 27 58311
71162013 5 15791
746645508 40 98587
8798651 77 21361
211292901 52 23113
3381273 61 5948
2648265 27 39136
168270 54 97189
1177016765 26 58422
78122423 47 97965
1705858266 66 89898
37372452 97 10175
12404166 73 22474
57785764 24 79051
1964098229 3 76868
41119271 53 25894
87650116 90 99991
99717028 74 32842
713971306 35 70726
55725712 2 12222
3718972 100 3743
1497532439 98 67384
39185522 57 15509
972935611 7 94348
8123810 80 51826
583114338 54 42197
462763 28 1310
5589960 44 9803
82962305 85 19111
550800015 11 42525
139708068 13 23786
1717951719 57 84326
3072352096 85 82047
447366369 30 60531
117889222 52 68152
125812846 76 38304
589659986 11 92028
695328553 100 58181
1554071882 51 61314
233783106 54 57608
9634645 62 9620
139368320 82 26668
2804772 19 44897
224337 97 4138
1219508049 68 58865
398460007 70 86401
552700361 32 72575
284839235 99 29999
9736457 99 18957
62087934 56 91517
26154344 72 7169
1431500520 73 83034
1331808093 82 78902
509463 10 3427
94105183 65 37630
90942974 15 21416
37034 2 327
118713733 48 29564
362226 15 4328
4575186002 98 97895
161312909 82 28739
2047977600 88 85542
11806303 71 28099
3082686 39 10812
48463361 64 31091
741689597 94 80330
1493313477 78 76024
37444 64 207
428046906 25 61764
280305042 22 34247
868106268 56 73353
2550156 67 76262
330752279 49 26510
1964502422 83 67044
5786664 22 99441
2919628070 5 95227
193833917 33 77594
5677403 38 6404
1546911179 10 81710
531486140 35 35178
642212669 30 71204
1379850907 99 59397
2008282280 79 82883
132223044 21 23844
3700788449 25 91756
217444168 70 71826
773370612 24 50517
35039393 68 79032
2171531563 1 98641
7060506 11 80834
12055320 32 49333
3626459 70 18311
1392127810 31 53282
53990358 43 48444
65235169 36 34260
259867 35 6284
28478986 3 74289
55798790 19 22168
37923571 81 12462
88537222 6 20719
94143896 78 52060
1119590325 31 97563
471347238 81 85714
340678648 1 58990
1943933397 5 84977
28393785 21 10517
6614375 50 3933
2510199 11 26765
1455316988 1 87096
146351249 78 28968
2930714 64 10295
2099902 34 71329
101896059 26 23398
21411893 2 15814
3289613 80 4149
210273579 47 46686
6108310 1 29656
494176 78 3249
3941383 30 10103
191894713 7 30249
298498985 80 46151
551442154 84 58994
122090427 76 88638
1815628173 11 71628
27930051 1 89517
28503537 14 31832
24047901 19 51844
3248448993 25 94134
3460569567 66 93580
24961589 87 86133
836052142 65 72191
371173204 53 67159
51212409 88 35030
1837222150 40 77312
1 78 37347
3689527205 67 97775
1170290010 18 88610
1229164906 54 66772
951799137 49 75015
877105 72 8054
29690757 19 16130
2438389 69 88327
470212 26 46940
1296737453 77 65056
213191865 21 38861
4029756 1 73752
188691032 4 20635
2293075318 29 99339
36708494 46 14814
1051097373 78 86457
65759185 75 63096
768813310 19 70743
1057409303 67 52077
12389727 3 34479
156091065 5 40231
7694501 75 17231
68574422 57 98657
4853283 67 28150
118691245 39 65776
55686381 50 96189
1063009950 65 72593
217139 36 742
1295515003 69 86471
68951142 63 67662
449 7 4587
2192862034 36 99016
211511330 93 34677
723651171 46 78970
70690828 1 23453
423305630 77 87058
24179 86 5497
917968047 9 59680
462836023 31 33299
455509011 82 51053
1590028205 3 74582
195712555 64 26267
47209157 43 18416
193472638 41 69293
725047080 86 74770
182160767 12 22512
2983136469 16 93257
5052129 74 29620
1063846668 65 77913
49888916 74 24998
101622870 9 50234
588821219 49 68239
38115226 74 70310
174183175 25 57254
663372062 25 58313
2060823177 90 69734
151259940 36 28005
51124863 14 10429
1153652722 35 76428
144173215 82 36208
381623010 99 59635
233107693 59 47803
146708838 22 18526
1447900002 88 83122
868646264 71 54727
36731727 77 17404
546789019 16 77934
792883888 28 54704
168442267 100 45764
7626258 46 49901
1266169 85 41916
593863449 81 74717
464936235 49 35447
423771631 90 29440
407625 93 2482
6843212 86 12487
113455042 3 29344
2937434498 6 87868
15655231 69 17118
594573559 8 50885
48986868 15 91013
1718813000 1 71291
2415883168 1 79370
1704519091 7 78148
44515012 86 21661
1079174170 43 68280
100967105 93 86807
32621248 96 56177
25483655 7 8144
1529552 22 4826
5584697 36 8817
767863530 45 52388
6517905 32 27084
141595442 66 17623
179417074 32 25494
110477515 82 24134
1634846597 71 83469
150335816 18 62322
3292095875 95 86937
1246017820 6 98066
827781146 31 95263
780785908 92 45100
8988785 88 96359
8255020 38 8176
138027580 33 67654
102673847 73 38993
846627663 4 59758
45058773 44 27316
234700742 41 41004
13105199 69 6484
116172 41 8246
24228073 12 22511
115479651 68 97718
862984684 41 58010
32051143 61 45796
98508783 90 22081
2134007804 7 87570
32639833 20 16901
338324620 77 32942
5537619 67 17457
164934860 51 28896
7209043 8 7956
529230440 29 35416
544757716 96 55862
19660932 87 68542
24587207 15 93905
985471108 36 88493
23170670 1 33201
264763559 21 29897
110 41 1325
578251 23 38585
222998777 36 27192
955505776 11 47247
276383239 43 68063
17967171 33 37891
2393806 58 9622
248505 81 22736
2110753784 49 79258
262660295 11 27383
1108866425 34 83279
1759767584 55 77501
6622886 7 11116
97303877 96 59612
1623073262 15 58992
286105534 41 86786
22353615 51 11538
652949155 86 53652
2832159928 84 87413
1015292875 93 78501
3157738720 38 89596
637462338 27 47254
10879303 62 50802
598432641 57 68198
121430927 24 62609
31418839 90 66017
630618630 22 62058
200539839 49 29265
416880 83 20012
13997823 87 63378
186537096 54 50338
430088 33 4252
3337483889 98 82039
432728520 79 32920
72524687 22 49866
1661069089 57 70378
29638553 43 26046
501155235 86 87449
6932359 79 10971
395077789 75 59065
10110664 6 90391
1366851320 88 60704
34901049 29 36130
10056656 84 12191
2236300529 5 81320
508393284 56 42871
3149830966 24 97644
2822470106 45 82499
1361301221 99 71319
771534771 78 46274
2142202877 100 67580
242611114 31 68206
503915847 10 59882
1464015058 20 93461
211788262 51 79702
2025318573 63 94200
1095815792 47 52903
106731852 85 92880
8393006 71 10745
816758507 22 81312
337455653 57 33192
678277312 78 70513
1372197636 59 60389
8042371 86 4160
19959177 6 11817
118788540 56 68642
65304467 35 18020
653915253 4 91002
1792006 40 10306
43237824 12 11805
1897617 6 15421
220094200 77 47499
9654966 78 6777
1386568831 21 99776
2949456 33 68088
258814591 26 43412
2871877367 36 77179
158268879 57 19538
139911939 66 27216
1087098707 22 54873
217219961 28 48399
256480105 63 32101
1983386493 7 91387
34056438 100 24398
839721094 99 45743
16644775 51 30469
389003008 83 61938
262856491 57 31443
193490224 83 28773
71342142 20 16946
651785336 31 85411
28969146 88 8886
629104087 43 35460
8364887 32 56773
385310155 19 84535
138466591 4 25159
4973379 43 3269
344582994 24 70861
866717118 86 61483
20416281 96 10612
52419 80 8114
316474633 34 47376
83386238 39 37837
202749253 14 41084
276478 39 1222
2071858 53 52968
807312067 63 44150
686111322 43 37117
56578 2 6927
3571069 41 16997
2753036924 11 82041
19283376 80 41852
146812903 98 43341
397250722 7 38147
49323028 4 14993
3559536 97 51038
45719226 100 22309
10159849 80 26706
638496486 85 58150
423346 72 21779
25806279 100 24496
849412281 98 99591
45036740 59 12599
22276201 5 19201
1444398302 90 67239
7079609 80 44354
6030701 38 32037
1228717158 87 60730
18739161 24 59577
474896261 75 94493
362167787 74 28082
113583574 61 18212
1145264153 73 58775
2320884577 6 97286
757827582 6 99206
9452805 23 5230
253252464 30 28068
42258707 27 12048
377671978 25 61084
111272891 19 17985
7836 34 836
943388099 33 52802
110615067 94 42996
67281184 98 27599
7358282 99 4999
4348371 40 15552
1271082842 17 74445
288480383 51 25594
1297188376 80 78716
135262659 10 39773
638464238 45 65680
127970963 9 22285
5512959 12 51645
1807394753 58 61177
822515199 36 86881
1172755001 52 76478
9326475 6 32220
401474869 49 82377
3520247297 15 87493
1162756118 73 49832
400290318 100 48230
356270254 70 31944
66107734 31 27608
18264 64 749
47196234 84 39780
78657624 72 56149
3719368 33 3460
835880370 4 74389
563091363 3 98042
102805309 53 84877
735320 47 5942
1519624651 20 85836
786050293 89 58398
1624527263 2 62450
36645937 86 14539
1048835 79 12786
556223 59 5554
255312944 48 69195
1667018577 50 79169
159243575 51 51706
4905966 94 5653
763347960 22 95097
33520486 25 63114
1695502 76 35604
576732 27 1992
134094150 88 39944
231562 40 56140
93476915 31 54322
74392475 30 31146
369832057 86 49998
402202372 68 33792
946221 79 1506
2926679 73 7731
201541 32 12752
515760850 36 83823
765476126 69 86065
193470419 58 40222
60843 2 51537
333603008 49 37544
17414071 43 15725
260465905 52 31085
1039755780 41 83711
727330693 2 40911
28335025 1 50170
1827984051 88 65312
243115120 41 49079
204948413 89 42183
10931095 44 54675
361023385 75 51092
96437340 59 41244
2442336478 4 88678
7121356 45 7005
2449934 18 3167
2474795308 81 96334
1155893908 43 53333
1249314 1 7732
221316926 9 22052
1773002 52 3323
91483793 66 27569
109906094 14 81753
1753369558 32 59992
1237895806 45 82396
60474 84 1334
650941345 29 50828
1835980904 68 70521
59065242 34 47126
36873098 13 55417
171946153 74 53987
230697483 72 96490
370148182 76 94325
463531 56 918
2816383311 4 97227
466652888 18 60167
1412861553 63 65416
491487 58 22091
2220004293 22 76880
420125559 77 81835
33550761 98 39206
243552703 32 54815
1993019016 43 94438
2783512022 10 98599
16872666 61 52472
6183202 19 29886
1053877393 40 46534
83356 6 3814
129429387 95 16149
604685489 14 57047
69060771 44 50440
744497830 7 40495
259385167 60 50421
2102308904 74 89691
18751337 89 15377
1058380374 87 65322
2616290 85 78726
393339811 36 99676
90971570 87 20203
505919430 91 76350
2769443970 32 80700
455801424 72 58744
481484261 80 52032
1560965473 95 61926
73410220 57 24686
3476640967 34 83564
985521075 98 55198
173141786 61 97504
59933096 7 28035
120056506 51 25388
9737970 69 6712
13694544 66 5862
836847734 58 46601
3667261593 28 86525
350394643 37 41678
970322135 47 56522
729478395 79 65161
55731484 19 77080
91802823 61 77651
1316760185 88 98165
342714925 71 71584
3168432311 34 93438
543103160 97 74360
319214812 54 75881
45950728 63 15525
390152982 84 43117
27659015 40 41445
269361027 13 65331
1606158955 9 90548
1990648 49 42482
1000879390 22 58874
4157782915 43 92574
558258643 39 68641
31869603 11 44015
8349251 84 14997
4028045 9 27951
301691635 34 92182
53985557 77 61550
1777005857 91 72319
565827429 17 42860
1402189887 30 59624
244315035 59 81957
1917331421 53 73044
739488175 21 81734
14420419 71 13538
24802788 68 8574
207339 58 7346
41089625 49 24841
29212184 83 8695
1441380668 47 82154
51587207 2 11188
11322693 51 20650
1661089499 62 59510
2548435685 93 86789
145384803 84 20161
220177616 42 76724
1191477598 69 93556
1226399788 98 66834
1548840925 99 63812
2353399732 6 89260
106311645 90 17812
9770380 11 20219
578568520 92 52626
1299743488 68 66925
87018207 72 35843
24303812 21 83774
1194785520 85 68899
6306062 72 9248
81131861 81 55945
330888504 23 82635
840220329 24 50130
796163162 93 52579
1113333729 46 90059
132810939 44 28597
827417312 66 44368
471771257 45 61881
1262704134 31 54606
148853421 12 32155
641631206 66 56837
1928103 23 7745
90758136 100 22061
122926022 21 27411
86236952 87 34099
1808505270 94 98713
371758845 57 55738
7253166 37 15255
200670963 15 80376
206912716 94 72123
680418115 19 66788
220585937 1 32461
326624584 23 42270
62415939 53 58144
794839333 47 59916
5657738 78 79068
223720 20 10854
154844554 58 65773
32522313 63 29116
223149950 76 36945
9766037 52 7483
362850891 82 58120
456059857 26 54937
179927019 22 85604
1567803266 6 89703
123454 37 3041
1738709890 61 99851
2103445 84 19893
1491393 54 37823
3947676615 37 92456
1178284207 2 61482
2922124264 99 84354
13854908 69 22249
42023874 21 9697
3121227 63 7378
103742714 43 69682
803304031 33 51974
6208 63 5318
3112011650 58 95985
368110897 76 49598
25289537 35 20546
513782459 73 77069
1780675615 35 78957
2698021044 61 94290
204913740 56 22336
1193511276 81 65157
219590453 18 37201
13955210 90 86278
4261493261 51 92937
156056137 16 43422
249012256 24 24757
11892886 71 94580
99743 62 8652
6962390 6 3711
371079967 100 37464
228305763 84 43355
9787399 63 9943
1047698332 26 91369
549732969 36 66322
2211522890 51 71231
4001063027 23 92104
790278060 77 41254
1237990756 7 60506
44055 79 559
128171963 78 23948
107083385 52 22066
101882310 62 75264
19529868 95 18540
51084471 96 42898
291693010 51 74187
1144378368 95 80610
9160750 70 6546
5724210 6 42760
3672039 89 11683
1569042918 35 66668
288218370 11 25461
756663670 43 70700
55135241 66 59920
1026878700 75 48062
12586034 44 5326
1087848552 91 47305
2542790444 84 74412
21657428 32 26969
1894474908 20 95760
452868423 96 51143
68645830 21 44435
31716821 16 11276
1281459 10 2309
52430 88 1151
114438529 51 24982
1839771469 26 97602
80512512 59 35201
2467239249 69 71047
1205753986 70 66795
959744832 48 58765
479190278 15 77091
164382927 25 25397
440362588 32 47906
11325404 8 37721
1581051 18 58284
1789359923 57 92230
835 24 1048
2112077526 17 85836
2555781725 62 71535
50901289 32 17033
101316907 41 29269
2363717614 50 73463
92108361 64 93536
1131097035 70 83003
11231141 94 22445
171413536 41 67852
2788014 35 15906
33348950 21 52057
80163247 56 83593
73991 96 85182
2586477 11 95064
1730283670 59 69040
4411487 41 36986
421902727 80 91450
1214434467 38 54543
235595195 95 44005
14476954 43 12164
473014626 83 93044
387393415 87 34200
28162011 74 38157
285170604 16 59222
112437923 72 53072
140951885 34 63641
396139980 90 45944
1950704 80 2024
167616446 62 35541
1305889465 25 83755
118079053 33 26468
353266933 36 48976
333949079 60 54310
143571571 82 66140
69111096 64 21873
9041252 68 83400
55947241 100 54182
64020156 14 13407
223180985 28 37013
2252202954 65 85721
151127406 95 57575
1547339 56 6535
862087806 6 47025
371614383 87 37555
1142999540 39 63012
460410376 70 32218
812305451 22 94293
245074735 9 70519
278078987 40 52498
554257 10 88503
7080608 36 22109
1136584394 40 92624
170102851 59 63438
17698141 88 23326
609372301 87 60794
142980379 21 21938
108488692 98 92765
1405773468 24 83235
228451386 52 86954
1 85 748
1787690782 73 92200
332509111 44 53899
36933862 35 62120
103219666 84 95514
480661562 60 33444
1383189014 19 70769
225251642 32 69901
750484 6 2863
42292 17 5240
50494307 1 15040
144327705 21 72753
1068 10 92045
684739177 96 51004
316102101 56 94490
2125669311 19 86721
2938889 14 68311
139009847 45 25400
396937941 13 70153
1572099784 27 87120
414648000 76 44831
1059856 27 14004
1157437207 65 79610
85152709 43 47014
30673908 12 49347
113089185 39 85061
615938031 94 53426
5017515 69 12891
951830129 11 75575
1913887259 88 88855
30304266 93 7954
760075438 19 70546
2191217184 65 78929
60936019 98 58276
120714957 68 39511
37774842 42 51230
124623050 83 45929
124340452 30 62516
1113733379 39 61072
1109633 75 7069
262113 71 54378
37820254 45 12090
699921946 82 45656
1253936280 66 51478
48705575 38 55156
322037678 78 29238
136047609 3 25245
153840331 42 34556
138786172 71 21953
180643 90 5407
7191809 63 71161
4233613331 42 92426
232497793 84 28034
4587236 11 41015
15530063 92 35385
432032595 42 75742
10389299 49 30806
14036855 76 10576
382558191 41 62430
313102481 38 57123
60594684 8 53138
2700056 28 74874
1803610252 38 76179
69640597 5 25680
3810436144 34 99456
2601254 84 12384
278148020 78 64858
2107700 23 13594
1089962912 28 57368
1321431599 18 54047
708931462 24 88487
92892343 96 52972
383910153 57 89276
522995 65 12968
2585 49 152
838845394 58 54959
1953944 94 30929
143408223 49 38735
4038239299 8 94354
1757688172 95 90819
98402845 12 14514
297311608 16 26754
26036 3 92998
19336716 71 13570
242811882 94 24803
202765065 30 58578
226686909 24 25645
682501879 88 45975
414925547 30 39362
369096360 67 31106
352816 46 11404
19230796 5 12522
553575832 1 38470
22124940 82 79842
54180386 87 37331
353224988 14 79850
4394572241 55 98507
603238704 81 37033
99131516 26 30767
19902391 1 34875
25590549 4 15574
48517150 90 15317
378410856 68 60140
16190037 91 8585
236867863 47 39641
1899027665 17 73251
966538127 92 79309
517883460 38 94997
275189648 12 38728
1617640 89 70437
12345769 8 7758
1565335 62 21467
1065268838 66 54445
322987230 56 71900
28676702 95 10132
79309193 22 19719
76384957 78 22276
146970086 87 30954
1014054037 7 77385
23827755 57 18290
1006131296 7 53247
204287072 26 27331
1195678627 76 82372
37676404 66 27117
169918279 71 26054
341189976 15 66118
64106501 23 35827
1821122 11 63796
586905347 38 69049
7565357 75 4933
128376911 9 32245
821366534 39 82609
6485265 16 46077
15008709 47 17803
192588949 76 70537
28314252 81 25702
911089267 38 82410
14592148 36 11980
4537280 28 4006
221259928 99 67942
150165249 60 19773
275252127 77 31798
123124081 42 44667
88450639 84 71778
544166757 67 35464
581073271 26 41551
299376 17 7086
3426705692 43 91510
76544284 44 18774
143432620 50 31919
6342798 29 22081
399024246 74 28382
259573992 37 35782
1393733 44 15203
25442867 38 69456
205062165 61 21468
656494372 48 98515
1513248726 34 88854
1034876591 49 65857
19285982 1 20231
538619768 82 45406
521005159 70 66199
64215611 53 14350
1166279659 32 93719
1475933818 21 84502
37590621 66 11470
1006694 86 9777
703114122 86 82578
2022203 67 18102
1462 21 8459
275077720 24 47539
166415049 11 81663
96592876 36 21109
101873092 81 25378
2860691359 72 78930
466254208 23 83004
11989227 93 31234
15916181 82 21964
238365241 8 95451
38680039 16 9368
1027626045 99 57978
1883384699 19 84156
102561213 88 69673
33930785 29 8585
279512509 36 41690
53458257 47 52303
378439962 41 51771
654978415 29 72054
1680185302 1 90492
23732898 57 31566
1933171983 51 68056
2237818 33 19336
18227116 73 37004
948868651 47 50331
27193080 49 53942
710179284 34 68362
20877250 20 14482
44012738 38 33684
618853655 84 38606
115431035 98 17743
376157037 54 65438
125947286 41 27934
1083624148 83 54139
32565688 55 24900
103155091 88 37270
2256716 65 29237
1089734499 50 51441
22971397 10 11640
2155741000 92 94531
893958414 3 74906
5366749 94 5028
177467760 55 18993
518678655 73 68596
167051807 71 81130
1250736 60 7051
1047194226 77 49667
169823386 67 80242
585939973 10 73872
355287194 55 73980
364337059 48 32529
11250745 60 78055
226978772 29 57803
1400462977 99 63620
465789281 53 93170
3423733200 57 99407
79315572 95 14076
395927621 54 74312
180462751 66 52358
280607198 56 45915
66444816 24 85254
630776784 43 47423
91162247 72 24165
110832050 55 32132
3481922607 34 94426
549850534 71 33218
1210393477 2 80588
8708 38 72
329926860 72 29869
544871193 69 38364
242401954 48 39871
268783 78 32356
1795877 54 8927
4789828 8 88093
509701214 72 76105
17099871 60 35883
17275163 64 9515
705921744 93 74609
49525 33 542
1360756104 3 64801
2838083401 95 96047
14388 22 39451
58966794 8 20719
45133099 77 93027
579422316 50 35171
17296988 56 38246
3734601277 31 90301
268071582 66 40129
157415997 93 21018
53221833 37 42867
708332688 61 52187
4275349939 11 95715
338425134 30 29470
7579027 66 91681
482931662 42 96992
330820175 26 98931
201848462 96 44577
109529240 34 49586
33720243 13 32314
119772796 31 19543
970438037 36 75367
369989652 74 32914
252425 97 35538
22617651 70 17340
21223406 21 27615
55713567 9 56999
12747712 26 29719
6173912 31 67023
189474835 47 53710
416584679 89 64030
1332718272 21 62206
3301692 89 4901
1053024 34 21084
2278392198 18 98810
1809200387 92 89131
1797518 80 40797
182528684 27 61548
135985099 1 28853
418603929 98 79600
580037333 98 57474
349644280 4 66595
760337178 8 42523
24688728 71 52820
72781193 97 91398
23920504 39 26737
62579438 35 68448
680996891 85 54470
5706537 23 6800
868387023 55 91102
2877471553 60 96106
930420362 14 46840
85683183 60 44066
143159977 79 60912
110580092 93 39681
709104703 32 58106
1535393494 81 55434
37362741 16 73241
264397501 32 29645
4557037 68 5296
17364377 48 76450
110567156 72 30314
641326789 41 43376
54824180 78 63172
3081585 34 5020
14139370 65 38875
3006053 98 78053
16786202 98 30078
216687265 19 65597
82421104 42 83458
33224025 67 84744
736680842 79 88316
295232278 16 24840
46880608 21 67638
9336298 11 4918
677511993 13 95823
203740727 26 33490
7446 18 145
139261475 56 35250
1947680 85 10986
230524 6 1170
1062699 36 7478
80922383 26 27586
68979573 43 57657
2184412653 27 77279
3328192280 71 89917
31257568 91 22134
92999532 55 62183
942248946 64 53897
588846 70 3577
995470985 13 81693
1174212423 66 75240
254964409 4 80768
736531062 5 92038
329706798 61 31648
509871259 15 49760
134091560 35 40104
1063215684 89 76781
28088257 22 8972
496223892 26 34110
11244327 68 28335
490640156 75 88627
38308527 79 29519
247739761 45 38330
71633084 59 18449
74697288 21 13870
232687 49 7394
3838040671 41 88654
6954527 42 34333
1669624679 70 59323
37314334 39 34822
239297076 3 22274
411990556 47 31005
926985215 68 52200
341791122 54 28743
454716283 29 35715
25661778 93 74736
1599942084 9 70749
139416095 84 64584
1913678674 11 83167
42713153 82 49279
1684267820 17 98086
2417275 26 5956
436318416 71 55760
31384450 18 25794
209443464 17 36671
116211227 12 20965
3743791 88 5502
18310802 2 43570
135433960 10 28739
44443725 96 15784
797887129 40 91668
505496359 97 34269
81867324 71 18516
31917 64 9105
105497 26 475
18345458 50 19388
14465036 86 11371
397904027 15 79332
109320058 41 19893
1222653 50 35137
1303660432 26 99976
1377897 98 30435
7640959 87 6056
487107039 83 62140
46948222 73 33574
359345351 38 44265
75650911 65 35774
18624030 100 37197
93894004 47 68773
32231099 95 91429
767494 92 4261
1577437414 95 56622
286525464 98 75313
216940 79 1557
808975695 97 70281
19499847 47 6249
166387872 3 19375
16106 54 56329
94210697 87 29091
1423948193 47 75286
495507474 50 41908
3673455850 16 99486
132440409 14 21867
937705367 12 81660
2119708862 43 86803
24170054 65 80198
247634270 76 82052
100444333 77 69090
2979556003 33 92828
4581 4 119
124104880 77 29644
898582131 72 58846
264101191 72 62488
321213587 99 36827
483301068 76 39896
239382389 100 52940
3123101 99 7641
4204279344 71 92372
213158961 46 28497
328097734 6 90581
3143592959 57 91629
413725928 48 39666
4798713 12 14292
16172188 34 72020
213113595 1 41249
28601553 6 8143
145115388 65 54708
999683139 46 72474
5735326 19 6643
186025104 13 33124
24741378 10 8391
174694579 90 62728
54063222 100 12276
4271056300 26 95268
54906020 85 13269
169777133 30 34946
2571619873 27 95357
3003643753 50 82868
478430517 57 57710
906352847 60 96378
610494080 21 90828
19783918 95 46616
20817280 26 9155
974026 73 16380
1514039876 39 63899
2361672 39 22310
1483658760 60 57198
70296216 17 65959
386349125 80 28562
570772793 74 80074
3967600001 38 93825
12342328 30 24736
255997986 40 88364
773144265 54 40528
37989462 90 10410
387082 43 45048
321469 52 5227
2393518501 24 74779
210459505 45 58018
66949946 14 33679
7572144 24 78067
170260020 75 19672
12532651 66 32455
165210772 47 49380
476200300 64 82309
87759264 61 13592
16246630 90 19607
6426763 50 3526
1129589346 33 58597
237370445 3 43017
94915016 20 52578
141005644 79 36165
147078 59 30398
869835776 5 73660
574166178 79 34474
38466404 79 30402
1844253172 29 66109
61562830 19 68517
887987 20 2532
6579118 64 30995
1109788754 36 72390
2308241 33 2065
3564651 51 22793
520467686 46 58117
1000189008 57 57466
1254579083 46 77153
663277111 47 59624
897771897 38 63847
1308552 80 3455
2208942 3 25913
4144976 16 4363
24023070 51 93490
590275643 76 37520
150168806 87 48423
1322533502 11 58019
885598 87 1909
591575334 82 85312
303039 81 7114
597443170 5 41076
2094815483 21 94505
9266815 76 16565
120565017 73 16123
197644890 20 33352
93991044 30 21899
301114435 32 47875
883856272 48 72152
379602 71 41902
17305898 38 27056
1194390350 39 71154
1 51 882
609743235 93 52924
2207577543 48 92785
89635689 16 27874
24650040 85 72436
2597666498 4 94649
12276111 68 10524
43245081 48 41539
91429925 52 34507
32117754 33 18430
730183886 53 51174
3597241 81 5981
1168594 69 86319
2500843 99 24659
1386637837 63 55178
59735578 94 69433
1992454636 94 74261
19594617 50 25879
245657811 51 39363
121951486 48 61135
46395812 2 24134
1353792111 10 75212
752925684 11 69611
772529708 44 71874
1014406 87 14067
1528383844 10 62498
190144062 42 61544
316545014 89 36196
685696955 88 64798
755436354 98 44672
140098899 7 25784
1893246384 22 98641
117054971 60 16138
188557213 19 22464
159500482 52 90479
967537366 33 89546
165018 51 37379
126293 94 27213
686823186 53 51115
1176108758 81 69511
197146608 45 31410
519568742 91 52183
3235822 39 3627
224579 58 6928
262858655 42 52191
89606718 82 32660
39856592 31 21390
716134775 45 46794
735169 6 18176
133170 21 59847
4256386785 87 92209
276298576 51 47519
202457164 57 44585
65404465 82 25891
1405871560 48 67751
117221481 58 17190
4291868804 85 99357
24787601 3 78806
1997753792 38 76688
559732848 14 89064
294205206 54 39645
837111313 85 82920
411518108 23 47398
4194068 73 77293
24368898 48 39120
392039334 77 85381
38698638 82 59080
75596154 68 25687
22265677 75 16197
3161975796 47 79528
468380590 43 33045
1898619900 91 87319
673408843 53 87988
381317110 3 34290
429278689 82 36140
1516234 83 10512
17211042 2 83976
3223412 56 33727
55200700 8 23644
236485260 42 22265
647366590 7 72517
623456944 52 57298
18491462 9 30028
13210371 86 10740
57409924 29 36033
1053669740 50 86933
1081940078 23 88707
1072492 42 81845
126143786 16 63293
41859983 93 88316
963386748 30 74685
2598985681 38 74323
674003616 54 61568
39395073 29 12523
160713135 15 19102
8794667 37 63363
37814740 68 10119
646940513 80 71318
786969974 80 65981
5223128 36 44360
28518456 52 81724
108879709 59 62353
1091706790 73 70639
798340820 30 90474
12090877 7 64483
18556457 24 22536
2746566 96 30630
293702812 55 55744
533178 70 50556
539046 18 1126
2458784708 44 83514
2683838 7 2289
159383260 42 23232
1513735 41 2117
4068810367 1 92083
619961 88 1783
454151026 45 43745
3956551766 32 91378
1342878 65 17002
17886041 78 79577
124322856 56 26176
66442538 48 71590
741745 47 26827
159674947 46 23363
21887906 27 16836
3665876 33 4077
3956313821 13 99752
641568984 93 51563
1426959990 93 72459
578485 25 4602
68027 30 1052
1460683491 17 60436
339208260 40 29056
36986318 24 63503
161418399 93 63155
1410051660 48 80415
2023274111 62 76836
3598394 27 36971
3908057032 31 98899
24722567 86 59589
315734698 32 66279
1466950137 94 58216
1167808 65 9597
747254774 10 50605
539318952 40 36562
833644052 88 97333
184168357 69 46812
579030 13 3625
1848211763 96 97764
366548 22 33895
281432948 58 43820
7424258 99 4130
161307503 76 77925
40862336 8 17164
889322552 69 62296
57624105 33 20849
589720153 86 53336
71340779 95 50567
121513357 11 44189
240957382 9 41676
1653255814 45 89075
251247419 78 72867
321304667 32 49274
17966872 84 15384
444564797 4 68084
142350 55 3414
322248476 98 94064
20076161 68 12081
40597833 100 39978
189186695 46 62013
19003996 9 68480
12706131 16 27468
52062333 52 19003
61273023 100 21137
376611 3 12722
424820499 11 38298
265461562 2 31137
150929 88 1010
202868152 92 38985
24262520 19 13147
4820083 58 12940
925835548 88 48266
4325048 80 60512
4892294 35 31200
64042709 24 38049
946726826 65 74233
963085 95 6648
1858837 43 13168
535597863 8 45796
44609173 70 10891
43325927 9 35031
1533542344 73 57466
7989501 100 7252
27494335 27 39374
7585150 23 8329
480787605 50 70005
74371944 91 79376
1769704324 81 77139
1144731314 37 53287
1039517 16 70965
470523122 5 80732
991281719 27 98766
235138978 9 36285
1997340596 46 88312
697168839 39 85103
26204406 88 12516
2756114 24 80398
418563076 15 77488
701112299 31 62248
242838694 95 25694
2292053797 80 90250
459405388 61 47608
336305827 12 69033
1912598 42 26051
285536132 50 68436
109422114 12 21427
1687566279 82 91677
1845176404 21 73945
30769579 9 10651
354942127 49 30873
10142620 76 5128
625396854 15 43146
5516177 57 5113
71247819 82 89371
1123336214 27 66257
688833770 35 70045
501092062 20 41326
3502757413 77 95450
9421500 50 17754
1647974258 27 88232
209680687 65 27108
8498397 16 12750
887425983 7 94971
94187 59 34274
95440226 4 28922
31372465 69 8539
191290736 7 85420
566816587 87 74288
1432780783 31 61169
370287 1 2395
162956022 76 92734
740280551 18 51988
50744773 79 81714
802896425 83 90604
324147926 71 28510
1659874001 10 60835
206970922 32 83874
144485736 40 89390
1407578069 81 92181
291493716 97 38142
106979466 26 16735
19200095 41 28265
14084924 65 11722
1494156167 94 91424
34547203 49 17190
119185809 58 55110
263407976 70 23843
4078 2 4174
40325 49 48898
418652923 7 42138
568138613 11 95117
1172758372 22 72766
38113431 22 34972
1505904805 39 58873
660346186 26 40619
122622375 51 23947
2046745 22 27207
205193125 74 89069
800299158 95 75990
1375385775 24 84825
1477806183 9 97828
2384160866 82 87400
335795909 73 64404
137000618 96 67725
1183958190 96 83123
1164455741 38 50033
1344027 62 3151
1602357 60 12038
159518 42 23646
315079 33 44619
67213750 1 12043
34276505 85 11292
26321414 33 83620
6758645 56 17968
1494365947 17 60837
1187712 11 32429
74937 11 84767
183589777 51 48097
12006532 84 10677
229531741 23 23214
24869752 93 19451
2048085825 15 75571
6308330 32 11965
72743926 23 78114
44693298 55 12229
842278085 56 49812
72317292 47 81445
4516560692 13 98496
485536251 68 89569
3036230967 31 80739
840593 54 1334
2170154986 29 76818
1780866519 43 99802
212765519 26 68500
238492458 46 59427
2405731699 84 77467
24488521 83 16443
38041 25 64906
85696756 47 85659
64804143 67 18331
383582378 21 35095
2166533 15 3687
416451236 89 46719
848883323 92 60604
275825905 10 76289
31225905 28 51125
834918342 30 97968
258593417 34 30912
650745397 5 83701
172266926 40 19714
840027348 58 56397
72676585 42 47962
979127114 93 59784
340986832 37 95602
1 99 8095
272396811 61 31539
702590 61 2903
317454391 86 78308
2362705799 55 83530
413647026 37 83944
1072585 2 7980
488 53 1284
2971377845 24 84277
702978343 96 78033
3367994179 43 91498
7462612 95 16208
1157625567 45 69550
2394566 50 4838
24557034 35 68310
84638255 80 23382
1037707561 100 91196
56052808 61 24435
63555 58 2420
102409110 96 95487
305725994 55 87688
257452499 11 34733
1605127134 27 94500
541120904 83 52563
28425606 39 70395
27210771 79 16638
11378929 77 11660
25433926 30 20655
2637225787 63 75574
230060774 60 74536
582957146 71 52511
7620071 7 35340
932025710 77 59213
215262422 82 29659
42820879 42 45601
2659670 80 13485
1048686973 72 51677
1722269048 87 80845
693391951 73 69148
239975977 59 57574
2001630457 39 69631
140696312 31 67651
1453913500 48 74052
205258400 90 34956
326996003 4 50364
2110005670 83 93709
463582569 97 51334
343691 75 5195
237077847 59 40591
193170840 68 22169
78237122 1 16321
1445410 100 12899
565119826 62 36831
29723726 52 13749
1349913226 39 78497
46895069 34 76962
1036 67 186
95849196 37 28781
3402918083 89 95989
8011058 28 97574
590424600 64 98816
180979254 37 58219
23602468 44 7671
43766590 26 70721
339494933 91 28624
5167552 37 7220
397204751 1 94150
313608139 6 53587
155063061 48 21168
15718391 92 5733
296449 48 2685
68252 74 3099
92802294 76 39694
303795023 5 64154
3955394 72 11795
9685643 13 5586
949251 69 2107
1412952464 18 77478
311586860 9 89496
14251490 40 11141
6394421 38 8549
607580676 35 90765
6496046 77 8318
1977726175 92 68896
27529530 18 10300
941523222 12 72843
923828679 35 80743
49312891 31 58116
2505373 50 2369
10894947 15 10782
354727944 71 79325
226332104 41 54832
95673835 82 16368
87389233 32 24644
417623569 38 30647
3097714331 44 92618
2730803450 93 79940
6191 14 36787
1009241697 84 67346
1810035071 92 62911
1696492929 39 73887
1715040150 87 66957
839717459 47 80901
1107922919 33 79257
90560827 26 80108
3751910638 52 96722
303696376 57 57569
684129066 12 55544
549722473 76 66416
245620930 61 55184
152811 35 863
606864456 31 98485
538364963 86 93455
68616896 67 56066
48706407 65 30266
25581768 53 88840
3315794 68 23259
147442377 96 81654
252550709 2 39650
1101374 16 6432
409243041 44 41048
1111250 43 3211
407951076 27 34363
118734 23 20003
85760583 85 98619
905927978 96 43042
819789087 55 92574
138238150 100 66773
208297956 1 65785
244440152 77 28650
71627352 51 40074
263870474 9 44413
13284209 91 5741
75130613 54 91918
309187234 70 42180
79299 8 35290
550559 49 37453
253779017 64 30665
527775 38 82558
1363855276 48 92976
851175117 4 71675
1 75 305
353820983 29 53548
219958910 38 54119
9240 58 6647
8897624 94 34957
1021105 83 7566
1596365456 5 85803
3017855730 28 96948
166349795 93 79551
1362984819 87 65470
14218107 88 14523
63989 31 9294
2138765 20 36170
20458514 49 47491
463548501 70 78089
141321375 30 18666
512614291 27 51291
694778710 69 39267
472135 91 24278
211336072 6 37697
11826673 59 6620
21965962 93 27402
951567540 57 96822
40095657 81 99181
774635360 38 52946
916187517 61 75426
489759589 84 70110
131875466 69 81898
172324985 91 26580
86984031 5 19713
3862111199 14 97604
66496267 4 43246
2497457 16 52871
9494664 15 56993
1900897 50 46717
391556 59 70804
251179340 59 33327
30512466 65 15225
635542436 51 36110
27954956 80 18521
158213781 49 19445
1306030322 76 51247
604031 69 69223
2083716485 14 71823
192732255 22 39184
353647447 70 72689
66297669 27 20515
308106394 96 29594
1362178598 87 55870
1034114824 11 87064
23009 82 4342
187690959 90 26734
111458324 3 59832
16747628 78 14904
2400308 12 4556
7308669 52 5448
203835553 30 39135
5928557 51 29362
43989379 69 14254
12906129 61 28363
1238460043 68 86397
679565370 3 73734
45937 69 352
32608707 89 13037
145715832 4 86154
3301765826 37 91197
2975154438 41 86512
532657632 67 47606
454814149 77 57574
18088177 69 24846
279924923 99 60057
423280561 93 47513
6218082 17 7091
1287117941 43 53880
3392907544 15 82433
8321 3 55
634247142 76 51602
1744914728 36 95482
4598891 90 11722
143155 81 12191
370474233 15 58468
18294983 36 27401
1183675354 84 70768
169019193 66 97238
1 96 1384
102710 1 415
28126564 95 61824
1042369898 89 48385
991407558 38 97269
64487444 52 92628
1461631512 61 90866
26274863 54 57372
40737712 49 65693
37316306 39 12870
1596493718 6 87994
1127981163 78 66049
582419693 69 82988
935267738 13 72526
11843824 28 11890
25622341 48 13436
1233018200 20 56777
20240893 13 65037
95974325 35 96938
828427120 12 42871
296576699 51 33831
297726461 73 53638
5789013 50 74895
409664097 36 59483
974652709 22 49430
116021707 22 54409
27109563 58 41035
1846398016 61 68852
240866992 20 39636
6800060 32 12435
10687831 57 27984
17680609 82 67814
6257732 33 5142
6858487 79 9646
70345887 2 53198
2155711190 2 96860
197914649 53 30275
1327775045 81 56844
1048805 69 2483
147515 4 1797
66390637 37 36321
2498179001 5 79996
26227 48 31457
483944197 79 80001
58315 66 10016
1413391067 99 93657
27836736 32 29991
21473613 44 35607
421085473 62 31542
148340007 23 75049
606571733 30 81128
268951226 81 65303
1585713263 100 59776
91293531 21 24406
70867665 69 42034
233740248 55 50544
1698686759 62 61646
1260831276 39 54104
197031656 78 22227
13248 2 657
284068678 14 63415
1025803317 50 94084
912227595 33 90312
233653607 28 98299
86691827 68 33648
2314093109 71 85721
24605514 100 10129
14516202 13 15989
12149134 44 10843
49855728 66 44301
2011978 56 30612
1069249130 27 60487
688525713 68 86301
277472530 33 56597
782312 44 10499
3502220 66 3875
21046832 88 24352
96863791 39 82162
668767181 28 54112
93855005 8 43914
1443960455 10 86704
71725 19 88065
87680322 33 55453
473958977 61 96932
1014126162 99 60296
1531237 37 63319
1376549155 58 68319
942712961 22 74208
2343273394 2 72684
336960838 37 90140
4642077 40 10162
33273181 96 18029
799429129 52 98377
282154072 95 30643
59455900 62 35972
113605 46 53697
2655268328 95 90881
4221595 60 29136
4529230 26 76489
1055978388 84 73067
807400695 20 41086
1151714242 51 66524
5779583 55 10218
4870524 60 58033
265070203 29 35961
724744298 100 61183
34377167 71 14632
12984089 11 18324
1703595483 67 67385
144890999 34 88585
862926908 25 70060
2385680087 91 79465
1596384711 57 69753
119484883 87 34006
295869895 92 92833
549809 5 39512
3626770857 25 92780
442354894 55 48327
41878882 18 60837
69274255 12 20841
204435209 76 43351
1 42 14344
51751802 87 11201
2759812 86 7710
22406005 83 29507
314395266 32 26886
350421567 11 30125
26321036 42 38955
165383994 23 19135
3480335 88 5073
54413203 83 41548
34216 79 7060
1252803 32 11439
528173730 48 74759
29222137 69 18213
36464186 17 69465
82022546 77 25739
3176425480 72 98301
13666288 40 88126
1015305398 73 73748
8847341 50 12351
223637938 63 23084
204702663 54 65154
1056360717 90 88766
202622743 78 75766
153006399 17 45619
674474380 23 57050
3078188972 83 84246
28839230 38 18187
1502647613 43 92001
166562977 73 20810
224580099 52 46880
177198765 55 39523
1000955583 72 72479
223629968 59 70390
697660 1 1391
21424 16 256
216730532 8 92176
324214551 16 35481
179841959 45 83048
12600 44 2138
758694779 1 77815
3465752 74 21487
648449783 23 52348
67410782 43 25237
52109263 18 83720
1330723892 35 61679
1419678926 74 97936
501053489 2 84445
145133594 39 34302
179411946 54 81532
59697779 22 18273
12550645 84 33147
188733735 30 87349
1823425861 87 67791
312219368 67 60413
1518363576 82 61699
625099679 27 41721
162370209 4 19445
2195472316 11 73275
1109039350 85 77490
25039658 78 21546
15776592 67 61517
456898120 70 61784
730285556 45 46913
3213202 25 2602
156154003 2 90314
66952 44 47444
118873715 77 15607
8339 9 145
306151157 3 55466
38515870 82 43443
4618160 55 2965
20987141 14 19783
2742611822 19 93172
2774141 59 24763
182106920 34 23345
580780 72 6889
8489018 36 4348
48518 15 512
1051053571 12 62506
669837350 45 37020
1263469439 29 67824
30065858 34 47562
53892902 44 31944
5328191 80 13218
116927324 73 50459
175127331 89 53179
311489519 20 32229
170976589 21 71102
613127604 100 57015
60675541 49 20490
465241 28 71245
255023409 97 38294
90936 51 11148
824065711 48 87256
96761116 16 70780
8757328 2 27367
415721 24 896
7307 43 89107
158455329 74 36399
183221085 7 29983
1705177964 34 91284
28167167 37 40352
828186905 40 78175
289301286 49 77960
434507 84 68051
193325458 32 72118
653083830 98 89624
614767 45 68445
4991547 56 19648
656415 63 1141
1477284765 4 90792
391257322 33 98465
404659984 85 86721
46412893 12 51991
32567263 88 44951
3077605735 16 88370
187347756 2 84155
14418094 67 48145
441098755 46 29869
55277 42 40663
2293502903 8 90491
730365927 84 53940
4881343 85 45240
64119173 1 29786
26233910 64 55568
54193059 95 11463
36052545 47 18717
488185798 99 91254
2144825260 82 67821
145261 2 3544
1208984 73 96124
13209397 45 8951
4088393 90 92713
267718393 40 69347
95544219 1 20738
83436672 42 18827
58501169 81 16113
5650880 45 6342
737521509 27 54859
388185696 54 34453
885731445 78 87322
6351666 38 66121
557805055 71 65061
649399395 39 43727
3874658020 10 88688
1051556 73 32984
789657 6 2442
146528765 8 25997
168071159 83 51616
72442091 24 19704
2452973042 81 98894
704530727 46 52197
109847301 89 76416
838165988 9 68502
458591 16 9947
60899291 29 44760
435978044 21 91581
176392026 40 91674
1607094442 32 58528
437938274 78 78998
290958168 83 60623
1192521797 72 70262
155869138 33 24796
1926812286 67 99030
814692491 5 99378
173862667 94 49382
240179480 57 64718
1269037957 50 63650
1201375 57 36755
545435338 30 94798
2471606583 48 80445
620157637 15 62990
36011137 24 22325
15221167 58 21524
33246329 53 18678
54249896 29 15379
740447583 16 41080
43815049 98 11952
587024212 86 72064
236402762 97 50854
32761844 43 75819
762722337 65 89117
69458650 48 19810
535029380 1 64848
1727527584 82 90402
132879038 57 95821
2089532436 31 83030
1489861192 22 56180
2644388417 85 90670
3495990 7 3367
108234069 69 87371
2031413731 75 67565
113515104 29 64045
150795592 52 47739
148990390 65 19573
117547792 62 46621
4232167 72 39056
4604318 78 29770
325594790 98 51312
47501772 41 30292
21452 6 277
29233040 28 9796
173975688 92 73614
39371824 91 13082
55710993 4 14736
596385182 76 81058
2609113056 96 87365
4050593 14 25017
39974012 2 13172
377893086 45 97017
1470896 56 10051
112150682 72 52356
106663081 76 23268
541666897 69 86897
16854884 91 67418
6438314 85 19236
4126991002 36 92542
641302109 50 65903
3544127451 16 85441
11289073 69 94873
489147752 8 68217
1144513 32 70514
38775169 94 47204
67043717 15 30519
16590045 46 41277
26064040 4 43903
783096225 1 54467
2938818818 38 78649
3976509539 56 92041
371521392 1 62948
2646454632 74 75241
1351069 88 31993
578178416 100 50776
1122224893 25 70382
1224781468 34 69861
122786338 5 74703
209450991 35 25607
31576326 37 12707
1248546658 20 89119
40838645 87 63997
46202748 69 20607
909242 73 19428
2908375 19 7487
2490583 100 5579
4256950 84 6572
73784726 28 61283
1295816 57 35440
3295521035 49 95859
154639119 57 95744
14213302 61 61322
31676578 71 13709
384531837 89 77721
19736471 78 18902
4213608 59 11061
1029741114 49 53160
620219169 6 56691
824500580 73 61119
305490476 94 73451
95920176 2 90047
125635048 31 17298
2808284084 75 88406
1335516277 78 54502
21260266 92 19565
4239870 11 42225
22526119 12 8966
4603588 99 20713
17169013 49 16475
749994510 27 43050
156097498 36 22197
49124662 81 39953
1491728842 11 77264
28580809 57 20815
469290534 41 78602
807303208 32 62628
15113522 54 6634
55753791 56 89454
10941383 89 37409
1920802637 17 66261
3171773583 61 93615
866806481 100 58430
58945745 19 70320
1921144 81 86573
338106201 54 49596
1706966008 29 90960
467439899 92 87946
158751646 3 22151
34463946 34 18143
2855197838 94 95791
51819204 71 32053
422879313 95 66681
844147212 51 84633
10665703 80 4808
541704 46 6311
1821304 38 4795
336362844 23 58346
1301474050 82 53508
101956465 45 20624
45859 45 313
125055800 65 36836
4448317 59 77805
33537302 4 12179
1938398838 45 69742
1798501637 28 79875
245455914 2 25533
75819571 93 24410
230087182 55 69327
1448471173 68 69403
22921504 5 60968
635085963 99 36878
904954540 40 42762
48633216 89 57379
1506143 49 27158
565429151 52 43906
537052395 62 85980
778923885 39 46814
209052 92 9539
12740682 19 7866
316672178 89 99618
11936151 39 18036
734348576 67 90337
779408194 97 59308
337674252 2 37585
2682986880 69 98717
1739323101 35 83329
1343816337 57 52019
639454387 43 93201
831685511 42 90672
977968699 9 65698
179295538 58 22914
26334327 61 89965
1156028873 45 91713
704930315 93 82414
1135303493 63 77787
2568668 68 63585
10043284 62 42721
1431719503 4 60193
363952862 92 36292
987931387 20 52134
29609928 6 22065
180143416 30 36235
15479050 80 10983
1217475148 47 81611
98644596 34 66651
28043002 16 12863
235751412 30 88533
24487905 68 43209
4267093 95 12031
1812617647 61 95851
2092538911 67 95853
321850947 26 27017
275653114 27 25012
311794464 3 44791
204212 55 28820
157983 63 576
1047221647 22 93901
220816025 16 89465
196986423 98 27799
314421596 76 57763
573139 53 2650
737549528 3 58822
20176908 65 32821
81010651 67 12918
507962366 34 38228
6878609 32 14145
8791624 10 52290
1007101737 37 48240
841086407 98 88119
138346353 91 27622
1590157156 18 76162
18050266 54 60800
42249784 40 12347
9589550 87 58083
502117656 6 45882
750092838 76 78068
156774188 17 40989
466416 33 31503
50136668 55 55626
56240813 27 10786
8036358 62 14600
15277031 2 19815
11044516 7 32115
19653912 24 70852
2222800082 88 91650
48906091 64 14176
107631 55 720
4974760 37 28707
8904955 16 81510
1 13 6710
443531272 41 69559
606782418 58 50664
1312804473 3 85385
70028841 12 88164
784012410 2 85946
1844280 19 48581
163333069 92 99138
3901080 60 13692
902919114 45 97255
826524126 66 58897
1683762107 96 70834
9203506 43 14792
45226626 36 66899
56664925 42 17350
93653201 1 70098
5058800 53 11264
1163364982 78 78591
105060290 94 46327
38185224 45 92897
556362664 30 72331
736760 16 14779
117294288 97 53770
3247577 85 17704
3816665696 29 94294
74801233 6 76591
128556027 46 19913
678887401 82 38816
458254695 78 78593
5306086 36 26413
39303 92 926
5550032 57 25825
2957278 6 16280
41940 63 1108
463404769 88 68733
57217328 44 98099
898580 93 62387
312662798 69 76473
9681424 10 20038
190490347 57 34450
454417292 99 30514
22559848 97 43157
352005137 5 43103
474756146 7 40306
1097301345 2 57290
2888484275 36 81454
90670461 87 34292
65025195 38 16306
139612676 26 99730
2849782240 13 96385
92679784 63 62816
1813598662 43 61559
3163323600 27 81384
551285317 76 51252
101088997 34 18733
302633 96 11380
673369697 82 54933
689407665 95 57579
26313002 22 23943
475755259 4 78948
7758874 6 11652
44231123 32 16032
85336335 45 91367
7048841 24 29342
234 38 2929
16666432 95 18351
13353402 73 12940
15505074 5 5704
2314402871 29 83816
1581972113 89 96107
1851904845 66 80042
1398107029 86 55259
308451604 82 77148
92304489 10 67006
323652378 35 36494
89858988 21 18147
2351139406 23 75858
915711853 15 92520
3709711 93 4395
211574236 1 35572
1691000 67 12715
443626740 85 35851
161837311 15 63485
295805331 25 70616
1383213582 39 68319
513958926 100 50081
17554890 59 79036
718473466 9 62962
22011817 2 6574
374855758 23 95302
995752780 18 46815
8388 78 309
1644579 52 20263
147239150 68 20870
920400026 90 68493
28780819 90 29052
40001864 14 76462
376003732 91 52043
4117991 97 99793
12714472 47 35747
1415775544 62 85686
541611277 100 44316
95469847 47 77745
174044180 45 23168
417174443 72 76718
456554696 49 39316
11268630 18 8563
3197497626 45 98280
418401126 66 46257
123185376 11 69523
1036795829 55 90321
1909361449 48 74586
766469599 5 40732
4019133034 39 95836
17989537 65 58738
154612 1 599
1939009311 74 91232
603790445 16 41880
384609994 23 54987
609508672 98 57608
27165757 70 75072
105502056 94 34274
131096358 61 61877
2037970 57 10046
10341394 89 14888
11267109 22 70094
1998361576 34 77037
78450418 63 12649
20839220 2 32831
1503302024 59 85134
17316 7 9287
27107306 55 95875
1117961 50 87830
10965980 56 13317
715682859 73 85077
1115278440 97 49390
371806720 80 85961
3337033921 33 89783
1304574927 52 70474
1878255390 10 75463
324517602 41 46415
196848 45 21952
92727708 49 27119
286439339 55 77693
17619363 55 8751
36393195 63 12292
97965874 91 32100
1440016011 96 64787
18377809 73 7125
140050866 14 27379
302479828 4 83465
154899944 17 76064
166813228 11 30809
519181486 14 38009
134124746 93 95111
525841155 30 77703
1436581241 82 94216
1526977770 33 93210
18964793 10 25804
46726580 87 11605
2738714 27 67190
7448924 86 15297
29569605 63 37085
32467134 1 19629
10186975 88 8220
3508618 65 3806
27339109 73 24019
162628375 24 64278
7997870 43 34811
101261698 74 62321
12672245 15 5282
1 59 427
863405112 35 43268
106706812 14 92910
783495309 97 94890
1397905204 12 84062
8776954 51 74436
668109303 46 99666
2940115 82 54355
1985107 73 78714
1264364093 86 67367
50751187 35 91576
68582 98 66728
208215198 40 37096
2020464407 91 87063
375137544 25 31730
1146 67 3386
957537494 84 54683
1465073759 81 75876
58436490 96 15964
908326943 34 49835
137575971 72 17109
125151984 8 28820
139010022 8 61481
1300698852 71 67692
731592322 66 76844
43663019 96 22706
785576634 94 98044
27301105 86 29993
475128820 90 78079
48299993 51 32143
261913890 61 46914
366763026 36 41742
10202881 57 7180
3076983975 7 82845
1881925283 99 95783
165023154 46 96804
23332331 26 76023
444469 89 87397
699725331 78 37777
6130 63 229
148398263 91 59718
1032460396 2 85695
4647339 93 42251
114939709 4 32531
457937467 9 49328
165927781 17 26119
384446841 32 82807
2870746513 8 95568
173384332 32 82508
6611840 60 52369
83878566 51 39314
9511057 47 29973
12552970 80 85163
15249030 39 15312
343606018 90 38189
73468906 21 12590
3316435004 59 98040
2649217142 37 76159
651280789 97 94440
4341702280 37 94024
412941068 56 41003
147862763 13 26313
116622854 74 59825
207913495 63 98011
2373559003 28 79141
2348361 10 11380
878380509 30 50987
1343105232 10 68771
431652506 4 42034
1684096 96 15543
17521269 2 50512
61638451 17 46176
1621069 66 62277
153643853 53 57885
4810322 28 69620
1797771 28 30174
308430 31 81226
2393176871 31 82275
642793811 30 59516
24203181 80 20446
68596029 79 14329
263335157 49 27793
1655816949 92 59225
109618386 76 16461
278479846 59 32573
346351155 65 34769
3367101370 53 86767
2342708835 55 93485
398646924 23 83527
876367235 96 45409
104059 2 1030
1957731073 9 91360
2410097489 23 85667
1217823899 89 99972
451678279 77 32414
2018995 90 86917
12036872 87 32757
401559 19 94797
164129 30 24530
8995043 22 70107
1923047 25 40910
176130775 53 20934
220070100 82 60949
4685253 5 64011
68160802 53 23836
51408268 49 97148
1160305117 14 63187
200265935 95 83990
2308448518 99 88250
27505512 18 37852
731759565 41 56826
1098961 15 6921
2521496609 55 98523
28060020 56 10555
2807232274 99 82843
6081568 12 6094
141547313 65 25859
708016190 62 56621
12868953 84 11640
1314 22 229
427177473 11 81786
1318658 100 10891
9780376 80 7243
15895719 39 11946
703772 48 26620
222511560 18 54610
168107711 82 41959
447687550 78 90052
33038629 10 9976
43822851 34 31844
118732174 58 36262
667152992 37 53477
2180266513 26 80704
37239224 15 18119
31946373 8 99491
190838419 69 54293
9940066 26 5198
2783085114 5 76283
1102706554 23 48768
17250042 74 16666
101990424 12 96163
243867673 6 39758
269593745 29 75311
2034613455 73 95846
115976 90 3635
1068901 5 2880
316649446 17 85484
101490867 84 33722
518706 12 1554
430981900 73 49171
2763772428 66 85663
61403846 52 13686
2538953 74 37846
89206870 32 60120
164495253 23 18584
271064358 48 41539
42887402 81 57212
430237708 77 42767
447711789 78 51562
1355289878 93 97661
555255810 84 61107
146416248 46 86845
836859636 86 62598
14416749 68 29961
947412915 41 45440
382803174 84 41047
468220505 99 80525
64974430 23 33443
187341234 6 48740
177314081 27 35727
2060905366 49 93550
1863989413 33 66271
226293 24 80512
57115429 13 15951
22028405 36 69542
12532650 46 62882
132231506 24 26202
3089908832 54 94554
30428933 6 15413
57982442 12 33525
1051657826 53 82308
247404105 94 60772
2226412 1 8125
556260643 43 59778
220988 56 727
104949690 25 87127
453456953 25 45854
137414226 22 99095
42222940 66 9385
1109113834 91 52275
639290506 92 57411
1751387002 15 85068
28477782 79 23332
351983067 80 86176
36351336 66 29474
13053544 25 19083
3564290 80 4424
285480002 21 30898
1123971293 53 49615
9840423 100 23712
468584 3 5976
258451152 92 59047
2382505602 17 74966
30259987 10 69357
1000563 6 59071
339282315 27 43146
1720143448 50 73055
1351500913 7 91394
12346292 21 27916
274198581 5 45082
527382045 2 51534
789993 30 7466
95723094 91 31176
90190476 98 49324
2895475552 17 89817
417463592 30 42242
13919644 96 7436
276543408 7 53291
273251090 98 78214
4712508865 14 99507
164693286 26 27979
1 65 5853
42333235 93 57670
237594752 35 41885
569085408 12 56357
552381992 30 95956
831028401 79 76488
58360693 17 19206
2888220 33 18291
2203290432 72 80209
2306823 71 15839
601329733 92 35556
418432651 36 47859
1418482 90 81501
1244115390 32 57181
183105732 91 50876
130610776 96 84711
99553889 80 46612
203229039 65 94280
52240188 97 81708
295997643 36 30889
121255021 33 30736
2250144702 55 71423
66493625 2 21779
468613212 83 69976
117933019 89 66796
1178501 63 3760
2424163 60 19193
137752517 10 29202
54087894 45 57446
1013616 24 25909
82954345 45 53406
568960 6 6221
1794076947 25 65818
55767392 1 85421
569424126 12 88398
546193034 89 49247
750603773 11 84400
7547058 33 12675
303353562 93 43796
28188379 100 10439
710279448 42 58464
147333154 58 45090
75587 94 1648
6915089 13 22085
2040571956 82 82761
58904646 18 79665
9584004 82 62363
20162962 2 6519
23672973 50 82764
63282339 29 34801
59580094 84 18870
1720755 19 5040
36685157 76 55023
40136044 99 13391
291868869 66 90720
205771568 49 78296
975523314 40 63727
2587425681 8 78941
13796417 2 78388
240517078 13 37598
455034560 3 43121
97719904 59 67506
1844648739 62 86505
136939269 24 20910
400918959 36 40506
769732566 69 56760
616068434 60 74158
1607091737 39 90260
312105817 15 35540
17931224 7 28007
85393742 35 92164
35727158 79 19249
2158861912 44 72907
620158141 59 52603
606678338 99 78684
469810 39 12095
1521048887 82 56700
153862827 72 20393
1011485135 78 67094
2367388 73 3723
44443514 26 24030
153727311 4 38566
4088869 75 23266
290992091 67 35195
530046058 70 41683
1819449661 87 92707
296190371 91 26812
20275026 64 29688
2390791 86 16957
4331575 6 27361
4331289 9 4415
479550259 29 62101
175726820 91 47792
54254364 84 20455
29207635 94 8160
7082526 82 3866
3580781 25 46363
496201162 100 68977
297255430 66 65346
4014736369 92 89586
72820948 81 90173
819091243 18 67949
164875360 19 72226
292874079 11 57511
55245096 33 23580
256372777 59 29711
396265659 17 39051
227618289 95 28557
905063275 90 74078
57211962 81 14589
23677730 18 37674
449131149 15 32252
201918550 78 55118
292684110 8 25510
826311 81 2486
6191530 95 8746
5308976 47 47216
143697363 30 70937
28199360 16 12684
242180585 83 44570
3174739147 31 91898
420856355 63 49418
5231021 45 41253
2884670436 64 79756
364146023 83 42056
6997208 85 8802
14067007 71 59628
33977935 49 10956
4293791 6 12113
1803064527 70 96679
4363282 17 22352
510227759 85 89845
171019520 35 57387
1417509248 46 60247
161868174 85 79136
746321621 19 82539
1180122472 50 54611
1309381917 100 60720
445930408 38 89271
1028856 69 7846
889685517 31 62683
1903145447 55 88940
27098368 22 47028
1878347574 48 63074
5074171 92 8799
2536580052 74 76983
984715004 73 62304
14998842 50 42093
2636129 4 4665
13833906 46 10739
94968852 58 20404
15045 40 1805
224151070 27 45397
414271546 68 29122
1058013488 51 98980
1906278493 28 99161
227714000 76 38872
110311117 42 17217
257291195 44 48645
1543054185 13 99402
162786704 65 96261
5604 82 5645
1107579 69 98176
203873261 72 24047
43290381 46 36501
91959674 89 13609
79159371 83 64498
657618112 7 58283
512174402 52 36553
58985826 95 66202
99311081 78 24276
5540 77 67991
30706897 21 30193
548628443 82 60189
600811180 32 85263
1589396 47 10239
2292894259 45 88066
74260027 51 15387
89507453 34 41192
31598040 58 45349
129498937 76 75254
1279593 94 58442
193577452 81 25148
229990450 70 63172
1527677862 45 57649
141364382 84 20440
66784981 97 63053
36692329 82 16101
11056342 18 18568
617329565 48 59923
922106614 44 61116
712846467 23 90758
575366034 63 59053
412522480 78 30239
7774631 18 91838
3414950154 23 91053
17090 51 46236
11678 94 1260
67013628 43 49285
687716845 68 97780
559928616 99 62995
19326299 25 43704
74050761 9 78695
455289 15 34917
445421 56 1801
1390093252 7 57742
1444366120 92 76660
734012 14 54903
862213507 67 93774
1144793398 23 54822
519231887 87 53086
222382934 10 47944
8461869 68 17151
797356740 11 72266
612226514 97 74428
453516819 98 46065
21593392 68 7495
2436082 87 40091
4586968 87 14063
260600771 21 36035
114981003 94 34193
2806910377 43 97619
73041929 37 30934
76026 37 37154
369808 10 10562
10409752 91 67820
426216861 55 81369
87322367 93 17689
29109323 30 34557
1807976 54 55460
142238 7 97105
976375750 99 48256
112100 11 64286
3149028567 46 96558
62035702 97 22704
1883755036 62 77812
470452426 85 46801
140234999 31 34435
86714 34 757
1324320529 98 83726
1037949488 35 79034
921483920 40 49911
391450020 76 77742
636979174 2 49127
16261356 27 27879
88373886 2 28758
67862656 57 26162
81858548 84 32777
2416559592 34 91621
556682516 33 36253
1814865317 71 78059
134104609 18 68922
3838836915 81 95391
3108795 24 33887
14529423 59 98520
509874307 81 93489
54821346 26 12219
636593767 47 59298
216903 9 1051
77837128 27 93041
2730779556 57 94984
68775352 68 43975
484601589 74 34200
18088362 70 9943
2641509552 26 74497
2350328 95 12475
99756671 99 92687
55547642 60 73687
10505705 41 7039
1962936104 18 80118
542818573 54 35680
6960962 78 93156
566629068 19 55594
75223307 77 20298
534669079 90 44459
16809853 35 9794
109549597 29 29821
29773506 87 17927
673142128 3 68733
2965805 99 82259
4064053 19 12098
488274246 58 96942
169233106 69 99649
3455060 91 8222
997142052 73 64620
38555440 36 18469
643924570 90 44240
146890254 86 18439
51931819 5 14709
1017246143 28 65724
36141295 14 15434
143450568 65 79114
26842235 5 8612
5353734 64 35723
479394911 68 38647
500878496 27 78144
93026990 73 47671
53571764 7 13521
1008282921 50 74557
159223229 11 33351
1257614973 73 84644
2542774388 45 71681
157741564 62 72178
2234540234 19 83507
6715482 72 6359
25987363 86 15493
156506177 19 97102
409117948 43 53716
32014416 53 11679
417515 25 1438
74717200 83 37246
2036761920 5 75358
2784249281 34 85381
2395586762 73 73750
722042020 57 69637
33427660 7 17988
359858462 45 33901
1547219089 74 56210
331114 69 7626
1 77 18325
545469839 87 90843
538184001 70 52858
485067352 13 86911
3044822504 39 84030
1985874981 2 97778
81177844 78 17308
407926770 58 84180
22348910 58 48314
50746361 91 70159
82594 40 16422
17771562 22 11974
2730306830 71 80010
46475914 95 87896
10147685 77 66892
13275937 71 8133
201696577 37 48086
790659550 36 46316
1248656936 28 96916
184931133 62 76187
341958288 86 79440
212487121 69 25781
92212716 40 14501
460762 4 1490
471220823 88 61300
413918272 23 82566
223577914 29 59048
2236446919 7 89084
50251304 59 72890
1179118876 11 53149
1577981 78 5244
1157567986 95 54438
33910899 70 76441
1079441555 98 91776
37042549 44 47065
154645337 17 33804
5562109 73 22198
3138202 86 3198
1507037651 30 81185
55256965 5 69044
49016282 8 35234
1850534218 10 81461
240301011 51 63113
102017628 88 20330
13609102 94 19234
36662485 96 60504
998537100 24 45207
98908822 51 75069
505516424 6 54258
1223696556 78 63354
43292248 22 47068
633039345 9 54827
114661815 31 16886
3184451524 71 96755
122949277 56 43930
127112048 8 23438
609616350 86 65422
577573577 4 92947
167450751 1 67194
3270795142 27 89127
459796054 18 64900
232084687 42 65452
478468782 17 47164
283040370 20 66870
701648 40 28439
9623594 63 7961
42647419 95 30379
90441595 12 27137
235629098 87 67843
2007863 4 25303
145491583 18 50873
108386239 42 44854
18380665 92 22555
36246881 56 27417
1444390294 3 86472
49862554 45 81707
286688566 43 60209
3723477 91 28781
57277586 60 14781
13035437 70 16774
4202057 10 9896
165259676 9 49284
80666229 40 22315
124358470 23 36271
768324904 72 46495
306508537 74 43099
86385887 25 69666
207802468 78 62570
11335756 66 47182
18668047 67 65511
3336114258 76 91695
1235550385 73 51392
2098093889 69 76771
13 4 14120
33191898 76 17849
324360 83 55312
814454 96 15601
226672400 98 47849
5607497 100 21071
110089496 41 94114
327677102 64 44150
9759236 23 55184
172442286 33 70565
573840217 74 48764
497606859 30 96895
15300048 79 55017
1482337883 3 57742
1121897 75 13668
575776453 32 47447
159627813 75 30160
2119862484 43 67354
122929485 46 30661
33234242 86 28536
46512123 69 93165
338820775 48 39935
35849692 61 29136
167810056 53 78807
730360586 17 66246
2388487490 24 70612
300542487 24 62863
102996512 17 78244
8957934 33 29308
464722526 65 76790
2024368684 53 80467
100221098 25 20820
24321952 46 8337
1193670487 92 61112
60355830 65 53458
1126697543 55 95599
2136326536 12 76700
353162 71 67500
672 12 1934
483471431 15 55136
148050150 69 81454
2740991 75 23539
271443732 17 99908
1714661265 93 98232
8319256 6 9567
7609812 83 10487
1205978 89 2019
325912473 58 50818
2945600 79 20324
16840612 86 13343
455947069 42 38386
2346109323 1 74834
8726426 23 7986
101309334 4 35545
196901378 88 27986
10272329 48 75434
10268738 22 20099
162637874 92 22457
1017057 1 18276
2096283 36 16762
86771293 79 35691
1082301775 26 83752
3427528962 9 91302
158308315 9 39875
45114912 60 55044
768218 63 14394
424740910 60 68861
1019656446 34 46062
2820694939 66 81916
863632718 89 70219
56578941 40 22385
34292141 27 20370
182253802 81 58401
48096817 70 32896
106007768 22 39313
38874398 97 18789
1759630280 65 60722
58369195 44 73358
195845438 8 37728
1446083 36 31599
129002231 96 77742
120 16 20
2270726689 35 77360
26025271 48 7770
29340642 20 17161
413127890 25 38607
167759148 57 33644
1007662757 18 51865
54525744 24 70216
524938878 72 51687
50159661 19 73465
149406351 39 31191
1809711 37 42865
145796029 22 74789
170575857 99 42459
734786066 78 54692
345810250 18 44126
397050054 54 63205
1327735452 46 60628
857458366 44 42722
636608319 53 74610
207033225 92 91623
1038522100 27 95122
48615694 1 13272
108218133 77 14975
93295327 59 65884
440955 18 31070
501277 86 2543
1410349258 57 81546
114927129 69 86897
71641931 14 28114
225030656 38 88057
505864269 74 90845
253800664 99 60992
851731836 6 91006
3458138854 69 98875
81261969 40 20692
2083536266 73 81910
54700471 3 46183
215838529 46 75891
270493 84 49608
602694447 67 55999
1257961 20 1620
1992012618 98 95643
15437278 54 14100
180089924 88 20192
707517101 16 55207
629367473 43 37512
892913 51 17908
1201224425 29 97118
1922712 20 46309
694747902 7 57169
1729523713 88 70337
292427395 8 33437
1436208670 69 53719
237644971 100 60017
10837387 42 10202
3350560 68 3645
641157555 34 91997
320214 84 7764
254910521 37 27414
74784304 55 27857
2477290759 93 90785
47211003 20 23832
3330156236 83 94742
74693691 25 56842
222332935 21 64462
12558519 70 6027
308209021 6 25093
1231542833 20 65135
2857891 68 2716
141077889 53 56946
639862273 62 76717
1869313434 48 90745
105983083 14 19192
2209445875 59 93078
13267296 26 15091
2972047141 14 98855
3550057355 61 93380
101853443 4 29409
233758740 73 22863
1591056242 65 88871
2365678 60 21471
262476282 90 61692
1688959471 78 90043
957961844 83 68846
109001518 63 62954
817969490 3 48393
1322882 70 3732
46241 34 820
320414 59 10026
503730865 38 74263
1133284749 46 72712
987232426 74 44575
168094865 50 83382
132941274 68 63558
333940597 6 67699
670939113 65 48096
1548240575 50 59323
1419508924 43 78544
1937707371 21 87550
2361874 70 5467
1198166 55 77102
168885205 26 19225
277947799 36 34056
3012812 6 25555
62053494 67 29369
84473900 8 51869
177419706 30 45051
987324790 57 50659
228925898 37 37139
305970218 9 45791
45097041 57 15978
12817174 88 5098
6913945 5 12692
401687467 78 39759
2837933 17 64587
51068214 24 33649
28089162 86 73969
1173785228 75 67118
486544311 42 55024
194007006 11 58162
1015590067 32 66094
822565477 82 42899
2139141568 82 73501
451094996 21 47052
127515587 56 90424
137873553 31 54484
38201477 78 37070
1127707833 1 64363
1121503544 96 80672
1947847605 91 91328
234908494 50 59191
637220 80 3510
112914266 22 51642
32542055 34 60647
880659 14 12584
691233750 98 67065
1960924616 8 99781
36981822 94 27745
353070401 100 26597
133952582 22 29310
201040 41 3113
102260943 72 19448
4440424 95 35598
691034320 19 41079
1228965 54 38597
1199572564 83 79021
1004487988 36 48293
31943766 20 50935
2364427704 61 81902
66527083 40 15496
231693029 46 28190
1044934347 41 56296
251549 40 8641
72300591 23 13087
2186964384 62 72425
648449543 98 76141
204155178 90 73431
983410216 31 53042
17330977 45 8229
6494588 26 73913
977353579 15 64803
23047678 7 26889
107356972 72 33693
1710292755 66 77039
257091005 84 35862
3526936 62 41842
85685159 53 22662
95991003 60 91422
610885130 15 76075
55666794 89 18005
7384 96 1976
13048114 79 14039
1513450 84 2927
14806242 22 45735
37758477 13 96009
69020915 100 40734
340965330 41 32128
3615169 31 2930
3793372500 8 98991
49709772 34 44239
53593360 77 39756
71368 93 485
4490166 41 6020
48755552 3 32974
196198254 37 25852
3561826525 47 90807
1473348737 87 60952
98327317 6 22192
563350328 62 72738
56514738 50 74300
1319337879 94 74374
76124316 88 80136
1323271308 60 56774
298916615 100 53537
474743364 41 52064
1243428599 24 58062
28373421 94 19707
55595950 46 53737
152261527 93 93880
447042494 25 96021
616318623 25 79732
979156767 94 60156
4858907 61 5116
4102293024 9 95132
9825488 92 13290
109964420 76 20061
37994268 82 46130
189297199 82 84489
34050106 60 53247
369304726 1 43520
410641916 57 67312
34389545 92 9185
332683 68 63108
46499561 8 29866
49998139 60 47936
331771717 40 42228
709167070 17 60275
1238768139 4 56184
814791049 59 68425
827707822 58 85180
226599035 15 35643
2294411577 92 83177
324005315 88 61294
122077 89 2579
4512467 95 14534
244453404 30 26929
3033987328 11 88750
601807607 31 44204
30246 83 530
148146525 62 25560
766319415 13 77651
2174372 93 6733
597955341 24 66573
404543 68 6519
2388187 28 5008
1704167792 28 88287
123631586 34 64733
321150722 62 33510
390304954 55 48230
29769962 41 49852
809371086 98 43007
117457244 85 95072
853749463 13 41344
551166570 32 70196
2478423995 48 90223
716098504 96 71396
12815646 98 6017
723292558 98 66173
1390952209 54 84284
163265957 56 33772
1420753563 40 65664
643719620 58 79173
163188480 79 59235
12999971 60 9753
11613571 66 7822
54479309 58 68312
1117578667 34 74663
314668735 98 44290
463307 16 4910
123895710 92 22413
263014470 65 25821
691823298 87 58234
2130504247 11 65470
69384424 46 64313
9425937 60 29169
2189645985 79 90880
641642373 49 54285
1438040932 55 54156
325229422 85 30219
209394105 72 48997
1281423304 53 76355
88570638 77 90724
127554689 93 40167
249203230 100 22276
457570879 85 64399
1625609588 34 71962
162992555 97 73875
1790702640 25 82401
9851322 34 68689
26063487 4 10499
2874904 50 17753
65456514 18 30673
146520938 93 24523
218347492 56 86687
100288 55 3163
614152562 87 73092
2216933865 14 85809
176127785 61 38621
1187144760 7 58037
1255640493 38 77639
56354325 44 11124
1975115315 43 91238
338263537 80 41388
3987830 73 18991
738951482 29 40472
3184763471 40 83739
942332767 15 81850
171631815 88 51188
1847199450 14 64738
602362563 6 86499
1370879444 47 68459
32503914 81 10871
218436703 65 23960
525337663 2 54737
1690065153 62 71290
6112573 49 3722
4739448 40 4352
289819652 14 53563
3529107 21 7968
50164905 90 13262
4790249 43 24168
3280 44 47791
2644255075 82 94615
1025548049 29 61824
107187709 39 30003
2088003672 17 69120
1068653639 89 67983
117901744 58 54308
2159736 67 4911
374366 80 37497
37052172 33 12160
67141424 41 92347
153658078 98 45331
36367659 87 31966
16346421 70 20488
450309718 5 63847
194251742 46 21340
51808977 46 11516
19404502 95 62529
14903814 40 13335
2987676164 12 80488
29821238 5 8777
2514411 9 14185
1760485580 58 84909
1910543297 41 90434
549381858 75 65747
1913223 82 28826
31548479 77 7993
191046564 39 85034
380404682 23 42239
5798331 59 3462
125218315 5 67268
1348531197 4 63894
922537 76 8026
144540810 77 24931
116418175 46 72721
1452978987 68 89906
575313151 24 70230
4084996355 10 95091
695834783 11 92518
293593017 20 31447
258924832 82 29693
66777075 100 92590
152016613 34 80182
462034443 57 77404
116954940 3 16555
10539412 43 52871
98240255 9 23263
3725701 7 7589
2746980674 83 92959
14131423 8 13571
159592178 18 99391
2988 23 386
558115 81 61634
39639490 72 9881
32544653 24 37811
3512592 87 9503
585603763 25 44929
72441307 68 60958
73486522 1 52616
220471264 24 57411
980168891 76 95714
547228 96 12124
1649576509 21 58633
143295832 85 27203
669331388 85 47460
589573183 4 43310
133613546 52 34793
341102403 80 50391
2175296403 69 69839
34240589 85 62890
2580 48 81698
39434103 1 11398
1861325363 40 75039
1365409915 94 82147
1914577 7 74458
2157034708 61 96478
546265858 88 82337
1935475574 43 71072
53892457 5 78002
186537556 85 65723
5958274 4 4884
514620591 17 63457
114591745 13 15124
431151188 50 43688
70198043 41 14126
169433828 13 32853
19365597 88 10765
4395492605 20 94929
12410974 6 5463
885161451 60 87865
61404721 77 60647
1392546064 24 77826
673177625 45 60954
2625659354 85 87461
434347083 90 91224
245217 85 2626
92124052 42 61812
35007163 2 53141
2743648 14 25870
544463316 78 46614
97428197 83 80665
185319921 90 32381
790864216 27 54547
49562755 16 42956
918189741 53 68502
846595500 41 51048
807086997 95 60921
22326802 83 6744
1595122453 67 58734
225688698 47 93249
18857479 1 8895
844435984 75 76741
393823 52 40246
42129334 66 20588
795344 20 3681
39174560 65 32407
4693323 42 8955
257534233 94 89521
1241401275 30 84145
480780647 23 44747
3769216010 97 99730
470520181 33 80792
2428190822 61 84082
5150 11 7841
5815029 7 10090
118006027 27 29027
113701162 73 81437
789638954 59 52549
384559009 27 72794
316050807 16 73951
13913742 85 10079
5255160 74 17076
92713558 75 19153
2248 34 166
83659492 55 28289
23048 35 853
4334779 89 5285
12293538 22 37406
1029207588 73 81411
65787706 48 65791
59833815 52 16256
195238976 15 66662
462424727 29 67386
1243860245 54 91159
17843994 38 14962
769790578 71 83726
393388112 8 57241
301992110 22 52329
117019774 4 24565
300799963 91 72928
163231779 93 29593
2664154004 12 81109
268503456 33 26724
566101820 45 49801
329513790 63 47835
128913528 8 25033
8951288 42 12817
719525311 26 46874
2144693 53 8691
1243208 99 8814
9391938 49 18959
7826535 48 14423
9468374 11 44691
245505977 3 22945
151725670 26 26103
9798596 69 36350
21530391 38 50517
22021 29 32049
1111416 29 4078
22007440 8 36987
116671947 5 36057
231925635 99 98351
1915855 100 8497
161863792 17 42995
19955157 52 78732
807563263 28 41430
357230315 38 95546
266071808 77 61024
1929432012 72 83553
1145711717 87 66679
1 78 44474
130922095 60 20156
71382735 16 61646
1833467 1 98687
2525867043 12 72233
6886204 21 9200
984425788 54 93299
75802617 85 50381
269727070 52 42010
1492464319 47 60501
1067116567 38 73581
1371956443 89 91564
688272275 2 61494
24558590 96 25898
859377346 86 61737
137789044 57 67947
556888993 73 40379
40680143 78 46441
1327629868 65 70535
721414976 57 76789
448866 60 67975
11552451 35 11776
29401896 31 48174
87124125 98 26695
667720034 90 52757
2950370604 49 87262
144089501 62 37785
9093455 37 5939
193204487 3 60297
148060617 19 23425
151832012 74 23290
17352449 28 7679
4958122 27 3326
623891321 48 92617
711671 1 1100
681463306 95 70230
30894389 22 8198
372081157 96 42547
2830105 62 5005
2569399382 7 74718
381142889 27 66539
11879994 87 19630
79938042 82 24922
742106630 37 59115
3490895 56 30135
27024773 10 7351
236193 22 6009
55410 54 481
234295 16 48086
3479394 61 61771
649894424 54 96950
223207880 90 84852
227318772 33 80576
98655830 85 67251
51709719 89 92256
502611690 10 67893
1723975826 5 65817
818839452 83 81234
220254846 73 40667
2736719 54 55733
1063092532 15 63586
4778659 8 23122
3161227 58 4976
197871287 95 51570
50334321 80 24223
249638230 62 50289
1246804570 22 81487
66290378 32 15336
1 40 87
29760337 9 24262
4970351 4 6740
13864239 59 6655
1446511197 1 59119
1202420431 99 52797
12810200 96 13537
414071459 10 52623
850096894 79 92042
8039 19 760
14636969 50 33083
26570275 15 60296
4556362907 62 96510
2614574075 3 79923
1920499348 95 88983
907243276 97 78656
7624586 59 42421
63824309 16 51204
767522561 93 45480
6966779 80 21037
7982836 72 21422
99396770 43 97464
55312454 79 22650
3140259 5 17781
327958217 67 61788
25554210 28 53917
221414693 5 44965
30425870 10 33531
580539080 47 73250
16170200 45 20874
1164169298 27 59132
5763907 76 15196
3437133 98 8798
43671539 69 12576
22356867 55 20020
2758260735 52 96467
888860839 36 90938
527638881 20 74483
1386934801 3 57910
38322445 69 47038
745873148 30 63679
1244535938 18 96105
43285306 59 16057
21151464 81 45578
253864102 94 61728
31994206 32 44027
338773527 75 92581
174086187 18 51029
32724780 49 51106
290540885 40 29540
1547201 41 2418
66018792 29 72179
147905152 44 94773
2496270 59 30036
7636618 21 24443
63016909 65 33416
1657768771 44 75999
291786892 91 41855
20942416 8 8761
39457237 71 99858
130093612 59 21353
808958244 36 63824
878739535 27 48787
783251218 39 95797
3419235413 48 83419
98988222 70 42264
21928031 67 62542
323167103 30 81877
26078278 16 52807
13918548 92 6464
452271571 72 39088
141033875 78 65440
1275632 90 31864
77279578 33 13833
33343228 57 8453
1350628894 45 79436
636346560 10 39095
3994921398 16 96853
651891343 44 39211
8272007 41 7205
241659911 55 42022
824218850 52 74726
1867236752 13 62822
156094257 62 23209
1070586419 10 66844
602802575 53 40358
5012622 34 22092
2323081247 33 71284
1102074493 8 73176
646353518 45 95927
538533779 41 62217
72035122 31 67842
194002014 95 26133
412617654 46 75327
193264267 18 56005
527985371 30 75995
768878204 52 54574
341605068 13 67914
193507 14 17423
997026960 25 95823
2576295631 41 96563
8743 4 1388
117782971 44 80960
1501242 61 57010
775147204 86 97126
366490299 35 59841
20910653 45 70932
65249748 64 60932
87528262 46 26050
1141873959 27 48474
24735070 79 24867
18352871 56 24733
1847348889 62 82208
497280816 52 52394
151467 80 1798
219846196 63 67565
86845128 48 43363
734195640 15 90490
331861781 20 72844
146498436 83 79407
7952350 70 35143
33783133 4 68185
29365713 9 14010
869653961 97 73118
276760292 64 85489
677130110 75 82903
443355788 8 47729
12966274 94 19616
35065776 10 49222
141268325 61 17525
14449847 76 49004
4663903 58 7118
1157102416 38 50244
10113679 88 27965
23777542 17 90978
1753264893 47 62246
592231 28 29065
151682150 28 92888
73647013 49 50584
277249 6 28695
24834363 18 48060
285081500 20 26903
466233621 29 62243
1260161800 23 72525
89176275 52 34087
105840516 54 94363
175602791 60 37309
96606907 75 89730
151776920 15 80387
436453394 84 30408
105672667 25 22683
67420093 35 24536
6809171 39 4552
909221734 62 70883
173616517 39 62675
32897469 30 79431
1567955324 45 62106
111672 24 11354
557147173 8 81728
154041268 94 62400
1070545496 7 79337
1156616232 91 75895
35983344 63 23683
196236417 15 82820
962535851 66 79858
3291184 5 28979
467283280 100 40996
67735014 68 52881
325259260 74 28714
8409532 42 4226
136874447 52 51317
768557742 79 97243
4665916 47 4810
26235065 55 34403
906320 25 9920
967545697 93 49634
17290521 89 22261
216731322 82 97544
729387010 37 56458
401498592 67 67559
1235226 42 41652
17783155 80 23934
1222889562 29 67860
814326665 89 78421
474709751 98 37628
22504683 44 9481
47529135 64 36625
425110817 9 66601
148192064 79 26150
33793510 79 68211
414973507 27 41615
812712155 23 93940
3282700745 98 94634
562193937 84 60067
192133 83 56324
480109982 71 60565
305055481 85 25515
1037414 78 6072
271880825 77 92503
31742615 41 19308
97356860 43 22301
12556551 25 7950
2409994773 72 80896
23693461 78 41288
679293 23 9634
40254281 90 66405
104678457 67 65691
477840666 96 32404
104414079 23 28456
83570653 34 84601
3939040 67 17846
2801901779 29 97768
672294732 45 87003
1486567687 19 69189
118190864 50 28286
1058805232 34 76204
12442804 27 77565
18518303 10 19483
485262288 52 33879
843563979 85 81440
93839883 70 34475
2715145 36 8408
143648965 43 34922
7262426 24 68542
859680095 27 47979
414919313 76 70269
73135564 62 43205
30038600 7 73651
334372720 5 26833
38156477 57 63053
2852689786 3 89818
1272326610 55 63486
744480572 22 64063
1058918779 21 79583
533423648 43 41688
119093907 71 15786
458804070 32 48572
1632515956 28 57191
1451331 32 85192
571318161 9 58415
1785927144 17 86693
35753170 44 39157
106281429 11 19779
1739701040 71 77893
186757108 60 33345
319243546 40 34475
354461002 23 30362
16931413 72 42586
20809607 28 6351
2010759530 36 67959
1409852 88 23944
37936080 82 10587
847372390 38 76213
49794909 27 73249
372808675 49 35490
1505947324 60 70343
14651180 15 11476
1156563 61 10377
2455919220 26 75848
1615458245 26 71070
2735200 35 4922
41055540 33 24397
941586210 86 72163
413830922 11 35212
39786356 5 17128
34518685 23 45106
12393802 69 77616
25598633 63 14986
153713440 30 20272
914166115 99 59731
927875799 80 77859
46660150 75 18147
7977859 81 34214
805361 1 11238
153487194 3 81309
834561595 95 98569
2736139 79 12532
180464169 97 31467
21863129 61 80110
453463 65 38177
143686367 18 19857
14415237 32 42836
82462957 1 21108
56812460 50 63892
1607333 33 3090
273844678 58 77122
465593359 83 56250
779817755 38 55029
1159840 84 2985
123443778 26 47967
447185647 55 40949
550596 99 6933
73139096 96 55626
143374162 13 97296
1950663218 47 93435
1669445124 60 88043
103934790 44 50862
383593438 35 75656
18931528 29 64975
55423368 46 98508
1493483 2 8355
20963003 98 6677
23778217 54 94291
2554608 49 6840
278065893 77 53276
425323 68 1119
152660727 13 73501
1788836370 20 67060
799198777 71 72658
316233005 36 59516
2169339559 4 89402
40450043 37 27690
1271820309 55 64100
6722550 60 54891
848413993 20 92165
1204795468 42 85516
61931036 36 14245
96511248 16 54981
1282995000 10 53039
669308210 89 38854
1467314420 1 54553
81840350 78 91048
9151814 71 23524
93269247 40 41433
502897483 15 46990
78446045 86 14168
32830702 50 9910
2023767 12 47726
4321301430 65 94940
1098393073 11 49664
896715564 4 94472
736090 89 43572
396330 22 6219
5700737 8 97136
93281723 88 37364
117682 66 7522
262305506 34 97872
19339458 90 6765
559021146 63 61721
1260289350 71 81581
2923998984 18 92859
455761 28 2148
1145974936 56 73204
79513687 64 27744
392167052 35 36833
1827583512 46 88495
878972503 25 96896
440420669 53 80532
194671273 56 34370
432811844 27 56284
72400 40 11709
203006193 19 20883
322350273 47 51188
2839017 95 3171
24535124 62 95882
553721524 77 97644
706398693 13 40965
107254804 88 57372
695943 2 1542
1743700 70 75730
671707 36 1616
25636258 78 23420
595384304 78 86432
406640451 94 65652
91353755 71 30029
416624989 8 34665
1738747 65 43191
82304204 39 32458
88063244 80 17261
107606698 52 42460
78612114 15 79115
346423225 15 49169
223139158 90 64176
1787770815 93 67207
4118487 95 5133
4490094 29 11228
1548831225 20 66475
467581048 51 44987
67844512 86 96034
2876952523 78 91253
150220722 13 25301
223091436 76 30978
91591 52 2472
2061378710 86 99041
5049 28 13932
158869168 54 38490
3431718203 58 94769
953266 5 6208
412538685 93 49125
1681521094 58 77798
40399269 28 17394
5153070 79 76877
1645316 29 1858
702500371 19 49194
94582557 2 70219
593299646 71 80912
164432620 12 19873
906522031 48 72454
24845202 87 53449
517263 56 2349
2305001 73 22733
1485760383 87 61036
298629556 84 53828
128725268 75 99213
2593444688 16 78185
2556121 86 30213
543853578 73 49532
64160407 13 83895
3526652 3 19577
20118882 20 39122
1478444713 76 74779
4354342 10 7234
3756346 23 10351
2241670 85 6754
1928100790 71 89218
2452668082 99 81570
11857022 2 5382
81594330 17 35121
57605107 12 30898
1255028 21 3883
25765226 21 66375
3400248666 67 88084
132637232 10 35302
866900363 20 94866
389054 24 56641
1 98 34070
293075086 62 29450
1288106437 97 95400
294095177 91 81304
78063553 70 62231
303075581 100 33913
1292796448 66 78904
1884290284 49 97434
6587360 92 87355
174665684 48 32665
2725247 74 2636
90307016 68 37969
1053784492 96 76398
24764741 92 36320
108636160 27 35785
38732 12 26729
720145921 97 40824
2494493071 75 82437
102778105 51 21425
38458043 53 14684
30174593 31 22545
420875054 73 45226
75425979 16 25305
1265649684 76 64590
109633002 84 90157
509420488 49 74193
706166782 17 88806
650305922 22 74538
120233219 25 81576
5958 15 34
1350784501 79 63473
2266706 68 4251
243410356 32 47147
1441487746 84 54062
446782458 46 37512
18932680 56 24264
790053570 35 65562
5407914 68 8307
13347 55 120
14526668 26 11840
1826250227 71 78148
62670874 95 75412
1143497453 88 57692
82395440 9 57806
71879479 65 28821
24763117 75 11214
587589294 66 89572
1290646237 96 68450
508283366 66 98815
131906653 21 50590
2996259042 48 97403
1301992636 67 83663
5154909 27 3735
1232993698 26 51908
457301691 2 50907
12239915 26 8250
838883436 63 66583
45079507 80 26295
631314 54 2371
33775351 75 20601
594979725 61 42702
285796695 38 92581
2604066262 96 77527
187468106 83 49047
91020623 100 25213
161067066 45 29381
1778429412 74 86413
8467512 59 81451
545646091 67 34996
1691443579 58 72673
357578813 41 70731
477985993 25 41805
44965488 38 12569
48002846 57 22240
494916305 47 41157
760592571 32 93708
13955671 26 8068
362882183 57 28352
455199455 20 52877
482607409 60 59928
917936112 23 46265
207103 93 2441
33228156 65 28508
2932365 68 7497
2613123 87 34051
28578276 15 11152
721375756 93 46100
431936307 23 84746
353763732 15 29974
878467190 36 70403
27131280 90 28468
264351715 57 25296
617514 5 38937
143565131 42 65398
1284969466 43 62923
1124497012 30 66779
4333885652 22 93418
151462 84 2673
424172375 19 88978
528732855 93 36407
48330719 28 95068
155588195 39 44378
398049526 70 45162
60003859 57 75558
478032086 76 42456
256573107 89 55143
1280936272 72 85694
13565698 21 12782
852425914 1 85038
160370727 5 44709
947181242 68 67126
17826811 96 44481
645864920 87 48536
6326486 19 5523
18593170 62 53848
953907 28 17357
481345340 17 55623
156174789 63 46151
190024511 17 39918
3327537761 15 98264
90442339 23 24497
170583273 69 73027
586156906 22 51352
26036434 99 19988
304491157 60 55647
465269818 3 72782
1815379110 65 81255
625075980 51 80523
841260080 41 82906
143756698 95 21241
3046321 99 58945
5779482 47 3878
103725111 68 27290
1160385941 30 83549
111963 78 1505
782808036 79 51930
202258987 59 77886
95327128 95 20945
656593822 85 39273
46118514 64 15257
4439732833 89 97967
132594739 77 78342
231340656 30 29249
123963 85 14053
912807231 45 63504
838148486 79 73392
104701403 52 22588
1045628127 42 70014
122449455 70 23876
387347534 47 70726
149434398 83 42659
168107307 37 75628
17595342 68 53762
961230714 46 63990
31025767 7 53085
38123692 16 54240
147192513 60 90759
296505695 45 45251
80855306 43 31293
2096652 44 88839
406801461 19 91069
110067791 42 57853
26773430 100 11023
2948206885 14 88116
9066980 45 26486
60493047 48 66527
18612884 45 67515
3152246806 57 94316
56687041 82 95408
2149444218 49 76336
504893215 94 44728
69825774 23 82758
41364 14 69086
1084177239 52 72393
855193236 65 41474
76589427 79 30342
675227 77 12342
1297948601 80 96751
625901871 79 73301
352580835 81 65201
1410288868 80 69807
1061580962 71 46174
231069672 62 67341
489831849 16 54287
1299263848 1 97266
1306684131 67 51928
216396911 75 53241
556315901 11 34544
275004232 51 28161
92608643 2 95614
77348277 51 15193
1796238254 90 78237
1218961660 61 59232
2180810306 99 66329
2836280477 9 79658
339804587 23 56156
532798867 83 56163
210072 29 25845
3738385 14 36704
62000225 39 19012
38755141 72 10766
1417433765 74 62046
41843066 40 50380
24472046 61 13361
12198426 20 13539
21948296 33 24037
1167372734 54 99890
1829644 31 95447
319235461 31 43715
571634783 78 42168
1536077982 93 85711
1410228305 79 73596
408189514 22 44762
1008154174 17 61893
192954623 46 29638
9011634 28 59880
154804162 19 28339
478558157 87 34279
3073665665 28 93345
408301135 70 30775
1788499 25 31593
1169004555 21 78970
1643016759 88 76361
882049839 93 95866
1641709164 55 57658
3868810439 53 99111
6642362 75 6824
38310045 72 49831
559724932 24 36091
6062725 13 6378
39167725 52 15843
50647462 69 23948
692285661 87 38076
3911331212 52 90039
1534206049 83 89314
225709561 31 37702
12058541 47 81905
1297930 47 58227
3071740880 72 91058
1140080586 55 80344
113633087 32 20823
40968938 15 36958
3188512452 82 84078
2268265426 67 76247
1737391468 68 98683
81479722 78 17205
1892837509 85 77428
136346724 72 42250
89598406 1 64676
2778746473 20 82064
704008651 67 87939
41949514 95 24850
15381648 8 30534
2787565172 54 84793
762580112 23 71067
12160876 36 88769
594815591 94 55351
217332228 79 33244
41682326 60 17586
808670023 26 89654
142341 96 3299
949356 98 5623
65300947 22 22583
285160756 4 78555
99578 51 98225
19035807 25 13219
2255122725 17 67826
400997023 80 40568
2149107709 1 65930
111510715 37 17298
4346242 87 45150
234814760 82 45372
832982462 54 90849
399914439 19 97038
3060852131 48 92923
66941126 30 33236
631436727 61 74311
87601476 81 14498
20330053 74 17264
112611612 21 44327
213968149 67 45191
66785946 80 54915
17109060 82 14112
2371877 12 89924
189256890 49 56518
340432971 53 77003
174042456 80 36152
35916941 72 25955
159519557 65 38461
2308962334 51 76204
1464051292 42 70363
765219555 67 44692
204754240 26 29648
486723259 93 41850
977289999 81 77320
2191991 19 3362
259966168 48 35955
3431683 67 9549
19324758 29 7383
135163978 17 18933
483620013 12 36593
39862 33 10326
3857177 71 8839
148030470 41 30148
472029742 49 84395
32902170 19 14927
50265958 21 19758
2180519 100 52041
1034714690 12 72663
999834589 78 96498
4427036 17 36122
106921882 59 31178
22820764 32 30679
142978395 89 29585
1464148340 18 65621
1073540980 100 50941
165745 27 3919
50575834 72 17634
126511649 40 42276
282345658 9 95024
640304210 66 37131
3466452 72 21916
1501963058 83 94650
682570405 63 83799
2684533298 6 75192
2951641703 62 85348
38614435 40 11671
857218852 17 74968
50903087 76 87341
1700204782 89 94906
706357768 99 72274
1824654036 6 62633
37084833 52 10620
180236700 15 29673
30319716 65 37281
28961227 65 83499
51630591 97 62587
3035376067 1 80956
13399685 9 61559
12457189 54 11060
1169737735 39 66339
2123020238 18 91946
1 31 23311
22056245 25 45739
1230916419 43 96995
1082131352 91 48157
298265011 28 37381
379333322 16 33049
60891920 50 16306
1012039836 13 64661
2096462419 36 98464
569598141 82 87577
1601166 89 14205
24017732 60 9474
8328237 46 12304
99727680 64 90926
19721 60 10134
2738109553 79 99936
436127888 46 71392
2300944117 64 93522
39586 45 46199
20557343 68 99955
37884240 63 55703
990117458 11 69784
4421750 77 7603
2335066102 90 98742
54104425 8 42869
3852675152 26 87803
259820372 14 76798
720147282 38 79744
60836 7 1521
75118 86 958
93616283 66 61420
133493536 61 87787
508965559 44 43627
2607619980 50 74855
763494715 2 69454
539183624 87 77396
1147901891 48 64076
47165210 74 63358
4424054162 46 94364
199987236 39 40834
360934414 26 35662
70062427 14 14908
592538679 81 82810
454558 28 20055
85689688 10 22954
158514324 36 69478
272902831 57 24067
26949 40 73638
51936650 13 16376
2535171171 78 98711
149693945 22 21532
422778058 37 29837
753758516 71 47993
11044 15 70815
2320996883 70 81188
126229962 32 48967
321370216 24 67217
1593005 21 50550
250352 38 2991
94054301 75 41317
1137307657 41 55574
578234871 3 36056
114297079 18 44000
72694445 25 98371
2257869015 97 73285
392569826 27 86097
104660 76 3835
536659261 75 57434
44323437 85 36541
16763700 77 23919
1384101 96 8876
81958044 35 52621
56541728 86 68644
2499863 71 4711
19498177 66 57212
533305326 60 39079
572417581 96 89465
4798633954 95 98168
134957545 44 32886
55504946 34 81964
369081584 60 28123
174932663 92 32062
8755847 32 8107
8763589 55 36726
3717211898 34 93231
144477775 76 68901
37225 23 412
3547823625 15 93191
18404 60 118
44239947 36 21328
519335394 45 90901
4319259781 50 97474
2803060 36 4618
1678699582 61 62901
83575282 82 67080
1835674 47 11224
488803627 88 73524
21067816 75 8328
266802 97 2129
24369327 53 71861
89442454 91 37242
24871771 2 12981
940922897 18 57984
409524658 34 36176
992870676 81 78105
3007307140 64 80727
911460823 75 68356
135482119 73 31320
2968625 40 10160
4117631155 37 98654
118563174 33 80895
40153976 71 74776
4447280097 80 94608
1487233980 44 58618
19607711 28 32921
747534637 64 44599
10272052 55 4636
182764 4 678
1224794908 61 69185
973034335 86 94144
521748929 71 52354
833670069 79 80241
199159731 15 92707
106534 19 424
791011470 45 91063
66968127 85 24727
324508384 90 78742
47767040 50 50957
26459033 36 36869
30870046 52 15661
58008858 98 39471
141488825 84 45496
125730 8 462
472641 64 2651
91712064 1 36161
2583007 4 21766
37660373 63 82379
737794562 88 74730
2652070 73 55058
3672697 2 18653
91069753 19 66536
449207515 90 86301
582774510 92 84042
2008141 2 24492
1592523855 78 79657
4553584 23 4263
163090119 12 30650
772479 86 2390
198941340 70 21295
227316609 35 60579
16740609 90 75374
385100970 62 88438
2914588671 63 80073
2356433339 30 96331
41017907 71 32061
98163116 33 22616
112100663 23 39693
578353098 83 38366
4495405631 99 96547
30043941 87 9576
25429540 24 8105
1154220 11 5962
573196378 61 89716
15297602 79 18753
84538218 91 81138
131926 2 16693
2535082323 1 92595
1614660019 10 58420
9298539 21 19104
796414488 80 90152
117993476 45 23268
1263526 25 4781
206763067 77 21973
1 55 23926
31973544 28 77576
594602103 6 34634
61135668 41 11280
53956 20 4298
1048092327 47 81556
264969174 25 34354
31068908 86 10279
172841101 91 40989
13651193 77 44378
200394719 8 20399
526356311 24 69537
6255733 5 6048
426225922 58 89403
342991 7 20818
46112095 27 11246
198194350 45 30245
836503669 96 42652
336447991 87 96440
336888435 62 86109
233268876 39 64748
5499611 11 16975
309554026 52 25490
4299396460 79 96044
223026760 91 55111
122362914 25 73610
124400 52 24014
199115383 43 54557
45723706 62 72959
38324000 72 90072
887969407 53 42760
1272056318 44 71449
546611263 26 87918
184219017 32 75997
6136009 22 4479
1447940860 11 73001
370469601 56 41497
399150445 53 82757
265120859 29 80035
719229273 21 69554
3814179085 73 87668
790589484 96 40624
450296904 5 42829
587889385 90 77920
186666062 69 24081
332926444 59 90376
2510489 61 3910
47436435 47 17434
15476485 88 39494
679134189 25 74089
1630859693 95 72042
1470074397 8 58608
1512551678 73 61801
136174004 61 40760
2997987 43 19479
927224966 95 93932
2376365096 84 73192
41557976 43 22915
6662017 25 46486
121926668 40 57051
303405458 46 28656
1113913 42 22201
493555 86 22571
129879448 59 34092
278071037 100 58387
159978284 9 28244
208502851 70 62898
675239247 19 42406
95143979 1 16798
338236993 43 35379
1488904909 88 96003
2372177490 51 81589
7518712 70 11792
328340384 8 31879
269234509 82 44066
242715743 13 58236
729913417 72 49023
167956814 66 25573
4336070470 87 93103
83165944 68 31191
1417549375 18 87869
197691296 61 79755
106230521 48 86928
1464032295 52 66666
31899991 12 17320
80290 61 78543
2200779 8 2027
255762980 82 96368
1465726 5 23963
30799686 85 28794
973654042 19 51943
240360598 88 66576
1091305 22 1708
104072059 60 35951
58439 51 3730
57764546 10 49181
135958494 12 53091
431281579 10 98165
23549452 81 7061
1171194 6 38413
298646423 26 52600
14449798 57 6268
286454604 76 33812
598836968 65 62839
1455545073 18 88852
11282101 99 83427
387395979 62 64248
27348929 13 27930
220865774 91 62193
1205326717 62 63349
118387582 51 44610
87454130 72 71222
5376713 29 59156
135121 4 1869
2263188822 95 74424
44788 64 1981
1984691704 6 81955
212006876 90 84986
289640835 32 92412
1198601843 10 59262
1364330178 74 91479
62220563 76 18895
17859063 32 27968
180231841 47 33689
665496 42 12569
2888599209 34 88328
14436165 15 40136
1 8 3686
25671392 100 94058
73384938 17 35628
69233624 60 19414
26807 32 14101
3077288588 93 86621
116141326 5 20695
35417097 33 10722
63638796 83 17523
124499111 26 56603
149632268 77 25442
494875 30 10938
38719243 26 77582
45381299 58 66298
345276 39 2468
2242124573 96 97656
288467243 99 63716
204782373 97 46924
28742027 35 52282
403077637 24 88489
260541 65 18430
3323208747 89 82010
3807338 1 2703
81170395 54 16403
5112864 76 15097
226870936 85 49939
141632365 55 38977
58212633 76 56106
89704745 67 35102
1781456774 31 74247
1692341791 14 65912
1995162 31 2512
2810981323 26 82854
17773801 70 73017
105263696 11 21468
1742704743 29 77673
13409261 85 94612
33414662 5 67523
10018120 37 16056
1656228906 44 64997
51350796 99 16507
3249058 79 40229
33051628 2 80140
1256679665 9 61074
2417368233 28 74263
1195031560 55 83128
1291986803 19 91589
143366519 27 52492
147709354 2 54507
1417972608 30 57640
69580376 51 14300
1767375068 36 78324
52808255 68 51429
392034698 48 46497
6995635 84 10220
50904056 23 14668
125431522 43 63775
575159703 61 74427
528936 58 22883
360379958 10 67427
214075230 70 26652
1421191722 25 70185
2587807866 5 83454
282914995 79 61041
364049 74 16922
557064 61 16686
898916060 74 94355
3581711736 76 84613
364479457 97 36525
25915539 89 41057
38261207 66 30413
293374815 64 79420
208447451 36 26228
1679892037 6 82015
1046698230 33 93088
27676836 47 13498
7604887 16 17512
232033525 29 34186
10144419 8 95532
2170079351 1 76091
184082328 9 63455
193348299 25 57561
1589279 74 44220
1792955966 47 88894
1393526828 86 66233
329642129 50 37927
8855657 3 4196
2025665844 65 63671
364570080 33 27572
15929975 59 24349
372402118 71 83208
1338405598 38 77134
81502054 69 81847
26302317 2 26383
5952731 41 8481
2173795361 90 90196
22406297 73 9955
1358830143 25 95441
713396028 59 95590
605855679 51 95607
6969302 62 47463
89498522 32 57319
482183014 93 51529
629827 25 35469
2028267687 1 92691
155131496 42 31286
401780852 24 33792
66396 27 82496
15822786 76 38335
324279158 36 41102
70432553 70 13657
67905891 6 65975
288609001 99 35317
434412715 7 29482
875032679 42 90637
3047285 15 76911
3553973552 14 91318
691826974 69 49453
497145776 84 77776
1743657841 31 97670
27237446 37 8032
1430992774 27 60924
1243413249 5 81463
265475427 100 75242
1062108651 42 62500
197712975 48 66290
340780 2 13591
11507476 20 5773
1742170387 32 67278
86707876 93 92278
98067151 32 31893
66699396 60 59843
64102140 15 54252
1538061130 10 87144
435242775 65 92214
17624 24 968
186903101 88 39641
65551497 54 51134
1176470591 41 95263
5600073 45 4281
600179396 67 50404
1810288 84 15413
119209491 51 19994
672326 2 28921
9640966 30 10680
690687944 98 60020
2992 17 254
40697915 40 63928
3891592 31 6556
57983931 82 18854
92562442 85 55972
1348294850 97 55618
9185555 86 6820
19609706 96 13057
44230583 30 20072
11577088 81 17272
585847116 66 38152
514777458 61 72917
130619549 90 54683
1964588 11 6061
98381 81 2020
371181812 57 31294
35345087 2 10252
3083314268 91 94846
237365207 44 50992
263823 90 17655
206492038 77 22741
42498063 44 15050
381487402 52 35007
273663 17 14905
25703529 70 85703
1673177754 87 60258
1233012286 8 53642
37219 77 13326
41704175 28 9561
31048163 25 9030
259803073 51 40976
614285230 3 79627
255422748 29 54145
211782546 77 76672
1219531 22 29579
74426210 80 21674
249726677 38 83043
177197058 22 88460
5745377 41 12588
317509 51 1182
950062147 44 45343
98109065 34 36718
264363574 78 92854
274368771 86 28873
785712468 54 41585
784582973 95 63166
3995864 1 7623
2158987763 16 94522
18139225 40 29124
12103963 83 5201
427140276 91 91555
407320794 10 34021
1372853 37 27406
32852052 85 53816
14261019 12 14087
413388903 79 36756
1039708846 100 73629
161055418 58 26328
3027654587 51 99474
115934501 22 16824
55140538 17 79182
2334260593 91 92761
1672646 27 12135
4157491 5 3521
1727717199 13 60749
135919819 11 23390
21110101 26 55187
2466909164 34 93226
55657210 49 94143
19620870 26 31319
155327267 61 29080
137202231 39 26528
570794 37 6337
167901796 24 40500
960854949 40 55970
207543057 11 34339
23947790 61 79303
29458597 63 60739
6650314 32 12448
279998903 36 57571
374792335 28 76028
363686 10 21972
997973650 57 89782
788869448 13 75431
17167263 10 7906
2717464001 87 91460
415370186 89 33336
436325810 49 42863
1019122492 84 57853
136714099 1 21092
729494487 100 65431
937066052 18 53710
138803890 62 27162
371280 65 1000
384664696 32 77812
1880963906 41 86930
15886262 34 17586
404239331 2 28626
28335600 19 8053
7575864 97 34862
298541891 29 28050
194111758 74 96892
313663344 42 87411
184379951 72 54768
2295839913 67 91042
258978952 80 62911
823707 96 3193
942969848 48 64657
950494478 62 62371
138320691 15 42164
81797101 68 16052
11857607 93 9588
13670874 10 73314
5057453 100 34829
121708338 57 42184
54182549 39 16264
849101596 53 63337
315577017 85 85260
647570 26 60205
522822 25 13034
200624376 75 95634
22359234 36 15019
724014138 55 74769
979040634 41 73280
10140240 67 5301
585178345 13 73062
234808953 21 55398
1491768911 89 55615
1625868 6 48508
363089066 10 45812
611480157 58 87675
234554575 95 29878
5845 47 103
871249363 1 68109
1478041 68 31121
3055178199 76 87894
3312425299 24 93774
782771030 70 66343
110374589 11 35898
75469247 87 93186
2430789620 60 72167
1204944 22 1491
286649835 20 95324
9989526 38 10844
6099748 80 4992
903959851 2 51153
404016479 100 49207
8094467 52 97254
4804 19 727
4178 2 79
1791892946 61 79112
1535812618 52 95178
6202281 82 6730
2953638 66 43221
1607704137 12 97748
1 79 977
2523334953 14 71994
29766198 13 12940
2456189245 95 95873
176159 95 6520
649393551 65 40465
558122339 79 49431
2966019 70 6012
328429439 56 29194
784054408 73 58720
1 89 56562
156518580 8 54925
249013914 33 79072
2581422452 33 79059
495153994 25 33775
125346053 21 37345
928537024 38 98158
15435632 13 41223
900320441 1 55366
460641628 34 78369
1693753 30 4674
15521606 8 88924
459001 74 6641
1438732 74 2748
194138546 63 56860
103678342 97 22559
25253755 64 13240
726695004 29 43685
14141068 88 11185
526418 57 8626
12028246 26 6183
473745121 88 46551
15059387 47 91525
379926652 98 67240
25219 53 28830
4280796060 10 97766
494122528 30 46591
621316355 50 80894
29230329 88 16005
6113493 58 66150
814862321 56 46678
605300731 41 60530
15653872 12 9340
52828 47 1067
485829585 99 66185
284259124 39 85364
11629668 4 16720
2818024 80 6571
2728827028 27 78174
1388918596 58 74814
749139 34 20483
393046665 41 60670
400993427 21 74796
10268090 37 72390
252531889 71 42248
287850277 50 71062
93244376 41 81222
15702052 40 57583
95621786 11 76671
2595219 52 3002
188023879 27 49248
157172210 71 82652
13252456 73 57655
103678629 40 18685
2233147535 94 93816
49422388 93 17186
1332853151 29 76376
401182014 64 99636
4372047100 46 95159
2017052746 87 77184
3097093 70 69275
491507082 73 55157
153791418 22 49143
593003631 94 59507
171106 30 7019
710049377 51 71163
704309856 47 45202
265312491 19 60381
821967421 45 45555
1255406 13 15266
2997331 42 13512
2176485 67 39555
858998615 100 43633
72580429 41 19798
210482455 32 20658
785218947 87 84980
187950290 66 33405
4543524342 59 96669
76709128 76 38823
1 23 548
425643536 47 63971
10069711 80 34109
161630825 18 91250
5335213 59 54857
30936472 93 23224
186353343 34 73325
119460 76 772
93250402 80 36235
219581527 63 30092
130009937 47 47840
1819583 69 2192
44950454 63 96039
2995823509 88 89177
44737075 31 17122
2932268 81 10954
185477065 78 36232
3341234933 3 97282
40933205 62 66756
716664244 96 94198
1167741568 27 57031
75341979 25 27674
86325729 4 25567
1285658637 23 80132
2178865411 16 65931
256819869 19 54456
991768172 11 64254
32661 27 73604
202040142 73 26597
2855326395 4 93862
21938985 44 19320
88723580 74 23754
371254290 60 31742
895833863 65 44761
6270966 84 63891
171568062 49 69324
2533112 17 2464
27306859 20 13526
3215307861 3 83066
1713730420 64 62829
2469891516 18 81775
904479090 29 45280
23586120 38 16827
15997863 25 87738
89478953 61 37175
357200238 11 32724
12198085 88 53540
3287557 33 22822
1123760566 1 87694
34439264 32 8549
196282481 6 26238
930279390 72 59698
233856869 39 41364
1080738194 47 52627
1372074874 27 76580
3428280634 16 84914
373640003 83 42192
22002269 19 32651
89709369 9 35765
78271322 36 29219
358129664 33 57172
13431368 84 18870
96366705 35 69856
1 21 140
616234070 91 45859
68966564 15 96980
142204 57 94094
537918761 40 45503
385491240 89 33784
2107966038 74 73976
3297875 8 55260
1648441553 79 59471
13551073 82 25036
2091779 54 80745
237641176 37 82637
129867223 17 60726
304388036 27 91074
1281887272 100 82117
16468343 26 49473
1644100140 2 61073
7233161 51 53605
27921784 21 18519
171194 8 8777
76350166 39 97044
196628240 56 43632
80622275 28 19988
658091 21 3779
421093670 6 34510
240826404 47 90124
165307 28 37540
1534477953 16 71698
91840669 9 31083
714081538 33 41976
370977485 89 77434
174672560 38 44581
255754950 81 61353
2176108 83 12239
39906712 67 63894
394272132 13 36737
44128983 90 14390
335011128 96 47844
732510489 83 95972
104333807 23 51317
986789344 51 62563
280709761 39 86381
55186011 72 10650
1418414 81 15451
1939888471 94 90222
161697301 79 18151
708012218 65 49427
626949713 10 51034
12143252 55 28361
1164367528 62 57211
16073971 8 13847
271712 42 26807
2295114051 40 75948
39870374 67 10680
309083706 40 48663
369898924 75 67877
1428980442 88 73067
1313355292 11 97916
112583812 81 68410
72619248 29 89150
1641004689 48 93263
1741082814 82 68408
708497454 75 38165
454546576 64 78509
81660152 9 23938
505121384 94 34917
1487135521 61 80705
360275004 25 66389
8386274 91 26073
14962663 23 6229
258102 47 1444
3082965374 10 81186
231459622 19 83882
719016164 98 48637
23792165 18 8486
655021 50 20800
12880262 1 5207
47616615 92 54530
53223800 26 57856
133990102 70 83193
62840833 8 34410
79040042 34 73493
1451322507 10 93906
1197800797 53 62464
77538593 54 15949
747369003 35 54871
247854 73 8060
683247 23 30892
6012042 84 3932
405992 86 2999
78699166 72 70227
945339958 2 85980
1507282212 78 76575
1359556020 19 79479
118131105 25 81401
902580536 31 77504
2054965622 15 95255
135017631 23 52888
14333840 51 53939
34400020 13 9505
1235896407 74 88104
89774207 98 36154
1446547835 51 68125
1014117 15 68882
2937134 95 9515
1106903337 71 91356
272644063 11 36494
1631927354 25 87085
399075927 81 48908
111397412 39 16171
545508548 83 42180
614033618 50 36362
35906171 98 12667
809032093 92 69883
349929223 8 35835
87683366 26 91318
91925 100 6360
602966622 14 38563
59380260 70 18252
817142153 71 47497
53085396 24 15057
422263767 82 52881
1728227990 28 88413
4475768 68 8945
146460265 42 94584
18035265 65 6183
259230878 70 54674
198362251 36 78108
64506728 25 37851
90454641 78 14907
717737976 6 81099
750349976 28 57625
5628598 73 13014
2222335406 69 71675
222167916 97 40216
763339081 15 96974
5857820 87 94742
971871 55 2405
10309936 64 5245
16187519 59 38216
100547483 13 15395
211045502 89 44008
29612059 96 23250
390003914 72 43468
146743011 93 60428
164421513 25 26611
3531596430 50 89853
189163528 72 24607
375009326 76 50841
17242036 84 39735
196369060 11 24890
451344482 9 55545
832948506 22 57264
230460177 22 57727
495821299 1 94938
1710776939 74 86926
22108690 7 19023
357936313 37 96147
255110 41 67049
65903721 25 44129
1438889468 22 86870
1878844908 85 62259
425973369 46 30440
1638494760 57 58864
149120320 75 50779
1928128632 59 78528
466738 30 7171
146548483 78 25177
309488647 29 37534
16356542 6 8589
2603618674 60 98609
392033770 21 68795
3819180059 72 98950
906016520 21 67597
84471967 40 23648
2158717143 97 93575
789387834 71 66382
87846 92 51957
1083087159 98 53638
176732456 13 29021
58856663 38 21558
12731830 53 5553
247462549 90 74341
403688 62 50451
126075682 78 29665
372011758 8 53819
110031662 44 64961
1589742345 5 76285
229991063 97 83160
3605653790 9 94598
1613144428 23 70788
202313456 32 26269
479694856 82 44884
32275841 57 24519
568894556 67 96509
349849242 99 97819
51912026 1 15430
1106543191 31 65759
2119176860 13 75353
195248091 42 24058
2697536 48 8118
1919021 32 13990
1569609225 87 85524
182514906 69 26399
107780233 83 27578
380947 96 10774
1557353609 51 91805
800918730 1 56493
142696884 9 61161
170795353 63 55821
2643496733 59 73734
52418744 91 18223
11656939 27 9503
1301287636 52 62963
69278689 79 32799
1821224639 30 61226
1562341325 52 74862
397011075 21 61607
76658104 56 59766
223135 63 6307
485264 42 35856
412492269 5 61247
64654465 56 43810
398221231 11 57953
33193902 83 10779
19754141 61 21753
612328562 59 48850
4293756 10 79472
3291827040 74 89486
104312017 53 69467
239541848 91 47462
715328494 98 48662
353975054 64 70997
1148629 72 3758
1151440597 99 71535
738046 100 18240
3828081 73 28664
310270984 52 49118
345104446 15 69719
987658793 4 68533
115255268 41 60000
377662539 86 39898
77502146 78 31118
5789333 42 43966
276997988 8 25807
27776384 58 37352
741784224 8 60153
387850067 84 46780
863225591 83 43645
346095254 94 42130
2762931 99 5179
754366238 26 43377
661706633 78 69589
620006 51 6069
67481636 64 47776
809187530 16 42997
22222990 12 8281
7148799 50 61617
7469187 89 19553
34302185 75 72587
164531444 49 28797
13252003 85 8441
2004834097 41 88501
89445089 80 22722
310673280 25 43594
2180608 6 31238
162422910 73 28320
10386927 16 11845
1218334178 63 75920
137160971 35 32334
4435335022 75 96970
6881554 18 5213
19073642 11 99777
1258643740 94 87411
614315852 67 44151
1967826936 1 91290
395673 37 7356
167137702 19 35727
1569862586 6 66173
10650787 26 83721
1011770497 13 50790
23233256 88 38055
56934058 20 11314
82460249 33 66280
162602239 16 35370
909627215 83 72064
462345531 10 38109
298256 58 8189
14138117 75 10701
610 20 5941
88087353 97 80548
617936880 68 44817
84653681 20 13695
78186939 66 27130
38967914 14 49789
30788948 50 8528
135698879 24 50340
1402447023 67 58611
2052112651 18 67311
1251208949 76 63336
322835 12 1755
7367065 18 8060
102207843 37 14371
402929048 23 32414
85368727 83 83759
556475428 23 69784
466793218 28 52137
241716201 38 91811
170909491 2 24400
2545463 92 25612
108822252 42 22996
664280399 33 51494
18250938 11 9553
898080544 64 46979
915570280 22 50856
665318496 89 59354
1590599 71 24498
983915759 38 79242
653528075 38 41309
61662580 8 20230
13025492 83 8699
102341555 84 68937
1952225 56 4387
153138286 70 70929
822938405 61 78460
1328716419 7 83367
1372553 46 2744
2397718338 23 72294
21268835 66 81266
1637994 5 77910
29710036 4 14387
316074759 51 49711
539375032 97 40032
110715282 50 90387
1005863428 72 46466
34258845 60 46707
487200723 7 80279
1031569173 49 89665
15442342 94 19972
1596985861 39 67953
112312 67 6315
3340981547 86 89484
448482 78 43893
439466076 48 48181
12473601 49 44511
150112877 12 80375
49526096 82 28520
488825578 69 47093
848067000 80 43614
75742908 25 13423
67545228 22 79558
2062399281 14 81571
16954063 48 11904
1009019207 22 68556
4396862 37 56991
407236171 94 67276
1 34 598
649561 12 33189
11841854 4 16041
93788747 97 40896
228186222 47 24484
14416687 20 25216
37416 96 31290
10841755 54 6389
27558964 88 31305
805430255 61 42620
27084524 92 14738
46243379 48 18354
83197612 99 35446
62054331 60 82025
465338094 58 34334
16128436 46 46272
433898968 22 96138
954322961 68 49343
1634270420 56 70538
627464040 60 61747
3069312212 29 89796
696467797 23 60378
896809010 3 55639
70480960 85 22296
42223175 20 79491
116714645 18 20545
2194410750 46 82903
454353181 33 97554
1383291513 7 85268
19668157 77 31679
240923961 79 49893
3780031287 71 88845
1430068405 36 81925
970166051 7 78228
507705245 60 59486
12760770 97 79027
1564574415 38 81603
2675949518 38 85487
2469648619 53 97862
638268290 82 46603
62589701 82 20603
510048965 35 39598
1012502383 57 90152
10717376 19 65355
216814087 71 48235
37727778 31 87410
2367050296 85 75209
613507866 52 54850
1256174416 19 92533
330196985 53 27905
13467689 58 8049
723298853 79 77100
855468626 36 42847
889740321 63 54501
301555966 1 40007
89966284 23 18279
130918304 16 74799
846384959 47 85719
312873316 72 48747
15952433 16 12976
268057347 8 89952
373173661 30 32958
11728509 55 17212
62998841 43 59090
845986704 96 75390
41226896 86 72281
54583037 65 32493
90288903 72 45851
105490180 80 16539
549811414 43 33342
588288002 14 35255
15242101 90 59325
267571909 84 88672
2494933263 37 80189
45757805 71 16252
1132397356 44 52223
4503628 51 12188
5704854 19 11545
936814882 60 47636
393747052 94 92570
1668937167 67 60818
1013772484 96 48861
1506161082 55 97192
1025671430 57 70343
3695746 43 93016
826721427 67 46115
6318123 1 4230
16151798 80 17932
685601915 92 62726
1420729 28 23345
195300941 53 54901
1375088930 95 60776
54694805 27 14431
429172628 85 76986
1907114404 68 71048
2963241838 15 85909
414161742 67 77563
136464930 73 24357
1989271265 14 88904
43621660 52 86625
607486366 81 46407
145589420 31 88338
1299269879 95 70352
1520051117 56 71741
3963824 80 27134
105266079 47 30264
1376926207 84 59558
10539194 81 20182
1755703534 98 79826
13909140 70 13529
127816028 99 47554
12974179 92 46437
375071372 37 65104
637681759 37 68631
396632092 5 41144
2488047941 1 93450
15579 35 637
51086834 91 62117
1186298286 67 72215
1044679151 34 93234
7643256 13 5864
51421238 2 70184
48670957 18 14521
13860985 47 9588
20579809 64 40355
990864676 33 45631
471573810 16 54017
1085680893 32 57208
17915498 26 44210
47869243 41 68336
30112802 59 57441
89409 56 48431
113847180 94 51538
3124151688 93 79768
2372081136 65 96685
4600255581 86 99547
27471557 2 94301
62980440 7 34363
1580962580 33 66825
149367585 38 44393
1580744679 84 62275
142670098 13 21177
4733259 34 4827
583806411 65 37532
1472881655 29 69332
24147736 38 72696
2013686682 55 83615
823862984 81 69322
7435599 53 8300
287962126 53 53405
511090682 19 69178
1619703 39 2391
375325243 74 98247
4779536 76 31991
465501121 1 99801
293333314 91 39441
489744090 93 36178
578878655 9 40851
396699948 90 40579
550410643 61 83976
457955016 14 61908
20375665 91 23493
3990119 62 19834
225144652 71 23821
2146665471 69 87276
2014584 28 6275
23669913 97 7224
606086367 48 85886
69432717 94 31436
1004713291 37 85120
963675487 61 90066
29300680 56 10730
938349 54 5519
1347900 16 19520
1037533 36 3605
778577272 9 67759
2098576678 95 69834
2894221590 2 79239
584976 21 21239
144974 11 18461
20310549 53 26009
1086576998 23 82494
12461718 15 76483
56084586 70 26187
3282515 71 5592
212414251 28 26317
38865696 71 23027
968921 33 7001
208486467 95 28200
1466546145 36 68639
2086124880 56 89416
5930934 27 64860
12721 6 516
8829947 66 10890
20504307 48 13520
1909384054 90 83854
284541567 34 33810
41678587 100 89810
55302 82 67204
10069 93 9885
2340304476 18 68351
2586585 13 11334
41601601 13 95105
357514574 6 49326
1130333736 85 73251
1676763339 63 60471
119852894 78 58983
642127525 87 43618
33310 80 1643
15400085 50 58658
3303614059 86 87313
350089043 69 40353
1706427483 99 87098
393723007 29 29968
243353808 40 28369
236272500 46 77728
980527050 53 88684
11536324 46 34627
1236331981 81 58480
9456 81 26629
364864182 39 43554
490859012 57 38745
742902926 79 71789
17497605 83 14447
8161665 89 14856
2172776 22 26750
582045087 77 41037
132060518 27 16288
133356543 14 30300
46462026 95 9738
1621649204 24 59334
1 90 20344
51031692 43 16487
853320227 38 61069
290399982 61 61393
386912406 43 35604
3770247969 95 95029
500303284 68 82905
2378948597 46 87168
639604496 31 54558
398292273 86 36523
637471770 31 55771
1726364810 55 70185
26022599 12 14557
3417030876 27 92338
567705726 82 41135
159668971 78 38579
2324576468 97 75738
19269603 10 67319
49681591 62 13306
155036177 69 39223
215241029 7 22129
4017631464 41 99950
3099602527 100 89878
30302583 26 29120
830043576 15 53053
131304122 37 28468
647493114 90 58878
39396405 61 51445
145038228 22 35573
924188377 27 77453
169703492 87 44994
393022537 88 48472
53787921 81 11852
20539602 37 9590
177795 34 813
74626791 38 13076
399263413 22 53360
62144887 19 18799
1885228620 67 78593
538654413 70 36044
369035194 63 33242
36651245 29 15562
103368056 43 32353
10213783 34 23466
366702 28 64288
138881295 10 93500
456029996 29 64852
21510191 92 31027
3752982185 97 90917
730558983 96 87769
1022501172 85 49490
213746803 65 40661
40986761 10 19105
21648009 79 23337
16416933 27 12093
1119870636 59 67295
477122902 5 75002
150233633 7 34263
781252771 63 77015
544587334 22 47776
23860163 49 13995
101532633 20 38552
9640328 13 56765
959415555 91 63121
287536880 68 90617
40580572 69 41009
28217675 59 12143
16460410 70 6734
24508376 70 20325
57418168 66 30199
1985424 3 34977
1309810930 17 61456
810845158 81 64418
127831518 24 33046
75495005 77 14583
22000121 84 29152
9960736 24 5367
1950504527 14 70379
622866 93 2882
2491660496 3 72308
296798485 91 57045
17073035 30 7825
11358535 94 5418
2448479245 70 76451
554120842 73 98227
410893894 69 33499
609665629 15 67580
73467176 99 18121
6973558 32 59074
1805324583 86 94129
1561590356 17 72958
12696108 43 61426
23565070 48 92698
32864693 54 43728
1111610252 33 50448
21773014 99 24061
207205489 38 28771
802437734 73 72464
449525973 4 67029
248206564 66 63546
11009290 58 40345
4728561 59 42761
709735520 1 59736
747344 75 10067
274719860 63 23562
11074965 58 32293
237130678 87 70748
26878519 92 84546
17362900 35 70759
2307467004 87 81952
933965 68 9106
1385461869 50 94987
2208749700 90 73234
1555127290 50 65592
67492142 59 19603
220193654 100 22555
3798356086 50 97184
62288564 89 42026
2140716979 78 73592
86471645 9 14037
150746972 35 19741
140012731 2 16679
135037051 50 74566
114151882 66 88573
396692893 27 47683
405086378 38 64416
312945230 16 80297
2014515017 7 79345
9692217 28 36322
19367168 18 30006
339578336 90 48980
1608554752 58 86666
47832365 94 56846
1829239357 13 89020
396217746 46 40352
1123524222 10 48117
1188450 63 2804
11045070 60 71131
432593895 47 98999
211599850 28 46650
20885188 54 19828
76890081 1 34176
85828982 51 31772
114542798 46 85265
47243868 21 59755
85387 11 49129
365012959 32 37328
358225 69 61364
999140763 20 67087
34964 35 7403
905722 91 23309
200059250 96 63028
3032348 12 7016
247165489 91 22437
79745895 45 63277
14652587 73 82702
43348223 91 22989
448449915 95 87750
3467061486 45 98847
76308798 62 45994
80122 64 11620
12850464 10 9527
2418618 6 8084
625322359 20 42784
210282972 79 75176
584203270 81 69627
1773578757 1 82068
453025067 50 44903
12599866 48 5116
1534591690 5 60080
2015692188 54 97506
283594649 39 64802
313980028 79 25876
609597639 40 51949
817040528 99 65050
75631250 55 18726
54825 85 10346
636528099 20 72757
19648524 3 61350
293091283 19 69963
228577110 44 32484
223772663 60 41752
100883413 37 50829
622647279 63 36732
174216638 42 74582
25297439 22 17456
80887759 65 23172
130949139 2 34771
383199138 83 41066
289627528 53 24666
1411456176 37 91946
320841076 42 72288
540796586 65 74750
52774482 3 43499
9894792 55 12786
294130550 58 73753
2968423276 1 87223
1067908700 71 80128
1555217 41 3954
443435675 65 69037
157151413 90 34675
55344202 72 64446
110216794 13 37755
22821770 2 9863
105250117 20 85472
86172 27 44899
174495347 55 20895
20611866 14 25922
307399159 7 37896
79174580 68 16366
1145747364 67 72913
110318969 51 42069
943947362 55 88555
31553769 87 65951
273265852 33 46856
2062495015 33 71344
42930745 28 40518
549631956 2 43629
68067442 57 34047
121832857 85 34030
485271104 24 39662
226962559 37 42253
298798158 64 36232
14849814 43 35638
395155686 68 54071
18344839 33 23209
32960169 94 52645
106423611 26 85783
23158941 44 78232
155335900 44 78834
251534481 58 53098
14716 6 662
208906673 43 54007
748139646 38 96751
472849203 3 36959
414381 15 5149
776043665 46 73502
633246836 57 86884
499469 10 1456
2737299 64 51373
99368965 72 47440
3088704 74 63612
744089514 76 41929
187604173 91 36483
1018328510 30 64367
375876883 2 32944
17091602 21 14446
2994499780 13 94270
181235990 55 83768
2207589 5 6007
362746565 18 30926
183577675 52 19243
120233869 11 54714
97085799 59 30560
1072451184 57 67207
1010780544 35 52593
155735876 57 55509
1050145759 35 79440
29397748 98 14672
10950027 90 6030
8134938 70 5990
274963342 79 76683
262643412 43 40871
721791870 98 56144
2324197691 65 72012
23435646 52 36288
1689107 100 4184
2098936772 90 84141
8391448 92 20676
103588523 22 91053
427199977 7 43581
16774785 45 24121
441770129 46 37666
2159775587 25 96581
157406180 14 80927
54627538 57 38709
845803525 81 76409
1395027919 15 61082
40572363 89 9195
27439861 20 12622
18248521 8 88444
743667045 29 54972
89415545 17 34863
1125974377 52 89938
681387605 46 46964
79282472 71 16932
286601538 18 37048
14497187 16 93526
290105699 96 82427
1291224199 56 56735
131567808 18 20974
262236121 89 22849
20660202 13 21595
68145661 6 12122
3208239718 12 97781
1530409 48 5732
558457 77 1111
1300555607 44 78446
609127296 43 47268
182122908 88 19214
24506195 8 26019
1388858586 66 62635
5080017 10 37665
107167029 86 28095
2568642999 73 77485
215534258 97 64538
1682058661 100 80871
3421551 94 76189
2955787 2 32948
44176620 80 52072
2086017351 75 80017
72720820 24 13193
50783296 53 21780
2925008255 75 98152
1849650 5 88181
11929 90 1055
925449577 20 80099
156720324 48 37826
130165016 48 86098
132196005 33 20294
1189156324 19 53067
27020 56 1737
2576445 72 55468
205606 31 26035
176075795 18 76987
2055988731 89 85948
1366023515 33 80613
1723671840 21 64675
1345681999 21 64374
1450296042 66 91700
1865400283 92 65917
65875305 51 17760
135155732 77 85754
316223293 12 81758
798233034 4 82358
1494836589 47 77805
15502220 68 30636
1439228 49 82881
1971015991 42 83702
150640 81 3208
6700559 80 60281
686783679 85 53528
1265134191 92 82652
191577200 79 44562
769513997 11 52505
435728520 95 31054
12237202 16 6004
282731436 98 63254
661209316 82 66474
9962389 40 5846
1369623248 34 63093
419708 87 25883
2820421109 30 79892
1134960461 11 47994
68680112 30 17075
33793962 18 9026
265392542 6 47194
367680034 28 98677
279610538 74 36529
443432 67 13952
3600340495 79 87303
27591664 35 78910
1067769410 40 65002
27695834 60 7443
2265116664 93 77483
2874884 65 13988
2237276967 49 71809
24928244 43 18036
452274 9 28849
7222024 64 93901
2859288884 63 90381
25819305 8 55735
263563 12 1750
188506271 34 49760
1369150812 40 57330
320949420 62 67118
30383074 88 17706
1633611132 11 83744
62261193 24 64510
674429270 37 75121
91876 45 11139
381319917 98 75508
1603234306 53 74302
342177979 38 58333
200432368 2 62681
454453050 50 71019
364679555 28 54391
20402636 27 7149
1694509092 96 80884
11635008 78 12345
332498032 21 95964
16217477 71 11078
723962407 95 92684
34221178 40 21683
890975680 56 76760
460369289 42 36778
108657654 2 17024
860673257 90 87721
840457393 59 47636
61078616 90 11843
72932764 9 96028
2949451286 61 89083
2722291689 34 91692
66929734 37 93348
1071728876 13 52830
146866748 74 73919
4392115 15 79480
211559050 4 37492
1116512221 74 76872
263222924 74 26722
455618975 60 44447
1041976072 33 79244
551967831 58 36168
267302 98 42026
893153004 1 54249
14869069 22 55076
69562997 23 15820
1897414366 89 71667
3075599 70 10227
437092400 26 98514
1653090200 12 71927
543424728 13 87648
76605310 23 27140
13192899 77 27237
681184858 46 60152
113770873 43 29358
4491293 84 5765
1034819987 43 47118
23147304 12 87506
124221853 46 16445
159200682 14 61189
539257741 66 48893
4867100 95 8947
1123115912 69 81810
97998230 30 55863
2303170017 1 84631
5165290 68 4915
321621108 72 27914
1264020211 86 92877
39704286 2 14972
14728261 74 90670
587618671 29 47392
1159999485 56 49665
109187144 34 38770
541971200 37 72493
1369482809 41 72192
3269793508 51 88709
459992749 66 43217
35330842 31 39723
85907940 84 21545
2823980 9 77003
11363750 80 29937
202051556 87 87330
76012181 16 65549
473809435 18 35094
71415876 65 93832
1705462 27 36801
392889364 87 70188
890411648 67 92410
560243329 93 34514
17503833 58 15808
467199 65 1583
17898654 14 15250
700185303 91 74095
715275671 77 94346
253314260 39 77473
1188581539 44 82825
2047470 60 29534
1027528689 69 93233
119818454 73 24866
2082523774 81 65766
8372318 14 48958
493243577 93 40797
1253180686 9 91173
3455685936 2 83896
948339648 92 65859
337543378 10 96122
41995097 59 12130
623135378 66 43869
64819847 63 19042
66656638 83 25483
146118606 77 30523
682777381 80 37524
119359739 11 21166
196184585 46 66881
953952941 74 50741
187804363 92 85172
1034771593 45 86395
2092752749 10 69623
408161 20 72373
124917885 91 96693
7666281 6 20403
18746642 29 14144
1026001 72 39573
99373810 19 31013
151086841 54 75261
319 17 19986
184057069 34 96207
3548742 36 63032
55432978 1 42292
27972075 89 35318
81607036 19 70381
5555372 53 9566
2614384647 65 79902
90736662 44 14167
20358582 54 15322
10468281 38 27360
16027009 23 28164
781267149 21 52604
304080651 30 29938
2654124696 75 79313
27634416 69 12341
394513505 30 46219
47996171 49 44807
2009116662 29 89660
210817233 21 61534
335094789 70 51657
90950 12 32268
43687676 42 23544
29307161 15 10710
264480192 54 23424
20945863 81 15499
468049278 48 56461
831769031 21 53857
347074 29 3981
6904481 72 55531
1022155410 24 84072
56131974 58 45154
171048076 4 41205
2721413888 51 80538
198959870 68 51379
276731174 40 65021
1361750942 35 68805
298564325 75 80589
1794850693 33 96787
1211806 87 16901
2952461604 55 92422
119190872 13 82943
187657106 27 85185
358282 69 45667
485609 50 2603
143021884 70 50085
2203362576 87 76490
40674027 58 10459
18278319 75 12450
87394744 70 47638
792824 29 10579
71597317 23 30787
1678442801 71 76343
559206946 54 55178
30847608 33 9299
76398287 5 60954
19293180 70 57264
1204079956 62 75591
3396493 68 24758
865894059 52 57121
893805734 81 79156
1826429244 26 68913
505150979 16 85501
1455273266 24 83549
111425961 7 18234
116456192 82 98586
2837475 74 3265
2507870637 73 75616
1675926298 34 91184
139929516 60 57171
2352883429 82 96906
183678355 98 19612
15536442 70 81942
504392732 25 37271
769920543 43 39472
1740063419 71 82120
611712123 87 68351
59855333 65 46692
44944609 9 44151
1150651025 73 51680
8842 9 2319
12630331 5 29302
13179539 11 68977
89899 56 4682
107949135 97 33081
742523000 82 60175
366516 85 13209
253673833 58 73784
198087505 19 21308
904822572 37 94223
59478168 34 25551
27867 92 7334
38084351 16 27433
727113983 20 85181
362144185 46 42971
2175037091 28 92808
16735588 50 23994
2644597656 61 98432
580682952 35 50500
392316709 16 36816
3299583029 8 92752
2745569502 57 87804
65817796 71 48230
189562208 78 42744
512669776 2 56422
376021441 12 28195
573268737 52 46278
1 84 25710
3342211272 34 85575
30686 9 3332
9652436 82 21856
245017850 86 33515
749493326 99 46347
449047554 78 41447
346575808 4 42126
59112329 97 17399
6951465 73 10085
25862847 6 7589
266819 17 25902
263011150 63 97448
5010270 32 31156
1603906895 48 62604
1980344557 47 87106
636887642 81 85127
555498918 42 41062
691918082 92 58588
56080909 23 14492
63794290 45 49803
66350981 80 42386
1499544336 56 75857
8704389 56 26852
348821370 99 27858
23938 74 587
242581178 57 29002
8908039 71 24129
136773414 64 57121
22995001 52 27247
585707526 10 51572
14142921 8 18383
660490754 7 73466
10371783 50 6364
124058172 64 35700
30847204 70 86062
3293411676 11 81752
1437923455 60 59346
14598460 59 14748
77403156 85 31269
3723729019 10 96790
21696165 62 14626
14033600 74 56447
137290435 86 23654
27207277 79 25306
40691272 41 84226
16011981 22 12846
830263847 53 40954
32415266 82 28115
2058803 21 33559
2478514775 92 80043
89499560 63 51791
81935705 85 21252
153764150 59 28900
39808739 25 36808
224217 79 3401
145743079 57 58154
456826733 97 59468
61152877 11 16623
365712206 77 52657
199431171 71 47589
256915797 49 29621
4399768 15 4930
2421334 93 10730
10948971 83 13962
154046536 82 25591
242228591 81 69889
1122934235 7 60754
70364055 69 33031
2398177399 81 86967
785573498 83 59249
193191129 45 39778
24873427 27 24688
144946220 63 26572
33662771 65 88575
124954832 15 50083
44164135 32 10827
168812926 2 88878
3902824 63 30752
148275448 56 36874
1067125444 25 85686
17549418 51 79325
3561644266 83 85656
684448923 42 57107
2595342031 58 72818
37806367 82 12425
173281842 37 81874
113204431 24 73077
2722505941 58 80530
283120702 8 43053
35198745 45 48915
1375937 42 6060
15934116 59 20189
450600021 83 32785
73653501 75 18960
1134702794 36 59385
45978001 1 45139
716963395 8 95216
20245571 38 90993
37398475 44 63473
1734063336 14 76467
2392942971 62 95010
580955182 92 74497
77011535 60 24775
218759956 40 36253
1106102022 44 57192
1002236500 71 54856
262448244 83 99757
442938296 9 44401
11960622 86 84993
887277605 69 78857
648802597 76 48131
165124767 9 32664
230400950 37 43530
11057135 2 14326
500705469 23 41665
936132734 45 44005
3521731 57 9865
137235 11 2652
7270752 56 6732
930035727 40 93039
179834781 72 22548
10635307 82 29934
101358085 61 21642
1831057051 49 65314
401414463 9 31172
206536 96 733
1526216020 69 57325
623795793 81 91687
670438464 27 60947
41848954 26 24946
319425958 6 29588
36694683 11 17610
213592048 36 82309
1614065 54 6130
943228175 87 56092
284426921 51 31028
877405497 59 65812
1006069322 34 45704
245476003 56 27509
210415813 93 36053
37252391 29 70186
754084 46 18959
1573939700 62 75069
251225825 72 31238
199080506 53 21466
124992358 22 94997
764927311 17 60726
102020798 78 19684
559613267 76 41563
301572987 63 47982
1070484044 2 67133
357731894 67 61039
4556 80 27434
1081087 90 13697
3764666209 65 87832
52020998 44 15241
715431101 19 88371
1963990926 24 96296
640246270 71 40268
35048053 93 17263
967796 46 1824
3409828334 58 93383
416101 99 25893
3802408428 41 93838
2613364137 35 89067
4390092956 58 95324
1024954651 44 52740
477480857 28 67856
77674737 7 18339
64738339 28 23822
393255256 16 88919
104744677 42 39588
197384724 13 81624
7042816 89 44272
48519912 63 12866
10631313 45 59784
1991117593 19 91781
2824467166 25 79622
532885990 64 89461
416724800 2 63381
3135219131 84 85210
31925443 56 96800
1750794 11 17987
2626649 97 98164
1402152450 41 72948
327854409 22 44227
1751767369 42 62207
923807223 88 61120
65614434 34 16408
342012374 91 35819
258385657 1 93473
277596259 4 51773
26266483 49 11660
1143731 56 9127
4309934 51 10683
221911998 13 53487
511219612 28 65300
144581620 93 47960
106338149 11 61310
304992899 77 64124
1568682297 52 63473
80836110 73 17036
764494855 25 60577
29554685 26 23198
193105552 42 72256
39110573 95 36986
1745773959 20 87348
65543129 88 87524
457483 74 2243
60937297 8 36629
312724076 14 44831
143552016 99 18365
346885476 91 57069
658245742 56 60248
1449989 75 33997
10821695 65 9726
1769456983 1 75332
133721163 27 38343
178185039 8 97232
85871 33 9097
145607061 57 42653
4178244 80 12280
154519594 61 25124
65871314 56 65018
82869493 73 42427
150102823 59 24547
86623592 27 71279
448372342 98 60635
26040565 5 11148
719107225 69 49545
167383613 72 18606
2658093 53 13696
1133273183 41 47934
366458764 9 37584
110852997 93 24793
846186309 30 82511
2216804685 24 74123
13507966 68 69093
3246244364 36 85473
294333359 44 31458
4307322 97 7963
886140581 19 71102
99443465 38 28073
569744432 2 55091
169044322 22 64913
80656195 94 31772
2552009843 10 73870
650284 60 22226
879169820 99 43159
20746722 99 11284
1707005506 25 81288
3599826 59 4496
601958009 55 78349
10124968 93 29878
430687404 26 56613
110584 71 65871
89976162 86 24535
1317991538 92 77487
2196143 55 31808
285387928 37 47317
138484727 25 20743
3539077067 37 84245
170119263 52 48240
1053874312 33 95623
34034726 66 65267
1312562 41 5308
1913632966 66 62327
85825934 17 77716
12547816 22 55220
683305823 81 48511
569666882 47 95993
51523992 4 47445
667865474 69 73185
604990918 12 45744
1162907700 65 68860
378710819 61 47960
3862969878 91 89634
431620189 67 55452
336244988 43 81063
197314141 47 24852
271783970 81 40749
504115473 79 52942
955277804 21 62915
4375654 97 4323
1608796126 81 57766
2982861448 12 78168
351300490 12 61574
10255349 81 8603
700072979 39 94671
26091696 22 30585
26497216 77 7865
6336129 10 32436
18012794 99 53660
207464607 69 32956
993597 74 28170
87817578 24 89787
1249722181 89 66115
5285158 88 4613
6202914 98 65313
1317257 53 1636
116966137 75 96045
1589616976 7 74642
9324697 71 17422
284414141 42 43892
2116023899 10 91732
122228667 86 18752
639194475 20 68149
2486612 58 2604
177818515 28 39137
339500108 13 34098
122519996 89 76933
422625936 14 30185
498630208 53 52430
127628002 31 18654
2210435152 78 92473
453005398 12 39792
47402541 95 13024
92796660 16 41949
1621747298 36 69847
136473034 28 39324
698315535 86 69759
1636964 30 50658
74041702 73 15960
97405996 100 24177
277021 89 1466
16256093 61 44527
536870732 34 82323
72703 27 2532
2911977 29 34263
2425085282 5 90656
369606110 4 32523
1410919680 79 83726
88285857 32 22907
52508480 2 38027
147308109 89 27832
1218500999 26 79554
23255496 88 42541
943908306 60 83406
12127806 22 76881
2076931 98 82453
66552926 9 24474
35783078 92 39704
90165360 67 27225
1416845 31 88366
134495496 65 52838
18612367 99 40034
77407462 19 16464
24898 48 229
319915841 11 28298
129951083 88 78542
5549798 43 55965
6746847 98 8860
1267277409 85 62550
10471297 73 15727
98453032 8 66770
224397896 5 75398
15842820 64 5571
1188816518 72 52761
1515554378 26 96092
58052580 62 96006
158080 30 1670
1169768134 27 51796
96352115 81 21155
8935628 3 60808
935491970 53 57446
377954948 95 92064
1001509617 91 82673
1609123510 44 86655
433611732 10 81007
420034796 29 67305
1617492455 18 89162
128930489 19 43327
183862848 77 66177
6752051 3 69231
321721 45 43834
288074 21 3412
18103 89 31418
1192226290 26 72304
1 73 74
1076906474 56 60391
592394703 48 47307
74097 56 820
82816885 32 52902
149661227 8 60285
1840082502 29 83030
274384464 46 23767
963750883 63 46975
281337 100 20603
628363398 12 76815
3579905 99 27667
588515279 83 42726
88100 71 18241
8334797 54 45779
4519701185 33 99614
8274981 44 8570
1012274575 85 68773
39177901 53 50097
3239730580 1 85329
298639862 4 85768
6014 45 54869
202375786 74 25854
3962078384 86 97476
14517830 85 28470
430133127 90 43529
21299675 15 12142
14115105 69 6602
184846270 49 41894
796885216 13 95333
63086736 59 96249
1569096834 28 62438
39264387 43 70347
807095311 42 58857
641813490 91 80995
2418872651 23 83800
89989078 37 86794
1405294974 60 64572
820491692 17 63216
28653312 70 9219
4262871434 90 95228
593824491 90 48885
118141861 36 41856
10075707 24 5025
1187685759 60 80646
6335083 79 9401
187891002 65 80505
289793847 57 27576
2412226114 80 87739
360648215 47 52813
270577854 64 72292
5074423 28 50339
1029881799 58 54305
5705265 77 64001
482452883 48 81705
3589720 83 18680
822549412 92 97653
16296413 80 66088
194700130 37 20708
1597278807 64 93327
19955395 29 53893
45184040 24 80992
347267341 5 35905
742273545 27 66690
2810134148 80 88847
754817833 20 67486
221472606 15 31547
102573378 21 18115
230229562 83 62246
10506649 17 4933
187704 67 3864
800990674 84 39980
816050488 47 76244
5133862 8 80994
139699205 20 23333
66219338 78 56518
187608166 38 78415
147498984 40 22298
49910979 62 63262
1187175 4 31742
1260177855 40 82555
387362246 84 65432
242760743 53 85671
2076000 38 35806
3920982281 5 92827
18670738 49 21311
907243638 54 96955
2749345 62 24495
1050318478 46 49084
26143544 2 31843
23082858 92 27427
3750695 23 12551
2728073931 92 87144
409640 58 1553
377690 96 14422
141308196 89 77123
275658477 31 47593
24625642 30 66780
1247831 91 54841
6679 32 10433
24664626 76 67974
953742130 61 63947
1674340483 70 74666
83480022 25 62233
1764927 63 60432
128137697 30 22987
1906991388 25 83719
1545971 61 2838
251760507 12 64206
2281374459 62 80764
11404 30 2507
2589334087 14 72544
295248912 74 70756
1261930164 88 58551
1162576654 25 98549
532865920 20 51117
34375383 32 10331
127432797 54 28673
76671 35 780
955336617 66 44886
10250090 80 56427
1126671304 15 80962
1418887706 43 82121
1232695232 50 63196
1368046360 96 63687
18608564 73 52231
116078738 64 18486
1490265912 75 62186
184170984 76 31148
12329469 78 84978
111165305 84 89743
3703821 21 16290
196738876 78 80539
240583 37 4643
133419535 7 72788
13593384 53 9746
282359934 76 43284
9158398 26 91063
1187840192 72 54424
4038821 1 3884
2244743 69 11032
78544913 99 17817
16568129 78 68093
4543667 65 4606
2156 13 27949
3954033 18 3455
161090874 82 41321
108327104 71 16131
3551265204 30 91225
7955637 44 16430
326447098 92 26321
13989258 83 7884
41381984 71 27323
656311146 89 63335
4257597 46 11170
639357462 34 55136
9241534 86 33673
161871 9 8595
177001162 79 41716
1342128562 1 79012
743467473 91 85957
2076906367 66 90150
2081047254 60 66858
1074809504 58 78296
77084 81 28269
982319041 61 81782
1211576724 27 51998
204397122 82 45477
182745154 20 55427
8707456 80 34789
1734807658 73 63561
474951760 54 33551
661054340 85 38194
2170945 76 5679
551221230 81 44167
1071300197 27 50210
10380613 40 65614
109614584 28 91293
13262170 24 67182
31931045 18 28210
26570991 99 37765
385654 86 1901
567332978 9 78894
1418395 23 21148
1758072422 39 74394
37278284 81 44520
567336443 33 87754
128680453 5 23814
16979372 36 92647
57379824 11 38980
2828446 50 3209
126294378 40 48232
1119594230 40 64676
506667 4 6888
2003551982 92 67216
446505359 5 45053
981904782 59 79377
43567951 82 12167
254131190 81 92086
491569623 41 67492
736997485 1 52962
10731633 42 52886
3372451004 64 82729
175705398 49 19196
656848369 27 45374
54908291 32 73408
1115467782 62 63025
374422331 32 95751
490620 62 1223
39524694 91 10466
18975052 54 11191
453881984 28 66717
2328432 55 31430
2092643582 11 91735
405096272 48 48083
635311317 87 93106
556379922 41 43624
801129090 25 54626
682804547 26 95283
68593010 70 44492
13791397 95 24613
595978180 95 80009
2794316561 100 91864
67076046 87 11842
20689889 78 16086
294014740 78 40505
852956322 31 50181
346555979 59 47652
17230249 44 7976
250287 47 710
69656310 29 50774
341790085 41 92964
261133150 25 48889
19510958 4 76449
4579343 21 12588
32100270 1 54889
4551260 8 25373
699284226 93 39110
4220525042 33 93603
1877872030 81 83599
308904691 63 56634
1329747 48 7028
506110333 5 94487
70061883 66 15656
9763258 86 29631
1152374900 99 59719
33017392 25 14533
772961971 27 73147
181326882 68 35494
186581345 21 61333
15045707 43 80430
76472013 84 67139
247317729 90 44991
538458729 2 66358
545582407 86 93473
1160811958 58 51367
1382627489 43 61786
27259525 54 8221
123483614 77 34494
3850728436 58 95146
1342307 79 1872
355801 43 15781
135662 75 12856
3400464 8 19350
15727049 27 54073
83101956 3 14282
5275140 4 90060
221852592 10 57296
840718 87 27486
44893679 33 28223
1154813758 96 71911
1942112691 95 78240
364246478 34 79645
112653826 39 20782
1417325247 54 82832
679240498 1 84563
258095184 62 56257
238185121 21 31000
12331099 42 7621
170143669 38 65934
511498606 49 75116
84879598 34 13468
24696040 50 32280
2790129329 88 95558
29920973 9 14314
129919012 46 17692
37291639 100 14000
259272181 78 38806
42053885 45 23110
390251335 95 47734
354309290 97 37209
321232067 53 99654
445524878 16 29964
4533 21 8724
1542931 1 12425
115370419 86 20056
312986875 76 57424
1455660485 3 68107
921869 25 4036
224425728 4 40183
57263469 35 61160
428482152 22 63845
273591 21 1409
1581027440 68 83480
1171310 93 4926
1270003 15 3482
311633650 44 37285
2030382182 62 97130
286244846 17 48003
727573661 64 62758
87278520 45 99947
4076262 73 30376
33317567 1 11857
1015628648 95 93527
4220566 71 25716
157726586 39 17726
423742364 46 61018
192746 51 2931
11548200 66 95032
1777625162 65 68090
2964953360 9 89766
24782334 48 7264
1420943078 91 64332
688922 99 14604
39517764 34 19365
1716098801 24 63661
22445811 26 98301
429649265 29 46920
51592792 67 12972
18419 8 2646
185400123 93 81511
278922076 57 54059
12205361 52 53708
3319614132 21 96381
344753 16 77780
237813838 73 43227
577575 55 99929
1 32 62123
633826 38 12387
1236887 52 3859
1331756190 58 66472
341253159 78 44454
47779312 23 14160
3121693869 59 96130
2712830825 64 90570
86129409 84 54065
1707783105 19 89054
5550 6 317
49460097 23 13496
5661123 51 87801
121151 36 1671
660407763 24 38221
75309079 83 69238
892698322 43 62143
20128597 27 69955
285207169 74 89037
2804757218 30 85778
647502068 98 47238
14531006 18 58144
13059 33 14230
3398918527 63 96090
73997337 85 48720
1726020793 1 89276
6642921 35 4270
292909724 80 29588
62891214 40 45254
2398548593 33 71404
137148188 39 33726
209683773 13 23116
1339617033 22 56256
10097190 58 11579
371148458 83 64513
598920 29 1415
77957397 25 56502
30947623 33 12987
50667933 39 47983
59763 69 3620
2212998134 35 87508
150018450 92 25597
85424209 39 33719
88050279 38 39213
39686050 38 99306
73317 50 37130
167809886 72 50148
2231435133 10 91122
150613131 27 21234
2504974574 9 97989
31901 66 16468
15121520 38 19774
2422977991 10 93023
898734641 100 73044
3296491 63 6765
2666517423 70 83287
2166387482 11 96056
7631469 66 7602
2641608010 70 89461
21093588 92 49430
22569626 88 8847
532682899 28 59383
142554793 67 85439
6906381 20 39554
16769360 39 5897
28656282 67 61749
628017831 1 45294
24374244 54 9655
45967975 98 24842
322559 91 814
38348417 46 88108
670177716 17 66266
9123303 24 10228
166235344 49 23682
24213362 91 83779
413188646 2 57503
234790899 73 49058
625664422 62 44217
264072 18 78041
3209592 85 12941
340793500 35 87485
235433365 7 35945
98305893 43 35913
862757351 82 49347
173577730 83 84522
6812834 79 10634
946487 48 1567
54806488 3 83673
8448317 3 63237
70738435 66 20019
330106211 59 29277
1394120835 60 77861
418251263 3 77938
623570904 36 73783
2983987987 86 83418
18349965 36 30640
6439426 12 6705
967558028 82 53704
26619320 21 23971
54717769 9 16113
971262048 12 61233
750601820 98 66952
21747183 13 16490
383671320 94 33745
71754372 80 33315
239881914 99 56109
603778726 28 48698
246495680 16 84120
218659036 60 34728
2488854232 19 96134
59643304 33 32202
748784327 36 90042
149951597 3 48262
583889511 68 88579
157076728 34 69492
11560518 23 5653
439339641 37 69203
28286087 22 82231
9036232 91 48258
2945337 17 92125
101606541 86 27952
1988768386 57 75052
3195134 81 16444
15140084 64 9882
9698917 90 15172
15551697 56 25667
2243409259 27 82271
315507193 7 26371
482762560 49 45690
9024994 14 16538
17391844 71 7153
24536 69 640
310749153 91 36628
3995 59 3328
349059623 64 40356
33180 21 32439
79577887 86 19250
1067664352 78 89268
4166114885 95 91896
2550677916 67 93338
2573872539 90 81532
20669833 96 6673
204496999 63 25520
597628289 67 96672
896187556 48 63863
120110902 58 36535
342709 44 13304
58933533 91 93459
14582992 64 82978
81171935 37 21495
82196427 89 48861
1423628480 53 56350
134806188 45 57505
1352113 27 2172
3676605 82 13879
2551116728 83 96445
1177490743 51 81135
1708747324 90 63638
2296588255 27 94857
8851 88 3904
2344823615 19 96593
33874357 28 18750
10403833 89 46389
694676786 57 47736
39156 63 3722
189932922 73 90207
4041169 77 6237
16261881 57 6021
44247975 71 9707
278431 53 5414
474775718 2 62565
224992423 33 25716
116384807 90 27651
42884 56 388
2458581793 25 83514
730389427 23 93756
1050941861 16 65161
4370948 28 15099
803579868 10 88524
1017185667 60 48660
136037170 38 24833
277814 22 10547
532840987 65 95076
801234137 96 81176
369439161 74 61560
215467 56 1253
550954062 46 45851
22474952 87 20779
25894708 96 80862
256114924 5 82081
266563 73 1011
106896606 53 90600
1953941 86 51137
22214014 90 14489
303365122 73 85444
15389077 77 7234
464241390 76 68610
1254372880 33 57179
135870952 70 22163
2752106038 40 93343
543919986 37 85811
1248469077 70 67331
5891601 82 24808
94658803 29 70135
1020773971 51 84670
44923 75 4964
62069456 64 17138
337917633 84 69901
6524477 39 7405
2374783362 76 82630
30361739 30 69712
161415878 60 22724
1 74 90
25006832 45 12560
736839979 95 63853
186306906 6 99760
566505917 26 40789
623159340 94 64123
23208528 44 7661
44470888 27 76706
1463136501 47 65174
1293481614 41 58795
546152820 39 63944
234285756 76 35544
1736924756 87 82227
379681762 90 74958
104512250 97 18993
967418 40 21760
2482115 45 9534
62518 34 6416
838982749 19 41600
11561279 12 4850
1532911958 42 59865
6753398 6 10781
62807969 100 67815
227980223 74 66090
1482925021 67 58079
19100615 6 11600
42196013 6 74192
377273 58 9740
1143523453 83 90881
809915346 53 77281
78687773 95 84011
145122314 44 32791
32969949 29 27437
100833248 41 14738
6870551 32 6584
42853729 77 9718
104601454 58 29078
535550242 77 96118
3162619 49 34184
20825808 73 10145
28906755 45 14049
797712382 41 82955
930384005 4 82102
45671598 65 81466
1184564978 52 56276
214672327 84 77112
350651495 45 88860
147390898 30 86727
1103580213 17 47652
557079064 83 33519
479734740 17 73651
496326299 98 49168
346638889 1 55823
197006950 51 22836
571984284 1 48010
32501492 27 88702
933186647 46 66876
74212235 28 35549
765063791 1 82400
95608454 41 18653
682726562 76 85101
6841876 50 89787
9406619 57 59789
122479263 1 21984
1931809734 16 94704
7493484 20 4467
93062224 97 85477
23728546 48 20378
138997986 73 80272
243027340 95 32889
44261400 39 59287
2000358830 65 63795
2082422 57 47796
1252221 24 6896
148353051 36 86586
1041354070 94 89168
28198009 38 16175
961196900 58 72798
388942327 53 72721
160986698 56 44499
54585 82 56316
202551466 37 40571
1050212 35 42941
166105 68 21862
2307748116 15 71469
2415 16 8399
396174535 7 34615
133465102 30 97525
1109412992 16 67868
116504378 41 16115
6966888 43 11822
88355 75 563
4020030 73 3972
59904480 6 22008
167748296 40 54240
46978165 92 81791
217739812 64 57372
2921559 42 20400
651959 78 82205
423947119 76 51153
2370761 58 93195
113985124 10 40510
21930935 82 94640
277670 74 1018
325192117 15 32041
812155341 93 84255
249871615 44 39415
1347503547 63 95005
118380356 50 15929
26524996 49 98207
1508691155 75 75021
140035348 57 54038
28024530 44 11792
442567 46 43313
55282130 7 77094
360253 53 1014
197306208 76 22776
585143552 20 52230
7284436 1 15393
4783329208 37 99136
16650814 98 5697
1782842981 4 69067
778200053 100 72744
647335587 79 81917
1260162488 20 67478
11146179 18 61921
1311904073 12 58413
107161964 98 24216
547383654 80 62718
427656086 40 36057
2277 6 16116
306710280 72 69452
81816563 38 41626
32026008 73 11914
2660067 73 5804
3503989107 64 95017
202048880 74 40730
1646559734 5 72530
7250661 85 95282
378239890 35 29515
794813803 68 57329
12568212 49 85701
30413918 57 90812
83218866 35 62929
7415049 47 28544
8550535 76 77266
794501317 83 53015
219285700 62 64855
239614429 48 62624
65804245 11 29827
891595068 48 87382
93806952 87 25666
1211943883 72 54787
165129 70 19011
2505587610 95 81809
7874183 75 10113
3365472 31 43010
185615825 19 76110
17763907 28 40094
215565908 77 41231
724692298 68 74894
3377648348 74 92308
125982491 3 32966
75278078 47 45035
1810148124 70 72223
2602456785 8 79575
36120787 9 17900
26716676 100 19574
61336483 84 72203
387946217 9 81612
347204 55 44310
2182975 86 2759
76939346 32 86989
540225 13 71072
41846122 34 11636
24076071 58 81566
2259092 73 11687
506977554 4 49627
139530127 25 19088
543857626 15 37211
104615561 55 33122
284625625 91 27610
206815429 82 52518
2508095115 6 97427
17342686 72 6341
950983991 24 83150
1 73 1823
520322169 21 95612
1903427773 88 69063
17114697 23 47659
6718106 52 4027
138612827 91 69566
4108263 41 60974
1601256963 68 92423
1970007919 24 79136
4049560557 58 90582
1689270691 83 98079
17244736 85 72135
1845366781 53 97660
116730347 65 86775
52615148 6 29612
443817036 74 89481
3763877 51 3364
1080707508 8 73645
584683486 77 39346
5486648 92 12276
201019630 73 68656
179742046 63 48333
40483246 31 16836
398302667 96 54684
1007847926 47 52025
732415 48 11526
120593539 10 18812
186441 16 1342
685031876 60 72112
2746500852 20 91942
792343132 1 98636
69871943 98 48246
41933488 54 13755
1260302407 50 99581
40443597 70 54928
1731841034 98 75435
1164207 61 5965
1547593665 80 99625
11963687 49 38722
76846539 55 18282
836878216 35 57973
2092548117 64 70755
111995383 74 21831
11845535 56 6316
80465125 62 50118
1659310824 29 96762
1137456118 91 73030
48954385 50 19565
307537555 14 38537
227325852 76 34804
329794142 38 83087
3672051616 27 99273
17470664 91 6567
339085720 74 32769
40670215 47 28201
241274646 71 56281
530881586 20 35665
380028700 30 32125
701665483 24 65332
34865470 24 43542
61124739 21 25752
359392641 72 30882
964144725 9 47044
6451385 10 10774
3466613 18 45880
475265754 48 80138
420251909 14 66836
2839367874 32 93002
9660559 15 10405
210690332 11 22845
205503161 37 39002
167383894 69 22113
970961135 30 71336
212480489 95 47170
2555188051 55 87385
654723488 26 89199
109567968 17 20515
448316322 43 63981
25319108 2 42043
1485297950 87 70787
230364936 64 93424
760638586 13 81741
325803892 16 26097
111797006 17 47677
364495651 41 39818
251145744 1 98681
1261794431 85 57636
231468351 55 92566
88761645 7 72927
5470425 46 69683
1148241 48 41047
436339272 36 30276
2845030 43 2918
12400890 54 61852
93902046 15 51233
812674294 20 52382
2760984939 34 98518
93941547 97 94832
6195323 10 7358
183291429 49 39489
30755160 78 97804
458916 27 7627
159375810 40 72826
64862512 78 27073
1613410350 97 60641
11010016 90 9301
165339312 21 19535
142956021 2 27125
11531580 91 21310
4795909 44 39553
97180550 60 23426
657475 68 9840
102390730 52 20821
62833233 52 36654
3938630 70 22164
50784059 43 17673
464628951 12 66711
1566037962 52 59115
152889658 49 54960
389688195 93 58387
1289980952 98 64832
260243850 63 23935
161979158 81 60494
7611534 30 14540
110324182 15 67416
316846 31 5004
516525246 44 70485
17582785 75 9442
2822994486 47 76648
232929001 8 36206
58886919 54 11789
561391264 55 44077
96249158 91 63928
43541261 68 36357
1826522295 53 83769
1058546627 93 45968
752190 74 1419
606822260 15 41402
4289418 4 11744
568755422 60 47862
25800878 85 18998
3840288078 64 92884
67731313 46 39649
916871195 73 47727
879482468 32 55406
141894 58 460
26112373 29 76679
264534835 37 61805
16086753 77 58061
1204240396 92 55619
2177746 22 8195
295509475 41 48181
2761286 60 18735
1067980095 91 75794
369074159 62 51059
77103867 97 30987
2244834105 51 66963
105893439 7 45958
192522807 41 36823
7194170 46 6589
259723820 100 90842
196045680 89 21714
2414190954 67 98720
2125867266 100 77484
11019527 46 37909
74609 77 20092
1013759289 1 49492
673494459 62 80656
25790637 33 15265
293331909 16 57755
51374148 27 62701
155951396 91 20109
26272335 83 37192
224670729 66 46863
334673437 32 58529
1318694858 22 81987
1844410463 93 75792
81774 62 11749
12532613 5 25471
1177496 66 3059
40387381 69 30231
4228347 86 19878
959181379 99 84550
20244356 10 16832
19440033 34 9341
2727652045 71 84492
22779773 87 46121
1081603003 26 77626
193653850 19 24041
345938402 63 42729
179179 78 30089
297728599 45 96482
471729 79 7498
2256572388 53 71204
118846290 57 38219
806019696 53 73098
680938624 59 42514
35963141 69 78958
8798229 12 13161
2320953136 42 94194
235849853 75 54517
96414227 11 56720
99750844 43 62558
48061638 94 19744
1249296 18 14720
9646756 43 5884
1799193151 76 75331
1003251049 12 89782
236318918 100 22919
262466218 71 24621
1132208092 24 64681
10220797 10 11631
1034140317 64 51715
3367931 46 5014
1166893758 28 50067
54630894 92 38367
3197019 54 60418
20312 6 575
1884869609 12 78468
2826905759 61 89595
5966036 96 18771
115259297 93 22413
31759 56 39839
454209 9 25251
20719856 40 16247
1221419750 84 82832
5015245 90 85122
227312634 41 22232
178464651 78 20974
734076095 18 47328
339589989 12 41000
557205278 97 74533
48519 21 33921
6966546 15 5629
147718327 46 19094
1048401510 54 70144
57144670 99 18054
593820787 97 61903
211814 2 16828
859472698 87 99863
474253167 66 76872
159040080 73 42467
938904600 76 57055
915829658 58 76898
2227115279 75 96272
1 97 1367
1916808660 55 89453
153299428 37 46920
31703125 47 52475
2308723 95 20685
164378310 90 71864
1655116459 67 85068
67893422 1 17576
55992732 72 18138
1007253877 12 85245
861912802 85 55554
261955878 75 43234
1643728650 44 62455
70141423 64 18026
1196107 29 7450
1670569005 30 81873
29409089 67 18187
126407914 38 94794
39411364 72 23214
1897955 52 8101
1535443772 83 65724
2401515633 77 82062
979187597 24 95963
53308473 70 49001
320831570 75 41673
17576281 67 19669
1568778268 59 87508
1131739259 5 68927
9155690 60 43032
180376591 85 21591
197534517 86 64800
276784894 66 34389
71262223 99 76833
34708920 69 23730
487252631 35 67458
317685778 67 65664
1456170873 32 77493
29705022 91 15907
7147618 37 27217
1579156735 45 89216
2068649698 88 64696
1512757696 80 84447
2670111 2 52120
1896660909 72 71102
236511546 93 22601
1186574998 32 75537
52533613 12 21037
1433901527 36 60433
325970293 54 49175
745177633 50 56098
1679597772 55 77806
60496965 98 31271
1021393 48 3449
634455662 27 39376
17863588 98 31540
308840426 81 69850
20432306 25 45468
92967202 82 39180
428339273 71 45817
1225358061 82 63644
944973353 58 46059
146463808 92 37891
4561976 41 26810
438573895 7 94937
170697 12 32878
2351575710 51 69960
908407380 65 47554
38545782 76 78794
75259763 34 25460
2491189438 82 72452
2277295514 61 70283
282539425 41 84800
315720582 74 32882
964088 27 11599
50171868 92 37947
378671 73 34358
1545183210 61 61138
514637003 22 69345
2830194 37 99647
375624261 76 56639
122816605 79 43753
143731 70 25946
53544951 32 15619
201712842 28 46109
986031009 15 54523
1913629828 24 88275
936125283 53 61856
890993853 93 88979
90713621 86 55363
56100382 68 36913
39449708 75 8966
1219363104 52 98089
111038781 100 17348
68966089 47 26439
939136425 7 72804
772521848 47 63720
14802 33 1605
1956830894 40 64612
430061 39 934
602674613 58 82969
5549370 31 89653
22179247 19 40209
716037533 94 71195
35099338 40 67695
19101860 95 16548
734641329 65 76768
3550865 32 5490
71208274 53 98809
8525423 3 28655
4873916 16 24428
538357331 26 70592
1105688534 31 60128
1282861823 9 76873
113047414 7 20190
3611126 50 6238
2444068700 39 81553
59845367 84 26210
14961471 86 10345
2273929392 5 78432
153425600 90 66557
703989194 6 76074
510532170 6 41019
170422468 57 32251
31552950 37 21080
361908771 78 67259
2216462046 59 80633
114915475 59 15949
213259137 27 76744
305976420 52 83168
555326 40 1074
1487397694 41 78229
1823318878 13 78149
57880989 60 23938
1589346062 47 87549
8432757 79 14532
43737836 48 16741
179735893 74 36345
25837181 79 40529
5526489 38 37156
1915033705 65 74731
286102320 18 52015
19552 91 95339
177401717 35 71963
113965643 45 15158
1825531998 67 90887
6461173 30 96646
286061 12 65853
120613430 74 46516
2864749 12 59833
1228430071 32 54250
980153188 14 83559
195001792 12 64945
339385693 89 51226
640823664 10 83145
603833735 99 69206
1184933334 54 89789
1342013 73 6693
136202694 65 42524
543867604 83 57646
129286737 3 65091
1801451406 33 69481
523462 50 47150
6201288 39 11674
290101113 24 39306
528133258 66 74027
51503250 78 16534
91853105 72 40762
227685378 17 28662
61877357 18 96392
91767224 3 87490
149115032 92 22129
9910891 50 4369
556657616 82 55302
2010740027 95 95355
9681130 84 15639
1299972950 37 90921
1000407367 15 63642
5396193 58 6774
519838896 85 68265
978691865 62 81107
808894468 5 58895
128163 7 93505
43156154 11 56626
125515227 98 74276
34858 95 224
2545654555 87 99696
576106099 38 99905
178490129 29 26579
2356090093 57 85376
2336059966 58 79340
4778458 27 7343
72738 2 904
39772593 40 9139
7008035 40 27161
22207184 96 24859
6594741 15 40377
298120 11 9357
619857050 22 74741
715523 27 30056
119519530 23 27115
53599928 30 31992
182010074 33 44235
1608211107 86 85590
39930066 89 13199
786278 18 1575
18866942 48 7374
771198657 46 46716
16402194 18 99875
1999369 47 9358
393340540 33 37450
812552 86 13926
207889009 19 26516
556684699 75 42394
136991395 66 30777
15202331 58 29207
7364668 66 92892
131956093 50 26829
1 59 36579
948071 52 4711
201683366 64 52947
1921732631 50 94399
155811656 31 84784
908702934 57 58038
79088280 98 14541
2700270532 47 74172
7200238 31 4401
895503267 21 76743
18381515 11 37411
3403681229 4 90070
41789025 48 18629
747261069 100 73793
294931878 1 94249
709429326 22 59780
112112337 89 20776
6462562 76 9530
479333897 29 95162
15896 29 27432
503145252 1 46738
544511269 31 51138
13351441 7 9791
762579461 43 77902
1823340663 75 83572
34481562 75 39565
930282480 10 43133
52331887 27 91254
3082156 82 92590
1187424476 95 58818
5232743 3 4926
102776928 45 50051
138070427 1 36270
5442161 72 25747
467981891 61 45814
390648 53 10203
673512739 92 97564
238176236 85 76222
1020537416 34 80038
743831000 13 69456
773946866 48 98077
217543769 19 49744
141443 15 9519
260740 68 31477
1007829374 26 47558
1058219732 88 91621
358622117 98 55989
52973095 21 19744
1394252982 37 91619
885204415 26 62634
22938318 10 10302
63714951 7 55563
6683643 45 5428
2076567959 46 70578
1920886139 97 91689
999895935 27 54756
51326713 47 39648
1691117014 60 67144
463147837 62 66729
458933948 81 43655
1955462 93 10794
145458913 39 46259
3371477190 71 84114
255882434 89 51918
2017404204 54 68261
44138741 40 28436
1936256016 73 75124
51694335 13 38700
294690589 65 28279
24945627 77 54423
1199759087 68 57378
826836726 50 81955
151964786 24 41089
68427716 28 57395
19962089 6 10038
52631425 46 62406
820924795 11 46067
508228032 79 88013
2616565 15 10648
82094343 14 47505
322604674 28 43368
477661923 54 98287
69440 68 925
2564822517 75 72896
508625222 93 41417
1368070705 71 56357
366072954 58 57920
507452249 71 53683
1450667832 7 96276
608806800 43 76901
42216112 14 80215
784748832 94 42795
9281379 83 5393
475603064 25 92589
75056234 27 88976
1716940535 35 87393
3411952071 74 93414
461602848 4 48680
1288569088 50 88484
2920995436 3 92264
777629311 67 87933
105673958 22 20158
154206278 20 69905
26459720 17 10891
276747580 75 30299
226399029 34 70380
2275928 68 97168
18818648 68 17664
223585944 98 37893
992833892 15 62328
45964349 71 11375
1419471771 73 60889
6018269 83 61320
249935373 25 44879
25487676 55 8663
102700279 43 15396
151639100 21 84181
307457553 65 27145
366871 1 13454
132787 58 2593
631943652 17 99437
1536419642 2 80988
2260456927 56 68956
1270113 58 20818
212574381 6 39750
84210902 7 52050
334657909 93 60040
4548091 97 58043
1450281074 72 65863
1255783126 33 97321
94049 21 1895
647364379 61 72956
94024045 26 84887
1530531190 99 57144
437182332 86 39476
15117281 24 50478
596327583 85 72905
654964959 50 61384
1062813240 60 46710
339510 70 2674
163619435 39 52830
306845793 30 37965
140910519 87 20771
8105379 91 65304
1704227674 76 59173
5258602 41 4867
38170073 63 10290
269661399 19 76025
542230254 33 34055
3237880872 90 96514
22123610 36 20432
746906007 28 77525
27016577 62 74877
2470011806 30 89008
9966977 79 74318
15723334 32 8249
4405587 34 3021
1094791472 68 64244
811146136 75 57446
815661986 87 46144
33720444 34 58149
441085933 9 61647
2602177369 59 96734
388501319 66 57922
3263557038 28 93429
389426 15 53762
1114367066 63 86221
169744171 96 27258
2506310142 66 96584
9131159 44 56205
461447069 96 40431
1762744674 43 75119
134475961 20 24348
139899792 38 47617
56126118 65 12192
865749148 84 98750
2912910114 38 92351
166819621 93 55558
1493177924 32 88571
2376837 22 24531
20791937 2 12988
246913534 79 72713
78039640 43 14757
168789444 84 34644
236199319 31 72298
41718967 52 64560
2049481951 75 92787
117388800 82 52046
1311186689 19 89243
168950947 63 32982
1254907272 27 62646
296930401 46 30828
337115713 43 87646
432140 45 70554
978901441 14 55860
109853265 17 66290
73553084 13 24955
455773959 87 90781
42298506 83 57312
3417516410 12 98325
817070734 19 70641
9787830 39 31195
329206488 29 99559
44082305 62 10139
1197005848 85 70359
3026730 58 42180
29900502 13 14305
18564927 10 35198
1248677884 77 96719
1713589241 92 61468
1229729 76 1567
27736766 98 63251
139204650 43 76701
125552587 1 34053
1437812768 74 72909
1732206985 60 91563
973839700 28 59129
2931708 37 28526
170135923 26 72811
10292947 38 79397
1100309707 14 72072
1497988022 96 59477
250552242 68 81846
1854370821 76 61224
175565404 55 81245
2302525837 17 81734
865883914 25 76191
734455645 80 77323
35732114 76 74553
1952903563 31 89422
101485587 38 67435
2052899 72 2859
84036527 19 48255
10859704 19 26320
871201327 52 83453
53520956 32 32402
979172108 75 74565
1008021212 7 86839
8670601 20 27565
111810988 36 36314
4909067538 86 99057
42355165 3 16798
186516236 88 89086
1463240149 44 70340
4427936 31 9273
1864666382 57 76012
148577252 59 34336
925736743 67 46759
149461335 24 23524
234091178 50 32876
23448107 61 85981
7167821 8 12842
219417816 42 45848
817167166 38 50605
1820893800 79 64709
71076683 68 23785
1195308990 19 58934
150869914 51 80802
2538802552 61 72271
673472880 62 39867
1198557 99 18763
6589588 43 68447
83729587 81 35685
673988784 76 43724
21029199 64 24756
2525524371 47 78320
43913105 18 19186
35338661 53 14815
348379801 1 52082
447528027 4 98243
373070918 36 47689
195032551 88 71377
1604737092 12 95358
2577831269 57 90755
8727487 78 11167
22377258 23 59882
364511 43 39755
643046 2 12081
1560883619 50 79881
205037596 63 40218
260992438 13 70431
58138092 1 25983
31431538 62 99562
1471180 58 4138
237361 42 1672
790895 9 4985
960849755 48 77460
1739853935 23 71593
856071723 1 54278
830920059 97 79346
128416833 18 45136
2938000750 35 98286
414654 17 1077
2044767707 15 85165
2648244587 17 88360
39207243 35 73137
22681403 72 70755
194979846 67 63454
47451230 27 51576
8028917 3 6611
275283012 19 76571
1990799240 28 86995
1208389780 77 79755
9642802 52 93812
172608399 81 31328
385187828 96 59827
2322816280 94 72427
672313 50 2343
212561793 17 35400
31437335 17 57349
3478878424 92 89979
81195336 78 84186
1618930 97 3721
106289780 23 80168
1 66 2934
10062485 18 8238
921228148 13 47375
193483276 27 42754
664135223 15 98486
17882374 12 94381
12904865 97 29214
107649758 56 85422
215775658 63 46566
321700042 25 35907
77930 49 10629
424233842 8 41744
158247743 54 41893
3821065938 83 91968
925249989 100 59707
125835214 15 41259
234414666 2 42524
12222988 83 21872
357245141 29 27713
508716262 17 73685
664736411 3 44230
2275682 31 39614
2153923154 44 82215
418146202 97 74453
33770705 73 8783
237092680 56 26369
2647847739 76 99302
1809467992 15 66602
1756724003 41 68200
106848944 84 58574
2594458132 8 76121
252248450 54 61777
1436556775 39 53889
5393309 46 4797
64 10 12154
933585911 14 45564
40612106 83 33592
53865423 71 35629
411388575 60 67283
880659782 80 41971
6721575 90 54394
1196051953 51 74698
146430800 18 67053
777242 89 3108
2964274228 33 89992
1618805153 92 76992
109950871 87 98418
7677358 84 4045
47084890 47 24525
141334808 78 38733
418779739 40 41936
27240378 59 14983
1166460715 25 75378
244925666 91 68933
2945995089 94 89766
9448275 4 60756
1392555105 63 94530
19727 94 5608
242270272 42 60926
911655904 19 45419
18771684 12 7491
740420044 7 56337
523188790 4 38581
3445424 30 49143
223946932 51 23364
120920 29 3289
1409081063 60 94030
4269192 25 7463
1596449651 21 95536
9890668 73 27734
229876466 29 80955
169193394 63 20901
40313328 97 87107
457496376 26 30245
3507651685 5 91062
32715 18 24808
3065066542 61 78804
116317197 18 21895
1279058 65 14883
173596403 95 26620
174070252 64 31319
594420406 82 61061
124654572 22 86565
1334146290 48 65897
11899805 71 8411
115504980 2 49373
917591650 40 54154
1902778 52 65824
1151086 10 10461
1570623625 29 72844
240145073 52 41280
252097145 42 36780
2428055492 78 71063
35193766 42 40593
1378557269 53 61619
390806728 8 93906
269031543 44 58379
59136636 2 45204
884003723 1 57482
4182069027 42 93311
238177 12 984
103492164 41 35929
4639180 88 31097
163193731 100 28030
252311 46 3268
1801421 12 13147
1226923684 30 72721
2349962327 19 95985
607356997 11 78127
132856919 8 68617
44593128 4 34322
3606602 19 31713
570708452 10 98886
102 95 567
11493944 61 32319
2496326172 73 89481
983536179 7 86768
135460653 54 42960
326739374 17 28877
591015521 91 63544
8030048 96 5121
3745694381 44 97103
272054473 10 46683
51871688 86 79579
46192103 72 93486
11545314 47 97567
153047365 66 38635
30973018 27 15957
157346547 29 68514
1814582075 13 83374
1994691 8 97671
156254612 99 31428
253441 51 773
65178737 95 14671
3033820335 39 84941
1085489335 92 89812
50386359 100 45279
17047 19 926
42883183 16 31307
997114727 97 87171
2264972655 60 78390
50847376 10 50238
47404869 8 15581
1971001 42 13566
187825275 90 65769
1273593637 89 65723
1865532 2 13849
99170 61 13705
459663213 84 39580
51324848 67 11034
225907233 52 43977
12032646 56 68114
2177532714 25 94443
257475 48 5754
8364197 72 12555
14215177 89 6252
1969986344 72 98747
1224240219 52 58529
235247986 29 75766
600046396 12 64943
18207244 25 17986
90544 11 7097
18483254 43 40433
81747548 43 74853
692939591 47 50605
826283849 16 51093
59687282 5 20971
133539105 3 35544
379294438 32 96974
273819607 63 34604
3193482 88 4078
269410839 83 79282
64848473 6 92660
288535683 61 43114
419259521 49 55629
230864686 64 97488
348726021 12 48298
4111849667 75 94892
1548 72 925
60061079 93 38254
456528775 78 82649
116267029 86 25701
260219 2 1890
90047023 68 88853
26058236 56 16504
1759148076 22 70524
2072205877 15 67176
1024228392 56 87067
1785840357 27 99834
12122250 92 32613
162555682 12 83729
467864332 87 76289
262710986 80 57629
8058701 56 17394
467683057 63 30822
466993927 83 36866
1223429 76 11138
759665277 4 51104
822921899 59 54209
8771693 1 55735
4678630406 2 98604
39763841 67 17757
38689928 59 48572
791594258 91 49417
1278905395 44 53565
18481819 46 36266
2835278127 25 83289
209096 18 14141
17089216 2 93092
803417 75 81141
2696288807 91 88938
6615010 27 8967
745207108 5 45463
1341197 97 40159
2122789455 91 67363
154348954 59 27369
2691469256 66 79922
139512849 51 33436
308153585 22 48702
250501978 36 34098
555571 1 8376
501847185 23 85031
27545444 79 53160
312868909 40 25385
105946599 52 15036
12184117 37 64173
1135523540 29 87786
3280962866 15 83868
1549770 72 15556
469494920 38 79846
14263369 18 11322
64687253 82 21470
1837462876 35 93890
64000207 63 19370
254859892 8 29152
196882556 33 61711
409311201 56 42096
543433839 88 41681
76623 37 820
2920785359 87 87036
14146877 76 42158
810514209 99 44750
296405506 35 36807
5627416 59 40581
1 52 1466
328669103 76 52682
1172707880 49 68175
11452075 88 23994
948829218 98 71892
231704117 93 30834
25108991 79 50181
109810 49 3938
82509356 17 56580
1220079 34 4953
135012046 64 90277
1028583774 24 84517
1001835740 73 61669
2767565341 74 74553
176023469 34 50119
144304802 82 24388
20009236 97 97719
723670245 85 61893
265992320 82 39752
325365363 82 36455
569233161 53 83464
161116641 19 34373
8706813 39 18741
21576784 45 19030
701480105 31 80050
1563030778 83 96532
37371069 54 14816
1500495173 32 93894
3590109820 68 86173
130356790 97 74736
818888514 49 51267
2185317850 29 69080
69650026 35 19881
1850564122 8 74753
67815 90 2636
68336656 98 57353
385333584 14 71976
124250507 15 32082
183248706 26 29144
885592977 45 42012
162944236 61 89718
207343286 89 42157
106170519 90 26291
54309559 15 34015
1469751 38 96730
47998559 1 66285
9705204 14 22809
181093987 86 88986
4055190 88 39936
117407150 24 16024
612390763 67 71845
21571153 23 11171
201898794 29 62833
257421108 57 33112
218964 12 2165
72232427 49 16139
1145295596 55 69250
32406180 60 14150
637250253 73 67005
462384037 68 74874
27993639 60 11283
8187032 60 17962
1193867 8 2175
307820349 4 25419
530636975 58 42534
1163069713 43 48540
1044024786 24 72748
1465355128 43 56884
267006779 100 31624
1058279800 16 54264
31840 85 584
3037050577 91 82651
131117093 36 61914
2184612523 93 81597
1719426427 22 96810
60189811 63 18431
708772716 82 46512
15892 26 12119
16276369 28 24904
1632563667 100 78545
144187 12 918
1093664239 23 60339
14782738 60 12880
12176962 51 31714
201050153 49 21647
657808 57 1078
298158561 67 83442
611322496 95 53626
12549446 43 45318
1011654877 33 66161
209078293 93 36180
114615 80 13232
147405283 6 92887
306410650 39 90004
143604751 62 25257
265659778 11 70400
2317471229 20 78911
3567012043 27 87800
15352216 19 35746
403896100 18 57683
2513406 49 5198
272583536 28 68419
45707960 47 11386
32644433 99 23966
283830137 15 66662
304312849 25 53950
26109079 37 18008
1908583567 48 81778
26809278 48 19390
28598037 33 68383
431477475 99 35903
593013532 90 87377
1778306761 84 61760
7677769 33 5471
1011520570 6 75537
296054354 86 47484
522723931 29 74526
28556033 17 38533
918644 70 7739
1554934157 68 85281
7546817 32 4456
14769661 73 19006
12676973 44 23075
1621756296 33 65496
3982388 84 32085
9244325 74 49260
560066003 40 41756
1352429216 20 83145
25825857 89 7837
291907884 68 59145
19454956 15 10046
458845677 72 42595
184345451 73 92433
21934485 56 23816
138286568 12 25767
56253496 5 46130
202434 79 2065
673277262 55 80485
961060521 1 62774
418868440 7 51189
8060142 9 81309
11147497 85 10224
38521885 40 11186
124028843 23 18862
2717505613 58 91972
19043388 6 37099
42760097 3 13861
131792738 30 93122
2790986 58 26193
19273067 24 7424
18138218 2 14003
1604116293 45 77516
2156765801 95 70072
58727787 18 13647
493205849 72 97655
163727304 52 36323
859905182 25 41559
773893149 88 49638
105265218 71 20778
765027330 21 51896
489820289 57 78079
4581302132 62 98005
24208860 100 31333
11889456 100 7507
114459292 82 77679
387849203 45 77737
58908593 57 12198
20532989 65 19950
187844368 42 25950
16827305 18 90812
2832633 48 34958
47813417 24 17945
194046050 47 35030
706263838 6 46738
692965434 95 75229
155904822 91 53765
15574922 69 27010
163738968 18 18519
27171769 17 29481
1384691421 32 64444
1014110693 29 75754
1976996055 63 75034
195987849 40 39597
262929125 78 30631
372841061 38 36249
199826569 77 68009
42818 48 350
469612895 91 56769
219527015 83 37153
158062104 66 94621
2716989 62 71908
2459608138 18 72161
80410869 63 19761
622544615 86 93656
286539884 26 25361
1846037 4 60146
225365857 80 95828
386697935 96 49673
29935811 18 24375
373069446 28 58903
5339202 54 29893
19220545 77 8904
19715060 19 6500
2438802 84 46150
1494532 20 93622
8354569 74 95541
24902694 48 20034
45012834 97 31906
34066737 45 59174
2997265880 83 91294
94799833 70 84039
101533879 75 59433
1246115 76 6579
12743442 4 18053
1972439271 30 77511
306682926 5 32204
862445044 29 60617
8471972 84 12600
64498849 16 69305
10810781 10 38217
444607286 33 56618
2579928 75 2603
826305953 17 51393
353078821 65 67688
793602706 23 61870
956122431 23 77175
1378685183 65 99660
777895596 44 68725
2926058 76 4973
30356164 14 9444
311124947 39 92366
1559489199 38 67153
13534375 33 13366
1419092531 81 74304
274380628 66 26695
13071640 68 12256
17543712 63 28120
7774752 52 22260
455879 10 5246
206419000 41 71401
68290640 44 25849
700688243 89 79424
541333807 35 67222
48787722 87 24935
76809281 33 16073
88505217 95 31347
1295544140 50 78300
103128271 37 26739
4989062 49 5159
3073319 100 11944
532201070 12 42685
2472468665 44 77280
640497 40 4187
1031393673 24 77920
1046376068 79 71168
593190 9 8951
1288392509 8 83319
5063662 88 9590
1967320247 13 72065
370443 69 21303
206214391 88 32276
18446937 57 73981
60678178 94 32162
681071950 44 81380
92609818 85 21481
75676034 49 32593
34563833 39 15288
2424815250 19 78799
92956700 94 20171
692718481 53 44194
6167284 55 39514
14496456 19 7375
645559218 90 62004
129964 27 895
302265261 23 34807
5917753 78 7530
1617476155 12 94778
2311765 71 8562
88646142 72 88683
232462 34 48678
1687295 31 16195
979744 2 25793
1518483164 13 63238
1167992217 10 51150
1405494251 88 79889
49233425 11 89513
572068305 41 88525
32786430 30 49295
547632734 61 35204
57203502 45 15707
256072756 49 27569
128741618 89 30363
6961315 42 16462
969451141 25 56583
4515483246 53 98874
157582269 33 39408
62185907 31 20012
524464978 6 39568
3095926194 96 96079
16565930 100 21950
5081593 6 16648
1720605920 46 71113
257570004 12 82549
12347577 20 31469
11945046 8 57446
773693352 84 43852
513768472 66 74974
439493005 17 30005
28848640 80 9581
493081267 83 34712
565041296 64 82833
333812234 43 51377
45908432 91 58891
3306575150 33 82220
2594270049 44 97504
15448541 49 16463
19341195 1 25659
34238497 58 83072
2803741306 86 79437
439759821 65 66652
741548618 17 92466
12732376 11 8378
592648951 56 42741
13956833 41 35910
317704684 66 29910
509883772 58 49998
83682852 51 41144
35259235 70 40027
3121035 93 9840
348132318 41 33900
560686628 87 67991
54119923 92 31348
194323619 98 68541
337836846 9 32321
186891116 5 38079
1168629752 13 52222
136350651 23 89750
434325179 43 79590
322393650 38 54275
54454276 41 12503
2413802451 90 87305
450549898 33 67896
211326437 40 75951
10061338 6 7113
3369307 66 25781
35263880 90 19799
815406407 53 43050
253450587 79 24070
119375789 4 81822
156711623 5 34612
28014978 78 41742
3124018507 50 94763
204759855 35 50208
6654073 95 24222
261870555 63 55584
1712640235 22 60247
569832002 82 76757
2310215967 81 80834
98220168 58 14425
142984629 54 24997
596137876 33 48548
927349 90 6001
4289937 96 43872
44818 17 11646
3826603389 33 92449
43393205 66 38108
778323028 70 54432
395353061 41 78580
93935360 51 77143
1951547643 56 79274
17105068 61 10309
14247391 43 25277
28848648 14 25625
1364394236 8 63791
37023308 23 18088
826638902 99 49053
3127679 66 8034
63302818 5 29778
1203613930 53 98738
41920329 32 77581
404039768 23 30667
81973150 14 59000
2292105225 52 94497
141976818 77 23648
628611579 97 77287
15637844 66 75311
14927521 92 51396
480539459 23 76974
893944269 20 58461
3470889087 9 90225
145577318 85 71926
566877185 57 98522
177074600 23 18827
1387002674 12 66788
18111042 90 9301
255700219 19 71475
294536435 95 31057
340438034 3 55622
305911746 76 50697
508646482 89 69025
232295512 41 70040
660913734 3 74736
54728860 27 21206
79869736 92 21894
232032137 50 23118
1678121265 31 79896
575909423 91 81670
513814 3 26695
2298139 53 30887
310801247 22 42611
1770400076 100 89426
463939701 47 73921
81789685 3 57428
137732737 33 28761
392639919 61 30199
29434953 53 46623
784882298 14 46974
105836647 5 50598
3072349176 61 95627
643241765 8 94938
583493162 38 57035
53219092 88 44816
46526784 82 81118
14992809 79 7065
34218017 2 11542
773201465 73 55950
3425794952 1 83785
949332697 32 88670
172118470 16 54826
173998120 35 35907
4219201352 64 94612
2062323412 49 74756
1456396065 45 65136
1666675465 36 72334
1036339486 78 47568
390968238 16 53052
2175794281 73 88995
73943990 83 18159
9449046 94 22891
2180853838 75 85524
4775590 70 75064
2818998751 10 83792
1866020860 67 79802
48171319 30 39691
923591093 39 65377
1619047970 53 84061
781980357 63 56886
50552306 80 15626
64524868 10 37741
591031864 72 77481
64506433 90 59364
2731299957 93 87415
21686037 61 21273
3036916 15 10140
371614234 67 97182
1533541 96 2641
34231221 86 43463
50597229 2 11079
674686982 49 84128
1139894201 2 75317
20998157 46 6560
2848502517 40 92207
17979263 72 8402
2578684957 100 73236
1515703 20 2113
1331071413 66 94425
3900135218 28 91275
131027921 8 79156
86785248 89 42402
96068892 34 43654
1433277477 40 69504
13120714 38 44278
15647840 13 54163
98754944 98 31802
57906280 86 14596
1902203 8 70453
25004532 23 20031
615798628 86 37003
69777844 91 40981
1576 15 469
215768148 37 45732
166528738 62 60233
5886352 69 35811
239124518 67 31899
1121704111 47 95595
462623761 64 43909
40063377 10 11088
14219160 35 6794
256695948 62 87267
9013940 19 15114
246392082 10 23968
342161254 37 44759
4392060 74 44495
70849714 23 81277
200954646 61 45277
1057214501 72 59646
1510899073 94 55847
391601647 29 63182
973192 57 81954
1488158756 83 61634
885785971 78 74013
160560432 16 74997
68186150 49 47343
410136750 38 73168
234118 33 626
1019418881 49 48740
513975312 1 67256
54598433 38 14275
30804134 26 20595
847888622 43 42886
10228161 93 45895
2809179746 75 91431
78700642 89 55688
66344434 16 14212
798014672 64 80158
64015 53 74226
131711909 96 76552
575555286 3 52101
241929 8 4108
1862076697 49 82526
2266174855 75 82855
867092503 32 60484
104941 15 851
6182706 52 8018
8902947 25 75714
3975548931 2 96639
573502249 23 72470
154538504 58 27131
320642169 6 77450
6936366 28 38556
292881208 74 89308
223102064 79 60028
1787001908 5 66224
437948154 17 31574
834308302 81 62640
4429540495 18 96510
230848756 69 61432
2584853 4 10405
563696280 21 33528
18079714 49 72812
9223607 11 16952
26552122 20 35964
1623917978 17 58611
23845019 95 29327
7634392 78 18429
2479368712 89 71597
551822687 76 44338
41194033 55 10749
2651696379 93 86692
1600359977 14 72351
696446574 95 37969
2387586 44 3014
2170776367 20 78549
903492088 3 50391
2945626491 27 76864
10174318 38 9005
3750158225 9 99193
1836859234 17 65213
2032316951 97 73383
439487335 92 84361
7646596 80 5053
469644723 16 50927
2294158902 14 72144
3329109 19 22458
48391039 12 12352
62370119 19 47906
6055685 11 69883
251122596 42 50231
29093179 70 77207
13030966 19 6059
1958018525 66 71409
163717302 41 41595
394078742 53 73914
184158230 16 58611
18763736 59 41488
805084 87 2164
366946570 53 95759
241289255 66 22549
301504033 8 44413
193133466 34 25709
970789831 51 79748
3118489 45 12923
262327628 61 38304
2773893 22 11385
153720 96 6356
2589404 52 21842
1969764552 12 92311
1724779 96 4081
171831685 90 68085
411216246 95 65315
145212192 28 24097
673216040 27 69080
281411486 67 61801
209156838 84 27252
201655936 21 82769
342350902 59 49382
298462909 3 33381
118832078 22 34034
1624155311 78 84167
14221468 28 28072
275678043 42 24044
148961597 46 26654
29880814 52 20687
893384834 1 74738
527856677 61 38654
897891807 46 62710
19350953 75 19692
20786 26 2041
206528761 12 49849
53426820 28 17381
379671218 23 74539
226453 85 3498
76949435 11 16240
393821502 11 76166
26253151 55 30608
56923 84 5609
22233 47 493
1076635317 40 54353
235273834 64 23763
73 53 311
149130 22 1919
234580176 14 63226
2020564672 11 69313
1912738547 72 77562
141815047 59 18991
227757497 11 25730
1072196313 76 53464
7305449 52 53529
1143230 51 42393
159706553 62 33132
55688790 40 30630
93702754 19 96420
15708665 100 27018
236162003 19 51730
211926279 58 29739
94399899 94 55441
204459691 75 22662
10305331 81 98390
229493865 29 46937
1139576414 22 60969
1202019645 37 59349
2314449 1 15404
804988422 6 83153
11219849 66 73706
671452406 85 98358
38035037 36 36200
163040130 5 65128
611460936 6 97380
61576032 58 23547
281201467 80 67444
127130382 32 77748
720571232 90 45155
143187171 50 42030
808339274 83 90893
1112984915 60 90526
520884111 44 54807
3341261 76 57937
112155696 86 45537
81626821 12 17042
942358658 11 78001
107055102 26 37707
373612211 23 85552
42293761 58 28994
2235567855 67 79991
936601545 72 63194
50183 67 234
374657389 63 29124
1168509895 48 58780
643990262 3 87361
204906596 43 33159
373939930 76 76470
303097185 16 74583
122671053 28 74111
426015136 80 77827
32916 3 9637
10851106 1 38725
118672960 48 33134
1679288381 25 60597
34236661 30 10624
1244588 16 2603
768226434 86 67780
351045732 73 34671
138179156 20 75747
355553686 55 34463
155139237 51 30211
52792515 94 25115
90238593 65 26811
503904 14 1276
4226935017 79 97387
230546 86 10255
608386603 21 80588
51412958 48 63239
1720648439 89 69498
2871376285 68 76888
3395239813 70 86599
14656214 26 48761
12920190 79 90540
1215289626 16 74754
391033412 87 29509
483920317 15 38381
16514232 89 44910
1136808752 24 87356
20925164 11 9640
204038 53 12563
1504614648 45 81085
2567224696 34 74836
21754216 35 93920
105389269 47 24815
16025873 97 66081
9417616 70 57904
81905214 23 14280
2871635105 30 87192
903255333 38 80970
3751127 19 3017
320761665 36 60454
689149514 63 61894
1624371038 23 66823
296613716 63 62787
40147633 93 12059
205653791 9 32965
8609224 44 6883
148516184 18 94946
200280270 65 95141
943318793 35 50009
445121770 5 91770
183822344 31 23028
754496628 64 98279
52543935 94 31713
400215763 54 83326
97432 47 19970
184953515 23 51229
220344601 52 31899
1170691 6 29279
383811 83 20200
100841178 70 34433
186413239 18 24701
2736634167 62 87405
913075169 81 65186
1898155 88 2314
12664282 34 7180
2940525 57 4460
23893501 8 59110
2540193 44 37552
68670422 39 78189
28230 3 1420
311254611 56 43788
1608782628 5 69851
9267698 14 48328
491316332 19 41441
2661144405 76 96610
21161434 80 8269
5211134 24 24692
633209269 49 93399
747129120 80 61342
167367 54 6593
1130857 50 2841
497178482 56 85322
6362686 97 77841
530825562 24 40778
1374358790 31 64175
9924849 93 10934
120088895 5 92442
370903051 23 45120
145187158 44 44426
699163693 71 41508
12727895 71 31409
1974930090 81 69953
726549552 54 43029
557178233 80 79634
46296414 51 11095
19951756 58 33572
414446 13 68785
403298841 55 95415
17191972 41 9051
152906620 97 29521
25453577 46 13696
45586784 65 25093
1148400752 17 79489
848768520 20 72910
2434164714 46 96238
186584907 81 52366
325638731 40 91010
19630568 61 8427
19198457 34 8277
674667057 49 51353
196079 57 841
449822661 37 93304
815123802 58 68818
554842930 59 37995
35457119 55 61484
353667532 88 62295
59490559 5 58721
1450902 66 6839
2403915 14 42501
31509203 83 16222
436019229 87 38593
807706470 3 46833
3009773554 63 79599
1474346151 62 66535
285742273 22 35336
567667453 56 45907
102656174 12 60656
1 85 26911
998767400 91 67303
224518846 52 29525
350047031 4 32735
263349893 46 96324
73774687 4 21957
29882847 2 87239
825014409 10 73752
4006899 35 17132
4996864 40 66607
164227148 32 44437
77014410 23 24736
459149049 10 92823
107110020 67 86229
170149868 13 72887
13246960 34 13358
345468501 38 67134
411368675 26 63820
39795560 27 50104
23218348 81 13016
112787386 25 94816
309487753 59 29978
233547798 26 97709
637295534 12 55274
23592098 78 26334
117397392 7 18967
83806315 34 19853
69835161 1 40478
9866702 24 67389
1677297273 58 65742
349474289 17 40819
3296832424 27 81130
1176401 37 50381
23012724 46 66268
1283882359 10 55282
187812487 20 32128
1576692481 37 85325
1650884252 2 93157
12941921 100 6388
164356447 81 94988
7657 1 879
329725266 53 78305
1923624731 82 96596
20147 68 6359
1651852445 10 73378
2314561025 93 80810
427552120 80 43577
24272044 22 16811
4771578 16 43340
1176749460 34 77316
22328220 16 23430
1706558514 89 61060
110303365 63 64877
46899899 86 43250
35062747 7 50218
1619114152 32 77409
3432507 28 90761
1259473844 5 61370
37585627 5 24328
1652367856 5 89517
358850343 62 41458
17828341 72 45038
674373685 50 40978
344546343 59 67799
3103382367 90 93338
138256267 76 18669
13851665 100 23822
1229601050 16 64434
897581938 74 95022
3487529229 61 86157
1087167099 70 91318
88115960 92 54221
679250 25 3509
834644289 28 48294
505786 73 13990
460753859 43 58416
86485688 96 13893
778262395 11 83460
1858371123 42 83962
365667 51 909
1209026100 26 59682
4089657697 27 93237
224464065 47 43042
1337769108 68 59789
1927560310 7 85784
413257526 54 43688
286315 14 51817
2290506 71 6619
2107875 49 18171
573482858 85 69091
4330412 49 15402
215704219 90 25861
1549980706 69 64677
164898259 85 63341
2022039322 20 96585
99262479 62 61689
1155176164 93 72654
141120078 67 64281
1835430949 31 79709
3829011 79 84381
274119 69 7330
559144303 62 87610
2831077816 94 99879
213512177 39 72795
405169824 3 35092
714632564 15 66908
424653 66 11503
246417281 71 95282
2563637732 3 75790
183558130 2 24801
4082152418 22 94369
1326952099 53 89459
129983239 16 45490
574779939 33 79116
147630551 91 18236
2267466 52 50446
84669 12 10810
26971445 62 19955
1772152788 98 83725
55855196 30 16880
215389871 57 86599
1824280 32 1876
91081089 61 45941
71413579 36 56310
777598185 11 77782
297890875 22 58976
703748658 95 69541
20913917 79 20721
451983 71 2545
583909 57 1584
3536991 48 7990
242060650 4 39043
21883012 78 13057
149173982 96 33474
83326648 25 31276
3849544 52 4065
1353062226 84 98546
19101403 23 24976
3397154225 55 85945
45393078 23 11451
199658221 14 64849
199183810 85 42278
368981194 94 29592
3024934 30 24887
3825600061 16 95637
8603923 12 30982
61877897 71 25946
469868684 72 43627
2844117646 45 94280
7864378 89 8145
246009689 61 38088
94367254 49 33336
6226236 60 11427
1360503712 79 62168
732592772 20 84766
120634418 81 56493
134467557 82 57692
79548556 46 52265
412375709 59 44313
124220070 31 82215
412157046 80 57270
2245169358 52 76103
118049969 60 63976
193730191 33 40161
690201645 8 69513
4749003 2 61299
1582587758 73 74507
2789260 42 2891
822109 53 38099
66943502 86 18704
2109038139 90 78348
819042057 20 81193
8575595 90 51471
164653229 30 72057
244397853 13 28267
30893057 19 20691
159936540 62 66810
356033 19 83635
20288312 70 72303
770402 53 83318
18080 73 917
179769241 53 66994
8524119 18 31445
129288580 34 16025
1766884 5 19671
18162186 88 6866
3167337 84 8399
67543199 28 76484
2030464 83 95450
672487027 78 36884
45701357 15 16748
57287040 68 12081
323815956 10 58019
22959256 3 66520
41646658 62 31065
3560809531 8 91788
207245365 49 88264
43953366 28 19548
2200200 79 9232
2570379066 20 76839
954558477 58 99803
61199929 50 32424
77612066 77 66049
4002 27 206
42015869 75 26413
401772755 12 83006
10758789 92 56295
130614156 73 26016
289476647 82 46666
2733414332 12 85910
165102433 45 59904
30916263 72 20009
61913576 61 13133
381421922 18 56037
138737505 30 34610
104762890 14 27385
452724525 88 40052
329487528 40 99519
1758443 77 19335
223264390 18 58449
1265060456 52 71426
13760155 35 5937
100271668 40 84589
3360179094 59 96355
152308062 55 27021
885089383 35 51454
462320791 30 42660
140467956 30 75868
22593 83 79289
2760408074 87 82582
73231675 99 99439
1410890223 100 69025
22733627 16 25526
50669117 83 42160
90916172 98 24505
1676997548 17 86007
2520136 9 8695
202441838 68 87240
218577971 4 54503
1671236 47 3571
612918944 5 54653
1483503408 29 65530
1636598940 100 92547
222532559 87 80204
525522230 44 54800
78013358 8 49515
334089710 82 40313
1301880094 3 68955
68399023 24 14823
356054312 55 86041
28701 59 498
22014908 82 21132
340964 83 4042
130076062 58 34862
1854 37 7424
880525225 3 82575
44594970 13 59800
315666454 65 28145
6809318 86 29060
143043476 25 21803
1508840779 56 87529
143811283 75 19719
793403976 57 62596
22076036 12 18899
274731005 100 81257
89589143 50 17353
4161865441 22 94761
66174174 88 33514
178748 25 707
5212427 18 5627
1234682281 75 62673
8416802 77 26893
166667211 72 23462
2136210867 12 69235
1517115 46 14029
165594336 44 47437
57146398 8 87987
117405 8 423
12103932 27 46772
29743677 24 8957
15947291 71 86861
155414623 98 22855
297552677 92 60476
8566126 17 41369
1630021224 69 91811
294688319 65 64762
1252252057 8 86792
10325 49 23908
301371205 98 28247
2018373147 73 66101
3129760717 86 85982
43127373 18 71270
2665407415 82 74877
121143126 71 33970
56565346 40 11279
42526491 27 17347
66063421 46 95315
3086551126 56 83082
1186399422 55 63864
802745315 78 51517
119324225 40 67179
1881549 89 3244
399540645 82 37963
3983550 31 97150
168389733 57 67151
552613560 100 77531
229742023 48 36571
1998863356 90 89121
383850165 16 82752
5236080 49 26540
602391485 32 62325
154768466 85 98788
585486235 99 78495
2383042708 43 76352
1210377352 4 62289
236480985 89 41975
233530310 5 44295
34602107 38 21380
698929547 91 65118
914300248 84 87359
3873085 30 47047
104216969 22 20004
2632266 85 22227
252370370 43 42082
25530022 34 63865
13358698 88 5730
2456942337 13 76352
564015097 45 78291
63691459 14 44156
818804 66 81037
1065651495 82 47685
6269878 38 33127
596468554 47 76796
227853926 49 98917
606313964 6 71301
3313587926 29 83357
69567143 84 16491
292196534 42 56318
8949799 80 74933
3505221 95 22606
86600452 90 58711
973137779 94 71343
2034495235 67 91446
38037 56 78374
828069138 85 93815
53224379 94 76956
885579738 15 47522
853340153 67 55291
219257214 58 27304
1150449638 10 74641
206793884 79 59883
758473 82 11856
42190032 5 27140
2342860014 94 76852
35038050 83 8970
4099717 90 7033
10319251 31 44407
592511 100 49526
6552054 77 86853
289921197 65 25738
173084304 42 30670
104356602 3 23133
24208048 13 26833
144036067 52 66967
1182970384 55 59133
21694184 73 14198
18647903 79 20708
166842574 76 60495
87874955 72 43167
175807462 39 39074
950989379 99 73307
32825868 60 10035
1450875429 67 68251
429721601 67 95551
189724830 48 78744
694040413 24 46406
380793 33 2553
59266102 5 37376
50413934 95 36678
563962547 29 53806
556865591 96 84025
14905923 2 7832
885164244 46 63902
430018411 22 42414
256879375 50 33503
93878797 65 36275
3055256 24 2478
1995953057 41 70438
386085681 58 73278
124979631 70 59127
5029897 64 34597
290525463 43 67947
2954725487 99 96309
284443584 27 71533
472101685 86 82115
1363782813 49 81032
94809123 53 29818
632627068 38 67256
3457900124 41 96952
94377189 15 18913
1390156560 32 73135
97441351 93 85422
1177990578 29 94522
186910105 50 28089
1683946375 100 80977
122191652 23 42767
332261508 43 44147
4088935887 92 97522
1373683 69 5006
108142083 33 55062
127445670 88 21507
3834973 20 37025
607335193 76 35673
577650048 100 94590
1812856312 99 94944
389086900 36 60611
1632747 80 24113
340575393 61 82301
320925563 39 46225
55299904 92 88712
16607785 81 22352
873478103 59 51273
355999336 28 99278
77220 9 694
266581267 78 68587
50175675 37 14370
20085097 88 11694
12520744 42 75806
8359 70 24114
73571887 48 35866
19040406 72 16214
275915663 24 92425
10794181 63 9613
156859720 13 27200
57122450 6 69893
248141395 30 23541
1689652497 4 99443
234293236 57 36713
34783601 84 44099
1278159 17 3801
8672651 37 17266
577688 40 1222
3295466663 13 98556
546461781 24 33487
1123260 81 8677
23234113 12 47022
1423297076 16 99119
13836 95 3863
105501 66 21698
1444757 92 20043
1150796328 35 74631
31071287 57 13852
6916080 95 13376
653486428 58 53865
7191470 94 88127
3114936915 76 97130
5217796 90 18426
778769567 66 45399
1960440962 22 93315
582844331 87 51025
20615493 60 12135
127581355 16 86824
94496374 57 37796
314699763 25 55898
411580649 26 38429
665501625 13 79801
115047040 58 87255
132679432 56 54059
29013619 42 10441
2346776577 75 95169
689141088 35 38076
140090380 19 58506
181176 71 3055
19250981 59 18577
360535563 31 92422
623716565 24 37253
1519303380 55 59508
638067527 73 71552
614824488 71 81244
133643178 27 23313
204314670 69 40879
113750981 99 81024
4250693754 7 99629
13575435 14 27507
11629467 100 27180
3017290245 10 89395
16699675 99 14517
1487730624 47 69457
8 13 24921
159721348 7 99267
234520627 82 25240
55583610 39 39288
85531 58 14799
218368301 10 31919
697822876 17 40895
1177404431 80 70078
1304323624 7 92556
75107505 56 40916
3297309 52 61792
1090417812 10 83240
9452602 19 8064
182614147 1 28657
3780175 68 37019
1505978765 41 65380
203843 68 6559
11108666 6 98880
1107460930 33 56511
2545880878 38 93528
9833514 47 67828
2161021737 76 76905
1241498716 91 99919
136721503 96 79514
4962700 28 23146
428789207 12 32591
44136 99 552
2346107118 76 92207
188330377 46 34721
85272305 47 18426
1189235584 17 92599
1358878881 7 72887
254543136 25 23891
516742696 51 80706
88763389 35 19511
271790 12 17269
1297117912 26 58160
1664793 91 11714
191231943 12 24824
2380287862 4 97273
396000302 7 86066
984872976 4 83772
20089686 53 51401
824731013 17 63748
109159091 53 18239
2310238619 60 95106
3571330 93 21493
216434395 95 30244
614124083 52 37725
4187 65 718
2473018799 48 83600
577801317 64 85832
2227949401 85 88578
51400735 3 37307
2322969662 11 92553
56838303 4 18248
1446329664 49 93883
73898037 79 31859
7614560 60 20558
2092179946 37 77971
5549412 27 4290
10072568 68 13644
1222988 21 3364
1132868 53 84317
1851275157 36 65314
73767665 81 13818
17580724 22 70244
47322268 73 22314
86039039 14 43826
9787883 21 9056
1331080765 3 64425
46558556 53 49275
2371623944 33 71164
76289816 74 39230
172844597 51 81618
611802408 10 41771
194888 15 2745
459750686 32 54850
200275049 9 36682
768320208 64 59134
993369986 84 59218
80677552 28 21047
823751448 15 62705
55903291 70 33070
2721340579 86 92435
708203359 39 92115
4250866 73 11698
11265079 68 8753
606474003 32 61783
6019099 58 4966
379885 26 25026
6984466 26 69771
570881583 65 47977
1789644168 35 95700
16117625 26 71502
36911028 43 67533
15933465 82 16225
184038814 43 56770
225984128 37 78086
5201455 99 8806
181406860 83 52662
139988015 87 54026
529745 100 4712
290288177 90 51221
621977315 3 36380
1050029144 49 54532
3054247496 37 84333
3405508627 28 96645
11166167 50 13176
12655669 13 30042
774037 88 22041
1345366692 36 73268
296343 87 78118
379180616 65 31970
162496394 13 41061
569961 65 10102
757575260 1 90032
920144710 78 53001
1 98 3279
47759882 55 13372
673598486 80 70832
154813720 61 17754
179834369 81 59470
31414904 21 95932
38533972 28 13636
571931740 80 40946
88646017 93 16580
17958930 40 14372
548130157 95 33969
2881351557 88 84853
792966309 23 83145
529144792 1 69951
642040 45 92425
301084446 7 26348
14299735 89 7948
258718567 97 27881
1611127 59 12324
363580805 5 69988
14558314 10 32972
106083354 81 93382
219123316 11 52140
3514699373 84 83770
600588215 3 87225
78821910 69 35370
152525116 23 83801
117621 73 4041
74782095 61 12854
21425675 42 9681
457751 18 6883
126888561 84 17335
451667434 33 73212
542599715 17 39038
39641803 90 46395
99770231 76 35007
666928897 13 99633
8656201 79 54868
758307826 98 59536
165150353 96 19061
652614256 46 75944
435208933 95 60230
1122041575 85 62537
1283484 96 14798
671315846 54 45618
162475695 36 67228
60527173 94 21289
3085907538 7 88399
13510322 38 7397
18903759 11 62025
56336215 6 17117
7265003 19 43103
21458441 21 30831
16695769 81 38190
59359187 69 23709
699574 22 5709
3054558308 61 79634
44251239 82 62252
178965 41 1177
16621991 63 30094
2108738 91 53312
105835829 81 97396
100715883 29 31263
180400452 56 25721
9812362 58 39591
511679793 5 74675
2980853512 81 89001
135384388 99 37569
799461398 84 98508
1 88 78165
1736041515 73 68242
44632179 5 15912
13804334 72 24183
1264500623 74 61385
685473495 39 39207
254920023 22 23028
18221505 25 10809
416744573 95 84114
8955407 15 53552
69906662 33 67604
475199114 76 96235
141636835 36 65631
33868045 23 74827
3025259206 31 91037
90935456 15 59595
358011491 66 51259
27872003 55 7843
55023816 42 11324
21385610 87 7164
2223250164 52 73990
18863953 52 29540
905959324 38 68182
72396 53 587
2093166637 95 93286
2050594 55 2797
58341158 2 12011
596502010 81 95130
1359768191 14 61261
76993925 27 42543
3285879436 75 85599
1895200505 82 66148
372723496 22 56291
4107570 9 55733
501405702 8 93550
374903511 91 66837
5309078 58 55036
196217526 84 40713
479567940 18 33516
530445273 17 43529
990995425 43 48743
53174589 39 27167
34945484 59 21609
1182942992 90 80440
325133427 65 51954
904302279 92 70761
706682764 91 43371
4384544 71 17092
2286469213 77 91770
157215881 55 28718
1435996067 8 66294
761704238 59 88208
60954252 99 24266
9473518 99 26697
2141820953 6 83948
37419603 91 65017
3934541 55 27292
60281403 69 37261
298554 18 62793
5897638 10 12569
86686864 86 61894
38325015 24 36917
30075666 86 14557
1567401740 95 61459
440504809 41 38210
2147290595 76 92716
1012612071 78 52897
390742441 43 81066
132756846 47 20468
207438697 84 45949
1136211774 41 50697
225558514 49 45695
3596653 67 3484
60947832 1 41076
218548285 26 56854
560020402 63 37505
406642868 28 54560
195229704 90 34777
272625456 36 91205
559352028 49 50998
968658143 36 51025
3451851382 91 87308
38655856 23 55830
828628918 48 70582
20927010 52 33671
334457842 34 36749
1856315196 74 74266
15363852 63 9332
138208944 18 25174
61768103 22 28376
262859426 62 23404
1593291649 7 66559
64285 74 681
2497199713 68 75596
563400095 36 53544
6195163 10 24026
82049713 4 33176
51214107 8 26726
576053599 80 79614
396097038 89 45635
19041044 60 6195
2243458324 9 82449
707192707 16 70435
3095593345 73 86676
191531048 49 37642
60889817 96 40348
347287774 16 85454
138133986 32 57677
496274762 80 95974
151594084 60 40426
1439585662 76 95959
1916655854 65 73653
439071863 45 44048
593686108 63 43315
886886 36 4112
123744331 42 71508
130812254 29 52764
3442634547 1 84430
543881368 34 94268
187549968 19 48913
18355135 61 53939
210272603 63 77142
142550534 46 55422
103109 69 19440
375253328 98 39439
478379247 49 31273
449174106 67 49245
2669088 27 97289
310193458 3 44381
623784859 85 48225
909486 50 3175
97383998 35 48146
1364149072 57 68995
1502263922 34 58243
242317595 40 45291
4192166 44 3592
829204 21 3833
31272621 17 30274
233093143 53 73497
4347146 30 58874
94519466 89 24127
1660899745 44 62095
1801014812 23 60493
166906475 83 21239
528084689 12 59546
432990510 21 35896
24540430 36 16831
224741426 72 38132
6458723 97 34020
68942482 69 46307
1867302455 56 93669
498352334 97 85314
38723735 7 99839
35654311 50 10494
41378392 72 21356
155324441 65 75943
41122505 56 87568
24538321 2 46196
2531760 71 2608
33205 72 610
1732060 18 97550
343756152 43 91638
766976826 60 65971
462387 81 33720
1708422 7 17492
23938932 69 41512
38456416 94 95456
196802999 29 35504
1521046632 33 69615
2965946 34 7431
2353283969 53 85623
931746681 73 59329
3951937462 46 90781
821919332 80 56957
757456909 47 97018
1716861068 40 83114
354249112 23 81123
80064109 72 33765
1743843870 81 96505
328118620 70 87598
735123412 34 86804
165913 97 759
883281118 33 90416
4378531416 52 97945
805468172 68 40058
690778416 3 52990
731564626 41 52813
6108557 30 5286
235994888 44 72736
1336181981 11 94477
302404949 31 43918
95235451 73 46717
25886975 87 43674
6232249 9 6929
1657262858 99 70224
75555255 60 19183
1009940453 51 79322
365972 30 1317
613273005 11 46083
2085567877 45 71618
182351434 72 51196
3725379 82 54279
1122403875 88 88278
4337225527 17 99065
11266626 28 9439
1543608844 93 76529
141445335 35 33213
238168717 54 70086
2439262866 62 77433
7124301 30 5754
135544989 2 22735
9424775 59 65714
401353590 49 38376
1274729328 90 86166
685032062 47 87711
157781225 7 69229
244082987 64 76865
793048374 28 62441
16284404 72 41887
447746971 76 98578
238987683 11 88183
141481414 13 47163
24011657 21 27462
15990787 28 38354
435095021 60 82157
2656578 92 33217
553254480 44 42692
4272 11 22891
65468228 50 79897
711401045 13 48234
119218364 68 25445
35770169 4 21014
394378 90 62164
1026698919 73 90442
34776885 20 34160
787388570 41 43772
369437171 11 66777
119098825 64 27733
940651282 27 58013
5457300 89 99872
491958940 79 36115
521020759 100 52683
3529533200 31 84712
742502089 59 81489
1496918994 25 69969
19566836 90 53312
14137924 87 95922
2032869005 61 71832
551929943 6 97345
8328479 7 8423
65983468 75 80744
1975139981 56 63224
4500816 81 28135
2652909 55 14930
677077032 4 62027
138509314 85 73171
19976 100 47708
2015519950 67 75034
577630106 93 45979
3135983737 58 81322
1130933498 46 87184
81142036 92 40640
805359772 14 50500
14558209 31 31903
2664812633 76 80793
3445323 94 10338
53173 53 4790
853190284 98 46267
225653155 10 96709
516707833 48 32712
320029960 43 44425
1912425516 59 80071
207460973 73 41953
256640779 47 75883
781645313 47 71646
1125012381 30 56759
355665152 52 42906
8033810 2 10422
29108728 63 13475
1269587531 8 50482
4237114 7 47868
100773019 87 69532
188158833 90 32275
82032 36 21599
300712142 44 87975
3116996129 23 84883
2948472042 85 90584
76796955 24 59760
92256125 49 57750
54655505 77 72360
1550062 81 6234
1311562495 89 57961
184151201 66 26093
107842941 50 91271
48699757 5 36141
1145419280 31 75381
1051568706 14 66489
40857626 20 61035
431507264 23 37127
30417716 4 8605
113841835 97 71287
7452282 20 8241
10562904 28 76942
134753491 76 83545
142253461 33 45378
241099073 93 62794
4692661 65 88216
67279632 44 49335
391173 50 2369
2157284394 51 73895
75497943 21 42219
41960549 53 21714
2169120419 5 97146
2249930603 20 70110
378012758 14 54230
314128418 37 27668
803381520 14 40511
42835168 18 38405
85255222 5 14259
8805012 9 49437
175480867 10 32268
280693773 73 27636
105913491 8 30962
236435388 34 79443
971781707 46 49148
210084 41 45531
599359 23 3645
890089995 55 47053
74742266 35 58957
1059720450 34 80389
16867225 32 75341
105562385 23 24616
2169390984 97 75921
3142634568 19 98751
108775084 90 36678
86382979 26 47352
1417910709 73 70918
2904416539 74 92147
60369770 55 43355
11132499 74 18871
9890330 28 74460
28730527 39 58651
2255825703 11 73344
27835471 97 67340
328059816 74 90775
4901217 46 6036
463613 10 1033
1017606572 95 49297
3824076240 72 92752
10053099 2 30828
247643565 16 34176
165000117 61 47756
1742411975 8 82435
293886 15 1082
2621764 87 5658
389616883 12 56750
2033945966 26 67758
428944 83 2578
1578764087 94 58317
47870148 88 24743
24936905 57 22160
2893256095 13 96179
1742715 64 44132
543015266 69 48955
437506422 55 65950
3271459651 75 85384
1971223964 93 68209
958544422 4 44707
129762000 18 20751
591164641 5 58725
1368296471 46 71824
19377099 58 19565
809141137 23 69277
48370 72 5605
334561602 60 70655
2941073001 34 94359
34044063 28 92076
34561717 89 13605
568552145 99 37944
40511 60 21698
899243609 24 76526
3399795476 35 96020
36979057 28 9038
21436984 27 29293
357132479 92 46783
460426673 60 75627
66525833 48 15823
2003535236 24 85606
8213685 14 7357
888876676 25 71477
65418354 17 62543
513896095 77 47820
21116150 51 20007
42855321 100 16503
26471183 16 37543
13698225 98 24569
1294146045 2 87228
156201959 4 45495
136605654 67 21218
754949119 80 68357
2369431786 4 82196
570339159 46 90369
330553560 49 57970
33883112 57 12851
114386107 95 70606
392030809 43 48655
25660460 15 23138
2077877307 40 72006
2008403148 70 68680
2646575923 8 87888
156941 63 5458
344829697 58 94041
409783937 34 59282
59562341 89 37775
131961700 5 29123
809739788 73 57489
64178804 78 37008
143016547 2 61519
4605992 80 30703
1069104518 70 90776
1842500972 13 97010
137672027 24 20238
2395862618 54 81101
622896781 91 57938
1718098686 62 91840
49795482 76 19912
48228501 48 14319
1370297219 36 91749
33230382 8 29589
67519439 75 18629
44207317 47 36540
382775938 27 39517
675414929 40 43811
268988144 22 26068
1459424 2 52785
703740 30 55473
1058532162 9 79994
47253155 71 30010
1692669768 65 85859
252151851 21 44360
56911984 99 76294
10924116 5 71105
800138155 87 60034
22433933 98 96252
6974563 70 94063
9472124 95 5598
290123841 81 46736
882623324 49 51178
284971 56 30021
1415981 79 42743
156297400 9 84215
15209704 56 10944
137099081 63 44569
1629732038 38 94931
17228907 52 35673
105929745 25 52890
414936171 78 30396
371490095 84 54810
12629762 50 7742
789579141 69 50879
928847408 35 83540
3184192625 52 99471
967820880 73 84500
2294682446 74 83361
1659225 74 1836
993954679 76 84205
113701488 46 92099
21048219 41 84208
3632050308 38 86862
7310106 25 36421
443647544 81 57921
155270048 3 31798
425066063 39 30152
2890049122 74 92152
2204485 72 4624
51519870 42 87913
264315479 75 97916
216762146 80 87379
44189283 85 26746
102509813 6 29172
47582999 5 55029
2118205908 35 89339
1863364607 86 70290
1149449 18 35190
162186925 77 48149
6306361 33 7127
72541 84 526
76956707 69 28574
38959586 93 28442
185775507 79 88933
43352376 84 31654
437925375 24 31235
1009782595 35 97098
551182026 72 63433
131766632 89 42575
8194699 69 54167
176759692 3 43055
14752981 99 61677
14489046 92 28871
2511515 100 3392
134901452 50 43649
2509098 26 84757
32920 51 441
197328908 48 46567
19089376 49 23788
273724474 8 43327
947302174 33 51625
208604216 52 52806
67685828 86 13741
42643989 90 45807
134565437 47 29542
308742 41 19362
3487042 24 68770
1 93 3678
37417 90 7427
2967965222 51 86730
2764863393 100 95855
235879858 86 56821
82588777 97 29263
139729074 24 94851
2751656602 25 77828
311723551 40 39914
59121946 81 24807
148969435 32 97638
144958759 12 24176
436987267 78 64209
170972078 51 21539
1306463 3 7314
758336019 57 90039
452548937 93 96963
801200554 31 65698
3819586 93 5374
1783058242 59 67451
247278861 19 45165
105429248 21 36742
553867357 74 39193
2476274723 86 73909
850466309 60 60135
3550102345 79 94745
1804858905 14 92705
401405 7 3274
287463202 25 45836
63318475 5 14586
103668103 72 33736
1558510533 28 68777
43542612 7 91787
12717763 53 15854
679780611 96 50711
8884188 33 11895
357575675 6 76888
863772889 35 91309
258026434 47 66735
164162584 48 64594
135621372 84 69226
964422782 88 80256
96595427 38 43382
747563238 68 89786
168512 11 6186
242821758 26 36666
8989134 91 97658
154282803 48 24597
1363890 43 1643
18949 83 2202
703803835 99 80036
123635604 27 65795
566518889 27 59908
1187566605 40 54892
143146385 35 49206
222364844 41 57160
1972417100 56 64976
1642141575 84 69744
132523414 27 99157
5071533 45 71185
687301773 95 68446
2076142 79 7609
78384327 75 33558
146457718 84 24946
349629883 92 79667
1008125990 6 99483
659288 79 3682
192320 73 1668
239239716 50 33435
4037265 82 26623
1 64 1830
518194794 57 35383
299740449 50 78948
419307024 25 61985
150429974 98 40196
16062150 80 5917
4263439 30 31088
1100134947 9 67869
23534760 100 9582
10044429 65 74001
308183531 20 61127
22912627 94 54879
2195139 51 24561
28819227 30 41692
2499490402 93 94340
27637169 50 95493
13913786 33 25508
188715698 96 40953
819754593 53 59117
423968120 79 51487
317906592 49 63394
4206953772 51 97205
41554548 38 38508
164011581 57 63934
1768243112 1 65679
181900896 97 47482
1076696618 21 65836
134476496 69 21245
8312942 38 22142
54664110 91 40609
617678727 28 70415
131962580 66 84971
491267735 4 33483
51357860 9 13750
60164 64 3388
9917 40 24894
5155366 34 6548
23526306 60 57264
1083277436 52 63720
8109799 5 42813
1965107831 11 99047
1405979535 33 87904
21279462 4 68004
1116208893 82 79806
844409557 50 85556
125417631 49 45879
1815092427 77 69042
51378061 74 11245
57274 34 6380
114420268 2 47137
35750204 55 29687
4925807 58 38242
772896153 97 49497
223407857 15 93642
233131259 68 44966
492391778 22 75618
24626 5 334
516245791 27 45929
541728746 60 35605
19929956 31 14377
22235389 75 75457
1072087 98 62620
1166939609 53 49073
3049281365 94 87414
158845537 41 41015
383656453 10 78511
954133 67 26615
3507772055 92 88096
353929900 62 36338
95888061 78 23811
13328306 3 8805
541195637 38 73238
88579693 34 15228
184348294 34 20634
20471504 7 20208
2607970244 70 99323
2691646571 95 95554
3060703394 53 84849
13933675 9 15565
461917 70 52431
6182253 33 6195
19928016 16 6489
155968182 11 62986
221334896 15 22460
1994711227 83 81628
26009795 68 20897
4857744 82 38265
4163758922 65 96881
530288070 45 48418
1843003545 26 62073
229974261 65 25862
926777217 100 51570
189315840 5 23447
42512 41 1039
1770150854 20 63501
2164746205 26 85051
1190559931 1 95894
158039456 4 82848
1349377 60 4236
930167 48 81211
334730782 86 87661
193694 55 55677
26195674 26 57028
443165297 35 48249
3497561334 12 95536
531773484 86 63652
67686537 66 31538
1791166 55 16313
113557753 64 29147
2216745386 41 86854
150037839 26 38204
47740623 3 92529
241222182 22 72663
946147893 95 81507
778338404 44 87224
45482185 69 46542
36722508 75 11323
7285224 6 10493
295814132 22 38881
586045539 7 49466
577242 37 31929
55828716 53 69615
1402353888 18 88782
9282464 40 16752
143296588 73 93267
278623216 100 48960
152356768 86 38066
14647339 97 14447
3903632466 11 98235
110286721 22 26107
178349510 84 26540
32694407 2 74849
278531 34 76167
52314 39 40190
117746521 51 16647
1973980 17 7161
53457165 48 56725
52781533 57 12193
488364881 37 63889
939470 80 22201
253935686 43 25210
102730025 23 74035
69565444 97 80171
100437013 34 40950
270133655 89 74498
125558 4 488
2058464235 73 90663
204486308 44 91410
57577132 10 13888
12752572 80 60129
340909076 58 92069
25527263 28 13258
670564 3 30477
5246492 12 10794
42109640 30 23597
71568969 39 50845
139834491 48 26910
26346125 34 27001
29903525 60 97624
533211353 49 63507
256557986 95 64785
10474605 31 15437
63656119 26 22338
6005 47 138
1268450222 95 56972
2257286 53 3261
121315 37 466
13170595 5 19247
887969484 93 71776
3260661 69 28465
40204502 57 51104
1050 62 2901
358325624 10 47675
1231565450 18 71960
731448923 59 71307
799387285 10 46487
100282144 30 62423
187831860 20 20377
1506523230 69 62419
514696585 83 56416
192851469 29 30247
400453193 88 28715
484339 52 99185
2616036265 11 79027
1039145642 65 88960
11323400 16 17866
450617918 86 71252
1054389104 56 63662
52190814 99 10887
1364855418 15 91026
155531437 16 18121
2923459157 84 82175
1309936031 35 72704
115147641 87 35166
895932658 83 42700
132594 86 66038
345929474 99 80192
69977745 99 39272
282045 10 25680
494308835 65 40987
279790384 20 96887
36728167 59 12093
121157217 65 49246
146738165 10 32982
106428672 24 20928
83800293 35 59838
212653282 51 22329
283703787 96 81021
1420042866 43 89692
6959379 93 18392
379387410 67 79761
53968394 42 45442
1044551263 82 50197
598731162 33 46767
8901504 70 6946
26281208 48 24028
2869868411 87 95578
1642338 81 25908
80058751 33 84347
52793123 70 85472
341354560 16 70109
3774928 5 12414
689668931 14 53928
1274245445 68 50645
876238054 46 78237
918584 40 8202
19958041 90 7551
197117417 84 32777
1831955359 50 69420
9650548 93 10260
1693061662 24 94313
1250739249 16 90189
2586563848 67 73619
1374912214 5 79744
149870460 44 23672
694007 24 1859
838744410 74 70505
115450699 77 84558
3220847457 19 99872
155605356 11 67453
782961 79 72873
135519774 65 17381
4170207880 93 96848
244998318 2 38416
355794 66 42770
1171387264 76 73682
50321816 35 13933
170161294 93 43165
719329181 14 43073
18878 14 526
184913708 38 91935
935687449 66 52312
465751541 35 38518
1065976 76 34839
210446998 4 51403
525757 58 949
421890195 89 72700
345625916 8 91088
16779259 79 55042
366335540 14 34588
146667830 38 73172
818170275 17 67420
3278155608 45 97945
1254638243 72 80110
1921920561 53 81162
1719790 39 33006
122872043 27 34479
757009165 47 50348
336634994 78 31757
14992730 16 11941
4870 72 6416
1498992587 12 79745
3501728612 91 85193
237913347 82 23104
1190324176 80 48814
3368320092 89 89477
1376036203 64 60871
134570 41 3462
2456457 98 15965
467089 69 1112
32788315 90 53096
61138553 27 71853
5788046 93 68797
2181820129 17 89385
3000508037 80 82796
30476227 59 16420
55426589 65 25240
802407810 62 57862
802084766 85 53304
128043643 64 27120
71273981 15 27104
103559727 83 71932
1100008274 79 79798
15023291 89 5991
64326108 9 50353
455942827 48 71806
1472704364 5 94318
17978310 9 67420
61334728 22 31570
650341452 25 59493
1174391894 26 59020
554023493 77 58424
260049119 98 81880
1480496935 2 66149
1827443647 89 84782
34989896 69 17772
61487590 9 32815
167248517 93 52877
92248793 96 28530
1124230460 22 74548
2290630 14 13987
400380440 53 55012
52442085 60 11890
1755719 83 5312
77938459 47 70524
485345838 92 47705
354410986 20 95791
1362295240 14 66391
100601367 52 15076
126089 55 9319
3550118 18 19714
9942735 84 65862
658823513 47 45871
256352075 55 25588
347706616 79 31116
113340181 45 38862
443206425 31 37831
8011175 27 15480
578433134 28 35592
1198918954 52 81275
36562644 15 91953
13591681 69 97605
66930784 3 15274
235809 32 85291
22482900 72 8728
334097399 77 43009
326491699 85 29567
290704422 78 80858
967113729 62 74365
181230 66 20746
21405591 49 18647
540241146 46 69889
369154222 50 55360
127189934 90 18776
750811632 60 77466
5658341 8 4762
677180007 90 38713
2097785685 13 84588
32437313 72 21870
2473499016 39 85340
1233964568 64 82660
16643142 4 12398
3306908 90 14586
1109719565 56 54592
60533733 9 22768
17360102 14 38305
2316328 35 12565
4969905 2 53433
14899592 78 77532
81570378 24 16733
2561855501 74 94086
302243 100 835
152681 3 650
2080910192 75 75759
206706004 100 50688
578677811 24 63431
10106849 56 67712
15688376 46 18658
287683 73 6614
1103566643 5 76078
7072813 90 8878
646921 52 3316
766385 68 86934
430671599 10 72668
44800031 95 54287
63232014 16 30096
131737470 34 49325
4510554 50 42371
82778812 88 28508
682522 60 7476
35730574 24 22679
42230 90 273
803086104 85 48948
8699202 22 21585
773543623 28 55772
491014801 95 52005
219628432 57 21602
1011927 53 23806
52224971 99 62764
710052 89 1162
1380198134 82 64186
55901655 62 14727
6176982 79 42159
20132602 38 65023
61920446 13 15028
130438077 98 39932
24880095 83 32212
13079754 51 29057
230589636 25 91288
1818718272 31 97122
427690087 90 87614
2905546137 18 88677
450590981 77 46357
646564 94 1126
49625619 63 69817
1951161114 88 70157
554208725 86 34473
79814306 2 24935
155642399 33 20125
1256577098 67 72552
221173767 68 57082
554620391 64 93491
829203935 59 51548
569671 78 4967
1209923873 73 50383
6869953 28 4349
241382575 66 56448
475887365 64 30836
41955597 2 12533
139394515 3 78771
154098094 71 49153
172005954 75 54581
809646379 74 58687
408758787 48 44758
639430557 94 78569
1054707 16 2909
21735475 32 21079
36360977 6 61178
885045 11 1834
207181051 33 63689
844072706 86 85387
2202868 62 4499
1782959850 28 87156
251557894 2 90911
239661663 54 90217
10234539 80 26800
3306969579 13 84434
337214138 90 46805
568504510 44 39637
2749270628 20 85455
38017353 33 20481
1578295645 16 93715
276534220 100 98076
478299344 64 36116
61013830 23 65538
364322135 65 59336
100233278 23 30736
1075872794 37 81439
173976354 2 39017
252970068 50 78041
9183614 48 8553
107779262 25 99499
2487811126 1 85621
1444530458 17 58160
195214491 9 41509
371374756 92 39013
1227566673 20 54511
966117157 32 73830
501826300 15 71297
310865625 85 50324
184915914 24 49468
6391343 75 7018
144368212 79 19342
68114499 12 47490
965304154 82 63413
5994542 19 35182
4632751 62 72141
1567002699 99 66085
414790032 75 76284
57624597 27 29295
4381987 40 5720
56085541 15 27362
6815093 45 21675
1170060 51 23283
3265595 71 16073
1935395949 12 67923
666303 67 1131
679236839 96 96853
3289618 8 8958
71462473 41 67506
5719 50 7955
487109461 73 93676
1080687411 100 59780
51764831 39 26329
5282304 19 32122
42696355 36 15372
8089644 1 6432
2157145511 44 86290
392345241 25 88004
960275 92 7209
95472796 93 24491
88534186 21 49105
2455958094 69 79994
24218169 37 15113
5832599 42 9014
198942440 17 50875
1500296104 52 67426
87524172 42 17204
3138151677 38 80072
27259 71 5260
1080990 94 80284
35086962 77 63924
3898346389 70 97526
1025555 2 2213
1143138864 53 66586
38796828 75 14423
219723685 81 51047
1505613817 20 66580
14634259 54 26418
101823705 46 62128
93614825 69 21872
139652904 71 32363
27850999 79 11916
19217788 45 17586
512131842 56 77145
176651240 54 49194
138105704 33 18359
528531232 54 68372
27915629 9 23257
1144120 95 21227
1321072613 49 62987
717590204 10 81182
83459234 19 77721
136321502 40 72575
589480668 93 92841
1134229439 51 73772
588549079 39 54481
573675954 56 37735
391322 42 43647
98401392 7 22311
249497707 47 71872
229883558 52 91280
1247894036 26 67089
2161976330 78 68438
1200838 60 12576
5570523 59 79937
886872 72 1464
2476823537 37 84985
18836945 50 14767
222591029 12 30437
307745707 54 29889
395836419 85 84259
57691249 68 83431
885190437 22 57475
115718448 17 62672
101215243 18 14276
67972434 56 90748
1044876194 4 77990
236006746 87 66845
12014194 7 8211
316884214 92 52560
2127411263 43 80058
3389231 5 27527
1624950550 35 59627
20999133 72 67043
903605444 84 74538
56792411 21 67463
1292531130 13 61789
730000324 93 52261
4095989735 74 93210
82078226 9 39930
17687279 1 9300
7143227 79 6352
18116603 32 25615
2110325043 30 94826
2966342 65 20763
204186651 81 33879
365405 7 819
11979151 19 81046
904400564 86 71989
30178380 66 65952
858035 9 2666
190545 98 31680
6923768 17 49530
633204630 75 50924
124448194 60 47667
1076675216 72 57235
1239677 83 20792
129771149 50 26122
87135443 71 25808
5596115 95 8427
123251586 65 16128
654415441 58 58251
3794330127 88 91686
78220105 99 21085
360978660 71 93649
260473648 99 32517
2198440483 95 68977
1938636955 94 62571
8687 37 14571
726490097 94 74306
2591193 83 55158
109300376 51 30075
1522012487 44 62308
16888 29 3520
14265747 75 5373
262125705 74 53984
230801730 37 50160
4787222 90 3439
776542227 7 79104
1087228936 59 70600
377223429 92 34271
234050004 78 22485
258430461 30 28022
228410304 79 40366
6754913 23 23904
8691759 92 35457
531549908 1 91588
788355 88 55812
34478559 37 12338
880217286 66 47739
1308876106 60 79996
1855081 81 15322
2794888602 42 81383
982025519 14 46383
25439691 52 23701
1297030 15 27804
6420468 9 14726
1713080 99 95392
1080261398 30 90673
125104263 20 29994
77171137 15 34533
1142730210 5 63057
802307285 64 62674
226846124 7 38923
65205532 8 95324
224860574 67 22379
162339493 65 63255
696100190 22 72712
773168811 68 87840
207848999 8 26158
75005225 92 41861
381873122 25 51168
17528008 43 16087
3707684322 97 97902
3339612607 73 85001
1614502193 16 82788
5554016 93 85866
2191289904 68 92322
81017732 94 50583
46397673 63 20935
443615375 99 31510
2219095 7 4561
1491782 72 4903
593652975 73 39918
141438055 61 24299
4759495676 34 98519
284706 22 12510
7453138 25 6117
77670664 43 36235
612702595 18 57239
55843205 53 13664
81926173 34 61561
6284971 89 4243
220227690 24 93173
91103606 58 15300
194145141 17 35129
54562099 66 15214
170862778 39 31602
2820054 95 85118
243037 44 3954
28399 78 36661
8374986 72 5755
16545104 50 44645
15127280 40 47031
75370319 6 13367
239634616 56 65774
1004766363 65 89768
2053129111 50 65563
267247 31 56344
92931927 56 84769
3738960 100 14704
84757144 23 90127
589313040 48 75454
1040876422 12 74283
138237671 63 30277
1902004364 44 75982
7478305 32 24185
581978723 6 60714
145538731 73 59053
136881942 90 56134
3321737108 58 97653
2004403271 26 80606
203515029 29 36851
231636374 21 30178
915322235 10 51795
549501987 11 40856
932429183 90 63538
62429246 9 13964
3791543992 59 95113
4168659 33 30808
114146539 34 37027
865996447 7 99850
227206819 54 40461
13187341 15 9711
31748070 83 41903
704393 84 1940
1683314366 100 81993
805926595 80 81285
356824327 33 34297
1500093 82 3312
8481009 49 9610
393216171 18 40648
197123355 16 20092
1011294680 60 45905
54438495 58 11293
1030256971 64 91771
40170703 65 44130
1238343006 55 60942
1443942 50 1824
8616544 31 10833
4437549 14 11278
258578291 34 98484
113895728 74 35051
3976519 79 27350
1506623742 28 77120
4983852 68 8219
28632829 53 81565
376804879 54 29078
226597224 49 43711
1193436313 27 98050
141340110 47 24942
638794464 99 44164
139269282 46 50792
1036197067 56 71899
121496529 48 40222
1128539465 9 73150
15426834 19 11290
422504062 79 46175
885743506 32 42457
14214779 58 17016
988052 60 1758
23365349 93 99292
1150681428 4 50906
4597571 71 19519
40646700 85 27395
77699824 34 14799
852539003 20 41657
32975439 23 73613
288507464 44 70168
408854755 82 70159
22834759 50 25269
113541215 79 17031
59688884 59 48029
971379638 73 81794
1419478382 71 95997
3386749024 82 94208
1187880282 25 72130
82367870 93 21112
76605161 77 26415
167754708 20 42715
925175673 69 48183
384817792 44 37130
384263252 61 80119
57404748 36 32253
20977059 68 8013
207423823 78 67592
4938228 64 18298
837042572 39 94568
112538 7 1361
1234596651 71 80076
143897424 10 28687
143427012 52 26959
38343352 84 23521
204150765 27 35580
422145737 57 81146
27420402 6 28499
239141528 18 56948
161512261 93 19031
15362142 28 21809
128210567 78 47002
851108367 36 70903
4376327138 52 96509
2575611718 52 78546
2836535511 1 77134
977887396 8 88082
1159919910 18 69724
466851457 15 99163
825685598 93 85400
899114179 64 45209
263076637 96 64702
1093947824 33 50993
2782828361 52 89404
147870541 96 24536
2417826990 43 94498
179303540 44 38361
216145308 53 74997
274384835 34 33651
123368746 7 71768
765636858 84 74300
444917187 67 79519
38372703 18 59765
391547376 37 81791
1017196594 61 51680
175402915 44 61754
163438510 10 77552
1178313 45 32812
1313251551 1 68722
63331594 23 61183
488409 3 5410
571889 38 69850
34214654 18 78571
9227010 9 11460
51203 58 10876
40364 3 9174
126413100 9 56731
7400463 18 6858
26727764 58 62382
1 78 88
22205928 17 55522
564803143 54 45315
1920706803 91 97005
354382037 19 51201
103311297 97 20555
3622818009 53 85787
89875050 23 26586
8150841 100 14115
1527464659 8 87282
94971626 94 69939
6744 16 73825
280181676 49 99066
60114319 10 47528
755091226 43 91776
1569367844 56 79112
285611906 60 27652
19723428 54 10271
96107417 68 32300
70330148 13 35869
198375 41 2217
66218238 66 30999
50823398 73 34504
1081795553 20 47731
80577512 78 42052
115146053 94 58685
892954908 60 56802
4381791570 2 96835
1041842372 73 67922
1023824629 31 47266
422805968 100 78027
11169900 88 46278
266012954 18 48963
1524212 31 10873
3191722593 27 84666
229014873 14 66769
72265807 74 13306
7903576 86 29889
248988801 45 98146
438167386 38 30092
817576272 33 51776
45260949 45 16478
1031915391 28 54088
1636547312 9 91031
1708276080 91 62578
4223305 18 73087
10570661 85 42066
547063173 6 82368
246121616 88 36399
185751184 60 59858
11679193 77 20634
292220495 37 59470
399548 80 23328
2031117 14 3631
230235332 67 35119
136508500 76 72564
559091707 78 44665
81239958 36 21875
1625044784 49 98111
15866532 74 23862
263489931 89 52576
16027266 25 10092
370218571 21 29034
675246 63 4803
44319061 33 9832
645910365 38 87125
11135837 70 5139
2353817103 30 73099
8600632 55 5149
551216700 12 50338
1116172089 87 73229
830318123 1 52307
510837724 95 93275
1187376785 91 52044
156648742 7 75829
24235348 1 28833
9361853 63 11814
316638004 57 26793
15833250 26 6963
5065480 75 57996
419894235 28 47093
47207878 42 14143
432678543 9 74267
975388404 58 45809
1982706684 29 95065
6321400 53 5078
402635014 98 63123
1185777988 85 65970
65138134 89 14427
33890810 99 14092
216154188 3 33164
11770335 15 20734
1610110548 83 62553
831428287 61 61475
21942483 44 34398
351296947 50 26438
10683057 12 23291
1084370 93 15391
621713805 88 50367
1660956992 7 60031
609886831 17 42890
157442192 41 82864
106231967 73 23415
3895394 24 56698
327430803 99 29812
608271427 54 57751
6451 96 23478
64271598 1 21272
745917351 6 47662
722969080 8 81725
48321204 44 32563
25956661 56 25116
27116674 4 12112
1866295 24 36340
120616509 70 92862
47825521 29 45864
449785584 68 44458
4064022 100 23267
3864118 9 4556
21865060 31 7501
40403430 7 66859
82258546 69 46253
3345627014 24 93910
404757620 45 68850
126199319 28 16454
45946810 10 9574
205821073 56 69526
17208733 86 58042
3152575735 17 82439
36955219 71 77535
1219391093 68 92392
50568519 27 26074
16113333 94 6421
1159634814 92 68124
166126671 69 56758
436155778 38 52385
2627727808 50 72939
1931820 47 47465
290457265 25 42990
595550850 52 37089
967199100 41 82399
547110893 37 84188
517048965 100 91472
30272 93 20387
1725244806 31 76648
42603721 15 36757
2107442657 52 92638
730451158 4 48726
24706499 32 43371
17376361 15 8849
104408016 33 75681
70662623 44 74789
425210450 97 76250
267990967 29 75196
8793449 43 48944
7269883 28 16857
1009731814 11 63027
2375149192 1 84288
71142524 21 16744
271509998 90 88045
440035405 69 84060
158360168 10 40380
95149857 67 93189
176714 55 96296
1032409156 12 51907
2159585868 82 84134
1875564552 24 89382
19219409 78 6165
3007323007 38 98272
3078821315 100 99827
1454640525 13 97139
380648001 7 88943
2642113235 82 89688
384388 92 15588
202216908 97 87141
125984125 27 21669
5499857 98 3237
1462207705 84 58013
422018545 27 69930
8665406 84 85740
329475090 42 60604
19343317 68 84893
214564701 43 29195
2379065853 84 68902
1816066382 56 67884
160531791 47 97560
358499969 49 26925
333895339 76 32390
2229184 35 4556
16544553 59 64823
12871358 30 5905
108203355 16 67572
787342608 18 47674
607523759 88 92291
680079942 94 96186
1200619291 46 64130
230832686 93 23089
3878316369 28 91817
27331987 84 39618
893737938 48 94289
119564491 52 15768
4438783 57 79345
631090779 46 78261
162715778 54 94192
1207 35 14135
122148396 91 28733
1290753124 45 57387
363562359 9 77381
352948086 48 33804
356745572 7 29838
74117278 29 36890
266998048 5 57971
101633306 3 20849
1507528176 27 98238
561857616 63 96044
6186010 26 6564
240155882 99 46980
1677093859 100 73460
284196169 27 40429
2196578872 63 80157
774047417 13 47102
102692083 86 58645
1297372342 74 90648
578452432 22 77601
25507339 55 27689
23503850 80 52103
721061 18 67464
597006305 53 41320
127193267 84 42261
91596002 50 58520
1246395035 24 97159
7551279 8 6222
1622428829 54 64595
660921 8 53116
16951174 17 10634
8195938 32 18693
1565914046 33 75524
133635100 88 20813
273494446 41 39687
303833418 100 46722
1295507445 83 53135
2703665917 100 91952
1836546 15 4929
19001026 67 9259
171487647 42 37210
17959631 94 95913
1192599121 96 62103
44785043 82 46208
34050420 24 12110
379378546 23 30901
643111680 94 75556
5005158 19 10937
121570 87 691
369805876 68 40652
10602843 38 44349
19231440 52 93426
28469909 47 57956
430753673 92 63888
155437936 81 20954
3080351002 10 84363
4095813 71 51566
4784057 36 15830
1098265506 92 49121
101719348 45 89383
30716045 74 9295
106951422 37 71572
22421155 85 7306
531146706 35 51892
2412805226 60 87309
24937935 89 24487
281862023 1 41394
477454229 91 81276
401362575 56 65614
2287672 65 73954
1226215011 91 81363
30677576 69 20575
1132797994 69 52266
2293577868 86 84568
297252489 56 89965
147663429 50 19077
3969900060 3 91820
2245434128 48 90615
646420822 55 68927
585024458 7 42482
540864944 49 63381
964722248 46 78018
619561262 73 39802
1750594 7 38199
67534038 30 78659
9041309 30 10314
812298402 97 80727
21530954 38 35982
481966703 25 34480
456236 20 4469
291344178 48 31798
8993068 8 92899
18692451 72 59653
876326065 85 63183
599205154 33 52355
4382423 13 87486
264944740 14 23028
413044337 34 32215
623985711 9 69533
278399980 68 63847
746725857 65 67674
35040584 41 73314
32247823 6 28722
25957 100 71379
53418490 29 25844
10186118 50 34416
186476749 13 60176
72245268 43 31065
70351747 86 43555
406561511 76 69126
484517334 3 79882
550104435 75 91659
5708228 3 18549
1423921223 77 72260
683020392 55 92779
606361446 70 61074
105148288 62 22508
211373732 92 31651
14220895 79 55722
7361403 79 20846
472306240 45 72193
1950856900 1 77855
1558770466 63 89060
348853271 59 28839
766527795 76 69817
1941716940 90 90732
104659862 58 55144
27971229 68 62153
331117460 50 52660
1395970676 65 74210
96235740 35 40135
2019567 18 53457
153730 3 6789
210384947 28 96453
32966150 93 24217
384890 96 3656
719995319 92 66271
128789 11 20067
9608747 68 10670
610193918 77 95583
614397531 89 43008
1614112569 87 67281
4660826979 10 96664
680966662 86 38484
96109712 41 51118
282717 35 1489
85687359 52 28326
3436052124 42 87404
22939845 26 26350
1302150595 67 95568
2608038099 95 77918
908568074 26 92516
1214176732 42 72381
85102661 74 46502
151729843 30 22399
175670550 72 70850
215818013 55 59360
16574062 70 50060
22075712 43 57016
136788590 38 31709
1537507501 65 73242
10501366 87 17374
2455288419 40 89957
784332 48 2328
1737957977 42 75486
44356528 33 49823
384586815 26 44135
25535482 87 7484
712675199 42 48456
658130132 40 58889
9572335 6 6519
1155410 22 89970
83091443 35 31345
2603800669 2 74390
48160757 21 26371
113818425 60 21049
22950915 63 17285
110190574 44 45035
262941701 63 57233
956286420 69 79730
205482892 61 24782
529340725 78 79720
23276790 57 63453
1308329 54 2087
108042338 1 49336
4694189 49 16474
117906697 50 17527
295117729 7 43996
87600254 65 20117
175911141 33 22874
377261856 56 53641
3910618 83 5819
12697 16 129
39297793 78 10568
177654424 24 20892
1127761111 80 54205
3698806798 89 90592
11895970 53 33452
639472869 61 39272
1435499027 16 58454
79924538 28 34099
175588301 100 28605
2419118355 62 78193
1891666459 71 85006
239934803 84 38346
5932538 54 64975
1460310150 90 80472
298493 27 23272
1568931949 31 94480
692947607 10 42676
714425955 43 54011
46664224 7 15599
332837178 6 29876
1399202074 71 64453
54427631 16 21660
54772 7 11594
196080037 18 58721
161839189 99 43959
688339 79 45535
1 13 31083
17360046 35 34103
25084169 29 10481
820892179 71 67287
96850808 22 67751
1908619932 95 79330
66009872 50 16251
1647285482 83 82096
71342189 20 39948
684562014 51 45252
283127888 34 66521
617333344 83 67489
325962151 28 28145
194553462 32 22421
124538169 54 37028
749204572 100 62396
903049 24 60531
1027994617 87 47645
599813587 27 75098
534678 85 15767
16487279 79 82557
346106654 41 51115
4423437845 6 98047
21809 28 1778
17714687 65 9652
655412132 51 52407
17233643 90 13889
277094966 59 33384
176131825 71 80569
6147523 49 3623
319858051 18 63899
3068506348 15 90403
1956677269 45 73434
942228 63 6050
979561682 89 61750
659779456 18 53521
592448209 47 61752
3288738 24 75581
332618891 31 55331
4526139 18 4399
8863336 54 11110
839030407 40 44246
916721841 9 73460
16423 87 15659
2223466914 100 81973
26559857 7 55418
8863468 96 7218
27512783 16 70488
13712455 50 12300
704787342 56 53543
165154140 76 60177
200713 82 969
42673672 98 17385
45307304 7 92536
23582184 6 19076
747408801 55 42520
82377209 31 71477
39055651 13 16342
1000054573 66 55644
3404113715 65 98621
99757242 56 21845
146758998 100 18518
1339590630 46 71118
40666965 75 16414
21163468 59 27113
11113284 12 18229
97229661 85 68168
931890859 100 48464
14261623 95 64154
13098197 14 62620
334028245 5 33641
509832205 36 34351
101621089 33 48725
1813567956 59 64130
2255882 39 3273
1885188 44 2379
308492944 68 25149
2619018339 3 95225
291019175 98 35603
98354265 29 54369
983997813 32 78775
844429111 25 59514
1460596134 78 69418
97831 98 1917
81569793 52 25757
81645766 69 23364
24455814 62 21683
797135470 31 41210
1929417074 30 71008
3051710210 64 79761
2153356458 84 73617
1635035449 12 77710
121416609 91 16107
1 66 779
887821402 41 81979
275298 91 2365
1886077733 15 81422
2658626851 92 77104
175360148 80 52174
710615582 70 71463
278509702 64 80297
14663779 63 50990
9307392 8 94309
958351573 43 61152
181936321 41 27808
870178884 10 62949
725989480 39 89731
422222171 29 42677
433627677 91 86529
543722358 17 36114
30916619 20 11817
65985527 8 28404
938262894 47 65968
123927855 88 70232
302429963 77 29151
151434197 90 95824
65087373 84 28457
179439913 62 21193
1556393989 26 69912
163488918 59 22197
3529763 85 3570
202373743 59 41985
80011683 64 55652
41298401 34 35436
481353 52 4877
9364 45 3428
1979252277 14 95192
1803745120 63 88676
50289795 4 66095
1279288720 94 52777
105874054 34 76521
411947443 71 99901
405818289 57 60755
204867941 3 31560
15611561 85 6256
1585050250 23 76009
954951150 33 89848
35552850 61 12639
256215589 34 25456
4331610 70 13629
2567192500 31 95986
25834 58 7822
561481974 44 96832
342109 91 10521
387411226 23 32757
1153915823 54 81607
14127848 53 22862
188250260 15 29321
3874494 32 9978
313413900 59 40212
17419367 71 15346
392114108 95 39549
8168260 57 53917
1002649 27 4429
12450830 72 41005
4329374 42 22214
1147084136 74 95180
341237186 51 73099
2285313631 17 80753
2846424 95 12238
72858338 42 31210
1274846361 12 58933
219825634 91 30306
6742836 27 9019
3200549571 17 87364
37439593 44 11278
236081133 1 94119
8790836 77 37604
13464913 78 5593
89340212 1 67109
341854727 45 74152
1880613 72 6327
144101044 31 47437
241080 19 24651
41598054 84 69229
429363 93 1803
2221472212 6 96586
679454717 51 89933
1762698665 87 87430
527104681 20 89501
231930 31 28395
750276849 56 40756
121396183 50 16567
1552660 6 90953
19685303 26 26316
266288653 15 33713
112198187 6 26056
617398535 83 68985
629710033 14 94555
1003344796 66 67820
1323927107 35 51537
251733227 79 54266
1431371246 69 95850
10537254 43 27009
803585520 81 47242
2234855957 65 69016
296593998 30 39888
641901939 59 74920
969393156 86 84134
201553494 36 89621
1446696955 43 65133
3749948922 97 90723
55952207 43 86300
8878797 73 25819
61049008 81 65450
5963753 79 14333
135460290 85 65073
1060503962 31 85569
3348173582 64 85691
328820210 65 30535
1258644 37 2810
3171226105 7 84812
1201790189 79 88782
29594111 44 25222
49100174 74 33658
808244483 73 85699
25455145 35 41989
66489270 11 48693
3070383020 37 90627
39257193 54 11130
2009941 25 5343
30232741 9 58173
12872142 84 5505
49616814 80 74768
1568528422 35 66167
63398 18 6533
185510029 60 35497
87905468 62 99409
58621732 100 99497
2538826833 40 87550
1190383 24 15665
32198475 18 22287
167681361 32 60208
4947680 85 76077
1047530884 77 69336
1687724 59 22577
326552 53 73587
426779384 92 49664
1417262 57 14524
681156721 41 65984
667744907 87 52362
1386703111 45 67168
49008926 47 74661
6219 98 170
281041101 74 85665
141416173 33 76708
1055882816 38 68143
563242311 59 38473
736465231 32 86074
1727606 71 3127
23077393 27 9400
132272630 34 81506
947217942 43 55837
1427440868 62 56084
3264827495 11 93533
27183113 7 13508
2484441028 14 93829
2619337 5 24736
1018090618 94 67266
10229761 82 43235
447573 44 50143
120341101 29 72151
44829338 24 10354
44317073 1 79639
3188181 68 13765
1 92 33935
39506696 81 21663
752255464 94 48071
904170139 61 47544
20169661 14 28059
381750090 31 41127
1107378239 96 97855
64 68 58533
8063624 76 21613
1605004136 47 73512
1715750066 72 63553
766465561 1 40113
89867133 83 66853
241518160 34 52551
244423044 92 28412
889197766 100 55312
325910132 78 31409
2437101 36 4584
3363349213 9 91146
105087515 33 32688
2934466210 4 99754
11533369 95 17408
381509553 41 85387
2815812941 22 82308
29198822 50 46475
1462884854 45 94003
72064002 7 22992
18154743 25 8506
599479191 41 81068
58670255 17 33933
487491092 67 43947
3084884184 77 90101
98690036 2 82173
1286108 93 3039
120788691 20 37192
1064004584 53 90203
1 98 3750
194075 14 1480
208244801 42 26023
178119557 80 20473
945395616 92 81087
5104157 66 19017
24644736 47 96189
1324806145 67 86250
9646 28 9486
2309986438 1 91716
176652176 17 80593
2987763 34 20667
2350364840 84 92779
76637737 15 43532
1317942 38 12969
1420307393 5 66748
394851723 9 45739
1798890635 83 74023
494086046 18 79037
1916560700 53 69569
879736494 64 88751
881495096 56 58892
22839592 9 27004
341252468 1 39013
232426158 98 23831
3442889 30 3028
59946651 44 82407
12033089 4 6323
34143959 53 10355
3516053510 13 92580
55451443 33 12722
1658 71 1286
60946 37 9094
57147069 41 23220
766360286 95 57277
16329746 61 6685
482212159 23 37033
271804493 96 66686
1036780970 93 61055
28121491 14 70268
517978768 20 64841
5820226 14 9970
1 61 3050
5602150 4 13375
1554100246 41 90089
8780208 68 15314
1601160261 93 85075
330113164 16 62289
843364973 51 54121
1591393129 40 63131
768946 34 6741
223229 92 2257
167606579 14 76979
2058567845 5 73762
523260886 42 33004
306121753 54 35586
955290 1 56124
1427728774 33 56081
250461559 41 26580
185928119 3 33715
2337833322 60 69089
1784462174 40 86258
125921951 55 28263
29213518 99 15648
764576291 78 47858
48703171 20 16353
2159541 73 27606
659997691 85 37080
384460598 32 63146
376190286 29 37937
9352617 83 71676
973650231 10 54534
469231 72 2423
1060454873 85 52658
471847479 42 38636
86182140 93 23277
1893187523 30 78821
612822976 50 64752
428819456 80 80733
40481612 92 24714
824271774 48 59115
189681998 63 38813
4121750108 48 96655
129430604 33 48127
53832609 10 93357
470297315 25 44593
13357061 100 19645
1495963027 46 76529
577661 45 1270
336002456 33 72453
13699741 57 28446
679549188 32 38032
80653865 99 14270
111289 15 9972
1415357930 68 55178
98467848 94 24834
138243509 44 25601
301724425 40 35447
672257351 86 42083
371785638 51 61139
4266300045 60 94866
33294020 28 13776
136343 45 2119
64495438 54 61622
809691005 57 51523
30563762 39 21642
135452345 100 17917
551570760 67 67943
895785831 52 51210
380927605 71 38545
18830543 87 38262
2167580826 80 67026
17505915 9 72997
110828747 82 15004
468992873 12 85830
660749 37 2291
151160294 50 48037
9946840 91 15932
887679127 56 76635
7983114 51 93879
100566966 37 36199
1094006691 44 67047
11371506 51 78778
687491139 20 78427
94031871 53 16267
1022453330 5 87842
547894379 67 51727
76341438 52 50342
791698506 18 80215
57208456 25 45322
4649985 78 51333
1624802050 97 84153
2929081295 56 91063
2219928399 85 75349
160951824 32 88997
71343166 22 48310
371640382 84 82839
90219171 83 96968
103688755 44 29675
180336275 64 91653
23805435 81 9135
39681674 57 57697
1767214 19 34406
13652509 19 28357
290103353 55 46277
67569 52 46413
2465179538 33 86656
3430921795 92 88661
63939621 5 46683
197209450 85 25349
691745957 24 86731
557776047 96 42021
2071675 17 67811
369265830 39 36957
1 32 1128
949186633 94 56632
43667565 28 77750
1968175 32 7550
206041936 64 51446
6586388 24 49741
1125722531 43 92132
875820468 6 77967
12703866 2 77079
1646527694 94 87983
1299757780 55 63606
504067 45 68455
336413328 5 31042
532462257 38 69728
370581917 60 84318
471081166 87 41554
3969015 1 74234
214929318 58 26718
3462093195 38 92290
108739073 70 17822
26369718 3 43551
865520850 22 75985
317356102 31 29077
63995426 2 35370
30767135 23 66960
2085735866 89 76689
61193272 36 22392
1215205110 8 58222
755 63 2875
64528982 2 54875
51961262 69 96352
33030542 24 12747
104351189 26 55711
1705 16 11358
303161663 43 89920
343848061 69 38216
41966179 81 19544
34147869 54 9267
201189122 50 71914
378006363 63 31414
159055466 93 64410
14099 80 40334
22524572 71 14573
170504555 23 38784
1593892120 84 77530
15103145 90 5696
164451009 99 47716
44127071 2 27855
3109000730 53 88929
35855834 47 24248
157316086 3 46230
3302056083 8 85439
150172 57 7947
768234661 97 86160
1395618252 45 93859
1083234190 97 46741
1838753691 53 66265
46723363 10 24091
659092 88 95290
995330502 94 69398
753838551 78 91234
99459203 30 76461
174170538 7 66222
22721 18 12824
1366768975 61 70834
74834160 72 13671
1278593714 65 53718
527950969 16 33135
117655574 85 16159
112601026 42 27508
179437533 39 42665
77355490 53 53112
759192439 71 59970
3885319728 70 96757
808223 48 24005
236328718 4 38278
1837782658 65 72690
3986048944 90 96459
41566720 83 93320
303674387 99 52360
1821276453 50 86089
236756936 98 22239
1393731497 52 83459
88830649 74 25140
2057626494 70 92378
236819473 63 49871
1409631 39 8302
15034700 83 6895
243079927 40 53778
750700563 44 46355
1481828832 100 78217
131397070 30 64143
60647504 88 89507
73144015 52 20115
17961 52 261
1140019192 10 54691
37252993 72 92473
572474483 29 63426
3252561 52 54437
3741148715 60 91053
468012891 83 41185
1117565696 89 62160
18834293 94 25789
749255513 26 44421
320449334 52 58770
1551311167 12 86298
347383946 69 61312
246923449 56 78240
81812 10 82398
111674496 31 90935
176646075 94 38467
32256163 23 9054
3715669456 23 99032
4270743 63 32251
1492300428 85 66816
261216343 55 36875
41340988 50 56053
20172759 41 9659
550307797 58 56619
538425 42 64591
1050576 49 28183
2534404 12 7002
280979848 100 67220
90198844 48 23539
919624387 10 47288
3137630688 89 94586
408189 72 21923
2367924288 20 98241
57677776 24 10850
1172318 61 6880
1109214524 100 90764
228826329 96 73565
1040090634 20 52429
11117 13 1010
191749 13 852
232570262 5 43283
314535187 47 26282
1229165242 52 58487
166733 34 29686
113493723 94 81533
19593192 95 51773
323752179 86 57191
902750726 57 46249
212073691 40 99913
1775137 11 58303
20439678 91 79293
776552836 59 57618
313753169 11 63421
28921222 70 17288
731320741 43 44011
170414088 99 34329
383166212 33 37169
1365345305 85 83181
2424520903 96 88029
652585556 59 78072
17029 75 19996
403901560 74 62138
2450610802 28 77585
1715829075 52 99198
3169269374 64 98205
42788098 35 47430
895896599 94 42980
2929865 13 4221
75893252 64 15300
1358789464 41 77750
492588893 96 46486
1260189 14 24989
482326 32 2123
7964183 22 25207
339360943 28 74591
175505286 89 20423
39983099 80 21460
1326894888 60 85485
228224468 23 45871
21180079 74 30912
253523643 49 51608
1996799 20 30357
54265703 6 58812
12214826 27 9441
24804958 83 20038
17494799 25 43054
923 12 55
512017162 65 75941
360011618 54 75010
35188591 96 30328
82394333 48 21887
922774564 50 70374
2559631994 41 99493
53940824 49 17150
113214696 87 22518
2417109219 40 83271
50133 74 659
273419662 73 44738
216127305 53 23203
4551991 38 33001
678038707 33 72434
53617200 13 30897
190412976 89 32216
2040388307 62 96351
995327020 23 44593
1 22 21021
725538684 57 45600
406250045 12 47098
11354693 78 35897
545421412 10 69106
33028191 66 14423
95015934 77 54837
655216292 98 70355
31572509 62 61089
316818099 44 38630
1761054640 8 68246
2393279645 3 85200
63474686 26 37190
1612114253 73 90085
554643780 56 43640
241936047 87 90976
88416 59 1574
269566 63 58836
783096009 45 72581
351041177 92 32263
42882 22 1703
580608141 42 87199
234576629 97 50633
716551479 9 39241
5662644 6 62572
1460242 61 36883
89336352 69 63414
837166262 97 46608
939224584 100 79951
4413084072 74 95317
12204374 52 97077
329795492 51 88318
205822839 21 62615
456866161 53 38638
118766252 76 64970
1455274211 50 57259
3682649851 99 87009
25802204 6 46787
934800 71 13941
435371144 56 29838
9227514 34 12699
61278446 71 28613
98840 6 2303
408682111 46 96131
839353589 23 70414
4404614 6 3467
831540721 24 79230
3713270131 18 95849
284669453 85 35751
18613414 40 10890
116800602 99 41179
1349698721 79 89548
1109150871 65 79306
6088301 43 5493
10405841 31 25938
3591696 15 70717
769328 43 31621
17872960 46 18918
8648125 11 50563
3307940 50 11342
878549 26 2226
3241586 22 7446
87992228 38 89029
4050644 4 5397
179501400 64 35384
42033332 41 43535
1401495315 22 70370
3214100 89 3228
99210428 82 34777
90535365 97 45849
693780219 58 47414
618943883 2 74645
29688907 26 8885
307303359 13 63803
241431590 51 40955
502107 68 10773
20865517 74 35056
48852245 26 28328
1352581712 42 55075
911158202 96 83528
100431795 81 14496
1111189061 82 99000
863593174 30 73897
3610850421 34 93228
213076552 11 29604
5366972 22 3360
447655354 70 93070
39324242 70 83185
169018181 87 55247
178054652 85 22270
29767035 44 70811
176357830 95 67652
110470361 87 29356
3497694522 35 87712
3662699697 73 87604
587838285 15 76684
1510153 32 48758
140508500 28 58821
334016227 59 76333
35393058 4 57909
680745388 63 39898
369670838 8 90378
141928140 84 17053
25160816 62 15685
1010223352 51 53884
1340967124 74 60077
27444450 61 12881
249970992 94 26527
145918859 70 79923
2524868 81 40427
913631869 14 62039
16650529 34 42041
215315296 6 55199
165396029 17 45001
284426911 78 27570
8296342 55 11133
806777919 74 71954
794473483 88 56773
251258606 81 79506
220565878 34 27386
13422584 48 26177
399408895 84 65650
165302710 73 26105
1131801610 38 88996
3737843 63 2743
354460 100 9669
232681916 78 29058
451546 42 22236
16655842 45 53863
299319949 63 86931
61453950 94 39425
170898810 23 45032
3481453 12 56568
801362703 88 76724
68239527 86 58335
1566583602 33 58799
405679418 12 53096
1065310406 38 88940
276672377 75 51365
536003620 69 99913
1239183557 59 76674
88362 80 27943
9129420 26 38348
992038156 71 70071
171363004 74 43624
604720370 63 91882
2238314275 79 79200
989965568 71 60346
342160 19 1657
1239938621 42 54817
263543565 27 62894
4130165 14 95510
10018618 65 5203
2512691693 81 92726
90481201 41 73098
3821241420 34 90923
2662368009 12 80488
6764797 36 74963
189014287 1 79385
3826073 40 13578
715876 70 11019
422977391 85 34138
920074347 53 58923
54619113 73 79793
8231652 29 33991
101917942 4 25453
21137976 80 56469
17012769 65 37567
345845515 99 32169
18753011 43 16322
24376987 43 43729
8436111 52 87522
2229365209 21 86195
173149090 88 40193
239038374 18 28124
1841053650 77 79121
385116522 65 41310
45547625 31 9852
2764310416 40 97757
384701367 49 31142
109267966 77 40903
27592699 63 10895
169920787 8 95211
715715256 72 55611
308970191 68 80463
1207826499 49 75924
723269238 96 47924
1173621984 14 49884
847125238 28 89336
323724536 29 81931
1758920349 40 67029
555064160 93 58087
1102554 60 9744
205739 65 636
218362266 27 34403
1039948 88 2644
41532 40 1268
128052682 76 16870
38178771 23 40261
14137279 10 30090
2973813406 76 89562
348853634 97 51432
92930547 51 63032
13723201 41 39992
3441845609 18 95833
2459945016 17 79464
55203073 8 20483
1349302606 60 67391
1175398 87 55539
210854057 99 32124
729073 42 76086
47783086 2 82910
1683290112 51 76289
77330437 49 29386
2046207952 8 77544
259156735 26 92336
1139588675 24 96198
2830674586 31 78661
309725418 17 50518
624029514 51 52006
61753478 79 63956
48568086 60 50904
189156589 28 25577
1696761 84 39079
146434101 97 77218
204934619 38 28848
531607845 27 60205
992663467 84 68507
1607014861 49 81402
27413907 24 14364
308872007 13 60343
742200472 67 39504
89267355 25 96844
3352677737 84 84759
152642693 35 31042
1419333950 25 86511
281416960 41 28094
354941420 40 27252
6769858 42 4125
254656466 58 57235
7474192 60 65448
2183786423 55 90634
116272492 11 46520
12420005 13 22875
15825942 33 12297
185313645 3 66635
254039232 91 29839
392514058 23 75193
1078112979 59 88082
41222131 58 30022
2096489836 87 66158
160496010 45 42073
289886297 61 43431
9234924 51 12605
12963880 18 40008
234815240 22 73622
52830654 40 11227
299505329 65 55371
156443596 98 23791
75816339 22 24529
1210539 81 10348
377160820 11 40557
3684575 88 25448
15273895 63 10407
742057619 69 78785
75202961 52 50891
396737928 87 34549
538863118 41 48094
653998173 58 64856
345002380 18 52635
20485521 51 31193
146704478 66 87904
10628262 94 60191
1101350244 77 78988
529081080 100 55551
34143512 57 42291
343733296 37 48219
639087744 100 59630
331306849 43 27218
2089823822 39 85849
1065782 74 6706
67796957 2 20142
22717067 53 56575
57088058 4 30537
346850043 28 54276
3394069929 54 83751
115549 59 65411
1 84 539
67224491 97 29416
39771674 2 24566
294103512 66 72778
13258714 25 28381
24326 41 257
680969605 61 58902
223682334 32 24863
1666839067 6 96077
325967929 97 35477
1159220942 35 80465
846161 63 6652
499200113 8 43119
6186173 57 27430
314752522 78 55374
961601712 91 60958
23335878 13 22389
706716724 39 82493
3245108035 55 89502
270180422 90 39968
57112115 97 22305
1333501516 73 63676
31804402 40 64040
323241825 35 40634
3999371628 12 95508
2642531 12 12813
11210459 30 21381
1801232998 95 96216
865845338 20 69094
1769307242 25 80939
773726464 45 61198
556546724 89 91459
109447303 12 73468
368501815 78 75611
118567106 49 21256
880223203 35 60208
2837450 45 11826
1344969497 84 77034
51185934 50 10751
1003825860 65 72885
2989928148 80 96725
25556063 8 15377
2474758421 30 72166
546260353 97 56667
56569 27 9116
542332615 89 46828
132574088 87 68629
14176145 86 26009
3768194 16 3958
141612847 8 19628
2115751 36 11415
8392115 51 6306
3629993114 41 86338
104870105 85 52717
1210009 42 64289
3986529776 25 90303
1687420236 30 62430
1 53 22369
139391186 33 35732
6223215 62 11071
11590055 48 72726
594642172 10 92143
160476045 63 20099
83624006 60 20931
52858321 86 16175
197286369 67 62608
268960606 71 37987
146191780 30 24860
402801764 1 44364
16107717 8 86071
50833730 19 25640
204157289 21 72680
1194129013 16 49365
221808606 53 22219
211722168 64 72225
16843305 89 71547
306299 66 83776
14345204 69 7250
34501084 33 25041
1281897131 83 76589
212260927 60 45624
233821381 39 27394
1846465225 44 74431
730370194 97 52817
1714443 40 3251
756024966 74 74177
1773525791 33 89225
321185104 83 57642
728279 35 16979
151795 62 62117
1490797806 61 85515
11209874 25 5517
393515 22 18400
526283633 58 42732
963570 16 4184
34407688 56 23645
24851755 8 14544
101159 27 52329
231251253 47 24202
1625544 81 3881
5855361 91 13556
253287952 51 88029
392817443 25 55254
615329464 71 37066
1 51 49817
105981710 82 50726
1700799858 63 76368
4370882236 40 97168
2536900 12 42900
658131 36 5753
21700440 64 41583
470925548 91 33084
1054922003 1 74778
634602516 99 39274
15169 23 23403
1138151885 95 48701
169666302 47 43381
15182433 84 25567
91152786 81 46902
32741619 36 58967
3174579927 49 80016
137070688 43 19836
5160761 70 42080
2074536063 41 76878
3587125913 97 97064
1280853306 20 54168
47636195 6 47756
1068772978 56 58555
1411177426 51 72817
293470 80 1925
163932870 2 21139
122389791 71 17392
91940148 66 43135
3445178321 39 86440
631649795 27 67803
429774 64 2536
26976875 14 16945
121274006 91 51464
801 18 21824
7976 68 10727
98490059 30 13956
1335867468 94 82294
1586656 20 10062
67822756 16 15562
1496303922 66 90203
26390450 60 23383
2253 6 48693
63972674 62 89671
245930723 1 64933
67000283 55 67327
320313929 36 36821
7639756 82 88746
268263343 30 66484
1591751189 23 84689
5699957 67 15060
530196131 22 63843
2165031404 36 86465
106981021 22 61594
36829453 12 13078
113497400 3 22885
2026763 88 2060
481424690 94 58825
50778591 2 55868
187723230 59 74807
108169407 87 33897
152805600 34 95122
2211609 25 4973
1443675418 87 62885
179958139 43 79053
1176721341 16 80501
113009361 72 17539
108520665 30 40381
63094642 52 45233
106062790 1 30400
233347649 20 84593
41647318 83 80398
128615794 78 27139
23356 81 1130
4355770556 61 96463
455215803 90 85620
169394307 3 61388
23421257 53 9958
376232855 2 35276
180633994 100 40204
4308236 43 3626
533322191 16 48576
543893855 96 66293
662307979 21 86744
109490546 49 25898
190702522 24 41872
17365408 70 8633
689078672 3 73077
189377378 94 41390
241739291 29 48377
1558237874 43 73861
30602896 17 68187
11799038 63 7920
411084697 57 33370
260421935 10 60311
495171690 19 73345
93914498 37 16197
805005368 13 80133
3273320849 86 82844
330794754 29 26673
3550864182 100 97861
34191525 39 91602
825551790 31 97709
1703081618 71 89630
1484304269 22 69354
52478460 79 35763
545443980 38 87762
196274849 6 63261
869346524 35 44629
2094872329 73 66306
237518759 47 58468
16502942 86 42448
681374 70 70088
3858184727 14 99933
7854933 45 16903
100021780 91 17911
615998259 77 49959
328805742 24 57033
133576177 8 98083
142491009 10 20836
647453919 50 39822
155557367 37 56384
472521879 1 41700
48271693 44 17285
1401651027 77 68943
3431304271 37 85173
4246671944 20 99999
1736835266 64 78111
879947 16 23609
32724279 45 69487
2242 25 783
373678680 20 85471
264003 59 6268
39824292 33 20389
774248140 48 44765
90516744 48 75178
25683218 84 12559
1804842872 74 84827
399969068 100 89267
21861885 94 93219
4819285 4 7122
385085877 22 48404
1168855626 33 88626
218940579 36 31205
3185207842 12 99399
608615792 99 47615
18895 37 368
740182645 6 68685
4641076 46 78806
2338918549 78 80119
1490735773 53 72808
77304357 32 56300
83181118 83 61841
1600589 83 8291
78186046 88 24492
1430770576 23 85904
857004031 91 61499
155467 48 94623
1612237994 42 66745
38594128 67 29268
339786547 64 48727
2035384 52 27029
33014691 89 14908
297937335 28 82487
7606890 85 35745
89103800 55 33429
149585001 100 47110
177699009 83 43625
44320023 20 65607
535786351 7 43766
53683625 72 20637
2349511558 8 91475
8728127 47 36878
3465390074 17 91648
306024281 31 57228
30182998 88 19429
651315055 24 73494
764669814 68 71183
70553630 74 51863
1690904440 66 71866
621577994 78 71046
192353925 25 43672
8802906 26 11788
986358131 32 60657
644982 22 1668
106252365 79 72792
3505116222 31 90372
153793728 23 47229
68547935 73 13864
549979351 76 36128
174716396 67 25221
12940950 75 63597
120812971 37 17978
137891359 12 50843
510575117 6 40198
1454745275 13 71986
41680330 28 21945
2769502 65 66741
846238495 24 50535
524023549 7 32512
249257727 100 30948
986810174 56 71369
213120804 26 32017
199092652 38 58455
999880421 61 46643
207634617 5 28364
610167354 5 62130
102729 21 3383
156626890 43 23206
50797601 73 54518
3145571 41 21258
248815027 94 68226
236494329 81 31149
266065341 30 80122
97149850 84 18931
9483868 33 28489
55015420 78 32141
286763007 25 46609
976106030 49 79595
3490335531 71 96845
1694041 29 55599
2959249808 44 88194
28699124 89 18770
200075738 73 68384
2020650050 33 79649
30408353 22 35442
68816 22 6472
1961680544 40 77047
18712 2 403
19667250 63 59735
51657225 87 36217
19564927 62 52115
631164792 32 52045
2477156950 95 98204
342366826 72 72833
84316053 12 49221
32394 24 89382
1570114782 17 67182
58456059 51 79160
171339575 23 82306
40818009 52 28260
13368113 76 7867
194441644 45 27388
1395014766 2 84606
769403 65 85631
3529252953 10 97341
1340131799 60 54424
243357278 35 95835
11368635 40 17298
1236209051 38 88784
23086666 80 14452
2495841000 6 78278
3132955 40 68251
279404725 61 28992
10946380 56 66702
54429001 100 39197
283410269 80 25032
62185516 52 30555
231990581 76 44509
11840132 19 33444
48100727 98 21269
12408488 73 31906
418478 17 1076
181487708 56 20837
313808121 78 49467
37839085 72 46988
761855439 57 39065
57311913 74 13614
2829170130 13 92632
1 60 43670
129138711 31 17247
25237 43 4643
3638153 61 45435
1742017608 38 67053
381517146 2 91580
110849069 24 71332
87634014 58 14714
348306121 61 28507
1003958344 93 45228
14432097 69 30576
6096724 88 97729
1 42 47
342354159 57 29083
270227728 74 95030
463047928 10 42345
1341769753 65 98407
1627912207 97 70284
754104561 59 50414
988040 30 8479
2521848 37 2347
36658992 11 11435
347706 84 1035
400445723 95 37377
297992669 49 49385
91088337 59 45637
12708 26 25293
4073284 52 3379
285724651 80 24957
1192867566 78 84768
797262012 96 97153
1767788800 17 97909
199837220 13 20408
10152884 94 10947
1926482060 93 77046
534437992 39 35902
19081610 6 15522
987397879 18 91211
11146742 77 5545
12805480 58 80253
333135187 12 63294
38896247 12 89267
1573135369 96 80701
50991 67 13616
375085364 19 66975
7110922 80 29494
67084634 8 18714
227819423 11 71050
1999095143 54 72260
10703820 76 10981
3939321701 88 95554
36794584 91 14987
1629171126 89 95166
4569336 58 2974
264693061 11 29481
1746285582 41 67109
1332140948 6 84661
541522197 83 39345
3442526833 56 84149
962959991 35 83486
103135507 48 32396
499808854 80 84630
28221797 68 60809
1686754101 81 63803
49165025 99 11829
1200265953 21 86742
1245957 47 48467
1741144 39 5082
210327130 73 57687
1479058955 32 67780
70053208 3 14460
2685901238 6 74619
369093655 91 40251
84788675 97 26153
73193767 66 41314
3703635029 78 93826
177215186 89 48025
1037296421 40 56868
105129924 16 48469
13638857 100 80758
1298752978 96 98511
153315098 23 32986
6226759 85 83246
50064354 75 93231
49422170 64 21466
23273375 45 26644
587305535 94 35171
1539678654 81 78991
690377021 37 43321
1032612229 57 47770
28839 74 12828
56623978 82 17606
534548901 13 54959
1 29 84425
20608986 45 6598
7310798 54 11080
3797772 68 68028
144728336 83 73110
43878317 74 11449
4798011 21 27374
714733618 67 38666
452135861 65 34497
1091537288 81 85272
695177207 65 49011
18696697 48 23054
479360072 26 58173
7680533 54 54055
39170501 79 70459
76605982 55 77402
3652826277 60 91588
155904727 57 31211
2703931947 49 73632
685366986 12 49843
320181298 5 48739
473790897 32 94507
90214969 3 26065
471686 49 1433
632410673 53 58314
267369970 65 41614
1713005 75 5429
448377374 98 43846
165016354 31 76340
120850606 89 24169
7595748 7 5674
264673305 77 29418
372689975 86 27430
130077273 36 24786
80303527 26 37443
147895071 20 52406
9760 33 7141
6371821 2 8745
33723 100 4396
391005 48 87241
283401110 7 26515
2458966 51 86720
899430294 57 68556
2150804337 24 96097
761923386 56 44881
8489004 31 62251
300028 20 60574
481810640 72 54966
18282022 45 28772
652406610 50 39813
90960917 80 20935
57841739 36 35963
1119473 53 4109
634751066 56 41254
101448267 99 58224
938288827 65 56302
366969714 4 74377
4486311639 15 97515
5367525 6 6633
4224111537 17 96394
66772633 49 22579
341810205 90 67919
48919145 82 17918
2367464505 65 83591
2462909 2 15182
568003973 3 90922
42770985 83 72197
95838037 2 27440
86861193 28 24714
45104815 20 54339
4053102 22 4177
316590906 24 49252
1111095440 33 95596
2374706089 2 76169
121961712 98 68295
502645103 4 63622
2485120 65 12952
393889101 80 55859
222367 52 992
53941065 59 34060
406224823 35 85998
5460072 48 18925
33776724 29 34036
103429556 82 66781
44535039 40 11812
593693524 71 40404
1471608592 7 73857
21413633 19 10784
1109844 62 18491
17742728 26 62006
1536788017 74 97497
4334766 87 31097
298487072 45 60187
1165748882 34 91769
4323726102 37 97182
701340182 100 76298
58564 84 51358
6205 18 7086
80134948 23 65397
159146077 12 83801
17940 40 895
807786350 41 63854
34904547 36 31029
27068862 26 12851
1098001559 57 48997
694304 91 50261
173285510 2 52884
228233894 8 47957
2021307647 24 89721
1518411827 46 65805
671660928 30 49636
1418491698 59 91370
17619569 75 12425
1090298996 62 83250
3227125026 24 96343
88798108 74 32619
1441020360 38 67590
3917698 54 4559
9071307 3 9570
11285368 60 4838
54988077 38 16337
208563150 1 22564
1151825685 55 71808
514953756 76 98363
98127584 82 64060
1105898 74 1756
213674527 80 73188
2354344094 68 78972
720437979 74 45277
362739741 100 40617
278570426 73 24572
9286034 71 8779
2932721592 8 89322
1686641825 93 83948
234750793 42 22809
4033598814 11 92048
292515090 88 67647
228011451 36 22898
99430426 68 47497
420998658 86 37217
1543320559 70 55558
3605488659 46 88997
1264206565 22 66401
213600713 17 52257
69577007 65 28253
404238731 66 83699
10494910 58 17174
2509926262 66 78952
137305121 72 22065
196339671 85 28241
2117362 29 8137
4209997 89 59236
7842954 45 76519
613393663 56 91567
753093684 42 52556
1393414865 60 96601
1525535 86 86220
220738657 72 23200
111737106 42 25168
166912507 53 45244
94806626 99 36476
248669536 54 58776
107052441 55 40209
542055069 48 33138
3121664 63 24259
1734758449 89 98483
1117444539 48 71934
106354 13 13401
28519360 99 66742
7503103 34 8296
1258210 43 89223
362179982 79 84826
25821897 39 22233
30484287 92 84811
36263145 97 74736
1214161335 38 60099
67225 11 20742
903870904 33 91276
265690262 31 86082
163865465 69 86482
4381263369 29 94922
1 48 11453
491702 67 13433
5426799 90 94465
866770921 11 77816
5775665 50 59524
3770564 70 3276
472636094 60 73275
78900038 85 77273
416635 64 28639
4820439 21 34510
1596802351 18 66174
973933276 57 77503
1044605303 12 48887
193342 45 9496
2102273300 34 86248
149299 78 3070
103589727 94 76285
10577896 36 5391
264111617 10 76284
1936929917 64 84520
629236 89 3147
793752445 52 59942
767221176 36 39621
45907690 8 22201
384826278 66 95869
4666796 49 8889
1807962717 38 94441
3853239403 60 94022
3489311 85 17937
40763342 29 92149
218826945 40 98186
51247320 11 19809
1135670467 17 76965
11236229 3 5740
713854168 74 48910
11230982 62 5433
3859383 79 12717
67956417 65 73754
578813422 50 73271
12397654 76 6482
807853993 62 78513
971384910 45 92563
2916240623 23 85477
4359984 77 15851
1145191025 96 88763
133148366 19 47587
898887 64 74295
2938080 21 5510
580024896 4 45648
987129128 76 77756
14975603 36 63252
174623212 16 36943
43548 4 89300
147265962 42 25306
163845114 25 20941
365455693 50 83201
1486441256 41 91846
3515369 56 7708
214247759 91 26575
173917451 35 74936
286527499 69 71885
2728871387 83 88006
3709151956 45 91031
2720400677 18 94638
2830152270 96 81996
771503103 78 70236
121734697 84 20160
42313588 9 25392
11224885 8 19181
846382664 70 92994
466323608 30 39787
90714156 99 27393
121626336 66 79924
134921725 38 99367
6823448 7 23380
442492433 64 92852
35720225 17 34534
180350501 66 56273
448831186 28 95717
7314848 24 10354
816116732 18 47839
1077304899 23 49740
6720 38 1290
227164005 63 28438
58136135 63 45325
139299832 91 84520
344817860 26 74935
361793450 89 55880
592931195 45 53414
694985524 16 73969
394082834 8 68394
150292189 16 87810
1268603 93 10082
257362 77 18376
87211 99 58030
832550 81 23231
4002366080 58 93663
642495354 85 37888
1191653624 9 55458
101763876 46 15530
1439818109 100 86970
31249123 27 9603
87685 22 3844
545125578 92 48500
99822999 47 64113
116091730 33 61779
1100941 71 26558
274912007 7 74117
219978375 28 46949
43312475 66 16904
2312153 100 82006
6741929 24 86926
1756380858 88 61080
4177962 83 28112
117789990 70 43064
113076237 81 24544
8167013 25 15216
494846159 7 85621
318373907 27 66484
2596609617 6 94876
626224351 16 38306
15833884 16 27038
577287391 19 35478
5338196 18 7767
85206767 79 41977
381580130 97 28174
1331583873 30 99206
44995890 57 18870
726484607 38 95343
1032027325 43 47878
922136918 22 90663
11116556 39 15839
1957347650 16 80752
216110402 93 92368
68735649 66 69233
287300383 75 74303
118181438 17 30683
195036879 20 22755
462727934 70 90961
346059332 95 72422
367805843 84 34307
25128750 24 25177
660272 62 1189
1012935 83 46983
4535443 60 48988
6052593 36 75052
1689053 80 74268
205170097 72 45923
97891649 29 33293
238863630 54 73992
132847161 43 38613
905 73 2816
1017664 17 88565
1225722802 93 49427
835588097 100 65536
518883032 84 40069
2271360062 88 73074
869254388 60 53278
461261376 92 54990
4318567 31 5424
1671792 28 10675
1700672 26 2246
1401953 4 2154
144490860 60 30831
1798328595 41 72616
40072025 35 21169
122308093 80 51111
21054 29 27888
5486556 45 17246
59876303 30 19426
1086776435 94 54965
1374281007 92 55464
3391070 88 3087
910363970 58 81536
8622734 21 26291
1787965995 99 62678
36727131 12 57059
222924585 93 24458
1937624979 23 63109
9473765 35 8819
127765698 76 93174
510343 97 23458
15342015 52 40127
47759034 73 10881
71161484 91 54546
16387441 77 81153
17222429 30 38776
542925 10 4892
2795806022 46 74870
79249 34 1117
1095777968 55 91865
355931694 34 67285
33256078 100 50047
774060806 22 84113
280616284 56 25695
1099709530 55 53096
181388278 32 24154
412350869 44 51109
161710955 45 44080
89276247 10 48578
2438256143 75 75298
129948454 74 17169
245869634 77 52758
1523087560 9 86224
540526285 82 45884
512961263 52 37717
1435284379 75 65788
183552053 37 31956
3664934858 51 92116
416179812 23 71489
1202 11 87558
40818137 24 10778
24054127 46 97067
427610509 6 56419
604752007 8 51409
325076892 32 29095
7882066 47 10531
273115132 2 55929
221880550 5 89259
2152923 21 10048
403736007 52 29378
64680443 37 52175
4442911 57 12375
2271240796 45 80302
896674402 26 53737
1998906294 87 78261
1197502732 2 61198
2412492683 71 75888
507774855 59 64303
89658546 49 23655
163625335 87 31448
1593586671 59 82177
1410658937 73 96256
1503623540 21 63297
2144888733 17 69615
1994854279 94 64139
50487798 95 54384
1413655602 27 84937
89250644 59 50637
390220332 39 96477
1053853845 19 50505
740564586 36 97132
1266719128 55 98988
262239572 94 37174
375612575 9 74081
684873632 92 43035
76939298 95 37440
85067158 67 26058
3491224 45 8045
342245894 100 76581
375509 65 2467
771839154 53 73317
42328227 66 54451
387295325 27 89173
467288323 32 36786
1380225797 22 59024
11233354 11 5054
48493680 27 26316
314553791 82 44234
979454395 45 52624
3594343 34 19315
28986314 94 28555
1219487359 78 69965
441529800 11 38123
131904817 53 49572
1672159532 11 66508
32481179 45 24532
1931327756 11 88933
3288938 81 3068
1614645603 2 72502
1374989492 61 73835
299487018 68 30676
718492859 31 87423
12349517 80 16351
25908347 18 23908
37665225 2 69138
3108469210 93 85625
1039209 56 34717
999210 95 93296
1 60 671
143479888 100 20829
2929816349 17 99683
3176024427 28 94704
3144837124 95 94685
1051366 39 29360
2501881 89 50052
122794934 58 40208
11334209 24 66482
292344441 64 46636
319911213 61 47197
45291112 37 69945
967818684 15 50413
1376480651 5 91109
512753163 65 41624
960273202 16 91665
3532557 31 4872
3065090 89 13781
816617877 20 51830
1225366707 22 86023
3117082887 43 86535
3858760333 73 99229
501706 17 39371
5855631 2 26674
68760561 88 76509
4018044729 54 94657
566344 89 99724
981648918 48 70465
2915983547 60 76822
4990145 79 4179
918861898 64 55070
708485 38 5527
9188481 62 8977
1070667611 71 58285
3032106 91 3469
97694344 58 19093
45280106 15 43818
1356843570 18 71442
115504 18 1868
196537789 58 69929
14887266 18 16882
3962994860 58 92983
113627743 6 79212
92958398 74 14659
31447 89 358
20235420 36 12804
29028752 84 40703
22187848 33 65461
3478878 28 29372
370244 43 79050
119416712 65 73974
2717405356 45 97605
12280001 65 79487
302607304 32 87289
18664054 61 6522
26171829 9 16593
352172715 72 43818
428768711 2 34925
523738601 96 68879
882566166 5 50333
19184225 71 27249
2678097932 81 76374
3327937065 42 91585
9295923 93 39011
54011 21 401
15820617 16 47949
3493632284 63 90068
1980201 30 8789
1905720841 82 80705
3907265 21 36489
3236018139 98 90354
88134635 18 43148
318081794 25 25705
84375945 56 65722
8521794 48 20200
4935220 90 39642
151895836 71 18925
374188 98 4142
3536290563 38 94926
3066382811 18 81028
194796601 81 31148
1003832980 48 96819
3470011995 4 94496
132311192 33 83280
4192824971 45 98075
282312800 87 64397
392889 21 1383
35619745 40 82582
1542585707 97 84784
192859189 55 32411
111828032 18 64299
85306991 19 18801
493124748 6 44087
37341549 40 98444
25203226 12 16409
192660410 45 48008
338887324 24 68972
6978 76 2259
167950864 1 36394
398898784 55 35822
1769776957 38 84181
362008916 79 91453
109375922 41 21949
3836135 93 5064
82170200 47 27883
703365031 25 57750
109801437 96 17964
68950480 78 25045
3179567583 95 94251
131278274 68 44458
172340941 30 69809
2652980868 95 77229
67347536 28 58408
15374418 48 69797
805901765 88 67643
17248728 1 24801
433808416 72 69579
77696095 6 20845
19832700 42 8244
822725076 7 89168
11449069 47 8305
240339034 62 24850
346965769 3 71648
25718379 27 12958
58992378 99 83031
85652532 36 46775
447474 39 2769
23860563 64 62724
27569337 68 32829
184819723 34 21994
6191693 4 9760
1853220 27 25029
3019826 25 3749
21542271 45 31248
7619614 56 53504
562760470 62 40970
3637895 80 2987
68120 86 18003
801312930 97 75662
219958127 100 72016
688772718 27 54254
300565475 88 34487
59270842 31 14609
97942495 69 29300
89799507 37 15746
337503551 55 75267
552603145 5 36190
72723312 27 81535
186092479 60 51925
34726745 80 11662
605531 5 1910
1351903193 16 76626
1593594621 5 92850
1322644017 23 63567
16081891 54 81031
309641717 15 31191
1047953160 85 60893
1926233 26 26611
242394185 72 40188
23904851 29 19161
2064917 96 3711
799989720 62 82192
140726962 63 21920
62260411 92 11974
324039642 32 25534
1867003556 42 99349
972800247 84 56553
83150815 5 18211
31560601 21 51372
339238 50 2209
116873772 50 18951
2042035632 75 64361
473290162 15 33611
613845444 24 65122
640773 59 5263
123147871 38 86181
1473930589 85 80259
1216151501 42 76853
2598706 7 42152
44612589 46 10182
776623153 90 41240
199193234 75 48904
281063713 95 40850
792970892 58 61317
84718886 44 21193
2790992315 77 95249
836430461 70 65168
459001359 53 47158
2552547333 1 76584
1641694478 40 57222
486229763 88 73634
2738278991 18 77088
455442414 29 36644
1940212747 40 63429
1498660578 48 84651
23953263 84 7222
3124238892 2 91338
703000978 6 82083
793303754 86 43291
67326150 18 47362
148499529 75 36418
248952920 46 25001
355435948 70 88119
141128 65 60548
2557363924 28 84146
56693255 50 94637
60063 85 6142
780982456 89 42129
3681608741 2 93043
420354203 42 72118
105478063 1 26100
16409206 71 11038
393621632 1 28710
1852429304 8 92722
1182019975 66 80264
5318000 83 6221
167766988 49 19328
675801956 66 44527
801984695 57 74582
541522869 34 71498
2366486152 87 97376
26403924 89 99571
573348397 14 43830
14405136 19 70041
1084019461 33 88224
602793166 93 57126
413530763 68 66434
1554523292 94 64921
224851501 9 55258
1721318134 100 99280
159200285 35 45561
627357129 28 39604
280384864 71 51801
55174696 57 15573
28486189 86 7591
35811628 35 23545
1736903057 37 70672
4538756 74 5008
232173304 61 82722
696054985 29 91772
61554942 88 68588
3334553035 55 81564
342778 46 1193
345456005 15 82953
65125742 26 75645
229336564 78 30984
2138833 1 30571
268310748 71 68120
1984344 70 16097
2400505854 93 91202
3848154 36 45803
160647862 66 18079
137052 63 484
850991094 80 99198
4405917451 53 96324
300833648 41 54102
9527765 38 12442
4128845993 34 97827
6485224 40 18532
1548196445 51 74415
2205948618 78 94558
223682936 10 26994
4608168 95 69322
58193641 53 33136
502463668 71 60553
2987137973 24 89374
3089546322 27 92548
39619031 100 32488
298863481 56 86599
10772673 17 62332
394400140 44 96429
47952461 80 59948
2670294911 21 96295
46945182 75 19293
1592 54 36028
478919695 57 92970
48689157 20 14171
60196 87 86049
555202787 89 94618
770761 34 45894
1759697547 71 79838
277811014 5 32344
27659391 15 51222
450719770 82 52894
89561189 90 19813
3378741970 13 86346
19638 86 32165
22196884 26 10147
42661982 82 34519
5218821 19 51478
661423 25 27222
902738395 63 60514
50023004 7 58303
220063271 77 59844
777802466 99 78940
2053584 64 41146
1415303556 19 93451
1490636687 9 64187
108012947 84 35013
2339987 36 4753
84491248 22 27957
1072762331 76 92761
10514371 66 5684
2615420306 10 87814
608114077 26 79834
134555412 57 41477
2194010204 57 79411
1286315447 8 60530
412494645 48 37801
60959769 12 94856
149305719 67 84789
104719588 22 35262
261775222 71 43522
9255552 60 34894
1377572689 18 54472
70720207 30 62751
1033995 97 5333
44931005 6 48419
3432603 55 85303
24818528 22 10696
771309 29 54488
193522803 81 65971
251126875 23 79315
1606383768 65 87889
440668653 63 31241
1125024238 25 67476
136814873 35 27562
8903777 47 28160
6967018 11 7155
2528479 67 13015
163116744 73 62483
1798740 4 37381
14810002 81 23513
2801575098 71 96491
1177974991 20 62358
1592839160 47 57135
255350430 98 27702
6710569 37 37225
335761026 19 30580
99908426 69 96816
3116234 40 3467
172968 13 24475
8740910 3 4312
1369328281 5 62747
69578493 40 79171
4392220668 1 95033
350918290 75 37362
17592859 45 10185
1062135 54 10504
2467352943 71 88081
296463760 79 61402
3747186 96 8877
221970677 56 51530
13934395 47 20112
1319388391 6 96592
2445401 67 46654
299646820 89 56386
345979139 18 26315
2612808 29 6795
174751484 53 36975
417469126 85 63951
13862682 74 37190
598845242 59 64755
76709305 70 47026
4465157 83 18933
1264805771 36 82663
2161290366 63 87918
7322381 30 76670
1701837239 78 70619
4094722 87 41148
31150231 51 8609
253937300 90 26947
2082860288 97 78033
21394144 78 77385
1173058 11 2842
305801373 33 65840
10849693 2 15526
7971747 45 4935
3578167789 44 88551
601734 75 2065
6854551 37 20838
3144274 39 12530
24383407 1 16187
689747888 61 44291
4923868 26 24740
4983345 50 69250
54847305 17 29778
133409238 13 62877
803183460 36 60357
1262482840 24 72854
663613524 57 67312
70412 69 9783
1223344 39 12455
704040155 64 82328
7854228 58 38138
49392175 61 11456
1970668944 59 88411
1999880742 28 86448
37549836 33 92716
3677254496 68 88576
266788173 78 38152
686434 49 37257
2381720 20 34228
404786087 80 33093
195036 96 571
1964069863 63 94837
76901634 98 61444
7270069 58 64819
11963166 45 72017
13340809 76 40599
1224045658 56 56396
12235 91 2807
1365555772 65 52670
911990077 69 98376
480491993 60 52381
2016648858 12 94774
54260954 88 28945
132333818 77 28820
16268741 63 7789
339881272 61 61223
116669522 22 39320
347539670 60 41267
134166915 95 89951
414543486 72 54245
610954560 93 80440
1873563255 24 75040
1391232444 63 86155
164844 20 1665
42978936 90 21202
52852591 65 18340
26857083 66 8534
85173634 28 52236
939423428 50 96557
168602326 67 99139
37204949 95 65797
1878105197 94 98978
429685477 92 50652
55065628 32 24277
452155251 29 91894
2381377 81 6707
118760477 57 54312
16887304 12 28150
761066052 73 40601
2800326355 52 76170
507207804 6 85596
809379082 64 76421
77559316 56 36445
2431337 75 20422
3720433040 12 93950
332117952 68 26540
695203766 82 83620
45913928 90 47230
145247131 43 70690
20106273 67 9711
771 57 74
1809535714 33 73500
653337232 30 67120
205893806 93 23831
2208058531 61 68440
9642720 7 27995
24233593 76 12771
2535668478 91 73399
157736257 49 23980
736974851 59 47833
60306 6 12729
1114 66 8130
577409 45 1496
1804712486 27 70886
398514301 23 43755
2124903809 30 66068
1462595080 15 57972
227527027 16 31207
83823145 13 83408
1134961318 61 94099
7036540 60 12614
755823 4 13495
67509461 86 32530
23915231 7 56524
584563830 83 49559
436553532 10 32369
3215171481 10 81463
415582740 61 64966
232699713 28 50670
1515153777 30 91185
153400909 5 47950
40541 90 2157
4315544814 19 99543
2073004401 12 82622
489454079 45 77688
2001926090 61 65572
10118408 99 10811
91271761 79 37614
19287980 100 84156
510395323 27 55295
311610411 76 98515
980487722 33 90658
1347357690 49 56808
354839795 4 29916
838958 54 50080
142334759 76 66244
359855012 77 30101
9659686 37 63637
538844345 9 80493
884076951 87 74767
58273659 51 62750
9646881 94 11290
24 87 99618
53001155 43 19660
447146711 62 39889
6888713 71 6924
177483794 60 25597
33500914 67 60544
2960068173 45 95008
2850690151 30 84978
10706371 51 28698
64469121 9 13377
2188910477 43 88163
13871 33 1471
969725207 51 50288
1280268430 58 93083
161662434 81 30584
44826 38 271
311844009 96 73574
768902 94 4289
1912357729 51 71788
18930893 49 9555
53623222 98 80615
2143251845 16 81933
73582919 34 12692
7425091 92 4445
7389204 49 62319
785254755 73 92274
469277252 35 69507
1782656659 25 69327
183265498 98 42228
1052159 15 52833
1011193968 42 68610
124340748 34 89826
9593961 17 5987
145710 95 14749
137043683 25 23001
33305261 20 66514
849571254 31 87227
1468355314 65 88106
792560389 16 47057
35024257 35 20000
611570074 21 74323
374892244 17 85095
24056921 54 84657
950866673 24 65553
7437712 21 11069
3774295 94 69335
58874852 28 18911
2384060 17 17809
1147383218 54 92242
701168153 51 40404
868873381 18 54205
5384426 1 3460
29957249 2 27825
2496135 74 22596
501599754 33 41295
53884073 90 31789
1155534396 74 63540
1869744024 29 70942
34371156 86 45455
1524225338 91 87033
1481197908 85 88674
2332717219 88 72816
2427976348 86 72463
682794983 100 37080
101630631 24 56444
366144145 44 52098
1093353925 34 72701
1135557421 67 66515
7017205 100 40604
12115429 40 18918
7575999 38 9610
14257927 23 15197
59238820 60 64719
21255350 35 22047
541075479 67 34719
287328390 34 87463
694289740 76 61525
518886354 47 85417
361262118 76 45270
14143159 74 13763
29553349 99 8288
113879272 56 98008
3157778135 6 84203
420124914 98 93178
1183678927 23 52137
846806 66 1893
426028904 59 82011
1743395002 4 98814
2255796 16 66943
1273390 48 16040
2028034546 97 96246
647686259 94 89310
484169623 2 38009
1931100120 30 71340
14796610 27 43426
38834 12 226
884992406 68 74960
11231048 94 25822
326449200 82 81598
4388143 12 3330
387593809 66 47583
2853388420 46 79614
82691864 5 17232
67477600 6 14670
377023 41 1729
1550113237 49 62419
162134301 58 40924
183067925 79 20493
557908892 37 75567
3892464672 26 89035
285116 97 5796
7645545 64 4874
87554098 85 20233
287427237 14 38493
204467043 12 98896
354987558 29 37200
38723598 3 10710
1878895885 56 97241
85543492 93 47090
2114457511 51 77250
1691739 56 19875
114224153 87 89706
6843175 100 77116
427760853 83 87623
507431265 63 92644
31607831 6 52292
321369163 56 50956
2264475400 63 77297
3088291606 100 94556
2580080033 38 77752
453455395 56 82868
2335376281 85 91594
494772325 33 35578
168721043 22 39409
409560298 15 30997
455058576 48 82401
972326591 25 57826
1586416384 29 81098
2457399871 51 76657
448301741 76 30229
21131064 57 78344
86517991 97 50823
15203115 72 21259
44597564 1 37679
287092294 15 36740
119223280 68 33345
175795844 99 93947
6540858 82 7786
871113601 71 99590
2675392874 55 85408
366325495 32 42377
39454830 26 44689
3228325542 24 86835
1069750461 93 57956
132279782 78 54887
205358650 40 72897
500709043 21 78842
1111941962 46 55404
6347924 12 25108
580720835 56 71795
265480948 98 94158
31822236 53 14620
3344741354 17 96474
787338914 53 98762
3629902980 96 85986
648646308 55 96801
1485692595 59 67881
306578830 25 39442
117887697 87 40869
476594 80 30081
438842975 20 31397
946840600 18 74422
12134853 43 14696
34397070 31 61554
1639789554 58 65506
686255846 17 67356
648488665 63 45179
176181681 80 31606
551559 78 39509
586832687 49 73175
144642974 27 20429
119371690 40 30881
7961310 39 9719
649743272 43 40856
244204 91 7331
20025938 24 26758
24587300 29 49478
278796740 84 53123
58906857 37 14858
422202780 52 29510
3415104405 56 88818
3835270129 68 97315
6881131 37 14263
111201487 49 90749
116855944 81 95670
255906090 36 22599
15840877 71 61868
60324049 72 29376
439202660 61 81442
236306965 20 82773
3033090783 56 79765
725419365 86 61005
62084505 85 15365
1641982 24 48557
2167364545 22 81729
61688605 21 91075
17151675 94 55730
143729777 38 54362
384232276 97 70161
548603352 7 57246
638016 61 6694
210329107 47 56400
2639103311 82 86041
21545776 48 35824
23493 67 5305
237094140 63 30177
983191352 55 46221
15734640 48 80101
220407311 42 34253
2536830 76 8315
185241162 8 22595
70519112 20 49434
57054665 6 64533
425023502 15 55139
840018790 72 69045
63551224 31 41212
11308781 66 66958
235152179 24 79410
1119917803 14 49649
398899 44 55267
6221986 50 52550
1102576014 32 54565
93008277 6 17299
428707999 36 55088
105184894 84 21333
240204705 20 73475
7533889 45 66059
636209764 84 48897
74532523 69 39304
247326763 43 48927
853578226 21 93422
10411654 93 69957
18108442 71 26208
752283716 6 84199
871859620 25 49122
1165269601 70 77933
72495535 64 46141
83457256 40 25973
579571497 16 90901
2101449188 18 88930
31299005 84 66411
269718 84 3160
14212059 23 81328
1950249628 77 99806
296455514 81 34283
924480188 67 61119
310026547 34 48794
127349 72 33425
660222322 87 77322
33056815 25 56526
26882487 97 27609
3685255 76 15531
1028434339 24 55071
830859687 12 50543
391353403 73 94847
2147277526 16 85048
1765725366 79 61090
50813214 9 46371
1305935 46 5634
4145305200 10 99772
126648701 93 48960
407497564 16 80736
1872866 81 72193
722129439 50 39735
274327947 98 74128
9377824 69 52307
1309888 18 3238
156636952 37 85793
1160621130 33 60414
202600447 22 96335
4361958 48 5745
2547355702 92 72692
115201842 100 19601
186361715 70 68665
700394058 78 78927
35316249 26 10990
1307998034 37 83694
162042409 43 42386
5697338 16 14479
12906993 88 7300
811744172 46 51581
1071629224 91 61031
54876154 54 69447
8239866 20 46380
1417205974 82 73292
131510436 65 29833
992543318 63 65728
109830385 16 71496
2558126502 76 72447
3247272733 14 91896
877652313 56 59967
1769019194 14 85841
730356569 61 93462
1686306847 67 70197
2390239110 34 88434
226631513 19 44635
14424079 57 39341
1228293429 19 53658
103107997 74 28420
1146200188 51 74937
142018 63 9901
768197985 64 63271
51909371 12 12337
10157031 26 6658
1237008021 71 60376
21735119 18 40204
368453088 53 99236
36504240 58 85963
221168331 88 74746
1425888527 100 63576
527836125 47 88259
46579577 13 71335
596041251 91 50746
13496203 80 45470
86748684 12 22280
165390216 17 27014
217914718 39 20924
837089770 68 47151
3306107 84 3134
1966866 52 2610
1150222798 73 65065
2557054587 5 91097
857648662 56 92696
838253944 42 87126
1642544784 75 89940
655600373 16 91558
193538803 96 72605
320218542 10 61353
3925400700 81 96142
43062 42 23784
305345854 56 25314
314698325 60 70372
1821417007 52 65388
1754074946 92 82296
763717 94 4372
369120112 1 29446
1524477 32 42661
2376334632 28 98272
1840976100 85 65809
3488661664 80 84577
367277913 28 40611
289725123 2 80081
310888141 2 35271
717953142 64 81869
13035059 46 19993
163206400 50 20308
204049 2 54240
71691507 88 13456
2318676 55 13557
61165553 81 58070
4989813 29 60317
353166424 63 75072
63760244 55 12651
33821626 54 8442
48711658 97 50145
6206960 85 94472
56025799 8 79636
49230 27 45567
180045435 2 29762
2000229 86 56158
512783997 58 35266
130797582 15 18113
32848240 73 10445
5251374 18 9060
519771 91 7193
1580198983 50 84213
7467280 94 23791
365478424 93 38625
149734993 30 42566
92069573 49 69876
2391999066 76 82099
105773868 63 68651
393915843 55 52079
17965531 92 35853
1186556247 99 53111
1275324723 3 64336
32176833 27 12672
3242826044 27 94427
1896587935 77 98080
19058187 45 53774
71834 61 1577
4723097786 91 99257
2855495 3 11439
1656617335 42 93002
522084489 29 66877
146306610 20 55544
67268018 19 43389
100109619 3 88593
2890793988 83 82603
2032611603 97 91743
315662 6 37249
3076070657 47 96659
110724629 51 32264
124737713 28 25910
1783099 52 63697
48593594 29 55197
95469409 34 87132
3981803262 41 89727
19711615 80 24906
2665310781 31 78605
203465325 31 93928
461327667 28 76851
31379206 64 88162
358418933 42 93138
568246778 62 92908
996058293 18 72302
964340 62 27101
15580354 95 7297
481478261 94 32673
232378181 61 90139
113879136 66 43854
346636303 13 46464
399417192 52 78077
259117439 40 29855
49499313 20 39833
2021366 94 22103
22552470 32 12427
1783287662 13 60288
190200241 91 22454
338615240 56 51370
113685042 87 55781
597751378 81 39687
1973630757 23 71043
57523058 70 73822
300955024 3 94574
42870464 10 25185
2628466282 69 80701
599967058 19 75221
23984330 86 85268
731170626 35 42262
832098149 68 53127
53755096 47 11940
127527582 27 42378
268408085 24 68431
919673781 24 56587
315897732 94 27204
7452058 14 4955
1155016297 8 98509
259345803 59 65919
117173701 23 29963
63528610 30 45662
18042946 76 22711
268387017 61 67367
100290516 68 43883
3213669615 100 91316
509858873 59 70471
41406663 20 27028
443446 5 56629
50348125 22 19255
1157626769 57 56685
293941 72 23927
469690340 89 31401
568118519 71 94909
386257345 38 72917
56947517 67 21752
976360545 74 97379
208316101 91 31180
34653428 2 28222
536251577 44 49553
118610 25 4117
2158780116 35 73209
93386866 24 56809
186754365 52 90423
74568604 40 68202
5692317 77 66874
9378793 30 6978
2556157411 78 73992
16889581 15 49127
177829891 75 63459
193940000 98 59334
160025851 48 53278
839682559 96 51441
1800154 58 38571
242100757 88 29647
134617793 29 60382
418558026 69 30503
76272243 24 17651
738620 57 23063
336524 82 13984
11035095 2 9513
38062523 22 69096
3590941 81 85019
3366880 3 2502
1605883104 63 75173
19516323 83 14850
11494003 51 14724
4325564906 1 95364
427896367 3 45320
277876050 16 32767
116681480 29 97641
4483196488 39 96829
2412482432 53 74801
77636227 99 63210
40802015 71 33708
89156470 86 18402
1673354811 81 69574
3109771232 53 97006
132939977 70 19973
186451137 18 39897
1394579301 11 67866
503624406 29 50440
1353195597 92 92402
1847912630 16 63055
3115374573 49 99169
60713861 65 85234
907349492 60 60997
821566280 76 67467
4483314 53 53576
5369091 3 34986
1107210465 54 56627
6439966 5 6121
403719197 93 35661
3572706 12 56372
1587926598 76 88205
3356717 67 7372
132521255 88 29359
5522460 70 13346
7272709 57 18601
6805667 96 4025
3568449036 15 92159
3179606197 76 85442
3159571963 44 85446
3818346 35 78150
708590499 21 39647
545437238 34 75428
723386645 40 54981
16322502 70 41550
38983392 43 20974
1456377639 16 77300
25043958 86 12390
1217523998 6 51049
865832434 63 64911
24439514 34 49654
5294228 68 14387
12322237 53 6135
2149940560 11 85707
1039744737 36 72633
23092484 33 25929
102424398 67 15564
368760309 25 42221
957366480 38 52012
48858814 87 37611
53326092 87 89387
91652604 56 84145
38031586 22 78889
357343751 13 77787
44200492 59 23154
1392571933 97 89379
1691190490 73 68368
39571041 41 41361
153156053 18 43409
1509356385 38 70387
19825177 45 96043
67352646 80 71190
2073035553 81 73551
429685707 38 38565
147926408 89 21260
222889681 73 46415
2082367 11 1991
13261955 83 13040
1886822311 13 67393
438772485 74 67372
2219085558 51 97530
269908916 35 84329
1144006283 88 81545
115388086 54 37413
2181841962 4 82156
543099514 68 75893
24432468 91 65430
514885 89 1090
12267267 59 19180
45017658 61 18198
251214518 60 92832
1717072 89 23316
522595069 16 35386
893592085 50 71479
322947291 2 82770
9469306 75 16629
2559161783 37 92676
2063972353 95 65610
646839317 23 48094
736300000 100 45967
298969159 1 49322
451285328 62 37584
972750361 17 68419
2219128268 83 90523
114770463 84 20277
238457565 42 61916
886785790 27 84265
300518925 57 98321
49762638 68 46608
2029668474 21 84295
2138353623 90 92882
747592408 90 71484
245030167 39 53315
47057768 41 12705
612786414 27 75210
36596732 60 47260
189297120 4 28052
216434627 62 53822
170295106 13 36143
135722320 95 22275
2894011 6 25333
194324696 35 73117
658846814 23 78369
202016256 82 76095
29389681 90 13357
779307092 9 74323
79608 34 1858
13750159 39 59460
1227633401 69 73410
1578616147 91 67209
590209726 61 37600
221085394 31 30105
503483188 77 75756
422271269 54 58047
4246879828 72 95035
19319990 64 17865
301870537 68 99451
1333486962 84 66063
397507316 48 38051
1151136564 69 86678
63043002 85 58862
1104541991 56 69106
300575149 9 57913
53107891 82 50231
133503091 8 69927
672348858 86 96729
1007703079 85 54409
500396969 23 87012
611839919 79 59303
1227207 15 23199
278061888 84 37294
952280656 5 55579
55905276 48 65088
3739053800 44 99321
417653776 23 54404
84641043 95 31165
1952237950 64 73846
311441324 58 54775
95713222 20 50919
1553052 76 7248
606798917 67 94683
571912565 19 45716
20731560 54 13208
644062264 61 46994
1596036785 73 67076
1333427854 20 65174
702065321 1 80624
181212591 48 21307
23978227 98 7516
1427628518 94 66444
1576358500 79 90564
25157811 43 9797
13177904 40 27662
165129610 72 66518
1645539678 78 99893
174343997 72 76713
7737185 31 18252
192358170 29 40994
24550720 78 98525
162310 24 57931
356679294 37 33227
729962278 48 94075
239507352 37 69512
211177409 19 58742
44839548 68 16507
22073277 1 93736
1420161 66 17996
63320546 95 34220
91808 14 871
1358323634 51 53450
3305545620 8 84096
1340804583 5 64509
2667063180 19 91792
2490048323 30 86354
681177863 17 58478
1589355223 87 93506
148810275 63 69959
1059531864 59 56362
211101326 22 60448
359311 3 80697
48060435 7 22378
3332859429 49 94472
36028 62 3302
521867749 12 33890
68292288 79 38958
25277778 26 23699
165540801 53 24254
18219904 1 53784
1061607241 34 84801
36057819 4 10257
16325431 58 11090
10784752 27 14109
93348615 100 45170
78502925 49 14095
274468594 44 40174
39946413 90 13069
38048161 61 16918
613148523 76 36622
1311162 62 7067
382264069 45 49179
93523266 5 30236
758675532 13 88042
5012 26 1461
2102132001 35 82810
707543775 71 59722
50634586 19 62443
230038690 8 90411
554937975 1 52178
4186810 78 22395
1000250537 96 46781
614028975 50 76366
163799226 33 40621
368290405 49 27666
426723981 16 94367
828507619 84 94416
87614775 17 23129
3313449 66 22796
182991660 44 82967
2159397551 96 70754
12500632 85 24943
506469593 53 43075
8406802 42 42862
280431115 21 51387
26991823 26 32855
76078036 94 81523
185647897 40 60054
2678872332 82 88567
356000 22 4766
58932553 93 50609
113794015 27 15079
661452088 22 43341
258600 47 4954
1811303335 89 60453
1320291621 48 60843
527181 70 23997
304951277 29 27169
16358937 15 10388
37680813 64 58054
12994759 61 11663
1262395 94 1651
493351 5 8956
4913547 71 14413
335069448 75 66321
3378871 76 23162
325623857 37 72603
1609195440 4 85233
5454801 38 4628
389641606 82 30369
164581402 88 29400
1932793746 59 81530
19829245 72 15094
622282999 23 44670
3630823 52 2927
2237013951 68 94013
365843853 28 66820
948284344 48 84526
300798277 13 28223
432652655 61 83545
6982 73 4235
49970491 24 83238
622318130 20 53786
556443230 58 46357
25106004 67 28640
121397144 35 40991
166110402 79 23037
373185315 69 63344
128002300 37 48934
1224033 14 1857
53222009 2 17153
16110636 3 9965
20984383 50 19148
864052529 24 52737
30403851 39 88411
300998169 49 98930
441696387 22 41634
118781611 6 32816
282649016 48 52375
303066564 42 29262
1204890893 17 57538
551175227 56 63821
32473002 83 15281
31230522 99 17147
36844161 41 20312
109044556 6 84707
540604 6 47379
2734756 70 6336
54518 6 600
18627733 58 6373
1074419454 11 53133
5455546 22 5431
697490284 8 53652
300207807 26 51872
33447715 61 12634
14787288 28 21679
157037507 46 39289
220674 26 10665
4518665 22 31967
335546975 23 27862
26014299 13 20461
603743 11 55403
327046113 90 46076
115773065 87 65808
9876023 57 5749
108681160 43 41068
2517959824 38 79122
116128495 11 44164
1202408633 4 54731
1779984390 22 71425
2009514 42 17352
71650567 60 24199
8758226 51 8219
41363471 22 45327
56663396 94 11063
1550693 32 1828
3553505189 4 87545
1729234 7 17175
810605279 14 50350
43615246 40 41770
75806 71 17451
456165103 59 68316
30967457 77 9240
21294068 76 18922
129817693 36 44562
2798175 55 70991
59425919 88 60298
20541331 46 7791
110797590 82 23914
528525101 9 66825
54375338 78 38266
1080562624 45 71935
2940000 45 21492
2169991055 74 93711
1374728564 7 85807
535374401 34 65509
179088300 99 42726
1150086453 45 72331
3128489874 33 85505
152913216 4 27974
5937257 24 38918
207820055 68 24496
1221154974 95 75592
676879133 44 48970
1781133686 45 69991
62374911 33 35517
60617451 45 36272
74691495 94 34033
21556446 27 10109
58328746 26 69930
3287620545 23 94009
10521191 25 5439
2225782 76 49655
2428519 18 3026
244168877 27 37910
169149849 73 23439
4178015 24 8125
9917954 10 25814
64927411 77 23876
243350338 87 34948
563189749 19 52452
56480783 88 69430
71715649 74 74473
184518 56 13176
5620371 51 23944
159892044 61 43549
1561482145 35 57213
17629668 6 36852
379512706 93 29065
432603952 33 37670
95405946 100 15342
600183926 31 94175
596625430 60 76670
476573433 46 47390
21518095 88 8832
21494663 67 12770
2842843141 52 96598
220911716 26 22467
1214152702 66 55074
18221474 83 9579
1162639958 1 88556
140373455 96 23681
391610495 39 67326
1336321651 16 81207
2059533169 13 98403
114957527 82 15464
846669 67 26873
669646451 72 97745
1528365331 59 61752
132622449 44 57236
640141082 45 88129
68578421 82 29989
107085541 27 23264
980336 43 3283
1432572242 19 83608
231225973 90 53349
184513358 32 40878
157240640 72 22943
1481624107 67 83901
1132725171 2 63908
1278422610 92 85765
11190729 64 11177
146980459 60 24746
35976 44 52744
2370051 68 3613
856773097 72 78735
231130361 37 42447
15161818 67 60598
1986071028 78 75415
361310964 70 75370
4136980 94 3190
379555812 26 58534
1461868 55 13827
67021259 56 50461
2813242363 99 77967
2389070 13 8669
55197540 53 24070
1022789516 41 71565
386383458 82 43545
145228507 48 30389
4398195780 81 99668
74733215 20 43638
10104658 74 4767
535547556 76 35475
604882488 20 35923
7425223 49 7490
247231757 46 67097
55394 61 55703
62244342 88 16934
97607555 53 19392
59352006 77 51117
10600431 53 32524
33864 59 36852
882721814 64 74314
90920644 74 19623
1156527209 34 92656
5039202 76 18858
101874492 42 25536
53128918 46 53057
4823051 6 7827
154680767 59 45006
300196325 72 28058
589799601 59 62243
5787829 98 3384
42151123 19 18249
33822873 11 10469
1156117974 33 71457
1820676124 94 62399
12237138 52 9314
208494172 32 50567
30393154 4 63571
1475737335 42 70746
125619227 7 94524
449937107 90 32052
3883295 64 8673
696271008 73 44520
10877195 81 12548
2206260274 25 73497
2132336 13 3119
473032695 70 45955
1652748866 46 75089
207889099 11 63473
158650824 94 23816
1 92 39508
51538464 16 32550
489941856 33 46205
77931561 40 68973
847522830 55 78305
61332154 55 33198
1059433 79 50475
519680657 73 37218
47829612 55 27999
521083044 4 74848
1665594 96 19369
211631264 62 76681
78574387 11 76473
147644993 64 18249
183646004 33 70086
265551163 23 61795
2708931 17 5490
206936 19 16434
4739939771 45 97295
37646078 30 37717
276403672 61 43295
1461909635 12 65123
120630852 56 70579
2943774873 32 85079
9855320 22 7527
3081493 54 46221
32392276 84 11188
2580476503 18 72210
32826567 84 19408
1164114191 91 98746
10780958 72 19233
223218305 84 21109
17359495 97 28591
386744496 33 43876
21424176 54 9357
490019030 84 74827
41194 90 39008
772630327 24 79858
76610060 76 46079
568259074 22 57779
201628530 43 42179
532262 83 2209
105240 33 81455
284299775 34 80669
2709712172 51 75609
229061442 16 26591
289660250 22 44457
27874702 81 10759
198111831 43 37049
2239289 10 24300
82279065 36 32583
96482151 43 27982
47934782 19 26148
874774829 72 53690
503896976 7 55957
301344805 64 34722
1035605694 78 46495
173626402 53 33293
493229324 2 63388
66836676 45 67488
49374746 4 13316
35931315 89 51935
769716816 81 88534
422312534 4 44176
270599096 76 25598
386912547 4 80943
1396597 62 2055
1504125390 20 57222
1192640548 8 52653
109667565 12 17727
1493601205 21 80976
7784659 57 15980
758640360 66 53342
46014025 39 69171
567868 82 2551
2862388014 21 93772
15330337 54 32114
82601333 90 88966
4620944 44 45483
105327676 6 33871
29621915 25 27612
74000135 5 42564
159940770 54 57883
397196598 91 29211
43744970 69 23196
365323067 40 37339
213957 1 55588
79649414 20 16663
979157192 40 58009
25200285 2 80685
33159513 100 25413
1602436605 85 79348
44910702 77 37420
466831341 94 34044
6049394 17 80794
18211926 86 26722
502014972 93 42211
1884791938 54 79326
650618977 92 59361
5982060 53 5135
2469360 3 6011
28951751 2 12219
691395905 64 84068
1148935470 18 83013
113849136 20 22909
1982230 23 19336
1396603933 58 63207
80568814 96 17766
118826106 80 15807
38222443 39 11325
21269619 6 21611
274927181 97 52426
1103279608 87 77295
595225117 15 71770
282791567 29 25050
3090958 46 6576
294134691 47 56393
42334562 69 57380
844451504 24 63875
4176633 7 22544
81845047 38 18827
111561207 96 72777
1437567314 41 85164
68312315 62 87785
1557297355 37 76186
6392782 72 51646
156442318 89 86141
14192444 79 6139
49677203 42 27622
681465687 57 50746
236915417 83 26604
286346762 50 70721
686389184 86 45537
1207469298 11 69830
173684989 80 40773
59334573 66 19791
20894631 46 82143
13788418 37 15887
56860668 58 81222
2353779533 45 97635
56659394 70 38363
1882748 74 54681
762372761 56 39821
269662725 19 73228
265048943 32 49607
1178547317 77 53871
10635338 67 11709
2444767 12 23887
603737281 60 38605
884225186 60 93790
31318165 78 73129
76288894 63 33357
229659539 56 26776
1235865028 29 91375
128776397 97 39944
31334126 3 10471
16071053 44 29182
35060758 84 82248
95568349 95 23363
8021349 85 21134
127885079 90 39622
4356067 73 16801
1906349 6 68644
1213474 51 15275
286712603 5 48651
516042676 63 32098
278000141 94 36870
521875032 78 34690
3499322715 12 89849
738471179 32 91019
1 8 11567
110365898 29 27276
48190920 21 18960
561522303 94 62289
74202974 51 50135
23089350 50 13657
254427267 32 32112
13308743 43 77346
101000396 42 51177
189313048 57 50411
137433416 48 38512
393769395 3 28316
111201587 64 17979
101714167 54 80244
229003012 71 41179
302913815 45 51123
38222732 64 36907
186178254 16 47671
231289077 12 30166
101615840 53 18869
2288951 72 5944
1625089320 69 84727
341292266 82 35918
291922 51 22291
27148080 65 28579
28675084 47 28286
1320084861 39 52561
17721444 21 9391
583873027 6 69030
40478762 11 65159
8235216 47 33880
1012010605 31 80771
276271713 73 86077
403814128 4 60450
447589 96 68355
410728988 82 61706
144740326 98 20676
3978028 55 34818
253617038 35 61734
65820938 32 39193
60168038 97 12125
465732823 1 55637
1375961155 47 97903
22527624 75 30774
58010062 24 14131
4069502374 85 99968
656071543 60 71595
386892817 64 79539
127933440 51 79609
2321026521 84 76327
44034377 79 52780
286603911 12 51941
63563832 88 32319
328454353 41 71359
991834653 78 62032
258711947 21 66647
7823339 51 44353
230322267 8 57392
81322523 80 89004
3093677 91 10889
79670 8 52807
11919836 35 91566
83693361 60 18465
3387880211 7 89843
1434645572 25 76514
1138384863 72 72110
64661085 11 14580
19752621 15 75067
40185717 98 19878
403701602 97 76235
459835763 4 45609
88549320 52 77293
255679553 73 30513
13621845 30 35811
615114123 32 48107
728687538 81 82802
493964388 55 81619
15213611 92 10645
1915852592 45 72210
367755652 54 71364
2166994375 38 95618
284983014 83 53595
20438323 73 97665
3128754988 61 89091
14187611 31 9220
8307350 96 60439
100090958 14 98845
1198574850 66 81721
512141141 73 69093
818179 72 2295
2783192739 87 97842
4269324803 97 96529
5053874 20 11250
61842066 53 22494
63483912 58 46739
18799552 22 58456
1271881347 13 63957
105268619 98 31824
2092976433 28 88982
539715691 75 87631
1330443102 44 79825
2127900844 97 87359
676923348 1 61793
1643299921 83 61666
53644296 74 57615
341883085 54 86464
570078590 82 45438
111597112 2 29085
743421557 97 56412
5013364 40 47565
1541000 83 5573
182033802 96 19869
217726526 90 26768
3554941 94 14525
699770032 51 60226
47009209 75 16296
282516919 41 39759
8784661 100 11097
254834893 31 39051
8875916 95 31746
1256503613 61 88871
4257458212 59 93481
1671808732 71 75334
6793513 3 33754
3373462351 92 86335
209854685 25 44269
1514206 68 9318
65353958 41 41466
411419173 75 44048
70369698 6 30590
2214766046 89 85401
43957020 11 37004
40059479 40 70354
12709574 5 50026
894604368 8 53516
22675532 28 42693
696293725 27 55732
9947198 15 69071
30755721 78 8826
1129720734 18 95669
501560558 97 63991
26799398 52 10663
359160563 79 41344
3715136295 16 92986
22640986 15 44520
357164670 82 74257
1175045 78 3560
301161241 57 30531
7194894 24 15896
61446196 75 30313
2481754421 39 95446
13431321 66 32049
2220228821 44 98228
100674139 15 32885
3346943977 75 95217
1507063154 5 76309
753891 76 8016
4322926514 51 98505
14774948 87 87818
229686717 50 93843
202351828 69 54310
14667567 93 25238
1768138647 6 99826
811896291 68 48514
880604407 7 48752
2626047 21 7634
129067456 59 23578
62072524 2 37326
271156674 18 95944
867568 74 2347
36675581 8 24459
726155274 99 43201
10869054 89 28513
214514957 2 21095
91956114 17 57959
70085759 14 47024
37413356 82 12690
17126666 44 35408
817768398 15 72276
3276380853 64 97194
3206159648 70 99978
40938262 81 74404
738165321 36 64173
1124655114 30 52405
227040155 81 35495
428315917 47 42984
1081408632 45 62588
23042300 100 81552
283221 38 4901
1207866534 76 57764
16558792 7 6829
103470620 8 14414
31570233 7 27463
179901070 24 56141
158330877 87 98873
425526812 92 59010
644697666 31 80864
508558986 86 39991
86395335 64 20883
464684983 85 50722
163882105 63 55012
532198058 12 62437
1314670859 39 56147
2661576520 20 87603
469223539 46 85093
7748378 6 24318
6131147 97 10176
182364832 46 97391
328622060 75 56619
15184763 65 20078
616366576 64 92626
966656958 66 52309
252701670 85 83936
1790034294 71 64407
657692405 18 48231
194655499 41 68499
442219510 68 50842
393344419 43 39878
10398577 56 14362
1118450909 64 58489
1107985452 56 63072
901561634 51 91860
349527355 43 88557
95960628 58 72512
1793022627 27 88891
103466218 51 21255
343071607 93 30887
255642729 39 62765
69317230 49 18158
13373087 53 19937
288129472 72 85930
1 85 34104
390910266 29 29842
2181040582 58 78624
6764115 6 8957
72090873 58 21029
139815546 93 31875
1509872731 78 74279
963862044 87 87805
2606784099 83 94001
10611438 18 86964
432615 98 13472
1413503 5 19557
557658897 18 44752
2336569563 80 95486
68062263 24 12398
784975302 30 66538
216863877 87 61952
227132241 23 77470
303307917 32 71487
1583561 26 71429
2215914084 42 85740
36216920 37 36478
212499321 40 24540
20852693 59 51919
2014717 19 3262
2004132 27 5622
1407091159 3 81433
487541396 65 34267
551249783 45 35927
880224 94 2502
720709593 47 68075
59430119 74 54327
6357 44 22472
15203234 82 15815
51272643 94 35472
12630715 60 22619
312347 45 2490
899463 1 16915
11141560 6 8994
2201285973 27 77010
22844272 62 90542
354839255 87 66048
1966493749 58 86615
560578366 56 37202
22511638 44 17296
719309005 21 38951
1082446087 71 55709
2125920925 30 74942
244380577 45 54153
39451494 88 46690
591390723 11 35841
964190700 5 64698
4642141 92 4713
82234040 9 14133
274286994 49 46965
79834361 48 47234
3277087621 14 88025
1878222406 11 90480
1523951895 54 61705
920835321 10 85750
23505506 82 71106
1403192083 22 99879
299873095 31 45430
12709775 32 30012
1696262061 66 61002
151335940 21 48756
157984194 76 22986
1329465 88 2095
35464819 56 16104
7451375 61 70249
39707668 72 64387
669609830 88 62786
82178804 23 20558
606740 75 52988
1338174135 73 52316
165927095 72 36858
1818323220 32 78322
381448736 98 73574
8893118 90 98088
3179049841 24 79922
339427847 23 60174
2734658111 90 86825
46481259 27 10727
10941482 36 4816
311250474 29 28573
2911536986 70 87467
19130623 95 74832
292173875 22 40991
3543615 56 5948
2657207360 100 75251
399031247 29 43613
390088307 35 55282
914617604 81 92181
3070439604 40 94908
60456612 41 10948
469459794 86 88282
605414232 51 36194
199811233 3 65221
4538197 98 19705
255402856 83 48580
110224754 46 23343
43501284 97 44532
619526045 14 67755
700215806 50 40253
596512 73 18075
74303107 37 19416
3400059192 45 93678
130953606 59 42765
1029724153 87 68956
5302405 32 4231
1 78 1650
290651277 82 47641
23643198 78 7445
706123999 56 67639
1955442212 21 92970
7426759 90 8852
670005605 90 65592
1363272968 60 91066
3561683 66 4445
2789430508 10 79776
1368626307 83 52253
137818890 36 88246
9482840 8 34122
670859 29 64499
584050865 70 48256
2238404 5 2551
819313 61 17872
96198742 39 52900
635417116 16 39968
15534148 63 9087
4574553 46 5502
166885845 37 29030
27088647 69 49080
222945834 43 29769
615616432 58 36702
919686671 61 55080
451228 48 5867
68929393 80 33674
111513151 95 31706
1135571347 98 90074
1400033393 40 86252
10437121 56 15127
1352559 45 85148
2196689686 56 68812
460605141 92 35889
628020480 50 93428
994662100 63 44843
160556961 7 24450
557114781 12 42273
21396341 28 47097
25605578 11 68276
1098858918 29 59190
276550233 89 65826
189105762 32 27814
29117024 61 48078
15242450 79 18432
2706958183 79 76481
185218258 40 19424
178794582 96 54811
22123491 75 34530
437446076 31 94350
22904396 9 6852
745525968 57 71821
10644 94 4646
286629589 18 45332
18504615 79 17769
52603260 36 15965
556054092 75 68850
977147748 84 84033
238905646 5 61119
51447063 52 37880
2788703871 28 86520
1611511698 36 72936
4411864491 8 98248
120108586 6 30881
53985499 83 49635
966729 11 5197
55443337 12 20193
157173091 47 50651
403619814 30 55292
72104819 12 14426
186853831 79 37154
900226 79 95108
309598360 17 36126
2157754275 67 79619
821865519 58 95424
409090199 55 70423
37665961 82 77758
82883420 60 17167
3545943 66 14378
111382871 89 69931
46975988 73 83675
255439 5 3108
247912940 64 35472
18652751 38 8328
444056188 80 34673
25756817 93 15855
655191770 33 40559
47961477 45 21019
125526876 96 41735
838897349 1 53903
464115782 25 70303
1861287 96 93737
382500891 26 45018
40016725 30 11469
16146065 25 31258
119534155 15 29905
1464273476 69 79894
816440 9 11448
5986433 53 10872
1100842590 22 69593
8439502 31 27397
11260663 74 61180
635194559 61 55323
2167309611 18 72577
737342415 19 81193
704067654 61 77091
22707869 74 30707
2267399 85 15530
34292883 86 26931
2751512636 96 89335
22409184 58 32673
41543359 57 14336
315042087 34 79995
49505664 31 63464
25436386 75 19699
233030408 10 82629
1454926584 67 79623
277973293 8 27914
14340211 26 48106
24528837 83 29587
37566314 94 70949
2358643 31 60108
2008498170 34 71397
34036452 89 24869
680494824 93 61095
435623343 6 83925
90917946 77 73396
211484664 11 80877
100724096 29 15463
95766675 27 14349
125805124 85 21508
359623795 92 35887
187874064 99 24627
2881571846 10 94478
253848769 21 65161
1981457813 47 97188
140163334 33 98750
426242144 96 92591
1840481946 40 61415
87606609 69 20093
1048891600 78 95921
320395877 59 55451
3108735 73 2822
419854 76 95667
221897679 81 94841
570199237 20 60325
329922875 65 50641
11288989 62 14016
2701361281 95 95717
199976 46 10885
443829954 97 30116
9628723 49 7043
301442643 42 24502
480214738 18 44573
1483341675 40 67228
128669250 65 60542
771948873 73 41717
36095868 79 13623
53349991 99 37732
154708559 74 61332
119437536 30 27087
3814808 7 28811
981970052 75 77679
2888222 50 10024
2827702186 79 96488
1202586264 10 58789
149656124 63 66983
438008659 38 74447
659606114 7 44330
845292529 28 55528
31087824 46 29954
387414 24 1030
482735523 52 61329
93217511 60 39298
2191448823 92 86818
229642967 88 26185
180002164 93 98551
963862859 17 73501
581682622 47 42198
1665220 27 3259
674613795 38 93497
82043689 69 65592
95949961 82 56292
283523 3 1113
128428645 56 96801
162693572 64 28601
170852 36 774
2418054295 90 96099
567074745 14 83480
147128927 87 33255
608263308 51 35293
7196970 2 7482
564971670 53 37216
175245 9 92308
250412288 19 33498
48839648 50 32946
3692213 54 91359
90105819 32 66847
2236030575 29 80675
65863775 75 15453
4622257033 25 96509
1700979429 25 93042
667056812 57 87090
186905691 22 33662
250952880 3 36049
1088163193 94 70462
42439503 78 48606
2551201 8 2684
2688902993 49 87202
1045767335 17 98950
21572459 24 78710
103159825 83 29731
681525120 11 42268
82831877 70 17546
12445607 88 9411
1174636276 59 91034
282869284 5 94539
26733420 88 40035
1264366968 87 57698
22717363 87 16124
2679 75 27331
1461844337 72 57756
2967464317 22 97028
111640731 56 17613
1507881073 18 58372
10068758 94 56990
179630788 64 46431
231101418 85 74229
91836078 15 49645
1926006936 43 75355
2736557834 29 88174
387349048 61 57956
2486043500 49 93907
56128595 56 95075
838122489 32 66540
461678689 65 42139
726587891 74 86635
859660401 43 52311
1085371097 94 90892
1028783466 83 54064
2950605 49 55763
354848416 60 46782
239346 25 45277
582105779 71 79532
561579 75 1344
18098588 76 8137
50026257 1 12860
537757935 35 46487
100952203 89 84653
135067457 52 46854
1794817255 52 63418
963875330 3 64533
250300777 33 22352
461440524 23 91478
18401363 25 51007
1 55 153
77684803 31 93503
290589040 31 32072
2051086653 98 73517
1685686 58 79240
28670766 75 22403
1486248310 1 88336
2392555776 61 95958
2380485 61 37335
497635943 22 95269
20615519 90 6400
185944 1 3089
708241604 65 40070
809186265 67 53675
349985542 75 57604
1654631325 62 63789
295635415 64 43311
87762779 73 26445
12640 81 13896
169601412 1 20370
40273345 88 10038
3445164396 52 98959
48251310 58 20272
215863931 73 39546
1665194 60 11179
2536645935 70 76871
2264208340 60 77103
174518592 62 19037
2520797 25 16500
4604709989 65 98923
267112242 51 24864
54221191 61 97841
254179429 85 25894
1945203379 21 98023
286222453 7 59500
440764912 13 59784
1071501679 34 54283
2314624 64 2854
486888986 47 43329
2128923602 46 80432
3644410 64 27887
996165355 38 80869
530994784 40 50385
495886259 11 95884
190044870 95 52311
1982667 70 73293
10363484 100 88058
202034982 11 52859
1546503708 27 63575
8086220 42 6822
3627895665 71 86582
4087551 99 7536
1756994284 12 70175
39531 93 430
917463 83 1287
1822987 75 2558
165693150 7 75977
565643383 20 51026
69911140 90 17484
2792566015 78 86857
24243981 71 14792
250291061 47 57887
149504212 88 72689
763048 25 21851
222060465 98 40814
641292629 42 72382
1566957553 14 76062
3012969223 51 79118
268968742 95 65375
2198610837 97 75893
26710902 56 8771
6566980 1 3876
214049808 54 53017
294999171 16 42773
2383919 1 3025
36214 51 234
247809996 94 46744
1067046477 21 72308
1763087 80 6465
132369774 73 23424
1107313 42 31636
216931 78 767
681590 30 2957
1084779304 92 71784
1331144181 92 72331
455883363 83 34044
85151423 48 77097
341343245 31 67722
4832665 98 43823
278080500 90 83687
57080800 13 38264
12326756 40 40301
424674 83 1350
674966 47 10125
280704603 36 74928
41917741 7 45637
114040473 18 23118
1294353146 97 51282
2697307072 28 99631
2102478870 14 71201
5387503 70 61168
1229865762 95 79017
1101981007 56 88451
131994009 21 59612
25544337 47 15664
662683941 61 67986
224970498 21 24039
21586704 32 89067
657565415 69 77048
146516933 16 34243
955706612 1 77799
833672789 38 74432
121631 65 43844
679767 26 1748
548104334 46 66071
1111359846 94 54919
903878600 75 58889
125880544 67 28979
1059341054 73 47455
787624239 71 56760
2231297526 3 66774
6960099 59 35970
594138864 100 75219
12164699 70 6930
12569097 49 5068
1491818 79 26649
859229063 18 78646
284253910 31 74644
194075556 64 62556
40435109 69 59597
94049728 40 64082
219736747 61 53556
126555 65 26465
67595904 65 50105
382901 71 42730
212687971 13 35122
100784 62 20677
786393262 28 48716
72717279 51 53513
1107259097 25 94067
1672981070 20 84719
732286 99 7829
10341751 73 7298
43984742 47 62925
1146354 83 1513
715080811 66 69751
3870411 84 9762
33233223 89 8689
243308914 33 99470
1693009232 54 75930
30874039 97 13327
1528920781 53 98958
429728405 82 83923
2278324805 95 72724
1275998369 90 63843
168457895 12 40727
15715707 65 14881
593217934 63 51740
3151333 33 11599
442697775 89 48730
1181599568 70 83814
323849929 1 49794
60304895 51 97170
141589342 57 32901
12160983 67 25682
814215834 87 47454
837964827 8 57273
55618690 73 29559
756338815 3 77696
3820973 76 4346
1247159 69 2773
194659316 30 23360
1640701612 33 68167
5970542 37 13748
659748379 92 70693
563798586 52 72280
70375364 98 72951
264526339 29 35006
4693842 11 47798
637559950 61 51154
229682473 13 39212
8812734 40 85471
805380658 22 45071
383749690 14 69695
18164680 75 17133
3471141 19 8322
59383370 43 64950
453703532 75 69767
47896896 21 11245
929941 1 98348
1791277836 61 70190
9295145 1 5070
640648393 81 41288
200007740 87 51111
194159721 23 24881
5848142 70 17274
3046304789 95 97850
36537219 84 15766
2895672 68 96137
1449298618 74 61721
595765230 81 96138
2084326918 18 75118
1075458 1 22072
28238075 41 15500
468950330 46 91808
1350201769 35 67413
265826498 37 25464
37082563 4 46796
3221579 34 5518
2912820871 65 90638
16018 49 2409
879005030 17 51208
448051570 30 96699
25094817 53 18122
287071545 59 49364
149609937 68 83807
107121570 34 50498
4653668185 3 97619
1043373227 26 88584
41601079 14 13138
21031 66 15812
6311951 66 47127
67034444 61 16904
1912799352 93 84736
64302658 84 93978
676133 52 8806
486182447 92 87558
496006037 83 41776
336011486 65 58324
202095940 78 66158
2306864475 77 72671
466742785 42 61581
2306191963 41 93326
2482592127 45 72968
38752 95 1838
1185925511 17 66225
346112733 71 65950
173089400 51 36387
993183895 78 69701
1802351856 73 69738
6078364 66 82719
2033848 37 38583
321589553 100 36160
2672983 2 2970
1896484696 48 64316
263083125 55 58857
3494776 30 42504
16714197 34 20826
220543956 88 55073
42704672 14 22441
885196975 91 79868
9851841 64 58783
2465256 48 4027
53252608 50 21333
517923521 18 48764
125328837 46 22501
26731921 10 50895
622506702 93 71567
407523 62 38221
11991707 1 5467
116018 52 1457
1863420171 46 66286
17492497 61 57848
270633939 40 34112
586006792 69 62104
44828735 75 42486
921872295 83 52793
56961110 60 40132
1528757713 39 86164
972880484 90 44521
3667664 88 29411
112615011 20 88670
850854841 39 65071
2050543761 31 84144
70831678 8 65430
129658381 24 40249
882032537 70 80742
403290151 92 55662
3648814475 62 86112
9584346 42 5609
2676413816 17 82223
957245981 97 68940
2961096781 98 78626
53412713 89 65274
14854731 9 31518
853506697 67 91017
27648843 77 24729
83486105 28 19435
2720998 88 21534
8561 17 37286
88751876 61 63711
4143700 41 32627
26907384 13 12352
15162413 19 10347
160269495 33 42643
186863405 58 37530
187352602 62 60481
91669181 89 36556
151928459 23 38559
66952480 53 96749
1455415 67 3090
234844923 63 33901
145109777 17 47663
541598412 78 37436
60315909 69 12976
737513544 77 84489
380429 78 4380
268850 86 1312
2847256434 69 84092
181512747 50 25966
39000628 58 14284
150623817 9 31029
15305082 38 19320
353498631 95 29574
690166668 5 69855
44416892 35 18539
6954563 58 86695
1276198056 49 56294
150316744 2 25973
25165340 98 15626
4516075556 21 95359
536058276 27 51323
199596712 8 30507
1734372704 97 79706
391249 89 1756
1423 22 24712
12242878 38 9506
1278124502 30 50903
14081359 22 26276
3707277898 28 93207
203292 45 1349
47190666 51 44141
3583239 87 2610
64486959 5 27439
450752993 71 45379
1552407290 75 67248
102042954 3 14625
495890623 80 79003
442629174 54 44571
682937848 86 83064
136792356 12 71593
235005705 33 26606
29330809 45 17999
6894201 19 47098
25698708 72 81691
820 81 2030
598236163 29 88945
4004670294 53 95646
1148013503 58 86815
277617626 50 45544
135339779 91 21884
13347895 25 10120
2259492 98 93060
1748196001 69 98537
3546265 39 9313
411296855 79 65080
15149 12 6363
287778133 23 77015
5388431 94 17142
2714175485 33 76315
2344987685 64 71930
17814913 85 52075
1095455750 44 66303
19545799 47 39592
83218 75 55426
33745647 75 10145
112038818 75 22351
276008377 48 38352
65442376 29 11609
570869558 77 39566
7188599 14 98914
1078337120 89 90733
2545370156 82 94288
3124609693 30 83744
1662055 30 3453
1115589149 45 89470
176291801 86 63940
240 31 3522
1781735243 39 64916
261250675 74 64207
261687871 96 76820
72168367 54 78434
949355927 48 70228
2423529565 14 78111
9039277 55 16910
28543189 47 26687
74315985 43 83482
99217578 17 48528
342867 27 7078
285571456 73 69827
1667480328 32 67140
11953468 88 5179
12635153 85 5423
96068611 70 17516
210645151 100 71739
714538 63 44028
1376915948 44 91160
1781823 25 72940
283866712 30 30328
53004863 26 40013
117407682 66 54344
328780567 100 29259
1334033096 65 55553
2382219573 69 96032
75165589 72 15218
588023926 3 62942
2319146234 84 75038
426491733 15 46928
1589918195 19 87617
414 6 83
757657745 43 92051
116362469 56 56966
23196280 20 61018
3604363757 53 90326
185011591 93 29106
3012577 43 2706
14240771 41 15387
23984109 56 86767
3077877114 82 93493
225159868 83 34224
774912397 10 68308
1 80 279
28849748 48 8172
22051 40 11987
269213 96 15387
349249446 23 54819
1813263335 85 68217
1334109283 21 61207
187142891 99 21669
545815075 61 67055
1091366 59 4530
16221863 27 20326
84980602 53 15686
1174433408 75 87940
416009893 15 67381
3176284884 82 88847
376075244 74 45018
89279770 85 33523
854213850 62 73443
2253775615 20 78157
655952 56 5450
3857916458 30 89014
30820475 36 13094
284294125 98 33170
1500143 27 3830
127405098 23 60901
368263633 36 42441
238820965 69 83237
52551627 47 50733
753356326 80 90057
1322410320 33 87944
51843902 87 27978
351525539 97 53717
414016510 68 37029
68105618 85 24316
532119 94 2237
1404030575 85 94565
7853224 93 64376
1601984260 97 61736
44464046 31 13566
883598781 25 49769
1531960231 10 98756
1813961 24 5222
349552471 64 77860
2809532403 18 90408
35434498 91 82568
14989821 7 54286
35833330 99 14171
425762833 78 77268
75772793 32 89161
880665211 29 89616
1305174 97 22200
81834011 20 22061
2789614254 17 79447
23202 19 976
577873039 34 83423
98849633 94 60702
223079387 67 45579
115340631 36 67757
117065532 63 30701
62256035 81 14566
2363475184 4 72925
146091374 50 39394
1067023686 23 97688
81233073 39 27125
386359192 25 71311
423841 48 1802
149791796 53 40396
20491788 64 42816
10266304 89 60968
15453966 88 43736
269517738 19 33501
331252501 75 36712
13338865 89 6215
478375620 96 58914
2255313 94 49762
17127480 26 26250
4902781 41 64773
204962230 66 45958
467784983 33 33516
51191 81 615
295591365 10 66266
187025011 40 32471
187133928 52 19264
534108865 66 58952
142371122 62 83819
1840248877 62 93961
1786771076 70 85599
891266 59 46841
1622692275 70 62487
4146589295 84 93889
492238034 74 37089
1377190433 7 81248
275715810 54 29848
812848679 27 92333
2762649671 46 77996
267558021 92 46132
11960746 21 95561
42885596 81 36969
126391222 1 58571
700011959 35 99254
69358552 74 12494
13577256 46 64065
587138134 45 80477
715497831 9 43397
7607106 76 83264
411563006 46 48798
287351787 85 24763
418348580 18 98891
2354319793 27 84733
1306244300 73 54734
1198518007 71 68682
13330329 86 30391
769544186 85 96438
2633947 99 90485
5605971 61 50635
50388559 6 10574
19551802 89 51470
97711693 42 36470
422704130 69 62294
87506635 99 26167
107204 66 8942
2378609710 7 69865
599880 5 1628
299674925 95 33566
180593097 4 49974
2623597272 20 81970
116214108 41 17245
42233278 54 28247
943033 72 11619
22146090 79 88243
650156407 92 97316
229168454 2 40052
141666473 93 66747
640345607 58 46109
1245634334 25 76329
321886509 59 86088
1131827356 50 67063
91567607 91 33972
96489815 18 76965
223570172 69 36226
1392164475 7 52707
34447783 42 24813
1004072 62 35884
253135 70 19775
1279500174 82 64702
351569851 82 96272
604293288 90 61744
174533541 20 53411
554027516 35 52276
504858287 57 79420
84625032 26 66988
6247755 91 26936
5671607 38 4878
198827690 12 40576
73053 21 31405
142154140 54 44889
155927541 69 28247
3832568 32 55514
37184474 50 12290
68100667 24 74274
120298393 91 97374
6266718 56 8394
27635 85 3182
288125290 36 91019
210941624 97 24191
420406495 83 41598
800282 91 2838
224282489 41 58755
3965799 22 77646
61929572 67 19040
26976087 55 92816
1822610224 46 86443
1420568046 68 64521
45987197 82 83746
13057378 41 56823
966757363 13 57684
719678957 71 47652
4252720 26 32635
365916084 19 28359
498523995 41 90114
11316614 49 45363
41183144 1 75144
67942041 19 33217
5167292 15 4425
550610633 50 65478
628162982 25 44805
550308354 55 38402
109914528 49 23905
1003465846 58 44827
1112110998 34 57194
4600164 76 37726
92582504 40 26518
1281636415 15 58922
180850837 33 40387
925368159 62 74667
61354556 16 19821
1200061 100 50643
613542921 95 38664
113999973 88 19701
24142570 21 63629
2042512128 11 92262
71747 21 892
4065479072 19 92632
828310976 3 83320
353629154 14 96186
161358903 16 39721
577152229 28 35025
30970651 1 9561
109837184 71 49754
950547480 49 72003
1534605 65 3505
8665272 36 49253
263729146 26 28090
3120569093 20 88401
724961759 85 52185
33210239 69 54195
178037197 9 66712
7684593 3 90351
141205303 79 24201
22950 22 2717
201380 53 71866
267372948 63 89440
2439510895 18 95139
178494024 80 31772
13656081 47 40790
3693853634 100 87007
1141740677 52 82911
2747291 19 6059
28223929 92 74684
76047742 65 81264
2495789513 88 95380
737346024 75 46067
342500 30 8330
2948885916 7 98863
5444059 48 10290
10139484 10 5668
71878580 72 27847
1818735213 3 79349
156952 34 17807
3132289412 48 82828
547727897 41 35528
5901842 84 7334
140464394 27 57265
845508174 56 50628
1876478990 64 61185
1013391182 38 56269
349262988 11 36742
192832545 35 42969
1686030497 19 61841
22369551 52 21943
1648914906 29 87964
59288499 50 20817
1082428834 75 73616
31317566 12 9719
891280517 97 45297
714886 56 75677
228950245 69 49406
102760371 92 15974
1487990316 65 67951
369475687 79 41793
44023780 29 17983
920356385 52 85049
1288935222 28 69313
2485264025 84 98854
6842170 57 4870
218135330 41 65090
529348107 93 43514
94647375 43 14583
1524783513 71 81999
1448106666 82 70007
67314546 6 12838
1684776480 95 60576
30888758 88 14527
537283 32 34897
1087825483 26 49464
316224 68 22778
106269642 20 48607
17338 82 3148
49114276 55 25902
1578528872 32 72822
466878210 19 92910
555520206 48 34636
1258723476 98 87148
1153901787 82 97579
6144451 57 12528
324638498 89 33775
3461125952 22 90836
821281299 78 48330
45008225 93 19437
144526003 41 36222
3272380431 14 85231
72524116 87 12490
27826058 57 11065
23973586 68 34982
154277587 67 51667
3945123 63 53363
1517744580 82 68962
59704476 12 58641
205046110 58 20789
2163009 96 8031
1666647617 90 58567
6045059 44 34546
103080633 30 37427
943526 45 9927
778221112 6 84979
255085964 55 59064
143007871 75 47043
1168535 46 2545
212300234 88 30592
13731226 46 29291
564987174 55 51591
476269100 67 67460
541570780 13 43957
1374188247 80 90409
93083152 88 34259
7281758 52 16772
436675048 78 37450
8868 22 255
12516691 81 19451
177765459 8 35859
22561925 96 87548
18265381 33 9110
1391476739 97 81009
592362235 80 36382
713732492 67 55389
102123436 99 27967
75533242 97 56031
32586108 35 44147
2424614932 41 89597
58604703 54 29056
5445 37 25331
362304720 76 95639
12550521 68 59742
53281348 54 22840
327814139 65 79750
890375005 14 80131
2882430667 87 95393
890 22 1154
1373222895 61 69420
416114986 85 49804
8311717 2 15465
1675706832 37 84671
5254631 97 20103
1675664217 54 78395
103726 28 1956
519601751 35 34162
1993494169 72 66362
3420461236 26 91166
422602101 75 49601
70679947 36 12402
343185361 86 35231
144216128 53 27098
1796443380 58 68055
1697405950 58 69287
256508357 97 32509
831644 95 97935
1903240273 45 65866
68955044 49 12738
626814980 96 82368
2002121603 78 77196
13667718 98 8318
41884609 44 46289
354373408 20 94972
210535189 24 87958
660611 34 53992
43315140 43 10038
1621563994 74 79849
478715997 53 39230
14676522 54 6907
1278508076 37 74952
15580354 19 17251
459695118 10 34097
317535092 83 36819
14363 96 8038
214528729 5 87927
3246988978 62 89163
1785964 97 14681
2577985 23 5592
456808837 32 94840
824574722 24 60391
17246428 26 25139
2845990 97 24348
523902262 93 56760
89027918 2 21337
75457510 87 14865
617042308 47 73338
259541062 50 98975
18933511 70 41812
35276436 61 12185
899874385 25 88244
53389 2 13697
154125724 14 55729
1580214675 69 62784
135756416 18 35558
383091465 8 52253
38029450 3 33832
1832856329 96 81640
259096 88 871
72254 24 1453
24240 57 1439
33737585 91 15099
135938828 81 37917
657123478 83 58237
5741347 40 6778
1288696500 98 97972
47011172 55 59620
1748188965 33 76166
406372909 90 45672
1609863202 76 82088
231782728 71 56811
649693319 99 64765
109334352 86 81925
1363093681 68 75712
3183278448 83 88391
2176910988 11 95943
33413202 32 61367
129937403 25 97697
2362543 24 5434
184397501 80 36886
51210222 60 13633
4377489501 99 95515
314522050 41 58207
82449141 34 27755
220167111 63 29834
2001049847 17 77613
3214477117 16 92930
1053493027 92 61409
2109775786 96 70043
194246987 1 77340
30485798 62 85982
1066372182 30 48945
524593 44 5592
308320377 14 67699
165667447 7 42856
119640507 60 29342
814246337 27 46513
55315168 60 28138
502595228 61 43592
258219153 59 32429
482278736 73 37563
2691867075 15 87621
4214030 89 47676
2747752129 12 83753
1675924022 78 99211
176485516 43 37746
264197683 1 32942
2513052369 40 86841
851474584 78 59373
1771633322 69 77446
1608967109 48 72643
85733788 38 43714
18099083 65 7346
698206863 33 73817
39478105 90 29076
6329779 45 5732
1256758 15 4786
310062746 36 41639
1240443789 48 87948
402030842 86 34886
1849196921 72 86829
670355299 45 38504
415649225 17 46090
1232741 56 72274
77330654 30 16483
45276961 88 60780
277214974 83 35971
1513401117 71 62501
155386768 14 73980
236033738 79 84866
712865248 97 52430
1448721 23 7680
230527462 86 22425
8445260 19 85032
1749939702 48 93152
1294382655 86 59122
32218796 82 28163
195406414 52 70458
176965459 35 24596
186696243 21 82174
320303624 25 83971
41617 43 7869
92017282 97 23671
263835 46 11717
896370155 15 45001
39902686 85 11575
1632660075 6 72799
13915412 44 97397
238075083 51 85692
4520314 47 4713
2004746460 37 81765
20122311 43 94071
59609375 77 39595
209129627 14 73508
1118289227 49 69362
1160767965 42 85738
1019850036 36 50346
198925759 14 35543
23487461 31 15559
5798678 8 7673
40589116 12 83953
40545717 64 37213
1707328 78 6193
55919133 12 12506
488703176 52 40760
2413143912 17 69618
1662897777 68 67616
655964884 26 50321
184760 35 878
165165762 85 89666
3940707831 53 93952
802955742 50 85581
790208295 82 41867
6061659 25 32136
26279863 62 41583
459526139 49 64619
4351993 23 9433
2811716082 95 83321
41750489 19 32358
1330973 28 88503
566519873 25 47051
658705327 95 74185
185343467 34 48396
530253 29 14590
1067700652 44 47605
1790137810 11 99771
25264805 14 27751
23502 87 4647
20516688 13 10173
2521419095 100 86925
318375398 3 34012
779201101 4 79804
494344934 37 66794
304446254 39 60810
281151852 65 54960
148056212 36 77211
66771667 3 83884
4843874700 49 98740
2536924977 8 72455
404379515 64 48368
117077184 21 44235
1835074814 81 71500
7060926 25 4867
447348 39 92560
70341597 81 34388
57262637 60 40691
79900460 94 13861
136071777 94 45341
24639950 29 25033
257729692 8 36608
634299453 23 35548
12964553 65 7088
18182873 32 13930
998753 19 95561
547558 89 9560
245681 89 57590
595582875 86 93861
62643692 48 43025
46033378 16 44252
2159856 31 12879
4110774 25 35490
996040804 73 76022
119711913 97 26499
552907817 21 58092
130002 42 74118
700319260 69 83852
68652422 30 95819
216576834 37 21326
80587870 30 42136
12587365 19 75314
69211656 59 57737
1340039130 43 66285
1934855222 88 91744
1561035998 34 57133
3323376 21 71034
214869876 6 27443
217482317 45 64057
18195 5 7611
756946490 6 47219
42988500 41 23282
1364792339 46 57190
18433754 74 8984
24736265 72 68758
453624557 93 95385
95617631 11 49783
18315801 81 10544
3706974 32 2755
16483445 36 38058
5862167 39 3400
2744547386 88 90581
1293309939 59 86020
283698979 31 99753
1986949 12 59129
2647943 60 29173
254205143 48 49088
1902878 26 50482
880864085 87 64918
618896300 16 63036
78781281 85 73197
213342838 75 69982
52554747 28 63007
176589501 39 37192
705382571 75 39006
9684335 15 18003
1976283 98 2292
977528190 66 45506
3031948 6 11868
2357443 43 14064
504957343 4 94237
10412219 25 12358
121278313 54 66111
3849183553 55 88342
1233348520 68 53128
339981217 76 37538
542623149 75 36392
613945038 73 58199
6526318 2 20137
79396646 49 17235
269391673 75 36450
16956898 83 34100
58827557 23 56157
14457567 59 10368
4127300871 76 92965
1019398325 68 88471
13493928 46 5825
165996 63 59843
250171631 81 47114
6596817 12 46976
482301140 39 36068
2903209466 20 91709
8749958 52 27768
517220443 88 41402
982878 14 2725
740089294 85 70035
353792821 42 40958
13741593 4 24048
1793 25 58578
19030950 42 82658
7342800 22 7845
3711505271 23 93598
208595121 28 20712
3858063 95 3708
510360558 98 64228
418962687 82 42052
2574495996 76 89822
115366035 7 72037
112797545 76 72582
258232558 7 55074
154571110 89 24369
3264009643 25 87564
55523365 49 45324
69305641 21 23818
4784 38 303
711152828 88 81842
132644005 97 24917
5672787 91 8022
873117321 30 43910
305459289 87 58351
77626589 38 66699
73166450 23 15682
47776262 97 10105
1363741450 80 78058
2033356109 24 74480
449343580 10 67449
92315099 39 39888
341023033 32 27835
471045048 24 73095
507593 20 12204
2383003938 18 74099
91978885 81 18017
2908006232 51 85575
807551533 44 91181
1013443458 85 77125
688542113 63 70708
44924019 23 11220
241262773 3 43437
851799 58 6023
83335287 71 16278
694336510 56 50646
970693665 13 78791
896805606 69 59370
719749795 87 47880
472401432 12 53423
1984421 80 2387
513460660 8 32495
59238847 80 19318
1230347016 42 51568
211425844 38 64480
99553555 95 83335
2844734 1 33166
7035830 84 10511
35896687 37 43201
905781502 72 56968
840710188 48 93008
1484049169 21 58458
2533772 96 3331
4324376936 14 95685
1363188516 1 71089
2345863891 99 98898
2024091 30 5754
358657901 43 97372
244871096 27 53704
924249 90 6547
24647 30 78522
1895645653 25 97652
103944701 25 87697
473749904 34 56720
2198174286 60 68121
20098480 43 26745
1044970017 11 47609
314502616 84 31379
113186865 35 17795
171400551 97 53254
26147200 3 11462
266921057 68 39042
1635461367 1 58657
1497785197 53 71370
27761919 5 51372
1811811070 67 76923
276167647 94 32232
724994534 52 39221
199863472 7 90030
37496128 78 29455
63998238 19 53288
13872812 26 74530
1877547120 75 87144
2658114186 34 91443
361858408 37 73269
3640968790 96 85317
418794503 12 36782
267881501 90 43017
47012398 50 95872
234269135 7 35253
1745713 67 2947
772111 22 67932
35174531 63 34585
68435 100 71329
311967398 41 85381
2686929451 13 98539
684385907 59 72176
19525795 55 17035
272819509 91 32890
784792546 4 50068
3760801142 24 99162
14622369 46 9284
1982000573 28 87752
51818264 73 35959
783202937 90 79719
5326996 83 11065
1 40 18693
773991167 48 46767
176302767 67 21566
898627 55 32768
252387204 30 78935
188785166 7 23749
1863749081 82 80431
552330516 86 55828
981321097 53 53607
2700160302 48 97882
4212588 46 19217
908718865 44 44354
2501812 79 13591
4102409557 82 94569
2518227796 81 74535
1021496094 42 55397
528217315 58 56125
9859344 39 16400
37091969 11 55658
228574047 9 26985
528671143 24 36860
263328582 22 38601
14755542 52 11031
64541 56 31461
76397716 65 14702
29994082 29 89652
51853765 86 90332
4109027108 39 93509
561736593 43 56904
95949206 94 17322
58154178 19 16900
41584526 5 28100
17719064 42 75837
10081562 41 6323
270662 15 4848
2176960 80 29926
47286418 63 12270
537326579 6 33735
48458444 12 13910
19362532 37 74453
181876912 16 47345
174076750 44 44546
1918588902 29 94845
688367 7 20760
735829638 43 82744
3826747095 6 99843
527995010 10 36499
51603496 2 63901
111584025 27 48931
137256133 88 46977
183086061 73 54149
210712695 76 40905
92898110 49 78882
636024466 13 42687
2910834 91 11354
26914360 50 10967
17342 23 51938
188736046 98 60130
201522613 29 47419
1068545766 46 48170
354974089 91 53441
28972991 89 76511
107599370 98 19331
24527514 7 11836
32550974 48 47998
1451864 10 14268
110134301 38 34473
133573093 96 69094
703485 42 13346
380935540 87 44620
1141314540 18 94075
2763554695 45 74481
53941 17 1694
21187274 82 20477
21385050 42 18604
84117012 72 92242
2088874553 3 98117
828274 77 48892
910677384 53 92829
396447091 65 54093
538971953 92 68513
13783046 35 26877
4418428 75 3325
972522508 54 64670
533089290 58 63770
24730325 34 91969
730056518 23 98283
1133435305 62 58235
10700564 11 8787
277097543 52 79984
221319671 33 27807
474018649 44 67107
2296680 45 4044
1815614868 64 77779
208319978 57 82681
43653253 25 35939
294502925 77 55444
415395553 37 79379
33649025 48 12543
581214579 11 91477
238435208 82 56906
221742690 38 54265
193809153 37 48602
50003140 58 38747
370856070 41 82127
567150668 71 51323
994202129 7 50979
266455 59 52120
25719122 50 79044
954660263 80 57705
43711165 21 9967
1284524795 90 93265
582410 67 43012
59319597 59 57646
1271662 69 2673
1569914630 68 71647
2294407 19 17404
227172856 87 60479
273118934 73 27774
20048931 53 10679
409383920 84 64177
2238574173 61 79239
611496400 65 36212
28385294 43 9780
2320984128 13 75789
25072419 71 13657
65314669 11 59965
791153 65 43998
297770 43 1992
284729 46 21393
121783553 8 52109
62833156 81 70878
180160748 35 79036
2190166618 32 71287
844588964 70 43762
132195326 57 26389
770487876 81 68135
2821659833 73 88458
165544180 38 26194
742175827 52 42581
456705594 10 50431
1845466319 92 90133
429138037 21 91739
441888548 33 29679
15271363 33 45721
1 74 97
1756686269 41 60654
632974304 76 84733
2923412 64 3227
410308503 95 62642
17256019 92 34899
772365655 24 99175
28418 33 33569
647576454 49 67174
83948801 58 38278
3365313 33 11212
6386288 13 42945
47343570 61 18336
1398783 62 52150
3745577342 31 88855
762082840 55 40826
2367364975 56 91232
1373231952 74 80839
2220824 90 4608
34783416 26 22132
2600433524 51 79102
1197697858 78 61072
9693741 89 70896
1889337027 63 84029
1814389381 66 87152
20098550 76 25314
176871607 43 74170
46391 64 1471
32235078 100 20059
73550759 28 15942
2105057582 5 74119
243046265 67 66426
2976225927 97 81598
1146912009 38 48462
1548696070 12 69168
38745082 46 60096
209307246 27 58835
18652448 17 55396
956749393 67 73419
2768511056 87 76119
582921577 36 60170
2415462882 20 94121
158572369 63 45610
1141206163 63 50581
197 100 2548
231498634 21 68176
989223 49 1312
220174576 77 34282
644662717 64 79166
6326300 82 32777
3288472282 31 89684
514825225 2 40061
4748086 55 86329
2227267308 51 84611
392905929 15 53808
327758624 63 38801
509528287 30 97385
3273 61 25668
3062187480 21 84310
83771036 90 17135
7110663 94 87291
2112554694 2 76242
7305506 90 11983
113638026 12 52054
308025168 96 50728
184397297 35 22831
1153378866 3 70810
1001192195 13 66503
2214429381 29 89101
292677869 26 30453
958590 86 2942
589359074 84 45056
447551435 11 95189
1130596566 21 48655
1580387078 68 85410
90774327 35 45575
103145614 94 14730
340619 85 2202
3489661 76 4729
369976657 55 80640
63074086 79 16441
3500977 16 68660
148517009 14 32668
719510 28 93248
3443061638 50 86849
402803585 11 52073
3016452787 87 98516
51086320 83 16846
171993081 97 23500
19548459 61 55654
18433625 56 11686
250442915 52 82356
2812557 64 90686
539408730 31 70969
2011446081 56 96948
859477252 52 50182
26308350 58 16055
1866877870 40 68883
1659534559 41 71367
1577150908 97 91235
1604465552 66 60951
595565963 13 44313
1061411899 24 48769
807493000 100 97331
1218185091 39 91374
24166668 87 73687
91539013 57 20305
35669291 66 54024
135121882 61 77495
50491 94 334
1397494439 53 54981
295958759 87 74584
126037056 58 28840
2636127535 34 77392
275126078 40 31068
118513 27 2633
24436314 42 17333
454937421 56 36785
3758649251 8 88517
134353103 35 99678
2221224810 14 83882
1520434737 95 61612
50238178 32 36434
55358799 10 64908
10570425 12 17021
3359458043 83 92155
494865849 2 78769
523709173 12 52752
645006297 48 38677
1187596696 74 59832
6931365 29 69449
170722329 11 41241
844655308 4 46182
1842654839 72 73957
128933343 83 28673
362865490 7 69858
2810923439 13 95714
946362772 56 51674
44631784 91 19665
1685002454 12 60632
1146653533 23 79008
449077188 48 29971
65159863 83 11511
27335159 57 43165
368575554 31 32872
19728 9 64785
31084330 27 15555
3268687 34 17347
639318315 41 60716
1145236112 21 48011
4114606 7 66372
474117168 5 75171
55695790 38 19004
172950454 29 64785
31672230 76 38980
4985912 68 16839
628903683 98 39949
2530265340 51 95561
19581610 10 25621
55546477 27 15472
313790600 26 29261
6982213 54 17114
468119 51 8162
632590067 100 94339
131646797 1 63431
4881210 44 5794
14490104 8 7725
897925873 45 89410
195748796 46 26148
985068547 40 97501
1486782529 33 55673
145882166 51 77754
1946524 84 13629
116780 49 21660
86701960 57 57129
374911286 8 42265
689307406 26 99453
123920389 21 61968
213566069 29 89564
40062 58 34215
262080987 69 39176
838214019 18 93664
148690 37 78751
495108068 83 71447
6753700 14 48332
117506118 81 27117
632092321 2 49510
1619846 63 3510
60806578 87 16718
82112 100 5069
59565277 24 48634
404668970 56 52871
312326967 74 54400
9306111 64 26120
415771320 12 99571
62452618 57 18503
90287554 75 99451
38194709 53 18842
56134161 87 22858
68324320 57 44798
1010621073 2 96789
3625031 9 84315
37406 9 55463
712787417 97 78824
500068119 92 48702
11266936 11 14252
1201104907 31 54193
1275285454 3 54722
690989475 33 40600
108840487 49 24464
2143 27 1576
17001532 23 9254
1048565045 94 83855
229311412 44 28157
34567345 79 16857
110966995 62 24893
304288776 14 40210
232184758 1 27226
440658847 86 90216
191662128 59 30677
206127570 68 96910
481096178 24 71139
648685706 56 41298
480728862 20 47945
381911275 21 33697
1563290601 59 98162
1937216419 59 77415
157449588 42 36941
1698302233 64 62378
88145 8 2460
83575408 68 55283
910297447 38 81921
2913142148 37 87163
24923506 23 33102
379305595 98 96722
2034838491 19 98794
43966724 32 96460
1337514806 72 66649
393892263 80 66200
1577698746 98 66925
468927894 87 93284
11297373 86 84169
1830968038 92 95389
38636696 69 88700
1023458709 50 72715
155681 35 22754
290345 55 2839
4072837 10 3536
1553300079 41 72810
218937804 8 23981
57839987 24 31264
209904583 88 55068
1854044295 51 70232
3176187174 4 79621
94222554 6 59826
98827811 23 81363
30605635 85 89546
673738947 35 65501
1728799715 47 92205
154297467 20 84361
994939578 94 97558
2165782 66 8249
598069 72 88191
60907174 12 26193
313719503 100 65533
5983 77 225
909093586 90 53715
594376332 7 59380
241062 84 1719
2968822 34 18363
89962973 28 38567
348868843 10 28819
193023915 8 24795
26626 49 14376
55356 31 70958
289114130 53 50373
7977198 28 7951
95984953 18 75543
2064870300 12 92925
2861993037 26 77232
32540880 92 34014
179735378 11 75310
1179840557 5 50147
214757358 42 38380
382484610 54 87812
2164132 41 16893
42516564 12 20413
303253340 7 31074
758230605 82 68872
14043662 33 39227
2625989792 15 72404
59938061 28 72410
140648347 94 31047
36989684 31 16951
18028885 30 10276
637859061 47 39451
155517 85 1678
1429954049 87 59229
951087665 62 44177
1980681031 12 83497
295653327 4 44620
2554878384 2 71657
1190559665 25 51034
2245688705 23 70015
2793018830 41 78056
258603984 71 45881
95788741 34 42436
742584058 100 86174
594597560 13 54898
34698163 34 18793
479349991 37 96065
1797451 63 15397
171243789 90 77108
311484267 20 29369
126061631 48 27402
4665523885 89 99065
667555602 40 69427
1041772758 65 52816
173669186 30 21936
38157553 4 10473
1657546738 6 77458
447995366 49 38557
7385698 17 17987
340402526 53 45591
32897026 43 9405
975788 74 43602
141026 38 29048
163997 10 613
251266323 96 52038
32700060 17 20229
1374470182 45 56723
105955843 4 30787
43311507 20 26861
49054152 46 69702
508954384 39 53013
1936490321 74 85213
5109785 49 50517
1029533098 82 82010
297271496 59 67544
1619642811 3 58503
219391408 17 44244
113737222 74 22374
1742431264 47 59310
6649999 45 66839
370657 74 5570
35504 86 862
2035893823 85 96910
620331509 58 90130
1496888116 72 64480
14451362 70 55090
1297343058 74 70219
2440120338 72 96802
156952406 29 29454
247695592 32 28616
24701 3 3751
46221551 66 48365
24211046 64 69484
300756 30 3866
57141839 22 23521
471987774 8 50698
1306582180 41 75940
285068850 12 90235
518932152 50 92626
215975728 29 41786
10746736 83 81589
921378399 95 80446
1384519648 83 62190
21107 84 17494
579458240 56 93477
465911 86 2972
262222068 36 86658
2412509 56 44211
2397502352 73 95148
138651988 61 16631
131636783 3 38977
32774925 61 53355
741231106 31 50840
28854193 41 19636
245399634 26 34904
14808307 95 18548
128866901 15 27412
693297547 34 77758
55360435 61 35247
19245617 92 83442
1052064456 13 87329
3592586 43 12904
467762 21 1670
1923741164 48 87991
1189761611 12 66944
1518273 21 28145
272170315 74 30902
2194701995 37 91536
68807 42 622
212308846 18 53681
5654794 29 3481
39240153 43 48602
112811884 82 66885
1059615 76 20477
658835481 43 50424
944509600 52 60021
1958332536 91 70868
77904174 16 41560
1190394319 71 70653
10154581 25 31980
43940160 29 27636
1828697782 89 94167
329838951 67 29743
108848143 75 21833
5105 45 10572
5566712 4 3466
257343925 40 98677
36039193 19 70539
1585030753 54 72518
636069961 61 52169
16864751 78 24137
10192371 53 9845
1240296 78 7844
1040100765 99 67442
33388341 95 35617
169118093 23 29531
549069 60 38482
319676422 91 29588
746284541 30 47946
179019188 59 33727
55445774 49 10937
65294215 59 71776
909628340 33 55608
47468360 96 49776
639666964 76 47824
106021215 24 21187
328294376 60 31261
330810367 51 54032
24501235 67 21174
2757934956 90 82354
1446839591 87 68771
959637060 69 43860
3890969 37 5935
464533445 90 75100
65435639 32 30404
1101386 91 3229
5935602 51 7009
600268612 80 45548
98645950 34 56907
2467486701 77 70528
865341658 92 90260
824112897 3 60584
30788488 96 9041
312936552 10 85993
2369166 19 8693
3584530388 67 90755
147398784 22 26154
405949201 92 50095
6142805 31 7406
146697984 53 59574
574308213 55 51504
1433 65 377
25499652 53 26895
633613909 70 75269
328988968 89 41233
1167346947 35 55741
801477657 35 40004
42942044 47 13127
3990794825 18 89503
1389867 71 54400
2895230147 83 89583
93644814 83 83398
2513864119 47 99380
1363191735 18 61948
1143241 21 58594
2053818908 83 96509
8017752 49 7165
38575035 7 53691
593209004 19 35549
228149708 13 59445
55534160 6 17120
149960253 87 17559
157773866 9 46058
1963190 34 77073
202344885 50 70999
75340845 89 82877
105812304 15 50265
23177840 87 29106
78808379 90 70534
390699957 61 79175
817326630 62 73663
3976636 49 4683
306298855 45 56050
213512 4 1530
23188204 96 96727
2617938563 25 92716
1250201036 54 66238
19099285 42 22053
19440548 96 47433
2235936145 96 83066
902569879 93 45267
1557393 46 6716
3484494 86 75364
218730303 74 47826
211863217 55 24582
113183129 94 69419
1945124661 69 72492
830282554 32 77765
71964325 9 24938
234500070 89 33853
3140489 28 11522
3291038155 9 86146
1267483026 26 82281
1545875899 40 93685
1673905788 60 86222
2276939711 67 90780
264911 79 11861
18455906 62 15893
1851667194 43 98924
33446304 56 10607
103104606 1 21822
969156955 39 76726
84693644 31 82906
12990974 86 76545
3434385159 24 87133
650623 91 28017
2468670777 66 72516
3590701493 98 92298
56237595 76 37803
2392156811 9 73439
111351101 36 54231
970772276 60 60953
317957121 71 39853
48635763 57 74924
528782326 36 34475
44204065 12 19233
596400279 4 95777
135739828 93 39465
2167763 53 9899
74515896 94 31470
246174067 89 30264
607157800 39 57405
190319957 26 68756
119415214 4 32604
523124700 10 33800
81144260 36 58407
34921784 44 30434
25276093 50 23556
257000279 81 28159
141057851 49 99084
130359314 9 52982
1335167 16 4220
237314420 37 58207
141254754 2 57870
9611683 76 35172
3438790 81 14764
5546315 6 10119
77396673 89 25878
179468038 25 59737
51113449 89 83644
533642310 97 91300
1078011789 66 55538
808832179 68 41971
1721466010 93 89653
13767512 44 21810
102607222 36 61246
45010930 4 12971
234481632 64 37559
59358 51 16422
5951323 80 15868
2171519467 63 68576
40014469 19 32199
115579578 42 68784
410336626 88 31751
95524699 68 79117
3855354 26 6517
294344035 9 24816
38284014 65 24873
1575505439 31 59969
981046119 32 51646
63135177 11 56272
72370836 79 41640
2632206923 69 98098
535287669 34 35995
4538596575 79 96198
1063297613 3 94765
26689588 64 92472
24939783 29 29499
2980327714 92 92965
552059652 90 33386
911033584 43 53941
85076782 55 34374
33720109 8 13549
756876257 74 57179
177418576 81 44024
2281163731 61 74304
468229753 97 96739
217247558 55 24388
4214628 45 13374
16438406 44 53355
296038799 48 46521
63090516 36 50188
12485403 84 31748
4791890 60 24589
1483620867 29 66405
2320981634 91 81456
4092419 68 32305
122582270 72 59718
82603705 20 60913
1958848355 90 92509
1090974642 39 75622
1898596962 4 65967
79751509 61 13656
24358 15 257
116043421 5 29343
106480888 78 35687
121120147 21 60403
150588947 34 48294
372407919 88 33020
27696988 99 58581
43475764 90 71804
6817522 33 77638
2599676 87 22978
698710831 16 40076
3813463580 17 90117
11866 49 114
166849456 79 25962
999453310 24 80692
684383 48 21475
14164106 55 44372
608022319 3 99598
1218071421 5 70686
98796 49 1828
41105861 49 12691
169930060 51 64750
185533824 20 63022
403675323 56 88358
72743531 88 28287
15294408 81 25796
70759301 73 23992
18145168 15 11229
136915221 6 35305
1514170248 69 55274
98966167 69 28528
372419626 24 40571
254270366 33 93496
1126943956 53 98361
430058324 70 89443
175547774 81 89499
242010139 11 94332
26977869 54 80621
466145239 12 56758
4321954597 65 98849
1539234089 88 76282
16942928 49 6844
59353806 97 79865
4743310 97 8389
941525748 51 76591
195480677 78 62415
7157 77 16001
15065278 93 13011
180904671 97 61564
31909568 13 34823
264516916 36 25490
9242569 76 15617
566718368 39 54805
16126121 13 40561
423599815 80 85742
505120136 41 46912
3933618682 54 90260
1414222278 63 92542
104151685 84 56289
11313381 47 35399
965560619 23 73246
2086144622 71 71562
482275411 51 65395
211445 16 1427
310993535 9 44426
88477206 10 18774
373817006 4 32150
778994876 9 51053
2027673513 31 76443
281844859 56 96229
2115504761 83 79772
7905329 10 29838
25909056 44 67308
1973813815 11 87212
2225364959 81 80538
1486000259 5 79898
890800943 69 48617
1193630532 85 94403
198882129 12 97791
48345911 41 11348
1141105066 41 73958
586989285 9 35805
70114169 26 33325
94692296 19 24435
1908268528 67 67547
1723772428 22 79050
1928532527 58 88872
164028013 8 63226
1 68 10044
8961923 63 53074
1625521604 98 72475
998961162 33 50986
366998499 65 28672
330807108 86 34251
262671868 100 26733
7153982 23 80582
1570609644 66 96018
34724149 100 48529
7863 19 9952
261476827 85 74595
453998059 80 84022
224552 36 53558
606918477 98 45347
3857909251 24 96115
710265603 56 42390
215684743 39 75843
1294935608 17 66626
25456521 31 16296
1480695696 60 84132
1431638 52 5076
29380844 76 40071
689755552 39 65866
66135561 28 52261
347026478 23 50114
352378 39 4421
2212401148 57 88736
711801901 56 45776
441452665 46 60234
225593591 39 54782
2515677062 80 82563
718125978 62 79760
4473573 83 10297
19681990 14 27905
523685256 91 36690
998970375 37 57663
160522323 24 31095
4884139 60 20913
917258219 70 43482
1983735242 81 91631
498027 33 1989
3985835 62 37296
346736794 18 83869
483762888 1 87315
35175019 71 15050
3045558139 36 83170
6109025 98 34644
15140730 46 13962
93556879 74 21165
267138034 95 84514
16285938 33 9524
1171160 34 2359
1 37 1420
12660034 57 87682
1302495979 85 68022
187931851 79 68418
131501299 91 28082
40400499 10 32270
586017319 83 76114
1320286585 50 73133
320278638 30 64949
11285132 14 15782
202829 35 85737
382804255 31 40811
5991619 53 9326
2055261 21 7261
1625857046 84 83717
104620882 54 53941
2219105756 27 79604
358940681 74 34959
254692173 77 60893
7004283 37 11704
991326949 86 96783
154950730 69 22649
251898663 16 56453
13020895 75 6967
46204279 96 10395
684072894 20 74831
1783766350 72 60876
3683997849 82 89944
138307105 95 22787
22828817 51 10608
67393041 86 21529
68584088 73 89268
111521248 100 40094
1177512276 18 96290
60442850 16 81334
1316971422 67 53691
817696033 72 46372
649191270 75 66701
427408469 18 58817
4014868221 80 94525
27317641 93 13179
472124619 77 78715
8272574 80 55242
78067251 52 19960
105089924 41 49677
208965630 31 23801
6263642 15 64727
1857701866 16 67562
770139862 24 58558
50595547 78 12547
925677642 85 69269
461832037 63 51759
1 36 42089
80030282 86 17529
1380151535 2 54972
612959580 1 35111
691328082 3 43920
88330816 75 55517
4182714 88 2913
635393111 29 41574
174312643 81 78254
913168437 43 99794
139403866 74 70452
196078 6 528
1282514674 55 91805
39035189 51 92495
365143626 67 70361
233144853 41 60941
12204479 100 10901
63259836 48 43309
333934 81 73591
1026153641 99 54856
4593239 89 3918
30244978 12 15091
16180602 47 10470
2394691865 78 78035
2620113697 32 76757
17492739 35 11589
2754487 87 7827
21357624 18 9805
3798495 72 78970
60175102 77 73259
1025892020 2 74900
116872089 59 75011
841739603 94 49036
418498672 52 95643
1883545179 19 85387
3277049183 24 94493
11824174 59 47186
118927242 37 45138
4494184225 43 97591
239569412 52 60914
11616928 67 14902
34209421 21 19234
485145443 22 96705
299795190 37 37906
1370438642 95 56086
4767326 52 14226
5767215 9 43343
37194425 59 80681
31656341 32 23512
278756531 54 28210
172123963 98 58213
45393706 74 10209
367374089 46 71819
9809401 36 17906
2065357996 81 66871
735985 44 2178
2242970039 15 92882
41117298 74 67585
854901061 43 46862
85510587 11 14208
25873038 45 52490
2512737653 76 77921
111295491 92 30273
94791669 72 84247
3518374 97 7604
482857381 61 55470
62611883 99 15216
2113427921 17 82734
43340077 74 16232
97546850 8 36957
269854103 63 38658
2499034 13 2761
261359377 20 53104
135202330 1 16779
1934289 9 9077
676156 11 1960
112289909 71 30995
376357344 64 43919
293124698 69 36275
868169 86 27137
3847937511 28 90744
257073454 81 89774
1328471606 76 65999
445935114 36 50398
119174036 50 29048
2834870 71 13766
791799925 86 49904
55290357 66 49055
324277 94 47595
95555739 27 59726
31929788 94 14168
3246648 85 75417
8686890 33 79645
155551625 21 52351
625180964 63 38954
159100007 45 35449
255575230 28 22841
1756649400 41 73293
27856232 57 67070
1147614001 27 60222
1114479530 2 55777
49041902 64 54714
149163743 2 63767
190151798 79 19891
1245625890 14 85223
389273307 14 71568
7011098 14 27784
1176218247 84 74050
199186321 56 35502
166492557 75 21556
3047428631 47 86717
38116919 42 9107
909552572 16 83158
2575177286 36 88829
386248 98 14222
340702021 29 52763
154124136 97 20857
3631734293 53 92983
728311 18 4231
21101198 3 67166
49705213 5 10153
1119767277 75 52558
159684303 71 60443
1232415445 52 88389
3065326 28 2550
14388018 31 10467
4939723 91 57454
13239 88 3184
191629776 71 34351
2929869 88 8458
586207 48 26678
2443063299 62 80342
22524668 68 46943
92103073 80 57170
175089798 74 59815
403391374 72 37237
349360399 85 45463
1572477847 75 63811
92822750 79 23440
30239991 64 41737
11306113 4 18871
555995058 100 66759
3787363 96 39703
255253238 93 94435
469252079 75 73841
1017085093 60 94375
1483974 40 29344
740825607 39 44728
633 57 36808
10170412 52 6096
63704 60 1181
7907537 50 49445
1189125909 25 78791
3582148763 52 92734
436503427 81 36257
97078635 19 17292
2699750635 10 93624
1730675219 98 66658
51057754 94 19213
222488 84 15965
182359776 48 92678
142206980 66 40052
16857926 48 13983
231799129 62 50313
1005870384 49 46676
763916218 62 89352
5072785 60 38407
3361473 47 34767
790341130 68 70377
1264455377 57 97014
146071584 82 26482
3861244829 35 93492
835870394 85 81906
2083889267 63 64853
2048189727 42 74667
28012383 63 79367
89866667 95 39955
112205754 96 15574
744876732 99 43566
2320832 21 8196
788940858 84 85283
1086852357 63 57985
3063678 63 10325
1809155448 72 60881
673805982 73 94303
89184191 43 53008
7204098 61 20841
175143 70 10513
329049078 48 56173
278065922 6 86644
95994740 45 18182
4149832 23 44793
1679007843 72 62791
967909178 62 50176
388811459 30 50261
162312310 90 78098
72457706 100 33853
30673561 58 29928
2647408708 80 99335
1269176733 8 51824
2440720458 84 74700
58396348 61 23088
824192 8 11707
22812185 42 33161
3380031641 72 87368
166710342 23 59674
25208991 87 11340
1572999452 29 99192
14603494 4 25238
6268302 32 25893
15559932 86 87816
108839970 93 92779
539101587 1 48767
630068095 65 55120
242316268 37 27162
2132503470 8 79464
355426716 24 70063
774841059 1 82425
604462 38 15522
15708318 26 15528
97191950 5 62638
168213308 44 50544
1105943 28 9233
156759539 63 45014
714292546 15 95025
1047842871 64 73630
18487280 89 16150
82090212 2 17609
69868855 91 56847
14823262 15 53097
556589877 86 45163
2021302 63 53314
232165 39 3763
1232668088 49 89877
1074986542 75 69620
53713 78 4829
252052236 28 79067
768959888 5 43662
1739355825 14 60168
54447783 65 32027
251845336 47 58832
252438140 46 42540
29139864 46 37583
129528495 31 29982
4088720945 29 97731
240971993 57 26518
364711178 58 78222
3278226 87 3954
1133 65 323
417559837 68 58161
277839105 47 83801
408128531 38 86572
33134708 17 9407
1493594724 95 83924
1200112277 46 55840
798505952 33 47905
78619124 57 64429
503706 10 1043
84784450 48 42474
1136657443 69 97689
35061409 62 30997
3580907 7 23336
84418851 65 25588
724820686 16 53470
165249667 19 24204
625012697 29 92518
171371476 2 48800
971236733 12 77266
81147396 51 66053
700160 59 2078
904704754 65 75827
161034989 54 78493
3039076717 60 96377
1063315537 31 67294
183620907 39 87858
197174386 3 25248
940790525 64 62261
260607563 76 91198
1291661568 31 94815
106154001 1 15766
17105143 84 21765
439415 93 976
1987428 71 36178
32432206 1 59548
309962 76 2896
841303729 23 90434
28443825 69 55833
45353 13 62590
12196607 62 13212
761460777 20 61429
977537350 52 79127
462042274 87 39542
1619005296 93 83336
2744191102 72 92332
58737434 4 83422
209031369 52 97398
56017779 56 53870
1350254869 44 95598
57242991 89 11779
205853329 73 78746
1065832907 63 54717
55904851 7 18611
1449623984 31 57966
12077811 84 6426
139878922 64 22959
117867798 73 35517
976785906 19 66010
21952481 83 21999
82614929 76 35826
134148 3 33246
1345835570 6 70525
1829946618 1 75139
728759472 15 48061
131059481 62 56890
62580599 19 15346
246692577 64 23853
22533708 14 39319
856429982 79 67569
1472038393 23 69232
1733119480 51 87274
385032565 49 56677
494437570 95 73118
102050949 24 14873
1076457 62 22628
21344 56 22444
42364522 67 72241
144482290 75 17034
48676857 9 51194
265347937 12 53200
101696662 70 65152
9574583 11 21548
87380387 30 82207
50280634 89 27910
38112587 25 9487
184007695 38 73016
3122961 76 46665
756428948 4 49369
18035329 61 76181
2291185925 37 85755
1824569977 36 69936
112790674 34 58947
2309861793 65 74428
475109662 62 40437
44274936 41 72918
114060643 53 77192
67917023 10 61082
1646196 61 2575
15653930 2 24218
1685096365 6 58308
2053930388 91 97104
16396048 93 19940
6615808 30 7530
396991331 75 76098
117429975 79 95166
1184585 53 2268
5270253 53 6804
134642121 33 50628
806108942 37 64933
35126605 3 37189
89387871 7 60422
1578265314 64 67202
72796636 52 14205
24927764 10 20003
2306060041 62 83346
3640837 20 26354
1033114557 46 90229
1263570248 48 85825
1673 8 1048
1436113872 55 76948
346687 6 20996
252875099 83 57106
2883885432 48 76388
19038504 66 92622
1099475951 30 76038
156874278 65 33911
310664678 23 94873
22907983 79 8433
20544689 59 31594
257945 11 20210
800768134 43 61603
2473 31 60
76911115 6 23200
1 96 228
119983041 23 70458
130048 49 63445
53112364 60 18534
14684686 57 6581
769096589 67 94862
579347229 37 95655
23624003 81 8582
2630693 32 39113
276081 74 2374
635877754 55 61077
590271863 39 54206
495447532 72 72520
438869969 60 88112
65419357 59 99713
158534313 37 82441
1000424346 30 90254
239786890 70 36607
5096 83 165
32469220 17 32000
2072951704 88 69483
1614092315 24 61995
1179914171 63 85222
319099 42 12338
213943998 91 59958
1342867745 2 69108
299447964 42 93696
153127573 45 47158
38795492 72 16890
540055533 87 56075
841668510 70 72808
341241 30 8208
302440624 93 61623
3415723960 64 82999
19654438 58 10707
14647973 20 13408
1614191201 11 81266
426159358 36 61024
294204408 99 61574
48059011 53 11205
3102050632 56 92269
33714287 92 20313
2257612 72 16687
510048523 57 40158
2067232147 31 79456
783126883 41 54084
1529694577 31 66682
47264056 9 99067
13531 73 88849
2575774540 56 72100
410573 26 1451
636660177 22 91077
418131380 71 90006
26733528 62 7474
5087443 22 4741
93567041 92 31821
3875774 90 7699
504738567 8 42309
1027690 98 7725
332237228 3 45757
427107853 88 57100
647023 77 3775
1961096397 96 75080
153577726 91 38364
799231764 91 48779
65769888 47 54295
1866467397 84 70968
122006096 41 20368
397178684 82 57354
89222855 22 41120
20632962 86 15784
257162705 90 25416
355426533 63 66014
55669933 15 10830
462003879 38 56384
92193871 76 45847
10353312 13 24147
25257851 66 18503
10576720 84 18378
2395253 33 3350
1063638262 55 64915
245587453 36 24300
3087935 86 9006
4702245 51 70056
54830863 78 12238
1560755 85 36731
95441349 86 88796
546571746 38 81555
202312284 22 75426
2159522945 52 90045
23475919 5 36274
1985121 29 11560
153904926 63 66365
44896905 15 18573
94957717 68 75654
2144335530 60 88266
234415518 5 54102
3236437821 39 93585
1404981671 64 63822
452391306 72 41744
58769929 44 67500
212443431 99 93129
3449105920 89 92915
284599452 9 81644
823339 83 61156
1841494552 12 65266
67352 25 626
904136774 75 53260
216922653 5 25232
140217567 87 44364
16698365 45 6588
1057750134 20 90566
229491781 88 72552
15786378 61 5572
74941312 22 41898
85786942 91 41095
726358 100 70622
3096502211 91 99720
669774281 38 83194
936859311 96 70512
341969350 38 53606
245950 74 3436
1126296390 3 61112
225017394 22 68827
309036454 34 44895
35854831 14 77471
30935274 30 79144
8131689 44 62715
1242548 6 1956
65153271 80 26752
89840989 65 95490
294929 42 11044
14320714 63 18293
234193855 37 26678
17405925 15 14310
608655155 87 49051
4091415459 4 96295
1199400802 91 61704
45190384 32 32932
322646187 84 33961
183536576 26 57947
732577393 66 77971
5112 4 48483
1326094017 64 54019
11525 44 51750
485275282 13 98428
109431086 76 22946
458772817 25 56302
1984285685 27 82314
464214698 81 34669
192108950 97 45131
129078291 81 38888
3371279781 43 96563
19055961 44 16619
207866029 53 84774
785597247 36 74145
129833660 96 69180
48673891 24 20336
37675507 79 25301
133852249 82 44618
1434978678 50 70990
654068454 56 51530
6798962 57 9386
938638 7 6661
306614902 24 28483
2384906 78 10496
498336106 33 92206
259958364 6 73586
42555710 19 77845
2212667905 72 75373
234831 59 811
149180626 66 39387
71211378 80 77805
322999332 78 39130
15787837 38 43240
1099422689 54 51982
25614039 100 53041
265315312 52 24622
51705815 67 78516
545700199 42 89408
113632180 95 86830
119466180 73 81680
542525823 19 80092
2768438007 51 75126
484888707 27 37362
2000346543 90 78976
130779101 55 21145
10538 34 1541
2055695 30 20343
12018706 42 79170
45737707 96 15304
836014 56 68305
73632751 12 18514
3179086252 15 93592
148964361 16 28666
1255605971 19 67929
560553755 67 61735
2088739625 89 89882
2533412998 70 83287
71430614 16 18260
93183 64 7947
194859524 8 27169
1458660173 69 60983
126806429 10 27295
961734576 16 80252
20955465 47 12802
3250606428 8 88736
9508493 30 15195
500704734 4 39949
32820711 75 13697
538710837 7 50266
669433 69 2125
11041039 50 11048
571426138 100 56964
361842488 4 27531
58107334 35 23633
2178279261 26 67055
2901821 74 21206
1199825008 100 89213
1891897091 51 75780
443349622 14 31892
374591577 98 53890
530745029 38 82548
119758452 67 56371
1616386877 82 92809
22179899 4 76893
121299139 16 17590
823447721 58 92569
4525090 68 39377
3219013596 17 98205
207272 1 4912
26410793 80 70903
3679101281 71 98525
2416497545 11 97113
1991671476 29 76965
12762086 75 10906
40906924 19 40979
489666181 45 42392
256082759 15 40956
395252725 10 33958
423862006 43 56351
951090 70 1724
2638890 38 9041
268902907 99 45499
23948043 27 56667
25701825 52 7373
437649214 6 45953
300761 1 52368
265174257 97 79253
40793987 97 63790
1097077407 61 73499
1379680941 76 92470
1312973956 84 54932
2200383 1 40291
972823929 46 65429
173609 25 97485
50723908 66 19611
6987638 89 4985
278429788 15 48788
549193966 54 41357
2136178480 94 68127
11713028 86 6409
89709680 96 20158
39347541 84 12231
229629545 87 33305
2899628 95 5360
134689 57 15671
246617379 65 22194
34544431 92 99543
3954914 97 52033
122992035 64 86547
1380363479 13 84958
37804067 80 16054
1714471445 92 86823
13550995 4 35796
1350405659 5 99326
1113820 28 2939
12055851 63 82649
7526283 52 22621
3654042 58 35863
1873815 40 4564
22395565 51 66772
157333402 74 28285
23219777 43 82200
1438877 92 32584
2779387585 86 87140
68695549 31 96979
399585 33 1528
1222045548 1 71907
1487738 24 3185
370655066 80 68628
3148926520 4 98776
1803313472 72 71831
641382667 8 52072
284090017 50 24336
5845921 87 19878
60825489 72 46173
412131454 85 64334
1149095958 93 49178
1539572484 46 74486
111653140 80 22770
1966981 57 26709
880213808 2 71829
398246593 76 90646
2343567227 23 80733
1 23 88189
1099618352 28 64659
617234055 64 63677
845030737 54 99782
86734231 40 13368
28646305 42 52841
1366265000 99 79232
80387139 61 48433
213149800 26 53804
24627865 34 7601
6429392 40 9496
168528308 79 38479
651169978 98 95856
1827435426 23 80252
14994675 61 15477
471642 32 4290
2599381327 38 94000
1165230937 14 66864
26376 40 2228
119677465 49 20920
1328850529 7 64863
8334759 57 4223
69756021 19 58518
2148890294 6 83588
5625562 68 58071
279611784 64 52606
23357099 91 24619
25430156 37 39969
17710453 73 22561
3574655176 81 98750
1796193 46 4267
12481475 42 24294
756614929 89 46954
276930129 59 31555
1790058 28 7324
16323803 55 27863
408440361 35 71794
55471357 24 28131
64296565 45 12435
3938148 5 2841
1028004 19 1425
157462686 29 32790
1660992709 22 63108
102487819 42 29484
667718832 49 45942
592427990 11 89566
9605987 7 22467
576597983 50 60138
30235035 66 52492
80326732 62 40826
1553352 63 34093
831211199 71 42468
67791519 96 68867
71568011 96 60558
267733441 61 32639
156846 33 13544
77497282 99 15918
1147445657 81 54698
1984844699 85 98043
12964363 24 45493
12955026 62 5062
1091188728 9 66746
332392825 87 38983
567370381 27 63679
2339989861 49 89494
2514424601 61 96823
2274548131 20 69421
306172055 61 63986
102060271 1 60600
90327700 46 31027
35725178 53 46675
17004259 60 18835
11759598 97 64624
432980391 17 91100
93552514 75 67264
1123453156 20 56020
61872764 87 16546
479044 40 52415
748973719 45 62448
173558896 45 23371
1124730158 63 58183
722582300 53 49996
419445250 2 43429
257773933 66 30102
1460531777 40 89360
6528970 42 11374
905075217 29 61869
1523135177 42 88158
30578272 91 21739
377721596 65 80449
4314710 9 24121
547936090 55 80226
42221983 97 75844
8870 46 86
1590621467 49 71825
949786 87 56351
418956212 96 61667
638903989 72 44783
1053781035 25 59804
340614752 4 88754
136503 85 93812
1594909376 66 92874
500370761 40 78156
3509826 16 46488
805762010 78 59281
18238832 39 25647
224262937 3 88172
2062206 73 3069
459497019 87 90726
11947908 28 4794
1589251256 15 99490
433947957 2 65830
514225665 90 89282
212666072 24 48970
1855461100 50 70972
6648637 44 9543
6317988 98 3549
1 95 82874
1094445653 79 82073
1312489159 100 55843
2585272591 70 97407
925749916 80 55075
12242127 79 40990
2708399318 4 81834
9101254 86 15010
884390953 66 62133
1789478284 83 70704
762048865 54 39440
65775171 35 12309
2858910 52 11017
106475245 93 17058
56135642 79 21233
573739856 72 48622
296229494 62 95998
44267849 45 19324
1074184381 82 70186
13022220 34 87619
7558829 26 9093
2493042957 51 81731
914056626 36 94122
722 29 60733
31981586 49 8556
592796048 100 87968
1720668 29 74429
4036587 43 13542
101557697 44 62875
64203587 49 23560
47050773 88 37529
7958656 81 67739
224701032 66 22243
23902110 10 11950
509405288 65 40577
87751090 31 38050
27835842 40 8690
1941634 59 29235
722016352 17 42075
81279791 80 29944
369183103 13 43158
2653006224 22 88139
469686072 8 67897
410083239 74 52420
2101194076 8 67645
1650553716 44 77703
1721437 3 2853
125453 85 40933
409444093 10 78924
859315165 29 56929
2646656971 61 81286
163233727 72 57136
602994203 74 50337
2279835551 23 67881
710610208 46 71264
1406857764 47 64785
1000081759 100 47583
639515590 17 46079
535129093 36 52718
997710334 7 56659
388869511 57 45807
97554869 52 46495
1942184588 81 81246
7992081 45 11526
710808647 45 57970
1077678155 81 48250
2729110344 84 86724
26759154 47 7340
2202726271 3 75978
716950038 46 72896
284608086 1 39740
238887201 95 96944
138928850 3 49074
96118 88 88221
61606644 80 26744
295709995 84 70437
1242714607 28 54578
48679295 14 19920
2830569000 70 83824
951604609 91 72780
1699919956 81 72235
537319693 80 58923
856041773 31 69870
480993129 14 70849
190479023 31 20918
44017412 87 17558
74115079 51 71848
43893165 23 17129
51883 81 4540
365527 26 6028
809015697 75 59148
1190270539 15 75475
22143457 46 9254
410715 20 2222
14180040 38 6846
38279744 15 51478
522510704 77 65605
687618 76 11489
284483583 30 81253
465034372 31 97744
16003489 39 39485
257024295 69 93413
517681 4 45457
774258337 71 75929
345442864 73 88309
1231032064 76 86599
8243034 16 10271
190166486 95 25572
89340624 29 25222
881255464 5 45935
84496025 34 71892
682407737 24 44322
63189307 89 33271
103272880 73 52958
2034119 29 3236
107854154 13 44786
31298659 60 87595
12572392 31 16463
55876325 44 19186
46050398 79 44122
7386313 66 9525
49764651 54 19655
43970225 92 14922
21844822 7 7803
90834752 33 19902
14968367 78 53834
127041001 58 26439
79024291 30 47787
685644247 32 45553
56780204 34 12983
2460889 66 3136
1220292669 35 95022
225635175 8 22122
1299903484 2 83730
3235899886 89 87180
3929823337 50 89903
262426329 100 96347
401743920 25 64037
54148782 91 14442
